"TimeCreated","Id","LevelDisplayName","ProviderName","Message"
"19-08-2026 14:09:53","7","Information","CLoggerSrvLogging","Default Recording device change ( Communications)  {0.0.1.00000000}.{ecf6848c-847e-4df1-a443-b782d271ccbe}  Headset Microphone (Plantronics Blackwire 3225 Series)  {2}.\\?\intelaudio#ctlr_dev_7728&linktype_06&devtype_06&ven_8086&dev_ae50&subsys_0ce81028&rev_0001#5&32640736&1&0604dif_000b&uif_0000#{6994ad04-93ef-11d0-a3cc-00a0c9223196}\intcusbtopocapture_f5f6047fc0580000_0"
"19-08-2026 14:09:53","7","Information","CLoggerSrvLogging","Default Recording device change ( Multimedia)  {0.0.1.00000000}.{ecf6848c-847e-4df1-a443-b782d271ccbe}  Headset Microphone (Plantronics Blackwire 3225 Series)  {2}.\\?\intelaudio#ctlr_dev_7728&linktype_06&devtype_06&ven_8086&dev_ae50&subsys_0ce81028&rev_0001#5&32640736&1&0604dif_000b&uif_0000#{6994ad04-93ef-11d0-a3cc-00a0c9223196}\intcusbtopocapture_f5f6047fc0580000_0"
"19-08-2026 14:09:53","7","Information","CLoggerSrvLogging","Default Recording device change ( Console)  {0.0.1.00000000}.{ecf6848c-847e-4df1-a443-b782d271ccbe}  Headset Microphone (Plantronics Blackwire 3225 Series)  {2}.\\?\intelaudio#ctlr_dev_7728&linktype_06&devtype_06&ven_8086&dev_ae50&subsys_0ce81028&rev_0001#5&32640736&1&0604dif_000b&uif_0000#{6994ad04-93ef-11d0-a3cc-00a0c9223196}\intcusbtopocapture_f5f6047fc0580000_0"
"19-08-2026 14:09:53","7","Information","CLoggerSrvLogging","Default Playback device change ( Communications)  {0.0.0.00000000}.{8be792fc-74bb-47db-9561-be1e35261fbb}  Headset Earphone (Plantronics Blackwire 3225 Series)  {2}.\\?\intelaudio#ctlr_dev_7728&linktype_06&devtype_06&ven_8086&dev_ae50&subsys_0ce81028&rev_0001#5&32640736&1&0604dif_000b&uif_0000#{6994ad04-93ef-11d0-a3cc-00a0c9223196}\intcusbtoporender_f5f6047fc0580000_1"
"19-08-2026 14:09:53","7","Information","CLoggerSrvLogging","Default Playback device change ( Multimedia)  {0.0.0.00000000}.{8be792fc-74bb-47db-9561-be1e35261fbb}  Headset Earphone (Plantronics Blackwire 3225 Series)  {2}.\\?\intelaudio#ctlr_dev_7728&linktype_06&devtype_06&ven_8086&dev_ae50&subsys_0ce81028&rev_0001#5&32640736&1&0604dif_000b&uif_0000#{6994ad04-93ef-11d0-a3cc-00a0c9223196}\intcusbtoporender_f5f6047fc0580000_1"
"19-08-2026 14:09:53","7","Information","CLoggerSrvLogging","Default Playback device change ( Console)  {0.0.0.00000000}.{8be792fc-74bb-47db-9561-be1e35261fbb}  Headset Earphone (Plantronics Blackwire 3225 Series)  {2}.\\?\intelaudio#ctlr_dev_7728&linktype_06&devtype_06&ven_8086&dev_ae50&subsys_0ce81028&rev_0001#5&32640736&1&0604dif_000b&uif_0000#{6994ad04-93ef-11d0-a3cc-00a0c9223196}\intcusbtoporender_f5f6047fc0580000_1"
"19-08-2026 13:17:33","2","Information","CLoggerSrvLogging","Endpoint unmute Endpoint id: {0.0.1.00000000}.{09dfa0d1-cc45-493b-929e-f589428755cb}"
"19-08-2026 13:17:09","2","Information","CLoggerSrvLogging","Endpoint unmute Endpoint id: {0.0.1.00000000}.{09dfa0d1-cc45-493b-929e-f589428755cb}"
"19-08-2026 13:17:09","2","Information","CLoggerSrvLogging","Endpoint unmute Endpoint id: {0.0.1.00000000}.{09dfa0d1-cc45-493b-929e-f589428755cb}"
"19-08-2026 13:17:07","2","Information","CLoggerSrvLogging","Endpoint unmute Endpoint id: {0.0.1.00000000}.{09dfa0d1-cc45-493b-929e-f589428755cb}"
"19-08-2026 13:17:07","2","Information","CLoggerSrvLogging","Endpoint unmute Endpoint id: {0.0.1.00000000}.{09dfa0d1-cc45-493b-929e-f589428755cb}"
"19-08-2026 13:17:05","2","Information","CLoggerSrvLogging","Endpoint unmute Endpoint id: {0.0.1.00000000}.{09dfa0d1-cc45-493b-929e-f589428755cb}"
"19-08-2026 13:17:05","2","Information","CLoggerSrvLogging","Endpoint unmute Endpoint id: {0.0.1.00000000}.{09dfa0d1-cc45-493b-929e-f589428755cb}"
"19-08-2026 13:17:05","2","Information","CLoggerSrvLogging","Endpoint unmute Endpoint id: {0.0.1.00000000}.{09dfa0d1-cc45-493b-929e-f589428755cb}"
"19-08-2026 13:17:05","2","Information","CLoggerSrvLogging","Endpoint unmute Endpoint id: {0.0.1.00000000}.{09dfa0d1-cc45-493b-929e-f589428755cb}"
"19-08-2026 13:16:42","2","Information","CLoggerSrvLogging","Endpoint unmute Endpoint id: {0.0.1.00000000}.{09dfa0d1-cc45-493b-929e-f589428755cb}"
"19-08-2026 13:16:40","2","Information","CLoggerSrvLogging","Endpoint unmute Endpoint id: {0.0.1.00000000}.{09dfa0d1-cc45-493b-929e-f589428755cb}"
"19-08-2026 13:16:40","2","Information","CLoggerSrvLogging","Endpoint unmute Endpoint id: {0.0.1.00000000}.{09dfa0d1-cc45-493b-929e-f589428755cb}"
"19-08-2026 13:16:40","2","Information","CLoggerSrvLogging","Endpoint unmute Endpoint id: {0.0.1.00000000}.{09dfa0d1-cc45-493b-929e-f589428755cb}"
"19-08-2026 13:16:39","2","Information","CLoggerSrvLogging","Endpoint unmute Endpoint id: {0.0.1.00000000}.{09dfa0d1-cc45-493b-929e-f589428755cb}"
"19-08-2026 13:16:38","2","Information","CLoggerSrvLogging","Endpoint unmute Endpoint id: {0.0.1.00000000}.{09dfa0d1-cc45-493b-929e-f589428755cb}"
"19-08-2026 13:16:37","2","Information","CLoggerSrvLogging","Endpoint unmute Endpoint id: {0.0.1.00000000}.{09dfa0d1-cc45-493b-929e-f589428755cb}"
"19-08-2026 13:16:37","2","Information","CLoggerSrvLogging","Endpoint unmute Endpoint id: {0.0.1.00000000}.{09dfa0d1-cc45-493b-929e-f589428755cb}"
"19-08-2026 13:16:34","2","Information","CLoggerSrvLogging","Endpoint unmute Endpoint id: {0.0.1.00000000}.{09dfa0d1-cc45-493b-929e-f589428755cb}"
"19-08-2026 13:16:33","2","Information","CLoggerSrvLogging","Endpoint unmute Endpoint id: {0.0.1.00000000}.{09dfa0d1-cc45-493b-929e-f589428755cb}"
"19-08-2026 13:16:33","2","Information","CLoggerSrvLogging","Endpoint unmute Endpoint id: {0.0.1.00000000}.{09dfa0d1-cc45-493b-929e-f589428755cb}"
"19-08-2026 13:16:33","2","Information","CLoggerSrvLogging","Endpoint unmute Endpoint id: {0.0.1.00000000}.{09dfa0d1-cc45-493b-929e-f589428755cb}"
"19-08-2026 13:16:33","2","Information","CLoggerSrvLogging","Endpoint unmute Endpoint id: {0.0.1.00000000}.{09dfa0d1-cc45-493b-929e-f589428755cb}"
"19-08-2026 13:16:33","2","Information","CLoggerSrvLogging","Endpoint unmute Endpoint id: {0.0.1.00000000}.{09dfa0d1-cc45-493b-929e-f589428755cb}"
"19-08-2026 13:16:32","2","Information","CLoggerSrvLogging","Endpoint unmute Endpoint id: {0.0.1.00000000}.{09dfa0d1-cc45-493b-929e-f589428755cb}"
"19-08-2026 13:16:31","2","Information","CLoggerSrvLogging","Endpoint unmute Endpoint id: {0.0.1.00000000}.{09dfa0d1-cc45-493b-929e-f589428755cb}"
"19-08-2026 13:16:31","2","Information","CLoggerSrvLogging","Endpoint unmute Endpoint id: {0.0.1.00000000}.{09dfa0d1-cc45-493b-929e-f589428755cb}"
"19-08-2026 13:16:31","2","Information","CLoggerSrvLogging","Endpoint unmute Endpoint id: {0.0.1.00000000}.{09dfa0d1-cc45-493b-929e-f589428755cb}"
"19-08-2026 13:16:30","2","Information","CLoggerSrvLogging","Endpoint unmute Endpoint id: {0.0.1.00000000}.{09dfa0d1-cc45-493b-929e-f589428755cb}"
"19-08-2026 13:16:30","2","Information","CLoggerSrvLogging","Endpoint unmute Endpoint id: {0.0.1.00000000}.{09dfa0d1-cc45-493b-929e-f589428755cb}"
"19-08-2026 13:16:30","2","Information","CLoggerSrvLogging","Endpoint unmute Endpoint id: {0.0.1.00000000}.{09dfa0d1-cc45-493b-929e-f589428755cb}"
"19-08-2026 13:16:30","2","Information","CLoggerSrvLogging","Endpoint unmute Endpoint id: {0.0.1.00000000}.{09dfa0d1-cc45-493b-929e-f589428755cb}"
"19-08-2026 13:16:07","2","Information","CLoggerSrvLogging","Endpoint unmute Endpoint id: {0.0.1.00000000}.{09dfa0d1-cc45-493b-929e-f589428755cb}"
"19-08-2026 13:16:07","2","Information","CLoggerSrvLogging","Endpoint unmute Endpoint id: {0.0.1.00000000}.{09dfa0d1-cc45-493b-929e-f589428755cb}"
"19-08-2026 13:15:52","2","Information","CLoggerSrvLogging","Endpoint unmute Endpoint id: {0.0.1.00000000}.{09dfa0d1-cc45-493b-929e-f589428755cb}"
"19-08-2026 13:15:50","2","Information","CLoggerSrvLogging","Endpoint unmute Endpoint id: {0.0.1.00000000}.{09dfa0d1-cc45-493b-929e-f589428755cb}"
"19-08-2026 13:15:50","2","Information","CLoggerSrvLogging","Endpoint unmute Endpoint id: {0.0.1.00000000}.{09dfa0d1-cc45-493b-929e-f589428755cb}"
"19-08-2026 13:15:47","2","Information","CLoggerSrvLogging","Endpoint unmute Endpoint id: {0.0.1.00000000}.{09dfa0d1-cc45-493b-929e-f589428755cb}"
"19-08-2026 13:15:47","2","Information","CLoggerSrvLogging","Endpoint unmute Endpoint id: {0.0.1.00000000}.{09dfa0d1-cc45-493b-929e-f589428755cb}"
"19-08-2026 13:15:47","2","Information","CLoggerSrvLogging","Endpoint unmute Endpoint id: {0.0.1.00000000}.{09dfa0d1-cc45-493b-929e-f589428755cb}"
"19-08-2026 13:15:46","2","Information","CLoggerSrvLogging","Endpoint unmute Endpoint id: {0.0.1.00000000}.{09dfa0d1-cc45-493b-929e-f589428755cb}"
"19-08-2026 13:15:46","2","Information","CLoggerSrvLogging","Endpoint unmute Endpoint id: {0.0.1.00000000}.{09dfa0d1-cc45-493b-929e-f589428755cb}"
"19-08-2026 13:15:45","2","Information","CLoggerSrvLogging","Endpoint unmute Endpoint id: {0.0.1.00000000}.{09dfa0d1-cc45-493b-929e-f589428755cb}"
"19-08-2026 13:15:44","2","Information","CLoggerSrvLogging","Endpoint unmute Endpoint id: {0.0.1.00000000}.{09dfa0d1-cc45-493b-929e-f589428755cb}"
"19-08-2026 13:15:44","2","Information","CLoggerSrvLogging","Endpoint unmute Endpoint id: {0.0.1.00000000}.{09dfa0d1-cc45-493b-929e-f589428755cb}"
"19-08-2026 13:15:44","2","Information","CLoggerSrvLogging","Endpoint unmute Endpoint id: {0.0.1.00000000}.{09dfa0d1-cc45-493b-929e-f589428755cb}"
"19-08-2026 13:15:43","2","Information","CLoggerSrvLogging","Endpoint unmute Endpoint id: {0.0.1.00000000}.{09dfa0d1-cc45-493b-929e-f589428755cb}"
"19-08-2026 13:15:42","2","Information","CLoggerSrvLogging","Endpoint unmute Endpoint id: {0.0.1.00000000}.{09dfa0d1-cc45-493b-929e-f589428755cb}"
"19-08-2026 13:15:42","2","Information","CLoggerSrvLogging","Endpoint unmute Endpoint id: {0.0.1.00000000}.{09dfa0d1-cc45-493b-929e-f589428755cb}"
"19-08-2026 13:15:41","2","Information","CLoggerSrvLogging","Endpoint unmute Endpoint id: {0.0.1.00000000}.{09dfa0d1-cc45-493b-929e-f589428755cb}"
"19-08-2026 13:15:40","2","Information","CLoggerSrvLogging","Endpoint unmute Endpoint id: {0.0.1.00000000}.{09dfa0d1-cc45-493b-929e-f589428755cb}"
"19-08-2026 13:15:40","2","Information","CLoggerSrvLogging","Endpoint unmute Endpoint id: {0.0.1.00000000}.{09dfa0d1-cc45-493b-929e-f589428755cb}"
"19-08-2026 13:15:39","2","Information","CLoggerSrvLogging","Endpoint unmute Endpoint id: {0.0.1.00000000}.{09dfa0d1-cc45-493b-929e-f589428755cb}"
"19-08-2026 13:15:13","2","Information","CLoggerSrvLogging","Endpoint unmute Endpoint id: {0.0.1.00000000}.{09dfa0d1-cc45-493b-929e-f589428755cb}"
"19-08-2026 13:15:08","2","Information","CLoggerSrvLogging","Endpoint unmute Endpoint id: {0.0.1.00000000}.{09dfa0d1-cc45-493b-929e-f589428755cb}"
"19-08-2026 13:15:00","2","Information","CLoggerSrvLogging","Endpoint unmute Endpoint id: {0.0.1.00000000}.{09dfa0d1-cc45-493b-929e-f589428755cb}"
"19-08-2026 13:14:56","2","Information","CLoggerSrvLogging","Endpoint unmute Endpoint id: {0.0.1.00000000}.{09dfa0d1-cc45-493b-929e-f589428755cb}"
"19-08-2026 13:14:56","2","Information","CLoggerSrvLogging","Endpoint unmute Endpoint id: {0.0.1.00000000}.{09dfa0d1-cc45-493b-929e-f589428755cb}"
"19-08-2026 13:14:56","2","Information","CLoggerSrvLogging","Endpoint unmute Endpoint id: {0.0.1.00000000}.{09dfa0d1-cc45-493b-929e-f589428755cb}"
"19-08-2026 13:14:52","2","Information","CLoggerSrvLogging","Endpoint unmute Endpoint id: {0.0.1.00000000}.{09dfa0d1-cc45-493b-929e-f589428755cb}"
"19-08-2026 13:14:52","2","Information","CLoggerSrvLogging","Endpoint unmute Endpoint id: {0.0.1.00000000}.{09dfa0d1-cc45-493b-929e-f589428755cb}"
"19-08-2026 13:14:28","2","Information","CLoggerSrvLogging","Endpoint unmute Endpoint id: {0.0.1.00000000}.{09dfa0d1-cc45-493b-929e-f589428755cb}"
"19-08-2026 13:14:28","2","Information","CLoggerSrvLogging","Endpoint unmute Endpoint id: {0.0.1.00000000}.{09dfa0d1-cc45-493b-929e-f589428755cb}"
"19-08-2026 13:14:26","2","Information","CLoggerSrvLogging","Endpoint unmute Endpoint id: {0.0.1.00000000}.{09dfa0d1-cc45-493b-929e-f589428755cb}"
"19-08-2026 13:14:26","2","Information","CLoggerSrvLogging","Endpoint unmute Endpoint id: {0.0.1.00000000}.{09dfa0d1-cc45-493b-929e-f589428755cb}"
"19-08-2026 13:14:26","2","Information","CLoggerSrvLogging","Endpoint unmute Endpoint id: {0.0.1.00000000}.{09dfa0d1-cc45-493b-929e-f589428755cb}"
"19-08-2026 13:14:23","2","Information","CLoggerSrvLogging","Endpoint unmute Endpoint id: {0.0.1.00000000}.{09dfa0d1-cc45-493b-929e-f589428755cb}"
"19-08-2026 13:14:23","2","Information","CLoggerSrvLogging","Endpoint unmute Endpoint id: {0.0.1.00000000}.{09dfa0d1-cc45-493b-929e-f589428755cb}"
"19-08-2026 13:14:19","2","Information","CLoggerSrvLogging","Endpoint unmute Endpoint id: {0.0.1.00000000}.{09dfa0d1-cc45-493b-929e-f589428755cb}"
"19-08-2026 13:14:19","2","Information","CLoggerSrvLogging","Endpoint unmute Endpoint id: {0.0.1.00000000}.{09dfa0d1-cc45-493b-929e-f589428755cb}"
"19-08-2026 13:14:18","2","Information","CLoggerSrvLogging","Endpoint unmute Endpoint id: {0.0.1.00000000}.{09dfa0d1-cc45-493b-929e-f589428755cb}"
"19-08-2026 11:17:53","2","Information","CLoggerSrvLogging","Endpoint unmute Endpoint id: {0.0.1.00000000}.{09dfa0d1-cc45-493b-929e-f589428755cb}"
"19-08-2026 11:17:45","2","Information","CLoggerSrvLogging","Endpoint unmute Endpoint id: {0.0.1.00000000}.{09dfa0d1-cc45-493b-929e-f589428755cb}"
"19-08-2026 11:17:44","2","Information","CLoggerSrvLogging","Endpoint unmute Endpoint id: {0.0.1.00000000}.{09dfa0d1-cc45-493b-929e-f589428755cb}"
"19-08-2026 11:17:43","2","Information","CLoggerSrvLogging","Endpoint unmute Endpoint id: {0.0.1.00000000}.{09dfa0d1-cc45-493b-929e-f589428755cb}"
"19-08-2026 11:17:43","2","Information","CLoggerSrvLogging","Endpoint unmute Endpoint id: {0.0.1.00000000}.{09dfa0d1-cc45-493b-929e-f589428755cb}"
"19-08-2026 11:17:43","2","Information","CLoggerSrvLogging","Endpoint unmute Endpoint id: {0.0.1.00000000}.{09dfa0d1-cc45-493b-929e-f589428755cb}"
"19-08-2026 11:17:43","2","Information","CLoggerSrvLogging","Endpoint unmute Endpoint id: {0.0.1.00000000}.{09dfa0d1-cc45-493b-929e-f589428755cb}"
"19-08-2026 11:17:43","2","Information","CLoggerSrvLogging","Endpoint unmute Endpoint id: {0.0.1.00000000}.{09dfa0d1-cc45-493b-929e-f589428755cb}"
"19-08-2026 11:17:43","2","Information","CLoggerSrvLogging","Endpoint unmute Endpoint id: {0.0.1.00000000}.{09dfa0d1-cc45-493b-929e-f589428755cb}"
"19-08-2026 11:17:43","2","Information","CLoggerSrvLogging","Endpoint unmute Endpoint id: {0.0.1.00000000}.{09dfa0d1-cc45-493b-929e-f589428755cb}"
"19-08-2026 11:17:42","2","Information","CLoggerSrvLogging","Endpoint unmute Endpoint id: {0.0.1.00000000}.{09dfa0d1-cc45-493b-929e-f589428755cb}"
"19-08-2026 11:17:42","2","Information","CLoggerSrvLogging","Endpoint unmute Endpoint id: {0.0.1.00000000}.{09dfa0d1-cc45-493b-929e-f589428755cb}"
"19-08-2026 11:17:41","2","Information","CLoggerSrvLogging","Endpoint unmute Endpoint id: {0.0.1.00000000}.{09dfa0d1-cc45-493b-929e-f589428755cb}"
"19-08-2026 11:17:41","2","Information","CLoggerSrvLogging","Endpoint unmute Endpoint id: {0.0.1.00000000}.{09dfa0d1-cc45-493b-929e-f589428755cb}"
"19-08-2026 11:17:40","2","Information","CLoggerSrvLogging","Endpoint unmute Endpoint id: {0.0.1.00000000}.{09dfa0d1-cc45-493b-929e-f589428755cb}"
"19-08-2026 11:17:40","2","Information","CLoggerSrvLogging","Endpoint unmute Endpoint id: {0.0.1.00000000}.{09dfa0d1-cc45-493b-929e-f589428755cb}"
"19-08-2026 11:17:39","2","Information","CLoggerSrvLogging","Endpoint unmute Endpoint id: {0.0.1.00000000}.{09dfa0d1-cc45-493b-929e-f589428755cb}"
"19-08-2026 11:17:36","2","Information","CLoggerSrvLogging","Endpoint unmute Endpoint id: {0.0.1.00000000}.{09dfa0d1-cc45-493b-929e-f589428755cb}"
"19-08-2026 11:17:36","2","Information","CLoggerSrvLogging","Endpoint unmute Endpoint id: {0.0.1.00000000}.{09dfa0d1-cc45-493b-929e-f589428755cb}"
"19-08-2026 11:17:31","2","Information","CLoggerSrvLogging","Endpoint unmute Endpoint id: {0.0.1.00000000}.{09dfa0d1-cc45-493b-929e-f589428755cb}"
"19-08-2026 11:17:31","2","Information","CLoggerSrvLogging","Endpoint unmute Endpoint id: {0.0.1.00000000}.{09dfa0d1-cc45-493b-929e-f589428755cb}"
"19-08-2026 11:17:31","2","Information","CLoggerSrvLogging","Endpoint unmute Endpoint id: {0.0.1.00000000}.{09dfa0d1-cc45-493b-929e-f589428755cb}"
"19-08-2026 11:17:31","2","Information","CLoggerSrvLogging","Endpoint unmute Endpoint id: {0.0.1.00000000}.{09dfa0d1-cc45-493b-929e-f589428755cb}"
"19-08-2026 11:17:31","2","Information","CLoggerSrvLogging","Endpoint unmute Endpoint id: {0.0.1.00000000}.{09dfa0d1-cc45-493b-929e-f589428755cb}"
"19-08-2026 11:17:09","2","Information","CLoggerSrvLogging","Endpoint unmute Endpoint id: {0.0.1.00000000}.{09dfa0d1-cc45-493b-929e-f589428755cb}"
"19-08-2026 11:17:06","2","Information","CLoggerSrvLogging","Endpoint unmute Endpoint id: {0.0.1.00000000}.{09dfa0d1-cc45-493b-929e-f589428755cb}"
"19-08-2026 11:17:06","2","Information","CLoggerSrvLogging","Endpoint unmute Endpoint id: {0.0.1.00000000}.{09dfa0d1-cc45-493b-929e-f589428755cb}"
"19-08-2026 11:17:00","2","Information","CLoggerSrvLogging","Endpoint unmute Endpoint id: {0.0.1.00000000}.{09dfa0d1-cc45-493b-929e-f589428755cb}"
"19-08-2026 11:17:00","2","Information","CLoggerSrvLogging","Endpoint unmute Endpoint id: {0.0.1.00000000}.{09dfa0d1-cc45-493b-929e-f589428755cb}"
"19-08-2026 11:16:55","2","Information","CLoggerSrvLogging","Endpoint unmute Endpoint id: {0.0.1.00000000}.{09dfa0d1-cc45-493b-929e-f589428755cb}"
"19-08-2026 11:16:55","2","Information","CLoggerSrvLogging","Endpoint unmute Endpoint id: {0.0.1.00000000}.{09dfa0d1-cc45-493b-929e-f589428755cb}"
"19-08-2026 11:16:54","2","Information","CLoggerSrvLogging","Endpoint unmute Endpoint id: {0.0.1.00000000}.{09dfa0d1-cc45-493b-929e-f589428755cb}"
"19-08-2026 11:16:54","2","Information","CLoggerSrvLogging","Endpoint unmute Endpoint id: {0.0.1.00000000}.{09dfa0d1-cc45-493b-929e-f589428755cb}"
"19-08-2026 11:16:53","2","Information","CLoggerSrvLogging","Endpoint unmute Endpoint id: {0.0.1.00000000}.{09dfa0d1-cc45-493b-929e-f589428755cb}"
"19-08-2026 11:16:53","2","Information","CLoggerSrvLogging","Endpoint unmute Endpoint id: {0.0.1.00000000}.{09dfa0d1-cc45-493b-929e-f589428755cb}"
"19-08-2026 11:16:53","2","Information","CLoggerSrvLogging","Endpoint unmute Endpoint id: {0.0.1.00000000}.{09dfa0d1-cc45-493b-929e-f589428755cb}"
"19-08-2026 11:16:52","2","Information","CLoggerSrvLogging","Endpoint unmute Endpoint id: {0.0.1.00000000}.{09dfa0d1-cc45-493b-929e-f589428755cb}"
"19-08-2026 11:16:52","2","Information","CLoggerSrvLogging","Endpoint unmute Endpoint id: {0.0.1.00000000}.{09dfa0d1-cc45-493b-929e-f589428755cb}"
"19-08-2026 11:16:52","2","Information","CLoggerSrvLogging","Endpoint unmute Endpoint id: {0.0.1.00000000}.{09dfa0d1-cc45-493b-929e-f589428755cb}"
"19-08-2026 11:16:30","2","Information","CLoggerSrvLogging","Endpoint unmute Endpoint id: {0.0.1.00000000}.{09dfa0d1-cc45-493b-929e-f589428755cb}"
"19-08-2026 11:16:30","2","Information","CLoggerSrvLogging","Endpoint unmute Endpoint id: {0.0.1.00000000}.{09dfa0d1-cc45-493b-929e-f589428755cb}"
"19-08-2026 11:16:26","2","Information","CLoggerSrvLogging","Endpoint unmute Endpoint id: {0.0.1.00000000}.{09dfa0d1-cc45-493b-929e-f589428755cb}"
"19-08-2026 11:16:19","2","Information","CLoggerSrvLogging","Endpoint unmute Endpoint id: {0.0.1.00000000}.{09dfa0d1-cc45-493b-929e-f589428755cb}"
"19-08-2026 11:16:19","2","Information","CLoggerSrvLogging","Endpoint unmute Endpoint id: {0.0.1.00000000}.{09dfa0d1-cc45-493b-929e-f589428755cb}"
"19-08-2026 11:16:19","2","Information","CLoggerSrvLogging","Endpoint unmute Endpoint id: {0.0.1.00000000}.{09dfa0d1-cc45-493b-929e-f589428755cb}"
"19-08-2026 11:16:19","2","Information","CLoggerSrvLogging","Endpoint unmute Endpoint id: {0.0.1.00000000}.{09dfa0d1-cc45-493b-929e-f589428755cb}"
"19-08-2026 11:16:15","2","Information","CLoggerSrvLogging","Endpoint unmute Endpoint id: {0.0.1.00000000}.{09dfa0d1-cc45-493b-929e-f589428755cb}"
"19-08-2026 11:16:15","2","Information","CLoggerSrvLogging","Endpoint unmute Endpoint id: {0.0.1.00000000}.{09dfa0d1-cc45-493b-929e-f589428755cb}"
"19-08-2026 11:16:15","2","Information","CLoggerSrvLogging","Endpoint unmute Endpoint id: {0.0.1.00000000}.{09dfa0d1-cc45-493b-929e-f589428755cb}"
"19-08-2026 11:16:15","2","Information","CLoggerSrvLogging","Endpoint unmute Endpoint id: {0.0.1.00000000}.{09dfa0d1-cc45-493b-929e-f589428755cb}"
"19-08-2026 11:16:11","2","Information","CLoggerSrvLogging","Endpoint unmute Endpoint id: {0.0.1.00000000}.{09dfa0d1-cc45-493b-929e-f589428755cb}"
"19-08-2026 11:16:11","2","Information","CLoggerSrvLogging","Endpoint unmute Endpoint id: {0.0.1.00000000}.{09dfa0d1-cc45-493b-929e-f589428755cb}"
"19-08-2026 11:16:10","2","Information","CLoggerSrvLogging","Endpoint unmute Endpoint id: {0.0.1.00000000}.{09dfa0d1-cc45-493b-929e-f589428755cb}"
"19-08-2026 11:16:09","2","Information","CLoggerSrvLogging","Endpoint unmute Endpoint id: {0.0.1.00000000}.{09dfa0d1-cc45-493b-929e-f589428755cb}"
"19-08-2026 11:16:09","2","Information","CLoggerSrvLogging","Endpoint unmute Endpoint id: {0.0.1.00000000}.{09dfa0d1-cc45-493b-929e-f589428755cb}"
"19-08-2026 11:16:08","2","Information","CLoggerSrvLogging","Endpoint unmute Endpoint id: {0.0.1.00000000}.{09dfa0d1-cc45-493b-929e-f589428755cb}"
"19-08-2026 11:16:08","2","Information","CLoggerSrvLogging","Endpoint unmute Endpoint id: {0.0.1.00000000}.{09dfa0d1-cc45-493b-929e-f589428755cb}"
"19-08-2026 11:16:08","2","Information","CLoggerSrvLogging","Endpoint unmute Endpoint id: {0.0.1.00000000}.{09dfa0d1-cc45-493b-929e-f589428755cb}"
"19-08-2026 11:16:07","2","Information","CLoggerSrvLogging","Endpoint unmute Endpoint id: {0.0.1.00000000}.{09dfa0d1-cc45-493b-929e-f589428755cb}"
"19-08-2026 11:16:03","2","Information","CLoggerSrvLogging","Endpoint unmute Endpoint id: {0.0.1.00000000}.{09dfa0d1-cc45-493b-929e-f589428755cb}"
"19-08-2026 11:15:58","2","Information","CLoggerSrvLogging","Endpoint unmute Endpoint id: {0.0.1.00000000}.{09dfa0d1-cc45-493b-929e-f589428755cb}"
"19-08-2026 11:15:58","2","Information","CLoggerSrvLogging","Endpoint unmute Endpoint id: {0.0.1.00000000}.{09dfa0d1-cc45-493b-929e-f589428755cb}"
"19-08-2026 11:15:57","2","Information","CLoggerSrvLogging","Endpoint unmute Endpoint id: {0.0.1.00000000}.{09dfa0d1-cc45-493b-929e-f589428755cb}"
"19-08-2026 11:15:33","2","Information","CLoggerSrvLogging","Endpoint unmute Endpoint id: {0.0.1.00000000}.{09dfa0d1-cc45-493b-929e-f589428755cb}"
"19-08-2026 11:15:26","2","Information","CLoggerSrvLogging","Endpoint unmute Endpoint id: {0.0.1.00000000}.{09dfa0d1-cc45-493b-929e-f589428755cb}"
"19-08-2026 11:15:21","2","Information","CLoggerSrvLogging","Endpoint unmute Endpoint id: {0.0.1.00000000}.{09dfa0d1-cc45-493b-929e-f589428755cb}"
"19-08-2026 11:15:21","2","Information","CLoggerSrvLogging","Endpoint unmute Endpoint id: {0.0.1.00000000}.{09dfa0d1-cc45-493b-929e-f589428755cb}"
"19-08-2026 11:15:21","2","Information","CLoggerSrvLogging","Endpoint unmute Endpoint id: {0.0.1.00000000}.{09dfa0d1-cc45-493b-929e-f589428755cb}"
"19-08-2026 11:15:13","2","Information","CLoggerSrvLogging","Endpoint unmute Endpoint id: {0.0.1.00000000}.{09dfa0d1-cc45-493b-929e-f589428755cb}"
"19-08-2026 11:15:13","2","Information","CLoggerSrvLogging","Endpoint unmute Endpoint id: {0.0.1.00000000}.{09dfa0d1-cc45-493b-929e-f589428755cb}"
"19-08-2026 11:15:12","2","Information","CLoggerSrvLogging","Endpoint unmute Endpoint id: {0.0.1.00000000}.{09dfa0d1-cc45-493b-929e-f589428755cb}"
"19-08-2026 11:15:12","2","Information","CLoggerSrvLogging","Endpoint unmute Endpoint id: {0.0.1.00000000}.{09dfa0d1-cc45-493b-929e-f589428755cb}"
"19-08-2026 11:15:11","2","Information","CLoggerSrvLogging","Endpoint unmute Endpoint id: {0.0.1.00000000}.{09dfa0d1-cc45-493b-929e-f589428755cb}"
"19-08-2026 11:15:09","2","Information","CLoggerSrvLogging","Endpoint unmute Endpoint id: {0.0.1.00000000}.{09dfa0d1-cc45-493b-929e-f589428755cb}"
"19-08-2026 11:15:09","2","Information","CLoggerSrvLogging","Endpoint unmute Endpoint id: {0.0.1.00000000}.{09dfa0d1-cc45-493b-929e-f589428755cb}"
"19-08-2026 09:56:35","6","Information","CLoggerSrvLogging","Jack 0 unplug"
"19-08-2026 09:56:35","2","Information","CLoggerSrvLogging","Endpoint unmute Endpoint id: {0.0.1.00000000}.{09dfa0d1-cc45-493b-929e-f589428755cb}"
"18-08-2026 19:06:13","7","Information","CLoggerSrvLogging","Default Recording device change ( Communications)  {0.0.1.00000000}.{09dfa0d1-cc45-493b-929e-f589428755cb}  Microphone Array on SoundWire Device (Cirrus Logic XU)  {2}.\\?\soundwire#sdca_06&man_01fa&func_4243&type_03&ver_01&adr_02&lid_00&uid_00&subsys_0ce81028&dynamicenummicrophone0#8&b76481&0&00000400#{6994ad04-93ef-11d0-a3cc-00a0c9223196}\microphone0"
"18-08-2026 19:06:13","7","Information","CLoggerSrvLogging","Default Recording device change ( Multimedia)  {0.0.1.00000000}.{09dfa0d1-cc45-493b-929e-f589428755cb}  Microphone Array on SoundWire Device (Cirrus Logic XU)  {2}.\\?\soundwire#sdca_06&man_01fa&func_4243&type_03&ver_01&adr_02&lid_00&uid_00&subsys_0ce81028&dynamicenummicrophone0#8&b76481&0&00000400#{6994ad04-93ef-11d0-a3cc-00a0c9223196}\microphone0"
"18-08-2026 19:06:13","7","Information","CLoggerSrvLogging","Default Recording device change ( Console)  {0.0.1.00000000}.{09dfa0d1-cc45-493b-929e-f589428755cb}  Microphone Array on SoundWire Device (Cirrus Logic XU)  {2}.\\?\soundwire#sdca_06&man_01fa&func_4243&type_03&ver_01&adr_02&lid_00&uid_00&subsys_0ce81028&dynamicenummicrophone0#8&b76481&0&00000400#{6994ad04-93ef-11d0-a3cc-00a0c9223196}\microphone0"
"18-08-2026 19:06:13","7","Information","CLoggerSrvLogging","Default Playback device change ( Communications)  {0.0.0.00000000}.{45d28dc2-5526-4063-98de-2b18fc40ed90}  Speakers (4- Cirrus Logic XU)  {2}.\\?\soundwire#sdca_06&man_01fa&func_4243&type_01&ver_01&adr_01&lid_00&uid_00&subsys_0ce81028&dynamicenumspeaker0#8&b83798c&0&00000c00#{6994ad04-93ef-11d0-a3cc-00a0c9223196}\speaker0"
"18-08-2026 19:06:13","7","Information","CLoggerSrvLogging","Default Playback device change ( Multimedia)  {0.0.0.00000000}.{45d28dc2-5526-4063-98de-2b18fc40ed90}  Speakers (4- Cirrus Logic XU)  {2}.\\?\soundwire#sdca_06&man_01fa&func_4243&type_01&ver_01&adr_01&lid_00&uid_00&subsys_0ce81028&dynamicenumspeaker0#8&b83798c&0&00000c00#{6994ad04-93ef-11d0-a3cc-00a0c9223196}\speaker0"
"18-08-2026 19:06:13","7","Information","CLoggerSrvLogging","Default Playback device change ( Console)  {0.0.0.00000000}.{45d28dc2-5526-4063-98de-2b18fc40ed90}  Speakers (4- Cirrus Logic XU)  {2}.\\?\soundwire#sdca_06&man_01fa&func_4243&type_01&ver_01&adr_01&lid_00&uid_00&subsys_0ce81028&dynamicenumspeaker0#8&b83798c&0&00000c00#{6994ad04-93ef-11d0-a3cc-00a0c9223196}\speaker0"
"18-08-2026 18:32:39","2","Information","CLoggerSrvLogging","Endpoint unmute Endpoint id: {0.0.1.00000000}.{ecf6848c-847e-4df1-a443-b782d271ccbe}"
"18-08-2026 18:32:35","2","Information","CLoggerSrvLogging","Endpoint unmute Endpoint id: {0.0.1.00000000}.{ecf6848c-847e-4df1-a443-b782d271ccbe}"
"18-08-2026 16:57:10","2","Information","CLoggerSrvLogging","Endpoint unmute Endpoint id: {0.0.1.00000000}.{ecf6848c-847e-4df1-a443-b782d271ccbe}"
"18-08-2026 16:56:43","2","Information","CLoggerSrvLogging","Endpoint unmute Endpoint id: {0.0.1.00000000}.{ecf6848c-847e-4df1-a443-b782d271ccbe}"
"18-08-2026 16:36:47","2","Information","CLoggerSrvLogging","Endpoint unmute Endpoint id: {0.0.1.00000000}.{09dfa0d1-cc45-493b-929e-f589428755cb}"
"18-08-2026 16:36:47","7","Information","CLoggerSrvLogging","Default Playback device change ( Communications)  {0.0.0.00000000}.{8be792fc-74bb-47db-9561-be1e35261fbb}  Headset Earphone (Plantronics Blackwire 3225 Series)  {2}.\\?\intelaudio#ctlr_dev_7728&linktype_06&devtype_06&ven_8086&dev_ae50&subsys_0ce81028&rev_0001#5&32640736&1&0604dif_000b&uif_0000#{6994ad04-93ef-11d0-a3cc-00a0c9223196}\intcusbtoporender_f5f6047fc0580000_1"
"18-08-2026 16:36:47","7","Information","CLoggerSrvLogging","Default Playback device change ( Multimedia)  {0.0.0.00000000}.{8be792fc-74bb-47db-9561-be1e35261fbb}  Headset Earphone (Plantronics Blackwire 3225 Series)  {2}.\\?\intelaudio#ctlr_dev_7728&linktype_06&devtype_06&ven_8086&dev_ae50&subsys_0ce81028&rev_0001#5&32640736&1&0604dif_000b&uif_0000#{6994ad04-93ef-11d0-a3cc-00a0c9223196}\intcusbtoporender_f5f6047fc0580000_1"
"18-08-2026 16:36:47","7","Information","CLoggerSrvLogging","Default Playback device change ( Console)  {0.0.0.00000000}.{8be792fc-74bb-47db-9561-be1e35261fbb}  Headset Earphone (Plantronics Blackwire 3225 Series)  {2}.\\?\intelaudio#ctlr_dev_7728&linktype_06&devtype_06&ven_8086&dev_ae50&subsys_0ce81028&rev_0001#5&32640736&1&0604dif_000b&uif_0000#{6994ad04-93ef-11d0-a3cc-00a0c9223196}\intcusbtoporender_f5f6047fc0580000_1"
"18-08-2026 16:36:47","7","Information","CLoggerSrvLogging","Default Recording device change ( Communications)  {0.0.1.00000000}.{ecf6848c-847e-4df1-a443-b782d271ccbe}  Headset Microphone (Plantronics Blackwire 3225 Series)  {2}.\\?\intelaudio#ctlr_dev_7728&linktype_06&devtype_06&ven_8086&dev_ae50&subsys_0ce81028&rev_0001#5&32640736&1&0604dif_000b&uif_0000#{6994ad04-93ef-11d0-a3cc-00a0c9223196}\intcusbtopocapture_f5f6047fc0580000_0"
"18-08-2026 16:36:47","7","Information","CLoggerSrvLogging","Default Recording device change ( Multimedia)  {0.0.1.00000000}.{ecf6848c-847e-4df1-a443-b782d271ccbe}  Headset Microphone (Plantronics Blackwire 3225 Series)  {2}.\\?\intelaudio#ctlr_dev_7728&linktype_06&devtype_06&ven_8086&dev_ae50&subsys_0ce81028&rev_0001#5&32640736&1&0604dif_000b&uif_0000#{6994ad04-93ef-11d0-a3cc-00a0c9223196}\intcusbtopocapture_f5f6047fc0580000_0"
"18-08-2026 16:36:47","7","Information","CLoggerSrvLogging","Default Recording device change ( Console)  {0.0.1.00000000}.{ecf6848c-847e-4df1-a443-b782d271ccbe}  Headset Microphone (Plantronics Blackwire 3225 Series)  {2}.\\?\intelaudio#ctlr_dev_7728&linktype_06&devtype_06&ven_8086&dev_ae50&subsys_0ce81028&rev_0001#5&32640736&1&0604dif_000b&uif_0000#{6994ad04-93ef-11d0-a3cc-00a0c9223196}\intcusbtopocapture_f5f6047fc0580000_0"
"18-08-2026 16:36:42","2","Information","CLoggerSrvLogging","Endpoint unmute Endpoint id: {0.0.1.00000000}.{09dfa0d1-cc45-493b-929e-f589428755cb}"
"18-08-2026 16:36:42","2","Information","CLoggerSrvLogging","Endpoint unmute Endpoint id: {0.0.1.00000000}.{09dfa0d1-cc45-493b-929e-f589428755cb}"
"18-08-2026 16:36:41","2","Information","CLoggerSrvLogging","Endpoint unmute Endpoint id: {0.0.1.00000000}.{09dfa0d1-cc45-493b-929e-f589428755cb}"
"18-08-2026 16:36:18","2","Information","CLoggerSrvLogging","Endpoint unmute Endpoint id: {0.0.1.00000000}.{09dfa0d1-cc45-493b-929e-f589428755cb}"
"18-08-2026 16:36:16","2","Information","CLoggerSrvLogging","Endpoint unmute Endpoint id: {0.0.1.00000000}.{09dfa0d1-cc45-493b-929e-f589428755cb}"
"18-08-2026 16:36:09","2","Information","CLoggerSrvLogging","Endpoint unmute Endpoint id: {0.0.1.00000000}.{09dfa0d1-cc45-493b-929e-f589428755cb}"
"18-08-2026 16:36:04","2","Information","CLoggerSrvLogging","Endpoint unmute Endpoint id: {0.0.1.00000000}.{09dfa0d1-cc45-493b-929e-f589428755cb}"
"18-08-2026 16:35:57","2","Information","CLoggerSrvLogging","Endpoint unmute Endpoint id: {0.0.1.00000000}.{09dfa0d1-cc45-493b-929e-f589428755cb}"
"18-08-2026 16:35:54","2","Information","CLoggerSrvLogging","Endpoint unmute Endpoint id: {0.0.1.00000000}.{09dfa0d1-cc45-493b-929e-f589428755cb}"
"18-08-2026 16:35:54","2","Information","CLoggerSrvLogging","Endpoint unmute Endpoint id: {0.0.1.00000000}.{09dfa0d1-cc45-493b-929e-f589428755cb}"
"18-08-2026 16:35:52","2","Information","CLoggerSrvLogging","Endpoint unmute Endpoint id: {0.0.1.00000000}.{09dfa0d1-cc45-493b-929e-f589428755cb}"
"18-08-2026 16:35:52","2","Information","CLoggerSrvLogging","Endpoint unmute Endpoint id: {0.0.1.00000000}.{09dfa0d1-cc45-493b-929e-f589428755cb}"
"18-08-2026 16:35:52","2","Information","CLoggerSrvLogging","Endpoint unmute Endpoint id: {0.0.1.00000000}.{09dfa0d1-cc45-493b-929e-f589428755cb}"
"18-08-2026 16:35:51","2","Information","CLoggerSrvLogging","Endpoint unmute Endpoint id: {0.0.1.00000000}.{09dfa0d1-cc45-493b-929e-f589428755cb}"
"18-08-2026 16:35:50","2","Information","CLoggerSrvLogging","Endpoint unmute Endpoint id: {0.0.1.00000000}.{09dfa0d1-cc45-493b-929e-f589428755cb}"
"18-08-2026 16:35:50","2","Information","CLoggerSrvLogging","Endpoint unmute Endpoint id: {0.0.1.00000000}.{09dfa0d1-cc45-493b-929e-f589428755cb}"
"18-08-2026 16:35:49","2","Information","CLoggerSrvLogging","Endpoint unmute Endpoint id: {0.0.1.00000000}.{09dfa0d1-cc45-493b-929e-f589428755cb}"
"18-08-2026 16:35:49","2","Information","CLoggerSrvLogging","Endpoint unmute Endpoint id: {0.0.1.00000000}.{09dfa0d1-cc45-493b-929e-f589428755cb}"
"18-08-2026 16:35:48","2","Information","CLoggerSrvLogging","Endpoint unmute Endpoint id: {0.0.1.00000000}.{09dfa0d1-cc45-493b-929e-f589428755cb}"
"18-08-2026 16:35:48","2","Information","CLoggerSrvLogging","Endpoint unmute Endpoint id: {0.0.1.00000000}.{09dfa0d1-cc45-493b-929e-f589428755cb}"
"18-08-2026 16:35:47","2","Information","CLoggerSrvLogging","Endpoint unmute Endpoint id: {0.0.1.00000000}.{09dfa0d1-cc45-493b-929e-f589428755cb}"
"18-08-2026 16:35:46","2","Information","CLoggerSrvLogging","Endpoint unmute Endpoint id: {0.0.1.00000000}.{09dfa0d1-cc45-493b-929e-f589428755cb}"
"18-08-2026 16:35:46","2","Information","CLoggerSrvLogging","Endpoint unmute Endpoint id: {0.0.1.00000000}.{09dfa0d1-cc45-493b-929e-f589428755cb}"
"18-08-2026 16:35:45","2","Information","CLoggerSrvLogging","Endpoint unmute Endpoint id: {0.0.1.00000000}.{09dfa0d1-cc45-493b-929e-f589428755cb}"
"18-08-2026 16:35:44","2","Information","CLoggerSrvLogging","Endpoint unmute Endpoint id: {0.0.1.00000000}.{09dfa0d1-cc45-493b-929e-f589428755cb}"
"18-08-2026 16:35:43","2","Information","CLoggerSrvLogging","Endpoint unmute Endpoint id: {0.0.1.00000000}.{09dfa0d1-cc45-493b-929e-f589428755cb}"
"18-08-2026 16:35:40","2","Information","CLoggerSrvLogging","Endpoint unmute Endpoint id: {0.0.1.00000000}.{09dfa0d1-cc45-493b-929e-f589428755cb}"
"18-08-2026 16:35:40","2","Information","CLoggerSrvLogging","Endpoint unmute Endpoint id: {0.0.1.00000000}.{09dfa0d1-cc45-493b-929e-f589428755cb}"
"18-08-2026 16:35:39","2","Information","CLoggerSrvLogging","Endpoint unmute Endpoint id: {0.0.1.00000000}.{09dfa0d1-cc45-493b-929e-f589428755cb}"
"18-08-2026 16:35:39","2","Information","CLoggerSrvLogging","Endpoint unmute Endpoint id: {0.0.1.00000000}.{09dfa0d1-cc45-493b-929e-f589428755cb}"
"18-08-2026 16:35:39","2","Information","CLoggerSrvLogging","Endpoint unmute Endpoint id: {0.0.1.00000000}.{09dfa0d1-cc45-493b-929e-f589428755cb}"
"18-08-2026 16:35:39","2","Information","CLoggerSrvLogging","Endpoint unmute Endpoint id: {0.0.1.00000000}.{09dfa0d1-cc45-493b-929e-f589428755cb}"
"18-08-2026 16:35:39","2","Information","CLoggerSrvLogging","Endpoint unmute Endpoint id: {0.0.1.00000000}.{09dfa0d1-cc45-493b-929e-f589428755cb}"
"18-08-2026 16:35:39","2","Information","CLoggerSrvLogging","Endpoint unmute Endpoint id: {0.0.1.00000000}.{09dfa0d1-cc45-493b-929e-f589428755cb}"
"18-08-2026 16:35:38","2","Information","CLoggerSrvLogging","Endpoint unmute Endpoint id: {0.0.1.00000000}.{09dfa0d1-cc45-493b-929e-f589428755cb}"
"18-08-2026 16:35:38","2","Information","CLoggerSrvLogging","Endpoint unmute Endpoint id: {0.0.1.00000000}.{09dfa0d1-cc45-493b-929e-f589428755cb}"
"18-08-2026 16:35:37","2","Information","CLoggerSrvLogging","Endpoint unmute Endpoint id: {0.0.1.00000000}.{09dfa0d1-cc45-493b-929e-f589428755cb}"
"18-08-2026 16:35:37","2","Information","CLoggerSrvLogging","Endpoint unmute Endpoint id: {0.0.1.00000000}.{09dfa0d1-cc45-493b-929e-f589428755cb}"
"18-08-2026 16:35:36","2","Information","CLoggerSrvLogging","Endpoint unmute Endpoint id: {0.0.1.00000000}.{09dfa0d1-cc45-493b-929e-f589428755cb}"
"18-08-2026 16:35:35","2","Information","CLoggerSrvLogging","Endpoint unmute Endpoint id: {0.0.1.00000000}.{09dfa0d1-cc45-493b-929e-f589428755cb}"
"18-08-2026 16:35:34","2","Information","CLoggerSrvLogging","Endpoint unmute Endpoint id: {0.0.1.00000000}.{09dfa0d1-cc45-493b-929e-f589428755cb}"
"18-08-2026 16:35:34","2","Information","CLoggerSrvLogging","Endpoint unmute Endpoint id: {0.0.1.00000000}.{09dfa0d1-cc45-493b-929e-f589428755cb}"
"18-08-2026 16:35:34","2","Information","CLoggerSrvLogging","Endpoint unmute Endpoint id: {0.0.1.00000000}.{09dfa0d1-cc45-493b-929e-f589428755cb}"
"18-08-2026 16:35:34","2","Information","CLoggerSrvLogging","Endpoint unmute Endpoint id: {0.0.1.00000000}.{09dfa0d1-cc45-493b-929e-f589428755cb}"
"18-08-2026 16:35:31","2","Information","CLoggerSrvLogging","Endpoint unmute Endpoint id: {0.0.1.00000000}.{09dfa0d1-cc45-493b-929e-f589428755cb}"
"18-08-2026 16:35:09","2","Information","CLoggerSrvLogging","Endpoint unmute Endpoint id: {0.0.1.00000000}.{09dfa0d1-cc45-493b-929e-f589428755cb}"
"18-08-2026 16:35:09","2","Information","CLoggerSrvLogging","Endpoint unmute Endpoint id: {0.0.1.00000000}.{09dfa0d1-cc45-493b-929e-f589428755cb}"
"18-08-2026 16:34:52","2","Information","CLoggerSrvLogging","Endpoint unmute Endpoint id: {0.0.1.00000000}.{09dfa0d1-cc45-493b-929e-f589428755cb}"
"18-08-2026 16:34:52","2","Information","CLoggerSrvLogging","Endpoint unmute Endpoint id: {0.0.1.00000000}.{09dfa0d1-cc45-493b-929e-f589428755cb}"
"18-08-2026 16:34:52","2","Information","CLoggerSrvLogging","Endpoint unmute Endpoint id: {0.0.1.00000000}.{09dfa0d1-cc45-493b-929e-f589428755cb}"
"18-08-2026 16:34:52","2","Information","CLoggerSrvLogging","Endpoint unmute Endpoint id: {0.0.1.00000000}.{09dfa0d1-cc45-493b-929e-f589428755cb}"
"18-08-2026 16:34:35","2","Information","CLoggerSrvLogging","Endpoint unmute Endpoint id: {0.0.1.00000000}.{09dfa0d1-cc45-493b-929e-f589428755cb}"
"18-08-2026 16:34:35","2","Information","CLoggerSrvLogging","Endpoint unmute Endpoint id: {0.0.1.00000000}.{09dfa0d1-cc45-493b-929e-f589428755cb}"
"18-08-2026 16:34:35","2","Information","CLoggerSrvLogging","Endpoint unmute Endpoint id: {0.0.1.00000000}.{09dfa0d1-cc45-493b-929e-f589428755cb}"
"18-08-2026 16:34:35","2","Information","CLoggerSrvLogging","Endpoint unmute Endpoint id: {0.0.1.00000000}.{09dfa0d1-cc45-493b-929e-f589428755cb}"
"18-08-2026 16:34:34","2","Information","CLoggerSrvLogging","Endpoint unmute Endpoint id: {0.0.1.00000000}.{09dfa0d1-cc45-493b-929e-f589428755cb}"
"18-08-2026 16:34:33","2","Information","CLoggerSrvLogging","Endpoint unmute Endpoint id: {0.0.1.00000000}.{09dfa0d1-cc45-493b-929e-f589428755cb}"
"18-08-2026 16:34:33","7","Information","CLoggerSrvLogging","Default Recording device change ( Communications)  {0.0.1.00000000}.{09dfa0d1-cc45-493b-929e-f589428755cb}  Microphone Array on SoundWire Device (Cirrus Logic XU)  {2}.\\?\soundwire#sdca_06&man_01fa&func_4243&type_03&ver_01&adr_02&lid_00&uid_00&subsys_0ce81028&dynamicenummicrophone0#8&b76481&0&00000400#{6994ad04-93ef-11d0-a3cc-00a0c9223196}\microphone0"
"18-08-2026 16:34:33","7","Information","CLoggerSrvLogging","Default Recording device change ( Multimedia)  {0.0.1.00000000}.{09dfa0d1-cc45-493b-929e-f589428755cb}  Microphone Array on SoundWire Device (Cirrus Logic XU)  {2}.\\?\soundwire#sdca_06&man_01fa&func_4243&type_03&ver_01&adr_02&lid_00&uid_00&subsys_0ce81028&dynamicenummicrophone0#8&b76481&0&00000400#{6994ad04-93ef-11d0-a3cc-00a0c9223196}\microphone0"
"18-08-2026 16:34:33","7","Information","CLoggerSrvLogging","Default Recording device change ( Console)  {0.0.1.00000000}.{09dfa0d1-cc45-493b-929e-f589428755cb}  Microphone Array on SoundWire Device (Cirrus Logic XU)  {2}.\\?\soundwire#sdca_06&man_01fa&func_4243&type_03&ver_01&adr_02&lid_00&uid_00&subsys_0ce81028&dynamicenummicrophone0#8&b76481&0&00000400#{6994ad04-93ef-11d0-a3cc-00a0c9223196}\microphone0"
"18-08-2026 16:34:33","7","Information","CLoggerSrvLogging","Default Playback device change ( Communications)  {0.0.0.00000000}.{45d28dc2-5526-4063-98de-2b18fc40ed90}  Speakers (4- Cirrus Logic XU)  {2}.\\?\soundwire#sdca_06&man_01fa&func_4243&type_01&ver_01&adr_01&lid_00&uid_00&subsys_0ce81028&dynamicenumspeaker0#8&b83798c&0&00000c00#{6994ad04-93ef-11d0-a3cc-00a0c9223196}\speaker0"
"18-08-2026 16:34:33","7","Information","CLoggerSrvLogging","Default Playback device change ( Multimedia)  {0.0.0.00000000}.{45d28dc2-5526-4063-98de-2b18fc40ed90}  Speakers (4- Cirrus Logic XU)  {2}.\\?\soundwire#sdca_06&man_01fa&func_4243&type_01&ver_01&adr_01&lid_00&uid_00&subsys_0ce81028&dynamicenumspeaker0#8&b83798c&0&00000c00#{6994ad04-93ef-11d0-a3cc-00a0c9223196}\speaker0"
"18-08-2026 16:34:33","7","Information","CLoggerSrvLogging","Default Playback device change ( Console)  {0.0.0.00000000}.{45d28dc2-5526-4063-98de-2b18fc40ed90}  Speakers (4- Cirrus Logic XU)  {2}.\\?\soundwire#sdca_06&man_01fa&func_4243&type_01&ver_01&adr_01&lid_00&uid_00&subsys_0ce81028&dynamicenumspeaker0#8&b83798c&0&00000c00#{6994ad04-93ef-11d0-a3cc-00a0c9223196}\speaker0"
"18-08-2026 16:28:38","7","Information","CLoggerSrvLogging","Default Playback device change ( Communications)  {0.0.0.00000000}.{8be792fc-74bb-47db-9561-be1e35261fbb}  Headset Earphone (Plantronics Blackwire 3225 Series)  {2}.\\?\intelaudio#ctlr_dev_7728&linktype_06&devtype_06&ven_8086&dev_ae50&subsys_0ce81028&rev_0001#5&32640736&1&0604dif_000b&uif_0000#{6994ad04-93ef-11d0-a3cc-00a0c9223196}\intcusbtoporender_f5f6047fc0580000_1"
"18-08-2026 16:28:38","7","Information","CLoggerSrvLogging","Default Playback device change ( Multimedia)  {0.0.0.00000000}.{8be792fc-74bb-47db-9561-be1e35261fbb}  Headset Earphone (Plantronics Blackwire 3225 Series)  {2}.\\?\intelaudio#ctlr_dev_7728&linktype_06&devtype_06&ven_8086&dev_ae50&subsys_0ce81028&rev_0001#5&32640736&1&0604dif_000b&uif_0000#{6994ad04-93ef-11d0-a3cc-00a0c9223196}\intcusbtoporender_f5f6047fc0580000_1"
"18-08-2026 16:28:38","7","Information","CLoggerSrvLogging","Default Playback device change ( Console)  {0.0.0.00000000}.{8be792fc-74bb-47db-9561-be1e35261fbb}  Headset Earphone (Plantronics Blackwire 3225 Series)  {2}.\\?\intelaudio#ctlr_dev_7728&linktype_06&devtype_06&ven_8086&dev_ae50&subsys_0ce81028&rev_0001#5&32640736&1&0604dif_000b&uif_0000#{6994ad04-93ef-11d0-a3cc-00a0c9223196}\intcusbtoporender_f5f6047fc0580000_1"
"18-08-2026 16:28:38","7","Information","CLoggerSrvLogging","Default Recording device change ( Communications)  {0.0.1.00000000}.{ecf6848c-847e-4df1-a443-b782d271ccbe}  Headset Microphone (Plantronics Blackwire 3225 Series)  {2}.\\?\intelaudio#ctlr_dev_7728&linktype_06&devtype_06&ven_8086&dev_ae50&subsys_0ce81028&rev_0001#5&32640736&1&0604dif_000b&uif_0000#{6994ad04-93ef-11d0-a3cc-00a0c9223196}\intcusbtopocapture_f5f6047fc0580000_0"
"18-08-2026 16:28:38","7","Information","CLoggerSrvLogging","Default Recording device change ( Multimedia)  {0.0.1.00000000}.{ecf6848c-847e-4df1-a443-b782d271ccbe}  Headset Microphone (Plantronics Blackwire 3225 Series)  {2}.\\?\intelaudio#ctlr_dev_7728&linktype_06&devtype_06&ven_8086&dev_ae50&subsys_0ce81028&rev_0001#5&32640736&1&0604dif_000b&uif_0000#{6994ad04-93ef-11d0-a3cc-00a0c9223196}\intcusbtopocapture_f5f6047fc0580000_0"
"18-08-2026 16:28:38","7","Information","CLoggerSrvLogging","Default Recording device change ( Console)  {0.0.1.00000000}.{ecf6848c-847e-4df1-a443-b782d271ccbe}  Headset Microphone (Plantronics Blackwire 3225 Series)  {2}.\\?\intelaudio#ctlr_dev_7728&linktype_06&devtype_06&ven_8086&dev_ae50&subsys_0ce81028&rev_0001#5&32640736&1&0604dif_000b&uif_0000#{6994ad04-93ef-11d0-a3cc-00a0c9223196}\intcusbtopocapture_f5f6047fc0580000_0"
"18-08-2026 16:07:10","2","Information","CLoggerSrvLogging","Endpoint unmute Endpoint id: {0.0.1.00000000}.{09dfa0d1-cc45-493b-929e-f589428755cb}"
"18-08-2026 16:06:53","2","Information","CLoggerSrvLogging","Endpoint unmute Endpoint id: {0.0.1.00000000}.{09dfa0d1-cc45-493b-929e-f589428755cb}"
"18-08-2026 16:06:49","2","Information","CLoggerSrvLogging","Endpoint unmute Endpoint id: {0.0.1.00000000}.{09dfa0d1-cc45-493b-929e-f589428755cb}"
"18-08-2026 16:06:28","2","Information","CLoggerSrvLogging","Endpoint unmute Endpoint id: {0.0.1.00000000}.{09dfa0d1-cc45-493b-929e-f589428755cb}"
"18-08-2026 16:06:28","2","Information","CLoggerSrvLogging","Endpoint unmute Endpoint id: {0.0.1.00000000}.{09dfa0d1-cc45-493b-929e-f589428755cb}"
"18-08-2026 16:06:28","2","Information","CLoggerSrvLogging","Endpoint unmute Endpoint id: {0.0.1.00000000}.{09dfa0d1-cc45-493b-929e-f589428755cb}"
"18-08-2026 16:06:23","2","Information","CLoggerSrvLogging","Endpoint unmute Endpoint id: {0.0.1.00000000}.{09dfa0d1-cc45-493b-929e-f589428755cb}"
"18-08-2026 16:06:22","2","Information","CLoggerSrvLogging","Endpoint unmute Endpoint id: {0.0.1.00000000}.{09dfa0d1-cc45-493b-929e-f589428755cb}"
"18-08-2026 16:06:21","2","Information","CLoggerSrvLogging","Endpoint unmute Endpoint id: {0.0.1.00000000}.{09dfa0d1-cc45-493b-929e-f589428755cb}"
"18-08-2026 16:06:16","2","Information","CLoggerSrvLogging","Endpoint unmute Endpoint id: {0.0.1.00000000}.{09dfa0d1-cc45-493b-929e-f589428755cb}"
"18-08-2026 16:06:16","2","Information","CLoggerSrvLogging","Endpoint unmute Endpoint id: {0.0.1.00000000}.{09dfa0d1-cc45-493b-929e-f589428755cb}"
"18-08-2026 16:06:16","2","Information","CLoggerSrvLogging","Endpoint unmute Endpoint id: {0.0.1.00000000}.{09dfa0d1-cc45-493b-929e-f589428755cb}"
"18-08-2026 16:06:16","2","Information","CLoggerSrvLogging","Endpoint unmute Endpoint id: {0.0.1.00000000}.{09dfa0d1-cc45-493b-929e-f589428755cb}"
"18-08-2026 16:06:11","2","Information","CLoggerSrvLogging","Endpoint unmute Endpoint id: {0.0.1.00000000}.{09dfa0d1-cc45-493b-929e-f589428755cb}"
"18-08-2026 16:06:11","2","Information","CLoggerSrvLogging","Endpoint unmute Endpoint id: {0.0.1.00000000}.{09dfa0d1-cc45-493b-929e-f589428755cb}"
"18-08-2026 16:06:02","2","Information","CLoggerSrvLogging","Endpoint unmute Endpoint id: {0.0.1.00000000}.{09dfa0d1-cc45-493b-929e-f589428755cb}"
"18-08-2026 16:05:57","2","Information","CLoggerSrvLogging","Endpoint unmute Endpoint id: {0.0.1.00000000}.{09dfa0d1-cc45-493b-929e-f589428755cb}"
"18-08-2026 16:05:57","2","Information","CLoggerSrvLogging","Endpoint unmute Endpoint id: {0.0.1.00000000}.{09dfa0d1-cc45-493b-929e-f589428755cb}"
"18-08-2026 16:05:46","2","Information","CLoggerSrvLogging","Endpoint unmute Endpoint id: {0.0.1.00000000}.{09dfa0d1-cc45-493b-929e-f589428755cb}"
"18-08-2026 16:05:42","2","Information","CLoggerSrvLogging","Endpoint unmute Endpoint id: {0.0.1.00000000}.{09dfa0d1-cc45-493b-929e-f589428755cb}"
"18-08-2026 16:05:37","2","Information","CLoggerSrvLogging","Endpoint unmute Endpoint id: {0.0.1.00000000}.{09dfa0d1-cc45-493b-929e-f589428755cb}"
"18-08-2026 16:05:37","2","Information","CLoggerSrvLogging","Endpoint unmute Endpoint id: {0.0.1.00000000}.{09dfa0d1-cc45-493b-929e-f589428755cb}"
"18-08-2026 16:05:37","2","Information","CLoggerSrvLogging","Endpoint unmute Endpoint id: {0.0.1.00000000}.{09dfa0d1-cc45-493b-929e-f589428755cb}"
"18-08-2026 16:05:36","2","Information","CLoggerSrvLogging","Endpoint unmute Endpoint id: {0.0.1.00000000}.{09dfa0d1-cc45-493b-929e-f589428755cb}"
"18-08-2026 16:05:33","2","Information","CLoggerSrvLogging","Endpoint unmute Endpoint id: {0.0.1.00000000}.{09dfa0d1-cc45-493b-929e-f589428755cb}"
"18-08-2026 16:05:33","2","Information","CLoggerSrvLogging","Endpoint unmute Endpoint id: {0.0.1.00000000}.{09dfa0d1-cc45-493b-929e-f589428755cb}"
"18-08-2026 16:05:32","2","Information","CLoggerSrvLogging","Endpoint unmute Endpoint id: {0.0.1.00000000}.{09dfa0d1-cc45-493b-929e-f589428755cb}"
"18-08-2026 11:28:54","2","Information","CLoggerSrvLogging","Endpoint unmute Endpoint id: {0.0.1.00000000}.{ecf6848c-847e-4df1-a443-b782d271ccbe}"
"18-08-2026 11:28:18","2","Information","CLoggerSrvLogging","Endpoint unmute Endpoint id: {0.0.1.00000000}.{ecf6848c-847e-4df1-a443-b782d271ccbe}"
"18-08-2026 10:48:19","2","Information","CLoggerSrvLogging","Endpoint unmute Endpoint id: {0.0.1.00000000}.{ecf6848c-847e-4df1-a443-b782d271ccbe}"
"18-08-2026 10:47:50","2","Information","CLoggerSrvLogging","Endpoint unmute Endpoint id: {0.0.1.00000000}.{ecf6848c-847e-4df1-a443-b782d271ccbe}"
"18-08-2026 10:47:49","2","Information","CLoggerSrvLogging","Endpoint unmute Endpoint id: {0.0.1.00000000}.{09dfa0d1-cc45-493b-929e-f589428755cb}"
"18-08-2026 10:47:49","2","Information","CLoggerSrvLogging","Endpoint unmute Endpoint id: {0.0.1.00000000}.{09dfa0d1-cc45-493b-929e-f589428755cb}"
"18-08-2026 10:47:49","7","Information","CLoggerSrvLogging","Default Playback device change ( Communications)  {0.0.0.00000000}.{8be792fc-74bb-47db-9561-be1e35261fbb}  Headset Earphone (Plantronics Blackwire 3225 Series)  {2}.\\?\intelaudio#ctlr_dev_7728&linktype_06&devtype_06&ven_8086&dev_ae50&subsys_0ce81028&rev_0001#5&32640736&1&0604dif_000b&uif_0000#{6994ad04-93ef-11d0-a3cc-00a0c9223196}\intcusbtoporender_f5f6047fc0580000_1"
"18-08-2026 10:47:49","7","Information","CLoggerSrvLogging","Default Playback device change ( Multimedia)  {0.0.0.00000000}.{8be792fc-74bb-47db-9561-be1e35261fbb}  Headset Earphone (Plantronics Blackwire 3225 Series)  {2}.\\?\intelaudio#ctlr_dev_7728&linktype_06&devtype_06&ven_8086&dev_ae50&subsys_0ce81028&rev_0001#5&32640736&1&0604dif_000b&uif_0000#{6994ad04-93ef-11d0-a3cc-00a0c9223196}\intcusbtoporender_f5f6047fc0580000_1"
"18-08-2026 10:47:49","7","Information","CLoggerSrvLogging","Default Playback device change ( Console)  {0.0.0.00000000}.{8be792fc-74bb-47db-9561-be1e35261fbb}  Headset Earphone (Plantronics Blackwire 3225 Series)  {2}.\\?\intelaudio#ctlr_dev_7728&linktype_06&devtype_06&ven_8086&dev_ae50&subsys_0ce81028&rev_0001#5&32640736&1&0604dif_000b&uif_0000#{6994ad04-93ef-11d0-a3cc-00a0c9223196}\intcusbtoporender_f5f6047fc0580000_1"
"18-08-2026 10:47:49","7","Information","CLoggerSrvLogging","Default Recording device change ( Communications)  {0.0.1.00000000}.{ecf6848c-847e-4df1-a443-b782d271ccbe}  Headset Microphone (Plantronics Blackwire 3225 Series)  {2}.\\?\intelaudio#ctlr_dev_7728&linktype_06&devtype_06&ven_8086&dev_ae50&subsys_0ce81028&rev_0001#5&32640736&1&0604dif_000b&uif_0000#{6994ad04-93ef-11d0-a3cc-00a0c9223196}\intcusbtopocapture_f5f6047fc0580000_0"
"18-08-2026 10:47:49","7","Information","CLoggerSrvLogging","Default Recording device change ( Multimedia)  {0.0.1.00000000}.{ecf6848c-847e-4df1-a443-b782d271ccbe}  Headset Microphone (Plantronics Blackwire 3225 Series)  {2}.\\?\intelaudio#ctlr_dev_7728&linktype_06&devtype_06&ven_8086&dev_ae50&subsys_0ce81028&rev_0001#5&32640736&1&0604dif_000b&uif_0000#{6994ad04-93ef-11d0-a3cc-00a0c9223196}\intcusbtopocapture_f5f6047fc0580000_0"
"18-08-2026 10:47:49","7","Information","CLoggerSrvLogging","Default Recording device change ( Console)  {0.0.1.00000000}.{ecf6848c-847e-4df1-a443-b782d271ccbe}  Headset Microphone (Plantronics Blackwire 3225 Series)  {2}.\\?\intelaudio#ctlr_dev_7728&linktype_06&devtype_06&ven_8086&dev_ae50&subsys_0ce81028&rev_0001#5&32640736&1&0604dif_000b&uif_0000#{6994ad04-93ef-11d0-a3cc-00a0c9223196}\intcusbtopocapture_f5f6047fc0580000_0"
"18-08-2026 10:47:48","2","Information","CLoggerSrvLogging","Endpoint unmute Endpoint id: {0.0.1.00000000}.{09dfa0d1-cc45-493b-929e-f589428755cb}"
"18-08-2026 09:40:52","6","Information","CLoggerSrvLogging","Jack 0 unplug"
"18-08-2026 09:40:52","2","Information","CLoggerSrvLogging","Endpoint unmute Endpoint id: {0.0.1.00000000}.{09dfa0d1-cc45-493b-929e-f589428755cb}"
"17-08-2026 19:59:58","7","Information","CLoggerSrvLogging","Default Recording device change ( Communications)  {0.0.1.00000000}.{09dfa0d1-cc45-493b-929e-f589428755cb}  Microphone Array on SoundWire Device (Cirrus Logic XU)  {2}.\\?\soundwire#sdca_06&man_01fa&func_4243&type_03&ver_01&adr_02&lid_00&uid_00&subsys_0ce81028&dynamicenummicrophone0#8&b76481&0&00000400#{6994ad04-93ef-11d0-a3cc-00a0c9223196}\microphone0"
"17-08-2026 19:59:58","7","Information","CLoggerSrvLogging","Default Recording device change ( Multimedia)  {0.0.1.00000000}.{09dfa0d1-cc45-493b-929e-f589428755cb}  Microphone Array on SoundWire Device (Cirrus Logic XU)  {2}.\\?\soundwire#sdca_06&man_01fa&func_4243&type_03&ver_01&adr_02&lid_00&uid_00&subsys_0ce81028&dynamicenummicrophone0#8&b76481&0&00000400#{6994ad04-93ef-11d0-a3cc-00a0c9223196}\microphone0"
"17-08-2026 19:59:58","7","Information","CLoggerSrvLogging","Default Recording device change ( Console)  {0.0.1.00000000}.{09dfa0d1-cc45-493b-929e-f589428755cb}  Microphone Array on SoundWire Device (Cirrus Logic XU)  {2}.\\?\soundwire#sdca_06&man_01fa&func_4243&type_03&ver_01&adr_02&lid_00&uid_00&subsys_0ce81028&dynamicenummicrophone0#8&b76481&0&00000400#{6994ad04-93ef-11d0-a3cc-00a0c9223196}\microphone0"
"17-08-2026 19:59:58","7","Information","CLoggerSrvLogging","Default Playback device change ( Communications)  {0.0.0.00000000}.{45d28dc2-5526-4063-98de-2b18fc40ed90}  Speakers (4- Cirrus Logic XU)  {2}.\\?\soundwire#sdca_06&man_01fa&func_4243&type_01&ver_01&adr_01&lid_00&uid_00&subsys_0ce81028&dynamicenumspeaker0#8&b83798c&0&00000c00#{6994ad04-93ef-11d0-a3cc-00a0c9223196}\speaker0"
"17-08-2026 19:59:58","7","Information","CLoggerSrvLogging","Default Playback device change ( Multimedia)  {0.0.0.00000000}.{45d28dc2-5526-4063-98de-2b18fc40ed90}  Speakers (4- Cirrus Logic XU)  {2}.\\?\soundwire#sdca_06&man_01fa&func_4243&type_01&ver_01&adr_01&lid_00&uid_00&subsys_0ce81028&dynamicenumspeaker0#8&b83798c&0&00000c00#{6994ad04-93ef-11d0-a3cc-00a0c9223196}\speaker0"
"17-08-2026 19:59:58","7","Information","CLoggerSrvLogging","Default Playback device change ( Console)  {0.0.0.00000000}.{45d28dc2-5526-4063-98de-2b18fc40ed90}  Speakers (4- Cirrus Logic XU)  {2}.\\?\soundwire#sdca_06&man_01fa&func_4243&type_01&ver_01&adr_01&lid_00&uid_00&subsys_0ce81028&dynamicenumspeaker0#8&b83798c&0&00000c00#{6994ad04-93ef-11d0-a3cc-00a0c9223196}\speaker0"
"17-08-2026 19:42:49","2","Information","CLoggerSrvLogging","Endpoint unmute Endpoint id: {0.0.1.00000000}.{ecf6848c-847e-4df1-a443-b782d271ccbe}"
"17-08-2026 19:42:40","2","Information","CLoggerSrvLogging","Endpoint unmute Endpoint id: {0.0.1.00000000}.{ecf6848c-847e-4df1-a443-b782d271ccbe}"
"17-08-2026 19:11:15","7","Information","CLoggerSrvLogging","Default Playback device change ( Communications)  {0.0.0.00000000}.{8be792fc-74bb-47db-9561-be1e35261fbb}  Headset Earphone (Plantronics Blackwire 3225 Series)  {2}.\\?\intelaudio#ctlr_dev_7728&linktype_06&devtype_06&ven_8086&dev_ae50&subsys_0ce81028&rev_0001#5&32640736&1&0604dif_000b&uif_0000#{6994ad04-93ef-11d0-a3cc-00a0c9223196}\intcusbtoporender_f5f6047fc0580000_1"
"17-08-2026 19:11:15","7","Information","CLoggerSrvLogging","Default Playback device change ( Multimedia)  {0.0.0.00000000}.{8be792fc-74bb-47db-9561-be1e35261fbb}  Headset Earphone (Plantronics Blackwire 3225 Series)  {2}.\\?\intelaudio#ctlr_dev_7728&linktype_06&devtype_06&ven_8086&dev_ae50&subsys_0ce81028&rev_0001#5&32640736&1&0604dif_000b&uif_0000#{6994ad04-93ef-11d0-a3cc-00a0c9223196}\intcusbtoporender_f5f6047fc0580000_1"
"17-08-2026 19:11:15","7","Information","CLoggerSrvLogging","Default Playback device change ( Console)  {0.0.0.00000000}.{8be792fc-74bb-47db-9561-be1e35261fbb}  Headset Earphone (Plantronics Blackwire 3225 Series)  {2}.\\?\intelaudio#ctlr_dev_7728&linktype_06&devtype_06&ven_8086&dev_ae50&subsys_0ce81028&rev_0001#5&32640736&1&0604dif_000b&uif_0000#{6994ad04-93ef-11d0-a3cc-00a0c9223196}\intcusbtoporender_f5f6047fc0580000_1"
"17-08-2026 19:11:15","7","Information","CLoggerSrvLogging","Default Recording device change ( Communications)  {0.0.1.00000000}.{ecf6848c-847e-4df1-a443-b782d271ccbe}  Headset Microphone (Plantronics Blackwire 3225 Series)  {2}.\\?\intelaudio#ctlr_dev_7728&linktype_06&devtype_06&ven_8086&dev_ae50&subsys_0ce81028&rev_0001#5&32640736&1&0604dif_000b&uif_0000#{6994ad04-93ef-11d0-a3cc-00a0c9223196}\intcusbtopocapture_f5f6047fc0580000_0"
"17-08-2026 19:11:15","7","Information","CLoggerSrvLogging","Default Recording device change ( Multimedia)  {0.0.1.00000000}.{ecf6848c-847e-4df1-a443-b782d271ccbe}  Headset Microphone (Plantronics Blackwire 3225 Series)  {2}.\\?\intelaudio#ctlr_dev_7728&linktype_06&devtype_06&ven_8086&dev_ae50&subsys_0ce81028&rev_0001#5&32640736&1&0604dif_000b&uif_0000#{6994ad04-93ef-11d0-a3cc-00a0c9223196}\intcusbtopocapture_f5f6047fc0580000_0"
"17-08-2026 19:11:15","7","Information","CLoggerSrvLogging","Default Recording device change ( Console)  {0.0.1.00000000}.{ecf6848c-847e-4df1-a443-b782d271ccbe}  Headset Microphone (Plantronics Blackwire 3225 Series)  {2}.\\?\intelaudio#ctlr_dev_7728&linktype_06&devtype_06&ven_8086&dev_ae50&subsys_0ce81028&rev_0001#5&32640736&1&0604dif_000b&uif_0000#{6994ad04-93ef-11d0-a3cc-00a0c9223196}\intcusbtopocapture_f5f6047fc0580000_0"
"17-08-2026 16:56:15","7","Information","CLoggerSrvLogging","Default Recording device change ( Communications)  {0.0.1.00000000}.{09dfa0d1-cc45-493b-929e-f589428755cb}  Microphone Array on SoundWire Device (Cirrus Logic XU)  {2}.\\?\soundwire#sdca_06&man_01fa&func_4243&type_03&ver_01&adr_02&lid_00&uid_00&subsys_0ce81028&dynamicenummicrophone0#8&b76481&0&00000400#{6994ad04-93ef-11d0-a3cc-00a0c9223196}\microphone0"
"17-08-2026 16:56:15","7","Information","CLoggerSrvLogging","Default Recording device change ( Multimedia)  {0.0.1.00000000}.{09dfa0d1-cc45-493b-929e-f589428755cb}  Microphone Array on SoundWire Device (Cirrus Logic XU)  {2}.\\?\soundwire#sdca_06&man_01fa&func_4243&type_03&ver_01&adr_02&lid_00&uid_00&subsys_0ce81028&dynamicenummicrophone0#8&b76481&0&00000400#{6994ad04-93ef-11d0-a3cc-00a0c9223196}\microphone0"
"17-08-2026 16:56:15","7","Information","CLoggerSrvLogging","Default Recording device change ( Console)  {0.0.1.00000000}.{09dfa0d1-cc45-493b-929e-f589428755cb}  Microphone Array on SoundWire Device (Cirrus Logic XU)  {2}.\\?\soundwire#sdca_06&man_01fa&func_4243&type_03&ver_01&adr_02&lid_00&uid_00&subsys_0ce81028&dynamicenummicrophone0#8&b76481&0&00000400#{6994ad04-93ef-11d0-a3cc-00a0c9223196}\microphone0"
"17-08-2026 16:56:15","7","Information","CLoggerSrvLogging","Default Playback device change ( Communications)  {0.0.0.00000000}.{45d28dc2-5526-4063-98de-2b18fc40ed90}  Speakers (4- Cirrus Logic XU)  {2}.\\?\soundwire#sdca_06&man_01fa&func_4243&type_01&ver_01&adr_01&lid_00&uid_00&subsys_0ce81028&dynamicenumspeaker0#8&b83798c&0&00000c00#{6994ad04-93ef-11d0-a3cc-00a0c9223196}\speaker0"
"17-08-2026 16:56:15","7","Information","CLoggerSrvLogging","Default Playback device change ( Multimedia)  {0.0.0.00000000}.{45d28dc2-5526-4063-98de-2b18fc40ed90}  Speakers (4- Cirrus Logic XU)  {2}.\\?\soundwire#sdca_06&man_01fa&func_4243&type_01&ver_01&adr_01&lid_00&uid_00&subsys_0ce81028&dynamicenumspeaker0#8&b83798c&0&00000c00#{6994ad04-93ef-11d0-a3cc-00a0c9223196}\speaker0"
"17-08-2026 16:56:15","7","Information","CLoggerSrvLogging","Default Playback device change ( Console)  {0.0.0.00000000}.{45d28dc2-5526-4063-98de-2b18fc40ed90}  Speakers (4- Cirrus Logic XU)  {2}.\\?\soundwire#sdca_06&man_01fa&func_4243&type_01&ver_01&adr_01&lid_00&uid_00&subsys_0ce81028&dynamicenumspeaker0#8&b83798c&0&00000c00#{6994ad04-93ef-11d0-a3cc-00a0c9223196}\speaker0"
"17-08-2026 14:23:46","2","Information","CLoggerSrvLogging","Endpoint unmute Endpoint id: {0.0.1.00000000}.{ecf6848c-847e-4df1-a443-b782d271ccbe}"
"17-08-2026 14:23:22","2","Information","CLoggerSrvLogging","Endpoint unmute Endpoint id: {0.0.1.00000000}.{ecf6848c-847e-4df1-a443-b782d271ccbe}"
"17-08-2026 11:29:08","7","Information","CLoggerSrvLogging","Default Playback device change ( Communications)  {0.0.0.00000000}.{8be792fc-74bb-47db-9561-be1e35261fbb}  Headset Earphone (Plantronics Blackwire 3225 Series)  {2}.\\?\intelaudio#ctlr_dev_7728&linktype_06&devtype_06&ven_8086&dev_ae50&subsys_0ce81028&rev_0001#5&32640736&1&0604dif_000b&uif_0000#{6994ad04-93ef-11d0-a3cc-00a0c9223196}\intcusbtoporender_f5f6047fc0580000_1"
"17-08-2026 11:29:08","7","Information","CLoggerSrvLogging","Default Playback device change ( Multimedia)  {0.0.0.00000000}.{8be792fc-74bb-47db-9561-be1e35261fbb}  Headset Earphone (Plantronics Blackwire 3225 Series)  {2}.\\?\intelaudio#ctlr_dev_7728&linktype_06&devtype_06&ven_8086&dev_ae50&subsys_0ce81028&rev_0001#5&32640736&1&0604dif_000b&uif_0000#{6994ad04-93ef-11d0-a3cc-00a0c9223196}\intcusbtoporender_f5f6047fc0580000_1"
"17-08-2026 11:29:08","7","Information","CLoggerSrvLogging","Default Playback device change ( Console)  {0.0.0.00000000}.{8be792fc-74bb-47db-9561-be1e35261fbb}  Headset Earphone (Plantronics Blackwire 3225 Series)  {2}.\\?\intelaudio#ctlr_dev_7728&linktype_06&devtype_06&ven_8086&dev_ae50&subsys_0ce81028&rev_0001#5&32640736&1&0604dif_000b&uif_0000#{6994ad04-93ef-11d0-a3cc-00a0c9223196}\intcusbtoporender_f5f6047fc0580000_1"
"17-08-2026 11:29:08","7","Information","CLoggerSrvLogging","Default Recording device change ( Communications)  {0.0.1.00000000}.{ecf6848c-847e-4df1-a443-b782d271ccbe}  Headset Microphone (Plantronics Blackwire 3225 Series)  {2}.\\?\intelaudio#ctlr_dev_7728&linktype_06&devtype_06&ven_8086&dev_ae50&subsys_0ce81028&rev_0001#5&32640736&1&0604dif_000b&uif_0000#{6994ad04-93ef-11d0-a3cc-00a0c9223196}\intcusbtopocapture_f5f6047fc0580000_0"
"17-08-2026 11:29:08","7","Information","CLoggerSrvLogging","Default Recording device change ( Multimedia)  {0.0.1.00000000}.{ecf6848c-847e-4df1-a443-b782d271ccbe}  Headset Microphone (Plantronics Blackwire 3225 Series)  {2}.\\?\intelaudio#ctlr_dev_7728&linktype_06&devtype_06&ven_8086&dev_ae50&subsys_0ce81028&rev_0001#5&32640736&1&0604dif_000b&uif_0000#{6994ad04-93ef-11d0-a3cc-00a0c9223196}\intcusbtopocapture_f5f6047fc0580000_0"
"17-08-2026 11:29:08","7","Information","CLoggerSrvLogging","Default Recording device change ( Console)  {0.0.1.00000000}.{ecf6848c-847e-4df1-a443-b782d271ccbe}  Headset Microphone (Plantronics Blackwire 3225 Series)  {2}.\\?\intelaudio#ctlr_dev_7728&linktype_06&devtype_06&ven_8086&dev_ae50&subsys_0ce81028&rev_0001#5&32640736&1&0604dif_000b&uif_0000#{6994ad04-93ef-11d0-a3cc-00a0c9223196}\intcusbtopocapture_f5f6047fc0580000_0"
"17-08-2026 09:36:39","2","Information","CLoggerSrvLogging","Endpoint unmute Endpoint id: {0.0.1.00000000}.{09dfa0d1-cc45-493b-929e-f589428755cb}"
"17-08-2026 09:36:38","6","Information","CLoggerSrvLogging","Jack 0 unplug"
"14-08-2026 19:42:54","7","Information","CLoggerSrvLogging","Default Recording device change ( Communications)  {0.0.1.00000000}.{09dfa0d1-cc45-493b-929e-f589428755cb}  Microphone Array on SoundWire Device (Cirrus Logic XU)  {2}.\\?\soundwire#sdca_06&man_01fa&func_4243&type_03&ver_01&adr_02&lid_00&uid_00&subsys_0ce81028&dynamicenummicrophone0#8&b76481&0&00000400#{6994ad04-93ef-11d0-a3cc-00a0c9223196}\microphone0"
"14-08-2026 19:42:54","7","Information","CLoggerSrvLogging","Default Recording device change ( Multimedia)  {0.0.1.00000000}.{09dfa0d1-cc45-493b-929e-f589428755cb}  Microphone Array on SoundWire Device (Cirrus Logic XU)  {2}.\\?\soundwire#sdca_06&man_01fa&func_4243&type_03&ver_01&adr_02&lid_00&uid_00&subsys_0ce81028&dynamicenummicrophone0#8&b76481&0&00000400#{6994ad04-93ef-11d0-a3cc-00a0c9223196}\microphone0"
"14-08-2026 19:42:54","7","Information","CLoggerSrvLogging","Default Recording device change ( Console)  {0.0.1.00000000}.{09dfa0d1-cc45-493b-929e-f589428755cb}  Microphone Array on SoundWire Device (Cirrus Logic XU)  {2}.\\?\soundwire#sdca_06&man_01fa&func_4243&type_03&ver_01&adr_02&lid_00&uid_00&subsys_0ce81028&dynamicenummicrophone0#8&b76481&0&00000400#{6994ad04-93ef-11d0-a3cc-00a0c9223196}\microphone0"
"14-08-2026 19:42:54","7","Information","CLoggerSrvLogging","Default Playback device change ( Communications)  {0.0.0.00000000}.{45d28dc2-5526-4063-98de-2b18fc40ed90}  Speakers (4- Cirrus Logic XU)  {2}.\\?\soundwire#sdca_06&man_01fa&func_4243&type_01&ver_01&adr_01&lid_00&uid_00&subsys_0ce81028&dynamicenumspeaker0#8&b83798c&0&00000c00#{6994ad04-93ef-11d0-a3cc-00a0c9223196}\speaker0"
"14-08-2026 19:42:54","7","Information","CLoggerSrvLogging","Default Playback device change ( Multimedia)  {0.0.0.00000000}.{45d28dc2-5526-4063-98de-2b18fc40ed90}  Speakers (4- Cirrus Logic XU)  {2}.\\?\soundwire#sdca_06&man_01fa&func_4243&type_01&ver_01&adr_01&lid_00&uid_00&subsys_0ce81028&dynamicenumspeaker0#8&b83798c&0&00000c00#{6994ad04-93ef-11d0-a3cc-00a0c9223196}\speaker0"
"14-08-2026 19:42:54","7","Information","CLoggerSrvLogging","Default Playback device change ( Console)  {0.0.0.00000000}.{45d28dc2-5526-4063-98de-2b18fc40ed90}  Speakers (4- Cirrus Logic XU)  {2}.\\?\soundwire#sdca_06&man_01fa&func_4243&type_01&ver_01&adr_01&lid_00&uid_00&subsys_0ce81028&dynamicenumspeaker0#8&b83798c&0&00000c00#{6994ad04-93ef-11d0-a3cc-00a0c9223196}\speaker0"
"14-08-2026 15:11:49","2","Information","CLoggerSrvLogging","Endpoint unmute Endpoint id: {0.0.1.00000000}.{ecf6848c-847e-4df1-a443-b782d271ccbe}"
"14-08-2026 15:11:24","2","Information","CLoggerSrvLogging","Endpoint unmute Endpoint id: {0.0.1.00000000}.{ecf6848c-847e-4df1-a443-b782d271ccbe}"
"14-08-2026 13:22:38","7","Information","CLoggerSrvLogging","Default Playback device change ( Communications)  {0.0.0.00000000}.{8be792fc-74bb-47db-9561-be1e35261fbb}  Headset Earphone (Plantronics Blackwire 3225 Series)  {2}.\\?\intelaudio#ctlr_dev_7728&linktype_06&devtype_06&ven_8086&dev_ae50&subsys_0ce81028&rev_0001#5&32640736&1&0604dif_000b&uif_0000#{6994ad04-93ef-11d0-a3cc-00a0c9223196}\intcusbtoporender_f5f6047fc0580000_1"
"14-08-2026 13:22:38","7","Information","CLoggerSrvLogging","Default Playback device change ( Multimedia)  {0.0.0.00000000}.{8be792fc-74bb-47db-9561-be1e35261fbb}  Headset Earphone (Plantronics Blackwire 3225 Series)  {2}.\\?\intelaudio#ctlr_dev_7728&linktype_06&devtype_06&ven_8086&dev_ae50&subsys_0ce81028&rev_0001#5&32640736&1&0604dif_000b&uif_0000#{6994ad04-93ef-11d0-a3cc-00a0c9223196}\intcusbtoporender_f5f6047fc0580000_1"
"14-08-2026 13:22:38","7","Information","CLoggerSrvLogging","Default Playback device change ( Console)  {0.0.0.00000000}.{8be792fc-74bb-47db-9561-be1e35261fbb}  Headset Earphone (Plantronics Blackwire 3225 Series)  {2}.\\?\intelaudio#ctlr_dev_7728&linktype_06&devtype_06&ven_8086&dev_ae50&subsys_0ce81028&rev_0001#5&32640736&1&0604dif_000b&uif_0000#{6994ad04-93ef-11d0-a3cc-00a0c9223196}\intcusbtoporender_f5f6047fc0580000_1"
"14-08-2026 13:22:38","7","Information","CLoggerSrvLogging","Default Recording device change ( Communications)  {0.0.1.00000000}.{ecf6848c-847e-4df1-a443-b782d271ccbe}  Headset Microphone (Plantronics Blackwire 3225 Series)  {2}.\\?\intelaudio#ctlr_dev_7728&linktype_06&devtype_06&ven_8086&dev_ae50&subsys_0ce81028&rev_0001#5&32640736&1&0604dif_000b&uif_0000#{6994ad04-93ef-11d0-a3cc-00a0c9223196}\intcusbtopocapture_f5f6047fc0580000_0"
"14-08-2026 13:22:38","7","Information","CLoggerSrvLogging","Default Recording device change ( Multimedia)  {0.0.1.00000000}.{ecf6848c-847e-4df1-a443-b782d271ccbe}  Headset Microphone (Plantronics Blackwire 3225 Series)  {2}.\\?\intelaudio#ctlr_dev_7728&linktype_06&devtype_06&ven_8086&dev_ae50&subsys_0ce81028&rev_0001#5&32640736&1&0604dif_000b&uif_0000#{6994ad04-93ef-11d0-a3cc-00a0c9223196}\intcusbtopocapture_f5f6047fc0580000_0"
"14-08-2026 13:22:37","7","Information","CLoggerSrvLogging","Default Recording device change ( Console)  {0.0.1.00000000}.{ecf6848c-847e-4df1-a443-b782d271ccbe}  Headset Microphone (Plantronics Blackwire 3225 Series)  {2}.\\?\intelaudio#ctlr_dev_7728&linktype_06&devtype_06&ven_8086&dev_ae50&subsys_0ce81028&rev_0001#5&32640736&1&0604dif_000b&uif_0000#{6994ad04-93ef-11d0-a3cc-00a0c9223196}\intcusbtopocapture_f5f6047fc0580000_0"
"14-08-2026 13:22:32","2","Information","CLoggerSrvLogging","Endpoint unmute Endpoint id: {0.0.1.00000000}.{09dfa0d1-cc45-493b-929e-f589428755cb}"
"14-08-2026 13:22:32","6","Information","CLoggerSrvLogging","Jack 0 unplug"
"13-08-2026 18:36:58","7","Information","CLoggerSrvLogging","Default Recording device change ( Communications)  {0.0.1.00000000}.{09dfa0d1-cc45-493b-929e-f589428755cb}  Microphone Array on SoundWire Device (Cirrus Logic XU)  {2}.\\?\soundwire#sdca_06&man_01fa&func_4243&type_03&ver_01&adr_02&lid_00&uid_00&subsys_0ce81028&dynamicenummicrophone0#8&b76481&0&00000400#{6994ad04-93ef-11d0-a3cc-00a0c9223196}\microphone0"
"13-08-2026 18:36:58","7","Information","CLoggerSrvLogging","Default Recording device change ( Multimedia)  {0.0.1.00000000}.{09dfa0d1-cc45-493b-929e-f589428755cb}  Microphone Array on SoundWire Device (Cirrus Logic XU)  {2}.\\?\soundwire#sdca_06&man_01fa&func_4243&type_03&ver_01&adr_02&lid_00&uid_00&subsys_0ce81028&dynamicenummicrophone0#8&b76481&0&00000400#{6994ad04-93ef-11d0-a3cc-00a0c9223196}\microphone0"
"13-08-2026 18:36:58","7","Information","CLoggerSrvLogging","Default Recording device change ( Console)  {0.0.1.00000000}.{09dfa0d1-cc45-493b-929e-f589428755cb}  Microphone Array on SoundWire Device (Cirrus Logic XU)  {2}.\\?\soundwire#sdca_06&man_01fa&func_4243&type_03&ver_01&adr_02&lid_00&uid_00&subsys_0ce81028&dynamicenummicrophone0#8&b76481&0&00000400#{6994ad04-93ef-11d0-a3cc-00a0c9223196}\microphone0"
"13-08-2026 18:36:58","7","Information","CLoggerSrvLogging","Default Playback device change ( Communications)  {0.0.0.00000000}.{45d28dc2-5526-4063-98de-2b18fc40ed90}  Speakers (4- Cirrus Logic XU)  {2}.\\?\soundwire#sdca_06&man_01fa&func_4243&type_01&ver_01&adr_01&lid_00&uid_00&subsys_0ce81028&dynamicenumspeaker0#8&b83798c&0&00000c00#{6994ad04-93ef-11d0-a3cc-00a0c9223196}\speaker0"
"13-08-2026 18:36:58","7","Information","CLoggerSrvLogging","Default Playback device change ( Multimedia)  {0.0.0.00000000}.{45d28dc2-5526-4063-98de-2b18fc40ed90}  Speakers (4- Cirrus Logic XU)  {2}.\\?\soundwire#sdca_06&man_01fa&func_4243&type_01&ver_01&adr_01&lid_00&uid_00&subsys_0ce81028&dynamicenumspeaker0#8&b83798c&0&00000c00#{6994ad04-93ef-11d0-a3cc-00a0c9223196}\speaker0"
"13-08-2026 18:36:58","7","Information","CLoggerSrvLogging","Default Playback device change ( Console)  {0.0.0.00000000}.{45d28dc2-5526-4063-98de-2b18fc40ed90}  Speakers (4- Cirrus Logic XU)  {2}.\\?\soundwire#sdca_06&man_01fa&func_4243&type_01&ver_01&adr_01&lid_00&uid_00&subsys_0ce81028&dynamicenumspeaker0#8&b83798c&0&00000c00#{6994ad04-93ef-11d0-a3cc-00a0c9223196}\speaker0"
"13-08-2026 16:58:54","7","Information","CLoggerSrvLogging","Default Playback device change ( Communications)  {0.0.0.00000000}.{8be792fc-74bb-47db-9561-be1e35261fbb}  Headset Earphone (Plantronics Blackwire 3225 Series)  {2}.\\?\intelaudio#ctlr_dev_7728&linktype_06&devtype_06&ven_8086&dev_ae50&subsys_0ce81028&rev_0001#5&32640736&1&0604dif_000b&uif_0000#{6994ad04-93ef-11d0-a3cc-00a0c9223196}\intcusbtoporender_f5f6047fc0580000_1"
"13-08-2026 16:58:54","7","Information","CLoggerSrvLogging","Default Playback device change ( Multimedia)  {0.0.0.00000000}.{8be792fc-74bb-47db-9561-be1e35261fbb}  Headset Earphone (Plantronics Blackwire 3225 Series)  {2}.\\?\intelaudio#ctlr_dev_7728&linktype_06&devtype_06&ven_8086&dev_ae50&subsys_0ce81028&rev_0001#5&32640736&1&0604dif_000b&uif_0000#{6994ad04-93ef-11d0-a3cc-00a0c9223196}\intcusbtoporender_f5f6047fc0580000_1"
"13-08-2026 16:58:54","7","Information","CLoggerSrvLogging","Default Playback device change ( Console)  {0.0.0.00000000}.{8be792fc-74bb-47db-9561-be1e35261fbb}  Headset Earphone (Plantronics Blackwire 3225 Series)  {2}.\\?\intelaudio#ctlr_dev_7728&linktype_06&devtype_06&ven_8086&dev_ae50&subsys_0ce81028&rev_0001#5&32640736&1&0604dif_000b&uif_0000#{6994ad04-93ef-11d0-a3cc-00a0c9223196}\intcusbtoporender_f5f6047fc0580000_1"
"13-08-2026 16:58:54","7","Information","CLoggerSrvLogging","Default Recording device change ( Communications)  {0.0.1.00000000}.{ecf6848c-847e-4df1-a443-b782d271ccbe}  Headset Microphone (Plantronics Blackwire 3225 Series)  {2}.\\?\intelaudio#ctlr_dev_7728&linktype_06&devtype_06&ven_8086&dev_ae50&subsys_0ce81028&rev_0001#5&32640736&1&0604dif_000b&uif_0000#{6994ad04-93ef-11d0-a3cc-00a0c9223196}\intcusbtopocapture_f5f6047fc0580000_0"
"13-08-2026 16:58:54","7","Information","CLoggerSrvLogging","Default Recording device change ( Multimedia)  {0.0.1.00000000}.{ecf6848c-847e-4df1-a443-b782d271ccbe}  Headset Microphone (Plantronics Blackwire 3225 Series)  {2}.\\?\intelaudio#ctlr_dev_7728&linktype_06&devtype_06&ven_8086&dev_ae50&subsys_0ce81028&rev_0001#5&32640736&1&0604dif_000b&uif_0000#{6994ad04-93ef-11d0-a3cc-00a0c9223196}\intcusbtopocapture_f5f6047fc0580000_0"
"13-08-2026 16:58:54","7","Information","CLoggerSrvLogging","Default Recording device change ( Console)  {0.0.1.00000000}.{ecf6848c-847e-4df1-a443-b782d271ccbe}  Headset Microphone (Plantronics Blackwire 3225 Series)  {2}.\\?\intelaudio#ctlr_dev_7728&linktype_06&devtype_06&ven_8086&dev_ae50&subsys_0ce81028&rev_0001#5&32640736&1&0604dif_000b&uif_0000#{6994ad04-93ef-11d0-a3cc-00a0c9223196}\intcusbtopocapture_f5f6047fc0580000_0"
"13-08-2026 11:30:41","2","Information","CLoggerSrvLogging","Endpoint unmute Endpoint id: {0.0.1.00000000}.{09dfa0d1-cc45-493b-929e-f589428755cb}"
"13-08-2026 11:30:39","2","Information","CLoggerSrvLogging","Endpoint unmute Endpoint id: {0.0.1.00000000}.{09dfa0d1-cc45-493b-929e-f589428755cb}"
"13-08-2026 11:30:39","2","Information","CLoggerSrvLogging","Endpoint unmute Endpoint id: {0.0.1.00000000}.{09dfa0d1-cc45-493b-929e-f589428755cb}"
"13-08-2026 09:13:36","2","Information","CLoggerSrvLogging","Endpoint unmute Endpoint id: {0.0.1.00000000}.{09dfa0d1-cc45-493b-929e-f589428755cb}"
"13-08-2026 09:13:36","6","Information","CLoggerSrvLogging","Jack 0 unplug"
"12-08-2026 18:56:07","7","Information","CLoggerSrvLogging","Default Playback device change ( Communications)  {0.0.0.00000000}.{45d28dc2-5526-4063-98de-2b18fc40ed90}  Speakers (4- Cirrus Logic XU)  {2}.\\?\soundwire#sdca_06&man_01fa&func_4243&type_01&ver_01&adr_01&lid_00&uid_00&subsys_0ce81028&dynamicenumspeaker0#8&b83798c&0&00000c00#{6994ad04-93ef-11d0-a3cc-00a0c9223196}\speaker0"
"12-08-2026 18:56:07","7","Information","CLoggerSrvLogging","Default Playback device change ( Multimedia)  {0.0.0.00000000}.{45d28dc2-5526-4063-98de-2b18fc40ed90}  Speakers (4- Cirrus Logic XU)  {2}.\\?\soundwire#sdca_06&man_01fa&func_4243&type_01&ver_01&adr_01&lid_00&uid_00&subsys_0ce81028&dynamicenumspeaker0#8&b83798c&0&00000c00#{6994ad04-93ef-11d0-a3cc-00a0c9223196}\speaker0"
"12-08-2026 18:56:07","7","Information","CLoggerSrvLogging","Default Playback device change ( Console)  {0.0.0.00000000}.{45d28dc2-5526-4063-98de-2b18fc40ed90}  Speakers (4- Cirrus Logic XU)  {2}.\\?\soundwire#sdca_06&man_01fa&func_4243&type_01&ver_01&adr_01&lid_00&uid_00&subsys_0ce81028&dynamicenumspeaker0#8&b83798c&0&00000c00#{6994ad04-93ef-11d0-a3cc-00a0c9223196}\speaker0"
"12-08-2026 18:56:07","7","Information","CLoggerSrvLogging","Default Recording device change ( Communications)  {0.0.1.00000000}.{09dfa0d1-cc45-493b-929e-f589428755cb}  Microphone Array on SoundWire Device (Cirrus Logic XU)  {2}.\\?\soundwire#sdca_06&man_01fa&func_4243&type_03&ver_01&adr_02&lid_00&uid_00&subsys_0ce81028&dynamicenummicrophone0#8&b76481&0&00000400#{6994ad04-93ef-11d0-a3cc-00a0c9223196}\microphone0"
"12-08-2026 18:56:07","7","Information","CLoggerSrvLogging","Default Recording device change ( Multimedia)  {0.0.1.00000000}.{09dfa0d1-cc45-493b-929e-f589428755cb}  Microphone Array on SoundWire Device (Cirrus Logic XU)  {2}.\\?\soundwire#sdca_06&man_01fa&func_4243&type_03&ver_01&adr_02&lid_00&uid_00&subsys_0ce81028&dynamicenummicrophone0#8&b76481&0&00000400#{6994ad04-93ef-11d0-a3cc-00a0c9223196}\microphone0"
"12-08-2026 18:56:07","7","Information","CLoggerSrvLogging","Default Recording device change ( Console)  {0.0.1.00000000}.{09dfa0d1-cc45-493b-929e-f589428755cb}  Microphone Array on SoundWire Device (Cirrus Logic XU)  {2}.\\?\soundwire#sdca_06&man_01fa&func_4243&type_03&ver_01&adr_02&lid_00&uid_00&subsys_0ce81028&dynamicenummicrophone0#8&b76481&0&00000400#{6994ad04-93ef-11d0-a3cc-00a0c9223196}\microphone0"
"12-08-2026 18:56:07","7","Information","CLoggerSrvLogging","Default Playback device change ( Communications)  {0.0.0.00000000}.{c78b6291-923b-4734-b0e3-cb3790d7950e}  DELL U2422HE (3- HD Audio Driver for Display Audio)  {2}.\\?\hdaudio#subfunc_01&ven_8086&dev_281d&nid_0001&subsys_00000000&rev_1000#6&15d34dff&0&0002&00000029#{6994ad04-93ef-11d0-a3cc-00a0c9223196}\ehdmiouttopo"
"12-08-2026 18:56:07","7","Information","CLoggerSrvLogging","Default Playback device change ( Multimedia)  {0.0.0.00000000}.{c78b6291-923b-4734-b0e3-cb3790d7950e}  DELL U2422HE (3- HD Audio Driver for Display Audio)  {2}.\\?\hdaudio#subfunc_01&ven_8086&dev_281d&nid_0001&subsys_00000000&rev_1000#6&15d34dff&0&0002&00000029#{6994ad04-93ef-11d0-a3cc-00a0c9223196}\ehdmiouttopo"
"12-08-2026 18:56:07","7","Information","CLoggerSrvLogging","Default Playback device change ( Console)  {0.0.0.00000000}.{c78b6291-923b-4734-b0e3-cb3790d7950e}  DELL U2422HE (3- HD Audio Driver for Display Audio)  {2}.\\?\hdaudio#subfunc_01&ven_8086&dev_281d&nid_0001&subsys_00000000&rev_1000#6&15d34dff&0&0002&00000029#{6994ad04-93ef-11d0-a3cc-00a0c9223196}\ehdmiouttopo"
"12-08-2026 16:33:40","2","Information","CLoggerSrvLogging","Endpoint unmute Endpoint id: {0.0.1.00000000}.{ecf6848c-847e-4df1-a443-b782d271ccbe}"
"12-08-2026 16:33:40","2","Information","CLoggerSrvLogging","Endpoint mute Endpoint id: {0.0.1.00000000}.{ecf6848c-847e-4df1-a443-b782d271ccbe}"
"12-08-2026 16:03:30","2","Information","CLoggerSrvLogging","Endpoint unmute Endpoint id: {0.0.1.00000000}.{ecf6848c-847e-4df1-a443-b782d271ccbe}"
"12-08-2026 16:03:29","2","Information","CLoggerSrvLogging","Endpoint unmute Endpoint id: {0.0.1.00000000}.{ecf6848c-847e-4df1-a443-b782d271ccbe}"
"12-08-2026 16:03:24","2","Information","CLoggerSrvLogging","Endpoint unmute Endpoint id: {0.0.1.00000000}.{ecf6848c-847e-4df1-a443-b782d271ccbe}"
"12-08-2026 16:03:23","2","Information","CLoggerSrvLogging","Endpoint unmute Endpoint id: {0.0.1.00000000}.{ecf6848c-847e-4df1-a443-b782d271ccbe}"
"12-08-2026 16:03:22","2","Information","CLoggerSrvLogging","Endpoint unmute Endpoint id: {0.0.1.00000000}.{09dfa0d1-cc45-493b-929e-f589428755cb}"
"12-08-2026 16:03:22","7","Information","CLoggerSrvLogging","Default Playback device change ( Communications)  {0.0.0.00000000}.{8be792fc-74bb-47db-9561-be1e35261fbb}  Headset Earphone (Plantronics Blackwire 3225 Series)  {2}.\\?\intelaudio#ctlr_dev_7728&linktype_06&devtype_06&ven_8086&dev_ae50&subsys_0ce81028&rev_0001#5&32640736&1&0604dif_000b&uif_0000#{6994ad04-93ef-11d0-a3cc-00a0c9223196}\intcusbtoporender_f5f6047fc0580000_1"
"12-08-2026 16:03:22","7","Information","CLoggerSrvLogging","Default Playback device change ( Multimedia)  {0.0.0.00000000}.{8be792fc-74bb-47db-9561-be1e35261fbb}  Headset Earphone (Plantronics Blackwire 3225 Series)  {2}.\\?\intelaudio#ctlr_dev_7728&linktype_06&devtype_06&ven_8086&dev_ae50&subsys_0ce81028&rev_0001#5&32640736&1&0604dif_000b&uif_0000#{6994ad04-93ef-11d0-a3cc-00a0c9223196}\intcusbtoporender_f5f6047fc0580000_1"
"12-08-2026 16:03:22","7","Information","CLoggerSrvLogging","Default Playback device change ( Console)  {0.0.0.00000000}.{8be792fc-74bb-47db-9561-be1e35261fbb}  Headset Earphone (Plantronics Blackwire 3225 Series)  {2}.\\?\intelaudio#ctlr_dev_7728&linktype_06&devtype_06&ven_8086&dev_ae50&subsys_0ce81028&rev_0001#5&32640736&1&0604dif_000b&uif_0000#{6994ad04-93ef-11d0-a3cc-00a0c9223196}\intcusbtoporender_f5f6047fc0580000_1"
"12-08-2026 16:03:22","7","Information","CLoggerSrvLogging","Default Recording device change ( Communications)  {0.0.1.00000000}.{ecf6848c-847e-4df1-a443-b782d271ccbe}  Headset Microphone (Plantronics Blackwire 3225 Series)  {2}.\\?\intelaudio#ctlr_dev_7728&linktype_06&devtype_06&ven_8086&dev_ae50&subsys_0ce81028&rev_0001#5&32640736&1&0604dif_000b&uif_0000#{6994ad04-93ef-11d0-a3cc-00a0c9223196}\intcusbtopocapture_f5f6047fc0580000_0"
"12-08-2026 16:03:22","7","Information","CLoggerSrvLogging","Default Recording device change ( Multimedia)  {0.0.1.00000000}.{ecf6848c-847e-4df1-a443-b782d271ccbe}  Headset Microphone (Plantronics Blackwire 3225 Series)  {2}.\\?\intelaudio#ctlr_dev_7728&linktype_06&devtype_06&ven_8086&dev_ae50&subsys_0ce81028&rev_0001#5&32640736&1&0604dif_000b&uif_0000#{6994ad04-93ef-11d0-a3cc-00a0c9223196}\intcusbtopocapture_f5f6047fc0580000_0"
"12-08-2026 16:03:22","7","Information","CLoggerSrvLogging","Default Recording device change ( Console)  {0.0.1.00000000}.{ecf6848c-847e-4df1-a443-b782d271ccbe}  Headset Microphone (Plantronics Blackwire 3225 Series)  {2}.\\?\intelaudio#ctlr_dev_7728&linktype_06&devtype_06&ven_8086&dev_ae50&subsys_0ce81028&rev_0001#5&32640736&1&0604dif_000b&uif_0000#{6994ad04-93ef-11d0-a3cc-00a0c9223196}\intcusbtopocapture_f5f6047fc0580000_0"
"12-08-2026 16:03:17","2","Information","CLoggerSrvLogging","Endpoint unmute Endpoint id: {0.0.1.00000000}.{09dfa0d1-cc45-493b-929e-f589428755cb}"
"11-08-2026 17:34:05","7","Information","CLoggerSrvLogging","Default Recording device change ( Communications)  {0.0.1.00000000}.{09dfa0d1-cc45-493b-929e-f589428755cb}  Microphone Array on SoundWire Device (Cirrus Logic XU)  {2}.\\?\soundwire#sdca_06&man_01fa&func_4243&type_03&ver_01&adr_02&lid_00&uid_00&subsys_0ce81028&dynamicenummicrophone0#8&b76481&0&00000400#{6994ad04-93ef-11d0-a3cc-00a0c9223196}\microphone0"
"11-08-2026 17:34:05","7","Information","CLoggerSrvLogging","Default Recording device change ( Multimedia)  {0.0.1.00000000}.{09dfa0d1-cc45-493b-929e-f589428755cb}  Microphone Array on SoundWire Device (Cirrus Logic XU)  {2}.\\?\soundwire#sdca_06&man_01fa&func_4243&type_03&ver_01&adr_02&lid_00&uid_00&subsys_0ce81028&dynamicenummicrophone0#8&b76481&0&00000400#{6994ad04-93ef-11d0-a3cc-00a0c9223196}\microphone0"
"11-08-2026 17:34:05","7","Information","CLoggerSrvLogging","Default Recording device change ( Console)  {0.0.1.00000000}.{09dfa0d1-cc45-493b-929e-f589428755cb}  Microphone Array on SoundWire Device (Cirrus Logic XU)  {2}.\\?\soundwire#sdca_06&man_01fa&func_4243&type_03&ver_01&adr_02&lid_00&uid_00&subsys_0ce81028&dynamicenummicrophone0#8&b76481&0&00000400#{6994ad04-93ef-11d0-a3cc-00a0c9223196}\microphone0"
"11-08-2026 17:34:05","7","Information","CLoggerSrvLogging","Default Playback device change ( Communications)  {0.0.0.00000000}.{45d28dc2-5526-4063-98de-2b18fc40ed90}  Speakers (4- Cirrus Logic XU)  {2}.\\?\soundwire#sdca_06&man_01fa&func_4243&type_01&ver_01&adr_01&lid_00&uid_00&subsys_0ce81028&dynamicenumspeaker0#8&b83798c&0&00000c00#{6994ad04-93ef-11d0-a3cc-00a0c9223196}\speaker0"
"11-08-2026 17:34:05","7","Information","CLoggerSrvLogging","Default Playback device change ( Multimedia)  {0.0.0.00000000}.{45d28dc2-5526-4063-98de-2b18fc40ed90}  Speakers (4- Cirrus Logic XU)  {2}.\\?\soundwire#sdca_06&man_01fa&func_4243&type_01&ver_01&adr_01&lid_00&uid_00&subsys_0ce81028&dynamicenumspeaker0#8&b83798c&0&00000c00#{6994ad04-93ef-11d0-a3cc-00a0c9223196}\speaker0"
"11-08-2026 17:34:05","7","Information","CLoggerSrvLogging","Default Playback device change ( Console)  {0.0.0.00000000}.{45d28dc2-5526-4063-98de-2b18fc40ed90}  Speakers (4- Cirrus Logic XU)  {2}.\\?\soundwire#sdca_06&man_01fa&func_4243&type_01&ver_01&adr_01&lid_00&uid_00&subsys_0ce81028&dynamicenumspeaker0#8&b83798c&0&00000c00#{6994ad04-93ef-11d0-a3cc-00a0c9223196}\speaker0"
"11-08-2026 17:00:58","7","Information","CLoggerSrvLogging","Default Playback device change ( Communications)  {0.0.0.00000000}.{8be792fc-74bb-47db-9561-be1e35261fbb}  Headset Earphone (Plantronics Blackwire 3225 Series)  {2}.\\?\intelaudio#ctlr_dev_7728&linktype_06&devtype_06&ven_8086&dev_ae50&subsys_0ce81028&rev_0001#5&32640736&1&0604dif_000b&uif_0000#{6994ad04-93ef-11d0-a3cc-00a0c9223196}\intcusbtoporender_f5f6047fc0580000_1"
"11-08-2026 17:00:58","7","Information","CLoggerSrvLogging","Default Playback device change ( Multimedia)  {0.0.0.00000000}.{8be792fc-74bb-47db-9561-be1e35261fbb}  Headset Earphone (Plantronics Blackwire 3225 Series)  {2}.\\?\intelaudio#ctlr_dev_7728&linktype_06&devtype_06&ven_8086&dev_ae50&subsys_0ce81028&rev_0001#5&32640736&1&0604dif_000b&uif_0000#{6994ad04-93ef-11d0-a3cc-00a0c9223196}\intcusbtoporender_f5f6047fc0580000_1"
"11-08-2026 17:00:58","7","Information","CLoggerSrvLogging","Default Playback device change ( Console)  {0.0.0.00000000}.{8be792fc-74bb-47db-9561-be1e35261fbb}  Headset Earphone (Plantronics Blackwire 3225 Series)  {2}.\\?\intelaudio#ctlr_dev_7728&linktype_06&devtype_06&ven_8086&dev_ae50&subsys_0ce81028&rev_0001#5&32640736&1&0604dif_000b&uif_0000#{6994ad04-93ef-11d0-a3cc-00a0c9223196}\intcusbtoporender_f5f6047fc0580000_1"
"11-08-2026 17:00:58","7","Information","CLoggerSrvLogging","Default Recording device change ( Communications)  {0.0.1.00000000}.{ecf6848c-847e-4df1-a443-b782d271ccbe}  Headset Microphone (Plantronics Blackwire 3225 Series)  {2}.\\?\intelaudio#ctlr_dev_7728&linktype_06&devtype_06&ven_8086&dev_ae50&subsys_0ce81028&rev_0001#5&32640736&1&0604dif_000b&uif_0000#{6994ad04-93ef-11d0-a3cc-00a0c9223196}\intcusbtopocapture_f5f6047fc0580000_0"
"11-08-2026 17:00:58","7","Information","CLoggerSrvLogging","Default Recording device change ( Multimedia)  {0.0.1.00000000}.{ecf6848c-847e-4df1-a443-b782d271ccbe}  Headset Microphone (Plantronics Blackwire 3225 Series)  {2}.\\?\intelaudio#ctlr_dev_7728&linktype_06&devtype_06&ven_8086&dev_ae50&subsys_0ce81028&rev_0001#5&32640736&1&0604dif_000b&uif_0000#{6994ad04-93ef-11d0-a3cc-00a0c9223196}\intcusbtopocapture_f5f6047fc0580000_0"
"11-08-2026 17:00:58","7","Information","CLoggerSrvLogging","Default Recording device change ( Console)  {0.0.1.00000000}.{ecf6848c-847e-4df1-a443-b782d271ccbe}  Headset Microphone (Plantronics Blackwire 3225 Series)  {2}.\\?\intelaudio#ctlr_dev_7728&linktype_06&devtype_06&ven_8086&dev_ae50&subsys_0ce81028&rev_0001#5&32640736&1&0604dif_000b&uif_0000#{6994ad04-93ef-11d0-a3cc-00a0c9223196}\intcusbtopocapture_f5f6047fc0580000_0"
"11-08-2026 17:00:55","7","Information","CLoggerSrvLogging","Default Recording device change ( Communications)  {0.0.1.00000000}.{09dfa0d1-cc45-493b-929e-f589428755cb}  Microphone Array on SoundWire Device (Cirrus Logic XU)  {2}.\\?\soundwire#sdca_06&man_01fa&func_4243&type_03&ver_01&adr_02&lid_00&uid_00&subsys_0ce81028&dynamicenummicrophone0#8&b76481&0&00000400#{6994ad04-93ef-11d0-a3cc-00a0c9223196}\microphone0"
"11-08-2026 17:00:55","7","Information","CLoggerSrvLogging","Default Recording device change ( Multimedia)  {0.0.1.00000000}.{09dfa0d1-cc45-493b-929e-f589428755cb}  Microphone Array on SoundWire Device (Cirrus Logic XU)  {2}.\\?\soundwire#sdca_06&man_01fa&func_4243&type_03&ver_01&adr_02&lid_00&uid_00&subsys_0ce81028&dynamicenummicrophone0#8&b76481&0&00000400#{6994ad04-93ef-11d0-a3cc-00a0c9223196}\microphone0"
"11-08-2026 17:00:55","7","Information","CLoggerSrvLogging","Default Recording device change ( Console)  {0.0.1.00000000}.{09dfa0d1-cc45-493b-929e-f589428755cb}  Microphone Array on SoundWire Device (Cirrus Logic XU)  {2}.\\?\soundwire#sdca_06&man_01fa&func_4243&type_03&ver_01&adr_02&lid_00&uid_00&subsys_0ce81028&dynamicenummicrophone0#8&b76481&0&00000400#{6994ad04-93ef-11d0-a3cc-00a0c9223196}\microphone0"
"11-08-2026 17:00:55","7","Information","CLoggerSrvLogging","Default Playback device change ( Communications)  {0.0.0.00000000}.{45d28dc2-5526-4063-98de-2b18fc40ed90}  Speakers (4- Cirrus Logic XU)  {2}.\\?\soundwire#sdca_06&man_01fa&func_4243&type_01&ver_01&adr_01&lid_00&uid_00&subsys_0ce81028&dynamicenumspeaker0#8&b83798c&0&00000c00#{6994ad04-93ef-11d0-a3cc-00a0c9223196}\speaker0"
"11-08-2026 17:00:55","7","Information","CLoggerSrvLogging","Default Playback device change ( Multimedia)  {0.0.0.00000000}.{45d28dc2-5526-4063-98de-2b18fc40ed90}  Speakers (4- Cirrus Logic XU)  {2}.\\?\soundwire#sdca_06&man_01fa&func_4243&type_01&ver_01&adr_01&lid_00&uid_00&subsys_0ce81028&dynamicenumspeaker0#8&b83798c&0&00000c00#{6994ad04-93ef-11d0-a3cc-00a0c9223196}\speaker0"
"11-08-2026 17:00:55","7","Information","CLoggerSrvLogging","Default Playback device change ( Console)  {0.0.0.00000000}.{45d28dc2-5526-4063-98de-2b18fc40ed90}  Speakers (4- Cirrus Logic XU)  {2}.\\?\soundwire#sdca_06&man_01fa&func_4243&type_01&ver_01&adr_01&lid_00&uid_00&subsys_0ce81028&dynamicenumspeaker0#8&b83798c&0&00000c00#{6994ad04-93ef-11d0-a3cc-00a0c9223196}\speaker0"
"11-08-2026 16:57:28","7","Information","CLoggerSrvLogging","Default Playback device change ( Communications)  {0.0.0.00000000}.{8be792fc-74bb-47db-9561-be1e35261fbb}  Headset Earphone (Plantronics Blackwire 3225 Series)  {2}.\\?\intelaudio#ctlr_dev_7728&linktype_06&devtype_06&ven_8086&dev_ae50&subsys_0ce81028&rev_0001#5&32640736&1&0604dif_000b&uif_0000#{6994ad04-93ef-11d0-a3cc-00a0c9223196}\intcusbtoporender_f5f6047fc0580000_1"
"11-08-2026 16:57:28","7","Information","CLoggerSrvLogging","Default Playback device change ( Multimedia)  {0.0.0.00000000}.{8be792fc-74bb-47db-9561-be1e35261fbb}  Headset Earphone (Plantronics Blackwire 3225 Series)  {2}.\\?\intelaudio#ctlr_dev_7728&linktype_06&devtype_06&ven_8086&dev_ae50&subsys_0ce81028&rev_0001#5&32640736&1&0604dif_000b&uif_0000#{6994ad04-93ef-11d0-a3cc-00a0c9223196}\intcusbtoporender_f5f6047fc0580000_1"
"11-08-2026 16:57:28","7","Information","CLoggerSrvLogging","Default Playback device change ( Console)  {0.0.0.00000000}.{8be792fc-74bb-47db-9561-be1e35261fbb}  Headset Earphone (Plantronics Blackwire 3225 Series)  {2}.\\?\intelaudio#ctlr_dev_7728&linktype_06&devtype_06&ven_8086&dev_ae50&subsys_0ce81028&rev_0001#5&32640736&1&0604dif_000b&uif_0000#{6994ad04-93ef-11d0-a3cc-00a0c9223196}\intcusbtoporender_f5f6047fc0580000_1"
"11-08-2026 16:57:28","7","Information","CLoggerSrvLogging","Default Recording device change ( Communications)  {0.0.1.00000000}.{ecf6848c-847e-4df1-a443-b782d271ccbe}  Headset Microphone (Plantronics Blackwire 3225 Series)  {2}.\\?\intelaudio#ctlr_dev_7728&linktype_06&devtype_06&ven_8086&dev_ae50&subsys_0ce81028&rev_0001#5&32640736&1&0604dif_000b&uif_0000#{6994ad04-93ef-11d0-a3cc-00a0c9223196}\intcusbtopocapture_f5f6047fc0580000_0"
"11-08-2026 16:57:28","7","Information","CLoggerSrvLogging","Default Recording device change ( Multimedia)  {0.0.1.00000000}.{ecf6848c-847e-4df1-a443-b782d271ccbe}  Headset Microphone (Plantronics Blackwire 3225 Series)  {2}.\\?\intelaudio#ctlr_dev_7728&linktype_06&devtype_06&ven_8086&dev_ae50&subsys_0ce81028&rev_0001#5&32640736&1&0604dif_000b&uif_0000#{6994ad04-93ef-11d0-a3cc-00a0c9223196}\intcusbtopocapture_f5f6047fc0580000_0"
"11-08-2026 16:57:28","7","Information","CLoggerSrvLogging","Default Recording device change ( Console)  {0.0.1.00000000}.{ecf6848c-847e-4df1-a443-b782d271ccbe}  Headset Microphone (Plantronics Blackwire 3225 Series)  {2}.\\?\intelaudio#ctlr_dev_7728&linktype_06&devtype_06&ven_8086&dev_ae50&subsys_0ce81028&rev_0001#5&32640736&1&0604dif_000b&uif_0000#{6994ad04-93ef-11d0-a3cc-00a0c9223196}\intcusbtopocapture_f5f6047fc0580000_0"
"11-08-2026 15:59:40","7","Information","CLoggerSrvLogging","Default Recording device change ( Communications)  {0.0.1.00000000}.{09dfa0d1-cc45-493b-929e-f589428755cb}  Microphone Array on SoundWire Device (Cirrus Logic XU)  {2}.\\?\soundwire#sdca_06&man_01fa&func_4243&type_03&ver_01&adr_02&lid_00&uid_00&subsys_0ce81028&dynamicenummicrophone0#8&b76481&0&00000400#{6994ad04-93ef-11d0-a3cc-00a0c9223196}\microphone0"
"11-08-2026 15:59:40","7","Information","CLoggerSrvLogging","Default Recording device change ( Multimedia)  {0.0.1.00000000}.{09dfa0d1-cc45-493b-929e-f589428755cb}  Microphone Array on SoundWire Device (Cirrus Logic XU)  {2}.\\?\soundwire#sdca_06&man_01fa&func_4243&type_03&ver_01&adr_02&lid_00&uid_00&subsys_0ce81028&dynamicenummicrophone0#8&b76481&0&00000400#{6994ad04-93ef-11d0-a3cc-00a0c9223196}\microphone0"
"11-08-2026 15:59:40","7","Information","CLoggerSrvLogging","Default Recording device change ( Console)  {0.0.1.00000000}.{09dfa0d1-cc45-493b-929e-f589428755cb}  Microphone Array on SoundWire Device (Cirrus Logic XU)  {2}.\\?\soundwire#sdca_06&man_01fa&func_4243&type_03&ver_01&adr_02&lid_00&uid_00&subsys_0ce81028&dynamicenummicrophone0#8&b76481&0&00000400#{6994ad04-93ef-11d0-a3cc-00a0c9223196}\microphone0"
"11-08-2026 15:59:40","7","Information","CLoggerSrvLogging","Default Playback device change ( Communications)  {0.0.0.00000000}.{45d28dc2-5526-4063-98de-2b18fc40ed90}  Speakers (4- Cirrus Logic XU)  {2}.\\?\soundwire#sdca_06&man_01fa&func_4243&type_01&ver_01&adr_01&lid_00&uid_00&subsys_0ce81028&dynamicenumspeaker0#8&b83798c&0&00000c00#{6994ad04-93ef-11d0-a3cc-00a0c9223196}\speaker0"
"11-08-2026 15:59:40","7","Information","CLoggerSrvLogging","Default Playback device change ( Multimedia)  {0.0.0.00000000}.{45d28dc2-5526-4063-98de-2b18fc40ed90}  Speakers (4- Cirrus Logic XU)  {2}.\\?\soundwire#sdca_06&man_01fa&func_4243&type_01&ver_01&adr_01&lid_00&uid_00&subsys_0ce81028&dynamicenumspeaker0#8&b83798c&0&00000c00#{6994ad04-93ef-11d0-a3cc-00a0c9223196}\speaker0"
"11-08-2026 15:59:40","7","Information","CLoggerSrvLogging","Default Playback device change ( Console)  {0.0.0.00000000}.{45d28dc2-5526-4063-98de-2b18fc40ed90}  Speakers (4- Cirrus Logic XU)  {2}.\\?\soundwire#sdca_06&man_01fa&func_4243&type_01&ver_01&adr_01&lid_00&uid_00&subsys_0ce81028&dynamicenumspeaker0#8&b83798c&0&00000c00#{6994ad04-93ef-11d0-a3cc-00a0c9223196}\speaker0"
"11-08-2026 15:27:32","7","Information","CLoggerSrvLogging","Default Playback device change ( Communications)  {0.0.0.00000000}.{8be792fc-74bb-47db-9561-be1e35261fbb}  Headset Earphone (Plantronics Blackwire 3225 Series)  {2}.\\?\intelaudio#ctlr_dev_7728&linktype_06&devtype_06&ven_8086&dev_ae50&subsys_0ce81028&rev_0001#5&32640736&1&0604dif_000b&uif_0000#{6994ad04-93ef-11d0-a3cc-00a0c9223196}\intcusbtoporender_f5f6047fc0580000_1"
"11-08-2026 15:27:32","7","Information","CLoggerSrvLogging","Default Playback device change ( Multimedia)  {0.0.0.00000000}.{8be792fc-74bb-47db-9561-be1e35261fbb}  Headset Earphone (Plantronics Blackwire 3225 Series)  {2}.\\?\intelaudio#ctlr_dev_7728&linktype_06&devtype_06&ven_8086&dev_ae50&subsys_0ce81028&rev_0001#5&32640736&1&0604dif_000b&uif_0000#{6994ad04-93ef-11d0-a3cc-00a0c9223196}\intcusbtoporender_f5f6047fc0580000_1"
"11-08-2026 15:27:32","7","Information","CLoggerSrvLogging","Default Playback device change ( Console)  {0.0.0.00000000}.{8be792fc-74bb-47db-9561-be1e35261fbb}  Headset Earphone (Plantronics Blackwire 3225 Series)  {2}.\\?\intelaudio#ctlr_dev_7728&linktype_06&devtype_06&ven_8086&dev_ae50&subsys_0ce81028&rev_0001#5&32640736&1&0604dif_000b&uif_0000#{6994ad04-93ef-11d0-a3cc-00a0c9223196}\intcusbtoporender_f5f6047fc0580000_1"
"11-08-2026 15:27:32","7","Information","CLoggerSrvLogging","Default Recording device change ( Communications)  {0.0.1.00000000}.{ecf6848c-847e-4df1-a443-b782d271ccbe}  Headset Microphone (Plantronics Blackwire 3225 Series)  {2}.\\?\intelaudio#ctlr_dev_7728&linktype_06&devtype_06&ven_8086&dev_ae50&subsys_0ce81028&rev_0001#5&32640736&1&0604dif_000b&uif_0000#{6994ad04-93ef-11d0-a3cc-00a0c9223196}\intcusbtopocapture_f5f6047fc0580000_0"
"11-08-2026 15:27:32","7","Information","CLoggerSrvLogging","Default Recording device change ( Multimedia)  {0.0.1.00000000}.{ecf6848c-847e-4df1-a443-b782d271ccbe}  Headset Microphone (Plantronics Blackwire 3225 Series)  {2}.\\?\intelaudio#ctlr_dev_7728&linktype_06&devtype_06&ven_8086&dev_ae50&subsys_0ce81028&rev_0001#5&32640736&1&0604dif_000b&uif_0000#{6994ad04-93ef-11d0-a3cc-00a0c9223196}\intcusbtopocapture_f5f6047fc0580000_0"
"11-08-2026 15:27:32","7","Information","CLoggerSrvLogging","Default Recording device change ( Console)  {0.0.1.00000000}.{ecf6848c-847e-4df1-a443-b782d271ccbe}  Headset Microphone (Plantronics Blackwire 3225 Series)  {2}.\\?\intelaudio#ctlr_dev_7728&linktype_06&devtype_06&ven_8086&dev_ae50&subsys_0ce81028&rev_0001#5&32640736&1&0604dif_000b&uif_0000#{6994ad04-93ef-11d0-a3cc-00a0c9223196}\intcusbtopocapture_f5f6047fc0580000_0"
"11-08-2026 10:02:19","2","Information","CLoggerSrvLogging","Endpoint unmute Endpoint id: {0.0.1.00000000}.{09dfa0d1-cc45-493b-929e-f589428755cb}"
"11-08-2026 10:02:03","2","Information","CLoggerSrvLogging","Endpoint unmute Endpoint id: {0.0.1.00000000}.{09dfa0d1-cc45-493b-929e-f589428755cb}"
"11-08-2026 10:02:02","2","Information","CLoggerSrvLogging","Endpoint unmute Endpoint id: {0.0.1.00000000}.{09dfa0d1-cc45-493b-929e-f589428755cb}"
"11-08-2026 10:02:02","2","Information","CLoggerSrvLogging","Endpoint unmute Endpoint id: {0.0.1.00000000}.{09dfa0d1-cc45-493b-929e-f589428755cb}"
"11-08-2026 10:02:02","2","Information","CLoggerSrvLogging","Endpoint unmute Endpoint id: {0.0.1.00000000}.{09dfa0d1-cc45-493b-929e-f589428755cb}"
"11-08-2026 10:02:01","2","Information","CLoggerSrvLogging","Endpoint unmute Endpoint id: {0.0.1.00000000}.{09dfa0d1-cc45-493b-929e-f589428755cb}"
"11-08-2026 10:02:01","2","Information","CLoggerSrvLogging","Endpoint unmute Endpoint id: {0.0.1.00000000}.{09dfa0d1-cc45-493b-929e-f589428755cb}"
"11-08-2026 10:02:00","2","Information","CLoggerSrvLogging","Endpoint unmute Endpoint id: {0.0.1.00000000}.{09dfa0d1-cc45-493b-929e-f589428755cb}"
"11-08-2026 10:02:00","2","Information","CLoggerSrvLogging","Endpoint unmute Endpoint id: {0.0.1.00000000}.{09dfa0d1-cc45-493b-929e-f589428755cb}"
"11-08-2026 10:02:00","2","Information","CLoggerSrvLogging","Endpoint unmute Endpoint id: {0.0.1.00000000}.{09dfa0d1-cc45-493b-929e-f589428755cb}"
"11-08-2026 10:01:59","2","Information","CLoggerSrvLogging","Endpoint unmute Endpoint id: {0.0.1.00000000}.{09dfa0d1-cc45-493b-929e-f589428755cb}"
"10-08-2026 15:48:34","7","Information","CLoggerSrvLogging","Default Playback device change ( Communications)  {0.0.0.00000000}.{45d28dc2-5526-4063-98de-2b18fc40ed90}  Speakers (4- Cirrus Logic XU)  {2}.\\?\soundwire#sdca_06&man_01fa&func_4243&type_01&ver_01&adr_01&lid_00&uid_00&subsys_0ce81028&dynamicenumspeaker0#8&b83798c&0&00000c00#{6994ad04-93ef-11d0-a3cc-00a0c9223196}\speaker0"
"10-08-2026 15:48:34","7","Information","CLoggerSrvLogging","Default Playback device change ( Multimedia)  {0.0.0.00000000}.{45d28dc2-5526-4063-98de-2b18fc40ed90}  Speakers (4- Cirrus Logic XU)  {2}.\\?\soundwire#sdca_06&man_01fa&func_4243&type_01&ver_01&adr_01&lid_00&uid_00&subsys_0ce81028&dynamicenumspeaker0#8&b83798c&0&00000c00#{6994ad04-93ef-11d0-a3cc-00a0c9223196}\speaker0"
"10-08-2026 15:48:34","7","Information","CLoggerSrvLogging","Default Playback device change ( Console)  {0.0.0.00000000}.{45d28dc2-5526-4063-98de-2b18fc40ed90}  Speakers (4- Cirrus Logic XU)  {2}.\\?\soundwire#sdca_06&man_01fa&func_4243&type_01&ver_01&adr_01&lid_00&uid_00&subsys_0ce81028&dynamicenumspeaker0#8&b83798c&0&00000c00#{6994ad04-93ef-11d0-a3cc-00a0c9223196}\speaker0"
"10-08-2026 15:48:28","7","Information","CLoggerSrvLogging","Default Recording device change ( Communications)  {0.0.1.00000000}.{09dfa0d1-cc45-493b-929e-f589428755cb}  Microphone Array on SoundWire Device (Cirrus Logic XU)  {2}.\\?\soundwire#sdca_06&man_01fa&func_4243&type_03&ver_01&adr_02&lid_00&uid_00&subsys_0ce81028&dynamicenummicrophone0#8&b76481&0&00000400#{6994ad04-93ef-11d0-a3cc-00a0c9223196}\microphone0"
"10-08-2026 15:48:28","7","Information","CLoggerSrvLogging","Default Recording device change ( Multimedia)  {0.0.1.00000000}.{09dfa0d1-cc45-493b-929e-f589428755cb}  Microphone Array on SoundWire Device (Cirrus Logic XU)  {2}.\\?\soundwire#sdca_06&man_01fa&func_4243&type_03&ver_01&adr_02&lid_00&uid_00&subsys_0ce81028&dynamicenummicrophone0#8&b76481&0&00000400#{6994ad04-93ef-11d0-a3cc-00a0c9223196}\microphone0"
"10-08-2026 15:48:28","7","Information","CLoggerSrvLogging","Default Recording device change ( Console)  {0.0.1.00000000}.{09dfa0d1-cc45-493b-929e-f589428755cb}  Microphone Array on SoundWire Device (Cirrus Logic XU)  {2}.\\?\soundwire#sdca_06&man_01fa&func_4243&type_03&ver_01&adr_02&lid_00&uid_00&subsys_0ce81028&dynamicenummicrophone0#8&b76481&0&00000400#{6994ad04-93ef-11d0-a3cc-00a0c9223196}\microphone0"
"10-08-2026 15:48:28","7","Information","CLoggerSrvLogging","Default Playback device change ( Communications)  {0.0.0.00000000}.{c78b6291-923b-4734-b0e3-cb3790d7950e}  DELL U2422HE (3- HD Audio Driver for Display Audio)  {2}.\\?\hdaudio#subfunc_01&ven_8086&dev_281d&nid_0001&subsys_00000000&rev_1000#6&15d34dff&0&0002&00000029#{6994ad04-93ef-11d0-a3cc-00a0c9223196}\ehdmiouttopo"
"10-08-2026 15:48:28","7","Information","CLoggerSrvLogging","Default Playback device change ( Multimedia)  {0.0.0.00000000}.{c78b6291-923b-4734-b0e3-cb3790d7950e}  DELL U2422HE (3- HD Audio Driver for Display Audio)  {2}.\\?\hdaudio#subfunc_01&ven_8086&dev_281d&nid_0001&subsys_00000000&rev_1000#6&15d34dff&0&0002&00000029#{6994ad04-93ef-11d0-a3cc-00a0c9223196}\ehdmiouttopo"
"10-08-2026 15:48:28","7","Information","CLoggerSrvLogging","Default Playback device change ( Console)  {0.0.0.00000000}.{c78b6291-923b-4734-b0e3-cb3790d7950e}  DELL U2422HE (3- HD Audio Driver for Display Audio)  {2}.\\?\hdaudio#subfunc_01&ven_8086&dev_281d&nid_0001&subsys_00000000&rev_1000#6&15d34dff&0&0002&00000029#{6994ad04-93ef-11d0-a3cc-00a0c9223196}\ehdmiouttopo"
"10-08-2026 15:25:26","7","Information","CLoggerSrvLogging","Default Playback device change ( Communications)  {0.0.0.00000000}.{8be792fc-74bb-47db-9561-be1e35261fbb}  Headset Earphone (Plantronics Blackwire 3225 Series)  {2}.\\?\intelaudio#ctlr_dev_7728&linktype_06&devtype_06&ven_8086&dev_ae50&subsys_0ce81028&rev_0001#5&32640736&1&0604dif_000b&uif_0000#{6994ad04-93ef-11d0-a3cc-00a0c9223196}\intcusbtoporender_f5f6047fc0580000_1"
"10-08-2026 15:25:26","7","Information","CLoggerSrvLogging","Default Playback device change ( Multimedia)  {0.0.0.00000000}.{8be792fc-74bb-47db-9561-be1e35261fbb}  Headset Earphone (Plantronics Blackwire 3225 Series)  {2}.\\?\intelaudio#ctlr_dev_7728&linktype_06&devtype_06&ven_8086&dev_ae50&subsys_0ce81028&rev_0001#5&32640736&1&0604dif_000b&uif_0000#{6994ad04-93ef-11d0-a3cc-00a0c9223196}\intcusbtoporender_f5f6047fc0580000_1"
"10-08-2026 15:25:26","7","Information","CLoggerSrvLogging","Default Playback device change ( Console)  {0.0.0.00000000}.{8be792fc-74bb-47db-9561-be1e35261fbb}  Headset Earphone (Plantronics Blackwire 3225 Series)  {2}.\\?\intelaudio#ctlr_dev_7728&linktype_06&devtype_06&ven_8086&dev_ae50&subsys_0ce81028&rev_0001#5&32640736&1&0604dif_000b&uif_0000#{6994ad04-93ef-11d0-a3cc-00a0c9223196}\intcusbtoporender_f5f6047fc0580000_1"
"10-08-2026 15:25:26","7","Information","CLoggerSrvLogging","Default Recording device change ( Communications)  {0.0.1.00000000}.{ecf6848c-847e-4df1-a443-b782d271ccbe}  Headset Microphone (Plantronics Blackwire 3225 Series)  {2}.\\?\intelaudio#ctlr_dev_7728&linktype_06&devtype_06&ven_8086&dev_ae50&subsys_0ce81028&rev_0001#5&32640736&1&0604dif_000b&uif_0000#{6994ad04-93ef-11d0-a3cc-00a0c9223196}\intcusbtopocapture_f5f6047fc0580000_0"
"10-08-2026 15:25:26","7","Information","CLoggerSrvLogging","Default Recording device change ( Multimedia)  {0.0.1.00000000}.{ecf6848c-847e-4df1-a443-b782d271ccbe}  Headset Microphone (Plantronics Blackwire 3225 Series)  {2}.\\?\intelaudio#ctlr_dev_7728&linktype_06&devtype_06&ven_8086&dev_ae50&subsys_0ce81028&rev_0001#5&32640736&1&0604dif_000b&uif_0000#{6994ad04-93ef-11d0-a3cc-00a0c9223196}\intcusbtopocapture_f5f6047fc0580000_0"
"10-08-2026 15:25:26","7","Information","CLoggerSrvLogging","Default Recording device change ( Console)  {0.0.1.00000000}.{ecf6848c-847e-4df1-a443-b782d271ccbe}  Headset Microphone (Plantronics Blackwire 3225 Series)  {2}.\\?\intelaudio#ctlr_dev_7728&linktype_06&devtype_06&ven_8086&dev_ae50&subsys_0ce81028&rev_0001#5&32640736&1&0604dif_000b&uif_0000#{6994ad04-93ef-11d0-a3cc-00a0c9223196}\intcusbtopocapture_f5f6047fc0580000_0"
"10-08-2026 13:13:30","7","Information","CLoggerSrvLogging","Default Playback device change ( Communications)  {0.0.0.00000000}.{45d28dc2-5526-4063-98de-2b18fc40ed90}  Speakers (4- Cirrus Logic XU)  {2}.\\?\soundwire#sdca_06&man_01fa&func_4243&type_01&ver_01&adr_01&lid_00&uid_00&subsys_0ce81028&dynamicenumspeaker0#8&b83798c&0&00000c00#{6994ad04-93ef-11d0-a3cc-00a0c9223196}\speaker0"
"10-08-2026 13:13:30","7","Information","CLoggerSrvLogging","Default Playback device change ( Multimedia)  {0.0.0.00000000}.{45d28dc2-5526-4063-98de-2b18fc40ed90}  Speakers (4- Cirrus Logic XU)  {2}.\\?\soundwire#sdca_06&man_01fa&func_4243&type_01&ver_01&adr_01&lid_00&uid_00&subsys_0ce81028&dynamicenumspeaker0#8&b83798c&0&00000c00#{6994ad04-93ef-11d0-a3cc-00a0c9223196}\speaker0"
"10-08-2026 13:13:30","7","Information","CLoggerSrvLogging","Default Playback device change ( Console)  {0.0.0.00000000}.{45d28dc2-5526-4063-98de-2b18fc40ed90}  Speakers (4- Cirrus Logic XU)  {2}.\\?\soundwire#sdca_06&man_01fa&func_4243&type_01&ver_01&adr_01&lid_00&uid_00&subsys_0ce81028&dynamicenumspeaker0#8&b83798c&0&00000c00#{6994ad04-93ef-11d0-a3cc-00a0c9223196}\speaker0"
"10-08-2026 13:13:23","7","Information","CLoggerSrvLogging","Default Recording device change ( Communications)  {0.0.1.00000000}.{09dfa0d1-cc45-493b-929e-f589428755cb}  Microphone Array on SoundWire Device (Cirrus Logic XU)  {2}.\\?\soundwire#sdca_06&man_01fa&func_4243&type_03&ver_01&adr_02&lid_00&uid_00&subsys_0ce81028&dynamicenummicrophone0#8&b76481&0&00000400#{6994ad04-93ef-11d0-a3cc-00a0c9223196}\microphone0"
"10-08-2026 13:13:23","7","Information","CLoggerSrvLogging","Default Recording device change ( Multimedia)  {0.0.1.00000000}.{09dfa0d1-cc45-493b-929e-f589428755cb}  Microphone Array on SoundWire Device (Cirrus Logic XU)  {2}.\\?\soundwire#sdca_06&man_01fa&func_4243&type_03&ver_01&adr_02&lid_00&uid_00&subsys_0ce81028&dynamicenummicrophone0#8&b76481&0&00000400#{6994ad04-93ef-11d0-a3cc-00a0c9223196}\microphone0"
"10-08-2026 13:13:23","7","Information","CLoggerSrvLogging","Default Recording device change ( Console)  {0.0.1.00000000}.{09dfa0d1-cc45-493b-929e-f589428755cb}  Microphone Array on SoundWire Device (Cirrus Logic XU)  {2}.\\?\soundwire#sdca_06&man_01fa&func_4243&type_03&ver_01&adr_02&lid_00&uid_00&subsys_0ce81028&dynamicenummicrophone0#8&b76481&0&00000400#{6994ad04-93ef-11d0-a3cc-00a0c9223196}\microphone0"
"10-08-2026 13:13:23","7","Information","CLoggerSrvLogging","Default Playback device change ( Communications)  {0.0.0.00000000}.{c78b6291-923b-4734-b0e3-cb3790d7950e}  DELL U2422HE (3- HD Audio Driver for Display Audio)  {2}.\\?\hdaudio#subfunc_01&ven_8086&dev_281d&nid_0001&subsys_00000000&rev_1000#6&15d34dff&0&0002&00000029#{6994ad04-93ef-11d0-a3cc-00a0c9223196}\ehdmiouttopo"
"10-08-2026 13:13:23","7","Information","CLoggerSrvLogging","Default Playback device change ( Multimedia)  {0.0.0.00000000}.{c78b6291-923b-4734-b0e3-cb3790d7950e}  DELL U2422HE (3- HD Audio Driver for Display Audio)  {2}.\\?\hdaudio#subfunc_01&ven_8086&dev_281d&nid_0001&subsys_00000000&rev_1000#6&15d34dff&0&0002&00000029#{6994ad04-93ef-11d0-a3cc-00a0c9223196}\ehdmiouttopo"
"10-08-2026 13:13:23","7","Information","CLoggerSrvLogging","Default Playback device change ( Console)  {0.0.0.00000000}.{c78b6291-923b-4734-b0e3-cb3790d7950e}  DELL U2422HE (3- HD Audio Driver for Display Audio)  {2}.\\?\hdaudio#subfunc_01&ven_8086&dev_281d&nid_0001&subsys_00000000&rev_1000#6&15d34dff&0&0002&00000029#{6994ad04-93ef-11d0-a3cc-00a0c9223196}\ehdmiouttopo"
"10-08-2026 12:50:24","2","Information","CLoggerSrvLogging","Endpoint unmute Endpoint id: {0.0.1.00000000}.{ecf6848c-847e-4df1-a443-b782d271ccbe}"
"10-08-2026 12:50:24","2","Information","CLoggerSrvLogging","Endpoint mute Endpoint id: {0.0.1.00000000}.{ecf6848c-847e-4df1-a443-b782d271ccbe}"
"10-08-2026 12:06:59","2","Information","CLoggerSrvLogging","Endpoint unmute Endpoint id: {0.0.1.00000000}.{09dfa0d1-cc45-493b-929e-f589428755cb}"
"10-08-2026 12:06:59","7","Information","CLoggerSrvLogging","Default Playback device change ( Communications)  {0.0.0.00000000}.{8be792fc-74bb-47db-9561-be1e35261fbb}  Headset Earphone (Plantronics Blackwire 3225 Series)  {2}.\\?\intelaudio#ctlr_dev_7728&linktype_06&devtype_06&ven_8086&dev_ae50&subsys_0ce81028&rev_0001#5&32640736&1&0604dif_000b&uif_0000#{6994ad04-93ef-11d0-a3cc-00a0c9223196}\intcusbtoporender_f5f6047fc0580000_1"
"10-08-2026 12:06:59","7","Information","CLoggerSrvLogging","Default Playback device change ( Multimedia)  {0.0.0.00000000}.{8be792fc-74bb-47db-9561-be1e35261fbb}  Headset Earphone (Plantronics Blackwire 3225 Series)  {2}.\\?\intelaudio#ctlr_dev_7728&linktype_06&devtype_06&ven_8086&dev_ae50&subsys_0ce81028&rev_0001#5&32640736&1&0604dif_000b&uif_0000#{6994ad04-93ef-11d0-a3cc-00a0c9223196}\intcusbtoporender_f5f6047fc0580000_1"
"10-08-2026 12:06:59","7","Information","CLoggerSrvLogging","Default Playback device change ( Console)  {0.0.0.00000000}.{8be792fc-74bb-47db-9561-be1e35261fbb}  Headset Earphone (Plantronics Blackwire 3225 Series)  {2}.\\?\intelaudio#ctlr_dev_7728&linktype_06&devtype_06&ven_8086&dev_ae50&subsys_0ce81028&rev_0001#5&32640736&1&0604dif_000b&uif_0000#{6994ad04-93ef-11d0-a3cc-00a0c9223196}\intcusbtoporender_f5f6047fc0580000_1"
"10-08-2026 12:06:59","7","Information","CLoggerSrvLogging","Default Recording device change ( Communications)  {0.0.1.00000000}.{ecf6848c-847e-4df1-a443-b782d271ccbe}  Headset Microphone (Plantronics Blackwire 3225 Series)  {2}.\\?\intelaudio#ctlr_dev_7728&linktype_06&devtype_06&ven_8086&dev_ae50&subsys_0ce81028&rev_0001#5&32640736&1&0604dif_000b&uif_0000#{6994ad04-93ef-11d0-a3cc-00a0c9223196}\intcusbtopocapture_f5f6047fc0580000_0"
"10-08-2026 12:06:59","7","Information","CLoggerSrvLogging","Default Recording device change ( Multimedia)  {0.0.1.00000000}.{ecf6848c-847e-4df1-a443-b782d271ccbe}  Headset Microphone (Plantronics Blackwire 3225 Series)  {2}.\\?\intelaudio#ctlr_dev_7728&linktype_06&devtype_06&ven_8086&dev_ae50&subsys_0ce81028&rev_0001#5&32640736&1&0604dif_000b&uif_0000#{6994ad04-93ef-11d0-a3cc-00a0c9223196}\intcusbtopocapture_f5f6047fc0580000_0"
"10-08-2026 12:06:59","7","Information","CLoggerSrvLogging","Default Recording device change ( Console)  {0.0.1.00000000}.{ecf6848c-847e-4df1-a443-b782d271ccbe}  Headset Microphone (Plantronics Blackwire 3225 Series)  {2}.\\?\intelaudio#ctlr_dev_7728&linktype_06&devtype_06&ven_8086&dev_ae50&subsys_0ce81028&rev_0001#5&32640736&1&0604dif_000b&uif_0000#{6994ad04-93ef-11d0-a3cc-00a0c9223196}\intcusbtopocapture_f5f6047fc0580000_0"
"10-08-2026 12:06:23","2","Information","CLoggerSrvLogging","Endpoint unmute Endpoint id: {0.0.1.00000000}.{09dfa0d1-cc45-493b-929e-f589428755cb}"
"10-08-2026 12:06:23","7","Information","CLoggerSrvLogging","Default Recording device change ( Communications)  {0.0.1.00000000}.{09dfa0d1-cc45-493b-929e-f589428755cb}  Microphone Array on SoundWire Device (Cirrus Logic XU)  {2}.\\?\soundwire#sdca_06&man_01fa&func_4243&type_03&ver_01&adr_02&lid_00&uid_00&subsys_0ce81028&dynamicenummicrophone0#8&b76481&0&00000400#{6994ad04-93ef-11d0-a3cc-00a0c9223196}\microphone0"
"10-08-2026 12:06:23","7","Information","CLoggerSrvLogging","Default Recording device change ( Multimedia)  {0.0.1.00000000}.{09dfa0d1-cc45-493b-929e-f589428755cb}  Microphone Array on SoundWire Device (Cirrus Logic XU)  {2}.\\?\soundwire#sdca_06&man_01fa&func_4243&type_03&ver_01&adr_02&lid_00&uid_00&subsys_0ce81028&dynamicenummicrophone0#8&b76481&0&00000400#{6994ad04-93ef-11d0-a3cc-00a0c9223196}\microphone0"
"10-08-2026 12:06:23","7","Information","CLoggerSrvLogging","Default Recording device change ( Console)  {0.0.1.00000000}.{09dfa0d1-cc45-493b-929e-f589428755cb}  Microphone Array on SoundWire Device (Cirrus Logic XU)  {2}.\\?\soundwire#sdca_06&man_01fa&func_4243&type_03&ver_01&adr_02&lid_00&uid_00&subsys_0ce81028&dynamicenummicrophone0#8&b76481&0&00000400#{6994ad04-93ef-11d0-a3cc-00a0c9223196}\microphone0"
"10-08-2026 12:06:23","7","Information","CLoggerSrvLogging","Default Playback device change ( Communications)  {0.0.0.00000000}.{c78b6291-923b-4734-b0e3-cb3790d7950e}  DELL U2422HE (3- HD Audio Driver for Display Audio)  {2}.\\?\hdaudio#subfunc_01&ven_8086&dev_281d&nid_0001&subsys_00000000&rev_1000#6&15d34dff&0&0002&00000029#{6994ad04-93ef-11d0-a3cc-00a0c9223196}\ehdmiouttopo"
"10-08-2026 12:06:23","7","Information","CLoggerSrvLogging","Default Playback device change ( Multimedia)  {0.0.0.00000000}.{c78b6291-923b-4734-b0e3-cb3790d7950e}  DELL U2422HE (3- HD Audio Driver for Display Audio)  {2}.\\?\hdaudio#subfunc_01&ven_8086&dev_281d&nid_0001&subsys_00000000&rev_1000#6&15d34dff&0&0002&00000029#{6994ad04-93ef-11d0-a3cc-00a0c9223196}\ehdmiouttopo"
"10-08-2026 12:06:23","7","Information","CLoggerSrvLogging","Default Playback device change ( Console)  {0.0.0.00000000}.{c78b6291-923b-4734-b0e3-cb3790d7950e}  DELL U2422HE (3- HD Audio Driver for Display Audio)  {2}.\\?\hdaudio#subfunc_01&ven_8086&dev_281d&nid_0001&subsys_00000000&rev_1000#6&15d34dff&0&0002&00000029#{6994ad04-93ef-11d0-a3cc-00a0c9223196}\ehdmiouttopo"
"10-08-2026 12:01:24","2","Information","CLoggerSrvLogging","Endpoint unmute Endpoint id: {0.0.1.00000000}.{09dfa0d1-cc45-493b-929e-f589428755cb}"
"10-08-2026 12:01:24","7","Information","CLoggerSrvLogging","Default Playback device change ( Communications)  {0.0.0.00000000}.{8be792fc-74bb-47db-9561-be1e35261fbb}  Headset Earphone (Plantronics Blackwire 3225 Series)  {2}.\\?\intelaudio#ctlr_dev_7728&linktype_06&devtype_06&ven_8086&dev_ae50&subsys_0ce81028&rev_0001#5&32640736&1&0604dif_000b&uif_0000#{6994ad04-93ef-11d0-a3cc-00a0c9223196}\intcusbtoporender_f5f6047fc0580000_1"
"10-08-2026 12:01:24","7","Information","CLoggerSrvLogging","Default Playback device change ( Multimedia)  {0.0.0.00000000}.{8be792fc-74bb-47db-9561-be1e35261fbb}  Headset Earphone (Plantronics Blackwire 3225 Series)  {2}.\\?\intelaudio#ctlr_dev_7728&linktype_06&devtype_06&ven_8086&dev_ae50&subsys_0ce81028&rev_0001#5&32640736&1&0604dif_000b&uif_0000#{6994ad04-93ef-11d0-a3cc-00a0c9223196}\intcusbtoporender_f5f6047fc0580000_1"
"10-08-2026 12:01:24","7","Information","CLoggerSrvLogging","Default Playback device change ( Console)  {0.0.0.00000000}.{8be792fc-74bb-47db-9561-be1e35261fbb}  Headset Earphone (Plantronics Blackwire 3225 Series)  {2}.\\?\intelaudio#ctlr_dev_7728&linktype_06&devtype_06&ven_8086&dev_ae50&subsys_0ce81028&rev_0001#5&32640736&1&0604dif_000b&uif_0000#{6994ad04-93ef-11d0-a3cc-00a0c9223196}\intcusbtoporender_f5f6047fc0580000_1"
"10-08-2026 12:01:24","7","Information","CLoggerSrvLogging","Default Recording device change ( Communications)  {0.0.1.00000000}.{ecf6848c-847e-4df1-a443-b782d271ccbe}  Headset Microphone (Plantronics Blackwire 3225 Series)  {2}.\\?\intelaudio#ctlr_dev_7728&linktype_06&devtype_06&ven_8086&dev_ae50&subsys_0ce81028&rev_0001#5&32640736&1&0604dif_000b&uif_0000#{6994ad04-93ef-11d0-a3cc-00a0c9223196}\intcusbtopocapture_f5f6047fc0580000_0"
"10-08-2026 12:01:24","7","Information","CLoggerSrvLogging","Default Recording device change ( Multimedia)  {0.0.1.00000000}.{ecf6848c-847e-4df1-a443-b782d271ccbe}  Headset Microphone (Plantronics Blackwire 3225 Series)  {2}.\\?\intelaudio#ctlr_dev_7728&linktype_06&devtype_06&ven_8086&dev_ae50&subsys_0ce81028&rev_0001#5&32640736&1&0604dif_000b&uif_0000#{6994ad04-93ef-11d0-a3cc-00a0c9223196}\intcusbtopocapture_f5f6047fc0580000_0"
"10-08-2026 12:01:23","7","Information","CLoggerSrvLogging","Default Recording device change ( Console)  {0.0.1.00000000}.{ecf6848c-847e-4df1-a443-b782d271ccbe}  Headset Microphone (Plantronics Blackwire 3225 Series)  {2}.\\?\intelaudio#ctlr_dev_7728&linktype_06&devtype_06&ven_8086&dev_ae50&subsys_0ce81028&rev_0001#5&32640736&1&0604dif_000b&uif_0000#{6994ad04-93ef-11d0-a3cc-00a0c9223196}\intcusbtopocapture_f5f6047fc0580000_0"
"10-08-2026 12:00:58","2","Information","CLoggerSrvLogging","Endpoint unmute Endpoint id: {0.0.1.00000000}.{09dfa0d1-cc45-493b-929e-f589428755cb}"
"10-08-2026 11:34:23","2","Information","CLoggerSrvLogging","Endpoint unmute Endpoint id: {0.0.1.00000000}.{09dfa0d1-cc45-493b-929e-f589428755cb}"
"10-08-2026 11:34:03","2","Information","CLoggerSrvLogging","Endpoint unmute Endpoint id: {0.0.1.00000000}.{09dfa0d1-cc45-493b-929e-f589428755cb}"
"10-08-2026 11:34:03","2","Information","CLoggerSrvLogging","Endpoint unmute Endpoint id: {0.0.1.00000000}.{09dfa0d1-cc45-493b-929e-f589428755cb}"
"10-08-2026 11:33:46","2","Information","CLoggerSrvLogging","Endpoint unmute Endpoint id: {0.0.1.00000000}.{09dfa0d1-cc45-493b-929e-f589428755cb}"
"10-08-2026 11:33:45","2","Information","CLoggerSrvLogging","Endpoint unmute Endpoint id: {0.0.1.00000000}.{09dfa0d1-cc45-493b-929e-f589428755cb}"
"10-08-2026 11:33:45","2","Information","CLoggerSrvLogging","Endpoint unmute Endpoint id: {0.0.1.00000000}.{09dfa0d1-cc45-493b-929e-f589428755cb}"
"10-08-2026 11:33:44","2","Information","CLoggerSrvLogging","Endpoint unmute Endpoint id: {0.0.1.00000000}.{09dfa0d1-cc45-493b-929e-f589428755cb}"
"10-08-2026 11:33:44","2","Information","CLoggerSrvLogging","Endpoint unmute Endpoint id: {0.0.1.00000000}.{09dfa0d1-cc45-493b-929e-f589428755cb}"
"10-08-2026 11:33:41","2","Information","CLoggerSrvLogging","Endpoint unmute Endpoint id: {0.0.1.00000000}.{09dfa0d1-cc45-493b-929e-f589428755cb}"
"10-08-2026 11:33:41","2","Information","CLoggerSrvLogging","Endpoint unmute Endpoint id: {0.0.1.00000000}.{09dfa0d1-cc45-493b-929e-f589428755cb}"
"10-08-2026 11:33:41","2","Information","CLoggerSrvLogging","Endpoint unmute Endpoint id: {0.0.1.00000000}.{09dfa0d1-cc45-493b-929e-f589428755cb}"
"10-08-2026 11:32:40","2","Information","CLoggerSrvLogging","Endpoint unmute Endpoint id: {0.0.1.00000000}.{09dfa0d1-cc45-493b-929e-f589428755cb}"
"10-08-2026 11:32:33","2","Information","CLoggerSrvLogging","Endpoint unmute Endpoint id: {0.0.1.00000000}.{09dfa0d1-cc45-493b-929e-f589428755cb}"
"10-08-2026 11:32:29","2","Information","CLoggerSrvLogging","Endpoint unmute Endpoint id: {0.0.1.00000000}.{09dfa0d1-cc45-493b-929e-f589428755cb}"
"10-08-2026 11:32:29","2","Information","CLoggerSrvLogging","Endpoint unmute Endpoint id: {0.0.1.00000000}.{09dfa0d1-cc45-493b-929e-f589428755cb}"
"10-08-2026 11:32:29","2","Information","CLoggerSrvLogging","Endpoint unmute Endpoint id: {0.0.1.00000000}.{09dfa0d1-cc45-493b-929e-f589428755cb}"
"10-08-2026 11:32:26","2","Information","CLoggerSrvLogging","Endpoint unmute Endpoint id: {0.0.1.00000000}.{09dfa0d1-cc45-493b-929e-f589428755cb}"
"10-08-2026 11:32:26","2","Information","CLoggerSrvLogging","Endpoint unmute Endpoint id: {0.0.1.00000000}.{09dfa0d1-cc45-493b-929e-f589428755cb}"
"10-08-2026 11:32:26","2","Information","CLoggerSrvLogging","Endpoint unmute Endpoint id: {0.0.1.00000000}.{09dfa0d1-cc45-493b-929e-f589428755cb}"
"10-08-2026 11:32:25","2","Information","CLoggerSrvLogging","Endpoint unmute Endpoint id: {0.0.1.00000000}.{09dfa0d1-cc45-493b-929e-f589428755cb}"
"10-08-2026 11:32:25","2","Information","CLoggerSrvLogging","Endpoint unmute Endpoint id: {0.0.1.00000000}.{09dfa0d1-cc45-493b-929e-f589428755cb}"
"10-08-2026 11:32:25","2","Information","CLoggerSrvLogging","Endpoint unmute Endpoint id: {0.0.1.00000000}.{09dfa0d1-cc45-493b-929e-f589428755cb}"
"10-08-2026 11:32:24","2","Information","CLoggerSrvLogging","Endpoint unmute Endpoint id: {0.0.1.00000000}.{09dfa0d1-cc45-493b-929e-f589428755cb}"
"10-08-2026 11:32:23","2","Information","CLoggerSrvLogging","Endpoint unmute Endpoint id: {0.0.1.00000000}.{09dfa0d1-cc45-493b-929e-f589428755cb}"
"10-08-2026 11:32:22","2","Information","CLoggerSrvLogging","Endpoint unmute Endpoint id: {0.0.1.00000000}.{09dfa0d1-cc45-493b-929e-f589428755cb}"
"10-08-2026 11:32:22","2","Information","CLoggerSrvLogging","Endpoint unmute Endpoint id: {0.0.1.00000000}.{09dfa0d1-cc45-493b-929e-f589428755cb}"
"10-08-2026 11:32:17","2","Information","CLoggerSrvLogging","Endpoint unmute Endpoint id: {0.0.1.00000000}.{09dfa0d1-cc45-493b-929e-f589428755cb}"
"10-08-2026 11:32:17","2","Information","CLoggerSrvLogging","Endpoint unmute Endpoint id: {0.0.1.00000000}.{09dfa0d1-cc45-493b-929e-f589428755cb}"
"10-08-2026 11:32:17","2","Information","CLoggerSrvLogging","Endpoint unmute Endpoint id: {0.0.1.00000000}.{09dfa0d1-cc45-493b-929e-f589428755cb}"
"10-08-2026 11:32:17","2","Information","CLoggerSrvLogging","Endpoint unmute Endpoint id: {0.0.1.00000000}.{09dfa0d1-cc45-493b-929e-f589428755cb}"
"10-08-2026 11:32:17","2","Information","CLoggerSrvLogging","Endpoint unmute Endpoint id: {0.0.1.00000000}.{09dfa0d1-cc45-493b-929e-f589428755cb}"
"10-08-2026 11:32:16","2","Information","CLoggerSrvLogging","Endpoint unmute Endpoint id: {0.0.1.00000000}.{09dfa0d1-cc45-493b-929e-f589428755cb}"
"10-08-2026 11:32:15","2","Information","CLoggerSrvLogging","Endpoint unmute Endpoint id: {0.0.1.00000000}.{09dfa0d1-cc45-493b-929e-f589428755cb}"
"10-08-2026 11:32:14","2","Information","CLoggerSrvLogging","Endpoint unmute Endpoint id: {0.0.1.00000000}.{09dfa0d1-cc45-493b-929e-f589428755cb}"
"10-08-2026 11:32:12","2","Information","CLoggerSrvLogging","Endpoint unmute Endpoint id: {0.0.1.00000000}.{09dfa0d1-cc45-493b-929e-f589428755cb}"
"10-08-2026 11:32:12","2","Information","CLoggerSrvLogging","Endpoint unmute Endpoint id: {0.0.1.00000000}.{09dfa0d1-cc45-493b-929e-f589428755cb}"
"10-08-2026 11:32:12","2","Information","CLoggerSrvLogging","Endpoint unmute Endpoint id: {0.0.1.00000000}.{09dfa0d1-cc45-493b-929e-f589428755cb}"
"10-08-2026 11:32:04","2","Information","CLoggerSrvLogging","Endpoint unmute Endpoint id: {0.0.1.00000000}.{09dfa0d1-cc45-493b-929e-f589428755cb}"
"10-08-2026 11:32:04","2","Information","CLoggerSrvLogging","Endpoint unmute Endpoint id: {0.0.1.00000000}.{09dfa0d1-cc45-493b-929e-f589428755cb}"
"10-08-2026 11:32:00","2","Information","CLoggerSrvLogging","Endpoint unmute Endpoint id: {0.0.1.00000000}.{09dfa0d1-cc45-493b-929e-f589428755cb}"
"10-08-2026 11:32:00","2","Information","CLoggerSrvLogging","Endpoint unmute Endpoint id: {0.0.1.00000000}.{09dfa0d1-cc45-493b-929e-f589428755cb}"
"10-08-2026 11:32:00","2","Information","CLoggerSrvLogging","Endpoint unmute Endpoint id: {0.0.1.00000000}.{09dfa0d1-cc45-493b-929e-f589428755cb}"
"10-08-2026 11:31:37","2","Information","CLoggerSrvLogging","Endpoint unmute Endpoint id: {0.0.1.00000000}.{09dfa0d1-cc45-493b-929e-f589428755cb}"
"10-08-2026 11:31:27","2","Information","CLoggerSrvLogging","Endpoint unmute Endpoint id: {0.0.1.00000000}.{09dfa0d1-cc45-493b-929e-f589428755cb}"
"10-08-2026 11:31:27","2","Information","CLoggerSrvLogging","Endpoint unmute Endpoint id: {0.0.1.00000000}.{09dfa0d1-cc45-493b-929e-f589428755cb}"
"10-08-2026 11:31:23","2","Information","CLoggerSrvLogging","Endpoint unmute Endpoint id: {0.0.1.00000000}.{09dfa0d1-cc45-493b-929e-f589428755cb}"
"10-08-2026 11:31:23","2","Information","CLoggerSrvLogging","Endpoint unmute Endpoint id: {0.0.1.00000000}.{09dfa0d1-cc45-493b-929e-f589428755cb}"
"10-08-2026 11:31:22","2","Information","CLoggerSrvLogging","Endpoint unmute Endpoint id: {0.0.1.00000000}.{09dfa0d1-cc45-493b-929e-f589428755cb}"
"10-08-2026 11:31:21","2","Information","CLoggerSrvLogging","Endpoint unmute Endpoint id: {0.0.1.00000000}.{09dfa0d1-cc45-493b-929e-f589428755cb}"
"10-08-2026 11:31:21","2","Information","CLoggerSrvLogging","Endpoint unmute Endpoint id: {0.0.1.00000000}.{09dfa0d1-cc45-493b-929e-f589428755cb}"
"10-08-2026 11:31:17","2","Information","CLoggerSrvLogging","Endpoint unmute Endpoint id: {0.0.1.00000000}.{09dfa0d1-cc45-493b-929e-f589428755cb}"
"10-08-2026 11:31:17","2","Information","CLoggerSrvLogging","Endpoint unmute Endpoint id: {0.0.1.00000000}.{09dfa0d1-cc45-493b-929e-f589428755cb}"
"10-08-2026 11:31:17","2","Information","CLoggerSrvLogging","Endpoint unmute Endpoint id: {0.0.1.00000000}.{09dfa0d1-cc45-493b-929e-f589428755cb}"
"10-08-2026 11:31:16","2","Information","CLoggerSrvLogging","Endpoint unmute Endpoint id: {0.0.1.00000000}.{09dfa0d1-cc45-493b-929e-f589428755cb}"
"10-08-2026 11:31:16","2","Information","CLoggerSrvLogging","Endpoint unmute Endpoint id: {0.0.1.00000000}.{09dfa0d1-cc45-493b-929e-f589428755cb}"
"10-08-2026 11:31:12","2","Information","CLoggerSrvLogging","Endpoint unmute Endpoint id: {0.0.1.00000000}.{09dfa0d1-cc45-493b-929e-f589428755cb}"
"10-08-2026 11:31:12","2","Information","CLoggerSrvLogging","Endpoint unmute Endpoint id: {0.0.1.00000000}.{09dfa0d1-cc45-493b-929e-f589428755cb}"
"10-08-2026 11:31:12","2","Information","CLoggerSrvLogging","Endpoint unmute Endpoint id: {0.0.1.00000000}.{09dfa0d1-cc45-493b-929e-f589428755cb}"
"10-08-2026 11:31:06","2","Information","CLoggerSrvLogging","Endpoint unmute Endpoint id: {0.0.1.00000000}.{09dfa0d1-cc45-493b-929e-f589428755cb}"
"10-08-2026 11:30:39","2","Information","CLoggerSrvLogging","Endpoint unmute Endpoint id: {0.0.1.00000000}.{09dfa0d1-cc45-493b-929e-f589428755cb}"
"10-08-2026 11:30:38","2","Information","CLoggerSrvLogging","Endpoint unmute Endpoint id: {0.0.1.00000000}.{09dfa0d1-cc45-493b-929e-f589428755cb}"
"10-08-2026 11:30:38","2","Information","CLoggerSrvLogging","Endpoint unmute Endpoint id: {0.0.1.00000000}.{09dfa0d1-cc45-493b-929e-f589428755cb}"
"10-08-2026 11:30:38","2","Information","CLoggerSrvLogging","Endpoint unmute Endpoint id: {0.0.1.00000000}.{09dfa0d1-cc45-493b-929e-f589428755cb}"
"10-08-2026 11:30:38","2","Information","CLoggerSrvLogging","Endpoint unmute Endpoint id: {0.0.1.00000000}.{09dfa0d1-cc45-493b-929e-f589428755cb}"
"10-08-2026 11:30:38","2","Information","CLoggerSrvLogging","Endpoint unmute Endpoint id: {0.0.1.00000000}.{09dfa0d1-cc45-493b-929e-f589428755cb}"
"10-08-2026 11:30:37","2","Information","CLoggerSrvLogging","Endpoint unmute Endpoint id: {0.0.1.00000000}.{09dfa0d1-cc45-493b-929e-f589428755cb}"
"10-08-2026 11:30:13","2","Information","CLoggerSrvLogging","Endpoint unmute Endpoint id: {0.0.1.00000000}.{09dfa0d1-cc45-493b-929e-f589428755cb}"
"10-08-2026 11:30:09","2","Information","CLoggerSrvLogging","Endpoint unmute Endpoint id: {0.0.1.00000000}.{09dfa0d1-cc45-493b-929e-f589428755cb}"
"10-08-2026 11:30:09","2","Information","CLoggerSrvLogging","Endpoint unmute Endpoint id: {0.0.1.00000000}.{09dfa0d1-cc45-493b-929e-f589428755cb}"
"10-08-2026 11:30:08","2","Information","CLoggerSrvLogging","Endpoint unmute Endpoint id: {0.0.1.00000000}.{09dfa0d1-cc45-493b-929e-f589428755cb}"
"10-08-2026 11:30:08","2","Information","CLoggerSrvLogging","Endpoint unmute Endpoint id: {0.0.1.00000000}.{09dfa0d1-cc45-493b-929e-f589428755cb}"
"10-08-2026 11:30:08","2","Information","CLoggerSrvLogging","Endpoint unmute Endpoint id: {0.0.1.00000000}.{09dfa0d1-cc45-493b-929e-f589428755cb}"
"10-08-2026 11:30:08","2","Information","CLoggerSrvLogging","Endpoint unmute Endpoint id: {0.0.1.00000000}.{09dfa0d1-cc45-493b-929e-f589428755cb}"
"10-08-2026 11:30:07","2","Information","CLoggerSrvLogging","Endpoint unmute Endpoint id: {0.0.1.00000000}.{09dfa0d1-cc45-493b-929e-f589428755cb}"
"10-08-2026 11:30:07","2","Information","CLoggerSrvLogging","Endpoint unmute Endpoint id: {0.0.1.00000000}.{09dfa0d1-cc45-493b-929e-f589428755cb}"
"10-08-2026 11:29:44","2","Information","CLoggerSrvLogging","Endpoint unmute Endpoint id: {0.0.1.00000000}.{09dfa0d1-cc45-493b-929e-f589428755cb}"
"10-08-2026 11:29:34","2","Information","CLoggerSrvLogging","Endpoint unmute Endpoint id: {0.0.1.00000000}.{09dfa0d1-cc45-493b-929e-f589428755cb}"
"10-08-2026 11:29:33","2","Information","CLoggerSrvLogging","Endpoint unmute Endpoint id: {0.0.1.00000000}.{09dfa0d1-cc45-493b-929e-f589428755cb}"
"10-08-2026 11:29:17","2","Information","CLoggerSrvLogging","Endpoint unmute Endpoint id: {0.0.1.00000000}.{09dfa0d1-cc45-493b-929e-f589428755cb}"
"10-08-2026 11:29:17","2","Information","CLoggerSrvLogging","Endpoint unmute Endpoint id: {0.0.1.00000000}.{09dfa0d1-cc45-493b-929e-f589428755cb}"
"10-08-2026 11:29:16","2","Information","CLoggerSrvLogging","Endpoint unmute Endpoint id: {0.0.1.00000000}.{09dfa0d1-cc45-493b-929e-f589428755cb}"
"10-08-2026 11:29:16","2","Information","CLoggerSrvLogging","Endpoint unmute Endpoint id: {0.0.1.00000000}.{09dfa0d1-cc45-493b-929e-f589428755cb}"
"10-08-2026 11:29:09","2","Information","CLoggerSrvLogging","Endpoint unmute Endpoint id: {0.0.1.00000000}.{09dfa0d1-cc45-493b-929e-f589428755cb}"
"10-08-2026 11:29:09","2","Information","CLoggerSrvLogging","Endpoint unmute Endpoint id: {0.0.1.00000000}.{09dfa0d1-cc45-493b-929e-f589428755cb}"
"10-08-2026 11:29:09","2","Information","CLoggerSrvLogging","Endpoint unmute Endpoint id: {0.0.1.00000000}.{09dfa0d1-cc45-493b-929e-f589428755cb}"
"10-08-2026 11:29:08","2","Information","CLoggerSrvLogging","Endpoint unmute Endpoint id: {0.0.1.00000000}.{09dfa0d1-cc45-493b-929e-f589428755cb}"
"10-08-2026 11:29:08","2","Information","CLoggerSrvLogging","Endpoint unmute Endpoint id: {0.0.1.00000000}.{09dfa0d1-cc45-493b-929e-f589428755cb}"
"10-08-2026 11:29:06","2","Information","CLoggerSrvLogging","Endpoint unmute Endpoint id: {0.0.1.00000000}.{09dfa0d1-cc45-493b-929e-f589428755cb}"
"10-08-2026 11:29:05","2","Information","CLoggerSrvLogging","Endpoint unmute Endpoint id: {0.0.1.00000000}.{09dfa0d1-cc45-493b-929e-f589428755cb}"
"10-08-2026 11:29:05","2","Information","CLoggerSrvLogging","Endpoint unmute Endpoint id: {0.0.1.00000000}.{09dfa0d1-cc45-493b-929e-f589428755cb}"
"10-08-2026 11:29:04","2","Information","CLoggerSrvLogging","Endpoint unmute Endpoint id: {0.0.1.00000000}.{09dfa0d1-cc45-493b-929e-f589428755cb}"
"10-08-2026 11:29:04","2","Information","CLoggerSrvLogging","Endpoint unmute Endpoint id: {0.0.1.00000000}.{09dfa0d1-cc45-493b-929e-f589428755cb}"
"10-08-2026 11:29:04","2","Information","CLoggerSrvLogging","Endpoint unmute Endpoint id: {0.0.1.00000000}.{09dfa0d1-cc45-493b-929e-f589428755cb}"
"10-08-2026 11:29:03","2","Information","CLoggerSrvLogging","Endpoint unmute Endpoint id: {0.0.1.00000000}.{09dfa0d1-cc45-493b-929e-f589428755cb}"
"10-08-2026 11:29:03","2","Information","CLoggerSrvLogging","Endpoint unmute Endpoint id: {0.0.1.00000000}.{09dfa0d1-cc45-493b-929e-f589428755cb}"
"10-08-2026 11:29:02","2","Information","CLoggerSrvLogging","Endpoint unmute Endpoint id: {0.0.1.00000000}.{09dfa0d1-cc45-493b-929e-f589428755cb}"
"10-08-2026 11:29:02","2","Information","CLoggerSrvLogging","Endpoint unmute Endpoint id: {0.0.1.00000000}.{09dfa0d1-cc45-493b-929e-f589428755cb}"
"10-08-2026 11:29:01","2","Information","CLoggerSrvLogging","Endpoint unmute Endpoint id: {0.0.1.00000000}.{09dfa0d1-cc45-493b-929e-f589428755cb}"
"10-08-2026 11:28:58","2","Information","CLoggerSrvLogging","Endpoint unmute Endpoint id: {0.0.1.00000000}.{09dfa0d1-cc45-493b-929e-f589428755cb}"
"10-08-2026 11:28:58","2","Information","CLoggerSrvLogging","Endpoint unmute Endpoint id: {0.0.1.00000000}.{09dfa0d1-cc45-493b-929e-f589428755cb}"
"10-08-2026 11:28:56","2","Information","CLoggerSrvLogging","Endpoint unmute Endpoint id: {0.0.1.00000000}.{09dfa0d1-cc45-493b-929e-f589428755cb}"
"10-08-2026 11:28:56","2","Information","CLoggerSrvLogging","Endpoint unmute Endpoint id: {0.0.1.00000000}.{09dfa0d1-cc45-493b-929e-f589428755cb}"
"10-08-2026 11:28:56","2","Information","CLoggerSrvLogging","Endpoint unmute Endpoint id: {0.0.1.00000000}.{09dfa0d1-cc45-493b-929e-f589428755cb}"
"10-08-2026 11:28:53","2","Information","CLoggerSrvLogging","Endpoint unmute Endpoint id: {0.0.1.00000000}.{09dfa0d1-cc45-493b-929e-f589428755cb}"
"10-08-2026 11:28:53","2","Information","CLoggerSrvLogging","Endpoint unmute Endpoint id: {0.0.1.00000000}.{09dfa0d1-cc45-493b-929e-f589428755cb}"
"10-08-2026 11:28:53","2","Information","CLoggerSrvLogging","Endpoint unmute Endpoint id: {0.0.1.00000000}.{09dfa0d1-cc45-493b-929e-f589428755cb}"
"10-08-2026 11:28:52","2","Information","CLoggerSrvLogging","Endpoint unmute Endpoint id: {0.0.1.00000000}.{09dfa0d1-cc45-493b-929e-f589428755cb}"
"10-08-2026 11:28:49","2","Information","CLoggerSrvLogging","Endpoint unmute Endpoint id: {0.0.1.00000000}.{09dfa0d1-cc45-493b-929e-f589428755cb}"
"10-08-2026 11:28:49","2","Information","CLoggerSrvLogging","Endpoint unmute Endpoint id: {0.0.1.00000000}.{09dfa0d1-cc45-493b-929e-f589428755cb}"
"10-08-2026 11:28:49","2","Information","CLoggerSrvLogging","Endpoint unmute Endpoint id: {0.0.1.00000000}.{09dfa0d1-cc45-493b-929e-f589428755cb}"
"10-08-2026 11:28:48","2","Information","CLoggerSrvLogging","Endpoint unmute Endpoint id: {0.0.1.00000000}.{09dfa0d1-cc45-493b-929e-f589428755cb}"
"10-08-2026 11:28:48","2","Information","CLoggerSrvLogging","Endpoint unmute Endpoint id: {0.0.1.00000000}.{09dfa0d1-cc45-493b-929e-f589428755cb}"
"10-08-2026 11:28:47","2","Information","CLoggerSrvLogging","Endpoint unmute Endpoint id: {0.0.1.00000000}.{09dfa0d1-cc45-493b-929e-f589428755cb}"
"10-08-2026 11:28:47","2","Information","CLoggerSrvLogging","Endpoint unmute Endpoint id: {0.0.1.00000000}.{09dfa0d1-cc45-493b-929e-f589428755cb}"
"10-08-2026 11:28:47","2","Information","CLoggerSrvLogging","Endpoint unmute Endpoint id: {0.0.1.00000000}.{09dfa0d1-cc45-493b-929e-f589428755cb}"
"10-08-2026 11:28:47","2","Information","CLoggerSrvLogging","Endpoint unmute Endpoint id: {0.0.1.00000000}.{09dfa0d1-cc45-493b-929e-f589428755cb}"
"10-08-2026 11:28:47","2","Information","CLoggerSrvLogging","Endpoint unmute Endpoint id: {0.0.1.00000000}.{09dfa0d1-cc45-493b-929e-f589428755cb}"
"10-08-2026 11:28:46","2","Information","CLoggerSrvLogging","Endpoint unmute Endpoint id: {0.0.1.00000000}.{09dfa0d1-cc45-493b-929e-f589428755cb}"
"10-08-2026 11:28:46","2","Information","CLoggerSrvLogging","Endpoint unmute Endpoint id: {0.0.1.00000000}.{09dfa0d1-cc45-493b-929e-f589428755cb}"
"10-08-2026 11:28:20","2","Information","CLoggerSrvLogging","Endpoint unmute Endpoint id: {0.0.1.00000000}.{09dfa0d1-cc45-493b-929e-f589428755cb}"
"10-08-2026 11:28:12","2","Information","CLoggerSrvLogging","Endpoint unmute Endpoint id: {0.0.1.00000000}.{09dfa0d1-cc45-493b-929e-f589428755cb}"
"10-08-2026 11:28:11","2","Information","CLoggerSrvLogging","Endpoint unmute Endpoint id: {0.0.1.00000000}.{09dfa0d1-cc45-493b-929e-f589428755cb}"
"10-08-2026 11:28:10","2","Information","CLoggerSrvLogging","Endpoint unmute Endpoint id: {0.0.1.00000000}.{09dfa0d1-cc45-493b-929e-f589428755cb}"
"10-08-2026 11:28:10","2","Information","CLoggerSrvLogging","Endpoint unmute Endpoint id: {0.0.1.00000000}.{09dfa0d1-cc45-493b-929e-f589428755cb}"
"10-08-2026 11:28:10","2","Information","CLoggerSrvLogging","Endpoint unmute Endpoint id: {0.0.1.00000000}.{09dfa0d1-cc45-493b-929e-f589428755cb}"
"10-08-2026 11:28:04","2","Information","CLoggerSrvLogging","Endpoint unmute Endpoint id: {0.0.1.00000000}.{09dfa0d1-cc45-493b-929e-f589428755cb}"
"10-08-2026 11:27:57","2","Information","CLoggerSrvLogging","Endpoint unmute Endpoint id: {0.0.1.00000000}.{09dfa0d1-cc45-493b-929e-f589428755cb}"
"10-08-2026 11:27:57","2","Information","CLoggerSrvLogging","Endpoint unmute Endpoint id: {0.0.1.00000000}.{09dfa0d1-cc45-493b-929e-f589428755cb}"
"10-08-2026 11:27:57","2","Information","CLoggerSrvLogging","Endpoint unmute Endpoint id: {0.0.1.00000000}.{09dfa0d1-cc45-493b-929e-f589428755cb}"
"10-08-2026 11:27:53","2","Information","CLoggerSrvLogging","Endpoint unmute Endpoint id: {0.0.1.00000000}.{09dfa0d1-cc45-493b-929e-f589428755cb}"
"10-08-2026 11:27:53","2","Information","CLoggerSrvLogging","Endpoint unmute Endpoint id: {0.0.1.00000000}.{09dfa0d1-cc45-493b-929e-f589428755cb}"
"10-08-2026 11:27:53","2","Information","CLoggerSrvLogging","Endpoint unmute Endpoint id: {0.0.1.00000000}.{09dfa0d1-cc45-493b-929e-f589428755cb}"
"10-08-2026 11:27:53","2","Information","CLoggerSrvLogging","Endpoint unmute Endpoint id: {0.0.1.00000000}.{09dfa0d1-cc45-493b-929e-f589428755cb}"
"10-08-2026 11:27:52","2","Information","CLoggerSrvLogging","Endpoint unmute Endpoint id: {0.0.1.00000000}.{09dfa0d1-cc45-493b-929e-f589428755cb}"
"10-08-2026 11:27:52","2","Information","CLoggerSrvLogging","Endpoint unmute Endpoint id: {0.0.1.00000000}.{09dfa0d1-cc45-493b-929e-f589428755cb}"
"10-08-2026 11:27:52","2","Information","CLoggerSrvLogging","Endpoint unmute Endpoint id: {0.0.1.00000000}.{09dfa0d1-cc45-493b-929e-f589428755cb}"
"10-08-2026 11:27:45","2","Information","CLoggerSrvLogging","Endpoint unmute Endpoint id: {0.0.1.00000000}.{09dfa0d1-cc45-493b-929e-f589428755cb}"
"10-08-2026 11:27:43","2","Information","CLoggerSrvLogging","Endpoint unmute Endpoint id: {0.0.1.00000000}.{09dfa0d1-cc45-493b-929e-f589428755cb}"
"10-08-2026 11:27:39","2","Information","CLoggerSrvLogging","Endpoint unmute Endpoint id: {0.0.1.00000000}.{09dfa0d1-cc45-493b-929e-f589428755cb}"
"10-08-2026 11:27:33","2","Information","CLoggerSrvLogging","Endpoint unmute Endpoint id: {0.0.1.00000000}.{09dfa0d1-cc45-493b-929e-f589428755cb}"
"10-08-2026 11:27:25","2","Information","CLoggerSrvLogging","Endpoint unmute Endpoint id: {0.0.1.00000000}.{09dfa0d1-cc45-493b-929e-f589428755cb}"
"10-08-2026 11:27:25","2","Information","CLoggerSrvLogging","Endpoint unmute Endpoint id: {0.0.1.00000000}.{09dfa0d1-cc45-493b-929e-f589428755cb}"
"10-08-2026 11:27:25","2","Information","CLoggerSrvLogging","Endpoint unmute Endpoint id: {0.0.1.00000000}.{09dfa0d1-cc45-493b-929e-f589428755cb}"
"10-08-2026 11:27:21","2","Information","CLoggerSrvLogging","Endpoint unmute Endpoint id: {0.0.1.00000000}.{09dfa0d1-cc45-493b-929e-f589428755cb}"
"10-08-2026 11:26:58","2","Information","CLoggerSrvLogging","Endpoint unmute Endpoint id: {0.0.1.00000000}.{09dfa0d1-cc45-493b-929e-f589428755cb}"
"10-08-2026 11:26:47","2","Information","CLoggerSrvLogging","Endpoint unmute Endpoint id: {0.0.1.00000000}.{09dfa0d1-cc45-493b-929e-f589428755cb}"
"10-08-2026 11:26:35","2","Information","CLoggerSrvLogging","Endpoint unmute Endpoint id: {0.0.1.00000000}.{09dfa0d1-cc45-493b-929e-f589428755cb}"
"10-08-2026 11:26:34","2","Information","CLoggerSrvLogging","Endpoint unmute Endpoint id: {0.0.1.00000000}.{09dfa0d1-cc45-493b-929e-f589428755cb}"
"10-08-2026 11:26:34","2","Information","CLoggerSrvLogging","Endpoint unmute Endpoint id: {0.0.1.00000000}.{09dfa0d1-cc45-493b-929e-f589428755cb}"
"10-08-2026 11:26:34","2","Information","CLoggerSrvLogging","Endpoint unmute Endpoint id: {0.0.1.00000000}.{09dfa0d1-cc45-493b-929e-f589428755cb}"
"10-08-2026 11:26:33","2","Information","CLoggerSrvLogging","Endpoint unmute Endpoint id: {0.0.1.00000000}.{09dfa0d1-cc45-493b-929e-f589428755cb}"
"10-08-2026 11:26:29","2","Information","CLoggerSrvLogging","Endpoint unmute Endpoint id: {0.0.1.00000000}.{09dfa0d1-cc45-493b-929e-f589428755cb}"
"10-08-2026 11:26:28","2","Information","CLoggerSrvLogging","Endpoint unmute Endpoint id: {0.0.1.00000000}.{09dfa0d1-cc45-493b-929e-f589428755cb}"
"10-08-2026 11:26:28","2","Information","CLoggerSrvLogging","Endpoint unmute Endpoint id: {0.0.1.00000000}.{09dfa0d1-cc45-493b-929e-f589428755cb}"
"10-08-2026 11:26:28","2","Information","CLoggerSrvLogging","Endpoint unmute Endpoint id: {0.0.1.00000000}.{09dfa0d1-cc45-493b-929e-f589428755cb}"
"10-08-2026 11:26:27","2","Information","CLoggerSrvLogging","Endpoint unmute Endpoint id: {0.0.1.00000000}.{09dfa0d1-cc45-493b-929e-f589428755cb}"
"10-08-2026 11:26:27","2","Information","CLoggerSrvLogging","Endpoint unmute Endpoint id: {0.0.1.00000000}.{09dfa0d1-cc45-493b-929e-f589428755cb}"
"10-08-2026 11:26:27","2","Information","CLoggerSrvLogging","Endpoint unmute Endpoint id: {0.0.1.00000000}.{09dfa0d1-cc45-493b-929e-f589428755cb}"
"10-08-2026 11:26:27","2","Information","CLoggerSrvLogging","Endpoint unmute Endpoint id: {0.0.1.00000000}.{09dfa0d1-cc45-493b-929e-f589428755cb}"
"10-08-2026 11:26:26","2","Information","CLoggerSrvLogging","Endpoint unmute Endpoint id: {0.0.1.00000000}.{09dfa0d1-cc45-493b-929e-f589428755cb}"
"10-08-2026 11:26:26","2","Information","CLoggerSrvLogging","Endpoint unmute Endpoint id: {0.0.1.00000000}.{09dfa0d1-cc45-493b-929e-f589428755cb}"
"10-08-2026 11:26:26","2","Information","CLoggerSrvLogging","Endpoint unmute Endpoint id: {0.0.1.00000000}.{09dfa0d1-cc45-493b-929e-f589428755cb}"
"10-08-2026 11:26:26","2","Information","CLoggerSrvLogging","Endpoint unmute Endpoint id: {0.0.1.00000000}.{09dfa0d1-cc45-493b-929e-f589428755cb}"
"10-08-2026 11:26:25","2","Information","CLoggerSrvLogging","Endpoint unmute Endpoint id: {0.0.1.00000000}.{09dfa0d1-cc45-493b-929e-f589428755cb}"
"10-08-2026 11:26:02","2","Information","CLoggerSrvLogging","Endpoint unmute Endpoint id: {0.0.1.00000000}.{09dfa0d1-cc45-493b-929e-f589428755cb}"
"10-08-2026 11:26:00","2","Information","CLoggerSrvLogging","Endpoint unmute Endpoint id: {0.0.1.00000000}.{09dfa0d1-cc45-493b-929e-f589428755cb}"
"10-08-2026 11:25:59","2","Information","CLoggerSrvLogging","Endpoint unmute Endpoint id: {0.0.1.00000000}.{09dfa0d1-cc45-493b-929e-f589428755cb}"
"10-08-2026 11:25:49","2","Information","CLoggerSrvLogging","Endpoint unmute Endpoint id: {0.0.1.00000000}.{09dfa0d1-cc45-493b-929e-f589428755cb}"
"10-08-2026 11:25:47","2","Information","CLoggerSrvLogging","Endpoint unmute Endpoint id: {0.0.1.00000000}.{09dfa0d1-cc45-493b-929e-f589428755cb}"
"10-08-2026 11:25:44","2","Information","CLoggerSrvLogging","Endpoint unmute Endpoint id: {0.0.1.00000000}.{09dfa0d1-cc45-493b-929e-f589428755cb}"
"10-08-2026 11:25:44","2","Information","CLoggerSrvLogging","Endpoint unmute Endpoint id: {0.0.1.00000000}.{09dfa0d1-cc45-493b-929e-f589428755cb}"
"10-08-2026 11:25:42","2","Information","CLoggerSrvLogging","Endpoint unmute Endpoint id: {0.0.1.00000000}.{09dfa0d1-cc45-493b-929e-f589428755cb}"
"10-08-2026 11:25:41","2","Information","CLoggerSrvLogging","Endpoint unmute Endpoint id: {0.0.1.00000000}.{09dfa0d1-cc45-493b-929e-f589428755cb}"
"10-08-2026 11:25:41","2","Information","CLoggerSrvLogging","Endpoint unmute Endpoint id: {0.0.1.00000000}.{09dfa0d1-cc45-493b-929e-f589428755cb}"
"10-08-2026 11:25:41","2","Information","CLoggerSrvLogging","Endpoint unmute Endpoint id: {0.0.1.00000000}.{09dfa0d1-cc45-493b-929e-f589428755cb}"
"10-08-2026 11:25:40","2","Information","CLoggerSrvLogging","Endpoint unmute Endpoint id: {0.0.1.00000000}.{09dfa0d1-cc45-493b-929e-f589428755cb}"
"10-08-2026 11:25:39","2","Information","CLoggerSrvLogging","Endpoint unmute Endpoint id: {0.0.1.00000000}.{09dfa0d1-cc45-493b-929e-f589428755cb}"
"10-08-2026 11:25:39","2","Information","CLoggerSrvLogging","Endpoint unmute Endpoint id: {0.0.1.00000000}.{09dfa0d1-cc45-493b-929e-f589428755cb}"
"10-08-2026 11:25:37","2","Information","CLoggerSrvLogging","Endpoint unmute Endpoint id: {0.0.1.00000000}.{09dfa0d1-cc45-493b-929e-f589428755cb}"
"10-08-2026 11:25:37","2","Information","CLoggerSrvLogging","Endpoint unmute Endpoint id: {0.0.1.00000000}.{09dfa0d1-cc45-493b-929e-f589428755cb}"
"10-08-2026 11:25:34","2","Information","CLoggerSrvLogging","Endpoint unmute Endpoint id: {0.0.1.00000000}.{09dfa0d1-cc45-493b-929e-f589428755cb}"
"10-08-2026 11:25:34","2","Information","CLoggerSrvLogging","Endpoint unmute Endpoint id: {0.0.1.00000000}.{09dfa0d1-cc45-493b-929e-f589428755cb}"
"10-08-2026 11:25:26","2","Information","CLoggerSrvLogging","Endpoint unmute Endpoint id: {0.0.1.00000000}.{09dfa0d1-cc45-493b-929e-f589428755cb}"
"10-08-2026 11:25:26","2","Information","CLoggerSrvLogging","Endpoint unmute Endpoint id: {0.0.1.00000000}.{09dfa0d1-cc45-493b-929e-f589428755cb}"
"10-08-2026 11:25:26","2","Information","CLoggerSrvLogging","Endpoint unmute Endpoint id: {0.0.1.00000000}.{09dfa0d1-cc45-493b-929e-f589428755cb}"
"10-08-2026 11:25:26","2","Information","CLoggerSrvLogging","Endpoint unmute Endpoint id: {0.0.1.00000000}.{09dfa0d1-cc45-493b-929e-f589428755cb}"
"10-08-2026 11:25:25","2","Information","CLoggerSrvLogging","Endpoint unmute Endpoint id: {0.0.1.00000000}.{09dfa0d1-cc45-493b-929e-f589428755cb}"
"10-08-2026 11:25:22","2","Information","CLoggerSrvLogging","Endpoint unmute Endpoint id: {0.0.1.00000000}.{09dfa0d1-cc45-493b-929e-f589428755cb}"
"10-08-2026 11:25:22","2","Information","CLoggerSrvLogging","Endpoint unmute Endpoint id: {0.0.1.00000000}.{09dfa0d1-cc45-493b-929e-f589428755cb}"
"10-08-2026 11:25:16","2","Information","CLoggerSrvLogging","Endpoint unmute Endpoint id: {0.0.1.00000000}.{09dfa0d1-cc45-493b-929e-f589428755cb}"
"10-08-2026 11:25:16","2","Information","CLoggerSrvLogging","Endpoint unmute Endpoint id: {0.0.1.00000000}.{09dfa0d1-cc45-493b-929e-f589428755cb}"
"10-08-2026 11:25:16","2","Information","CLoggerSrvLogging","Endpoint unmute Endpoint id: {0.0.1.00000000}.{09dfa0d1-cc45-493b-929e-f589428755cb}"
"10-08-2026 11:25:15","2","Information","CLoggerSrvLogging","Endpoint unmute Endpoint id: {0.0.1.00000000}.{09dfa0d1-cc45-493b-929e-f589428755cb}"
"10-08-2026 11:25:15","2","Information","CLoggerSrvLogging","Endpoint unmute Endpoint id: {0.0.1.00000000}.{09dfa0d1-cc45-493b-929e-f589428755cb}"
"10-08-2026 11:25:14","2","Information","CLoggerSrvLogging","Endpoint unmute Endpoint id: {0.0.1.00000000}.{09dfa0d1-cc45-493b-929e-f589428755cb}"
"10-08-2026 11:25:14","2","Information","CLoggerSrvLogging","Endpoint unmute Endpoint id: {0.0.1.00000000}.{09dfa0d1-cc45-493b-929e-f589428755cb}"
"10-08-2026 11:25:11","2","Information","CLoggerSrvLogging","Endpoint unmute Endpoint id: {0.0.1.00000000}.{09dfa0d1-cc45-493b-929e-f589428755cb}"
"10-08-2026 11:25:11","2","Information","CLoggerSrvLogging","Endpoint unmute Endpoint id: {0.0.1.00000000}.{09dfa0d1-cc45-493b-929e-f589428755cb}"
"10-08-2026 11:25:06","2","Information","CLoggerSrvLogging","Endpoint unmute Endpoint id: {0.0.1.00000000}.{09dfa0d1-cc45-493b-929e-f589428755cb}"
"10-08-2026 11:25:05","2","Information","CLoggerSrvLogging","Endpoint unmute Endpoint id: {0.0.1.00000000}.{09dfa0d1-cc45-493b-929e-f589428755cb}"
"10-08-2026 11:25:05","2","Information","CLoggerSrvLogging","Endpoint unmute Endpoint id: {0.0.1.00000000}.{09dfa0d1-cc45-493b-929e-f589428755cb}"
"10-08-2026 11:24:55","2","Information","CLoggerSrvLogging","Endpoint unmute Endpoint id: {0.0.1.00000000}.{09dfa0d1-cc45-493b-929e-f589428755cb}"
"10-08-2026 11:24:55","2","Information","CLoggerSrvLogging","Endpoint unmute Endpoint id: {0.0.1.00000000}.{09dfa0d1-cc45-493b-929e-f589428755cb}"
"10-08-2026 11:24:52","2","Information","CLoggerSrvLogging","Endpoint unmute Endpoint id: {0.0.1.00000000}.{09dfa0d1-cc45-493b-929e-f589428755cb}"
"10-08-2026 11:24:52","2","Information","CLoggerSrvLogging","Endpoint unmute Endpoint id: {0.0.1.00000000}.{09dfa0d1-cc45-493b-929e-f589428755cb}"
"10-08-2026 11:24:51","2","Information","CLoggerSrvLogging","Endpoint unmute Endpoint id: {0.0.1.00000000}.{09dfa0d1-cc45-493b-929e-f589428755cb}"
"10-08-2026 11:24:51","2","Information","CLoggerSrvLogging","Endpoint unmute Endpoint id: {0.0.1.00000000}.{09dfa0d1-cc45-493b-929e-f589428755cb}"
"10-08-2026 11:24:28","2","Information","CLoggerSrvLogging","Endpoint unmute Endpoint id: {0.0.1.00000000}.{09dfa0d1-cc45-493b-929e-f589428755cb}"
"10-08-2026 11:24:28","2","Information","CLoggerSrvLogging","Endpoint unmute Endpoint id: {0.0.1.00000000}.{09dfa0d1-cc45-493b-929e-f589428755cb}"
"10-08-2026 11:24:28","2","Information","CLoggerSrvLogging","Endpoint unmute Endpoint id: {0.0.1.00000000}.{09dfa0d1-cc45-493b-929e-f589428755cb}"
"10-08-2026 11:24:26","2","Information","CLoggerSrvLogging","Endpoint unmute Endpoint id: {0.0.1.00000000}.{09dfa0d1-cc45-493b-929e-f589428755cb}"
"10-08-2026 11:24:26","2","Information","CLoggerSrvLogging","Endpoint unmute Endpoint id: {0.0.1.00000000}.{09dfa0d1-cc45-493b-929e-f589428755cb}"
"10-08-2026 11:24:25","2","Information","CLoggerSrvLogging","Endpoint unmute Endpoint id: {0.0.1.00000000}.{09dfa0d1-cc45-493b-929e-f589428755cb}"
"10-08-2026 11:24:25","2","Information","CLoggerSrvLogging","Endpoint unmute Endpoint id: {0.0.1.00000000}.{09dfa0d1-cc45-493b-929e-f589428755cb}"
"10-08-2026 11:24:25","2","Information","CLoggerSrvLogging","Endpoint unmute Endpoint id: {0.0.1.00000000}.{09dfa0d1-cc45-493b-929e-f589428755cb}"
"10-08-2026 11:24:24","2","Information","CLoggerSrvLogging","Endpoint unmute Endpoint id: {0.0.1.00000000}.{09dfa0d1-cc45-493b-929e-f589428755cb}"
"10-08-2026 11:24:24","2","Information","CLoggerSrvLogging","Endpoint unmute Endpoint id: {0.0.1.00000000}.{09dfa0d1-cc45-493b-929e-f589428755cb}"
"10-08-2026 11:24:24","2","Information","CLoggerSrvLogging","Endpoint unmute Endpoint id: {0.0.1.00000000}.{09dfa0d1-cc45-493b-929e-f589428755cb}"
"10-08-2026 11:24:23","2","Information","CLoggerSrvLogging","Endpoint unmute Endpoint id: {0.0.1.00000000}.{09dfa0d1-cc45-493b-929e-f589428755cb}"
"10-08-2026 11:24:23","2","Information","CLoggerSrvLogging","Endpoint unmute Endpoint id: {0.0.1.00000000}.{09dfa0d1-cc45-493b-929e-f589428755cb}"
"10-08-2026 11:24:22","2","Information","CLoggerSrvLogging","Endpoint unmute Endpoint id: {0.0.1.00000000}.{09dfa0d1-cc45-493b-929e-f589428755cb}"
"10-08-2026 11:24:22","2","Information","CLoggerSrvLogging","Endpoint unmute Endpoint id: {0.0.1.00000000}.{09dfa0d1-cc45-493b-929e-f589428755cb}"
"10-08-2026 11:24:21","2","Information","CLoggerSrvLogging","Endpoint unmute Endpoint id: {0.0.1.00000000}.{09dfa0d1-cc45-493b-929e-f589428755cb}"
"10-08-2026 11:24:21","2","Information","CLoggerSrvLogging","Endpoint unmute Endpoint id: {0.0.1.00000000}.{09dfa0d1-cc45-493b-929e-f589428755cb}"
"10-08-2026 11:24:20","2","Information","CLoggerSrvLogging","Endpoint unmute Endpoint id: {0.0.1.00000000}.{09dfa0d1-cc45-493b-929e-f589428755cb}"
"10-08-2026 11:24:19","2","Information","CLoggerSrvLogging","Endpoint unmute Endpoint id: {0.0.1.00000000}.{09dfa0d1-cc45-493b-929e-f589428755cb}"
"10-08-2026 11:24:19","2","Information","CLoggerSrvLogging","Endpoint unmute Endpoint id: {0.0.1.00000000}.{09dfa0d1-cc45-493b-929e-f589428755cb}"
"10-08-2026 11:24:19","2","Information","CLoggerSrvLogging","Endpoint unmute Endpoint id: {0.0.1.00000000}.{09dfa0d1-cc45-493b-929e-f589428755cb}"
"10-08-2026 11:24:14","2","Information","CLoggerSrvLogging","Endpoint unmute Endpoint id: {0.0.1.00000000}.{09dfa0d1-cc45-493b-929e-f589428755cb}"
"10-08-2026 11:24:12","2","Information","CLoggerSrvLogging","Endpoint unmute Endpoint id: {0.0.1.00000000}.{09dfa0d1-cc45-493b-929e-f589428755cb}"
"10-08-2026 11:24:05","2","Information","CLoggerSrvLogging","Endpoint unmute Endpoint id: {0.0.1.00000000}.{09dfa0d1-cc45-493b-929e-f589428755cb}"
"10-08-2026 11:23:56","2","Information","CLoggerSrvLogging","Endpoint unmute Endpoint id: {0.0.1.00000000}.{09dfa0d1-cc45-493b-929e-f589428755cb}"
"10-08-2026 11:23:27","2","Information","CLoggerSrvLogging","Endpoint unmute Endpoint id: {0.0.1.00000000}.{09dfa0d1-cc45-493b-929e-f589428755cb}"
"10-08-2026 11:23:23","2","Information","CLoggerSrvLogging","Endpoint unmute Endpoint id: {0.0.1.00000000}.{09dfa0d1-cc45-493b-929e-f589428755cb}"
"10-08-2026 11:23:00","2","Information","CLoggerSrvLogging","Endpoint unmute Endpoint id: {0.0.1.00000000}.{09dfa0d1-cc45-493b-929e-f589428755cb}"
"10-08-2026 11:23:00","2","Information","CLoggerSrvLogging","Endpoint unmute Endpoint id: {0.0.1.00000000}.{09dfa0d1-cc45-493b-929e-f589428755cb}"
"10-08-2026 11:23:00","2","Information","CLoggerSrvLogging","Endpoint unmute Endpoint id: {0.0.1.00000000}.{09dfa0d1-cc45-493b-929e-f589428755cb}"
"10-08-2026 11:22:59","2","Information","CLoggerSrvLogging","Endpoint unmute Endpoint id: {0.0.1.00000000}.{09dfa0d1-cc45-493b-929e-f589428755cb}"
"10-08-2026 11:22:59","2","Information","CLoggerSrvLogging","Endpoint unmute Endpoint id: {0.0.1.00000000}.{09dfa0d1-cc45-493b-929e-f589428755cb}"
"10-08-2026 11:22:55","2","Information","CLoggerSrvLogging","Endpoint unmute Endpoint id: {0.0.1.00000000}.{09dfa0d1-cc45-493b-929e-f589428755cb}"
"10-08-2026 11:22:55","2","Information","CLoggerSrvLogging","Endpoint unmute Endpoint id: {0.0.1.00000000}.{09dfa0d1-cc45-493b-929e-f589428755cb}"
"10-08-2026 11:22:54","2","Information","CLoggerSrvLogging","Endpoint unmute Endpoint id: {0.0.1.00000000}.{09dfa0d1-cc45-493b-929e-f589428755cb}"
"10-08-2026 11:22:54","2","Information","CLoggerSrvLogging","Endpoint unmute Endpoint id: {0.0.1.00000000}.{09dfa0d1-cc45-493b-929e-f589428755cb}"
"10-08-2026 11:22:54","2","Information","CLoggerSrvLogging","Endpoint unmute Endpoint id: {0.0.1.00000000}.{09dfa0d1-cc45-493b-929e-f589428755cb}"
"10-08-2026 11:22:54","2","Information","CLoggerSrvLogging","Endpoint unmute Endpoint id: {0.0.1.00000000}.{09dfa0d1-cc45-493b-929e-f589428755cb}"
"10-08-2026 11:22:53","2","Information","CLoggerSrvLogging","Endpoint unmute Endpoint id: {0.0.1.00000000}.{09dfa0d1-cc45-493b-929e-f589428755cb}"
"10-08-2026 11:22:53","2","Information","CLoggerSrvLogging","Endpoint unmute Endpoint id: {0.0.1.00000000}.{09dfa0d1-cc45-493b-929e-f589428755cb}"
"10-08-2026 11:22:52","2","Information","CLoggerSrvLogging","Endpoint unmute Endpoint id: {0.0.1.00000000}.{09dfa0d1-cc45-493b-929e-f589428755cb}"
"10-08-2026 11:22:52","2","Information","CLoggerSrvLogging","Endpoint unmute Endpoint id: {0.0.1.00000000}.{09dfa0d1-cc45-493b-929e-f589428755cb}"
"10-08-2026 11:22:51","2","Information","CLoggerSrvLogging","Endpoint unmute Endpoint id: {0.0.1.00000000}.{09dfa0d1-cc45-493b-929e-f589428755cb}"
"10-08-2026 11:22:50","2","Information","CLoggerSrvLogging","Endpoint unmute Endpoint id: {0.0.1.00000000}.{09dfa0d1-cc45-493b-929e-f589428755cb}"
"10-08-2026 11:22:50","2","Information","CLoggerSrvLogging","Endpoint unmute Endpoint id: {0.0.1.00000000}.{09dfa0d1-cc45-493b-929e-f589428755cb}"
"10-08-2026 11:22:50","2","Information","CLoggerSrvLogging","Endpoint unmute Endpoint id: {0.0.1.00000000}.{09dfa0d1-cc45-493b-929e-f589428755cb}"
"10-08-2026 11:22:49","2","Information","CLoggerSrvLogging","Endpoint unmute Endpoint id: {0.0.1.00000000}.{09dfa0d1-cc45-493b-929e-f589428755cb}"
"10-08-2026 11:22:49","2","Information","CLoggerSrvLogging","Endpoint unmute Endpoint id: {0.0.1.00000000}.{09dfa0d1-cc45-493b-929e-f589428755cb}"
"10-08-2026 11:22:48","2","Information","CLoggerSrvLogging","Endpoint unmute Endpoint id: {0.0.1.00000000}.{09dfa0d1-cc45-493b-929e-f589428755cb}"
"10-08-2026 11:22:47","2","Information","CLoggerSrvLogging","Endpoint unmute Endpoint id: {0.0.1.00000000}.{09dfa0d1-cc45-493b-929e-f589428755cb}"
"10-08-2026 11:22:24","2","Information","CLoggerSrvLogging","Endpoint unmute Endpoint id: {0.0.1.00000000}.{09dfa0d1-cc45-493b-929e-f589428755cb}"
"10-08-2026 11:22:13","2","Information","CLoggerSrvLogging","Endpoint unmute Endpoint id: {0.0.1.00000000}.{09dfa0d1-cc45-493b-929e-f589428755cb}"
"10-08-2026 11:22:12","2","Information","CLoggerSrvLogging","Endpoint unmute Endpoint id: {0.0.1.00000000}.{09dfa0d1-cc45-493b-929e-f589428755cb}"
"10-08-2026 11:22:12","2","Information","CLoggerSrvLogging","Endpoint unmute Endpoint id: {0.0.1.00000000}.{09dfa0d1-cc45-493b-929e-f589428755cb}"
"10-08-2026 11:22:11","2","Information","CLoggerSrvLogging","Endpoint unmute Endpoint id: {0.0.1.00000000}.{09dfa0d1-cc45-493b-929e-f589428755cb}"
"10-08-2026 11:22:04","2","Information","CLoggerSrvLogging","Endpoint unmute Endpoint id: {0.0.1.00000000}.{09dfa0d1-cc45-493b-929e-f589428755cb}"
"10-08-2026 11:22:04","2","Information","CLoggerSrvLogging","Endpoint unmute Endpoint id: {0.0.1.00000000}.{09dfa0d1-cc45-493b-929e-f589428755cb}"
"10-08-2026 11:22:04","2","Information","CLoggerSrvLogging","Endpoint unmute Endpoint id: {0.0.1.00000000}.{09dfa0d1-cc45-493b-929e-f589428755cb}"
"10-08-2026 11:22:04","2","Information","CLoggerSrvLogging","Endpoint unmute Endpoint id: {0.0.1.00000000}.{09dfa0d1-cc45-493b-929e-f589428755cb}"
"10-08-2026 11:22:04","2","Information","CLoggerSrvLogging","Endpoint unmute Endpoint id: {0.0.1.00000000}.{09dfa0d1-cc45-493b-929e-f589428755cb}"
"10-08-2026 11:21:59","2","Information","CLoggerSrvLogging","Endpoint unmute Endpoint id: {0.0.1.00000000}.{09dfa0d1-cc45-493b-929e-f589428755cb}"
"07-08-2026 18:21:26","7","Information","CLoggerSrvLogging","Default Recording device change ( Communications)  {0.0.1.00000000}.{09dfa0d1-cc45-493b-929e-f589428755cb}  Microphone Array on SoundWire Device (Cirrus Logic XU)  {2}.\\?\soundwire#sdca_06&man_01fa&func_4243&type_03&ver_01&adr_02&lid_00&uid_00&subsys_0ce81028&dynamicenummicrophone0#8&b76481&0&00000400#{6994ad04-93ef-11d0-a3cc-00a0c9223196}\microphone0"
"07-08-2026 18:21:26","7","Information","CLoggerSrvLogging","Default Recording device change ( Multimedia)  {0.0.1.00000000}.{09dfa0d1-cc45-493b-929e-f589428755cb}  Microphone Array on SoundWire Device (Cirrus Logic XU)  {2}.\\?\soundwire#sdca_06&man_01fa&func_4243&type_03&ver_01&adr_02&lid_00&uid_00&subsys_0ce81028&dynamicenummicrophone0#8&b76481&0&00000400#{6994ad04-93ef-11d0-a3cc-00a0c9223196}\microphone0"
"07-08-2026 18:21:26","7","Information","CLoggerSrvLogging","Default Recording device change ( Console)  {0.0.1.00000000}.{09dfa0d1-cc45-493b-929e-f589428755cb}  Microphone Array on SoundWire Device (Cirrus Logic XU)  {2}.\\?\soundwire#sdca_06&man_01fa&func_4243&type_03&ver_01&adr_02&lid_00&uid_00&subsys_0ce81028&dynamicenummicrophone0#8&b76481&0&00000400#{6994ad04-93ef-11d0-a3cc-00a0c9223196}\microphone0"
"07-08-2026 18:21:26","7","Information","CLoggerSrvLogging","Default Playback device change ( Communications)  {0.0.0.00000000}.{45d28dc2-5526-4063-98de-2b18fc40ed90}  Speakers (4- Cirrus Logic XU)  {2}.\\?\soundwire#sdca_06&man_01fa&func_4243&type_01&ver_01&adr_01&lid_00&uid_00&subsys_0ce81028&dynamicenumspeaker0#8&b83798c&0&00000c00#{6994ad04-93ef-11d0-a3cc-00a0c9223196}\speaker0"
"07-08-2026 18:21:26","7","Information","CLoggerSrvLogging","Default Playback device change ( Multimedia)  {0.0.0.00000000}.{45d28dc2-5526-4063-98de-2b18fc40ed90}  Speakers (4- Cirrus Logic XU)  {2}.\\?\soundwire#sdca_06&man_01fa&func_4243&type_01&ver_01&adr_01&lid_00&uid_00&subsys_0ce81028&dynamicenumspeaker0#8&b83798c&0&00000c00#{6994ad04-93ef-11d0-a3cc-00a0c9223196}\speaker0"
"07-08-2026 18:21:26","7","Information","CLoggerSrvLogging","Default Playback device change ( Console)  {0.0.0.00000000}.{45d28dc2-5526-4063-98de-2b18fc40ed90}  Speakers (4- Cirrus Logic XU)  {2}.\\?\soundwire#sdca_06&man_01fa&func_4243&type_01&ver_01&adr_01&lid_00&uid_00&subsys_0ce81028&dynamicenumspeaker0#8&b83798c&0&00000c00#{6994ad04-93ef-11d0-a3cc-00a0c9223196}\speaker0"
"07-08-2026 18:17:35","7","Information","CLoggerSrvLogging","Default Playback device change ( Communications)  {0.0.0.00000000}.{8be792fc-74bb-47db-9561-be1e35261fbb}  Headset Earphone (Plantronics Blackwire 3225 Series)  {2}.\\?\intelaudio#ctlr_dev_7728&linktype_06&devtype_06&ven_8086&dev_ae50&subsys_0ce81028&rev_0001#5&32640736&1&0604dif_000b&uif_0000#{6994ad04-93ef-11d0-a3cc-00a0c9223196}\intcusbtoporender_f5f6047fc0580000_1"
"07-08-2026 18:17:35","7","Information","CLoggerSrvLogging","Default Playback device change ( Multimedia)  {0.0.0.00000000}.{8be792fc-74bb-47db-9561-be1e35261fbb}  Headset Earphone (Plantronics Blackwire 3225 Series)  {2}.\\?\intelaudio#ctlr_dev_7728&linktype_06&devtype_06&ven_8086&dev_ae50&subsys_0ce81028&rev_0001#5&32640736&1&0604dif_000b&uif_0000#{6994ad04-93ef-11d0-a3cc-00a0c9223196}\intcusbtoporender_f5f6047fc0580000_1"
"07-08-2026 18:17:35","7","Information","CLoggerSrvLogging","Default Playback device change ( Console)  {0.0.0.00000000}.{8be792fc-74bb-47db-9561-be1e35261fbb}  Headset Earphone (Plantronics Blackwire 3225 Series)  {2}.\\?\intelaudio#ctlr_dev_7728&linktype_06&devtype_06&ven_8086&dev_ae50&subsys_0ce81028&rev_0001#5&32640736&1&0604dif_000b&uif_0000#{6994ad04-93ef-11d0-a3cc-00a0c9223196}\intcusbtoporender_f5f6047fc0580000_1"
"07-08-2026 18:17:35","7","Information","CLoggerSrvLogging","Default Recording device change ( Communications)  {0.0.1.00000000}.{ecf6848c-847e-4df1-a443-b782d271ccbe}  Headset Microphone (Plantronics Blackwire 3225 Series)  {2}.\\?\intelaudio#ctlr_dev_7728&linktype_06&devtype_06&ven_8086&dev_ae50&subsys_0ce81028&rev_0001#5&32640736&1&0604dif_000b&uif_0000#{6994ad04-93ef-11d0-a3cc-00a0c9223196}\intcusbtopocapture_f5f6047fc0580000_0"
"07-08-2026 18:17:35","7","Information","CLoggerSrvLogging","Default Recording device change ( Multimedia)  {0.0.1.00000000}.{ecf6848c-847e-4df1-a443-b782d271ccbe}  Headset Microphone (Plantronics Blackwire 3225 Series)  {2}.\\?\intelaudio#ctlr_dev_7728&linktype_06&devtype_06&ven_8086&dev_ae50&subsys_0ce81028&rev_0001#5&32640736&1&0604dif_000b&uif_0000#{6994ad04-93ef-11d0-a3cc-00a0c9223196}\intcusbtopocapture_f5f6047fc0580000_0"
"07-08-2026 18:17:35","7","Information","CLoggerSrvLogging","Default Recording device change ( Console)  {0.0.1.00000000}.{ecf6848c-847e-4df1-a443-b782d271ccbe}  Headset Microphone (Plantronics Blackwire 3225 Series)  {2}.\\?\intelaudio#ctlr_dev_7728&linktype_06&devtype_06&ven_8086&dev_ae50&subsys_0ce81028&rev_0001#5&32640736&1&0604dif_000b&uif_0000#{6994ad04-93ef-11d0-a3cc-00a0c9223196}\intcusbtopocapture_f5f6047fc0580000_0"
"07-08-2026 18:16:10","2","Information","CLoggerSrvLogging","Endpoint unmute Endpoint id: {0.0.1.00000000}.{09dfa0d1-cc45-493b-929e-f589428755cb}"
"07-08-2026 18:15:21","2","Information","CLoggerSrvLogging","Endpoint unmute Endpoint id: {0.0.1.00000000}.{09dfa0d1-cc45-493b-929e-f589428755cb}"
"07-08-2026 18:15:14","2","Information","CLoggerSrvLogging","Endpoint unmute Endpoint id: {0.0.1.00000000}.{09dfa0d1-cc45-493b-929e-f589428755cb}"
"07-08-2026 18:15:11","2","Information","CLoggerSrvLogging","Endpoint unmute Endpoint id: {0.0.1.00000000}.{09dfa0d1-cc45-493b-929e-f589428755cb}"
"07-08-2026 18:15:11","2","Information","CLoggerSrvLogging","Endpoint unmute Endpoint id: {0.0.1.00000000}.{09dfa0d1-cc45-493b-929e-f589428755cb}"
"07-08-2026 18:15:00","2","Information","CLoggerSrvLogging","Endpoint unmute Endpoint id: {0.0.1.00000000}.{09dfa0d1-cc45-493b-929e-f589428755cb}"
"07-08-2026 18:15:00","2","Information","CLoggerSrvLogging","Endpoint unmute Endpoint id: {0.0.1.00000000}.{09dfa0d1-cc45-493b-929e-f589428755cb}"
"07-08-2026 18:15:00","2","Information","CLoggerSrvLogging","Endpoint unmute Endpoint id: {0.0.1.00000000}.{09dfa0d1-cc45-493b-929e-f589428755cb}"
"07-08-2026 18:14:02","2","Information","CLoggerSrvLogging","Endpoint unmute Endpoint id: {0.0.1.00000000}.{09dfa0d1-cc45-493b-929e-f589428755cb}"
"07-08-2026 18:14:02","2","Information","CLoggerSrvLogging","Endpoint unmute Endpoint id: {0.0.1.00000000}.{09dfa0d1-cc45-493b-929e-f589428755cb}"
"07-08-2026 18:14:02","2","Information","CLoggerSrvLogging","Endpoint unmute Endpoint id: {0.0.1.00000000}.{09dfa0d1-cc45-493b-929e-f589428755cb}"
"07-08-2026 18:14:02","2","Information","CLoggerSrvLogging","Endpoint unmute Endpoint id: {0.0.1.00000000}.{09dfa0d1-cc45-493b-929e-f589428755cb}"
"07-08-2026 18:13:54","2","Information","CLoggerSrvLogging","Endpoint unmute Endpoint id: {0.0.1.00000000}.{09dfa0d1-cc45-493b-929e-f589428755cb}"
"07-08-2026 18:13:54","2","Information","CLoggerSrvLogging","Endpoint unmute Endpoint id: {0.0.1.00000000}.{09dfa0d1-cc45-493b-929e-f589428755cb}"
"07-08-2026 18:13:53","2","Information","CLoggerSrvLogging","Endpoint unmute Endpoint id: {0.0.1.00000000}.{09dfa0d1-cc45-493b-929e-f589428755cb}"
"07-08-2026 18:13:53","2","Information","CLoggerSrvLogging","Endpoint unmute Endpoint id: {0.0.1.00000000}.{09dfa0d1-cc45-493b-929e-f589428755cb}"
"07-08-2026 18:13:53","2","Information","CLoggerSrvLogging","Endpoint unmute Endpoint id: {0.0.1.00000000}.{09dfa0d1-cc45-493b-929e-f589428755cb}"
"07-08-2026 18:13:53","2","Information","CLoggerSrvLogging","Endpoint unmute Endpoint id: {0.0.1.00000000}.{09dfa0d1-cc45-493b-929e-f589428755cb}"
"07-08-2026 18:13:52","2","Information","CLoggerSrvLogging","Endpoint unmute Endpoint id: {0.0.1.00000000}.{09dfa0d1-cc45-493b-929e-f589428755cb}"
"07-08-2026 18:13:52","2","Information","CLoggerSrvLogging","Endpoint unmute Endpoint id: {0.0.1.00000000}.{09dfa0d1-cc45-493b-929e-f589428755cb}"
"07-08-2026 18:13:52","2","Information","CLoggerSrvLogging","Endpoint unmute Endpoint id: {0.0.1.00000000}.{09dfa0d1-cc45-493b-929e-f589428755cb}"
"07-08-2026 18:13:27","2","Information","CLoggerSrvLogging","Endpoint unmute Endpoint id: {0.0.1.00000000}.{09dfa0d1-cc45-493b-929e-f589428755cb}"
"07-08-2026 18:13:27","2","Information","CLoggerSrvLogging","Endpoint unmute Endpoint id: {0.0.1.00000000}.{09dfa0d1-cc45-493b-929e-f589428755cb}"
"07-08-2026 18:13:08","2","Information","CLoggerSrvLogging","Endpoint unmute Endpoint id: {0.0.1.00000000}.{09dfa0d1-cc45-493b-929e-f589428755cb}"
"07-08-2026 18:12:50","2","Information","CLoggerSrvLogging","Endpoint unmute Endpoint id: {0.0.1.00000000}.{09dfa0d1-cc45-493b-929e-f589428755cb}"
"07-08-2026 18:12:33","2","Information","CLoggerSrvLogging","Endpoint unmute Endpoint id: {0.0.1.00000000}.{09dfa0d1-cc45-493b-929e-f589428755cb}"
"07-08-2026 18:12:32","2","Information","CLoggerSrvLogging","Endpoint unmute Endpoint id: {0.0.1.00000000}.{09dfa0d1-cc45-493b-929e-f589428755cb}"
"07-08-2026 18:11:27","2","Information","CLoggerSrvLogging","Endpoint unmute Endpoint id: {0.0.1.00000000}.{09dfa0d1-cc45-493b-929e-f589428755cb}"
"07-08-2026 18:11:27","2","Information","CLoggerSrvLogging","Endpoint unmute Endpoint id: {0.0.1.00000000}.{09dfa0d1-cc45-493b-929e-f589428755cb}"
"07-08-2026 18:11:23","2","Information","CLoggerSrvLogging","Endpoint unmute Endpoint id: {0.0.1.00000000}.{09dfa0d1-cc45-493b-929e-f589428755cb}"
"07-08-2026 18:11:23","2","Information","CLoggerSrvLogging","Endpoint unmute Endpoint id: {0.0.1.00000000}.{09dfa0d1-cc45-493b-929e-f589428755cb}"
"07-08-2026 18:11:00","2","Information","CLoggerSrvLogging","Endpoint unmute Endpoint id: {0.0.1.00000000}.{09dfa0d1-cc45-493b-929e-f589428755cb}"
"07-08-2026 18:10:41","2","Information","CLoggerSrvLogging","Endpoint unmute Endpoint id: {0.0.1.00000000}.{09dfa0d1-cc45-493b-929e-f589428755cb}"
"07-08-2026 18:10:41","2","Information","CLoggerSrvLogging","Endpoint unmute Endpoint id: {0.0.1.00000000}.{09dfa0d1-cc45-493b-929e-f589428755cb}"
"07-08-2026 18:10:41","2","Information","CLoggerSrvLogging","Endpoint unmute Endpoint id: {0.0.1.00000000}.{09dfa0d1-cc45-493b-929e-f589428755cb}"
"07-08-2026 18:10:41","2","Information","CLoggerSrvLogging","Endpoint unmute Endpoint id: {0.0.1.00000000}.{09dfa0d1-cc45-493b-929e-f589428755cb}"
"07-08-2026 18:10:41","2","Information","CLoggerSrvLogging","Endpoint unmute Endpoint id: {0.0.1.00000000}.{09dfa0d1-cc45-493b-929e-f589428755cb}"
"07-08-2026 18:10:37","2","Information","CLoggerSrvLogging","Endpoint unmute Endpoint id: {0.0.1.00000000}.{09dfa0d1-cc45-493b-929e-f589428755cb}"
"07-08-2026 11:01:56","2","Information","CLoggerSrvLogging","Endpoint unmute Endpoint id: {0.0.1.00000000}.{09dfa0d1-cc45-493b-929e-f589428755cb}"
"07-08-2026 11:01:54","2","Information","CLoggerSrvLogging","Endpoint unmute Endpoint id: {0.0.1.00000000}.{09dfa0d1-cc45-493b-929e-f589428755cb}"
"07-08-2026 11:01:54","2","Information","CLoggerSrvLogging","Endpoint unmute Endpoint id: {0.0.1.00000000}.{09dfa0d1-cc45-493b-929e-f589428755cb}"
"07-08-2026 11:01:53","2","Information","CLoggerSrvLogging","Endpoint unmute Endpoint id: {0.0.1.00000000}.{09dfa0d1-cc45-493b-929e-f589428755cb}"
"07-08-2026 11:01:53","2","Information","CLoggerSrvLogging","Endpoint unmute Endpoint id: {0.0.1.00000000}.{09dfa0d1-cc45-493b-929e-f589428755cb}"
"07-08-2026 11:01:52","2","Information","CLoggerSrvLogging","Endpoint unmute Endpoint id: {0.0.1.00000000}.{09dfa0d1-cc45-493b-929e-f589428755cb}"
"07-08-2026 11:01:51","2","Information","CLoggerSrvLogging","Endpoint unmute Endpoint id: {0.0.1.00000000}.{09dfa0d1-cc45-493b-929e-f589428755cb}"
"07-08-2026 11:01:51","2","Information","CLoggerSrvLogging","Endpoint unmute Endpoint id: {0.0.1.00000000}.{09dfa0d1-cc45-493b-929e-f589428755cb}"
"07-08-2026 11:01:51","2","Information","CLoggerSrvLogging","Endpoint unmute Endpoint id: {0.0.1.00000000}.{09dfa0d1-cc45-493b-929e-f589428755cb}"
"07-08-2026 11:01:51","2","Information","CLoggerSrvLogging","Endpoint unmute Endpoint id: {0.0.1.00000000}.{09dfa0d1-cc45-493b-929e-f589428755cb}"
"07-08-2026 11:01:50","2","Information","CLoggerSrvLogging","Endpoint unmute Endpoint id: {0.0.1.00000000}.{09dfa0d1-cc45-493b-929e-f589428755cb}"
"07-08-2026 11:01:50","2","Information","CLoggerSrvLogging","Endpoint unmute Endpoint id: {0.0.1.00000000}.{09dfa0d1-cc45-493b-929e-f589428755cb}"
"07-08-2026 11:01:50","2","Information","CLoggerSrvLogging","Endpoint unmute Endpoint id: {0.0.1.00000000}.{09dfa0d1-cc45-493b-929e-f589428755cb}"
"07-08-2026 11:01:50","2","Information","CLoggerSrvLogging","Endpoint unmute Endpoint id: {0.0.1.00000000}.{09dfa0d1-cc45-493b-929e-f589428755cb}"
"07-08-2026 11:01:50","2","Information","CLoggerSrvLogging","Endpoint unmute Endpoint id: {0.0.1.00000000}.{09dfa0d1-cc45-493b-929e-f589428755cb}"
"07-08-2026 11:01:27","2","Information","CLoggerSrvLogging","Endpoint unmute Endpoint id: {0.0.1.00000000}.{09dfa0d1-cc45-493b-929e-f589428755cb}"
"07-08-2026 11:01:27","2","Information","CLoggerSrvLogging","Endpoint unmute Endpoint id: {0.0.1.00000000}.{09dfa0d1-cc45-493b-929e-f589428755cb}"
"07-08-2026 11:01:26","2","Information","CLoggerSrvLogging","Endpoint unmute Endpoint id: {0.0.1.00000000}.{09dfa0d1-cc45-493b-929e-f589428755cb}"
"07-08-2026 11:01:26","2","Information","CLoggerSrvLogging","Endpoint unmute Endpoint id: {0.0.1.00000000}.{09dfa0d1-cc45-493b-929e-f589428755cb}"
"07-08-2026 11:01:26","2","Information","CLoggerSrvLogging","Endpoint unmute Endpoint id: {0.0.1.00000000}.{09dfa0d1-cc45-493b-929e-f589428755cb}"
"07-08-2026 11:01:03","2","Information","CLoggerSrvLogging","Endpoint unmute Endpoint id: {0.0.1.00000000}.{09dfa0d1-cc45-493b-929e-f589428755cb}"
"07-08-2026 11:01:03","2","Information","CLoggerSrvLogging","Endpoint unmute Endpoint id: {0.0.1.00000000}.{09dfa0d1-cc45-493b-929e-f589428755cb}"
"07-08-2026 11:01:03","2","Information","CLoggerSrvLogging","Endpoint unmute Endpoint id: {0.0.1.00000000}.{09dfa0d1-cc45-493b-929e-f589428755cb}"
"07-08-2026 11:01:03","2","Information","CLoggerSrvLogging","Endpoint unmute Endpoint id: {0.0.1.00000000}.{09dfa0d1-cc45-493b-929e-f589428755cb}"
"07-08-2026 11:01:03","2","Information","CLoggerSrvLogging","Endpoint unmute Endpoint id: {0.0.1.00000000}.{09dfa0d1-cc45-493b-929e-f589428755cb}"
"07-08-2026 11:01:01","2","Information","CLoggerSrvLogging","Endpoint unmute Endpoint id: {0.0.1.00000000}.{09dfa0d1-cc45-493b-929e-f589428755cb}"
"07-08-2026 11:01:01","2","Information","CLoggerSrvLogging","Endpoint unmute Endpoint id: {0.0.1.00000000}.{09dfa0d1-cc45-493b-929e-f589428755cb}"
"07-08-2026 11:01:00","2","Information","CLoggerSrvLogging","Endpoint unmute Endpoint id: {0.0.1.00000000}.{09dfa0d1-cc45-493b-929e-f589428755cb}"
"07-08-2026 11:00:59","2","Information","CLoggerSrvLogging","Endpoint unmute Endpoint id: {0.0.1.00000000}.{09dfa0d1-cc45-493b-929e-f589428755cb}"
"07-08-2026 10:18:31","7","Information","CLoggerSrvLogging","Default Recording device change ( Communications)  {0.0.1.00000000}.{09dfa0d1-cc45-493b-929e-f589428755cb}  Microphone Array on SoundWire Device (Cirrus Logic XU)  {2}.\\?\soundwire#sdca_06&man_01fa&func_4243&type_03&ver_01&adr_02&lid_00&uid_00&subsys_0ce81028&dynamicenummicrophone0#8&b76481&0&00000400#{6994ad04-93ef-11d0-a3cc-00a0c9223196}\microphone0"
"07-08-2026 10:18:31","7","Information","CLoggerSrvLogging","Default Recording device change ( Multimedia)  {0.0.1.00000000}.{09dfa0d1-cc45-493b-929e-f589428755cb}  Microphone Array on SoundWire Device (Cirrus Logic XU)  {2}.\\?\soundwire#sdca_06&man_01fa&func_4243&type_03&ver_01&adr_02&lid_00&uid_00&subsys_0ce81028&dynamicenummicrophone0#8&b76481&0&00000400#{6994ad04-93ef-11d0-a3cc-00a0c9223196}\microphone0"
"07-08-2026 10:18:31","7","Information","CLoggerSrvLogging","Default Recording device change ( Console)  {0.0.1.00000000}.{09dfa0d1-cc45-493b-929e-f589428755cb}  Microphone Array on SoundWire Device (Cirrus Logic XU)  {2}.\\?\soundwire#sdca_06&man_01fa&func_4243&type_03&ver_01&adr_02&lid_00&uid_00&subsys_0ce81028&dynamicenummicrophone0#8&b76481&0&00000400#{6994ad04-93ef-11d0-a3cc-00a0c9223196}\microphone0"
"07-08-2026 10:18:31","7","Information","CLoggerSrvLogging","Default Playback device change ( Communications)  {0.0.0.00000000}.{45d28dc2-5526-4063-98de-2b18fc40ed90}  Speakers (4- Cirrus Logic XU)  {2}.\\?\soundwire#sdca_06&man_01fa&func_4243&type_01&ver_01&adr_01&lid_00&uid_00&subsys_0ce81028&dynamicenumspeaker0#8&b83798c&0&00000c00#{6994ad04-93ef-11d0-a3cc-00a0c9223196}\speaker0"
"07-08-2026 10:18:31","7","Information","CLoggerSrvLogging","Default Playback device change ( Multimedia)  {0.0.0.00000000}.{45d28dc2-5526-4063-98de-2b18fc40ed90}  Speakers (4- Cirrus Logic XU)  {2}.\\?\soundwire#sdca_06&man_01fa&func_4243&type_01&ver_01&adr_01&lid_00&uid_00&subsys_0ce81028&dynamicenumspeaker0#8&b83798c&0&00000c00#{6994ad04-93ef-11d0-a3cc-00a0c9223196}\speaker0"
"07-08-2026 10:18:31","7","Information","CLoggerSrvLogging","Default Playback device change ( Console)  {0.0.0.00000000}.{45d28dc2-5526-4063-98de-2b18fc40ed90}  Speakers (4- Cirrus Logic XU)  {2}.\\?\soundwire#sdca_06&man_01fa&func_4243&type_01&ver_01&adr_01&lid_00&uid_00&subsys_0ce81028&dynamicenumspeaker0#8&b83798c&0&00000c00#{6994ad04-93ef-11d0-a3cc-00a0c9223196}\speaker0"
"07-08-2026 09:44:55","2","Information","CLoggerSrvLogging","Endpoint unmute Endpoint id: {0.0.1.00000000}.{09dfa0d1-cc45-493b-929e-f589428755cb}"
"07-08-2026 09:44:55","2","Information","CLoggerSrvLogging","Endpoint unmute Endpoint id: {0.0.1.00000000}.{09dfa0d1-cc45-493b-929e-f589428755cb}"
"07-08-2026 09:44:55","7","Information","CLoggerSrvLogging","Default Playback device change ( Communications)  {0.0.0.00000000}.{8be792fc-74bb-47db-9561-be1e35261fbb}  Headset Earphone (Plantronics Blackwire 3225 Series)  {2}.\\?\intelaudio#ctlr_dev_7728&linktype_06&devtype_06&ven_8086&dev_ae50&subsys_0ce81028&rev_0001#5&32640736&1&0604dif_000b&uif_0000#{6994ad04-93ef-11d0-a3cc-00a0c9223196}\intcusbtoporender_f5f6047fc0580000_1"
"07-08-2026 09:44:55","7","Information","CLoggerSrvLogging","Default Playback device change ( Multimedia)  {0.0.0.00000000}.{8be792fc-74bb-47db-9561-be1e35261fbb}  Headset Earphone (Plantronics Blackwire 3225 Series)  {2}.\\?\intelaudio#ctlr_dev_7728&linktype_06&devtype_06&ven_8086&dev_ae50&subsys_0ce81028&rev_0001#5&32640736&1&0604dif_000b&uif_0000#{6994ad04-93ef-11d0-a3cc-00a0c9223196}\intcusbtoporender_f5f6047fc0580000_1"
"07-08-2026 09:44:55","7","Information","CLoggerSrvLogging","Default Playback device change ( Console)  {0.0.0.00000000}.{8be792fc-74bb-47db-9561-be1e35261fbb}  Headset Earphone (Plantronics Blackwire 3225 Series)  {2}.\\?\intelaudio#ctlr_dev_7728&linktype_06&devtype_06&ven_8086&dev_ae50&subsys_0ce81028&rev_0001#5&32640736&1&0604dif_000b&uif_0000#{6994ad04-93ef-11d0-a3cc-00a0c9223196}\intcusbtoporender_f5f6047fc0580000_1"
"07-08-2026 09:44:55","2","Information","CLoggerSrvLogging","Endpoint unmute Endpoint id: {0.0.1.00000000}.{09dfa0d1-cc45-493b-929e-f589428755cb}"
"07-08-2026 09:44:55","7","Information","CLoggerSrvLogging","Default Recording device change ( Communications)  {0.0.1.00000000}.{ecf6848c-847e-4df1-a443-b782d271ccbe}  Headset Microphone (Plantronics Blackwire 3225 Series)  {2}.\\?\intelaudio#ctlr_dev_7728&linktype_06&devtype_06&ven_8086&dev_ae50&subsys_0ce81028&rev_0001#5&32640736&1&0604dif_000b&uif_0000#{6994ad04-93ef-11d0-a3cc-00a0c9223196}\intcusbtopocapture_f5f6047fc0580000_0"
"07-08-2026 09:44:55","7","Information","CLoggerSrvLogging","Default Recording device change ( Multimedia)  {0.0.1.00000000}.{ecf6848c-847e-4df1-a443-b782d271ccbe}  Headset Microphone (Plantronics Blackwire 3225 Series)  {2}.\\?\intelaudio#ctlr_dev_7728&linktype_06&devtype_06&ven_8086&dev_ae50&subsys_0ce81028&rev_0001#5&32640736&1&0604dif_000b&uif_0000#{6994ad04-93ef-11d0-a3cc-00a0c9223196}\intcusbtopocapture_f5f6047fc0580000_0"
"07-08-2026 09:44:55","7","Information","CLoggerSrvLogging","Default Recording device change ( Console)  {0.0.1.00000000}.{ecf6848c-847e-4df1-a443-b782d271ccbe}  Headset Microphone (Plantronics Blackwire 3225 Series)  {2}.\\?\intelaudio#ctlr_dev_7728&linktype_06&devtype_06&ven_8086&dev_ae50&subsys_0ce81028&rev_0001#5&32640736&1&0604dif_000b&uif_0000#{6994ad04-93ef-11d0-a3cc-00a0c9223196}\intcusbtopocapture_f5f6047fc0580000_0"
"07-08-2026 09:44:55","2","Information","CLoggerSrvLogging","Endpoint unmute Endpoint id: {0.0.1.00000000}.{09dfa0d1-cc45-493b-929e-f589428755cb}"
"07-08-2026 09:44:55","2","Information","CLoggerSrvLogging","Endpoint unmute Endpoint id: {0.0.1.00000000}.{09dfa0d1-cc45-493b-929e-f589428755cb}"
"07-08-2026 09:44:53","2","Information","CLoggerSrvLogging","Endpoint unmute Endpoint id: {0.0.1.00000000}.{09dfa0d1-cc45-493b-929e-f589428755cb}"
"07-08-2026 09:44:53","2","Information","CLoggerSrvLogging","Endpoint unmute Endpoint id: {0.0.1.00000000}.{09dfa0d1-cc45-493b-929e-f589428755cb}"
"07-08-2026 09:44:53","2","Information","CLoggerSrvLogging","Endpoint unmute Endpoint id: {0.0.1.00000000}.{09dfa0d1-cc45-493b-929e-f589428755cb}"
"07-08-2026 09:16:37","2","Information","CLoggerSrvLogging","Endpoint unmute Endpoint id: {0.0.1.00000000}.{09dfa0d1-cc45-493b-929e-f589428755cb}"
"07-08-2026 09:16:37","6","Information","CLoggerSrvLogging","Jack 0 unplug"
"06-08-2026 19:01:07","7","Information","CLoggerSrvLogging","Default Recording device change ( Communications)  {0.0.1.00000000}.{09dfa0d1-cc45-493b-929e-f589428755cb}  Microphone Array on SoundWire Device (Cirrus Logic XU)  {2}.\\?\soundwire#sdca_06&man_01fa&func_4243&type_03&ver_01&adr_02&lid_00&uid_00&subsys_0ce81028&dynamicenummicrophone0#8&b76481&0&00000400#{6994ad04-93ef-11d0-a3cc-00a0c9223196}\microphone0"
"06-08-2026 19:01:07","7","Information","CLoggerSrvLogging","Default Recording device change ( Multimedia)  {0.0.1.00000000}.{09dfa0d1-cc45-493b-929e-f589428755cb}  Microphone Array on SoundWire Device (Cirrus Logic XU)  {2}.\\?\soundwire#sdca_06&man_01fa&func_4243&type_03&ver_01&adr_02&lid_00&uid_00&subsys_0ce81028&dynamicenummicrophone0#8&b76481&0&00000400#{6994ad04-93ef-11d0-a3cc-00a0c9223196}\microphone0"
"06-08-2026 19:01:07","7","Information","CLoggerSrvLogging","Default Recording device change ( Console)  {0.0.1.00000000}.{09dfa0d1-cc45-493b-929e-f589428755cb}  Microphone Array on SoundWire Device (Cirrus Logic XU)  {2}.\\?\soundwire#sdca_06&man_01fa&func_4243&type_03&ver_01&adr_02&lid_00&uid_00&subsys_0ce81028&dynamicenummicrophone0#8&b76481&0&00000400#{6994ad04-93ef-11d0-a3cc-00a0c9223196}\microphone0"
"06-08-2026 19:01:07","7","Information","CLoggerSrvLogging","Default Playback device change ( Communications)  {0.0.0.00000000}.{45d28dc2-5526-4063-98de-2b18fc40ed90}  Speakers (4- Cirrus Logic XU)  {2}.\\?\soundwire#sdca_06&man_01fa&func_4243&type_01&ver_01&adr_01&lid_00&uid_00&subsys_0ce81028&dynamicenumspeaker0#8&b83798c&0&00000c00#{6994ad04-93ef-11d0-a3cc-00a0c9223196}\speaker0"
"06-08-2026 19:01:07","7","Information","CLoggerSrvLogging","Default Playback device change ( Multimedia)  {0.0.0.00000000}.{45d28dc2-5526-4063-98de-2b18fc40ed90}  Speakers (4- Cirrus Logic XU)  {2}.\\?\soundwire#sdca_06&man_01fa&func_4243&type_01&ver_01&adr_01&lid_00&uid_00&subsys_0ce81028&dynamicenumspeaker0#8&b83798c&0&00000c00#{6994ad04-93ef-11d0-a3cc-00a0c9223196}\speaker0"
"06-08-2026 19:01:07","7","Information","CLoggerSrvLogging","Default Playback device change ( Console)  {0.0.0.00000000}.{45d28dc2-5526-4063-98de-2b18fc40ed90}  Speakers (4- Cirrus Logic XU)  {2}.\\?\soundwire#sdca_06&man_01fa&func_4243&type_01&ver_01&adr_01&lid_00&uid_00&subsys_0ce81028&dynamicenumspeaker0#8&b83798c&0&00000c00#{6994ad04-93ef-11d0-a3cc-00a0c9223196}\speaker0"
"06-08-2026 18:10:25","2","Information","CLoggerSrvLogging","Endpoint unmute Endpoint id: {0.0.1.00000000}.{ecf6848c-847e-4df1-a443-b782d271ccbe}"
"06-08-2026 18:09:54","2","Information","CLoggerSrvLogging","Endpoint unmute Endpoint id: {0.0.1.00000000}.{ecf6848c-847e-4df1-a443-b782d271ccbe}"
"06-08-2026 17:58:56","2","Information","CLoggerSrvLogging","Endpoint unmute Endpoint id: {0.0.1.00000000}.{ecf6848c-847e-4df1-a443-b782d271ccbe}"
"06-08-2026 17:58:31","2","Information","CLoggerSrvLogging","Endpoint unmute Endpoint id: {0.0.1.00000000}.{ecf6848c-847e-4df1-a443-b782d271ccbe}"
"06-08-2026 17:54:40","2","Information","CLoggerSrvLogging","Endpoint unmute Endpoint id: {0.0.1.00000000}.{ecf6848c-847e-4df1-a443-b782d271ccbe}"
"06-08-2026 17:54:15","2","Information","CLoggerSrvLogging","Endpoint unmute Endpoint id: {0.0.1.00000000}.{ecf6848c-847e-4df1-a443-b782d271ccbe}"
"06-08-2026 17:53:15","2","Information","CLoggerSrvLogging","Endpoint unmute Endpoint id: {0.0.1.00000000}.{ecf6848c-847e-4df1-a443-b782d271ccbe}"
"06-08-2026 17:52:46","2","Information","CLoggerSrvLogging","Endpoint unmute Endpoint id: {0.0.1.00000000}.{ecf6848c-847e-4df1-a443-b782d271ccbe}"
"06-08-2026 17:40:27","2","Information","CLoggerSrvLogging","Endpoint unmute Endpoint id: {0.0.1.00000000}.{ecf6848c-847e-4df1-a443-b782d271ccbe}"
"06-08-2026 17:39:59","2","Information","CLoggerSrvLogging","Endpoint unmute Endpoint id: {0.0.1.00000000}.{ecf6848c-847e-4df1-a443-b782d271ccbe}"
"06-08-2026 17:38:32","2","Information","CLoggerSrvLogging","Endpoint unmute Endpoint id: {0.0.1.00000000}.{ecf6848c-847e-4df1-a443-b782d271ccbe}"
"06-08-2026 17:38:00","2","Information","CLoggerSrvLogging","Endpoint unmute Endpoint id: {0.0.1.00000000}.{ecf6848c-847e-4df1-a443-b782d271ccbe}"
"06-08-2026 17:37:04","7","Information","CLoggerSrvLogging","Default Playback device change ( Communications)  {0.0.0.00000000}.{8be792fc-74bb-47db-9561-be1e35261fbb}  Headset Earphone (Plantronics Blackwire 3225 Series)  {2}.\\?\intelaudio#ctlr_dev_7728&linktype_06&devtype_06&ven_8086&dev_ae50&subsys_0ce81028&rev_0001#5&32640736&1&0604dif_000b&uif_0000#{6994ad04-93ef-11d0-a3cc-00a0c9223196}\intcusbtoporender_f5f6047fc0580000_1"
"06-08-2026 17:37:04","7","Information","CLoggerSrvLogging","Default Playback device change ( Multimedia)  {0.0.0.00000000}.{8be792fc-74bb-47db-9561-be1e35261fbb}  Headset Earphone (Plantronics Blackwire 3225 Series)  {2}.\\?\intelaudio#ctlr_dev_7728&linktype_06&devtype_06&ven_8086&dev_ae50&subsys_0ce81028&rev_0001#5&32640736&1&0604dif_000b&uif_0000#{6994ad04-93ef-11d0-a3cc-00a0c9223196}\intcusbtoporender_f5f6047fc0580000_1"
"06-08-2026 17:37:04","7","Information","CLoggerSrvLogging","Default Playback device change ( Console)  {0.0.0.00000000}.{8be792fc-74bb-47db-9561-be1e35261fbb}  Headset Earphone (Plantronics Blackwire 3225 Series)  {2}.\\?\intelaudio#ctlr_dev_7728&linktype_06&devtype_06&ven_8086&dev_ae50&subsys_0ce81028&rev_0001#5&32640736&1&0604dif_000b&uif_0000#{6994ad04-93ef-11d0-a3cc-00a0c9223196}\intcusbtoporender_f5f6047fc0580000_1"
"06-08-2026 17:37:04","7","Information","CLoggerSrvLogging","Default Recording device change ( Communications)  {0.0.1.00000000}.{ecf6848c-847e-4df1-a443-b782d271ccbe}  Headset Microphone (Plantronics Blackwire 3225 Series)  {2}.\\?\intelaudio#ctlr_dev_7728&linktype_06&devtype_06&ven_8086&dev_ae50&subsys_0ce81028&rev_0001#5&32640736&1&0604dif_000b&uif_0000#{6994ad04-93ef-11d0-a3cc-00a0c9223196}\intcusbtopocapture_f5f6047fc0580000_0"
"06-08-2026 17:37:04","7","Information","CLoggerSrvLogging","Default Recording device change ( Multimedia)  {0.0.1.00000000}.{ecf6848c-847e-4df1-a443-b782d271ccbe}  Headset Microphone (Plantronics Blackwire 3225 Series)  {2}.\\?\intelaudio#ctlr_dev_7728&linktype_06&devtype_06&ven_8086&dev_ae50&subsys_0ce81028&rev_0001#5&32640736&1&0604dif_000b&uif_0000#{6994ad04-93ef-11d0-a3cc-00a0c9223196}\intcusbtopocapture_f5f6047fc0580000_0"
"06-08-2026 17:37:04","7","Information","CLoggerSrvLogging","Default Recording device change ( Console)  {0.0.1.00000000}.{ecf6848c-847e-4df1-a443-b782d271ccbe}  Headset Microphone (Plantronics Blackwire 3225 Series)  {2}.\\?\intelaudio#ctlr_dev_7728&linktype_06&devtype_06&ven_8086&dev_ae50&subsys_0ce81028&rev_0001#5&32640736&1&0604dif_000b&uif_0000#{6994ad04-93ef-11d0-a3cc-00a0c9223196}\intcusbtopocapture_f5f6047fc0580000_0"
"06-08-2026 17:04:45","2","Information","CLoggerSrvLogging","Endpoint unmute Endpoint id: {0.0.1.00000000}.{09dfa0d1-cc45-493b-929e-f589428755cb}"
"06-08-2026 17:04:40","2","Information","CLoggerSrvLogging","Endpoint unmute Endpoint id: {0.0.1.00000000}.{09dfa0d1-cc45-493b-929e-f589428755cb}"
"06-08-2026 16:33:54","7","Information","CLoggerSrvLogging","Default Recording device change ( Communications)  {0.0.1.00000000}.{09dfa0d1-cc45-493b-929e-f589428755cb}  Microphone Array on SoundWire Device (Cirrus Logic XU)  {2}.\\?\soundwire#sdca_06&man_01fa&func_4243&type_03&ver_01&adr_02&lid_00&uid_00&subsys_0ce81028&dynamicenummicrophone0#8&b76481&0&00000400#{6994ad04-93ef-11d0-a3cc-00a0c9223196}\microphone0"
"06-08-2026 16:33:54","7","Information","CLoggerSrvLogging","Default Recording device change ( Multimedia)  {0.0.1.00000000}.{09dfa0d1-cc45-493b-929e-f589428755cb}  Microphone Array on SoundWire Device (Cirrus Logic XU)  {2}.\\?\soundwire#sdca_06&man_01fa&func_4243&type_03&ver_01&adr_02&lid_00&uid_00&subsys_0ce81028&dynamicenummicrophone0#8&b76481&0&00000400#{6994ad04-93ef-11d0-a3cc-00a0c9223196}\microphone0"
"06-08-2026 16:33:54","7","Information","CLoggerSrvLogging","Default Recording device change ( Console)  {0.0.1.00000000}.{09dfa0d1-cc45-493b-929e-f589428755cb}  Microphone Array on SoundWire Device (Cirrus Logic XU)  {2}.\\?\soundwire#sdca_06&man_01fa&func_4243&type_03&ver_01&adr_02&lid_00&uid_00&subsys_0ce81028&dynamicenummicrophone0#8&b76481&0&00000400#{6994ad04-93ef-11d0-a3cc-00a0c9223196}\microphone0"
"06-08-2026 16:33:54","7","Information","CLoggerSrvLogging","Default Playback device change ( Communications)  {0.0.0.00000000}.{45d28dc2-5526-4063-98de-2b18fc40ed90}  Speakers (4- Cirrus Logic XU)  {2}.\\?\soundwire#sdca_06&man_01fa&func_4243&type_01&ver_01&adr_01&lid_00&uid_00&subsys_0ce81028&dynamicenumspeaker0#8&b83798c&0&00000c00#{6994ad04-93ef-11d0-a3cc-00a0c9223196}\speaker0"
"06-08-2026 16:33:54","7","Information","CLoggerSrvLogging","Default Playback device change ( Multimedia)  {0.0.0.00000000}.{45d28dc2-5526-4063-98de-2b18fc40ed90}  Speakers (4- Cirrus Logic XU)  {2}.\\?\soundwire#sdca_06&man_01fa&func_4243&type_01&ver_01&adr_01&lid_00&uid_00&subsys_0ce81028&dynamicenumspeaker0#8&b83798c&0&00000c00#{6994ad04-93ef-11d0-a3cc-00a0c9223196}\speaker0"
"06-08-2026 16:33:54","7","Information","CLoggerSrvLogging","Default Playback device change ( Console)  {0.0.0.00000000}.{45d28dc2-5526-4063-98de-2b18fc40ed90}  Speakers (4- Cirrus Logic XU)  {2}.\\?\soundwire#sdca_06&man_01fa&func_4243&type_01&ver_01&adr_01&lid_00&uid_00&subsys_0ce81028&dynamicenumspeaker0#8&b83798c&0&00000c00#{6994ad04-93ef-11d0-a3cc-00a0c9223196}\speaker0"
"06-08-2026 16:30:21","7","Information","CLoggerSrvLogging","Default Playback device change ( Communications)  {0.0.0.00000000}.{8be792fc-74bb-47db-9561-be1e35261fbb}  Headset Earphone (Plantronics Blackwire 3225 Series)  {2}.\\?\intelaudio#ctlr_dev_7728&linktype_06&devtype_06&ven_8086&dev_ae50&subsys_0ce81028&rev_0001#5&32640736&1&0604dif_000b&uif_0000#{6994ad04-93ef-11d0-a3cc-00a0c9223196}\intcusbtoporender_f5f6047fc0580000_1"
"06-08-2026 16:30:21","7","Information","CLoggerSrvLogging","Default Playback device change ( Multimedia)  {0.0.0.00000000}.{8be792fc-74bb-47db-9561-be1e35261fbb}  Headset Earphone (Plantronics Blackwire 3225 Series)  {2}.\\?\intelaudio#ctlr_dev_7728&linktype_06&devtype_06&ven_8086&dev_ae50&subsys_0ce81028&rev_0001#5&32640736&1&0604dif_000b&uif_0000#{6994ad04-93ef-11d0-a3cc-00a0c9223196}\intcusbtoporender_f5f6047fc0580000_1"
"06-08-2026 16:30:21","7","Information","CLoggerSrvLogging","Default Playback device change ( Console)  {0.0.0.00000000}.{8be792fc-74bb-47db-9561-be1e35261fbb}  Headset Earphone (Plantronics Blackwire 3225 Series)  {2}.\\?\intelaudio#ctlr_dev_7728&linktype_06&devtype_06&ven_8086&dev_ae50&subsys_0ce81028&rev_0001#5&32640736&1&0604dif_000b&uif_0000#{6994ad04-93ef-11d0-a3cc-00a0c9223196}\intcusbtoporender_f5f6047fc0580000_1"
"06-08-2026 16:30:21","7","Information","CLoggerSrvLogging","Default Recording device change ( Communications)  {0.0.1.00000000}.{ecf6848c-847e-4df1-a443-b782d271ccbe}  Headset Microphone (Plantronics Blackwire 3225 Series)  {2}.\\?\intelaudio#ctlr_dev_7728&linktype_06&devtype_06&ven_8086&dev_ae50&subsys_0ce81028&rev_0001#5&32640736&1&0604dif_000b&uif_0000#{6994ad04-93ef-11d0-a3cc-00a0c9223196}\intcusbtopocapture_f5f6047fc0580000_0"
"06-08-2026 16:30:21","7","Information","CLoggerSrvLogging","Default Recording device change ( Multimedia)  {0.0.1.00000000}.{ecf6848c-847e-4df1-a443-b782d271ccbe}  Headset Microphone (Plantronics Blackwire 3225 Series)  {2}.\\?\intelaudio#ctlr_dev_7728&linktype_06&devtype_06&ven_8086&dev_ae50&subsys_0ce81028&rev_0001#5&32640736&1&0604dif_000b&uif_0000#{6994ad04-93ef-11d0-a3cc-00a0c9223196}\intcusbtopocapture_f5f6047fc0580000_0"
"06-08-2026 16:30:21","7","Information","CLoggerSrvLogging","Default Recording device change ( Console)  {0.0.1.00000000}.{ecf6848c-847e-4df1-a443-b782d271ccbe}  Headset Microphone (Plantronics Blackwire 3225 Series)  {2}.\\?\intelaudio#ctlr_dev_7728&linktype_06&devtype_06&ven_8086&dev_ae50&subsys_0ce81028&rev_0001#5&32640736&1&0604dif_000b&uif_0000#{6994ad04-93ef-11d0-a3cc-00a0c9223196}\intcusbtopocapture_f5f6047fc0580000_0"
"06-08-2026 09:53:45","2","Information","CLoggerSrvLogging","Endpoint unmute Endpoint id: {0.0.1.00000000}.{09dfa0d1-cc45-493b-929e-f589428755cb}"
"06-08-2026 09:53:42","2","Information","CLoggerSrvLogging","Endpoint unmute Endpoint id: {0.0.1.00000000}.{09dfa0d1-cc45-493b-929e-f589428755cb}"
"06-08-2026 09:53:41","2","Information","CLoggerSrvLogging","Endpoint unmute Endpoint id: {0.0.1.00000000}.{09dfa0d1-cc45-493b-929e-f589428755cb}"
"06-08-2026 09:53:41","2","Information","CLoggerSrvLogging","Endpoint unmute Endpoint id: {0.0.1.00000000}.{09dfa0d1-cc45-493b-929e-f589428755cb}"
"06-08-2026 09:53:41","2","Information","CLoggerSrvLogging","Endpoint unmute Endpoint id: {0.0.1.00000000}.{09dfa0d1-cc45-493b-929e-f589428755cb}"
"06-08-2026 09:53:39","2","Information","CLoggerSrvLogging","Endpoint unmute Endpoint id: {0.0.1.00000000}.{09dfa0d1-cc45-493b-929e-f589428755cb}"
"06-08-2026 09:53:34","2","Information","CLoggerSrvLogging","Endpoint unmute Endpoint id: {0.0.1.00000000}.{09dfa0d1-cc45-493b-929e-f589428755cb}"
"06-08-2026 09:53:34","2","Information","CLoggerSrvLogging","Endpoint unmute Endpoint id: {0.0.1.00000000}.{09dfa0d1-cc45-493b-929e-f589428755cb}"
"06-08-2026 09:53:11","2","Information","CLoggerSrvLogging","Endpoint unmute Endpoint id: {0.0.1.00000000}.{09dfa0d1-cc45-493b-929e-f589428755cb}"
"06-08-2026 09:53:08","2","Information","CLoggerSrvLogging","Endpoint unmute Endpoint id: {0.0.1.00000000}.{09dfa0d1-cc45-493b-929e-f589428755cb}"
"06-08-2026 09:53:08","2","Information","CLoggerSrvLogging","Endpoint unmute Endpoint id: {0.0.1.00000000}.{09dfa0d1-cc45-493b-929e-f589428755cb}"
"06-08-2026 09:53:08","2","Information","CLoggerSrvLogging","Endpoint unmute Endpoint id: {0.0.1.00000000}.{09dfa0d1-cc45-493b-929e-f589428755cb}"
"06-08-2026 09:53:08","2","Information","CLoggerSrvLogging","Endpoint unmute Endpoint id: {0.0.1.00000000}.{09dfa0d1-cc45-493b-929e-f589428755cb}"
"06-08-2026 09:53:01","2","Information","CLoggerSrvLogging","Endpoint unmute Endpoint id: {0.0.1.00000000}.{09dfa0d1-cc45-493b-929e-f589428755cb}"
"06-08-2026 09:53:01","2","Information","CLoggerSrvLogging","Endpoint unmute Endpoint id: {0.0.1.00000000}.{09dfa0d1-cc45-493b-929e-f589428755cb}"
"06-08-2026 09:51:43","2","Information","CLoggerSrvLogging","Endpoint unmute Endpoint id: {0.0.1.00000000}.{09dfa0d1-cc45-493b-929e-f589428755cb}"
"06-08-2026 09:51:43","2","Information","CLoggerSrvLogging","Endpoint unmute Endpoint id: {0.0.1.00000000}.{09dfa0d1-cc45-493b-929e-f589428755cb}"
"06-08-2026 09:51:33","2","Information","CLoggerSrvLogging","Endpoint unmute Endpoint id: {0.0.1.00000000}.{09dfa0d1-cc45-493b-929e-f589428755cb}"
"06-08-2026 09:51:23","2","Information","CLoggerSrvLogging","Endpoint unmute Endpoint id: {0.0.1.00000000}.{09dfa0d1-cc45-493b-929e-f589428755cb}"
"06-08-2026 09:50:56","2","Information","CLoggerSrvLogging","Endpoint unmute Endpoint id: {0.0.1.00000000}.{09dfa0d1-cc45-493b-929e-f589428755cb}"
"06-08-2026 09:50:55","2","Information","CLoggerSrvLogging","Endpoint unmute Endpoint id: {0.0.1.00000000}.{09dfa0d1-cc45-493b-929e-f589428755cb}"
"06-08-2026 09:50:55","2","Information","CLoggerSrvLogging","Endpoint unmute Endpoint id: {0.0.1.00000000}.{09dfa0d1-cc45-493b-929e-f589428755cb}"
"06-08-2026 09:50:55","2","Information","CLoggerSrvLogging","Endpoint unmute Endpoint id: {0.0.1.00000000}.{09dfa0d1-cc45-493b-929e-f589428755cb}"
"06-08-2026 09:50:54","2","Information","CLoggerSrvLogging","Endpoint unmute Endpoint id: {0.0.1.00000000}.{09dfa0d1-cc45-493b-929e-f589428755cb}"
"06-08-2026 09:50:53","2","Information","CLoggerSrvLogging","Endpoint unmute Endpoint id: {0.0.1.00000000}.{09dfa0d1-cc45-493b-929e-f589428755cb}"
"06-08-2026 09:50:53","2","Information","CLoggerSrvLogging","Endpoint unmute Endpoint id: {0.0.1.00000000}.{09dfa0d1-cc45-493b-929e-f589428755cb}"
"06-08-2026 09:50:53","2","Information","CLoggerSrvLogging","Endpoint unmute Endpoint id: {0.0.1.00000000}.{09dfa0d1-cc45-493b-929e-f589428755cb}"
"06-08-2026 09:50:52","2","Information","CLoggerSrvLogging","Endpoint unmute Endpoint id: {0.0.1.00000000}.{09dfa0d1-cc45-493b-929e-f589428755cb}"
"06-08-2026 09:50:50","2","Information","CLoggerSrvLogging","Endpoint unmute Endpoint id: {0.0.1.00000000}.{09dfa0d1-cc45-493b-929e-f589428755cb}"
"06-08-2026 09:50:50","2","Information","CLoggerSrvLogging","Endpoint unmute Endpoint id: {0.0.1.00000000}.{09dfa0d1-cc45-493b-929e-f589428755cb}"
"06-08-2026 09:50:50","2","Information","CLoggerSrvLogging","Endpoint unmute Endpoint id: {0.0.1.00000000}.{09dfa0d1-cc45-493b-929e-f589428755cb}"
"06-08-2026 09:50:49","2","Information","CLoggerSrvLogging","Endpoint unmute Endpoint id: {0.0.1.00000000}.{09dfa0d1-cc45-493b-929e-f589428755cb}"
"06-08-2026 09:50:48","2","Information","CLoggerSrvLogging","Endpoint unmute Endpoint id: {0.0.1.00000000}.{09dfa0d1-cc45-493b-929e-f589428755cb}"
"06-08-2026 09:50:47","2","Information","CLoggerSrvLogging","Endpoint unmute Endpoint id: {0.0.1.00000000}.{09dfa0d1-cc45-493b-929e-f589428755cb}"
"06-08-2026 09:50:47","2","Information","CLoggerSrvLogging","Endpoint unmute Endpoint id: {0.0.1.00000000}.{09dfa0d1-cc45-493b-929e-f589428755cb}"
"06-08-2026 09:50:47","2","Information","CLoggerSrvLogging","Endpoint unmute Endpoint id: {0.0.1.00000000}.{09dfa0d1-cc45-493b-929e-f589428755cb}"
"06-08-2026 09:50:46","2","Information","CLoggerSrvLogging","Endpoint unmute Endpoint id: {0.0.1.00000000}.{09dfa0d1-cc45-493b-929e-f589428755cb}"
"06-08-2026 09:50:46","2","Information","CLoggerSrvLogging","Endpoint unmute Endpoint id: {0.0.1.00000000}.{09dfa0d1-cc45-493b-929e-f589428755cb}"
"06-08-2026 09:50:45","2","Information","CLoggerSrvLogging","Endpoint unmute Endpoint id: {0.0.1.00000000}.{09dfa0d1-cc45-493b-929e-f589428755cb}"
"06-08-2026 09:50:45","2","Information","CLoggerSrvLogging","Endpoint unmute Endpoint id: {0.0.1.00000000}.{09dfa0d1-cc45-493b-929e-f589428755cb}"
"06-08-2026 09:50:45","2","Information","CLoggerSrvLogging","Endpoint unmute Endpoint id: {0.0.1.00000000}.{09dfa0d1-cc45-493b-929e-f589428755cb}"
"06-08-2026 09:50:45","2","Information","CLoggerSrvLogging","Endpoint unmute Endpoint id: {0.0.1.00000000}.{09dfa0d1-cc45-493b-929e-f589428755cb}"
"06-08-2026 09:50:44","2","Information","CLoggerSrvLogging","Endpoint unmute Endpoint id: {0.0.1.00000000}.{09dfa0d1-cc45-493b-929e-f589428755cb}"
"06-08-2026 09:50:21","2","Information","CLoggerSrvLogging","Endpoint unmute Endpoint id: {0.0.1.00000000}.{09dfa0d1-cc45-493b-929e-f589428755cb}"
"06-08-2026 09:50:05","2","Information","CLoggerSrvLogging","Endpoint unmute Endpoint id: {0.0.1.00000000}.{09dfa0d1-cc45-493b-929e-f589428755cb}"
"06-08-2026 09:50:05","2","Information","CLoggerSrvLogging","Endpoint unmute Endpoint id: {0.0.1.00000000}.{09dfa0d1-cc45-493b-929e-f589428755cb}"
"06-08-2026 09:50:05","2","Information","CLoggerSrvLogging","Endpoint unmute Endpoint id: {0.0.1.00000000}.{09dfa0d1-cc45-493b-929e-f589428755cb}"
"06-08-2026 09:50:01","2","Information","CLoggerSrvLogging","Endpoint unmute Endpoint id: {0.0.1.00000000}.{09dfa0d1-cc45-493b-929e-f589428755cb}"
"06-08-2026 09:49:58","2","Information","CLoggerSrvLogging","Endpoint unmute Endpoint id: {0.0.1.00000000}.{09dfa0d1-cc45-493b-929e-f589428755cb}"
"06-08-2026 09:49:58","2","Information","CLoggerSrvLogging","Endpoint unmute Endpoint id: {0.0.1.00000000}.{09dfa0d1-cc45-493b-929e-f589428755cb}"
"06-08-2026 09:49:58","2","Information","CLoggerSrvLogging","Endpoint unmute Endpoint id: {0.0.1.00000000}.{09dfa0d1-cc45-493b-929e-f589428755cb}"
"06-08-2026 09:49:50","2","Information","CLoggerSrvLogging","Endpoint unmute Endpoint id: {0.0.1.00000000}.{09dfa0d1-cc45-493b-929e-f589428755cb}"
"06-08-2026 09:49:41","2","Information","CLoggerSrvLogging","Endpoint unmute Endpoint id: {0.0.1.00000000}.{09dfa0d1-cc45-493b-929e-f589428755cb}"
"06-08-2026 09:49:41","2","Information","CLoggerSrvLogging","Endpoint unmute Endpoint id: {0.0.1.00000000}.{09dfa0d1-cc45-493b-929e-f589428755cb}"
"06-08-2026 09:49:28","2","Information","CLoggerSrvLogging","Endpoint unmute Endpoint id: {0.0.1.00000000}.{09dfa0d1-cc45-493b-929e-f589428755cb}"
"06-08-2026 09:49:28","2","Information","CLoggerSrvLogging","Endpoint unmute Endpoint id: {0.0.1.00000000}.{09dfa0d1-cc45-493b-929e-f589428755cb}"
"06-08-2026 09:49:28","2","Information","CLoggerSrvLogging","Endpoint unmute Endpoint id: {0.0.1.00000000}.{09dfa0d1-cc45-493b-929e-f589428755cb}"
"06-08-2026 09:49:27","2","Information","CLoggerSrvLogging","Endpoint unmute Endpoint id: {0.0.1.00000000}.{09dfa0d1-cc45-493b-929e-f589428755cb}"
"06-08-2026 09:49:26","2","Information","CLoggerSrvLogging","Endpoint unmute Endpoint id: {0.0.1.00000000}.{09dfa0d1-cc45-493b-929e-f589428755cb}"
"06-08-2026 09:49:26","2","Information","CLoggerSrvLogging","Endpoint unmute Endpoint id: {0.0.1.00000000}.{09dfa0d1-cc45-493b-929e-f589428755cb}"
"06-08-2026 09:49:26","2","Information","CLoggerSrvLogging","Endpoint unmute Endpoint id: {0.0.1.00000000}.{09dfa0d1-cc45-493b-929e-f589428755cb}"
"06-08-2026 09:49:25","2","Information","CLoggerSrvLogging","Endpoint unmute Endpoint id: {0.0.1.00000000}.{09dfa0d1-cc45-493b-929e-f589428755cb}"
"06-08-2026 09:49:10","2","Information","CLoggerSrvLogging","Endpoint unmute Endpoint id: {0.0.1.00000000}.{09dfa0d1-cc45-493b-929e-f589428755cb}"
"06-08-2026 09:49:05","2","Information","CLoggerSrvLogging","Endpoint unmute Endpoint id: {0.0.1.00000000}.{09dfa0d1-cc45-493b-929e-f589428755cb}"
"06-08-2026 09:49:05","2","Information","CLoggerSrvLogging","Endpoint unmute Endpoint id: {0.0.1.00000000}.{09dfa0d1-cc45-493b-929e-f589428755cb}"
"06-08-2026 09:49:01","2","Information","CLoggerSrvLogging","Endpoint unmute Endpoint id: {0.0.1.00000000}.{09dfa0d1-cc45-493b-929e-f589428755cb}"
"06-08-2026 09:48:59","2","Information","CLoggerSrvLogging","Endpoint unmute Endpoint id: {0.0.1.00000000}.{09dfa0d1-cc45-493b-929e-f589428755cb}"
"06-08-2026 09:48:59","2","Information","CLoggerSrvLogging","Endpoint unmute Endpoint id: {0.0.1.00000000}.{09dfa0d1-cc45-493b-929e-f589428755cb}"
"06-08-2026 09:48:59","2","Information","CLoggerSrvLogging","Endpoint unmute Endpoint id: {0.0.1.00000000}.{09dfa0d1-cc45-493b-929e-f589428755cb}"
"06-08-2026 09:48:58","2","Information","CLoggerSrvLogging","Endpoint unmute Endpoint id: {0.0.1.00000000}.{09dfa0d1-cc45-493b-929e-f589428755cb}"
"06-08-2026 09:48:58","2","Information","CLoggerSrvLogging","Endpoint unmute Endpoint id: {0.0.1.00000000}.{09dfa0d1-cc45-493b-929e-f589428755cb}"
"06-08-2026 09:48:56","2","Information","CLoggerSrvLogging","Endpoint unmute Endpoint id: {0.0.1.00000000}.{09dfa0d1-cc45-493b-929e-f589428755cb}"
"06-08-2026 09:48:56","2","Information","CLoggerSrvLogging","Endpoint unmute Endpoint id: {0.0.1.00000000}.{09dfa0d1-cc45-493b-929e-f589428755cb}"
"06-08-2026 09:48:55","2","Information","CLoggerSrvLogging","Endpoint unmute Endpoint id: {0.0.1.00000000}.{09dfa0d1-cc45-493b-929e-f589428755cb}"
"06-08-2026 09:48:55","2","Information","CLoggerSrvLogging","Endpoint unmute Endpoint id: {0.0.1.00000000}.{09dfa0d1-cc45-493b-929e-f589428755cb}"
"06-08-2026 09:48:55","2","Information","CLoggerSrvLogging","Endpoint unmute Endpoint id: {0.0.1.00000000}.{09dfa0d1-cc45-493b-929e-f589428755cb}"
"06-08-2026 09:48:55","2","Information","CLoggerSrvLogging","Endpoint unmute Endpoint id: {0.0.1.00000000}.{09dfa0d1-cc45-493b-929e-f589428755cb}"
"06-08-2026 09:48:32","2","Information","CLoggerSrvLogging","Endpoint unmute Endpoint id: {0.0.1.00000000}.{09dfa0d1-cc45-493b-929e-f589428755cb}"
"06-08-2026 09:48:32","2","Information","CLoggerSrvLogging","Endpoint unmute Endpoint id: {0.0.1.00000000}.{09dfa0d1-cc45-493b-929e-f589428755cb}"
"06-08-2026 09:48:24","2","Information","CLoggerSrvLogging","Endpoint unmute Endpoint id: {0.0.1.00000000}.{09dfa0d1-cc45-493b-929e-f589428755cb}"
"06-08-2026 09:48:24","2","Information","CLoggerSrvLogging","Endpoint unmute Endpoint id: {0.0.1.00000000}.{09dfa0d1-cc45-493b-929e-f589428755cb}"
"06-08-2026 09:48:24","2","Information","CLoggerSrvLogging","Endpoint unmute Endpoint id: {0.0.1.00000000}.{09dfa0d1-cc45-493b-929e-f589428755cb}"
"06-08-2026 09:48:16","2","Information","CLoggerSrvLogging","Endpoint unmute Endpoint id: {0.0.1.00000000}.{09dfa0d1-cc45-493b-929e-f589428755cb}"
"06-08-2026 09:48:16","2","Information","CLoggerSrvLogging","Endpoint unmute Endpoint id: {0.0.1.00000000}.{09dfa0d1-cc45-493b-929e-f589428755cb}"
"06-08-2026 09:48:16","2","Information","CLoggerSrvLogging","Endpoint unmute Endpoint id: {0.0.1.00000000}.{09dfa0d1-cc45-493b-929e-f589428755cb}"
"06-08-2026 09:48:16","2","Information","CLoggerSrvLogging","Endpoint unmute Endpoint id: {0.0.1.00000000}.{09dfa0d1-cc45-493b-929e-f589428755cb}"
"06-08-2026 09:48:10","2","Information","CLoggerSrvLogging","Endpoint unmute Endpoint id: {0.0.1.00000000}.{09dfa0d1-cc45-493b-929e-f589428755cb}"
"06-08-2026 09:48:07","2","Information","CLoggerSrvLogging","Endpoint unmute Endpoint id: {0.0.1.00000000}.{09dfa0d1-cc45-493b-929e-f589428755cb}"
"06-08-2026 09:48:07","2","Information","CLoggerSrvLogging","Endpoint unmute Endpoint id: {0.0.1.00000000}.{09dfa0d1-cc45-493b-929e-f589428755cb}"
"06-08-2026 09:47:43","2","Information","CLoggerSrvLogging","Endpoint unmute Endpoint id: {0.0.1.00000000}.{09dfa0d1-cc45-493b-929e-f589428755cb}"
"06-08-2026 09:47:40","2","Information","CLoggerSrvLogging","Endpoint unmute Endpoint id: {0.0.1.00000000}.{09dfa0d1-cc45-493b-929e-f589428755cb}"
"06-08-2026 09:47:26","2","Information","CLoggerSrvLogging","Endpoint unmute Endpoint id: {0.0.1.00000000}.{09dfa0d1-cc45-493b-929e-f589428755cb}"
"06-08-2026 09:47:20","2","Information","CLoggerSrvLogging","Endpoint unmute Endpoint id: {0.0.1.00000000}.{09dfa0d1-cc45-493b-929e-f589428755cb}"
"06-08-2026 09:47:16","2","Information","CLoggerSrvLogging","Endpoint unmute Endpoint id: {0.0.1.00000000}.{09dfa0d1-cc45-493b-929e-f589428755cb}"
"06-08-2026 09:47:16","2","Information","CLoggerSrvLogging","Endpoint unmute Endpoint id: {0.0.1.00000000}.{09dfa0d1-cc45-493b-929e-f589428755cb}"
"06-08-2026 09:47:16","2","Information","CLoggerSrvLogging","Endpoint unmute Endpoint id: {0.0.1.00000000}.{09dfa0d1-cc45-493b-929e-f589428755cb}"
"06-08-2026 09:47:14","2","Information","CLoggerSrvLogging","Endpoint unmute Endpoint id: {0.0.1.00000000}.{09dfa0d1-cc45-493b-929e-f589428755cb}"
"06-08-2026 09:46:53","2","Information","CLoggerSrvLogging","Endpoint unmute Endpoint id: {0.0.1.00000000}.{09dfa0d1-cc45-493b-929e-f589428755cb}"
"06-08-2026 09:46:37","2","Information","CLoggerSrvLogging","Endpoint unmute Endpoint id: {0.0.1.00000000}.{09dfa0d1-cc45-493b-929e-f589428755cb}"
"06-08-2026 09:46:34","2","Information","CLoggerSrvLogging","Endpoint unmute Endpoint id: {0.0.1.00000000}.{09dfa0d1-cc45-493b-929e-f589428755cb}"
"06-08-2026 09:46:34","2","Information","CLoggerSrvLogging","Endpoint unmute Endpoint id: {0.0.1.00000000}.{09dfa0d1-cc45-493b-929e-f589428755cb}"
"06-08-2026 09:46:33","2","Information","CLoggerSrvLogging","Endpoint unmute Endpoint id: {0.0.1.00000000}.{09dfa0d1-cc45-493b-929e-f589428755cb}"
"06-08-2026 09:46:32","2","Information","CLoggerSrvLogging","Endpoint unmute Endpoint id: {0.0.1.00000000}.{09dfa0d1-cc45-493b-929e-f589428755cb}"
"06-08-2026 09:46:32","2","Information","CLoggerSrvLogging","Endpoint unmute Endpoint id: {0.0.1.00000000}.{09dfa0d1-cc45-493b-929e-f589428755cb}"
"06-08-2026 09:46:31","2","Information","CLoggerSrvLogging","Endpoint unmute Endpoint id: {0.0.1.00000000}.{09dfa0d1-cc45-493b-929e-f589428755cb}"
"06-08-2026 09:46:30","2","Information","CLoggerSrvLogging","Endpoint unmute Endpoint id: {0.0.1.00000000}.{09dfa0d1-cc45-493b-929e-f589428755cb}"
"06-08-2026 09:46:30","2","Information","CLoggerSrvLogging","Endpoint unmute Endpoint id: {0.0.1.00000000}.{09dfa0d1-cc45-493b-929e-f589428755cb}"
"06-08-2026 09:46:13","2","Information","CLoggerSrvLogging","Endpoint unmute Endpoint id: {0.0.1.00000000}.{09dfa0d1-cc45-493b-929e-f589428755cb}"
"06-08-2026 09:46:13","2","Information","CLoggerSrvLogging","Endpoint unmute Endpoint id: {0.0.1.00000000}.{09dfa0d1-cc45-493b-929e-f589428755cb}"
"06-08-2026 09:46:13","2","Information","CLoggerSrvLogging","Endpoint unmute Endpoint id: {0.0.1.00000000}.{09dfa0d1-cc45-493b-929e-f589428755cb}"
"06-08-2026 09:46:13","2","Information","CLoggerSrvLogging","Endpoint unmute Endpoint id: {0.0.1.00000000}.{09dfa0d1-cc45-493b-929e-f589428755cb}"
"06-08-2026 09:46:10","2","Information","CLoggerSrvLogging","Endpoint unmute Endpoint id: {0.0.1.00000000}.{09dfa0d1-cc45-493b-929e-f589428755cb}"
"06-08-2026 09:46:10","2","Information","CLoggerSrvLogging","Endpoint unmute Endpoint id: {0.0.1.00000000}.{09dfa0d1-cc45-493b-929e-f589428755cb}"
"06-08-2026 09:46:10","2","Information","CLoggerSrvLogging","Endpoint unmute Endpoint id: {0.0.1.00000000}.{09dfa0d1-cc45-493b-929e-f589428755cb}"
"06-08-2026 09:46:10","2","Information","CLoggerSrvLogging","Endpoint unmute Endpoint id: {0.0.1.00000000}.{09dfa0d1-cc45-493b-929e-f589428755cb}"
"06-08-2026 09:46:10","2","Information","CLoggerSrvLogging","Endpoint unmute Endpoint id: {0.0.1.00000000}.{09dfa0d1-cc45-493b-929e-f589428755cb}"
"06-08-2026 09:46:09","2","Information","CLoggerSrvLogging","Endpoint unmute Endpoint id: {0.0.1.00000000}.{09dfa0d1-cc45-493b-929e-f589428755cb}"
"06-08-2026 09:46:09","2","Information","CLoggerSrvLogging","Endpoint unmute Endpoint id: {0.0.1.00000000}.{09dfa0d1-cc45-493b-929e-f589428755cb}"
"06-08-2026 09:46:06","2","Information","CLoggerSrvLogging","Endpoint unmute Endpoint id: {0.0.1.00000000}.{09dfa0d1-cc45-493b-929e-f589428755cb}"
"06-08-2026 09:46:06","2","Information","CLoggerSrvLogging","Endpoint unmute Endpoint id: {0.0.1.00000000}.{09dfa0d1-cc45-493b-929e-f589428755cb}"
"06-08-2026 09:45:26","2","Information","CLoggerSrvLogging","Endpoint unmute Endpoint id: {0.0.1.00000000}.{09dfa0d1-cc45-493b-929e-f589428755cb}"
"06-08-2026 09:45:21","2","Information","CLoggerSrvLogging","Endpoint unmute Endpoint id: {0.0.1.00000000}.{09dfa0d1-cc45-493b-929e-f589428755cb}"
"06-08-2026 09:45:21","2","Information","CLoggerSrvLogging","Endpoint unmute Endpoint id: {0.0.1.00000000}.{09dfa0d1-cc45-493b-929e-f589428755cb}"
"06-08-2026 09:45:10","2","Information","CLoggerSrvLogging","Endpoint unmute Endpoint id: {0.0.1.00000000}.{09dfa0d1-cc45-493b-929e-f589428755cb}"
"06-08-2026 09:45:10","2","Information","CLoggerSrvLogging","Endpoint unmute Endpoint id: {0.0.1.00000000}.{09dfa0d1-cc45-493b-929e-f589428755cb}"
"06-08-2026 09:45:10","2","Information","CLoggerSrvLogging","Endpoint unmute Endpoint id: {0.0.1.00000000}.{09dfa0d1-cc45-493b-929e-f589428755cb}"
"06-08-2026 09:45:05","2","Information","CLoggerSrvLogging","Endpoint unmute Endpoint id: {0.0.1.00000000}.{09dfa0d1-cc45-493b-929e-f589428755cb}"
"06-08-2026 09:45:05","2","Information","CLoggerSrvLogging","Endpoint unmute Endpoint id: {0.0.1.00000000}.{09dfa0d1-cc45-493b-929e-f589428755cb}"
"06-08-2026 09:45:04","2","Information","CLoggerSrvLogging","Endpoint unmute Endpoint id: {0.0.1.00000000}.{09dfa0d1-cc45-493b-929e-f589428755cb}"
"06-08-2026 09:45:03","2","Information","CLoggerSrvLogging","Endpoint unmute Endpoint id: {0.0.1.00000000}.{09dfa0d1-cc45-493b-929e-f589428755cb}"
"06-08-2026 09:45:03","2","Information","CLoggerSrvLogging","Endpoint unmute Endpoint id: {0.0.1.00000000}.{09dfa0d1-cc45-493b-929e-f589428755cb}"
"06-08-2026 09:44:57","2","Information","CLoggerSrvLogging","Endpoint unmute Endpoint id: {0.0.1.00000000}.{09dfa0d1-cc45-493b-929e-f589428755cb}"
"06-08-2026 09:44:57","2","Information","CLoggerSrvLogging","Endpoint unmute Endpoint id: {0.0.1.00000000}.{09dfa0d1-cc45-493b-929e-f589428755cb}"
"06-08-2026 09:44:52","2","Information","CLoggerSrvLogging","Endpoint unmute Endpoint id: {0.0.1.00000000}.{09dfa0d1-cc45-493b-929e-f589428755cb}"
"06-08-2026 09:44:52","2","Information","CLoggerSrvLogging","Endpoint unmute Endpoint id: {0.0.1.00000000}.{09dfa0d1-cc45-493b-929e-f589428755cb}"
"06-08-2026 09:44:52","2","Information","CLoggerSrvLogging","Endpoint unmute Endpoint id: {0.0.1.00000000}.{09dfa0d1-cc45-493b-929e-f589428755cb}"
"06-08-2026 09:44:52","2","Information","CLoggerSrvLogging","Endpoint unmute Endpoint id: {0.0.1.00000000}.{09dfa0d1-cc45-493b-929e-f589428755cb}"
"06-08-2026 09:44:32","2","Information","CLoggerSrvLogging","Endpoint unmute Endpoint id: {0.0.1.00000000}.{09dfa0d1-cc45-493b-929e-f589428755cb}"
"06-08-2026 09:44:32","2","Information","CLoggerSrvLogging","Endpoint unmute Endpoint id: {0.0.1.00000000}.{09dfa0d1-cc45-493b-929e-f589428755cb}"
"06-08-2026 09:44:29","2","Information","CLoggerSrvLogging","Endpoint unmute Endpoint id: {0.0.1.00000000}.{09dfa0d1-cc45-493b-929e-f589428755cb}"
"06-08-2026 09:44:29","2","Information","CLoggerSrvLogging","Endpoint unmute Endpoint id: {0.0.1.00000000}.{09dfa0d1-cc45-493b-929e-f589428755cb}"
"06-08-2026 09:44:28","2","Information","CLoggerSrvLogging","Endpoint unmute Endpoint id: {0.0.1.00000000}.{09dfa0d1-cc45-493b-929e-f589428755cb}"
"06-08-2026 09:44:28","2","Information","CLoggerSrvLogging","Endpoint unmute Endpoint id: {0.0.1.00000000}.{09dfa0d1-cc45-493b-929e-f589428755cb}"
"06-08-2026 09:44:28","2","Information","CLoggerSrvLogging","Endpoint unmute Endpoint id: {0.0.1.00000000}.{09dfa0d1-cc45-493b-929e-f589428755cb}"
"06-08-2026 09:44:28","2","Information","CLoggerSrvLogging","Endpoint unmute Endpoint id: {0.0.1.00000000}.{09dfa0d1-cc45-493b-929e-f589428755cb}"
"06-08-2026 09:44:27","2","Information","CLoggerSrvLogging","Endpoint unmute Endpoint id: {0.0.1.00000000}.{09dfa0d1-cc45-493b-929e-f589428755cb}"
"06-08-2026 09:44:27","2","Information","CLoggerSrvLogging","Endpoint unmute Endpoint id: {0.0.1.00000000}.{09dfa0d1-cc45-493b-929e-f589428755cb}"
"06-08-2026 09:44:27","2","Information","CLoggerSrvLogging","Endpoint unmute Endpoint id: {0.0.1.00000000}.{09dfa0d1-cc45-493b-929e-f589428755cb}"
"06-08-2026 09:44:26","2","Information","CLoggerSrvLogging","Endpoint unmute Endpoint id: {0.0.1.00000000}.{09dfa0d1-cc45-493b-929e-f589428755cb}"
"06-08-2026 09:44:26","2","Information","CLoggerSrvLogging","Endpoint unmute Endpoint id: {0.0.1.00000000}.{09dfa0d1-cc45-493b-929e-f589428755cb}"
"06-08-2026 09:44:26","2","Information","CLoggerSrvLogging","Endpoint unmute Endpoint id: {0.0.1.00000000}.{09dfa0d1-cc45-493b-929e-f589428755cb}"
"06-08-2026 09:44:25","2","Information","CLoggerSrvLogging","Endpoint unmute Endpoint id: {0.0.1.00000000}.{09dfa0d1-cc45-493b-929e-f589428755cb}"
"06-08-2026 09:44:25","2","Information","CLoggerSrvLogging","Endpoint unmute Endpoint id: {0.0.1.00000000}.{09dfa0d1-cc45-493b-929e-f589428755cb}"
"06-08-2026 09:44:24","2","Information","CLoggerSrvLogging","Endpoint unmute Endpoint id: {0.0.1.00000000}.{09dfa0d1-cc45-493b-929e-f589428755cb}"
"06-08-2026 09:44:21","2","Information","CLoggerSrvLogging","Endpoint unmute Endpoint id: {0.0.1.00000000}.{09dfa0d1-cc45-493b-929e-f589428755cb}"
"06-08-2026 09:44:17","2","Information","CLoggerSrvLogging","Endpoint unmute Endpoint id: {0.0.1.00000000}.{09dfa0d1-cc45-493b-929e-f589428755cb}"
"06-08-2026 09:44:00","2","Information","CLoggerSrvLogging","Endpoint unmute Endpoint id: {0.0.1.00000000}.{09dfa0d1-cc45-493b-929e-f589428755cb}"
"06-08-2026 09:44:00","2","Information","CLoggerSrvLogging","Endpoint unmute Endpoint id: {0.0.1.00000000}.{09dfa0d1-cc45-493b-929e-f589428755cb}"
"06-08-2026 09:44:00","2","Information","CLoggerSrvLogging","Endpoint unmute Endpoint id: {0.0.1.00000000}.{09dfa0d1-cc45-493b-929e-f589428755cb}"
"06-08-2026 09:44:00","2","Information","CLoggerSrvLogging","Endpoint unmute Endpoint id: {0.0.1.00000000}.{09dfa0d1-cc45-493b-929e-f589428755cb}"
"06-08-2026 09:43:59","2","Information","CLoggerSrvLogging","Endpoint unmute Endpoint id: {0.0.1.00000000}.{09dfa0d1-cc45-493b-929e-f589428755cb}"
"06-08-2026 09:43:59","2","Information","CLoggerSrvLogging","Endpoint unmute Endpoint id: {0.0.1.00000000}.{09dfa0d1-cc45-493b-929e-f589428755cb}"
"06-08-2026 09:43:35","2","Information","CLoggerSrvLogging","Endpoint unmute Endpoint id: {0.0.1.00000000}.{09dfa0d1-cc45-493b-929e-f589428755cb}"
"06-08-2026 09:43:35","2","Information","CLoggerSrvLogging","Endpoint unmute Endpoint id: {0.0.1.00000000}.{09dfa0d1-cc45-493b-929e-f589428755cb}"
"06-08-2026 09:43:35","2","Information","CLoggerSrvLogging","Endpoint unmute Endpoint id: {0.0.1.00000000}.{09dfa0d1-cc45-493b-929e-f589428755cb}"
"06-08-2026 09:43:35","2","Information","CLoggerSrvLogging","Endpoint unmute Endpoint id: {0.0.1.00000000}.{09dfa0d1-cc45-493b-929e-f589428755cb}"
"06-08-2026 09:43:34","2","Information","CLoggerSrvLogging","Endpoint unmute Endpoint id: {0.0.1.00000000}.{09dfa0d1-cc45-493b-929e-f589428755cb}"
"06-08-2026 09:43:34","2","Information","CLoggerSrvLogging","Endpoint unmute Endpoint id: {0.0.1.00000000}.{09dfa0d1-cc45-493b-929e-f589428755cb}"
"06-08-2026 09:43:34","2","Information","CLoggerSrvLogging","Endpoint unmute Endpoint id: {0.0.1.00000000}.{09dfa0d1-cc45-493b-929e-f589428755cb}"
"06-08-2026 09:43:20","2","Information","CLoggerSrvLogging","Endpoint unmute Endpoint id: {0.0.1.00000000}.{09dfa0d1-cc45-493b-929e-f589428755cb}"
"06-08-2026 09:43:13","2","Information","CLoggerSrvLogging","Endpoint unmute Endpoint id: {0.0.1.00000000}.{09dfa0d1-cc45-493b-929e-f589428755cb}"
"06-08-2026 09:43:13","2","Information","CLoggerSrvLogging","Endpoint unmute Endpoint id: {0.0.1.00000000}.{09dfa0d1-cc45-493b-929e-f589428755cb}"
"06-08-2026 09:43:13","2","Information","CLoggerSrvLogging","Endpoint unmute Endpoint id: {0.0.1.00000000}.{09dfa0d1-cc45-493b-929e-f589428755cb}"
"06-08-2026 09:43:13","2","Information","CLoggerSrvLogging","Endpoint unmute Endpoint id: {0.0.1.00000000}.{09dfa0d1-cc45-493b-929e-f589428755cb}"
"06-08-2026 09:43:12","2","Information","CLoggerSrvLogging","Endpoint unmute Endpoint id: {0.0.1.00000000}.{09dfa0d1-cc45-493b-929e-f589428755cb}"
"06-08-2026 09:42:54","2","Information","CLoggerSrvLogging","Endpoint unmute Endpoint id: {0.0.1.00000000}.{09dfa0d1-cc45-493b-929e-f589428755cb}"
"06-08-2026 09:42:53","2","Information","CLoggerSrvLogging","Endpoint unmute Endpoint id: {0.0.1.00000000}.{09dfa0d1-cc45-493b-929e-f589428755cb}"
"06-08-2026 09:42:53","2","Information","CLoggerSrvLogging","Endpoint unmute Endpoint id: {0.0.1.00000000}.{09dfa0d1-cc45-493b-929e-f589428755cb}"
"06-08-2026 09:42:53","2","Information","CLoggerSrvLogging","Endpoint unmute Endpoint id: {0.0.1.00000000}.{09dfa0d1-cc45-493b-929e-f589428755cb}"
"06-08-2026 09:42:53","2","Information","CLoggerSrvLogging","Endpoint unmute Endpoint id: {0.0.1.00000000}.{09dfa0d1-cc45-493b-929e-f589428755cb}"
"06-08-2026 09:42:53","2","Information","CLoggerSrvLogging","Endpoint unmute Endpoint id: {0.0.1.00000000}.{09dfa0d1-cc45-493b-929e-f589428755cb}"
"06-08-2026 09:42:52","2","Information","CLoggerSrvLogging","Endpoint unmute Endpoint id: {0.0.1.00000000}.{09dfa0d1-cc45-493b-929e-f589428755cb}"
"06-08-2026 09:42:52","2","Information","CLoggerSrvLogging","Endpoint unmute Endpoint id: {0.0.1.00000000}.{09dfa0d1-cc45-493b-929e-f589428755cb}"
"06-08-2026 09:42:52","2","Information","CLoggerSrvLogging","Endpoint unmute Endpoint id: {0.0.1.00000000}.{09dfa0d1-cc45-493b-929e-f589428755cb}"
"06-08-2026 09:42:46","2","Information","CLoggerSrvLogging","Endpoint unmute Endpoint id: {0.0.1.00000000}.{09dfa0d1-cc45-493b-929e-f589428755cb}"
"06-08-2026 09:42:46","2","Information","CLoggerSrvLogging","Endpoint unmute Endpoint id: {0.0.1.00000000}.{09dfa0d1-cc45-493b-929e-f589428755cb}"
"06-08-2026 09:41:55","2","Information","CLoggerSrvLogging","Endpoint unmute Endpoint id: {0.0.1.00000000}.{09dfa0d1-cc45-493b-929e-f589428755cb}"
"06-08-2026 09:41:51","2","Information","CLoggerSrvLogging","Endpoint unmute Endpoint id: {0.0.1.00000000}.{09dfa0d1-cc45-493b-929e-f589428755cb}"
"06-08-2026 09:41:21","2","Information","CLoggerSrvLogging","Endpoint unmute Endpoint id: {0.0.1.00000000}.{09dfa0d1-cc45-493b-929e-f589428755cb}"
"06-08-2026 09:41:18","2","Information","CLoggerSrvLogging","Endpoint unmute Endpoint id: {0.0.1.00000000}.{09dfa0d1-cc45-493b-929e-f589428755cb}"
"06-08-2026 09:40:55","2","Information","CLoggerSrvLogging","Endpoint unmute Endpoint id: {0.0.1.00000000}.{09dfa0d1-cc45-493b-929e-f589428755cb}"
"06-08-2026 09:40:55","2","Information","CLoggerSrvLogging","Endpoint unmute Endpoint id: {0.0.1.00000000}.{09dfa0d1-cc45-493b-929e-f589428755cb}"
"06-08-2026 09:40:55","2","Information","CLoggerSrvLogging","Endpoint unmute Endpoint id: {0.0.1.00000000}.{09dfa0d1-cc45-493b-929e-f589428755cb}"
"06-08-2026 09:40:09","2","Information","CLoggerSrvLogging","Endpoint unmute Endpoint id: {0.0.1.00000000}.{09dfa0d1-cc45-493b-929e-f589428755cb}"
"06-08-2026 09:40:09","2","Information","CLoggerSrvLogging","Endpoint unmute Endpoint id: {0.0.1.00000000}.{09dfa0d1-cc45-493b-929e-f589428755cb}"
"06-08-2026 09:40:08","2","Information","CLoggerSrvLogging","Endpoint unmute Endpoint id: {0.0.1.00000000}.{09dfa0d1-cc45-493b-929e-f589428755cb}"
"06-08-2026 09:40:08","2","Information","CLoggerSrvLogging","Endpoint unmute Endpoint id: {0.0.1.00000000}.{09dfa0d1-cc45-493b-929e-f589428755cb}"
"06-08-2026 09:40:08","2","Information","CLoggerSrvLogging","Endpoint unmute Endpoint id: {0.0.1.00000000}.{09dfa0d1-cc45-493b-929e-f589428755cb}"
"06-08-2026 09:40:07","2","Information","CLoggerSrvLogging","Endpoint unmute Endpoint id: {0.0.1.00000000}.{09dfa0d1-cc45-493b-929e-f589428755cb}"
"06-08-2026 09:40:07","2","Information","CLoggerSrvLogging","Endpoint unmute Endpoint id: {0.0.1.00000000}.{09dfa0d1-cc45-493b-929e-f589428755cb}"
"06-08-2026 09:40:07","2","Information","CLoggerSrvLogging","Endpoint unmute Endpoint id: {0.0.1.00000000}.{09dfa0d1-cc45-493b-929e-f589428755cb}"
"06-08-2026 09:40:07","2","Information","CLoggerSrvLogging","Endpoint unmute Endpoint id: {0.0.1.00000000}.{09dfa0d1-cc45-493b-929e-f589428755cb}"
"06-08-2026 09:39:49","2","Information","CLoggerSrvLogging","Endpoint unmute Endpoint id: {0.0.1.00000000}.{09dfa0d1-cc45-493b-929e-f589428755cb}"
"06-08-2026 09:39:44","2","Information","CLoggerSrvLogging","Endpoint unmute Endpoint id: {0.0.1.00000000}.{09dfa0d1-cc45-493b-929e-f589428755cb}"
"06-08-2026 09:39:44","2","Information","CLoggerSrvLogging","Endpoint unmute Endpoint id: {0.0.1.00000000}.{09dfa0d1-cc45-493b-929e-f589428755cb}"
"06-08-2026 09:39:42","2","Information","CLoggerSrvLogging","Endpoint unmute Endpoint id: {0.0.1.00000000}.{09dfa0d1-cc45-493b-929e-f589428755cb}"
"06-08-2026 09:39:42","2","Information","CLoggerSrvLogging","Endpoint unmute Endpoint id: {0.0.1.00000000}.{09dfa0d1-cc45-493b-929e-f589428755cb}"
"06-08-2026 09:39:42","2","Information","CLoggerSrvLogging","Endpoint unmute Endpoint id: {0.0.1.00000000}.{09dfa0d1-cc45-493b-929e-f589428755cb}"
"06-08-2026 09:39:41","2","Information","CLoggerSrvLogging","Endpoint unmute Endpoint id: {0.0.1.00000000}.{09dfa0d1-cc45-493b-929e-f589428755cb}"
"06-08-2026 09:39:41","2","Information","CLoggerSrvLogging","Endpoint unmute Endpoint id: {0.0.1.00000000}.{09dfa0d1-cc45-493b-929e-f589428755cb}"
"06-08-2026 09:39:40","2","Information","CLoggerSrvLogging","Endpoint unmute Endpoint id: {0.0.1.00000000}.{09dfa0d1-cc45-493b-929e-f589428755cb}"
"06-08-2026 09:39:40","2","Information","CLoggerSrvLogging","Endpoint unmute Endpoint id: {0.0.1.00000000}.{09dfa0d1-cc45-493b-929e-f589428755cb}"
"06-08-2026 09:39:40","2","Information","CLoggerSrvLogging","Endpoint unmute Endpoint id: {0.0.1.00000000}.{09dfa0d1-cc45-493b-929e-f589428755cb}"
"06-08-2026 09:39:40","2","Information","CLoggerSrvLogging","Endpoint unmute Endpoint id: {0.0.1.00000000}.{09dfa0d1-cc45-493b-929e-f589428755cb}"
"06-08-2026 09:39:39","2","Information","CLoggerSrvLogging","Endpoint unmute Endpoint id: {0.0.1.00000000}.{09dfa0d1-cc45-493b-929e-f589428755cb}"
"06-08-2026 09:39:38","2","Information","CLoggerSrvLogging","Endpoint unmute Endpoint id: {0.0.1.00000000}.{09dfa0d1-cc45-493b-929e-f589428755cb}"
"06-08-2026 09:39:38","2","Information","CLoggerSrvLogging","Endpoint unmute Endpoint id: {0.0.1.00000000}.{09dfa0d1-cc45-493b-929e-f589428755cb}"
"06-08-2026 09:39:37","2","Information","CLoggerSrvLogging","Endpoint unmute Endpoint id: {0.0.1.00000000}.{09dfa0d1-cc45-493b-929e-f589428755cb}"
"06-08-2026 09:39:37","2","Information","CLoggerSrvLogging","Endpoint unmute Endpoint id: {0.0.1.00000000}.{09dfa0d1-cc45-493b-929e-f589428755cb}"
"06-08-2026 09:39:28","2","Information","CLoggerSrvLogging","Endpoint unmute Endpoint id: {0.0.1.00000000}.{09dfa0d1-cc45-493b-929e-f589428755cb}"
"06-08-2026 09:39:21","2","Information","CLoggerSrvLogging","Endpoint unmute Endpoint id: {0.0.1.00000000}.{09dfa0d1-cc45-493b-929e-f589428755cb}"
"06-08-2026 09:39:17","2","Information","CLoggerSrvLogging","Endpoint unmute Endpoint id: {0.0.1.00000000}.{09dfa0d1-cc45-493b-929e-f589428755cb}"
"06-08-2026 09:39:17","2","Information","CLoggerSrvLogging","Endpoint unmute Endpoint id: {0.0.1.00000000}.{09dfa0d1-cc45-493b-929e-f589428755cb}"
"06-08-2026 09:39:17","2","Information","CLoggerSrvLogging","Endpoint unmute Endpoint id: {0.0.1.00000000}.{09dfa0d1-cc45-493b-929e-f589428755cb}"
"06-08-2026 09:39:16","2","Information","CLoggerSrvLogging","Endpoint unmute Endpoint id: {0.0.1.00000000}.{09dfa0d1-cc45-493b-929e-f589428755cb}"
"06-08-2026 09:39:13","2","Information","CLoggerSrvLogging","Endpoint unmute Endpoint id: {0.0.1.00000000}.{09dfa0d1-cc45-493b-929e-f589428755cb}"
"06-08-2026 09:39:13","2","Information","CLoggerSrvLogging","Endpoint unmute Endpoint id: {0.0.1.00000000}.{09dfa0d1-cc45-493b-929e-f589428755cb}"
"06-08-2026 09:39:10","2","Information","CLoggerSrvLogging","Endpoint unmute Endpoint id: {0.0.1.00000000}.{09dfa0d1-cc45-493b-929e-f589428755cb}"
"06-08-2026 09:39:10","2","Information","CLoggerSrvLogging","Endpoint unmute Endpoint id: {0.0.1.00000000}.{09dfa0d1-cc45-493b-929e-f589428755cb}"
"06-08-2026 09:39:09","2","Information","CLoggerSrvLogging","Endpoint unmute Endpoint id: {0.0.1.00000000}.{09dfa0d1-cc45-493b-929e-f589428755cb}"
"06-08-2026 09:39:07","2","Information","CLoggerSrvLogging","Endpoint unmute Endpoint id: {0.0.1.00000000}.{09dfa0d1-cc45-493b-929e-f589428755cb}"
"06-08-2026 09:39:07","2","Information","CLoggerSrvLogging","Endpoint unmute Endpoint id: {0.0.1.00000000}.{09dfa0d1-cc45-493b-929e-f589428755cb}"
"06-08-2026 09:38:43","2","Information","CLoggerSrvLogging","Endpoint unmute Endpoint id: {0.0.1.00000000}.{09dfa0d1-cc45-493b-929e-f589428755cb}"
"06-08-2026 09:38:26","2","Information","CLoggerSrvLogging","Endpoint unmute Endpoint id: {0.0.1.00000000}.{09dfa0d1-cc45-493b-929e-f589428755cb}"
"06-08-2026 09:38:22","2","Information","CLoggerSrvLogging","Endpoint unmute Endpoint id: {0.0.1.00000000}.{09dfa0d1-cc45-493b-929e-f589428755cb}"
"06-08-2026 09:38:22","2","Information","CLoggerSrvLogging","Endpoint unmute Endpoint id: {0.0.1.00000000}.{09dfa0d1-cc45-493b-929e-f589428755cb}"
"06-08-2026 09:38:21","2","Information","CLoggerSrvLogging","Endpoint unmute Endpoint id: {0.0.1.00000000}.{09dfa0d1-cc45-493b-929e-f589428755cb}"
"06-08-2026 09:38:21","2","Information","CLoggerSrvLogging","Endpoint unmute Endpoint id: {0.0.1.00000000}.{09dfa0d1-cc45-493b-929e-f589428755cb}"
"06-08-2026 09:38:21","2","Information","CLoggerSrvLogging","Endpoint unmute Endpoint id: {0.0.1.00000000}.{09dfa0d1-cc45-493b-929e-f589428755cb}"
"06-08-2026 09:38:15","2","Information","CLoggerSrvLogging","Endpoint unmute Endpoint id: {0.0.1.00000000}.{09dfa0d1-cc45-493b-929e-f589428755cb}"
"06-08-2026 09:38:11","2","Information","CLoggerSrvLogging","Endpoint unmute Endpoint id: {0.0.1.00000000}.{09dfa0d1-cc45-493b-929e-f589428755cb}"
"06-08-2026 09:37:40","2","Information","CLoggerSrvLogging","Endpoint unmute Endpoint id: {0.0.1.00000000}.{09dfa0d1-cc45-493b-929e-f589428755cb}"
"06-08-2026 09:37:40","2","Information","CLoggerSrvLogging","Endpoint unmute Endpoint id: {0.0.1.00000000}.{09dfa0d1-cc45-493b-929e-f589428755cb}"
"06-08-2026 09:37:40","2","Information","CLoggerSrvLogging","Endpoint unmute Endpoint id: {0.0.1.00000000}.{09dfa0d1-cc45-493b-929e-f589428755cb}"
"06-08-2026 09:37:37","2","Information","CLoggerSrvLogging","Endpoint unmute Endpoint id: {0.0.1.00000000}.{09dfa0d1-cc45-493b-929e-f589428755cb}"
"06-08-2026 09:37:32","2","Information","CLoggerSrvLogging","Endpoint unmute Endpoint id: {0.0.1.00000000}.{09dfa0d1-cc45-493b-929e-f589428755cb}"
"06-08-2026 09:37:32","2","Information","CLoggerSrvLogging","Endpoint unmute Endpoint id: {0.0.1.00000000}.{09dfa0d1-cc45-493b-929e-f589428755cb}"
"06-08-2026 09:37:23","2","Information","CLoggerSrvLogging","Endpoint unmute Endpoint id: {0.0.1.00000000}.{09dfa0d1-cc45-493b-929e-f589428755cb}"
"06-08-2026 09:37:23","2","Information","CLoggerSrvLogging","Endpoint unmute Endpoint id: {0.0.1.00000000}.{09dfa0d1-cc45-493b-929e-f589428755cb}"
"06-08-2026 09:37:08","2","Information","CLoggerSrvLogging","Endpoint unmute Endpoint id: {0.0.1.00000000}.{09dfa0d1-cc45-493b-929e-f589428755cb}"
"06-08-2026 09:36:48","2","Information","CLoggerSrvLogging","Endpoint unmute Endpoint id: {0.0.1.00000000}.{09dfa0d1-cc45-493b-929e-f589428755cb}"
"06-08-2026 09:36:42","2","Information","CLoggerSrvLogging","Endpoint unmute Endpoint id: {0.0.1.00000000}.{09dfa0d1-cc45-493b-929e-f589428755cb}"
"06-08-2026 09:36:42","2","Information","CLoggerSrvLogging","Endpoint unmute Endpoint id: {0.0.1.00000000}.{09dfa0d1-cc45-493b-929e-f589428755cb}"
"06-08-2026 09:36:42","2","Information","CLoggerSrvLogging","Endpoint unmute Endpoint id: {0.0.1.00000000}.{09dfa0d1-cc45-493b-929e-f589428755cb}"
"06-08-2026 09:36:42","2","Information","CLoggerSrvLogging","Endpoint unmute Endpoint id: {0.0.1.00000000}.{09dfa0d1-cc45-493b-929e-f589428755cb}"
"06-08-2026 09:36:38","2","Information","CLoggerSrvLogging","Endpoint unmute Endpoint id: {0.0.1.00000000}.{09dfa0d1-cc45-493b-929e-f589428755cb}"
"06-08-2026 09:36:15","2","Information","CLoggerSrvLogging","Endpoint unmute Endpoint id: {0.0.1.00000000}.{09dfa0d1-cc45-493b-929e-f589428755cb}"
"06-08-2026 09:36:14","2","Information","CLoggerSrvLogging","Endpoint unmute Endpoint id: {0.0.1.00000000}.{09dfa0d1-cc45-493b-929e-f589428755cb}"
"06-08-2026 09:36:13","2","Information","CLoggerSrvLogging","Endpoint unmute Endpoint id: {0.0.1.00000000}.{09dfa0d1-cc45-493b-929e-f589428755cb}"
"06-08-2026 09:36:09","2","Information","CLoggerSrvLogging","Endpoint unmute Endpoint id: {0.0.1.00000000}.{09dfa0d1-cc45-493b-929e-f589428755cb}"
"06-08-2026 09:36:09","2","Information","CLoggerSrvLogging","Endpoint unmute Endpoint id: {0.0.1.00000000}.{09dfa0d1-cc45-493b-929e-f589428755cb}"
"06-08-2026 09:36:08","2","Information","CLoggerSrvLogging","Endpoint unmute Endpoint id: {0.0.1.00000000}.{09dfa0d1-cc45-493b-929e-f589428755cb}"
"06-08-2026 09:36:05","2","Information","CLoggerSrvLogging","Endpoint unmute Endpoint id: {0.0.1.00000000}.{09dfa0d1-cc45-493b-929e-f589428755cb}"
"06-08-2026 08:54:50","2","Information","CLoggerSrvLogging","Endpoint unmute Endpoint id: {0.0.1.00000000}.{09dfa0d1-cc45-493b-929e-f589428755cb}"
"06-08-2026 08:54:50","6","Information","CLoggerSrvLogging","Jack 0 unplug"
"05-08-2026 16:36:54","7","Information","CLoggerSrvLogging","Default Recording device change ( Communications)  {0.0.1.00000000}.{09dfa0d1-cc45-493b-929e-f589428755cb}  Microphone Array on SoundWire Device (Cirrus Logic XU)  {2}.\\?\soundwire#sdca_06&man_01fa&func_4243&type_03&ver_01&adr_02&lid_00&uid_00&subsys_0ce81028&dynamicenummicrophone0#8&b76481&0&00000400#{6994ad04-93ef-11d0-a3cc-00a0c9223196}\microphone0"
"05-08-2026 16:36:54","7","Information","CLoggerSrvLogging","Default Recording device change ( Multimedia)  {0.0.1.00000000}.{09dfa0d1-cc45-493b-929e-f589428755cb}  Microphone Array on SoundWire Device (Cirrus Logic XU)  {2}.\\?\soundwire#sdca_06&man_01fa&func_4243&type_03&ver_01&adr_02&lid_00&uid_00&subsys_0ce81028&dynamicenummicrophone0#8&b76481&0&00000400#{6994ad04-93ef-11d0-a3cc-00a0c9223196}\microphone0"
"05-08-2026 16:36:54","7","Information","CLoggerSrvLogging","Default Recording device change ( Console)  {0.0.1.00000000}.{09dfa0d1-cc45-493b-929e-f589428755cb}  Microphone Array on SoundWire Device (Cirrus Logic XU)  {2}.\\?\soundwire#sdca_06&man_01fa&func_4243&type_03&ver_01&adr_02&lid_00&uid_00&subsys_0ce81028&dynamicenummicrophone0#8&b76481&0&00000400#{6994ad04-93ef-11d0-a3cc-00a0c9223196}\microphone0"
"05-08-2026 16:36:54","7","Information","CLoggerSrvLogging","Default Playback device change ( Communications)  {0.0.0.00000000}.{45d28dc2-5526-4063-98de-2b18fc40ed90}  Speakers (4- Cirrus Logic XU)  {2}.\\?\soundwire#sdca_06&man_01fa&func_4243&type_01&ver_01&adr_01&lid_00&uid_00&subsys_0ce81028&dynamicenumspeaker0#8&b83798c&0&00000c00#{6994ad04-93ef-11d0-a3cc-00a0c9223196}\speaker0"
"05-08-2026 16:36:54","7","Information","CLoggerSrvLogging","Default Playback device change ( Multimedia)  {0.0.0.00000000}.{45d28dc2-5526-4063-98de-2b18fc40ed90}  Speakers (4- Cirrus Logic XU)  {2}.\\?\soundwire#sdca_06&man_01fa&func_4243&type_01&ver_01&adr_01&lid_00&uid_00&subsys_0ce81028&dynamicenumspeaker0#8&b83798c&0&00000c00#{6994ad04-93ef-11d0-a3cc-00a0c9223196}\speaker0"
"05-08-2026 16:36:54","7","Information","CLoggerSrvLogging","Default Playback device change ( Console)  {0.0.0.00000000}.{45d28dc2-5526-4063-98de-2b18fc40ed90}  Speakers (4- Cirrus Logic XU)  {2}.\\?\soundwire#sdca_06&man_01fa&func_4243&type_01&ver_01&adr_01&lid_00&uid_00&subsys_0ce81028&dynamicenumspeaker0#8&b83798c&0&00000c00#{6994ad04-93ef-11d0-a3cc-00a0c9223196}\speaker0"
"05-08-2026 15:58:52","7","Information","CLoggerSrvLogging","Default Playback device change ( Communications)  {0.0.0.00000000}.{8be792fc-74bb-47db-9561-be1e35261fbb}  Headset Earphone (Plantronics Blackwire 3225 Series)  {2}.\\?\intelaudio#ctlr_dev_7728&linktype_06&devtype_06&ven_8086&dev_ae50&subsys_0ce81028&rev_0001#5&32640736&1&0604dif_000b&uif_0000#{6994ad04-93ef-11d0-a3cc-00a0c9223196}\intcusbtoporender_f5f6047fc0580000_1"
"05-08-2026 15:58:52","7","Information","CLoggerSrvLogging","Default Playback device change ( Multimedia)  {0.0.0.00000000}.{8be792fc-74bb-47db-9561-be1e35261fbb}  Headset Earphone (Plantronics Blackwire 3225 Series)  {2}.\\?\intelaudio#ctlr_dev_7728&linktype_06&devtype_06&ven_8086&dev_ae50&subsys_0ce81028&rev_0001#5&32640736&1&0604dif_000b&uif_0000#{6994ad04-93ef-11d0-a3cc-00a0c9223196}\intcusbtoporender_f5f6047fc0580000_1"
"05-08-2026 15:58:52","7","Information","CLoggerSrvLogging","Default Playback device change ( Console)  {0.0.0.00000000}.{8be792fc-74bb-47db-9561-be1e35261fbb}  Headset Earphone (Plantronics Blackwire 3225 Series)  {2}.\\?\intelaudio#ctlr_dev_7728&linktype_06&devtype_06&ven_8086&dev_ae50&subsys_0ce81028&rev_0001#5&32640736&1&0604dif_000b&uif_0000#{6994ad04-93ef-11d0-a3cc-00a0c9223196}\intcusbtoporender_f5f6047fc0580000_1"
"05-08-2026 15:58:52","7","Information","CLoggerSrvLogging","Default Recording device change ( Communications)  {0.0.1.00000000}.{ecf6848c-847e-4df1-a443-b782d271ccbe}  Headset Microphone (Plantronics Blackwire 3225 Series)  {2}.\\?\intelaudio#ctlr_dev_7728&linktype_06&devtype_06&ven_8086&dev_ae50&subsys_0ce81028&rev_0001#5&32640736&1&0604dif_000b&uif_0000#{6994ad04-93ef-11d0-a3cc-00a0c9223196}\intcusbtopocapture_f5f6047fc0580000_0"
"05-08-2026 15:58:52","7","Information","CLoggerSrvLogging","Default Recording device change ( Multimedia)  {0.0.1.00000000}.{ecf6848c-847e-4df1-a443-b782d271ccbe}  Headset Microphone (Plantronics Blackwire 3225 Series)  {2}.\\?\intelaudio#ctlr_dev_7728&linktype_06&devtype_06&ven_8086&dev_ae50&subsys_0ce81028&rev_0001#5&32640736&1&0604dif_000b&uif_0000#{6994ad04-93ef-11d0-a3cc-00a0c9223196}\intcusbtopocapture_f5f6047fc0580000_0"
"05-08-2026 15:58:52","7","Information","CLoggerSrvLogging","Default Recording device change ( Console)  {0.0.1.00000000}.{ecf6848c-847e-4df1-a443-b782d271ccbe}  Headset Microphone (Plantronics Blackwire 3225 Series)  {2}.\\?\intelaudio#ctlr_dev_7728&linktype_06&devtype_06&ven_8086&dev_ae50&subsys_0ce81028&rev_0001#5&32640736&1&0604dif_000b&uif_0000#{6994ad04-93ef-11d0-a3cc-00a0c9223196}\intcusbtopocapture_f5f6047fc0580000_0"
"05-08-2026 13:11:39","2","Information","CLoggerSrvLogging","Endpoint unmute Endpoint id: {0.0.1.00000000}.{09dfa0d1-cc45-493b-929e-f589428755cb}"
"05-08-2026 13:11:35","2","Information","CLoggerSrvLogging","Endpoint unmute Endpoint id: {0.0.1.00000000}.{09dfa0d1-cc45-493b-929e-f589428755cb}"
"05-08-2026 13:11:35","2","Information","CLoggerSrvLogging","Endpoint unmute Endpoint id: {0.0.1.00000000}.{09dfa0d1-cc45-493b-929e-f589428755cb}"
"05-08-2026 13:11:31","2","Information","CLoggerSrvLogging","Endpoint unmute Endpoint id: {0.0.1.00000000}.{09dfa0d1-cc45-493b-929e-f589428755cb}"
"05-08-2026 13:11:26","2","Information","CLoggerSrvLogging","Endpoint unmute Endpoint id: {0.0.1.00000000}.{09dfa0d1-cc45-493b-929e-f589428755cb}"
"05-08-2026 13:11:26","2","Information","CLoggerSrvLogging","Endpoint unmute Endpoint id: {0.0.1.00000000}.{09dfa0d1-cc45-493b-929e-f589428755cb}"
"05-08-2026 13:11:24","2","Information","CLoggerSrvLogging","Endpoint unmute Endpoint id: {0.0.1.00000000}.{09dfa0d1-cc45-493b-929e-f589428755cb}"
"05-08-2026 13:11:24","2","Information","CLoggerSrvLogging","Endpoint unmute Endpoint id: {0.0.1.00000000}.{09dfa0d1-cc45-493b-929e-f589428755cb}"
"05-08-2026 13:11:24","2","Information","CLoggerSrvLogging","Endpoint unmute Endpoint id: {0.0.1.00000000}.{09dfa0d1-cc45-493b-929e-f589428755cb}"
"05-08-2026 13:11:23","2","Information","CLoggerSrvLogging","Endpoint unmute Endpoint id: {0.0.1.00000000}.{09dfa0d1-cc45-493b-929e-f589428755cb}"
"05-08-2026 13:11:21","2","Information","CLoggerSrvLogging","Endpoint unmute Endpoint id: {0.0.1.00000000}.{09dfa0d1-cc45-493b-929e-f589428755cb}"
"05-08-2026 13:11:21","2","Information","CLoggerSrvLogging","Endpoint unmute Endpoint id: {0.0.1.00000000}.{09dfa0d1-cc45-493b-929e-f589428755cb}"
"05-08-2026 13:11:20","2","Information","CLoggerSrvLogging","Endpoint unmute Endpoint id: {0.0.1.00000000}.{09dfa0d1-cc45-493b-929e-f589428755cb}"
"05-08-2026 13:11:20","2","Information","CLoggerSrvLogging","Endpoint unmute Endpoint id: {0.0.1.00000000}.{09dfa0d1-cc45-493b-929e-f589428755cb}"
"05-08-2026 13:11:19","2","Information","CLoggerSrvLogging","Endpoint unmute Endpoint id: {0.0.1.00000000}.{09dfa0d1-cc45-493b-929e-f589428755cb}"
"05-08-2026 13:11:18","2","Information","CLoggerSrvLogging","Endpoint unmute Endpoint id: {0.0.1.00000000}.{09dfa0d1-cc45-493b-929e-f589428755cb}"
"05-08-2026 13:11:17","2","Information","CLoggerSrvLogging","Endpoint unmute Endpoint id: {0.0.1.00000000}.{09dfa0d1-cc45-493b-929e-f589428755cb}"
"05-08-2026 13:11:17","2","Information","CLoggerSrvLogging","Endpoint unmute Endpoint id: {0.0.1.00000000}.{09dfa0d1-cc45-493b-929e-f589428755cb}"
"05-08-2026 13:11:16","2","Information","CLoggerSrvLogging","Endpoint unmute Endpoint id: {0.0.1.00000000}.{09dfa0d1-cc45-493b-929e-f589428755cb}"
"05-08-2026 13:11:15","2","Information","CLoggerSrvLogging","Endpoint unmute Endpoint id: {0.0.1.00000000}.{09dfa0d1-cc45-493b-929e-f589428755cb}"
"05-08-2026 13:11:15","2","Information","CLoggerSrvLogging","Endpoint unmute Endpoint id: {0.0.1.00000000}.{09dfa0d1-cc45-493b-929e-f589428755cb}"
"05-08-2026 13:11:15","2","Information","CLoggerSrvLogging","Endpoint unmute Endpoint id: {0.0.1.00000000}.{09dfa0d1-cc45-493b-929e-f589428755cb}"
"05-08-2026 13:11:14","2","Information","CLoggerSrvLogging","Endpoint unmute Endpoint id: {0.0.1.00000000}.{09dfa0d1-cc45-493b-929e-f589428755cb}"
"05-08-2026 13:11:14","2","Information","CLoggerSrvLogging","Endpoint unmute Endpoint id: {0.0.1.00000000}.{09dfa0d1-cc45-493b-929e-f589428755cb}"
"05-08-2026 13:11:14","2","Information","CLoggerSrvLogging","Endpoint unmute Endpoint id: {0.0.1.00000000}.{09dfa0d1-cc45-493b-929e-f589428755cb}"
"05-08-2026 13:11:13","2","Information","CLoggerSrvLogging","Endpoint unmute Endpoint id: {0.0.1.00000000}.{09dfa0d1-cc45-493b-929e-f589428755cb}"
"05-08-2026 13:11:12","2","Information","CLoggerSrvLogging","Endpoint unmute Endpoint id: {0.0.1.00000000}.{09dfa0d1-cc45-493b-929e-f589428755cb}"
"05-08-2026 13:11:05","2","Information","CLoggerSrvLogging","Endpoint unmute Endpoint id: {0.0.1.00000000}.{09dfa0d1-cc45-493b-929e-f589428755cb}"
"05-08-2026 13:10:43","2","Information","CLoggerSrvLogging","Endpoint unmute Endpoint id: {0.0.1.00000000}.{09dfa0d1-cc45-493b-929e-f589428755cb}"
"05-08-2026 13:10:31","2","Information","CLoggerSrvLogging","Endpoint unmute Endpoint id: {0.0.1.00000000}.{09dfa0d1-cc45-493b-929e-f589428755cb}"
"05-08-2026 13:10:31","2","Information","CLoggerSrvLogging","Endpoint unmute Endpoint id: {0.0.1.00000000}.{09dfa0d1-cc45-493b-929e-f589428755cb}"
"05-08-2026 13:10:28","2","Information","CLoggerSrvLogging","Endpoint unmute Endpoint id: {0.0.1.00000000}.{09dfa0d1-cc45-493b-929e-f589428755cb}"
"05-08-2026 13:10:28","2","Information","CLoggerSrvLogging","Endpoint unmute Endpoint id: {0.0.1.00000000}.{09dfa0d1-cc45-493b-929e-f589428755cb}"
"05-08-2026 13:10:27","2","Information","CLoggerSrvLogging","Endpoint unmute Endpoint id: {0.0.1.00000000}.{09dfa0d1-cc45-493b-929e-f589428755cb}"
"05-08-2026 13:10:23","2","Information","CLoggerSrvLogging","Endpoint unmute Endpoint id: {0.0.1.00000000}.{09dfa0d1-cc45-493b-929e-f589428755cb}"
"05-08-2026 13:10:22","2","Information","CLoggerSrvLogging","Endpoint unmute Endpoint id: {0.0.1.00000000}.{09dfa0d1-cc45-493b-929e-f589428755cb}"
"05-08-2026 13:10:22","2","Information","CLoggerSrvLogging","Endpoint unmute Endpoint id: {0.0.1.00000000}.{09dfa0d1-cc45-493b-929e-f589428755cb}"
"05-08-2026 13:10:22","2","Information","CLoggerSrvLogging","Endpoint unmute Endpoint id: {0.0.1.00000000}.{09dfa0d1-cc45-493b-929e-f589428755cb}"
"05-08-2026 13:10:22","2","Information","CLoggerSrvLogging","Endpoint unmute Endpoint id: {0.0.1.00000000}.{09dfa0d1-cc45-493b-929e-f589428755cb}"
"05-08-2026 13:10:21","2","Information","CLoggerSrvLogging","Endpoint unmute Endpoint id: {0.0.1.00000000}.{09dfa0d1-cc45-493b-929e-f589428755cb}"
"05-08-2026 13:10:20","2","Information","CLoggerSrvLogging","Endpoint unmute Endpoint id: {0.0.1.00000000}.{09dfa0d1-cc45-493b-929e-f589428755cb}"
"05-08-2026 13:10:20","2","Information","CLoggerSrvLogging","Endpoint unmute Endpoint id: {0.0.1.00000000}.{09dfa0d1-cc45-493b-929e-f589428755cb}"
"05-08-2026 13:10:17","2","Information","CLoggerSrvLogging","Endpoint unmute Endpoint id: {0.0.1.00000000}.{09dfa0d1-cc45-493b-929e-f589428755cb}"
"05-08-2026 13:10:16","2","Information","CLoggerSrvLogging","Endpoint unmute Endpoint id: {0.0.1.00000000}.{09dfa0d1-cc45-493b-929e-f589428755cb}"
"05-08-2026 13:10:15","2","Information","CLoggerSrvLogging","Endpoint unmute Endpoint id: {0.0.1.00000000}.{09dfa0d1-cc45-493b-929e-f589428755cb}"
"05-08-2026 13:10:14","2","Information","CLoggerSrvLogging","Endpoint unmute Endpoint id: {0.0.1.00000000}.{09dfa0d1-cc45-493b-929e-f589428755cb}"
"05-08-2026 13:10:13","2","Information","CLoggerSrvLogging","Endpoint unmute Endpoint id: {0.0.1.00000000}.{09dfa0d1-cc45-493b-929e-f589428755cb}"
"05-08-2026 13:10:11","2","Information","CLoggerSrvLogging","Endpoint unmute Endpoint id: {0.0.1.00000000}.{09dfa0d1-cc45-493b-929e-f589428755cb}"
"05-08-2026 13:10:11","2","Information","CLoggerSrvLogging","Endpoint unmute Endpoint id: {0.0.1.00000000}.{09dfa0d1-cc45-493b-929e-f589428755cb}"
"05-08-2026 13:10:11","2","Information","CLoggerSrvLogging","Endpoint unmute Endpoint id: {0.0.1.00000000}.{09dfa0d1-cc45-493b-929e-f589428755cb}"
"05-08-2026 13:10:10","2","Information","CLoggerSrvLogging","Endpoint unmute Endpoint id: {0.0.1.00000000}.{09dfa0d1-cc45-493b-929e-f589428755cb}"
"05-08-2026 13:10:09","2","Information","CLoggerSrvLogging","Endpoint unmute Endpoint id: {0.0.1.00000000}.{09dfa0d1-cc45-493b-929e-f589428755cb}"
"05-08-2026 13:10:08","2","Information","CLoggerSrvLogging","Endpoint unmute Endpoint id: {0.0.1.00000000}.{09dfa0d1-cc45-493b-929e-f589428755cb}"
"05-08-2026 13:10:08","2","Information","CLoggerSrvLogging","Endpoint unmute Endpoint id: {0.0.1.00000000}.{09dfa0d1-cc45-493b-929e-f589428755cb}"
"05-08-2026 13:10:08","2","Information","CLoggerSrvLogging","Endpoint unmute Endpoint id: {0.0.1.00000000}.{09dfa0d1-cc45-493b-929e-f589428755cb}"
"05-08-2026 13:10:06","2","Information","CLoggerSrvLogging","Endpoint unmute Endpoint id: {0.0.1.00000000}.{09dfa0d1-cc45-493b-929e-f589428755cb}"
"05-08-2026 13:10:06","2","Information","CLoggerSrvLogging","Endpoint unmute Endpoint id: {0.0.1.00000000}.{09dfa0d1-cc45-493b-929e-f589428755cb}"
"05-08-2026 13:10:05","2","Information","CLoggerSrvLogging","Endpoint unmute Endpoint id: {0.0.1.00000000}.{09dfa0d1-cc45-493b-929e-f589428755cb}"
"05-08-2026 13:10:05","2","Information","CLoggerSrvLogging","Endpoint unmute Endpoint id: {0.0.1.00000000}.{09dfa0d1-cc45-493b-929e-f589428755cb}"
"05-08-2026 13:10:03","2","Information","CLoggerSrvLogging","Endpoint unmute Endpoint id: {0.0.1.00000000}.{09dfa0d1-cc45-493b-929e-f589428755cb}"
"05-08-2026 13:10:03","2","Information","CLoggerSrvLogging","Endpoint unmute Endpoint id: {0.0.1.00000000}.{09dfa0d1-cc45-493b-929e-f589428755cb}"
"05-08-2026 13:10:03","2","Information","CLoggerSrvLogging","Endpoint unmute Endpoint id: {0.0.1.00000000}.{09dfa0d1-cc45-493b-929e-f589428755cb}"
"05-08-2026 13:10:02","2","Information","CLoggerSrvLogging","Endpoint unmute Endpoint id: {0.0.1.00000000}.{09dfa0d1-cc45-493b-929e-f589428755cb}"
"05-08-2026 13:10:02","2","Information","CLoggerSrvLogging","Endpoint unmute Endpoint id: {0.0.1.00000000}.{09dfa0d1-cc45-493b-929e-f589428755cb}"
"05-08-2026 13:09:39","2","Information","CLoggerSrvLogging","Endpoint unmute Endpoint id: {0.0.1.00000000}.{09dfa0d1-cc45-493b-929e-f589428755cb}"
"05-08-2026 13:09:39","2","Information","CLoggerSrvLogging","Endpoint unmute Endpoint id: {0.0.1.00000000}.{09dfa0d1-cc45-493b-929e-f589428755cb}"
"05-08-2026 13:09:27","2","Information","CLoggerSrvLogging","Endpoint unmute Endpoint id: {0.0.1.00000000}.{09dfa0d1-cc45-493b-929e-f589428755cb}"
"05-08-2026 13:09:27","2","Information","CLoggerSrvLogging","Endpoint unmute Endpoint id: {0.0.1.00000000}.{09dfa0d1-cc45-493b-929e-f589428755cb}"
"05-08-2026 13:09:27","2","Information","CLoggerSrvLogging","Endpoint unmute Endpoint id: {0.0.1.00000000}.{09dfa0d1-cc45-493b-929e-f589428755cb}"
"05-08-2026 13:09:26","2","Information","CLoggerSrvLogging","Endpoint unmute Endpoint id: {0.0.1.00000000}.{09dfa0d1-cc45-493b-929e-f589428755cb}"
"05-08-2026 13:09:25","2","Information","CLoggerSrvLogging","Endpoint unmute Endpoint id: {0.0.1.00000000}.{09dfa0d1-cc45-493b-929e-f589428755cb}"
"05-08-2026 13:09:25","2","Information","CLoggerSrvLogging","Endpoint unmute Endpoint id: {0.0.1.00000000}.{09dfa0d1-cc45-493b-929e-f589428755cb}"
"05-08-2026 13:09:24","2","Information","CLoggerSrvLogging","Endpoint unmute Endpoint id: {0.0.1.00000000}.{09dfa0d1-cc45-493b-929e-f589428755cb}"
"05-08-2026 13:09:24","2","Information","CLoggerSrvLogging","Endpoint unmute Endpoint id: {0.0.1.00000000}.{09dfa0d1-cc45-493b-929e-f589428755cb}"
"05-08-2026 13:09:24","2","Information","CLoggerSrvLogging","Endpoint unmute Endpoint id: {0.0.1.00000000}.{09dfa0d1-cc45-493b-929e-f589428755cb}"
"05-08-2026 13:09:12","2","Information","CLoggerSrvLogging","Endpoint unmute Endpoint id: {0.0.1.00000000}.{09dfa0d1-cc45-493b-929e-f589428755cb}"
"05-08-2026 13:09:12","2","Information","CLoggerSrvLogging","Endpoint unmute Endpoint id: {0.0.1.00000000}.{09dfa0d1-cc45-493b-929e-f589428755cb}"
"05-08-2026 13:09:03","2","Information","CLoggerSrvLogging","Endpoint unmute Endpoint id: {0.0.1.00000000}.{09dfa0d1-cc45-493b-929e-f589428755cb}"
"05-08-2026 13:09:02","2","Information","CLoggerSrvLogging","Endpoint unmute Endpoint id: {0.0.1.00000000}.{09dfa0d1-cc45-493b-929e-f589428755cb}"
"05-08-2026 13:09:01","2","Information","CLoggerSrvLogging","Endpoint unmute Endpoint id: {0.0.1.00000000}.{09dfa0d1-cc45-493b-929e-f589428755cb}"
"05-08-2026 13:09:01","2","Information","CLoggerSrvLogging","Endpoint unmute Endpoint id: {0.0.1.00000000}.{09dfa0d1-cc45-493b-929e-f589428755cb}"
"05-08-2026 13:09:01","2","Information","CLoggerSrvLogging","Endpoint unmute Endpoint id: {0.0.1.00000000}.{09dfa0d1-cc45-493b-929e-f589428755cb}"
"05-08-2026 13:09:00","2","Information","CLoggerSrvLogging","Endpoint unmute Endpoint id: {0.0.1.00000000}.{09dfa0d1-cc45-493b-929e-f589428755cb}"
"05-08-2026 13:09:00","2","Information","CLoggerSrvLogging","Endpoint unmute Endpoint id: {0.0.1.00000000}.{09dfa0d1-cc45-493b-929e-f589428755cb}"
"05-08-2026 13:08:59","2","Information","CLoggerSrvLogging","Endpoint unmute Endpoint id: {0.0.1.00000000}.{09dfa0d1-cc45-493b-929e-f589428755cb}"
"05-08-2026 13:08:59","2","Information","CLoggerSrvLogging","Endpoint unmute Endpoint id: {0.0.1.00000000}.{09dfa0d1-cc45-493b-929e-f589428755cb}"
"05-08-2026 13:08:56","2","Information","CLoggerSrvLogging","Endpoint unmute Endpoint id: {0.0.1.00000000}.{09dfa0d1-cc45-493b-929e-f589428755cb}"
"05-08-2026 13:08:56","2","Information","CLoggerSrvLogging","Endpoint unmute Endpoint id: {0.0.1.00000000}.{09dfa0d1-cc45-493b-929e-f589428755cb}"
"05-08-2026 13:08:53","2","Information","CLoggerSrvLogging","Endpoint unmute Endpoint id: {0.0.1.00000000}.{09dfa0d1-cc45-493b-929e-f589428755cb}"
"05-08-2026 13:08:53","2","Information","CLoggerSrvLogging","Endpoint unmute Endpoint id: {0.0.1.00000000}.{09dfa0d1-cc45-493b-929e-f589428755cb}"
"05-08-2026 13:08:52","2","Information","CLoggerSrvLogging","Endpoint unmute Endpoint id: {0.0.1.00000000}.{09dfa0d1-cc45-493b-929e-f589428755cb}"
"05-08-2026 13:08:52","2","Information","CLoggerSrvLogging","Endpoint unmute Endpoint id: {0.0.1.00000000}.{09dfa0d1-cc45-493b-929e-f589428755cb}"
"05-08-2026 13:08:51","2","Information","CLoggerSrvLogging","Endpoint unmute Endpoint id: {0.0.1.00000000}.{09dfa0d1-cc45-493b-929e-f589428755cb}"
"05-08-2026 13:08:51","2","Information","CLoggerSrvLogging","Endpoint unmute Endpoint id: {0.0.1.00000000}.{09dfa0d1-cc45-493b-929e-f589428755cb}"
"05-08-2026 13:08:51","2","Information","CLoggerSrvLogging","Endpoint unmute Endpoint id: {0.0.1.00000000}.{09dfa0d1-cc45-493b-929e-f589428755cb}"
"05-08-2026 13:08:27","2","Information","CLoggerSrvLogging","Endpoint unmute Endpoint id: {0.0.1.00000000}.{09dfa0d1-cc45-493b-929e-f589428755cb}"
"05-08-2026 13:08:27","2","Information","CLoggerSrvLogging","Endpoint unmute Endpoint id: {0.0.1.00000000}.{09dfa0d1-cc45-493b-929e-f589428755cb}"
"05-08-2026 13:08:27","2","Information","CLoggerSrvLogging","Endpoint unmute Endpoint id: {0.0.1.00000000}.{09dfa0d1-cc45-493b-929e-f589428755cb}"
"05-08-2026 13:08:22","2","Information","CLoggerSrvLogging","Endpoint unmute Endpoint id: {0.0.1.00000000}.{09dfa0d1-cc45-493b-929e-f589428755cb}"
"05-08-2026 13:08:18","2","Information","CLoggerSrvLogging","Endpoint unmute Endpoint id: {0.0.1.00000000}.{09dfa0d1-cc45-493b-929e-f589428755cb}"
"05-08-2026 13:08:15","2","Information","CLoggerSrvLogging","Endpoint unmute Endpoint id: {0.0.1.00000000}.{09dfa0d1-cc45-493b-929e-f589428755cb}"
"05-08-2026 13:08:07","2","Information","CLoggerSrvLogging","Endpoint unmute Endpoint id: {0.0.1.00000000}.{09dfa0d1-cc45-493b-929e-f589428755cb}"
"05-08-2026 13:07:46","2","Information","CLoggerSrvLogging","Endpoint unmute Endpoint id: {0.0.1.00000000}.{09dfa0d1-cc45-493b-929e-f589428755cb}"
"05-08-2026 13:07:43","2","Information","CLoggerSrvLogging","Endpoint unmute Endpoint id: {0.0.1.00000000}.{09dfa0d1-cc45-493b-929e-f589428755cb}"
"05-08-2026 13:07:43","2","Information","CLoggerSrvLogging","Endpoint unmute Endpoint id: {0.0.1.00000000}.{09dfa0d1-cc45-493b-929e-f589428755cb}"
"05-08-2026 13:07:43","2","Information","CLoggerSrvLogging","Endpoint unmute Endpoint id: {0.0.1.00000000}.{09dfa0d1-cc45-493b-929e-f589428755cb}"
"05-08-2026 13:07:42","2","Information","CLoggerSrvLogging","Endpoint unmute Endpoint id: {0.0.1.00000000}.{09dfa0d1-cc45-493b-929e-f589428755cb}"
"05-08-2026 13:07:42","2","Information","CLoggerSrvLogging","Endpoint unmute Endpoint id: {0.0.1.00000000}.{09dfa0d1-cc45-493b-929e-f589428755cb}"
"05-08-2026 13:07:41","2","Information","CLoggerSrvLogging","Endpoint unmute Endpoint id: {0.0.1.00000000}.{09dfa0d1-cc45-493b-929e-f589428755cb}"
"05-08-2026 12:00:21","2","Information","CLoggerSrvLogging","Endpoint unmute Endpoint id: {0.0.1.00000000}.{09dfa0d1-cc45-493b-929e-f589428755cb}"
"05-08-2026 12:00:17","2","Information","CLoggerSrvLogging","Endpoint unmute Endpoint id: {0.0.1.00000000}.{09dfa0d1-cc45-493b-929e-f589428755cb}"
"05-08-2026 12:00:14","2","Information","CLoggerSrvLogging","Endpoint unmute Endpoint id: {0.0.1.00000000}.{09dfa0d1-cc45-493b-929e-f589428755cb}"
"05-08-2026 12:00:13","2","Information","CLoggerSrvLogging","Endpoint unmute Endpoint id: {0.0.1.00000000}.{09dfa0d1-cc45-493b-929e-f589428755cb}"
"05-08-2026 12:00:12","2","Information","CLoggerSrvLogging","Endpoint unmute Endpoint id: {0.0.1.00000000}.{09dfa0d1-cc45-493b-929e-f589428755cb}"
"05-08-2026 12:00:12","2","Information","CLoggerSrvLogging","Endpoint unmute Endpoint id: {0.0.1.00000000}.{09dfa0d1-cc45-493b-929e-f589428755cb}"
"05-08-2026 12:00:11","2","Information","CLoggerSrvLogging","Endpoint unmute Endpoint id: {0.0.1.00000000}.{09dfa0d1-cc45-493b-929e-f589428755cb}"
"05-08-2026 12:00:11","2","Information","CLoggerSrvLogging","Endpoint unmute Endpoint id: {0.0.1.00000000}.{09dfa0d1-cc45-493b-929e-f589428755cb}"
"05-08-2026 12:00:10","2","Information","CLoggerSrvLogging","Endpoint unmute Endpoint id: {0.0.1.00000000}.{09dfa0d1-cc45-493b-929e-f589428755cb}"
"05-08-2026 12:00:10","2","Information","CLoggerSrvLogging","Endpoint unmute Endpoint id: {0.0.1.00000000}.{09dfa0d1-cc45-493b-929e-f589428755cb}"
"05-08-2026 12:00:10","2","Information","CLoggerSrvLogging","Endpoint unmute Endpoint id: {0.0.1.00000000}.{09dfa0d1-cc45-493b-929e-f589428755cb}"
"05-08-2026 11:59:39","2","Information","CLoggerSrvLogging","Endpoint unmute Endpoint id: {0.0.1.00000000}.{09dfa0d1-cc45-493b-929e-f589428755cb}"
"05-08-2026 11:59:34","2","Information","CLoggerSrvLogging","Endpoint unmute Endpoint id: {0.0.1.00000000}.{09dfa0d1-cc45-493b-929e-f589428755cb}"
"05-08-2026 11:59:34","2","Information","CLoggerSrvLogging","Endpoint unmute Endpoint id: {0.0.1.00000000}.{09dfa0d1-cc45-493b-929e-f589428755cb}"
"05-08-2026 11:59:34","2","Information","CLoggerSrvLogging","Endpoint unmute Endpoint id: {0.0.1.00000000}.{09dfa0d1-cc45-493b-929e-f589428755cb}"
"05-08-2026 11:59:34","2","Information","CLoggerSrvLogging","Endpoint unmute Endpoint id: {0.0.1.00000000}.{09dfa0d1-cc45-493b-929e-f589428755cb}"
"05-08-2026 11:59:34","2","Information","CLoggerSrvLogging","Endpoint unmute Endpoint id: {0.0.1.00000000}.{09dfa0d1-cc45-493b-929e-f589428755cb}"
"05-08-2026 11:59:33","2","Information","CLoggerSrvLogging","Endpoint unmute Endpoint id: {0.0.1.00000000}.{09dfa0d1-cc45-493b-929e-f589428755cb}"
"05-08-2026 11:59:31","2","Information","CLoggerSrvLogging","Endpoint unmute Endpoint id: {0.0.1.00000000}.{09dfa0d1-cc45-493b-929e-f589428755cb}"
"05-08-2026 11:59:30","2","Information","CLoggerSrvLogging","Endpoint unmute Endpoint id: {0.0.1.00000000}.{09dfa0d1-cc45-493b-929e-f589428755cb}"
"05-08-2026 11:59:29","2","Information","CLoggerSrvLogging","Endpoint unmute Endpoint id: {0.0.1.00000000}.{09dfa0d1-cc45-493b-929e-f589428755cb}"
"05-08-2026 11:59:29","2","Information","CLoggerSrvLogging","Endpoint unmute Endpoint id: {0.0.1.00000000}.{09dfa0d1-cc45-493b-929e-f589428755cb}"
"05-08-2026 11:59:28","2","Information","CLoggerSrvLogging","Endpoint unmute Endpoint id: {0.0.1.00000000}.{09dfa0d1-cc45-493b-929e-f589428755cb}"
"05-08-2026 11:59:28","2","Information","CLoggerSrvLogging","Endpoint unmute Endpoint id: {0.0.1.00000000}.{09dfa0d1-cc45-493b-929e-f589428755cb}"
"05-08-2026 11:59:28","2","Information","CLoggerSrvLogging","Endpoint unmute Endpoint id: {0.0.1.00000000}.{09dfa0d1-cc45-493b-929e-f589428755cb}"
"05-08-2026 11:59:27","2","Information","CLoggerSrvLogging","Endpoint unmute Endpoint id: {0.0.1.00000000}.{09dfa0d1-cc45-493b-929e-f589428755cb}"
"05-08-2026 11:59:25","2","Information","CLoggerSrvLogging","Endpoint unmute Endpoint id: {0.0.1.00000000}.{09dfa0d1-cc45-493b-929e-f589428755cb}"
"05-08-2026 11:59:25","2","Information","CLoggerSrvLogging","Endpoint unmute Endpoint id: {0.0.1.00000000}.{09dfa0d1-cc45-493b-929e-f589428755cb}"
"05-08-2026 11:59:25","2","Information","CLoggerSrvLogging","Endpoint unmute Endpoint id: {0.0.1.00000000}.{09dfa0d1-cc45-493b-929e-f589428755cb}"
"05-08-2026 11:59:24","2","Information","CLoggerSrvLogging","Endpoint unmute Endpoint id: {0.0.1.00000000}.{09dfa0d1-cc45-493b-929e-f589428755cb}"
"05-08-2026 11:59:23","2","Information","CLoggerSrvLogging","Endpoint unmute Endpoint id: {0.0.1.00000000}.{09dfa0d1-cc45-493b-929e-f589428755cb}"
"05-08-2026 11:59:23","2","Information","CLoggerSrvLogging","Endpoint unmute Endpoint id: {0.0.1.00000000}.{09dfa0d1-cc45-493b-929e-f589428755cb}"
"05-08-2026 11:59:23","2","Information","CLoggerSrvLogging","Endpoint unmute Endpoint id: {0.0.1.00000000}.{09dfa0d1-cc45-493b-929e-f589428755cb}"
"05-08-2026 11:59:22","2","Information","CLoggerSrvLogging","Endpoint unmute Endpoint id: {0.0.1.00000000}.{09dfa0d1-cc45-493b-929e-f589428755cb}"
"05-08-2026 11:58:57","2","Information","CLoggerSrvLogging","Endpoint unmute Endpoint id: {0.0.1.00000000}.{09dfa0d1-cc45-493b-929e-f589428755cb}"
"05-08-2026 11:58:35","2","Information","CLoggerSrvLogging","Endpoint unmute Endpoint id: {0.0.1.00000000}.{09dfa0d1-cc45-493b-929e-f589428755cb}"
"05-08-2026 11:58:35","2","Information","CLoggerSrvLogging","Endpoint unmute Endpoint id: {0.0.1.00000000}.{09dfa0d1-cc45-493b-929e-f589428755cb}"
"05-08-2026 11:58:35","2","Information","CLoggerSrvLogging","Endpoint unmute Endpoint id: {0.0.1.00000000}.{09dfa0d1-cc45-493b-929e-f589428755cb}"
"05-08-2026 11:58:35","2","Information","CLoggerSrvLogging","Endpoint unmute Endpoint id: {0.0.1.00000000}.{09dfa0d1-cc45-493b-929e-f589428755cb}"
"05-08-2026 11:58:34","2","Information","CLoggerSrvLogging","Endpoint unmute Endpoint id: {0.0.1.00000000}.{09dfa0d1-cc45-493b-929e-f589428755cb}"
"05-08-2026 11:58:34","2","Information","CLoggerSrvLogging","Endpoint unmute Endpoint id: {0.0.1.00000000}.{09dfa0d1-cc45-493b-929e-f589428755cb}"
"05-08-2026 11:58:33","2","Information","CLoggerSrvLogging","Endpoint unmute Endpoint id: {0.0.1.00000000}.{09dfa0d1-cc45-493b-929e-f589428755cb}"
"05-08-2026 11:58:32","2","Information","CLoggerSrvLogging","Endpoint unmute Endpoint id: {0.0.1.00000000}.{09dfa0d1-cc45-493b-929e-f589428755cb}"
"05-08-2026 11:58:32","2","Information","CLoggerSrvLogging","Endpoint unmute Endpoint id: {0.0.1.00000000}.{09dfa0d1-cc45-493b-929e-f589428755cb}"
"05-08-2026 11:58:32","2","Information","CLoggerSrvLogging","Endpoint unmute Endpoint id: {0.0.1.00000000}.{09dfa0d1-cc45-493b-929e-f589428755cb}"
"05-08-2026 11:58:31","2","Information","CLoggerSrvLogging","Endpoint unmute Endpoint id: {0.0.1.00000000}.{09dfa0d1-cc45-493b-929e-f589428755cb}"
"05-08-2026 11:58:31","2","Information","CLoggerSrvLogging","Endpoint unmute Endpoint id: {0.0.1.00000000}.{09dfa0d1-cc45-493b-929e-f589428755cb}"
"05-08-2026 11:58:30","2","Information","CLoggerSrvLogging","Endpoint unmute Endpoint id: {0.0.1.00000000}.{09dfa0d1-cc45-493b-929e-f589428755cb}"
"05-08-2026 11:58:29","2","Information","CLoggerSrvLogging","Endpoint unmute Endpoint id: {0.0.1.00000000}.{09dfa0d1-cc45-493b-929e-f589428755cb}"
"05-08-2026 11:58:29","2","Information","CLoggerSrvLogging","Endpoint unmute Endpoint id: {0.0.1.00000000}.{09dfa0d1-cc45-493b-929e-f589428755cb}"
"05-08-2026 11:58:29","2","Information","CLoggerSrvLogging","Endpoint unmute Endpoint id: {0.0.1.00000000}.{09dfa0d1-cc45-493b-929e-f589428755cb}"
"05-08-2026 11:57:46","2","Information","CLoggerSrvLogging","Endpoint unmute Endpoint id: {0.0.1.00000000}.{09dfa0d1-cc45-493b-929e-f589428755cb}"
"05-08-2026 11:57:46","2","Information","CLoggerSrvLogging","Endpoint unmute Endpoint id: {0.0.1.00000000}.{09dfa0d1-cc45-493b-929e-f589428755cb}"
"05-08-2026 11:57:28","2","Information","CLoggerSrvLogging","Endpoint unmute Endpoint id: {0.0.1.00000000}.{09dfa0d1-cc45-493b-929e-f589428755cb}"
"05-08-2026 11:57:24","2","Information","CLoggerSrvLogging","Endpoint unmute Endpoint id: {0.0.1.00000000}.{09dfa0d1-cc45-493b-929e-f589428755cb}"
"05-08-2026 11:57:18","2","Information","CLoggerSrvLogging","Endpoint unmute Endpoint id: {0.0.1.00000000}.{09dfa0d1-cc45-493b-929e-f589428755cb}"
"05-08-2026 11:57:14","2","Information","CLoggerSrvLogging","Endpoint unmute Endpoint id: {0.0.1.00000000}.{09dfa0d1-cc45-493b-929e-f589428755cb}"
"05-08-2026 11:57:14","2","Information","CLoggerSrvLogging","Endpoint unmute Endpoint id: {0.0.1.00000000}.{09dfa0d1-cc45-493b-929e-f589428755cb}"
"05-08-2026 11:57:12","2","Information","CLoggerSrvLogging","Endpoint unmute Endpoint id: {0.0.1.00000000}.{09dfa0d1-cc45-493b-929e-f589428755cb}"
"05-08-2026 11:57:12","2","Information","CLoggerSrvLogging","Endpoint unmute Endpoint id: {0.0.1.00000000}.{09dfa0d1-cc45-493b-929e-f589428755cb}"
"05-08-2026 11:57:11","2","Information","CLoggerSrvLogging","Endpoint unmute Endpoint id: {0.0.1.00000000}.{09dfa0d1-cc45-493b-929e-f589428755cb}"
"05-08-2026 11:57:11","2","Information","CLoggerSrvLogging","Endpoint unmute Endpoint id: {0.0.1.00000000}.{09dfa0d1-cc45-493b-929e-f589428755cb}"
"05-08-2026 11:57:10","2","Information","CLoggerSrvLogging","Endpoint unmute Endpoint id: {0.0.1.00000000}.{09dfa0d1-cc45-493b-929e-f589428755cb}"
"05-08-2026 09:38:34","2","Information","CLoggerSrvLogging","Endpoint unmute Endpoint id: {0.0.1.00000000}.{09dfa0d1-cc45-493b-929e-f589428755cb}"
"05-08-2026 09:38:32","6","Information","CLoggerSrvLogging","Jack 0 unplug"
"04-08-2026 18:36:23","7","Information","CLoggerSrvLogging","Default Recording device change ( Communications)  {0.0.1.00000000}.{09dfa0d1-cc45-493b-929e-f589428755cb}  Microphone Array on SoundWire Device (Cirrus Logic XU)  {2}.\\?\soundwire#sdca_06&man_01fa&func_4243&type_03&ver_01&adr_02&lid_00&uid_00&subsys_0ce81028&dynamicenummicrophone0#8&b76481&0&00000400#{6994ad04-93ef-11d0-a3cc-00a0c9223196}\microphone0"
"04-08-2026 18:36:23","7","Information","CLoggerSrvLogging","Default Recording device change ( Multimedia)  {0.0.1.00000000}.{09dfa0d1-cc45-493b-929e-f589428755cb}  Microphone Array on SoundWire Device (Cirrus Logic XU)  {2}.\\?\soundwire#sdca_06&man_01fa&func_4243&type_03&ver_01&adr_02&lid_00&uid_00&subsys_0ce81028&dynamicenummicrophone0#8&b76481&0&00000400#{6994ad04-93ef-11d0-a3cc-00a0c9223196}\microphone0"
"04-08-2026 18:36:23","7","Information","CLoggerSrvLogging","Default Recording device change ( Console)  {0.0.1.00000000}.{09dfa0d1-cc45-493b-929e-f589428755cb}  Microphone Array on SoundWire Device (Cirrus Logic XU)  {2}.\\?\soundwire#sdca_06&man_01fa&func_4243&type_03&ver_01&adr_02&lid_00&uid_00&subsys_0ce81028&dynamicenummicrophone0#8&b76481&0&00000400#{6994ad04-93ef-11d0-a3cc-00a0c9223196}\microphone0"
"04-08-2026 18:36:23","7","Information","CLoggerSrvLogging","Default Playback device change ( Communications)  {0.0.0.00000000}.{45d28dc2-5526-4063-98de-2b18fc40ed90}  Speakers (4- Cirrus Logic XU)  {2}.\\?\soundwire#sdca_06&man_01fa&func_4243&type_01&ver_01&adr_01&lid_00&uid_00&subsys_0ce81028&dynamicenumspeaker0#8&b83798c&0&00000c00#{6994ad04-93ef-11d0-a3cc-00a0c9223196}\speaker0"
"04-08-2026 18:36:23","7","Information","CLoggerSrvLogging","Default Playback device change ( Multimedia)  {0.0.0.00000000}.{45d28dc2-5526-4063-98de-2b18fc40ed90}  Speakers (4- Cirrus Logic XU)  {2}.\\?\soundwire#sdca_06&man_01fa&func_4243&type_01&ver_01&adr_01&lid_00&uid_00&subsys_0ce81028&dynamicenumspeaker0#8&b83798c&0&00000c00#{6994ad04-93ef-11d0-a3cc-00a0c9223196}\speaker0"
"04-08-2026 18:36:23","7","Information","CLoggerSrvLogging","Default Playback device change ( Console)  {0.0.0.00000000}.{45d28dc2-5526-4063-98de-2b18fc40ed90}  Speakers (4- Cirrus Logic XU)  {2}.\\?\soundwire#sdca_06&man_01fa&func_4243&type_01&ver_01&adr_01&lid_00&uid_00&subsys_0ce81028&dynamicenumspeaker0#8&b83798c&0&00000c00#{6994ad04-93ef-11d0-a3cc-00a0c9223196}\speaker0"
"04-08-2026 11:53:52","7","Information","CLoggerSrvLogging","Default Playback device change ( Communications)  {0.0.0.00000000}.{8be792fc-74bb-47db-9561-be1e35261fbb}  Headset Earphone (Plantronics Blackwire 3225 Series)  {2}.\\?\intelaudio#ctlr_dev_7728&linktype_06&devtype_06&ven_8086&dev_ae50&subsys_0ce81028&rev_0001#5&32640736&1&0604dif_000b&uif_0000#{6994ad04-93ef-11d0-a3cc-00a0c9223196}\intcusbtoporender_f5f6047fc0580000_1"
"04-08-2026 11:53:52","7","Information","CLoggerSrvLogging","Default Playback device change ( Multimedia)  {0.0.0.00000000}.{8be792fc-74bb-47db-9561-be1e35261fbb}  Headset Earphone (Plantronics Blackwire 3225 Series)  {2}.\\?\intelaudio#ctlr_dev_7728&linktype_06&devtype_06&ven_8086&dev_ae50&subsys_0ce81028&rev_0001#5&32640736&1&0604dif_000b&uif_0000#{6994ad04-93ef-11d0-a3cc-00a0c9223196}\intcusbtoporender_f5f6047fc0580000_1"
"04-08-2026 11:53:52","7","Information","CLoggerSrvLogging","Default Playback device change ( Console)  {0.0.0.00000000}.{8be792fc-74bb-47db-9561-be1e35261fbb}  Headset Earphone (Plantronics Blackwire 3225 Series)  {2}.\\?\intelaudio#ctlr_dev_7728&linktype_06&devtype_06&ven_8086&dev_ae50&subsys_0ce81028&rev_0001#5&32640736&1&0604dif_000b&uif_0000#{6994ad04-93ef-11d0-a3cc-00a0c9223196}\intcusbtoporender_f5f6047fc0580000_1"
"04-08-2026 11:53:52","7","Information","CLoggerSrvLogging","Default Recording device change ( Communications)  {0.0.1.00000000}.{ecf6848c-847e-4df1-a443-b782d271ccbe}  Headset Microphone (Plantronics Blackwire 3225 Series)  {2}.\\?\intelaudio#ctlr_dev_7728&linktype_06&devtype_06&ven_8086&dev_ae50&subsys_0ce81028&rev_0001#5&32640736&1&0604dif_000b&uif_0000#{6994ad04-93ef-11d0-a3cc-00a0c9223196}\intcusbtopocapture_f5f6047fc0580000_0"
"04-08-2026 11:53:52","7","Information","CLoggerSrvLogging","Default Recording device change ( Multimedia)  {0.0.1.00000000}.{ecf6848c-847e-4df1-a443-b782d271ccbe}  Headset Microphone (Plantronics Blackwire 3225 Series)  {2}.\\?\intelaudio#ctlr_dev_7728&linktype_06&devtype_06&ven_8086&dev_ae50&subsys_0ce81028&rev_0001#5&32640736&1&0604dif_000b&uif_0000#{6994ad04-93ef-11d0-a3cc-00a0c9223196}\intcusbtopocapture_f5f6047fc0580000_0"
"04-08-2026 11:53:52","7","Information","CLoggerSrvLogging","Default Recording device change ( Console)  {0.0.1.00000000}.{ecf6848c-847e-4df1-a443-b782d271ccbe}  Headset Microphone (Plantronics Blackwire 3225 Series)  {2}.\\?\intelaudio#ctlr_dev_7728&linktype_06&devtype_06&ven_8086&dev_ae50&subsys_0ce81028&rev_0001#5&32640736&1&0604dif_000b&uif_0000#{6994ad04-93ef-11d0-a3cc-00a0c9223196}\intcusbtopocapture_f5f6047fc0580000_0"
"04-08-2026 10:09:22","2","Information","CLoggerSrvLogging","Endpoint unmute Endpoint id: {0.0.1.00000000}.{09dfa0d1-cc45-493b-929e-f589428755cb}"
"04-08-2026 10:09:20","2","Information","CLoggerSrvLogging","Endpoint unmute Endpoint id: {0.0.1.00000000}.{09dfa0d1-cc45-493b-929e-f589428755cb}"
"04-08-2026 10:09:20","2","Information","CLoggerSrvLogging","Endpoint unmute Endpoint id: {0.0.1.00000000}.{09dfa0d1-cc45-493b-929e-f589428755cb}"
"04-08-2026 10:09:18","2","Information","CLoggerSrvLogging","Endpoint unmute Endpoint id: {0.0.1.00000000}.{09dfa0d1-cc45-493b-929e-f589428755cb}"
"04-08-2026 10:09:18","2","Information","CLoggerSrvLogging","Endpoint unmute Endpoint id: {0.0.1.00000000}.{09dfa0d1-cc45-493b-929e-f589428755cb}"
"04-08-2026 10:09:15","2","Information","CLoggerSrvLogging","Endpoint unmute Endpoint id: {0.0.1.00000000}.{09dfa0d1-cc45-493b-929e-f589428755cb}"
"04-08-2026 10:09:15","2","Information","CLoggerSrvLogging","Endpoint unmute Endpoint id: {0.0.1.00000000}.{09dfa0d1-cc45-493b-929e-f589428755cb}"
"04-08-2026 10:09:14","2","Information","CLoggerSrvLogging","Endpoint unmute Endpoint id: {0.0.1.00000000}.{09dfa0d1-cc45-493b-929e-f589428755cb}"
"04-08-2026 10:09:14","2","Information","CLoggerSrvLogging","Endpoint unmute Endpoint id: {0.0.1.00000000}.{09dfa0d1-cc45-493b-929e-f589428755cb}"
"04-08-2026 10:09:14","2","Information","CLoggerSrvLogging","Endpoint unmute Endpoint id: {0.0.1.00000000}.{09dfa0d1-cc45-493b-929e-f589428755cb}"
"04-08-2026 10:09:14","2","Information","CLoggerSrvLogging","Endpoint unmute Endpoint id: {0.0.1.00000000}.{09dfa0d1-cc45-493b-929e-f589428755cb}"
"04-08-2026 10:09:14","2","Information","CLoggerSrvLogging","Endpoint unmute Endpoint id: {0.0.1.00000000}.{09dfa0d1-cc45-493b-929e-f589428755cb}"
"04-08-2026 10:08:52","2","Information","CLoggerSrvLogging","Endpoint unmute Endpoint id: {0.0.1.00000000}.{09dfa0d1-cc45-493b-929e-f589428755cb}"
"04-08-2026 10:08:52","2","Information","CLoggerSrvLogging","Endpoint unmute Endpoint id: {0.0.1.00000000}.{09dfa0d1-cc45-493b-929e-f589428755cb}"
"04-08-2026 10:08:51","2","Information","CLoggerSrvLogging","Endpoint unmute Endpoint id: {0.0.1.00000000}.{09dfa0d1-cc45-493b-929e-f589428755cb}"
"04-08-2026 10:08:51","2","Information","CLoggerSrvLogging","Endpoint unmute Endpoint id: {0.0.1.00000000}.{09dfa0d1-cc45-493b-929e-f589428755cb}"
"04-08-2026 10:08:46","2","Information","CLoggerSrvLogging","Endpoint unmute Endpoint id: {0.0.1.00000000}.{09dfa0d1-cc45-493b-929e-f589428755cb}"
"04-08-2026 10:08:46","2","Information","CLoggerSrvLogging","Endpoint unmute Endpoint id: {0.0.1.00000000}.{09dfa0d1-cc45-493b-929e-f589428755cb}"
"04-08-2026 10:08:46","2","Information","CLoggerSrvLogging","Endpoint unmute Endpoint id: {0.0.1.00000000}.{09dfa0d1-cc45-493b-929e-f589428755cb}"
"04-08-2026 10:08:45","2","Information","CLoggerSrvLogging","Endpoint unmute Endpoint id: {0.0.1.00000000}.{09dfa0d1-cc45-493b-929e-f589428755cb}"
"04-08-2026 10:08:45","2","Information","CLoggerSrvLogging","Endpoint unmute Endpoint id: {0.0.1.00000000}.{09dfa0d1-cc45-493b-929e-f589428755cb}"
"04-08-2026 10:08:44","2","Information","CLoggerSrvLogging","Endpoint unmute Endpoint id: {0.0.1.00000000}.{09dfa0d1-cc45-493b-929e-f589428755cb}"
"04-08-2026 10:08:44","2","Information","CLoggerSrvLogging","Endpoint unmute Endpoint id: {0.0.1.00000000}.{09dfa0d1-cc45-493b-929e-f589428755cb}"
"04-08-2026 10:08:44","2","Information","CLoggerSrvLogging","Endpoint unmute Endpoint id: {0.0.1.00000000}.{09dfa0d1-cc45-493b-929e-f589428755cb}"
"04-08-2026 10:08:43","2","Information","CLoggerSrvLogging","Endpoint unmute Endpoint id: {0.0.1.00000000}.{09dfa0d1-cc45-493b-929e-f589428755cb}"
"04-08-2026 10:08:40","2","Information","CLoggerSrvLogging","Endpoint unmute Endpoint id: {0.0.1.00000000}.{09dfa0d1-cc45-493b-929e-f589428755cb}"
"04-08-2026 10:08:30","2","Information","CLoggerSrvLogging","Endpoint unmute Endpoint id: {0.0.1.00000000}.{09dfa0d1-cc45-493b-929e-f589428755cb}"
"04-08-2026 10:08:30","2","Information","CLoggerSrvLogging","Endpoint unmute Endpoint id: {0.0.1.00000000}.{09dfa0d1-cc45-493b-929e-f589428755cb}"
"04-08-2026 10:08:30","2","Information","CLoggerSrvLogging","Endpoint unmute Endpoint id: {0.0.1.00000000}.{09dfa0d1-cc45-493b-929e-f589428755cb}"
"04-08-2026 10:08:28","2","Information","CLoggerSrvLogging","Endpoint unmute Endpoint id: {0.0.1.00000000}.{09dfa0d1-cc45-493b-929e-f589428755cb}"
"04-08-2026 10:08:28","2","Information","CLoggerSrvLogging","Endpoint unmute Endpoint id: {0.0.1.00000000}.{09dfa0d1-cc45-493b-929e-f589428755cb}"
"04-08-2026 10:08:24","2","Information","CLoggerSrvLogging","Endpoint unmute Endpoint id: {0.0.1.00000000}.{09dfa0d1-cc45-493b-929e-f589428755cb}"
"04-08-2026 10:08:24","2","Information","CLoggerSrvLogging","Endpoint unmute Endpoint id: {0.0.1.00000000}.{09dfa0d1-cc45-493b-929e-f589428755cb}"
"04-08-2026 10:08:24","2","Information","CLoggerSrvLogging","Endpoint unmute Endpoint id: {0.0.1.00000000}.{09dfa0d1-cc45-493b-929e-f589428755cb}"
"04-08-2026 10:08:24","2","Information","CLoggerSrvLogging","Endpoint unmute Endpoint id: {0.0.1.00000000}.{09dfa0d1-cc45-493b-929e-f589428755cb}"
"04-08-2026 10:08:23","2","Information","CLoggerSrvLogging","Endpoint unmute Endpoint id: {0.0.1.00000000}.{09dfa0d1-cc45-493b-929e-f589428755cb}"
"04-08-2026 10:08:22","2","Information","CLoggerSrvLogging","Endpoint unmute Endpoint id: {0.0.1.00000000}.{09dfa0d1-cc45-493b-929e-f589428755cb}"
"04-08-2026 10:08:22","2","Information","CLoggerSrvLogging","Endpoint unmute Endpoint id: {0.0.1.00000000}.{09dfa0d1-cc45-493b-929e-f589428755cb}"
"04-08-2026 10:08:22","2","Information","CLoggerSrvLogging","Endpoint unmute Endpoint id: {0.0.1.00000000}.{09dfa0d1-cc45-493b-929e-f589428755cb}"
"04-08-2026 10:08:22","2","Information","CLoggerSrvLogging","Endpoint unmute Endpoint id: {0.0.1.00000000}.{09dfa0d1-cc45-493b-929e-f589428755cb}"
"04-08-2026 10:08:22","2","Information","CLoggerSrvLogging","Endpoint unmute Endpoint id: {0.0.1.00000000}.{09dfa0d1-cc45-493b-929e-f589428755cb}"
"04-08-2026 10:07:55","2","Information","CLoggerSrvLogging","Endpoint unmute Endpoint id: {0.0.1.00000000}.{09dfa0d1-cc45-493b-929e-f589428755cb}"
"04-08-2026 10:07:55","2","Information","CLoggerSrvLogging","Endpoint unmute Endpoint id: {0.0.1.00000000}.{09dfa0d1-cc45-493b-929e-f589428755cb}"
"04-08-2026 10:07:54","2","Information","CLoggerSrvLogging","Endpoint unmute Endpoint id: {0.0.1.00000000}.{09dfa0d1-cc45-493b-929e-f589428755cb}"
"04-08-2026 10:07:54","2","Information","CLoggerSrvLogging","Endpoint unmute Endpoint id: {0.0.1.00000000}.{09dfa0d1-cc45-493b-929e-f589428755cb}"
"04-08-2026 10:07:54","2","Information","CLoggerSrvLogging","Endpoint unmute Endpoint id: {0.0.1.00000000}.{09dfa0d1-cc45-493b-929e-f589428755cb}"
"04-08-2026 10:07:54","2","Information","CLoggerSrvLogging","Endpoint unmute Endpoint id: {0.0.1.00000000}.{09dfa0d1-cc45-493b-929e-f589428755cb}"
"04-08-2026 10:07:48","2","Information","CLoggerSrvLogging","Endpoint unmute Endpoint id: {0.0.1.00000000}.{09dfa0d1-cc45-493b-929e-f589428755cb}"
"04-08-2026 10:07:48","2","Information","CLoggerSrvLogging","Endpoint unmute Endpoint id: {0.0.1.00000000}.{09dfa0d1-cc45-493b-929e-f589428755cb}"
"04-08-2026 10:07:25","2","Information","CLoggerSrvLogging","Endpoint unmute Endpoint id: {0.0.1.00000000}.{09dfa0d1-cc45-493b-929e-f589428755cb}"
"04-08-2026 10:07:14","2","Information","CLoggerSrvLogging","Endpoint unmute Endpoint id: {0.0.1.00000000}.{09dfa0d1-cc45-493b-929e-f589428755cb}"
"04-08-2026 10:07:14","2","Information","CLoggerSrvLogging","Endpoint unmute Endpoint id: {0.0.1.00000000}.{09dfa0d1-cc45-493b-929e-f589428755cb}"
"04-08-2026 10:07:14","2","Information","CLoggerSrvLogging","Endpoint unmute Endpoint id: {0.0.1.00000000}.{09dfa0d1-cc45-493b-929e-f589428755cb}"
"04-08-2026 10:07:14","2","Information","CLoggerSrvLogging","Endpoint unmute Endpoint id: {0.0.1.00000000}.{09dfa0d1-cc45-493b-929e-f589428755cb}"
"04-08-2026 10:07:13","2","Information","CLoggerSrvLogging","Endpoint unmute Endpoint id: {0.0.1.00000000}.{09dfa0d1-cc45-493b-929e-f589428755cb}"
"04-08-2026 10:07:13","2","Information","CLoggerSrvLogging","Endpoint unmute Endpoint id: {0.0.1.00000000}.{09dfa0d1-cc45-493b-929e-f589428755cb}"
"04-08-2026 10:07:11","2","Information","CLoggerSrvLogging","Endpoint unmute Endpoint id: {0.0.1.00000000}.{09dfa0d1-cc45-493b-929e-f589428755cb}"
"04-08-2026 10:07:11","2","Information","CLoggerSrvLogging","Endpoint unmute Endpoint id: {0.0.1.00000000}.{09dfa0d1-cc45-493b-929e-f589428755cb}"
"04-08-2026 10:07:11","2","Information","CLoggerSrvLogging","Endpoint unmute Endpoint id: {0.0.1.00000000}.{09dfa0d1-cc45-493b-929e-f589428755cb}"
"04-08-2026 10:07:10","2","Information","CLoggerSrvLogging","Endpoint unmute Endpoint id: {0.0.1.00000000}.{09dfa0d1-cc45-493b-929e-f589428755cb}"
"04-08-2026 10:07:09","2","Information","CLoggerSrvLogging","Endpoint unmute Endpoint id: {0.0.1.00000000}.{09dfa0d1-cc45-493b-929e-f589428755cb}"
"04-08-2026 10:07:09","2","Information","CLoggerSrvLogging","Endpoint unmute Endpoint id: {0.0.1.00000000}.{09dfa0d1-cc45-493b-929e-f589428755cb}"
"04-08-2026 10:07:08","2","Information","CLoggerSrvLogging","Endpoint unmute Endpoint id: {0.0.1.00000000}.{09dfa0d1-cc45-493b-929e-f589428755cb}"
"04-08-2026 10:07:07","2","Information","CLoggerSrvLogging","Endpoint unmute Endpoint id: {0.0.1.00000000}.{09dfa0d1-cc45-493b-929e-f589428755cb}"
"04-08-2026 10:07:07","2","Information","CLoggerSrvLogging","Endpoint unmute Endpoint id: {0.0.1.00000000}.{09dfa0d1-cc45-493b-929e-f589428755cb}"
"04-08-2026 10:07:07","2","Information","CLoggerSrvLogging","Endpoint unmute Endpoint id: {0.0.1.00000000}.{09dfa0d1-cc45-493b-929e-f589428755cb}"
"04-08-2026 10:07:06","2","Information","CLoggerSrvLogging","Endpoint unmute Endpoint id: {0.0.1.00000000}.{09dfa0d1-cc45-493b-929e-f589428755cb}"
"04-08-2026 10:07:01","2","Information","CLoggerSrvLogging","Endpoint unmute Endpoint id: {0.0.1.00000000}.{09dfa0d1-cc45-493b-929e-f589428755cb}"
"04-08-2026 10:07:01","2","Information","CLoggerSrvLogging","Endpoint unmute Endpoint id: {0.0.1.00000000}.{09dfa0d1-cc45-493b-929e-f589428755cb}"
"04-08-2026 10:07:01","2","Information","CLoggerSrvLogging","Endpoint unmute Endpoint id: {0.0.1.00000000}.{09dfa0d1-cc45-493b-929e-f589428755cb}"
"04-08-2026 10:07:00","2","Information","CLoggerSrvLogging","Endpoint unmute Endpoint id: {0.0.1.00000000}.{09dfa0d1-cc45-493b-929e-f589428755cb}"
"04-08-2026 10:07:00","2","Information","CLoggerSrvLogging","Endpoint unmute Endpoint id: {0.0.1.00000000}.{09dfa0d1-cc45-493b-929e-f589428755cb}"
"04-08-2026 10:07:00","2","Information","CLoggerSrvLogging","Endpoint unmute Endpoint id: {0.0.1.00000000}.{09dfa0d1-cc45-493b-929e-f589428755cb}"
"04-08-2026 10:06:59","2","Information","CLoggerSrvLogging","Endpoint unmute Endpoint id: {0.0.1.00000000}.{09dfa0d1-cc45-493b-929e-f589428755cb}"
"04-08-2026 10:06:59","2","Information","CLoggerSrvLogging","Endpoint unmute Endpoint id: {0.0.1.00000000}.{09dfa0d1-cc45-493b-929e-f589428755cb}"
"04-08-2026 10:06:59","2","Information","CLoggerSrvLogging","Endpoint unmute Endpoint id: {0.0.1.00000000}.{09dfa0d1-cc45-493b-929e-f589428755cb}"
"04-08-2026 10:06:58","2","Information","CLoggerSrvLogging","Endpoint unmute Endpoint id: {0.0.1.00000000}.{09dfa0d1-cc45-493b-929e-f589428755cb}"
"04-08-2026 10:06:58","2","Information","CLoggerSrvLogging","Endpoint unmute Endpoint id: {0.0.1.00000000}.{09dfa0d1-cc45-493b-929e-f589428755cb}"
"04-08-2026 10:06:57","2","Information","CLoggerSrvLogging","Endpoint unmute Endpoint id: {0.0.1.00000000}.{09dfa0d1-cc45-493b-929e-f589428755cb}"
"04-08-2026 10:06:57","2","Information","CLoggerSrvLogging","Endpoint unmute Endpoint id: {0.0.1.00000000}.{09dfa0d1-cc45-493b-929e-f589428755cb}"
"04-08-2026 10:06:57","2","Information","CLoggerSrvLogging","Endpoint unmute Endpoint id: {0.0.1.00000000}.{09dfa0d1-cc45-493b-929e-f589428755cb}"
"04-08-2026 10:06:57","2","Information","CLoggerSrvLogging","Endpoint unmute Endpoint id: {0.0.1.00000000}.{09dfa0d1-cc45-493b-929e-f589428755cb}"
"04-08-2026 10:06:56","2","Information","CLoggerSrvLogging","Endpoint unmute Endpoint id: {0.0.1.00000000}.{09dfa0d1-cc45-493b-929e-f589428755cb}"
"04-08-2026 10:06:55","2","Information","CLoggerSrvLogging","Endpoint unmute Endpoint id: {0.0.1.00000000}.{09dfa0d1-cc45-493b-929e-f589428755cb}"
"04-08-2026 10:06:54","2","Information","CLoggerSrvLogging","Endpoint unmute Endpoint id: {0.0.1.00000000}.{09dfa0d1-cc45-493b-929e-f589428755cb}"
"04-08-2026 10:06:54","2","Information","CLoggerSrvLogging","Endpoint unmute Endpoint id: {0.0.1.00000000}.{09dfa0d1-cc45-493b-929e-f589428755cb}"
"04-08-2026 10:06:54","2","Information","CLoggerSrvLogging","Endpoint unmute Endpoint id: {0.0.1.00000000}.{09dfa0d1-cc45-493b-929e-f589428755cb}"
"04-08-2026 10:06:54","2","Information","CLoggerSrvLogging","Endpoint unmute Endpoint id: {0.0.1.00000000}.{09dfa0d1-cc45-493b-929e-f589428755cb}"
"04-08-2026 10:06:53","2","Information","CLoggerSrvLogging","Endpoint unmute Endpoint id: {0.0.1.00000000}.{09dfa0d1-cc45-493b-929e-f589428755cb}"
"04-08-2026 10:06:53","2","Information","CLoggerSrvLogging","Endpoint unmute Endpoint id: {0.0.1.00000000}.{09dfa0d1-cc45-493b-929e-f589428755cb}"
"04-08-2026 10:06:53","2","Information","CLoggerSrvLogging","Endpoint unmute Endpoint id: {0.0.1.00000000}.{09dfa0d1-cc45-493b-929e-f589428755cb}"
"04-08-2026 10:06:52","2","Information","CLoggerSrvLogging","Endpoint unmute Endpoint id: {0.0.1.00000000}.{09dfa0d1-cc45-493b-929e-f589428755cb}"
"04-08-2026 10:06:51","2","Information","CLoggerSrvLogging","Endpoint unmute Endpoint id: {0.0.1.00000000}.{09dfa0d1-cc45-493b-929e-f589428755cb}"
"04-08-2026 10:06:51","2","Information","CLoggerSrvLogging","Endpoint unmute Endpoint id: {0.0.1.00000000}.{09dfa0d1-cc45-493b-929e-f589428755cb}"
"04-08-2026 10:06:50","2","Information","CLoggerSrvLogging","Endpoint unmute Endpoint id: {0.0.1.00000000}.{09dfa0d1-cc45-493b-929e-f589428755cb}"
"04-08-2026 10:06:50","2","Information","CLoggerSrvLogging","Endpoint unmute Endpoint id: {0.0.1.00000000}.{09dfa0d1-cc45-493b-929e-f589428755cb}"
"04-08-2026 10:06:50","2","Information","CLoggerSrvLogging","Endpoint unmute Endpoint id: {0.0.1.00000000}.{09dfa0d1-cc45-493b-929e-f589428755cb}"
"04-08-2026 10:06:50","2","Information","CLoggerSrvLogging","Endpoint unmute Endpoint id: {0.0.1.00000000}.{09dfa0d1-cc45-493b-929e-f589428755cb}"
"04-08-2026 10:06:49","2","Information","CLoggerSrvLogging","Endpoint unmute Endpoint id: {0.0.1.00000000}.{09dfa0d1-cc45-493b-929e-f589428755cb}"
"04-08-2026 10:06:27","2","Information","CLoggerSrvLogging","Endpoint unmute Endpoint id: {0.0.1.00000000}.{09dfa0d1-cc45-493b-929e-f589428755cb}"
"04-08-2026 10:06:19","2","Information","CLoggerSrvLogging","Endpoint unmute Endpoint id: {0.0.1.00000000}.{09dfa0d1-cc45-493b-929e-f589428755cb}"
"04-08-2026 10:06:19","2","Information","CLoggerSrvLogging","Endpoint unmute Endpoint id: {0.0.1.00000000}.{09dfa0d1-cc45-493b-929e-f589428755cb}"
"04-08-2026 10:06:14","2","Information","CLoggerSrvLogging","Endpoint unmute Endpoint id: {0.0.1.00000000}.{09dfa0d1-cc45-493b-929e-f589428755cb}"
"04-08-2026 10:06:08","2","Information","CLoggerSrvLogging","Endpoint unmute Endpoint id: {0.0.1.00000000}.{09dfa0d1-cc45-493b-929e-f589428755cb}"
"04-08-2026 10:06:04","2","Information","CLoggerSrvLogging","Endpoint unmute Endpoint id: {0.0.1.00000000}.{09dfa0d1-cc45-493b-929e-f589428755cb}"
"04-08-2026 10:06:04","2","Information","CLoggerSrvLogging","Endpoint unmute Endpoint id: {0.0.1.00000000}.{09dfa0d1-cc45-493b-929e-f589428755cb}"
"04-08-2026 10:06:04","2","Information","CLoggerSrvLogging","Endpoint unmute Endpoint id: {0.0.1.00000000}.{09dfa0d1-cc45-493b-929e-f589428755cb}"
"04-08-2026 10:06:04","2","Information","CLoggerSrvLogging","Endpoint unmute Endpoint id: {0.0.1.00000000}.{09dfa0d1-cc45-493b-929e-f589428755cb}"
"04-08-2026 10:06:03","2","Information","CLoggerSrvLogging","Endpoint unmute Endpoint id: {0.0.1.00000000}.{09dfa0d1-cc45-493b-929e-f589428755cb}"
"04-08-2026 10:06:03","2","Information","CLoggerSrvLogging","Endpoint unmute Endpoint id: {0.0.1.00000000}.{09dfa0d1-cc45-493b-929e-f589428755cb}"
"04-08-2026 10:06:03","2","Information","CLoggerSrvLogging","Endpoint unmute Endpoint id: {0.0.1.00000000}.{09dfa0d1-cc45-493b-929e-f589428755cb}"
"04-08-2026 10:06:02","2","Information","CLoggerSrvLogging","Endpoint unmute Endpoint id: {0.0.1.00000000}.{09dfa0d1-cc45-493b-929e-f589428755cb}"
"04-08-2026 09:08:58","2","Information","CLoggerSrvLogging","Endpoint unmute Endpoint id: {0.0.1.00000000}.{09dfa0d1-cc45-493b-929e-f589428755cb}"
"04-08-2026 09:08:57","6","Information","CLoggerSrvLogging","Jack 0 unplug"
"03-08-2026 15:26:50","2","Information","CLoggerSrvLogging","Endpoint unmute Endpoint id: {0.0.1.00000000}.{09dfa0d1-cc45-493b-929e-f589428755cb}"
"03-08-2026 15:26:49","2","Information","CLoggerSrvLogging","Endpoint unmute Endpoint id: {0.0.1.00000000}.{09dfa0d1-cc45-493b-929e-f589428755cb}"
"03-08-2026 15:26:48","2","Information","CLoggerSrvLogging","Endpoint unmute Endpoint id: {0.0.1.00000000}.{09dfa0d1-cc45-493b-929e-f589428755cb}"
"03-08-2026 15:26:48","2","Information","CLoggerSrvLogging","Endpoint unmute Endpoint id: {0.0.1.00000000}.{09dfa0d1-cc45-493b-929e-f589428755cb}"
"03-08-2026 15:26:48","2","Information","CLoggerSrvLogging","Endpoint unmute Endpoint id: {0.0.1.00000000}.{09dfa0d1-cc45-493b-929e-f589428755cb}"
"03-08-2026 15:26:48","2","Information","CLoggerSrvLogging","Endpoint unmute Endpoint id: {0.0.1.00000000}.{09dfa0d1-cc45-493b-929e-f589428755cb}"
"03-08-2026 15:26:46","2","Information","CLoggerSrvLogging","Endpoint unmute Endpoint id: {0.0.1.00000000}.{09dfa0d1-cc45-493b-929e-f589428755cb}"
"03-08-2026 15:26:46","2","Information","CLoggerSrvLogging","Endpoint unmute Endpoint id: {0.0.1.00000000}.{09dfa0d1-cc45-493b-929e-f589428755cb}"
"03-08-2026 15:26:46","2","Information","CLoggerSrvLogging","Endpoint unmute Endpoint id: {0.0.1.00000000}.{09dfa0d1-cc45-493b-929e-f589428755cb}"
"03-08-2026 15:26:45","2","Information","CLoggerSrvLogging","Endpoint unmute Endpoint id: {0.0.1.00000000}.{09dfa0d1-cc45-493b-929e-f589428755cb}"
"03-08-2026 15:26:44","2","Information","CLoggerSrvLogging","Endpoint unmute Endpoint id: {0.0.1.00000000}.{09dfa0d1-cc45-493b-929e-f589428755cb}"
"03-08-2026 15:26:43","2","Information","CLoggerSrvLogging","Endpoint unmute Endpoint id: {0.0.1.00000000}.{09dfa0d1-cc45-493b-929e-f589428755cb}"
"03-08-2026 15:26:43","2","Information","CLoggerSrvLogging","Endpoint unmute Endpoint id: {0.0.1.00000000}.{09dfa0d1-cc45-493b-929e-f589428755cb}"
"03-08-2026 15:26:41","2","Information","CLoggerSrvLogging","Endpoint unmute Endpoint id: {0.0.1.00000000}.{09dfa0d1-cc45-493b-929e-f589428755cb}"
"03-08-2026 15:26:41","2","Information","CLoggerSrvLogging","Endpoint unmute Endpoint id: {0.0.1.00000000}.{09dfa0d1-cc45-493b-929e-f589428755cb}"
"03-08-2026 15:26:41","2","Information","CLoggerSrvLogging","Endpoint unmute Endpoint id: {0.0.1.00000000}.{09dfa0d1-cc45-493b-929e-f589428755cb}"
"03-08-2026 15:26:40","2","Information","CLoggerSrvLogging","Endpoint unmute Endpoint id: {0.0.1.00000000}.{09dfa0d1-cc45-493b-929e-f589428755cb}"
"03-08-2026 15:26:17","2","Information","CLoggerSrvLogging","Endpoint unmute Endpoint id: {0.0.1.00000000}.{09dfa0d1-cc45-493b-929e-f589428755cb}"
"03-08-2026 15:26:17","2","Information","CLoggerSrvLogging","Endpoint unmute Endpoint id: {0.0.1.00000000}.{09dfa0d1-cc45-493b-929e-f589428755cb}"
"03-08-2026 15:26:16","2","Information","CLoggerSrvLogging","Endpoint unmute Endpoint id: {0.0.1.00000000}.{09dfa0d1-cc45-493b-929e-f589428755cb}"
"03-08-2026 15:26:12","2","Information","CLoggerSrvLogging","Endpoint unmute Endpoint id: {0.0.1.00000000}.{09dfa0d1-cc45-493b-929e-f589428755cb}"
"03-08-2026 15:26:12","2","Information","CLoggerSrvLogging","Endpoint unmute Endpoint id: {0.0.1.00000000}.{09dfa0d1-cc45-493b-929e-f589428755cb}"
"03-08-2026 15:26:11","2","Information","CLoggerSrvLogging","Endpoint unmute Endpoint id: {0.0.1.00000000}.{09dfa0d1-cc45-493b-929e-f589428755cb}"
"03-08-2026 15:26:11","2","Information","CLoggerSrvLogging","Endpoint unmute Endpoint id: {0.0.1.00000000}.{09dfa0d1-cc45-493b-929e-f589428755cb}"
"03-08-2026 15:25:48","2","Information","CLoggerSrvLogging","Endpoint unmute Endpoint id: {0.0.1.00000000}.{09dfa0d1-cc45-493b-929e-f589428755cb}"
"03-08-2026 15:25:48","2","Information","CLoggerSrvLogging","Endpoint unmute Endpoint id: {0.0.1.00000000}.{09dfa0d1-cc45-493b-929e-f589428755cb}"
"03-08-2026 15:25:44","2","Information","CLoggerSrvLogging","Endpoint unmute Endpoint id: {0.0.1.00000000}.{09dfa0d1-cc45-493b-929e-f589428755cb}"
"03-08-2026 15:25:44","2","Information","CLoggerSrvLogging","Endpoint unmute Endpoint id: {0.0.1.00000000}.{09dfa0d1-cc45-493b-929e-f589428755cb}"
"03-08-2026 15:25:44","2","Information","CLoggerSrvLogging","Endpoint unmute Endpoint id: {0.0.1.00000000}.{09dfa0d1-cc45-493b-929e-f589428755cb}"
"03-08-2026 15:25:44","2","Information","CLoggerSrvLogging","Endpoint unmute Endpoint id: {0.0.1.00000000}.{09dfa0d1-cc45-493b-929e-f589428755cb}"
"03-08-2026 15:25:44","2","Information","CLoggerSrvLogging","Endpoint unmute Endpoint id: {0.0.1.00000000}.{09dfa0d1-cc45-493b-929e-f589428755cb}"
"03-08-2026 15:25:41","2","Information","CLoggerSrvLogging","Endpoint unmute Endpoint id: {0.0.1.00000000}.{09dfa0d1-cc45-493b-929e-f589428755cb}"
"03-08-2026 15:25:41","2","Information","CLoggerSrvLogging","Endpoint unmute Endpoint id: {0.0.1.00000000}.{09dfa0d1-cc45-493b-929e-f589428755cb}"
"03-08-2026 15:25:40","2","Information","CLoggerSrvLogging","Endpoint unmute Endpoint id: {0.0.1.00000000}.{09dfa0d1-cc45-493b-929e-f589428755cb}"
"03-08-2026 14:57:36","2","Information","CLoggerSrvLogging","Endpoint unmute Endpoint id: {0.0.1.00000000}.{09dfa0d1-cc45-493b-929e-f589428755cb}"
"03-08-2026 14:57:18","2","Information","CLoggerSrvLogging","Endpoint unmute Endpoint id: {0.0.1.00000000}.{09dfa0d1-cc45-493b-929e-f589428755cb}"
"03-08-2026 14:56:51","2","Information","CLoggerSrvLogging","Endpoint unmute Endpoint id: {0.0.1.00000000}.{09dfa0d1-cc45-493b-929e-f589428755cb}"
"03-08-2026 14:56:34","2","Information","CLoggerSrvLogging","Endpoint unmute Endpoint id: {0.0.1.00000000}.{09dfa0d1-cc45-493b-929e-f589428755cb}"
"03-08-2026 14:56:34","2","Information","CLoggerSrvLogging","Endpoint unmute Endpoint id: {0.0.1.00000000}.{09dfa0d1-cc45-493b-929e-f589428755cb}"
"03-08-2026 14:56:34","2","Information","CLoggerSrvLogging","Endpoint unmute Endpoint id: {0.0.1.00000000}.{09dfa0d1-cc45-493b-929e-f589428755cb}"
"03-08-2026 14:56:34","2","Information","CLoggerSrvLogging","Endpoint unmute Endpoint id: {0.0.1.00000000}.{09dfa0d1-cc45-493b-929e-f589428755cb}"
"03-08-2026 14:56:27","2","Information","CLoggerSrvLogging","Endpoint unmute Endpoint id: {0.0.1.00000000}.{09dfa0d1-cc45-493b-929e-f589428755cb}"
"03-08-2026 14:56:26","2","Information","CLoggerSrvLogging","Endpoint unmute Endpoint id: {0.0.1.00000000}.{09dfa0d1-cc45-493b-929e-f589428755cb}"
"03-08-2026 14:56:26","2","Information","CLoggerSrvLogging","Endpoint unmute Endpoint id: {0.0.1.00000000}.{09dfa0d1-cc45-493b-929e-f589428755cb}"
"03-08-2026 14:56:25","2","Information","CLoggerSrvLogging","Endpoint unmute Endpoint id: {0.0.1.00000000}.{09dfa0d1-cc45-493b-929e-f589428755cb}"
"03-08-2026 14:56:23","2","Information","CLoggerSrvLogging","Endpoint unmute Endpoint id: {0.0.1.00000000}.{09dfa0d1-cc45-493b-929e-f589428755cb}"
"03-08-2026 14:56:20","2","Information","CLoggerSrvLogging","Endpoint unmute Endpoint id: {0.0.1.00000000}.{09dfa0d1-cc45-493b-929e-f589428755cb}"
"03-08-2026 14:56:20","2","Information","CLoggerSrvLogging","Endpoint unmute Endpoint id: {0.0.1.00000000}.{09dfa0d1-cc45-493b-929e-f589428755cb}"
"03-08-2026 14:56:20","2","Information","CLoggerSrvLogging","Endpoint unmute Endpoint id: {0.0.1.00000000}.{09dfa0d1-cc45-493b-929e-f589428755cb}"
"03-08-2026 14:56:15","2","Information","CLoggerSrvLogging","Endpoint unmute Endpoint id: {0.0.1.00000000}.{09dfa0d1-cc45-493b-929e-f589428755cb}"
"03-08-2026 14:56:08","2","Information","CLoggerSrvLogging","Endpoint unmute Endpoint id: {0.0.1.00000000}.{09dfa0d1-cc45-493b-929e-f589428755cb}"
"03-08-2026 14:56:08","2","Information","CLoggerSrvLogging","Endpoint unmute Endpoint id: {0.0.1.00000000}.{09dfa0d1-cc45-493b-929e-f589428755cb}"
"03-08-2026 14:56:08","2","Information","CLoggerSrvLogging","Endpoint unmute Endpoint id: {0.0.1.00000000}.{09dfa0d1-cc45-493b-929e-f589428755cb}"
"03-08-2026 14:56:08","2","Information","CLoggerSrvLogging","Endpoint unmute Endpoint id: {0.0.1.00000000}.{09dfa0d1-cc45-493b-929e-f589428755cb}"
"03-08-2026 14:55:45","2","Information","CLoggerSrvLogging","Endpoint unmute Endpoint id: {0.0.1.00000000}.{09dfa0d1-cc45-493b-929e-f589428755cb}"
"03-08-2026 14:55:36","2","Information","CLoggerSrvLogging","Endpoint unmute Endpoint id: {0.0.1.00000000}.{09dfa0d1-cc45-493b-929e-f589428755cb}"
"03-08-2026 14:55:36","2","Information","CLoggerSrvLogging","Endpoint unmute Endpoint id: {0.0.1.00000000}.{09dfa0d1-cc45-493b-929e-f589428755cb}"
"03-08-2026 14:55:35","2","Information","CLoggerSrvLogging","Endpoint unmute Endpoint id: {0.0.1.00000000}.{09dfa0d1-cc45-493b-929e-f589428755cb}"
"03-08-2026 14:55:35","2","Information","CLoggerSrvLogging","Endpoint unmute Endpoint id: {0.0.1.00000000}.{09dfa0d1-cc45-493b-929e-f589428755cb}"
"03-08-2026 14:55:34","2","Information","CLoggerSrvLogging","Endpoint unmute Endpoint id: {0.0.1.00000000}.{09dfa0d1-cc45-493b-929e-f589428755cb}"
"03-08-2026 14:55:33","2","Information","CLoggerSrvLogging","Endpoint unmute Endpoint id: {0.0.1.00000000}.{09dfa0d1-cc45-493b-929e-f589428755cb}"
"03-08-2026 14:55:29","2","Information","CLoggerSrvLogging","Endpoint unmute Endpoint id: {0.0.1.00000000}.{09dfa0d1-cc45-493b-929e-f589428755cb}"
"03-08-2026 14:55:29","2","Information","CLoggerSrvLogging","Endpoint unmute Endpoint id: {0.0.1.00000000}.{09dfa0d1-cc45-493b-929e-f589428755cb}"
"03-08-2026 14:55:29","2","Information","CLoggerSrvLogging","Endpoint unmute Endpoint id: {0.0.1.00000000}.{09dfa0d1-cc45-493b-929e-f589428755cb}"
"03-08-2026 14:55:28","2","Information","CLoggerSrvLogging","Endpoint unmute Endpoint id: {0.0.1.00000000}.{09dfa0d1-cc45-493b-929e-f589428755cb}"
"03-08-2026 14:55:27","2","Information","CLoggerSrvLogging","Endpoint unmute Endpoint id: {0.0.1.00000000}.{09dfa0d1-cc45-493b-929e-f589428755cb}"
"03-08-2026 14:55:27","2","Information","CLoggerSrvLogging","Endpoint unmute Endpoint id: {0.0.1.00000000}.{09dfa0d1-cc45-493b-929e-f589428755cb}"
"03-08-2026 14:55:27","2","Information","CLoggerSrvLogging","Endpoint unmute Endpoint id: {0.0.1.00000000}.{09dfa0d1-cc45-493b-929e-f589428755cb}"
"03-08-2026 14:55:26","2","Information","CLoggerSrvLogging","Endpoint unmute Endpoint id: {0.0.1.00000000}.{09dfa0d1-cc45-493b-929e-f589428755cb}"
"03-08-2026 14:55:24","2","Information","CLoggerSrvLogging","Endpoint unmute Endpoint id: {0.0.1.00000000}.{09dfa0d1-cc45-493b-929e-f589428755cb}"
"03-08-2026 14:55:24","2","Information","CLoggerSrvLogging","Endpoint unmute Endpoint id: {0.0.1.00000000}.{09dfa0d1-cc45-493b-929e-f589428755cb}"
"03-08-2026 14:55:24","2","Information","CLoggerSrvLogging","Endpoint unmute Endpoint id: {0.0.1.00000000}.{09dfa0d1-cc45-493b-929e-f589428755cb}"
"03-08-2026 14:55:23","2","Information","CLoggerSrvLogging","Endpoint unmute Endpoint id: {0.0.1.00000000}.{09dfa0d1-cc45-493b-929e-f589428755cb}"
"03-08-2026 14:55:00","2","Information","CLoggerSrvLogging","Endpoint unmute Endpoint id: {0.0.1.00000000}.{09dfa0d1-cc45-493b-929e-f589428755cb}"
"03-08-2026 14:54:37","2","Information","CLoggerSrvLogging","Endpoint unmute Endpoint id: {0.0.1.00000000}.{09dfa0d1-cc45-493b-929e-f589428755cb}"
"03-08-2026 14:54:36","2","Information","CLoggerSrvLogging","Endpoint unmute Endpoint id: {0.0.1.00000000}.{09dfa0d1-cc45-493b-929e-f589428755cb}"
"03-08-2026 14:54:34","2","Information","CLoggerSrvLogging","Endpoint unmute Endpoint id: {0.0.1.00000000}.{09dfa0d1-cc45-493b-929e-f589428755cb}"
"03-08-2026 14:54:32","2","Information","CLoggerSrvLogging","Endpoint unmute Endpoint id: {0.0.1.00000000}.{09dfa0d1-cc45-493b-929e-f589428755cb}"
"03-08-2026 14:54:32","2","Information","CLoggerSrvLogging","Endpoint unmute Endpoint id: {0.0.1.00000000}.{09dfa0d1-cc45-493b-929e-f589428755cb}"
"03-08-2026 14:54:32","2","Information","CLoggerSrvLogging","Endpoint unmute Endpoint id: {0.0.1.00000000}.{09dfa0d1-cc45-493b-929e-f589428755cb}"
"03-08-2026 14:54:31","2","Information","CLoggerSrvLogging","Endpoint unmute Endpoint id: {0.0.1.00000000}.{09dfa0d1-cc45-493b-929e-f589428755cb}"
"03-08-2026 14:54:31","2","Information","CLoggerSrvLogging","Endpoint unmute Endpoint id: {0.0.1.00000000}.{09dfa0d1-cc45-493b-929e-f589428755cb}"
"03-08-2026 14:54:30","2","Information","CLoggerSrvLogging","Endpoint unmute Endpoint id: {0.0.1.00000000}.{09dfa0d1-cc45-493b-929e-f589428755cb}"
"03-08-2026 14:54:30","2","Information","CLoggerSrvLogging","Endpoint unmute Endpoint id: {0.0.1.00000000}.{09dfa0d1-cc45-493b-929e-f589428755cb}"
"03-08-2026 14:54:30","2","Information","CLoggerSrvLogging","Endpoint unmute Endpoint id: {0.0.1.00000000}.{09dfa0d1-cc45-493b-929e-f589428755cb}"
"03-08-2026 14:54:29","2","Information","CLoggerSrvLogging","Endpoint unmute Endpoint id: {0.0.1.00000000}.{09dfa0d1-cc45-493b-929e-f589428755cb}"
"03-08-2026 14:54:28","2","Information","CLoggerSrvLogging","Endpoint unmute Endpoint id: {0.0.1.00000000}.{09dfa0d1-cc45-493b-929e-f589428755cb}"
"03-08-2026 14:54:20","2","Information","CLoggerSrvLogging","Endpoint unmute Endpoint id: {0.0.1.00000000}.{09dfa0d1-cc45-493b-929e-f589428755cb}"
"03-08-2026 14:54:20","2","Information","CLoggerSrvLogging","Endpoint unmute Endpoint id: {0.0.1.00000000}.{09dfa0d1-cc45-493b-929e-f589428755cb}"
"03-08-2026 14:54:16","2","Information","CLoggerSrvLogging","Endpoint unmute Endpoint id: {0.0.1.00000000}.{09dfa0d1-cc45-493b-929e-f589428755cb}"
"03-08-2026 14:54:16","2","Information","CLoggerSrvLogging","Endpoint unmute Endpoint id: {0.0.1.00000000}.{09dfa0d1-cc45-493b-929e-f589428755cb}"
"03-08-2026 14:53:53","2","Information","CLoggerSrvLogging","Endpoint unmute Endpoint id: {0.0.1.00000000}.{09dfa0d1-cc45-493b-929e-f589428755cb}"
"03-08-2026 14:53:46","2","Information","CLoggerSrvLogging","Endpoint unmute Endpoint id: {0.0.1.00000000}.{09dfa0d1-cc45-493b-929e-f589428755cb}"
"03-08-2026 14:53:46","2","Information","CLoggerSrvLogging","Endpoint unmute Endpoint id: {0.0.1.00000000}.{09dfa0d1-cc45-493b-929e-f589428755cb}"
"03-08-2026 14:53:45","2","Information","CLoggerSrvLogging","Endpoint unmute Endpoint id: {0.0.1.00000000}.{09dfa0d1-cc45-493b-929e-f589428755cb}"
"03-08-2026 14:53:45","2","Information","CLoggerSrvLogging","Endpoint unmute Endpoint id: {0.0.1.00000000}.{09dfa0d1-cc45-493b-929e-f589428755cb}"
"03-08-2026 14:53:44","2","Information","CLoggerSrvLogging","Endpoint unmute Endpoint id: {0.0.1.00000000}.{09dfa0d1-cc45-493b-929e-f589428755cb}"
"03-08-2026 14:53:44","2","Information","CLoggerSrvLogging","Endpoint unmute Endpoint id: {0.0.1.00000000}.{09dfa0d1-cc45-493b-929e-f589428755cb}"
"03-08-2026 14:53:44","2","Information","CLoggerSrvLogging","Endpoint unmute Endpoint id: {0.0.1.00000000}.{09dfa0d1-cc45-493b-929e-f589428755cb}"
"03-08-2026 14:53:43","2","Information","CLoggerSrvLogging","Endpoint unmute Endpoint id: {0.0.1.00000000}.{09dfa0d1-cc45-493b-929e-f589428755cb}"
"03-08-2026 14:53:43","2","Information","CLoggerSrvLogging","Endpoint unmute Endpoint id: {0.0.1.00000000}.{09dfa0d1-cc45-493b-929e-f589428755cb}"
"03-08-2026 14:53:40","2","Information","CLoggerSrvLogging","Endpoint unmute Endpoint id: {0.0.1.00000000}.{09dfa0d1-cc45-493b-929e-f589428755cb}"
"03-08-2026 14:53:40","2","Information","CLoggerSrvLogging","Endpoint unmute Endpoint id: {0.0.1.00000000}.{09dfa0d1-cc45-493b-929e-f589428755cb}"
"03-08-2026 14:53:17","2","Information","CLoggerSrvLogging","Endpoint unmute Endpoint id: {0.0.1.00000000}.{09dfa0d1-cc45-493b-929e-f589428755cb}"
"03-08-2026 14:53:16","2","Information","CLoggerSrvLogging","Endpoint unmute Endpoint id: {0.0.1.00000000}.{09dfa0d1-cc45-493b-929e-f589428755cb}"
"03-08-2026 14:53:16","2","Information","CLoggerSrvLogging","Endpoint unmute Endpoint id: {0.0.1.00000000}.{09dfa0d1-cc45-493b-929e-f589428755cb}"
"03-08-2026 14:53:15","2","Information","CLoggerSrvLogging","Endpoint unmute Endpoint id: {0.0.1.00000000}.{09dfa0d1-cc45-493b-929e-f589428755cb}"
"03-08-2026 14:53:15","2","Information","CLoggerSrvLogging","Endpoint unmute Endpoint id: {0.0.1.00000000}.{09dfa0d1-cc45-493b-929e-f589428755cb}"
"03-08-2026 14:53:14","2","Information","CLoggerSrvLogging","Endpoint unmute Endpoint id: {0.0.1.00000000}.{09dfa0d1-cc45-493b-929e-f589428755cb}"
"03-08-2026 14:53:14","2","Information","CLoggerSrvLogging","Endpoint unmute Endpoint id: {0.0.1.00000000}.{09dfa0d1-cc45-493b-929e-f589428755cb}"
"03-08-2026 14:53:14","2","Information","CLoggerSrvLogging","Endpoint unmute Endpoint id: {0.0.1.00000000}.{09dfa0d1-cc45-493b-929e-f589428755cb}"
"03-08-2026 14:53:14","2","Information","CLoggerSrvLogging","Endpoint unmute Endpoint id: {0.0.1.00000000}.{09dfa0d1-cc45-493b-929e-f589428755cb}"
"03-08-2026 14:53:14","2","Information","CLoggerSrvLogging","Endpoint unmute Endpoint id: {0.0.1.00000000}.{09dfa0d1-cc45-493b-929e-f589428755cb}"
"03-08-2026 14:53:13","2","Information","CLoggerSrvLogging","Endpoint unmute Endpoint id: {0.0.1.00000000}.{09dfa0d1-cc45-493b-929e-f589428755cb}"
"03-08-2026 14:53:01","2","Information","CLoggerSrvLogging","Endpoint unmute Endpoint id: {0.0.1.00000000}.{09dfa0d1-cc45-493b-929e-f589428755cb}"
"03-08-2026 14:53:01","2","Information","CLoggerSrvLogging","Endpoint unmute Endpoint id: {0.0.1.00000000}.{09dfa0d1-cc45-493b-929e-f589428755cb}"
"03-08-2026 14:52:35","2","Information","CLoggerSrvLogging","Endpoint unmute Endpoint id: {0.0.1.00000000}.{09dfa0d1-cc45-493b-929e-f589428755cb}"
"03-08-2026 14:52:32","2","Information","CLoggerSrvLogging","Endpoint unmute Endpoint id: {0.0.1.00000000}.{09dfa0d1-cc45-493b-929e-f589428755cb}"
"03-08-2026 14:52:32","2","Information","CLoggerSrvLogging","Endpoint unmute Endpoint id: {0.0.1.00000000}.{09dfa0d1-cc45-493b-929e-f589428755cb}"
"03-08-2026 14:52:30","2","Information","CLoggerSrvLogging","Endpoint unmute Endpoint id: {0.0.1.00000000}.{09dfa0d1-cc45-493b-929e-f589428755cb}"
"03-08-2026 14:52:29","2","Information","CLoggerSrvLogging","Endpoint unmute Endpoint id: {0.0.1.00000000}.{09dfa0d1-cc45-493b-929e-f589428755cb}"
"03-08-2026 14:52:28","2","Information","CLoggerSrvLogging","Endpoint unmute Endpoint id: {0.0.1.00000000}.{09dfa0d1-cc45-493b-929e-f589428755cb}"
"03-08-2026 14:52:25","2","Information","CLoggerSrvLogging","Endpoint unmute Endpoint id: {0.0.1.00000000}.{09dfa0d1-cc45-493b-929e-f589428755cb}"
"03-08-2026 14:52:22","2","Information","CLoggerSrvLogging","Endpoint unmute Endpoint id: {0.0.1.00000000}.{09dfa0d1-cc45-493b-929e-f589428755cb}"
"03-08-2026 14:52:22","2","Information","CLoggerSrvLogging","Endpoint unmute Endpoint id: {0.0.1.00000000}.{09dfa0d1-cc45-493b-929e-f589428755cb}"
"03-08-2026 14:52:22","2","Information","CLoggerSrvLogging","Endpoint unmute Endpoint id: {0.0.1.00000000}.{09dfa0d1-cc45-493b-929e-f589428755cb}"
"03-08-2026 14:52:22","2","Information","CLoggerSrvLogging","Endpoint unmute Endpoint id: {0.0.1.00000000}.{09dfa0d1-cc45-493b-929e-f589428755cb}"
"03-08-2026 14:52:21","2","Information","CLoggerSrvLogging","Endpoint unmute Endpoint id: {0.0.1.00000000}.{09dfa0d1-cc45-493b-929e-f589428755cb}"
"03-08-2026 14:51:59","2","Information","CLoggerSrvLogging","Endpoint unmute Endpoint id: {0.0.1.00000000}.{09dfa0d1-cc45-493b-929e-f589428755cb}"
"03-08-2026 14:51:51","2","Information","CLoggerSrvLogging","Endpoint unmute Endpoint id: {0.0.1.00000000}.{09dfa0d1-cc45-493b-929e-f589428755cb}"
"03-08-2026 14:51:46","2","Information","CLoggerSrvLogging","Endpoint unmute Endpoint id: {0.0.1.00000000}.{09dfa0d1-cc45-493b-929e-f589428755cb}"
"03-08-2026 14:51:46","2","Information","CLoggerSrvLogging","Endpoint unmute Endpoint id: {0.0.1.00000000}.{09dfa0d1-cc45-493b-929e-f589428755cb}"
"03-08-2026 14:51:46","2","Information","CLoggerSrvLogging","Endpoint unmute Endpoint id: {0.0.1.00000000}.{09dfa0d1-cc45-493b-929e-f589428755cb}"
"03-08-2026 14:51:45","2","Information","CLoggerSrvLogging","Endpoint unmute Endpoint id: {0.0.1.00000000}.{09dfa0d1-cc45-493b-929e-f589428755cb}"
"03-08-2026 14:51:43","2","Information","CLoggerSrvLogging","Endpoint unmute Endpoint id: {0.0.1.00000000}.{09dfa0d1-cc45-493b-929e-f589428755cb}"
"03-08-2026 14:51:43","2","Information","CLoggerSrvLogging","Endpoint unmute Endpoint id: {0.0.1.00000000}.{09dfa0d1-cc45-493b-929e-f589428755cb}"
"03-08-2026 14:51:43","2","Information","CLoggerSrvLogging","Endpoint unmute Endpoint id: {0.0.1.00000000}.{09dfa0d1-cc45-493b-929e-f589428755cb}"
"03-08-2026 14:51:42","2","Information","CLoggerSrvLogging","Endpoint unmute Endpoint id: {0.0.1.00000000}.{09dfa0d1-cc45-493b-929e-f589428755cb}"
"03-08-2026 12:34:14","2","Information","CLoggerSrvLogging","Endpoint unmute Endpoint id: {0.0.1.00000000}.{09dfa0d1-cc45-493b-929e-f589428755cb}"
"03-08-2026 12:34:02","2","Information","CLoggerSrvLogging","Endpoint unmute Endpoint id: {0.0.1.00000000}.{09dfa0d1-cc45-493b-929e-f589428755cb}"
"03-08-2026 12:34:01","2","Information","CLoggerSrvLogging","Endpoint unmute Endpoint id: {0.0.1.00000000}.{09dfa0d1-cc45-493b-929e-f589428755cb}"
"03-08-2026 12:34:00","2","Information","CLoggerSrvLogging","Endpoint unmute Endpoint id: {0.0.1.00000000}.{09dfa0d1-cc45-493b-929e-f589428755cb}"
"03-08-2026 12:33:59","2","Information","CLoggerSrvLogging","Endpoint unmute Endpoint id: {0.0.1.00000000}.{09dfa0d1-cc45-493b-929e-f589428755cb}"
"03-08-2026 12:33:55","2","Information","CLoggerSrvLogging","Endpoint unmute Endpoint id: {0.0.1.00000000}.{09dfa0d1-cc45-493b-929e-f589428755cb}"
"03-08-2026 12:33:55","2","Information","CLoggerSrvLogging","Endpoint unmute Endpoint id: {0.0.1.00000000}.{09dfa0d1-cc45-493b-929e-f589428755cb}"
"03-08-2026 12:33:55","2","Information","CLoggerSrvLogging","Endpoint unmute Endpoint id: {0.0.1.00000000}.{09dfa0d1-cc45-493b-929e-f589428755cb}"
"03-08-2026 12:33:53","2","Information","CLoggerSrvLogging","Endpoint unmute Endpoint id: {0.0.1.00000000}.{09dfa0d1-cc45-493b-929e-f589428755cb}"
"03-08-2026 12:33:53","2","Information","CLoggerSrvLogging","Endpoint unmute Endpoint id: {0.0.1.00000000}.{09dfa0d1-cc45-493b-929e-f589428755cb}"
"03-08-2026 12:33:50","2","Information","CLoggerSrvLogging","Endpoint unmute Endpoint id: {0.0.1.00000000}.{09dfa0d1-cc45-493b-929e-f589428755cb}"
"03-08-2026 11:31:22","2","Information","CLoggerSrvLogging","Endpoint unmute Endpoint id: {0.0.1.00000000}.{09dfa0d1-cc45-493b-929e-f589428755cb}"
"03-08-2026 11:31:21","2","Information","CLoggerSrvLogging","Endpoint unmute Endpoint id: {0.0.1.00000000}.{09dfa0d1-cc45-493b-929e-f589428755cb}"
"03-08-2026 11:31:20","2","Information","CLoggerSrvLogging","Endpoint unmute Endpoint id: {0.0.1.00000000}.{09dfa0d1-cc45-493b-929e-f589428755cb}"
"03-08-2026 11:31:20","2","Information","CLoggerSrvLogging","Endpoint unmute Endpoint id: {0.0.1.00000000}.{09dfa0d1-cc45-493b-929e-f589428755cb}"
"03-08-2026 11:31:18","2","Information","CLoggerSrvLogging","Endpoint unmute Endpoint id: {0.0.1.00000000}.{09dfa0d1-cc45-493b-929e-f589428755cb}"
"03-08-2026 11:31:18","2","Information","CLoggerSrvLogging","Endpoint unmute Endpoint id: {0.0.1.00000000}.{09dfa0d1-cc45-493b-929e-f589428755cb}"
"03-08-2026 11:30:55","2","Information","CLoggerSrvLogging","Endpoint unmute Endpoint id: {0.0.1.00000000}.{09dfa0d1-cc45-493b-929e-f589428755cb}"
"03-08-2026 11:30:36","2","Information","CLoggerSrvLogging","Endpoint unmute Endpoint id: {0.0.1.00000000}.{09dfa0d1-cc45-493b-929e-f589428755cb}"
"03-08-2026 11:30:20","2","Information","CLoggerSrvLogging","Endpoint unmute Endpoint id: {0.0.1.00000000}.{09dfa0d1-cc45-493b-929e-f589428755cb}"
"03-08-2026 11:29:58","2","Information","CLoggerSrvLogging","Endpoint unmute Endpoint id: {0.0.1.00000000}.{09dfa0d1-cc45-493b-929e-f589428755cb}"
"03-08-2026 11:29:57","2","Information","CLoggerSrvLogging","Endpoint unmute Endpoint id: {0.0.1.00000000}.{09dfa0d1-cc45-493b-929e-f589428755cb}"
"03-08-2026 11:29:57","2","Information","CLoggerSrvLogging","Endpoint unmute Endpoint id: {0.0.1.00000000}.{09dfa0d1-cc45-493b-929e-f589428755cb}"
"03-08-2026 11:29:56","2","Information","CLoggerSrvLogging","Endpoint unmute Endpoint id: {0.0.1.00000000}.{09dfa0d1-cc45-493b-929e-f589428755cb}"
"03-08-2026 11:29:53","2","Information","CLoggerSrvLogging","Endpoint unmute Endpoint id: {0.0.1.00000000}.{09dfa0d1-cc45-493b-929e-f589428755cb}"
"03-08-2026 11:29:53","2","Information","CLoggerSrvLogging","Endpoint unmute Endpoint id: {0.0.1.00000000}.{09dfa0d1-cc45-493b-929e-f589428755cb}"
"03-08-2026 11:29:50","2","Information","CLoggerSrvLogging","Endpoint unmute Endpoint id: {0.0.1.00000000}.{09dfa0d1-cc45-493b-929e-f589428755cb}"
"03-08-2026 11:29:50","2","Information","CLoggerSrvLogging","Endpoint unmute Endpoint id: {0.0.1.00000000}.{09dfa0d1-cc45-493b-929e-f589428755cb}"
"03-08-2026 11:29:50","2","Information","CLoggerSrvLogging","Endpoint unmute Endpoint id: {0.0.1.00000000}.{09dfa0d1-cc45-493b-929e-f589428755cb}"
"03-08-2026 11:29:20","2","Information","CLoggerSrvLogging","Endpoint unmute Endpoint id: {0.0.1.00000000}.{09dfa0d1-cc45-493b-929e-f589428755cb}"
"03-08-2026 11:29:14","2","Information","CLoggerSrvLogging","Endpoint unmute Endpoint id: {0.0.1.00000000}.{09dfa0d1-cc45-493b-929e-f589428755cb}"
"03-08-2026 11:29:14","2","Information","CLoggerSrvLogging","Endpoint unmute Endpoint id: {0.0.1.00000000}.{09dfa0d1-cc45-493b-929e-f589428755cb}"
"03-08-2026 11:29:14","2","Information","CLoggerSrvLogging","Endpoint unmute Endpoint id: {0.0.1.00000000}.{09dfa0d1-cc45-493b-929e-f589428755cb}"
"03-08-2026 11:29:14","2","Information","CLoggerSrvLogging","Endpoint unmute Endpoint id: {0.0.1.00000000}.{09dfa0d1-cc45-493b-929e-f589428755cb}"
"03-08-2026 11:29:11","2","Information","CLoggerSrvLogging","Endpoint unmute Endpoint id: {0.0.1.00000000}.{09dfa0d1-cc45-493b-929e-f589428755cb}"
"03-08-2026 11:29:11","2","Information","CLoggerSrvLogging","Endpoint unmute Endpoint id: {0.0.1.00000000}.{09dfa0d1-cc45-493b-929e-f589428755cb}"
"03-08-2026 11:29:11","2","Information","CLoggerSrvLogging","Endpoint unmute Endpoint id: {0.0.1.00000000}.{09dfa0d1-cc45-493b-929e-f589428755cb}"
"03-08-2026 11:29:09","2","Information","CLoggerSrvLogging","Endpoint unmute Endpoint id: {0.0.1.00000000}.{09dfa0d1-cc45-493b-929e-f589428755cb}"
"31-07-2026 16:06:39","7","Information","CLoggerSrvLogging","Default Playback device change ( Communications)  {0.0.0.00000000}.{8be792fc-74bb-47db-9561-be1e35261fbb}  Headset Earphone (Plantronics Blackwire 3225 Series)  {2}.\\?\intelaudio#ctlr_dev_7728&linktype_06&devtype_06&ven_8086&dev_ae50&subsys_0ce81028&rev_0001#5&32640736&1&0604dif_000b&uif_0000#{6994ad04-93ef-11d0-a3cc-00a0c9223196}\intcusbtoporender_f5f6047fc0580000_1"
"31-07-2026 16:06:39","7","Information","CLoggerSrvLogging","Default Playback device change ( Multimedia)  {0.0.0.00000000}.{8be792fc-74bb-47db-9561-be1e35261fbb}  Headset Earphone (Plantronics Blackwire 3225 Series)  {2}.\\?\intelaudio#ctlr_dev_7728&linktype_06&devtype_06&ven_8086&dev_ae50&subsys_0ce81028&rev_0001#5&32640736&1&0604dif_000b&uif_0000#{6994ad04-93ef-11d0-a3cc-00a0c9223196}\intcusbtoporender_f5f6047fc0580000_1"
"31-07-2026 16:06:39","7","Information","CLoggerSrvLogging","Default Playback device change ( Console)  {0.0.0.00000000}.{8be792fc-74bb-47db-9561-be1e35261fbb}  Headset Earphone (Plantronics Blackwire 3225 Series)  {2}.\\?\intelaudio#ctlr_dev_7728&linktype_06&devtype_06&ven_8086&dev_ae50&subsys_0ce81028&rev_0001#5&32640736&1&0604dif_000b&uif_0000#{6994ad04-93ef-11d0-a3cc-00a0c9223196}\intcusbtoporender_f5f6047fc0580000_1"
"31-07-2026 16:06:39","2","Information","CLoggerSrvLogging","Endpoint unmute Endpoint id: {0.0.1.00000000}.{09dfa0d1-cc45-493b-929e-f589428755cb}"
"31-07-2026 16:06:39","7","Information","CLoggerSrvLogging","Default Recording device change ( Communications)  {0.0.1.00000000}.{ecf6848c-847e-4df1-a443-b782d271ccbe}  Headset Microphone (Plantronics Blackwire 3225 Series)  {2}.\\?\intelaudio#ctlr_dev_7728&linktype_06&devtype_06&ven_8086&dev_ae50&subsys_0ce81028&rev_0001#5&32640736&1&0604dif_000b&uif_0000#{6994ad04-93ef-11d0-a3cc-00a0c9223196}\intcusbtopocapture_f5f6047fc0580000_0"
"31-07-2026 16:06:39","7","Information","CLoggerSrvLogging","Default Recording device change ( Multimedia)  {0.0.1.00000000}.{ecf6848c-847e-4df1-a443-b782d271ccbe}  Headset Microphone (Plantronics Blackwire 3225 Series)  {2}.\\?\intelaudio#ctlr_dev_7728&linktype_06&devtype_06&ven_8086&dev_ae50&subsys_0ce81028&rev_0001#5&32640736&1&0604dif_000b&uif_0000#{6994ad04-93ef-11d0-a3cc-00a0c9223196}\intcusbtopocapture_f5f6047fc0580000_0"
"31-07-2026 16:06:39","7","Information","CLoggerSrvLogging","Default Recording device change ( Console)  {0.0.1.00000000}.{ecf6848c-847e-4df1-a443-b782d271ccbe}  Headset Microphone (Plantronics Blackwire 3225 Series)  {2}.\\?\intelaudio#ctlr_dev_7728&linktype_06&devtype_06&ven_8086&dev_ae50&subsys_0ce81028&rev_0001#5&32640736&1&0604dif_000b&uif_0000#{6994ad04-93ef-11d0-a3cc-00a0c9223196}\intcusbtopocapture_f5f6047fc0580000_0"
"31-07-2026 16:06:18","2","Information","CLoggerSrvLogging","Endpoint unmute Endpoint id: {0.0.1.00000000}.{09dfa0d1-cc45-493b-929e-f589428755cb}"
"31-07-2026 13:54:10","2","Information","CLoggerSrvLogging","Endpoint unmute Endpoint id: {0.0.1.00000000}.{09dfa0d1-cc45-493b-929e-f589428755cb}"
"31-07-2026 13:54:07","2","Information","CLoggerSrvLogging","Endpoint unmute Endpoint id: {0.0.1.00000000}.{09dfa0d1-cc45-493b-929e-f589428755cb}"
"31-07-2026 13:54:07","2","Information","CLoggerSrvLogging","Endpoint unmute Endpoint id: {0.0.1.00000000}.{09dfa0d1-cc45-493b-929e-f589428755cb}"
"31-07-2026 13:30:41","2","Information","CLoggerSrvLogging","Endpoint unmute Endpoint id: {0.0.1.00000000}.{09dfa0d1-cc45-493b-929e-f589428755cb}"
"31-07-2026 10:22:37","7","Information","CLoggerSrvLogging","Default Playback device change ( Communications)  {0.0.0.00000000}.{45d28dc2-5526-4063-98de-2b18fc40ed90}  Speakers (4- Cirrus Logic XU)  {2}.\\?\soundwire#sdca_06&man_01fa&func_4243&type_01&ver_01&adr_01&lid_00&uid_00&subsys_0ce81028&dynamicenumspeaker0#8&b83798c&0&00000c00#{6994ad04-93ef-11d0-a3cc-00a0c9223196}\speaker0"
"31-07-2026 10:22:37","7","Information","CLoggerSrvLogging","Default Playback device change ( Multimedia)  {0.0.0.00000000}.{45d28dc2-5526-4063-98de-2b18fc40ed90}  Speakers (4- Cirrus Logic XU)  {2}.\\?\soundwire#sdca_06&man_01fa&func_4243&type_01&ver_01&adr_01&lid_00&uid_00&subsys_0ce81028&dynamicenumspeaker0#8&b83798c&0&00000c00#{6994ad04-93ef-11d0-a3cc-00a0c9223196}\speaker0"
"31-07-2026 10:22:37","7","Information","CLoggerSrvLogging","Default Playback device change ( Console)  {0.0.0.00000000}.{45d28dc2-5526-4063-98de-2b18fc40ed90}  Speakers (4- Cirrus Logic XU)  {2}.\\?\soundwire#sdca_06&man_01fa&func_4243&type_01&ver_01&adr_01&lid_00&uid_00&subsys_0ce81028&dynamicenumspeaker0#8&b83798c&0&00000c00#{6994ad04-93ef-11d0-a3cc-00a0c9223196}\speaker0"
"31-07-2026 10:03:14","7","Information","CLoggerSrvLogging","Default Playback device change ( Communications)  {0.0.0.00000000}.{c78b6291-923b-4734-b0e3-cb3790d7950e}  DELL U2422HE (3- HD Audio Driver for Display Audio)  {2}.\\?\hdaudio#subfunc_01&ven_8086&dev_281d&nid_0001&subsys_00000000&rev_1000#6&15d34dff&0&0002&00000029#{6994ad04-93ef-11d0-a3cc-00a0c9223196}\ehdmiouttopo"
"31-07-2026 10:03:14","7","Information","CLoggerSrvLogging","Default Playback device change ( Multimedia)  {0.0.0.00000000}.{c78b6291-923b-4734-b0e3-cb3790d7950e}  DELL U2422HE (3- HD Audio Driver for Display Audio)  {2}.\\?\hdaudio#subfunc_01&ven_8086&dev_281d&nid_0001&subsys_00000000&rev_1000#6&15d34dff&0&0002&00000029#{6994ad04-93ef-11d0-a3cc-00a0c9223196}\ehdmiouttopo"
"31-07-2026 10:03:14","7","Information","CLoggerSrvLogging","Default Playback device change ( Console)  {0.0.0.00000000}.{c78b6291-923b-4734-b0e3-cb3790d7950e}  DELL U2422HE (3- HD Audio Driver for Display Audio)  {2}.\\?\hdaudio#subfunc_01&ven_8086&dev_281d&nid_0001&subsys_00000000&rev_1000#6&15d34dff&0&0002&00000029#{6994ad04-93ef-11d0-a3cc-00a0c9223196}\ehdmiouttopo"
"31-07-2026 10:03:04","7","Information","CLoggerSrvLogging","Default Playback device change ( Communications)  {0.0.0.00000000}.{45d28dc2-5526-4063-98de-2b18fc40ed90}  Speakers (4- Cirrus Logic XU)  {2}.\\?\soundwire#sdca_06&man_01fa&func_4243&type_01&ver_01&adr_01&lid_00&uid_00&subsys_0ce81028&dynamicenumspeaker0#8&b83798c&0&00000c00#{6994ad04-93ef-11d0-a3cc-00a0c9223196}\speaker0"
"31-07-2026 10:03:04","7","Information","CLoggerSrvLogging","Default Playback device change ( Multimedia)  {0.0.0.00000000}.{45d28dc2-5526-4063-98de-2b18fc40ed90}  Speakers (4- Cirrus Logic XU)  {2}.\\?\soundwire#sdca_06&man_01fa&func_4243&type_01&ver_01&adr_01&lid_00&uid_00&subsys_0ce81028&dynamicenumspeaker0#8&b83798c&0&00000c00#{6994ad04-93ef-11d0-a3cc-00a0c9223196}\speaker0"
"31-07-2026 10:03:04","7","Information","CLoggerSrvLogging","Default Playback device change ( Console)  {0.0.0.00000000}.{45d28dc2-5526-4063-98de-2b18fc40ed90}  Speakers (4- Cirrus Logic XU)  {2}.\\?\soundwire#sdca_06&man_01fa&func_4243&type_01&ver_01&adr_01&lid_00&uid_00&subsys_0ce81028&dynamicenumspeaker0#8&b83798c&0&00000c00#{6994ad04-93ef-11d0-a3cc-00a0c9223196}\speaker0"
"31-07-2026 09:32:05","7","Information","CLoggerSrvLogging","Default Playback device change ( Communications)  {0.0.0.00000000}.{c78b6291-923b-4734-b0e3-cb3790d7950e}  DELL U2422HE (3- HD Audio Driver for Display Audio)  {2}.\\?\hdaudio#subfunc_01&ven_8086&dev_281d&nid_0001&subsys_00000000&rev_1000#6&15d34dff&0&0002&00000029#{6994ad04-93ef-11d0-a3cc-00a0c9223196}\ehdmiouttopo"
"31-07-2026 09:32:05","7","Information","CLoggerSrvLogging","Default Playback device change ( Multimedia)  {0.0.0.00000000}.{c78b6291-923b-4734-b0e3-cb3790d7950e}  DELL U2422HE (3- HD Audio Driver for Display Audio)  {2}.\\?\hdaudio#subfunc_01&ven_8086&dev_281d&nid_0001&subsys_00000000&rev_1000#6&15d34dff&0&0002&00000029#{6994ad04-93ef-11d0-a3cc-00a0c9223196}\ehdmiouttopo"
"31-07-2026 09:32:05","7","Information","CLoggerSrvLogging","Default Playback device change ( Console)  {0.0.0.00000000}.{c78b6291-923b-4734-b0e3-cb3790d7950e}  DELL U2422HE (3- HD Audio Driver for Display Audio)  {2}.\\?\hdaudio#subfunc_01&ven_8086&dev_281d&nid_0001&subsys_00000000&rev_1000#6&15d34dff&0&0002&00000029#{6994ad04-93ef-11d0-a3cc-00a0c9223196}\ehdmiouttopo"
"31-07-2026 09:30:16","7","Information","CLoggerSrvLogging","Default Playback device change ( Communications)  {0.0.0.00000000}.{45d28dc2-5526-4063-98de-2b18fc40ed90}  Speakers (4- Cirrus Logic XU)  {2}.\\?\soundwire#sdca_06&man_01fa&func_4243&type_01&ver_01&adr_01&lid_00&uid_00&subsys_0ce81028&dynamicenumspeaker0#8&b83798c&0&00000c00#{6994ad04-93ef-11d0-a3cc-00a0c9223196}\speaker0"
"31-07-2026 09:30:16","7","Information","CLoggerSrvLogging","Default Playback device change ( Multimedia)  {0.0.0.00000000}.{45d28dc2-5526-4063-98de-2b18fc40ed90}  Speakers (4- Cirrus Logic XU)  {2}.\\?\soundwire#sdca_06&man_01fa&func_4243&type_01&ver_01&adr_01&lid_00&uid_00&subsys_0ce81028&dynamicenumspeaker0#8&b83798c&0&00000c00#{6994ad04-93ef-11d0-a3cc-00a0c9223196}\speaker0"
"31-07-2026 09:30:16","7","Information","CLoggerSrvLogging","Default Playback device change ( Console)  {0.0.0.00000000}.{45d28dc2-5526-4063-98de-2b18fc40ed90}  Speakers (4- Cirrus Logic XU)  {2}.\\?\soundwire#sdca_06&man_01fa&func_4243&type_01&ver_01&adr_01&lid_00&uid_00&subsys_0ce81028&dynamicenumspeaker0#8&b83798c&0&00000c00#{6994ad04-93ef-11d0-a3cc-00a0c9223196}\speaker0"
"31-07-2026 09:29:29","7","Information","CLoggerSrvLogging","Default Playback device change ( Communications)  {0.0.0.00000000}.{c78b6291-923b-4734-b0e3-cb3790d7950e}  DELL U2422HE (3- HD Audio Driver for Display Audio)  {2}.\\?\hdaudio#subfunc_01&ven_8086&dev_281d&nid_0001&subsys_00000000&rev_1000#6&15d34dff&0&0002&00000029#{6994ad04-93ef-11d0-a3cc-00a0c9223196}\ehdmiouttopo"
"31-07-2026 09:29:29","7","Information","CLoggerSrvLogging","Default Playback device change ( Multimedia)  {0.0.0.00000000}.{c78b6291-923b-4734-b0e3-cb3790d7950e}  DELL U2422HE (3- HD Audio Driver for Display Audio)  {2}.\\?\hdaudio#subfunc_01&ven_8086&dev_281d&nid_0001&subsys_00000000&rev_1000#6&15d34dff&0&0002&00000029#{6994ad04-93ef-11d0-a3cc-00a0c9223196}\ehdmiouttopo"
"31-07-2026 09:29:29","7","Information","CLoggerSrvLogging","Default Playback device change ( Console)  {0.0.0.00000000}.{c78b6291-923b-4734-b0e3-cb3790d7950e}  DELL U2422HE (3- HD Audio Driver for Display Audio)  {2}.\\?\hdaudio#subfunc_01&ven_8086&dev_281d&nid_0001&subsys_00000000&rev_1000#6&15d34dff&0&0002&00000029#{6994ad04-93ef-11d0-a3cc-00a0c9223196}\ehdmiouttopo"
"31-07-2026 09:29:21","2","Information","CLoggerSrvLogging","Endpoint unmute Endpoint id: {0.0.1.00000000}.{09dfa0d1-cc45-493b-929e-f589428755cb}"
"31-07-2026 09:29:21","6","Information","CLoggerSrvLogging","Jack 0 unplug"
"30-07-2026 17:33:42","7","Information","CLoggerSrvLogging","Default Recording device change ( Communications)  {0.0.1.00000000}.{09dfa0d1-cc45-493b-929e-f589428755cb}  Microphone Array on SoundWire Device (Cirrus Logic XU)  {2}.\\?\soundwire#sdca_06&man_01fa&func_4243&type_03&ver_01&adr_02&lid_00&uid_00&subsys_0ce81028&dynamicenummicrophone0#8&b76481&0&00000400#{6994ad04-93ef-11d0-a3cc-00a0c9223196}\microphone0"
"30-07-2026 17:33:42","7","Information","CLoggerSrvLogging","Default Recording device change ( Multimedia)  {0.0.1.00000000}.{09dfa0d1-cc45-493b-929e-f589428755cb}  Microphone Array on SoundWire Device (Cirrus Logic XU)  {2}.\\?\soundwire#sdca_06&man_01fa&func_4243&type_03&ver_01&adr_02&lid_00&uid_00&subsys_0ce81028&dynamicenummicrophone0#8&b76481&0&00000400#{6994ad04-93ef-11d0-a3cc-00a0c9223196}\microphone0"
"30-07-2026 17:33:42","7","Information","CLoggerSrvLogging","Default Recording device change ( Console)  {0.0.1.00000000}.{09dfa0d1-cc45-493b-929e-f589428755cb}  Microphone Array on SoundWire Device (Cirrus Logic XU)  {2}.\\?\soundwire#sdca_06&man_01fa&func_4243&type_03&ver_01&adr_02&lid_00&uid_00&subsys_0ce81028&dynamicenummicrophone0#8&b76481&0&00000400#{6994ad04-93ef-11d0-a3cc-00a0c9223196}\microphone0"
"30-07-2026 17:33:42","7","Information","CLoggerSrvLogging","Default Playback device change ( Communications)  {0.0.0.00000000}.{45d28dc2-5526-4063-98de-2b18fc40ed90}  Speakers (4- Cirrus Logic XU)  {2}.\\?\soundwire#sdca_06&man_01fa&func_4243&type_01&ver_01&adr_01&lid_00&uid_00&subsys_0ce81028&dynamicenumspeaker0#8&b83798c&0&00000c00#{6994ad04-93ef-11d0-a3cc-00a0c9223196}\speaker0"
"30-07-2026 17:33:42","7","Information","CLoggerSrvLogging","Default Playback device change ( Multimedia)  {0.0.0.00000000}.{45d28dc2-5526-4063-98de-2b18fc40ed90}  Speakers (4- Cirrus Logic XU)  {2}.\\?\soundwire#sdca_06&man_01fa&func_4243&type_01&ver_01&adr_01&lid_00&uid_00&subsys_0ce81028&dynamicenumspeaker0#8&b83798c&0&00000c00#{6994ad04-93ef-11d0-a3cc-00a0c9223196}\speaker0"
"30-07-2026 17:33:42","7","Information","CLoggerSrvLogging","Default Playback device change ( Console)  {0.0.0.00000000}.{45d28dc2-5526-4063-98de-2b18fc40ed90}  Speakers (4- Cirrus Logic XU)  {2}.\\?\soundwire#sdca_06&man_01fa&func_4243&type_01&ver_01&adr_01&lid_00&uid_00&subsys_0ce81028&dynamicenumspeaker0#8&b83798c&0&00000c00#{6994ad04-93ef-11d0-a3cc-00a0c9223196}\speaker0"
"30-07-2026 16:26:48","7","Information","CLoggerSrvLogging","Default Playback device change ( Communications)  {0.0.0.00000000}.{8be792fc-74bb-47db-9561-be1e35261fbb}  Headset Earphone (Plantronics Blackwire 3225 Series)  {2}.\\?\intelaudio#ctlr_dev_7728&linktype_06&devtype_06&ven_8086&dev_ae50&subsys_0ce81028&rev_0001#5&32640736&1&0604dif_000b&uif_0000#{6994ad04-93ef-11d0-a3cc-00a0c9223196}\intcusbtoporender_f5f6047fc0580000_1"
"30-07-2026 16:26:48","7","Information","CLoggerSrvLogging","Default Playback device change ( Multimedia)  {0.0.0.00000000}.{8be792fc-74bb-47db-9561-be1e35261fbb}  Headset Earphone (Plantronics Blackwire 3225 Series)  {2}.\\?\intelaudio#ctlr_dev_7728&linktype_06&devtype_06&ven_8086&dev_ae50&subsys_0ce81028&rev_0001#5&32640736&1&0604dif_000b&uif_0000#{6994ad04-93ef-11d0-a3cc-00a0c9223196}\intcusbtoporender_f5f6047fc0580000_1"
"30-07-2026 16:26:48","7","Information","CLoggerSrvLogging","Default Playback device change ( Console)  {0.0.0.00000000}.{8be792fc-74bb-47db-9561-be1e35261fbb}  Headset Earphone (Plantronics Blackwire 3225 Series)  {2}.\\?\intelaudio#ctlr_dev_7728&linktype_06&devtype_06&ven_8086&dev_ae50&subsys_0ce81028&rev_0001#5&32640736&1&0604dif_000b&uif_0000#{6994ad04-93ef-11d0-a3cc-00a0c9223196}\intcusbtoporender_f5f6047fc0580000_1"
"30-07-2026 16:26:48","7","Information","CLoggerSrvLogging","Default Recording device change ( Communications)  {0.0.1.00000000}.{ecf6848c-847e-4df1-a443-b782d271ccbe}  Headset Microphone (Plantronics Blackwire 3225 Series)  {2}.\\?\intelaudio#ctlr_dev_7728&linktype_06&devtype_06&ven_8086&dev_ae50&subsys_0ce81028&rev_0001#5&32640736&1&0604dif_000b&uif_0000#{6994ad04-93ef-11d0-a3cc-00a0c9223196}\intcusbtopocapture_f5f6047fc0580000_0"
"30-07-2026 16:26:48","7","Information","CLoggerSrvLogging","Default Recording device change ( Multimedia)  {0.0.1.00000000}.{ecf6848c-847e-4df1-a443-b782d271ccbe}  Headset Microphone (Plantronics Blackwire 3225 Series)  {2}.\\?\intelaudio#ctlr_dev_7728&linktype_06&devtype_06&ven_8086&dev_ae50&subsys_0ce81028&rev_0001#5&32640736&1&0604dif_000b&uif_0000#{6994ad04-93ef-11d0-a3cc-00a0c9223196}\intcusbtopocapture_f5f6047fc0580000_0"
"30-07-2026 16:26:48","7","Information","CLoggerSrvLogging","Default Recording device change ( Console)  {0.0.1.00000000}.{ecf6848c-847e-4df1-a443-b782d271ccbe}  Headset Microphone (Plantronics Blackwire 3225 Series)  {2}.\\?\intelaudio#ctlr_dev_7728&linktype_06&devtype_06&ven_8086&dev_ae50&subsys_0ce81028&rev_0001#5&32640736&1&0604dif_000b&uif_0000#{6994ad04-93ef-11d0-a3cc-00a0c9223196}\intcusbtopocapture_f5f6047fc0580000_0"
"30-07-2026 16:14:23","2","Information","CLoggerSrvLogging","Endpoint unmute Endpoint id: {0.0.1.00000000}.{09dfa0d1-cc45-493b-929e-f589428755cb}"
"30-07-2026 16:14:01","2","Information","CLoggerSrvLogging","Endpoint unmute Endpoint id: {0.0.1.00000000}.{09dfa0d1-cc45-493b-929e-f589428755cb}"
"30-07-2026 16:13:51","2","Information","CLoggerSrvLogging","Endpoint unmute Endpoint id: {0.0.1.00000000}.{09dfa0d1-cc45-493b-929e-f589428755cb}"
"30-07-2026 16:13:40","2","Information","CLoggerSrvLogging","Endpoint unmute Endpoint id: {0.0.1.00000000}.{09dfa0d1-cc45-493b-929e-f589428755cb}"
"30-07-2026 16:13:37","2","Information","CLoggerSrvLogging","Endpoint unmute Endpoint id: {0.0.1.00000000}.{09dfa0d1-cc45-493b-929e-f589428755cb}"
"30-07-2026 16:13:37","2","Information","CLoggerSrvLogging","Endpoint unmute Endpoint id: {0.0.1.00000000}.{09dfa0d1-cc45-493b-929e-f589428755cb}"
"30-07-2026 16:13:34","2","Information","CLoggerSrvLogging","Endpoint unmute Endpoint id: {0.0.1.00000000}.{09dfa0d1-cc45-493b-929e-f589428755cb}"
"30-07-2026 16:13:34","2","Information","CLoggerSrvLogging","Endpoint unmute Endpoint id: {0.0.1.00000000}.{09dfa0d1-cc45-493b-929e-f589428755cb}"
"30-07-2026 16:13:34","2","Information","CLoggerSrvLogging","Endpoint unmute Endpoint id: {0.0.1.00000000}.{09dfa0d1-cc45-493b-929e-f589428755cb}"
"30-07-2026 16:13:33","2","Information","CLoggerSrvLogging","Endpoint unmute Endpoint id: {0.0.1.00000000}.{09dfa0d1-cc45-493b-929e-f589428755cb}"
"30-07-2026 16:13:32","2","Information","CLoggerSrvLogging","Endpoint unmute Endpoint id: {0.0.1.00000000}.{09dfa0d1-cc45-493b-929e-f589428755cb}"
"30-07-2026 16:13:32","2","Information","CLoggerSrvLogging","Endpoint unmute Endpoint id: {0.0.1.00000000}.{09dfa0d1-cc45-493b-929e-f589428755cb}"
"30-07-2026 16:13:31","2","Information","CLoggerSrvLogging","Endpoint unmute Endpoint id: {0.0.1.00000000}.{09dfa0d1-cc45-493b-929e-f589428755cb}"
"30-07-2026 16:13:31","2","Information","CLoggerSrvLogging","Endpoint unmute Endpoint id: {0.0.1.00000000}.{09dfa0d1-cc45-493b-929e-f589428755cb}"
"30-07-2026 16:13:07","2","Information","CLoggerSrvLogging","Endpoint unmute Endpoint id: {0.0.1.00000000}.{09dfa0d1-cc45-493b-929e-f589428755cb}"
"30-07-2026 16:13:07","2","Information","CLoggerSrvLogging","Endpoint unmute Endpoint id: {0.0.1.00000000}.{09dfa0d1-cc45-493b-929e-f589428755cb}"
"30-07-2026 16:13:06","2","Information","CLoggerSrvLogging","Endpoint unmute Endpoint id: {0.0.1.00000000}.{09dfa0d1-cc45-493b-929e-f589428755cb}"
"30-07-2026 16:13:06","2","Information","CLoggerSrvLogging","Endpoint unmute Endpoint id: {0.0.1.00000000}.{09dfa0d1-cc45-493b-929e-f589428755cb}"
"30-07-2026 16:13:05","2","Information","CLoggerSrvLogging","Endpoint unmute Endpoint id: {0.0.1.00000000}.{09dfa0d1-cc45-493b-929e-f589428755cb}"
"30-07-2026 16:13:04","2","Information","CLoggerSrvLogging","Endpoint unmute Endpoint id: {0.0.1.00000000}.{09dfa0d1-cc45-493b-929e-f589428755cb}"
"30-07-2026 16:13:04","2","Information","CLoggerSrvLogging","Endpoint unmute Endpoint id: {0.0.1.00000000}.{09dfa0d1-cc45-493b-929e-f589428755cb}"
"30-07-2026 16:13:04","2","Information","CLoggerSrvLogging","Endpoint unmute Endpoint id: {0.0.1.00000000}.{09dfa0d1-cc45-493b-929e-f589428755cb}"
"30-07-2026 16:13:02","2","Information","CLoggerSrvLogging","Endpoint unmute Endpoint id: {0.0.1.00000000}.{09dfa0d1-cc45-493b-929e-f589428755cb}"
"30-07-2026 16:13:02","2","Information","CLoggerSrvLogging","Endpoint unmute Endpoint id: {0.0.1.00000000}.{09dfa0d1-cc45-493b-929e-f589428755cb}"
"30-07-2026 16:13:01","2","Information","CLoggerSrvLogging","Endpoint unmute Endpoint id: {0.0.1.00000000}.{09dfa0d1-cc45-493b-929e-f589428755cb}"
"30-07-2026 16:13:01","2","Information","CLoggerSrvLogging","Endpoint unmute Endpoint id: {0.0.1.00000000}.{09dfa0d1-cc45-493b-929e-f589428755cb}"
"30-07-2026 16:13:01","2","Information","CLoggerSrvLogging","Endpoint unmute Endpoint id: {0.0.1.00000000}.{09dfa0d1-cc45-493b-929e-f589428755cb}"
"30-07-2026 16:12:39","2","Information","CLoggerSrvLogging","Endpoint unmute Endpoint id: {0.0.1.00000000}.{09dfa0d1-cc45-493b-929e-f589428755cb}"
"30-07-2026 16:12:31","2","Information","CLoggerSrvLogging","Endpoint unmute Endpoint id: {0.0.1.00000000}.{09dfa0d1-cc45-493b-929e-f589428755cb}"
"30-07-2026 16:12:31","2","Information","CLoggerSrvLogging","Endpoint unmute Endpoint id: {0.0.1.00000000}.{09dfa0d1-cc45-493b-929e-f589428755cb}"
"30-07-2026 16:12:30","2","Information","CLoggerSrvLogging","Endpoint unmute Endpoint id: {0.0.1.00000000}.{09dfa0d1-cc45-493b-929e-f589428755cb}"
"30-07-2026 16:12:30","2","Information","CLoggerSrvLogging","Endpoint unmute Endpoint id: {0.0.1.00000000}.{09dfa0d1-cc45-493b-929e-f589428755cb}"
"30-07-2026 16:12:30","2","Information","CLoggerSrvLogging","Endpoint unmute Endpoint id: {0.0.1.00000000}.{09dfa0d1-cc45-493b-929e-f589428755cb}"
"30-07-2026 16:12:26","2","Information","CLoggerSrvLogging","Endpoint unmute Endpoint id: {0.0.1.00000000}.{09dfa0d1-cc45-493b-929e-f589428755cb}"
"30-07-2026 16:12:26","2","Information","CLoggerSrvLogging","Endpoint unmute Endpoint id: {0.0.1.00000000}.{09dfa0d1-cc45-493b-929e-f589428755cb}"
"30-07-2026 16:12:25","2","Information","CLoggerSrvLogging","Endpoint unmute Endpoint id: {0.0.1.00000000}.{09dfa0d1-cc45-493b-929e-f589428755cb}"
"30-07-2026 16:12:25","2","Information","CLoggerSrvLogging","Endpoint unmute Endpoint id: {0.0.1.00000000}.{09dfa0d1-cc45-493b-929e-f589428755cb}"
"30-07-2026 16:12:25","2","Information","CLoggerSrvLogging","Endpoint unmute Endpoint id: {0.0.1.00000000}.{09dfa0d1-cc45-493b-929e-f589428755cb}"
"30-07-2026 16:12:25","2","Information","CLoggerSrvLogging","Endpoint unmute Endpoint id: {0.0.1.00000000}.{09dfa0d1-cc45-493b-929e-f589428755cb}"
"30-07-2026 16:12:22","2","Information","CLoggerSrvLogging","Endpoint unmute Endpoint id: {0.0.1.00000000}.{09dfa0d1-cc45-493b-929e-f589428755cb}"
"30-07-2026 14:52:13","7","Information","CLoggerSrvLogging","Default Recording device change ( Communications)  {0.0.1.00000000}.{09dfa0d1-cc45-493b-929e-f589428755cb}  Microphone Array on SoundWire Device (Cirrus Logic XU)  {2}.\\?\soundwire#sdca_06&man_01fa&func_4243&type_03&ver_01&adr_02&lid_00&uid_00&subsys_0ce81028&dynamicenummicrophone0#8&b76481&0&00000400#{6994ad04-93ef-11d0-a3cc-00a0c9223196}\microphone0"
"30-07-2026 14:52:13","7","Information","CLoggerSrvLogging","Default Recording device change ( Multimedia)  {0.0.1.00000000}.{09dfa0d1-cc45-493b-929e-f589428755cb}  Microphone Array on SoundWire Device (Cirrus Logic XU)  {2}.\\?\soundwire#sdca_06&man_01fa&func_4243&type_03&ver_01&adr_02&lid_00&uid_00&subsys_0ce81028&dynamicenummicrophone0#8&b76481&0&00000400#{6994ad04-93ef-11d0-a3cc-00a0c9223196}\microphone0"
"30-07-2026 14:52:13","7","Information","CLoggerSrvLogging","Default Recording device change ( Console)  {0.0.1.00000000}.{09dfa0d1-cc45-493b-929e-f589428755cb}  Microphone Array on SoundWire Device (Cirrus Logic XU)  {2}.\\?\soundwire#sdca_06&man_01fa&func_4243&type_03&ver_01&adr_02&lid_00&uid_00&subsys_0ce81028&dynamicenummicrophone0#8&b76481&0&00000400#{6994ad04-93ef-11d0-a3cc-00a0c9223196}\microphone0"
"30-07-2026 14:52:13","7","Information","CLoggerSrvLogging","Default Playback device change ( Communications)  {0.0.0.00000000}.{45d28dc2-5526-4063-98de-2b18fc40ed90}  Speakers (4- Cirrus Logic XU)  {2}.\\?\soundwire#sdca_06&man_01fa&func_4243&type_01&ver_01&adr_01&lid_00&uid_00&subsys_0ce81028&dynamicenumspeaker0#8&b83798c&0&00000c00#{6994ad04-93ef-11d0-a3cc-00a0c9223196}\speaker0"
"30-07-2026 14:52:13","7","Information","CLoggerSrvLogging","Default Playback device change ( Multimedia)  {0.0.0.00000000}.{45d28dc2-5526-4063-98de-2b18fc40ed90}  Speakers (4- Cirrus Logic XU)  {2}.\\?\soundwire#sdca_06&man_01fa&func_4243&type_01&ver_01&adr_01&lid_00&uid_00&subsys_0ce81028&dynamicenumspeaker0#8&b83798c&0&00000c00#{6994ad04-93ef-11d0-a3cc-00a0c9223196}\speaker0"
"30-07-2026 14:52:13","7","Information","CLoggerSrvLogging","Default Playback device change ( Console)  {0.0.0.00000000}.{45d28dc2-5526-4063-98de-2b18fc40ed90}  Speakers (4- Cirrus Logic XU)  {2}.\\?\soundwire#sdca_06&man_01fa&func_4243&type_01&ver_01&adr_01&lid_00&uid_00&subsys_0ce81028&dynamicenumspeaker0#8&b83798c&0&00000c00#{6994ad04-93ef-11d0-a3cc-00a0c9223196}\speaker0"
"30-07-2026 13:02:13","2","Information","CLoggerSrvLogging","Endpoint unmute Endpoint id: {0.0.1.00000000}.{09dfa0d1-cc45-493b-929e-f589428755cb}"
"30-07-2026 13:02:13","7","Information","CLoggerSrvLogging","Default Playback device change ( Communications)  {0.0.0.00000000}.{8be792fc-74bb-47db-9561-be1e35261fbb}  Headset Earphone (Plantronics Blackwire 3225 Series)  {2}.\\?\intelaudio#ctlr_dev_7728&linktype_06&devtype_06&ven_8086&dev_ae50&subsys_0ce81028&rev_0001#5&32640736&1&0604dif_000b&uif_0000#{6994ad04-93ef-11d0-a3cc-00a0c9223196}\intcusbtoporender_f5f6047fc0580000_1"
"30-07-2026 13:02:13","7","Information","CLoggerSrvLogging","Default Playback device change ( Multimedia)  {0.0.0.00000000}.{8be792fc-74bb-47db-9561-be1e35261fbb}  Headset Earphone (Plantronics Blackwire 3225 Series)  {2}.\\?\intelaudio#ctlr_dev_7728&linktype_06&devtype_06&ven_8086&dev_ae50&subsys_0ce81028&rev_0001#5&32640736&1&0604dif_000b&uif_0000#{6994ad04-93ef-11d0-a3cc-00a0c9223196}\intcusbtoporender_f5f6047fc0580000_1"
"30-07-2026 13:02:13","7","Information","CLoggerSrvLogging","Default Playback device change ( Console)  {0.0.0.00000000}.{8be792fc-74bb-47db-9561-be1e35261fbb}  Headset Earphone (Plantronics Blackwire 3225 Series)  {2}.\\?\intelaudio#ctlr_dev_7728&linktype_06&devtype_06&ven_8086&dev_ae50&subsys_0ce81028&rev_0001#5&32640736&1&0604dif_000b&uif_0000#{6994ad04-93ef-11d0-a3cc-00a0c9223196}\intcusbtoporender_f5f6047fc0580000_1"
"30-07-2026 13:02:13","7","Information","CLoggerSrvLogging","Default Recording device change ( Communications)  {0.0.1.00000000}.{ecf6848c-847e-4df1-a443-b782d271ccbe}  Headset Microphone (Plantronics Blackwire 3225 Series)  {2}.\\?\intelaudio#ctlr_dev_7728&linktype_06&devtype_06&ven_8086&dev_ae50&subsys_0ce81028&rev_0001#5&32640736&1&0604dif_000b&uif_0000#{6994ad04-93ef-11d0-a3cc-00a0c9223196}\intcusbtopocapture_f5f6047fc0580000_0"
"30-07-2026 13:02:13","7","Information","CLoggerSrvLogging","Default Recording device change ( Multimedia)  {0.0.1.00000000}.{ecf6848c-847e-4df1-a443-b782d271ccbe}  Headset Microphone (Plantronics Blackwire 3225 Series)  {2}.\\?\intelaudio#ctlr_dev_7728&linktype_06&devtype_06&ven_8086&dev_ae50&subsys_0ce81028&rev_0001#5&32640736&1&0604dif_000b&uif_0000#{6994ad04-93ef-11d0-a3cc-00a0c9223196}\intcusbtopocapture_f5f6047fc0580000_0"
"30-07-2026 13:02:13","7","Information","CLoggerSrvLogging","Default Recording device change ( Console)  {0.0.1.00000000}.{ecf6848c-847e-4df1-a443-b782d271ccbe}  Headset Microphone (Plantronics Blackwire 3225 Series)  {2}.\\?\intelaudio#ctlr_dev_7728&linktype_06&devtype_06&ven_8086&dev_ae50&subsys_0ce81028&rev_0001#5&32640736&1&0604dif_000b&uif_0000#{6994ad04-93ef-11d0-a3cc-00a0c9223196}\intcusbtopocapture_f5f6047fc0580000_0"
"30-07-2026 13:02:06","2","Information","CLoggerSrvLogging","Endpoint unmute Endpoint id: {0.0.1.00000000}.{09dfa0d1-cc45-493b-929e-f589428755cb}"
"30-07-2026 13:02:06","2","Information","CLoggerSrvLogging","Endpoint unmute Endpoint id: {0.0.1.00000000}.{09dfa0d1-cc45-493b-929e-f589428755cb}"
"30-07-2026 13:02:06","2","Information","CLoggerSrvLogging","Endpoint unmute Endpoint id: {0.0.1.00000000}.{09dfa0d1-cc45-493b-929e-f589428755cb}"
"30-07-2026 13:02:06","2","Information","CLoggerSrvLogging","Endpoint unmute Endpoint id: {0.0.1.00000000}.{09dfa0d1-cc45-493b-929e-f589428755cb}"
"30-07-2026 13:02:06","2","Information","CLoggerSrvLogging","Endpoint unmute Endpoint id: {0.0.1.00000000}.{09dfa0d1-cc45-493b-929e-f589428755cb}"
"30-07-2026 13:02:06","2","Information","CLoggerSrvLogging","Endpoint unmute Endpoint id: {0.0.1.00000000}.{09dfa0d1-cc45-493b-929e-f589428755cb}"
"30-07-2026 13:02:06","2","Information","CLoggerSrvLogging","Endpoint unmute Endpoint id: {0.0.1.00000000}.{09dfa0d1-cc45-493b-929e-f589428755cb}"
"30-07-2026 13:02:04","2","Information","CLoggerSrvLogging","Endpoint unmute Endpoint id: {0.0.1.00000000}.{09dfa0d1-cc45-493b-929e-f589428755cb}"
"30-07-2026 13:00:03","7","Information","CLoggerSrvLogging","Default Recording device change ( Communications)  {0.0.1.00000000}.{09dfa0d1-cc45-493b-929e-f589428755cb}  Microphone Array on SoundWire Device (Cirrus Logic XU)  {2}.\\?\soundwire#sdca_06&man_01fa&func_4243&type_03&ver_01&adr_02&lid_00&uid_00&subsys_0ce81028&dynamicenummicrophone0#8&b76481&0&00000400#{6994ad04-93ef-11d0-a3cc-00a0c9223196}\microphone0"
"30-07-2026 13:00:03","7","Information","CLoggerSrvLogging","Default Recording device change ( Multimedia)  {0.0.1.00000000}.{09dfa0d1-cc45-493b-929e-f589428755cb}  Microphone Array on SoundWire Device (Cirrus Logic XU)  {2}.\\?\soundwire#sdca_06&man_01fa&func_4243&type_03&ver_01&adr_02&lid_00&uid_00&subsys_0ce81028&dynamicenummicrophone0#8&b76481&0&00000400#{6994ad04-93ef-11d0-a3cc-00a0c9223196}\microphone0"
"30-07-2026 13:00:03","7","Information","CLoggerSrvLogging","Default Recording device change ( Console)  {0.0.1.00000000}.{09dfa0d1-cc45-493b-929e-f589428755cb}  Microphone Array on SoundWire Device (Cirrus Logic XU)  {2}.\\?\soundwire#sdca_06&man_01fa&func_4243&type_03&ver_01&adr_02&lid_00&uid_00&subsys_0ce81028&dynamicenummicrophone0#8&b76481&0&00000400#{6994ad04-93ef-11d0-a3cc-00a0c9223196}\microphone0"
"30-07-2026 13:00:03","7","Information","CLoggerSrvLogging","Default Playback device change ( Communications)  {0.0.0.00000000}.{45d28dc2-5526-4063-98de-2b18fc40ed90}  Speakers (4- Cirrus Logic XU)  {2}.\\?\soundwire#sdca_06&man_01fa&func_4243&type_01&ver_01&adr_01&lid_00&uid_00&subsys_0ce81028&dynamicenumspeaker0#8&b83798c&0&00000c00#{6994ad04-93ef-11d0-a3cc-00a0c9223196}\speaker0"
"30-07-2026 13:00:03","7","Information","CLoggerSrvLogging","Default Playback device change ( Multimedia)  {0.0.0.00000000}.{45d28dc2-5526-4063-98de-2b18fc40ed90}  Speakers (4- Cirrus Logic XU)  {2}.\\?\soundwire#sdca_06&man_01fa&func_4243&type_01&ver_01&adr_01&lid_00&uid_00&subsys_0ce81028&dynamicenumspeaker0#8&b83798c&0&00000c00#{6994ad04-93ef-11d0-a3cc-00a0c9223196}\speaker0"
"30-07-2026 13:00:03","7","Information","CLoggerSrvLogging","Default Playback device change ( Console)  {0.0.0.00000000}.{45d28dc2-5526-4063-98de-2b18fc40ed90}  Speakers (4- Cirrus Logic XU)  {2}.\\?\soundwire#sdca_06&man_01fa&func_4243&type_01&ver_01&adr_01&lid_00&uid_00&subsys_0ce81028&dynamicenumspeaker0#8&b83798c&0&00000c00#{6994ad04-93ef-11d0-a3cc-00a0c9223196}\speaker0"
"30-07-2026 12:38:22","7","Information","CLoggerSrvLogging","Default Recording device change ( Communications)  {0.0.1.00000000}.{ecf6848c-847e-4df1-a443-b782d271ccbe}  Headset Microphone (Plantronics Blackwire 3225 Series)  {2}.\\?\intelaudio#ctlr_dev_7728&linktype_06&devtype_06&ven_8086&dev_ae50&subsys_0ce81028&rev_0001#5&32640736&1&0604dif_000b&uif_0000#{6994ad04-93ef-11d0-a3cc-00a0c9223196}\intcusbtopocapture_f5f6047fc0580000_0"
"30-07-2026 12:38:22","7","Information","CLoggerSrvLogging","Default Recording device change ( Multimedia)  {0.0.1.00000000}.{ecf6848c-847e-4df1-a443-b782d271ccbe}  Headset Microphone (Plantronics Blackwire 3225 Series)  {2}.\\?\intelaudio#ctlr_dev_7728&linktype_06&devtype_06&ven_8086&dev_ae50&subsys_0ce81028&rev_0001#5&32640736&1&0604dif_000b&uif_0000#{6994ad04-93ef-11d0-a3cc-00a0c9223196}\intcusbtopocapture_f5f6047fc0580000_0"
"30-07-2026 12:38:22","7","Information","CLoggerSrvLogging","Default Recording device change ( Console)  {0.0.1.00000000}.{ecf6848c-847e-4df1-a443-b782d271ccbe}  Headset Microphone (Plantronics Blackwire 3225 Series)  {2}.\\?\intelaudio#ctlr_dev_7728&linktype_06&devtype_06&ven_8086&dev_ae50&subsys_0ce81028&rev_0001#5&32640736&1&0604dif_000b&uif_0000#{6994ad04-93ef-11d0-a3cc-00a0c9223196}\intcusbtopocapture_f5f6047fc0580000_0"
"30-07-2026 12:38:22","7","Information","CLoggerSrvLogging","Default Playback device change ( Communications)  {0.0.0.00000000}.{8be792fc-74bb-47db-9561-be1e35261fbb}  Headset Earphone (Plantronics Blackwire 3225 Series)  {2}.\\?\intelaudio#ctlr_dev_7728&linktype_06&devtype_06&ven_8086&dev_ae50&subsys_0ce81028&rev_0001#5&32640736&1&0604dif_000b&uif_0000#{6994ad04-93ef-11d0-a3cc-00a0c9223196}\intcusbtoporender_f5f6047fc0580000_1"
"30-07-2026 12:38:22","7","Information","CLoggerSrvLogging","Default Playback device change ( Multimedia)  {0.0.0.00000000}.{8be792fc-74bb-47db-9561-be1e35261fbb}  Headset Earphone (Plantronics Blackwire 3225 Series)  {2}.\\?\intelaudio#ctlr_dev_7728&linktype_06&devtype_06&ven_8086&dev_ae50&subsys_0ce81028&rev_0001#5&32640736&1&0604dif_000b&uif_0000#{6994ad04-93ef-11d0-a3cc-00a0c9223196}\intcusbtoporender_f5f6047fc0580000_1"
"30-07-2026 12:38:22","7","Information","CLoggerSrvLogging","Default Playback device change ( Console)  {0.0.0.00000000}.{8be792fc-74bb-47db-9561-be1e35261fbb}  Headset Earphone (Plantronics Blackwire 3225 Series)  {2}.\\?\intelaudio#ctlr_dev_7728&linktype_06&devtype_06&ven_8086&dev_ae50&subsys_0ce81028&rev_0001#5&32640736&1&0604dif_000b&uif_0000#{6994ad04-93ef-11d0-a3cc-00a0c9223196}\intcusbtoporender_f5f6047fc0580000_1"
"30-07-2026 11:29:22","7","Information","CLoggerSrvLogging","Default Recording device change ( Communications)  {0.0.1.00000000}.{09dfa0d1-cc45-493b-929e-f589428755cb}  Microphone Array on SoundWire Device (Cirrus Logic XU)  {2}.\\?\soundwire#sdca_06&man_01fa&func_4243&type_03&ver_01&adr_02&lid_00&uid_00&subsys_0ce81028&dynamicenummicrophone0#8&b76481&0&00000400#{6994ad04-93ef-11d0-a3cc-00a0c9223196}\microphone0"
"30-07-2026 11:29:22","7","Information","CLoggerSrvLogging","Default Recording device change ( Multimedia)  {0.0.1.00000000}.{09dfa0d1-cc45-493b-929e-f589428755cb}  Microphone Array on SoundWire Device (Cirrus Logic XU)  {2}.\\?\soundwire#sdca_06&man_01fa&func_4243&type_03&ver_01&adr_02&lid_00&uid_00&subsys_0ce81028&dynamicenummicrophone0#8&b76481&0&00000400#{6994ad04-93ef-11d0-a3cc-00a0c9223196}\microphone0"
"30-07-2026 11:29:22","7","Information","CLoggerSrvLogging","Default Recording device change ( Console)  {0.0.1.00000000}.{09dfa0d1-cc45-493b-929e-f589428755cb}  Microphone Array on SoundWire Device (Cirrus Logic XU)  {2}.\\?\soundwire#sdca_06&man_01fa&func_4243&type_03&ver_01&adr_02&lid_00&uid_00&subsys_0ce81028&dynamicenummicrophone0#8&b76481&0&00000400#{6994ad04-93ef-11d0-a3cc-00a0c9223196}\microphone0"
"30-07-2026 11:29:22","7","Information","CLoggerSrvLogging","Default Playback device change ( Communications)  {0.0.0.00000000}.{45d28dc2-5526-4063-98de-2b18fc40ed90}  Speakers (4- Cirrus Logic XU)  {2}.\\?\soundwire#sdca_06&man_01fa&func_4243&type_01&ver_01&adr_01&lid_00&uid_00&subsys_0ce81028&dynamicenumspeaker0#8&b83798c&0&00000c00#{6994ad04-93ef-11d0-a3cc-00a0c9223196}\speaker0"
"30-07-2026 11:29:22","7","Information","CLoggerSrvLogging","Default Playback device change ( Multimedia)  {0.0.0.00000000}.{45d28dc2-5526-4063-98de-2b18fc40ed90}  Speakers (4- Cirrus Logic XU)  {2}.\\?\soundwire#sdca_06&man_01fa&func_4243&type_01&ver_01&adr_01&lid_00&uid_00&subsys_0ce81028&dynamicenumspeaker0#8&b83798c&0&00000c00#{6994ad04-93ef-11d0-a3cc-00a0c9223196}\speaker0"
"30-07-2026 11:29:22","7","Information","CLoggerSrvLogging","Default Playback device change ( Console)  {0.0.0.00000000}.{45d28dc2-5526-4063-98de-2b18fc40ed90}  Speakers (4- Cirrus Logic XU)  {2}.\\?\soundwire#sdca_06&man_01fa&func_4243&type_01&ver_01&adr_01&lid_00&uid_00&subsys_0ce81028&dynamicenumspeaker0#8&b83798c&0&00000c00#{6994ad04-93ef-11d0-a3cc-00a0c9223196}\speaker0"
