"TimeCreated","Id","LevelDisplayName","ProviderName","Message"
"19-08-2026 13:56:02","7000","Information","Microsoft-Windows-DeviceGuard","Device Guard successfully processed the Group Policy: Virtualization Based Security  = Enabled,  Secure Boot = On, DMA Protection = On,  Virtualization Based Code Integrity = Disabled, Credential Guard = Enabled, Machine Identity Isolation = Disabled, Kernel-mode Hardware-enforced Stack Protection = Not configured, Reboot required = No, Status = 0x0."
"19-08-2026 13:56:02","7000","Information","Microsoft-Windows-DeviceGuard","Device Guard successfully processed the Group Policy: Virtualization Based Security  = Enabled,  Secure Boot = On, DMA Protection = On,  Virtualization Based Code Integrity = Disabled, Credential Guard = Enabled, Machine Identity Isolation = Disabled, Kernel-mode Hardware-enforced Stack Protection = Not configured, Reboot required = No, Status = 0x0."
"19-08-2026 13:11:02","7000","Information","Microsoft-Windows-DeviceGuard","Device Guard successfully processed the Group Policy: Virtualization Based Security  = Enabled,  Secure Boot = On, DMA Protection = On,  Virtualization Based Code Integrity = Disabled, Credential Guard = Enabled, Machine Identity Isolation = Disabled, Kernel-mode Hardware-enforced Stack Protection = Not configured, Reboot required = No, Status = 0x0."
"19-08-2026 13:11:02","7000","Information","Microsoft-Windows-DeviceGuard","Device Guard successfully processed the Group Policy: Virtualization Based Security  = Enabled,  Secure Boot = On, DMA Protection = On,  Virtualization Based Code Integrity = Disabled, Credential Guard = Enabled, Machine Identity Isolation = Disabled, Kernel-mode Hardware-enforced Stack Protection = Not configured, Reboot required = No, Status = 0x0."
"19-08-2026 10:06:02","7000","Information","Microsoft-Windows-DeviceGuard","Device Guard successfully processed the Group Policy: Virtualization Based Security  = Enabled,  Secure Boot = On, DMA Protection = On,  Virtualization Based Code Integrity = Disabled, Credential Guard = Enabled, Machine Identity Isolation = Disabled, Kernel-mode Hardware-enforced Stack Protection = Not configured, Reboot required = No, Status = 0x0."
"19-08-2026 10:06:02","7000","Information","Microsoft-Windows-DeviceGuard","Device Guard successfully processed the Group Policy: Virtualization Based Security  = Enabled,  Secure Boot = On, DMA Protection = On,  Virtualization Based Code Integrity = Disabled, Credential Guard = Enabled, Machine Identity Isolation = Disabled, Kernel-mode Hardware-enforced Stack Protection = Not configured, Reboot required = No, Status = 0x0."
"19-08-2026 10:04:51","7000","Information","Microsoft-Windows-DeviceGuard","Device Guard successfully processed the Group Policy: Virtualization Based Security  = Enabled,  Secure Boot = On, DMA Protection = On,  Virtualization Based Code Integrity = Disabled, Credential Guard = Enabled, Machine Identity Isolation = Disabled, Kernel-mode Hardware-enforced Stack Protection = Not configured, Reboot required = No, Status = 0x0."
"19-08-2026 10:04:51","7000","Information","Microsoft-Windows-DeviceGuard","Device Guard successfully processed the Group Policy: Virtualization Based Security  = Enabled,  Secure Boot = On, DMA Protection = On,  Virtualization Based Code Integrity = Disabled, Credential Guard = Enabled, Machine Identity Isolation = Disabled, Kernel-mode Hardware-enforced Stack Protection = Not configured, Reboot required = No, Status = 0x0."
"19-08-2026 10:04:51","7000","Information","Microsoft-Windows-DeviceGuard","Device Guard successfully processed the Group Policy: Virtualization Based Security  = Enabled,  Secure Boot = On, DMA Protection = On,  Virtualization Based Code Integrity = Disabled, Credential Guard = Enabled, Machine Identity Isolation = Disabled, Kernel-mode Hardware-enforced Stack Protection = Not configured, Reboot required = No, Status = 0x0."
"19-08-2026 10:04:48","7000","Information","Microsoft-Windows-DeviceGuard","Device Guard successfully processed the Group Policy: Virtualization Based Security  = Enabled,  Secure Boot = On, DMA Protection = On,  Virtualization Based Code Integrity = Disabled, Credential Guard = Enabled, Machine Identity Isolation = Disabled, Kernel-mode Hardware-enforced Stack Protection = Not configured, Reboot required = No, Status = 0x0."
"19-08-2026 10:04:48","7000","Information","Microsoft-Windows-DeviceGuard","Device Guard successfully processed the Group Policy: Virtualization Based Security  = Enabled,  Secure Boot = On, DMA Protection = On,  Virtualization Based Code Integrity = Disabled, Credential Guard = Enabled, Machine Identity Isolation = Disabled, Kernel-mode Hardware-enforced Stack Protection = Not configured, Reboot required = No, Status = 0x0."
"19-08-2026 10:04:48","7000","Information","Microsoft-Windows-DeviceGuard","Device Guard successfully processed the Group Policy: Virtualization Based Security  = Enabled,  Secure Boot = On, DMA Protection = On,  Virtualization Based Code Integrity = Disabled, Credential Guard = Enabled, Machine Identity Isolation = Disabled, Kernel-mode Hardware-enforced Stack Protection = Not configured, Reboot required = No, Status = 0x0."
"19-08-2026 10:04:18","7000","Information","Microsoft-Windows-DeviceGuard","Device Guard successfully processed the Group Policy: Virtualization Based Security  = Enabled,  Secure Boot = On, DMA Protection = On,  Virtualization Based Code Integrity = Disabled, Credential Guard = Enabled, Machine Identity Isolation = Disabled, Kernel-mode Hardware-enforced Stack Protection = Not configured, Reboot required = No, Status = 0x0."
"19-08-2026 10:04:18","7000","Information","Microsoft-Windows-DeviceGuard","Device Guard successfully processed the Group Policy: Virtualization Based Security  = Enabled,  Secure Boot = On, DMA Protection = On,  Virtualization Based Code Integrity = Disabled, Credential Guard = Enabled, Machine Identity Isolation = Disabled, Kernel-mode Hardware-enforced Stack Protection = Not configured, Reboot required = No, Status = 0x0."
"19-08-2026 10:04:18","7000","Information","Microsoft-Windows-DeviceGuard","Device Guard successfully processed the Group Policy: Virtualization Based Security  = Enabled,  Secure Boot = On, DMA Protection = On,  Virtualization Based Code Integrity = Disabled, Credential Guard = Enabled, Machine Identity Isolation = Disabled, Kernel-mode Hardware-enforced Stack Protection = Not configured, Reboot required = No, Status = 0x0."
"19-08-2026 10:04:15","7000","Information","Microsoft-Windows-DeviceGuard","Device Guard successfully processed the Group Policy: Virtualization Based Security  = Enabled,  Secure Boot = On, DMA Protection = On,  Virtualization Based Code Integrity = Disabled, Credential Guard = Enabled, Machine Identity Isolation = Disabled, Kernel-mode Hardware-enforced Stack Protection = Not configured, Reboot required = No, Status = 0x0."
"19-08-2026 10:04:15","7000","Information","Microsoft-Windows-DeviceGuard","Device Guard successfully processed the Group Policy: Virtualization Based Security  = Enabled,  Secure Boot = On, DMA Protection = On,  Virtualization Based Code Integrity = Disabled, Credential Guard = Enabled, Machine Identity Isolation = Disabled, Kernel-mode Hardware-enforced Stack Protection = Not configured, Reboot required = No, Status = 0x0."
"19-08-2026 10:04:15","7000","Information","Microsoft-Windows-DeviceGuard","Device Guard successfully processed the Group Policy: Virtualization Based Security  = Enabled,  Secure Boot = On, DMA Protection = On,  Virtualization Based Code Integrity = Disabled, Credential Guard = Enabled, Machine Identity Isolation = Disabled, Kernel-mode Hardware-enforced Stack Protection = Not configured, Reboot required = No, Status = 0x0."
"19-08-2026 10:03:47","7000","Information","Microsoft-Windows-DeviceGuard","Device Guard successfully processed the Group Policy: Virtualization Based Security  = Enabled,  Secure Boot = On, DMA Protection = On,  Virtualization Based Code Integrity = Disabled, Credential Guard = Enabled, Machine Identity Isolation = Disabled, Kernel-mode Hardware-enforced Stack Protection = Not configured, Reboot required = No, Status = 0x0."
"19-08-2026 10:03:47","7000","Information","Microsoft-Windows-DeviceGuard","Device Guard successfully processed the Group Policy: Virtualization Based Security  = Enabled,  Secure Boot = On, DMA Protection = On,  Virtualization Based Code Integrity = Disabled, Credential Guard = Enabled, Machine Identity Isolation = Disabled, Kernel-mode Hardware-enforced Stack Protection = Not configured, Reboot required = No, Status = 0x0."
"19-08-2026 10:03:47","7000","Information","Microsoft-Windows-DeviceGuard","Device Guard successfully processed the Group Policy: Virtualization Based Security  = Enabled,  Secure Boot = On, DMA Protection = On,  Virtualization Based Code Integrity = Disabled, Credential Guard = Enabled, Machine Identity Isolation = Disabled, Kernel-mode Hardware-enforced Stack Protection = Not configured, Reboot required = No, Status = 0x0."
"19-08-2026 10:03:45","7000","Information","Microsoft-Windows-DeviceGuard","Device Guard successfully processed the Group Policy: Virtualization Based Security  = Enabled,  Secure Boot = On, DMA Protection = On,  Virtualization Based Code Integrity = Disabled, Credential Guard = Enabled, Machine Identity Isolation = Disabled, Kernel-mode Hardware-enforced Stack Protection = Not configured, Reboot required = No, Status = 0x0."
"19-08-2026 10:03:45","7000","Information","Microsoft-Windows-DeviceGuard","Device Guard successfully processed the Group Policy: Virtualization Based Security  = Enabled,  Secure Boot = On, DMA Protection = On,  Virtualization Based Code Integrity = Disabled, Credential Guard = Enabled, Machine Identity Isolation = Disabled, Kernel-mode Hardware-enforced Stack Protection = Not configured, Reboot required = No, Status = 0x0."
"19-08-2026 10:03:44","7000","Information","Microsoft-Windows-DeviceGuard","Device Guard successfully processed the Group Policy: Virtualization Based Security  = Enabled,  Secure Boot = On, DMA Protection = On,  Virtualization Based Code Integrity = Disabled, Credential Guard = Enabled, Machine Identity Isolation = Disabled, Kernel-mode Hardware-enforced Stack Protection = Not configured, Reboot required = No, Status = 0x0."
"19-08-2026 10:02:52","7000","Information","Microsoft-Windows-DeviceGuard","Device Guard successfully processed the Group Policy: Virtualization Based Security  = Enabled,  Secure Boot = On, DMA Protection = On,  Virtualization Based Code Integrity = Disabled, Credential Guard = Enabled, Machine Identity Isolation = Disabled, Kernel-mode Hardware-enforced Stack Protection = Not configured, Reboot required = No, Status = 0x0."
"19-08-2026 10:02:52","7000","Information","Microsoft-Windows-DeviceGuard","Device Guard successfully processed the Group Policy: Virtualization Based Security  = Enabled,  Secure Boot = On, DMA Protection = On,  Virtualization Based Code Integrity = Disabled, Credential Guard = Enabled, Machine Identity Isolation = Disabled, Kernel-mode Hardware-enforced Stack Protection = Not configured, Reboot required = No, Status = 0x0."
"19-08-2026 10:02:52","7000","Information","Microsoft-Windows-DeviceGuard","Device Guard successfully processed the Group Policy: Virtualization Based Security  = Enabled,  Secure Boot = On, DMA Protection = On,  Virtualization Based Code Integrity = Disabled, Credential Guard = Enabled, Machine Identity Isolation = Disabled, Kernel-mode Hardware-enforced Stack Protection = Not configured, Reboot required = No, Status = 0x0."
"19-08-2026 10:02:49","7000","Information","Microsoft-Windows-DeviceGuard","Device Guard successfully processed the Group Policy: Virtualization Based Security  = Enabled,  Secure Boot = On, DMA Protection = On,  Virtualization Based Code Integrity = Disabled, Credential Guard = Enabled, Machine Identity Isolation = Disabled, Kernel-mode Hardware-enforced Stack Protection = Not configured, Reboot required = No, Status = 0x0."
"19-08-2026 10:02:49","7000","Information","Microsoft-Windows-DeviceGuard","Device Guard successfully processed the Group Policy: Virtualization Based Security  = Enabled,  Secure Boot = On, DMA Protection = On,  Virtualization Based Code Integrity = Disabled, Credential Guard = Enabled, Machine Identity Isolation = Disabled, Kernel-mode Hardware-enforced Stack Protection = Not configured, Reboot required = No, Status = 0x0."
"19-08-2026 10:02:49","7000","Information","Microsoft-Windows-DeviceGuard","Device Guard successfully processed the Group Policy: Virtualization Based Security  = Enabled,  Secure Boot = On, DMA Protection = On,  Virtualization Based Code Integrity = Disabled, Credential Guard = Enabled, Machine Identity Isolation = Disabled, Kernel-mode Hardware-enforced Stack Protection = Not configured, Reboot required = No, Status = 0x0."
"19-08-2026 10:02:33","7000","Information","Microsoft-Windows-DeviceGuard","Device Guard successfully processed the Group Policy: Virtualization Based Security  = Enabled,  Secure Boot = On, DMA Protection = On,  Virtualization Based Code Integrity = Disabled, Credential Guard = Enabled, Machine Identity Isolation = Disabled, Kernel-mode Hardware-enforced Stack Protection = Not configured, Reboot required = No, Status = 0x0."
"19-08-2026 10:02:33","7000","Information","Microsoft-Windows-DeviceGuard","Device Guard successfully processed the Group Policy: Virtualization Based Security  = Enabled,  Secure Boot = On, DMA Protection = On,  Virtualization Based Code Integrity = Disabled, Credential Guard = Enabled, Machine Identity Isolation = Disabled, Kernel-mode Hardware-enforced Stack Protection = Not configured, Reboot required = No, Status = 0x0."
"19-08-2026 00:26:10","7000","Information","Microsoft-Windows-DeviceGuard","Device Guard successfully processed the Group Policy: Virtualization Based Security  = Enabled,  Secure Boot = On, DMA Protection = On,  Virtualization Based Code Integrity = Disabled, Credential Guard = Enabled, Machine Identity Isolation = Disabled, Kernel-mode Hardware-enforced Stack Protection = Not configured, Reboot required = No, Status = 0x0."
"19-08-2026 00:26:10","7000","Information","Microsoft-Windows-DeviceGuard","Device Guard successfully processed the Group Policy: Virtualization Based Security  = Enabled,  Secure Boot = On, DMA Protection = On,  Virtualization Based Code Integrity = Disabled, Credential Guard = Enabled, Machine Identity Isolation = Disabled, Kernel-mode Hardware-enforced Stack Protection = Not configured, Reboot required = No, Status = 0x0."
"18-08-2026 18:46:06","7000","Information","Microsoft-Windows-DeviceGuard","Device Guard successfully processed the Group Policy: Virtualization Based Security  = Enabled,  Secure Boot = On, DMA Protection = On,  Virtualization Based Code Integrity = Disabled, Credential Guard = Enabled, Machine Identity Isolation = Disabled, Kernel-mode Hardware-enforced Stack Protection = Not configured, Reboot required = No, Status = 0x0."
"18-08-2026 18:46:06","7000","Information","Microsoft-Windows-DeviceGuard","Device Guard successfully processed the Group Policy: Virtualization Based Security  = Enabled,  Secure Boot = On, DMA Protection = On,  Virtualization Based Code Integrity = Disabled, Credential Guard = Enabled, Machine Identity Isolation = Disabled, Kernel-mode Hardware-enforced Stack Protection = Not configured, Reboot required = No, Status = 0x0."
"18-08-2026 14:56:02","7000","Information","Microsoft-Windows-DeviceGuard","Device Guard successfully processed the Group Policy: Virtualization Based Security  = Enabled,  Secure Boot = On, DMA Protection = On,  Virtualization Based Code Integrity = Disabled, Credential Guard = Enabled, Machine Identity Isolation = Disabled, Kernel-mode Hardware-enforced Stack Protection = Not configured, Reboot required = No, Status = 0x0."
"18-08-2026 14:56:02","7000","Information","Microsoft-Windows-DeviceGuard","Device Guard successfully processed the Group Policy: Virtualization Based Security  = Enabled,  Secure Boot = On, DMA Protection = On,  Virtualization Based Code Integrity = Disabled, Credential Guard = Enabled, Machine Identity Isolation = Disabled, Kernel-mode Hardware-enforced Stack Protection = Not configured, Reboot required = No, Status = 0x0."
"18-08-2026 14:36:48","7000","Information","Microsoft-Windows-DeviceGuard","Device Guard successfully processed the Group Policy: Virtualization Based Security  = Enabled,  Secure Boot = On, DMA Protection = On,  Virtualization Based Code Integrity = Disabled, Credential Guard = Enabled, Machine Identity Isolation = Disabled, Kernel-mode Hardware-enforced Stack Protection = Not configured, Reboot required = No, Status = 0x0."
"18-08-2026 14:36:48","7000","Information","Microsoft-Windows-DeviceGuard","Device Guard successfully processed the Group Policy: Virtualization Based Security  = Enabled,  Secure Boot = On, DMA Protection = On,  Virtualization Based Code Integrity = Disabled, Credential Guard = Enabled, Machine Identity Isolation = Disabled, Kernel-mode Hardware-enforced Stack Protection = Not configured, Reboot required = No, Status = 0x0."
"18-08-2026 14:36:48","7000","Information","Microsoft-Windows-DeviceGuard","Device Guard successfully processed the Group Policy: Virtualization Based Security  = Enabled,  Secure Boot = On, DMA Protection = On,  Virtualization Based Code Integrity = Disabled, Credential Guard = Enabled, Machine Identity Isolation = Disabled, Kernel-mode Hardware-enforced Stack Protection = Not configured, Reboot required = No, Status = 0x0."
"18-08-2026 14:36:46","7000","Information","Microsoft-Windows-DeviceGuard","Device Guard successfully processed the Group Policy: Virtualization Based Security  = Enabled,  Secure Boot = On, DMA Protection = On,  Virtualization Based Code Integrity = Disabled, Credential Guard = Enabled, Machine Identity Isolation = Disabled, Kernel-mode Hardware-enforced Stack Protection = Not configured, Reboot required = No, Status = 0x0."
"18-08-2026 14:36:46","7000","Information","Microsoft-Windows-DeviceGuard","Device Guard successfully processed the Group Policy: Virtualization Based Security  = Enabled,  Secure Boot = On, DMA Protection = On,  Virtualization Based Code Integrity = Disabled, Credential Guard = Enabled, Machine Identity Isolation = Disabled, Kernel-mode Hardware-enforced Stack Protection = Not configured, Reboot required = No, Status = 0x0."
"18-08-2026 14:36:46","7000","Information","Microsoft-Windows-DeviceGuard","Device Guard successfully processed the Group Policy: Virtualization Based Security  = Enabled,  Secure Boot = On, DMA Protection = On,  Virtualization Based Code Integrity = Disabled, Credential Guard = Enabled, Machine Identity Isolation = Disabled, Kernel-mode Hardware-enforced Stack Protection = Not configured, Reboot required = No, Status = 0x0."
"18-08-2026 14:36:22","7000","Information","Microsoft-Windows-DeviceGuard","Device Guard successfully processed the Group Policy: Virtualization Based Security  = Enabled,  Secure Boot = On, DMA Protection = On,  Virtualization Based Code Integrity = Disabled, Credential Guard = Enabled, Machine Identity Isolation = Disabled, Kernel-mode Hardware-enforced Stack Protection = Not configured, Reboot required = No, Status = 0x0."
"18-08-2026 14:36:22","7000","Information","Microsoft-Windows-DeviceGuard","Device Guard successfully processed the Group Policy: Virtualization Based Security  = Enabled,  Secure Boot = On, DMA Protection = On,  Virtualization Based Code Integrity = Disabled, Credential Guard = Enabled, Machine Identity Isolation = Disabled, Kernel-mode Hardware-enforced Stack Protection = Not configured, Reboot required = No, Status = 0x0."
"18-08-2026 14:36:22","7000","Information","Microsoft-Windows-DeviceGuard","Device Guard successfully processed the Group Policy: Virtualization Based Security  = Enabled,  Secure Boot = On, DMA Protection = On,  Virtualization Based Code Integrity = Disabled, Credential Guard = Enabled, Machine Identity Isolation = Disabled, Kernel-mode Hardware-enforced Stack Protection = Not configured, Reboot required = No, Status = 0x0."
"18-08-2026 14:36:20","7000","Information","Microsoft-Windows-DeviceGuard","Device Guard successfully processed the Group Policy: Virtualization Based Security  = Enabled,  Secure Boot = On, DMA Protection = On,  Virtualization Based Code Integrity = Disabled, Credential Guard = Enabled, Machine Identity Isolation = Disabled, Kernel-mode Hardware-enforced Stack Protection = Not configured, Reboot required = No, Status = 0x0."
"18-08-2026 14:36:20","7000","Information","Microsoft-Windows-DeviceGuard","Device Guard successfully processed the Group Policy: Virtualization Based Security  = Enabled,  Secure Boot = On, DMA Protection = On,  Virtualization Based Code Integrity = Disabled, Credential Guard = Enabled, Machine Identity Isolation = Disabled, Kernel-mode Hardware-enforced Stack Protection = Not configured, Reboot required = No, Status = 0x0."
"18-08-2026 14:36:20","7000","Information","Microsoft-Windows-DeviceGuard","Device Guard successfully processed the Group Policy: Virtualization Based Security  = Enabled,  Secure Boot = On, DMA Protection = On,  Virtualization Based Code Integrity = Disabled, Credential Guard = Enabled, Machine Identity Isolation = Disabled, Kernel-mode Hardware-enforced Stack Protection = Not configured, Reboot required = No, Status = 0x0."
"18-08-2026 14:33:29","7000","Information","Microsoft-Windows-DeviceGuard","Device Guard successfully processed the Group Policy: Virtualization Based Security  = Enabled,  Secure Boot = On, DMA Protection = On,  Virtualization Based Code Integrity = Disabled, Credential Guard = Enabled, Machine Identity Isolation = Disabled, Kernel-mode Hardware-enforced Stack Protection = Not configured, Reboot required = No, Status = 0x0."
"18-08-2026 14:33:29","7000","Information","Microsoft-Windows-DeviceGuard","Device Guard successfully processed the Group Policy: Virtualization Based Security  = Enabled,  Secure Boot = On, DMA Protection = On,  Virtualization Based Code Integrity = Disabled, Credential Guard = Enabled, Machine Identity Isolation = Disabled, Kernel-mode Hardware-enforced Stack Protection = Not configured, Reboot required = No, Status = 0x0."
"18-08-2026 14:33:29","7000","Information","Microsoft-Windows-DeviceGuard","Device Guard successfully processed the Group Policy: Virtualization Based Security  = Enabled,  Secure Boot = On, DMA Protection = On,  Virtualization Based Code Integrity = Disabled, Credential Guard = Enabled, Machine Identity Isolation = Disabled, Kernel-mode Hardware-enforced Stack Protection = Not configured, Reboot required = No, Status = 0x0."
"18-08-2026 14:33:17","7000","Information","Microsoft-Windows-DeviceGuard","Device Guard successfully processed the Group Policy: Virtualization Based Security  = Enabled,  Secure Boot = On, DMA Protection = On,  Virtualization Based Code Integrity = Disabled, Credential Guard = Enabled, Machine Identity Isolation = Disabled, Kernel-mode Hardware-enforced Stack Protection = Not configured, Reboot required = No, Status = 0x0."
"18-08-2026 14:33:17","7000","Information","Microsoft-Windows-DeviceGuard","Device Guard successfully processed the Group Policy: Virtualization Based Security  = Enabled,  Secure Boot = On, DMA Protection = On,  Virtualization Based Code Integrity = Disabled, Credential Guard = Enabled, Machine Identity Isolation = Disabled, Kernel-mode Hardware-enforced Stack Protection = Not configured, Reboot required = No, Status = 0x0."
"18-08-2026 14:33:15","7000","Information","Microsoft-Windows-DeviceGuard","Device Guard successfully processed the Group Policy: Virtualization Based Security  = Enabled,  Secure Boot = On, DMA Protection = On,  Virtualization Based Code Integrity = Disabled, Credential Guard = Enabled, Machine Identity Isolation = Disabled, Kernel-mode Hardware-enforced Stack Protection = Not configured, Reboot required = No, Status = 0x0."
"18-08-2026 14:32:16","7000","Information","Microsoft-Windows-DeviceGuard","Device Guard successfully processed the Group Policy: Virtualization Based Security  = Enabled,  Secure Boot = On, DMA Protection = On,  Virtualization Based Code Integrity = Disabled, Credential Guard = Enabled, Machine Identity Isolation = Disabled, Kernel-mode Hardware-enforced Stack Protection = Not configured, Reboot required = No, Status = 0x0."
"18-08-2026 14:32:16","7000","Information","Microsoft-Windows-DeviceGuard","Device Guard successfully processed the Group Policy: Virtualization Based Security  = Enabled,  Secure Boot = On, DMA Protection = On,  Virtualization Based Code Integrity = Disabled, Credential Guard = Enabled, Machine Identity Isolation = Disabled, Kernel-mode Hardware-enforced Stack Protection = Not configured, Reboot required = No, Status = 0x0."
"18-08-2026 14:32:16","7000","Information","Microsoft-Windows-DeviceGuard","Device Guard successfully processed the Group Policy: Virtualization Based Security  = Enabled,  Secure Boot = On, DMA Protection = On,  Virtualization Based Code Integrity = Disabled, Credential Guard = Enabled, Machine Identity Isolation = Disabled, Kernel-mode Hardware-enforced Stack Protection = Not configured, Reboot required = No, Status = 0x0."
"18-08-2026 14:32:14","7000","Information","Microsoft-Windows-DeviceGuard","Device Guard successfully processed the Group Policy: Virtualization Based Security  = Enabled,  Secure Boot = On, DMA Protection = On,  Virtualization Based Code Integrity = Disabled, Credential Guard = Enabled, Machine Identity Isolation = Disabled, Kernel-mode Hardware-enforced Stack Protection = Not configured, Reboot required = No, Status = 0x0."
"18-08-2026 14:32:14","7000","Information","Microsoft-Windows-DeviceGuard","Device Guard successfully processed the Group Policy: Virtualization Based Security  = Enabled,  Secure Boot = On, DMA Protection = On,  Virtualization Based Code Integrity = Disabled, Credential Guard = Enabled, Machine Identity Isolation = Disabled, Kernel-mode Hardware-enforced Stack Protection = Not configured, Reboot required = No, Status = 0x0."
"18-08-2026 14:32:14","7000","Information","Microsoft-Windows-DeviceGuard","Device Guard successfully processed the Group Policy: Virtualization Based Security  = Enabled,  Secure Boot = On, DMA Protection = On,  Virtualization Based Code Integrity = Disabled, Credential Guard = Enabled, Machine Identity Isolation = Disabled, Kernel-mode Hardware-enforced Stack Protection = Not configured, Reboot required = No, Status = 0x0."
"18-08-2026 14:31:43","7000","Information","Microsoft-Windows-DeviceGuard","Device Guard successfully processed the Group Policy: Virtualization Based Security  = Enabled,  Secure Boot = On, DMA Protection = On,  Virtualization Based Code Integrity = Disabled, Credential Guard = Enabled, Machine Identity Isolation = Disabled, Kernel-mode Hardware-enforced Stack Protection = Not configured, Reboot required = No, Status = 0x0."
"18-08-2026 14:31:43","7000","Information","Microsoft-Windows-DeviceGuard","Device Guard successfully processed the Group Policy: Virtualization Based Security  = Enabled,  Secure Boot = On, DMA Protection = On,  Virtualization Based Code Integrity = Disabled, Credential Guard = Enabled, Machine Identity Isolation = Disabled, Kernel-mode Hardware-enforced Stack Protection = Not configured, Reboot required = No, Status = 0x0."
"18-08-2026 14:03:16","7000","Information","Microsoft-Windows-DeviceGuard","Device Guard successfully processed the Group Policy: Virtualization Based Security  = Enabled,  Secure Boot = On, DMA Protection = On,  Virtualization Based Code Integrity = Disabled, Credential Guard = Enabled, Machine Identity Isolation = Disabled, Kernel-mode Hardware-enforced Stack Protection = Not configured, Reboot required = No, Status = 0x0."
"18-08-2026 14:03:16","7000","Information","Microsoft-Windows-DeviceGuard","Device Guard successfully processed the Group Policy: Virtualization Based Security  = Enabled,  Secure Boot = On, DMA Protection = On,  Virtualization Based Code Integrity = Disabled, Credential Guard = Enabled, Machine Identity Isolation = Disabled, Kernel-mode Hardware-enforced Stack Protection = Not configured, Reboot required = No, Status = 0x0."
"18-08-2026 14:03:16","7000","Information","Microsoft-Windows-DeviceGuard","Device Guard successfully processed the Group Policy: Virtualization Based Security  = Enabled,  Secure Boot = On, DMA Protection = On,  Virtualization Based Code Integrity = Disabled, Credential Guard = Enabled, Machine Identity Isolation = Disabled, Kernel-mode Hardware-enforced Stack Protection = Not configured, Reboot required = No, Status = 0x0."
"18-08-2026 14:03:13","7000","Information","Microsoft-Windows-DeviceGuard","Device Guard successfully processed the Group Policy: Virtualization Based Security  = Enabled,  Secure Boot = On, DMA Protection = On,  Virtualization Based Code Integrity = Disabled, Credential Guard = Enabled, Machine Identity Isolation = Disabled, Kernel-mode Hardware-enforced Stack Protection = Not configured, Reboot required = No, Status = 0x0."
"18-08-2026 14:03:13","7000","Information","Microsoft-Windows-DeviceGuard","Device Guard successfully processed the Group Policy: Virtualization Based Security  = Enabled,  Secure Boot = On, DMA Protection = On,  Virtualization Based Code Integrity = Disabled, Credential Guard = Enabled, Machine Identity Isolation = Disabled, Kernel-mode Hardware-enforced Stack Protection = Not configured, Reboot required = No, Status = 0x0."
"18-08-2026 14:03:13","7000","Information","Microsoft-Windows-DeviceGuard","Device Guard successfully processed the Group Policy: Virtualization Based Security  = Enabled,  Secure Boot = On, DMA Protection = On,  Virtualization Based Code Integrity = Disabled, Credential Guard = Enabled, Machine Identity Isolation = Disabled, Kernel-mode Hardware-enforced Stack Protection = Not configured, Reboot required = No, Status = 0x0."
"18-08-2026 14:02:45","7000","Information","Microsoft-Windows-DeviceGuard","Device Guard successfully processed the Group Policy: Virtualization Based Security  = Enabled,  Secure Boot = On, DMA Protection = On,  Virtualization Based Code Integrity = Disabled, Credential Guard = Enabled, Machine Identity Isolation = Disabled, Kernel-mode Hardware-enforced Stack Protection = Not configured, Reboot required = No, Status = 0x0."
"18-08-2026 14:02:45","7000","Information","Microsoft-Windows-DeviceGuard","Device Guard successfully processed the Group Policy: Virtualization Based Security  = Enabled,  Secure Boot = On, DMA Protection = On,  Virtualization Based Code Integrity = Disabled, Credential Guard = Enabled, Machine Identity Isolation = Disabled, Kernel-mode Hardware-enforced Stack Protection = Not configured, Reboot required = No, Status = 0x0."
"18-08-2026 14:02:45","7000","Information","Microsoft-Windows-DeviceGuard","Device Guard successfully processed the Group Policy: Virtualization Based Security  = Enabled,  Secure Boot = On, DMA Protection = On,  Virtualization Based Code Integrity = Disabled, Credential Guard = Enabled, Machine Identity Isolation = Disabled, Kernel-mode Hardware-enforced Stack Protection = Not configured, Reboot required = No, Status = 0x0."
"18-08-2026 14:02:43","7000","Information","Microsoft-Windows-DeviceGuard","Device Guard successfully processed the Group Policy: Virtualization Based Security  = Enabled,  Secure Boot = On, DMA Protection = On,  Virtualization Based Code Integrity = Disabled, Credential Guard = Enabled, Machine Identity Isolation = Disabled, Kernel-mode Hardware-enforced Stack Protection = Not configured, Reboot required = No, Status = 0x0."
"18-08-2026 14:02:43","7000","Information","Microsoft-Windows-DeviceGuard","Device Guard successfully processed the Group Policy: Virtualization Based Security  = Enabled,  Secure Boot = On, DMA Protection = On,  Virtualization Based Code Integrity = Disabled, Credential Guard = Enabled, Machine Identity Isolation = Disabled, Kernel-mode Hardware-enforced Stack Protection = Not configured, Reboot required = No, Status = 0x0."
"18-08-2026 14:02:43","7000","Information","Microsoft-Windows-DeviceGuard","Device Guard successfully processed the Group Policy: Virtualization Based Security  = Enabled,  Secure Boot = On, DMA Protection = On,  Virtualization Based Code Integrity = Disabled, Credential Guard = Enabled, Machine Identity Isolation = Disabled, Kernel-mode Hardware-enforced Stack Protection = Not configured, Reboot required = No, Status = 0x0."
"18-08-2026 13:12:54","7000","Information","Microsoft-Windows-DeviceGuard","Device Guard successfully processed the Group Policy: Virtualization Based Security  = Enabled,  Secure Boot = On, DMA Protection = On,  Virtualization Based Code Integrity = Disabled, Credential Guard = Enabled, Machine Identity Isolation = Disabled, Kernel-mode Hardware-enforced Stack Protection = Not configured, Reboot required = No, Status = 0x0."
"18-08-2026 13:12:54","7000","Information","Microsoft-Windows-DeviceGuard","Device Guard successfully processed the Group Policy: Virtualization Based Security  = Enabled,  Secure Boot = On, DMA Protection = On,  Virtualization Based Code Integrity = Disabled, Credential Guard = Enabled, Machine Identity Isolation = Disabled, Kernel-mode Hardware-enforced Stack Protection = Not configured, Reboot required = No, Status = 0x0."
"18-08-2026 11:06:02","7000","Information","Microsoft-Windows-DeviceGuard","Device Guard successfully processed the Group Policy: Virtualization Based Security  = Enabled,  Secure Boot = On, DMA Protection = On,  Virtualization Based Code Integrity = Disabled, Credential Guard = Enabled, Machine Identity Isolation = Disabled, Kernel-mode Hardware-enforced Stack Protection = Not configured, Reboot required = No, Status = 0x0."
"18-08-2026 11:06:02","7000","Information","Microsoft-Windows-DeviceGuard","Device Guard successfully processed the Group Policy: Virtualization Based Security  = Enabled,  Secure Boot = On, DMA Protection = On,  Virtualization Based Code Integrity = Disabled, Credential Guard = Enabled, Machine Identity Isolation = Disabled, Kernel-mode Hardware-enforced Stack Protection = Not configured, Reboot required = No, Status = 0x0."
"18-08-2026 10:35:25","7000","Information","Microsoft-Windows-DeviceGuard","Device Guard successfully processed the Group Policy: Virtualization Based Security  = Enabled,  Secure Boot = On, DMA Protection = On,  Virtualization Based Code Integrity = Disabled, Credential Guard = Enabled, Machine Identity Isolation = Disabled, Kernel-mode Hardware-enforced Stack Protection = Not configured, Reboot required = No, Status = 0x0."
"18-08-2026 10:35:25","7000","Information","Microsoft-Windows-DeviceGuard","Device Guard successfully processed the Group Policy: Virtualization Based Security  = Enabled,  Secure Boot = On, DMA Protection = On,  Virtualization Based Code Integrity = Disabled, Credential Guard = Enabled, Machine Identity Isolation = Disabled, Kernel-mode Hardware-enforced Stack Protection = Not configured, Reboot required = No, Status = 0x0."
"18-08-2026 10:35:25","7000","Information","Microsoft-Windows-DeviceGuard","Device Guard successfully processed the Group Policy: Virtualization Based Security  = Enabled,  Secure Boot = On, DMA Protection = On,  Virtualization Based Code Integrity = Disabled, Credential Guard = Enabled, Machine Identity Isolation = Disabled, Kernel-mode Hardware-enforced Stack Protection = Not configured, Reboot required = No, Status = 0x0."
"18-08-2026 10:35:22","7000","Information","Microsoft-Windows-DeviceGuard","Device Guard successfully processed the Group Policy: Virtualization Based Security  = Enabled,  Secure Boot = On, DMA Protection = On,  Virtualization Based Code Integrity = Disabled, Credential Guard = Enabled, Machine Identity Isolation = Disabled, Kernel-mode Hardware-enforced Stack Protection = Not configured, Reboot required = No, Status = 0x0."
"18-08-2026 10:35:21","7000","Information","Microsoft-Windows-DeviceGuard","Device Guard successfully processed the Group Policy: Virtualization Based Security  = Enabled,  Secure Boot = On, DMA Protection = On,  Virtualization Based Code Integrity = Disabled, Credential Guard = Enabled, Machine Identity Isolation = Disabled, Kernel-mode Hardware-enforced Stack Protection = Not configured, Reboot required = No, Status = 0x0."
"18-08-2026 10:35:21","7000","Information","Microsoft-Windows-DeviceGuard","Device Guard successfully processed the Group Policy: Virtualization Based Security  = Enabled,  Secure Boot = On, DMA Protection = On,  Virtualization Based Code Integrity = Disabled, Credential Guard = Enabled, Machine Identity Isolation = Disabled, Kernel-mode Hardware-enforced Stack Protection = Not configured, Reboot required = No, Status = 0x0."
"18-08-2026 10:34:51","7000","Information","Microsoft-Windows-DeviceGuard","Device Guard successfully processed the Group Policy: Virtualization Based Security  = Enabled,  Secure Boot = On, DMA Protection = On,  Virtualization Based Code Integrity = Disabled, Credential Guard = Enabled, Machine Identity Isolation = Disabled, Kernel-mode Hardware-enforced Stack Protection = Not configured, Reboot required = No, Status = 0x0."
"18-08-2026 10:34:50","7000","Information","Microsoft-Windows-DeviceGuard","Device Guard successfully processed the Group Policy: Virtualization Based Security  = Enabled,  Secure Boot = On, DMA Protection = On,  Virtualization Based Code Integrity = Disabled, Credential Guard = Enabled, Machine Identity Isolation = Disabled, Kernel-mode Hardware-enforced Stack Protection = Not configured, Reboot required = No, Status = 0x0."
"18-08-2026 10:34:50","7000","Information","Microsoft-Windows-DeviceGuard","Device Guard successfully processed the Group Policy: Virtualization Based Security  = Enabled,  Secure Boot = On, DMA Protection = On,  Virtualization Based Code Integrity = Disabled, Credential Guard = Enabled, Machine Identity Isolation = Disabled, Kernel-mode Hardware-enforced Stack Protection = Not configured, Reboot required = No, Status = 0x0."
"18-08-2026 10:34:47","7000","Information","Microsoft-Windows-DeviceGuard","Device Guard successfully processed the Group Policy: Virtualization Based Security  = Enabled,  Secure Boot = On, DMA Protection = On,  Virtualization Based Code Integrity = Disabled, Credential Guard = Enabled, Machine Identity Isolation = Disabled, Kernel-mode Hardware-enforced Stack Protection = Not configured, Reboot required = No, Status = 0x0."
"18-08-2026 10:34:47","7000","Information","Microsoft-Windows-DeviceGuard","Device Guard successfully processed the Group Policy: Virtualization Based Security  = Enabled,  Secure Boot = On, DMA Protection = On,  Virtualization Based Code Integrity = Disabled, Credential Guard = Enabled, Machine Identity Isolation = Disabled, Kernel-mode Hardware-enforced Stack Protection = Not configured, Reboot required = No, Status = 0x0."
"18-08-2026 10:34:47","7000","Information","Microsoft-Windows-DeviceGuard","Device Guard successfully processed the Group Policy: Virtualization Based Security  = Enabled,  Secure Boot = On, DMA Protection = On,  Virtualization Based Code Integrity = Disabled, Credential Guard = Enabled, Machine Identity Isolation = Disabled, Kernel-mode Hardware-enforced Stack Protection = Not configured, Reboot required = No, Status = 0x0."
"18-08-2026 10:34:15","7000","Information","Microsoft-Windows-DeviceGuard","Device Guard successfully processed the Group Policy: Virtualization Based Security  = Enabled,  Secure Boot = On, DMA Protection = On,  Virtualization Based Code Integrity = Disabled, Credential Guard = Enabled, Machine Identity Isolation = Disabled, Kernel-mode Hardware-enforced Stack Protection = Not configured, Reboot required = No, Status = 0x0."
"18-08-2026 10:34:15","7000","Information","Microsoft-Windows-DeviceGuard","Device Guard successfully processed the Group Policy: Virtualization Based Security  = Enabled,  Secure Boot = On, DMA Protection = On,  Virtualization Based Code Integrity = Disabled, Credential Guard = Enabled, Machine Identity Isolation = Disabled, Kernel-mode Hardware-enforced Stack Protection = Not configured, Reboot required = No, Status = 0x0."
"18-08-2026 10:34:15","7000","Information","Microsoft-Windows-DeviceGuard","Device Guard successfully processed the Group Policy: Virtualization Based Security  = Enabled,  Secure Boot = On, DMA Protection = On,  Virtualization Based Code Integrity = Disabled, Credential Guard = Enabled, Machine Identity Isolation = Disabled, Kernel-mode Hardware-enforced Stack Protection = Not configured, Reboot required = No, Status = 0x0."
"18-08-2026 10:34:12","7000","Information","Microsoft-Windows-DeviceGuard","Device Guard successfully processed the Group Policy: Virtualization Based Security  = Enabled,  Secure Boot = On, DMA Protection = On,  Virtualization Based Code Integrity = Disabled, Credential Guard = Enabled, Machine Identity Isolation = Disabled, Kernel-mode Hardware-enforced Stack Protection = Not configured, Reboot required = No, Status = 0x0."
"18-08-2026 10:34:12","7000","Information","Microsoft-Windows-DeviceGuard","Device Guard successfully processed the Group Policy: Virtualization Based Security  = Enabled,  Secure Boot = On, DMA Protection = On,  Virtualization Based Code Integrity = Disabled, Credential Guard = Enabled, Machine Identity Isolation = Disabled, Kernel-mode Hardware-enforced Stack Protection = Not configured, Reboot required = No, Status = 0x0."
"18-08-2026 10:34:12","7000","Information","Microsoft-Windows-DeviceGuard","Device Guard successfully processed the Group Policy: Virtualization Based Security  = Enabled,  Secure Boot = On, DMA Protection = On,  Virtualization Based Code Integrity = Disabled, Credential Guard = Enabled, Machine Identity Isolation = Disabled, Kernel-mode Hardware-enforced Stack Protection = Not configured, Reboot required = No, Status = 0x0."
"18-08-2026 10:33:11","7000","Information","Microsoft-Windows-DeviceGuard","Device Guard successfully processed the Group Policy: Virtualization Based Security  = Enabled,  Secure Boot = On, DMA Protection = On,  Virtualization Based Code Integrity = Disabled, Credential Guard = Enabled, Machine Identity Isolation = Disabled, Kernel-mode Hardware-enforced Stack Protection = Not configured, Reboot required = No, Status = 0x0."
"18-08-2026 10:33:11","7000","Information","Microsoft-Windows-DeviceGuard","Device Guard successfully processed the Group Policy: Virtualization Based Security  = Enabled,  Secure Boot = On, DMA Protection = On,  Virtualization Based Code Integrity = Disabled, Credential Guard = Enabled, Machine Identity Isolation = Disabled, Kernel-mode Hardware-enforced Stack Protection = Not configured, Reboot required = No, Status = 0x0."
"18-08-2026 10:33:11","7000","Information","Microsoft-Windows-DeviceGuard","Device Guard successfully processed the Group Policy: Virtualization Based Security  = Enabled,  Secure Boot = On, DMA Protection = On,  Virtualization Based Code Integrity = Disabled, Credential Guard = Enabled, Machine Identity Isolation = Disabled, Kernel-mode Hardware-enforced Stack Protection = Not configured, Reboot required = No, Status = 0x0."
"18-08-2026 10:33:05","7000","Information","Microsoft-Windows-DeviceGuard","Device Guard successfully processed the Group Policy: Virtualization Based Security  = Enabled,  Secure Boot = On, DMA Protection = On,  Virtualization Based Code Integrity = Disabled, Credential Guard = Enabled, Machine Identity Isolation = Disabled, Kernel-mode Hardware-enforced Stack Protection = Not configured, Reboot required = No, Status = 0x0."
"18-08-2026 10:33:05","7000","Information","Microsoft-Windows-DeviceGuard","Device Guard successfully processed the Group Policy: Virtualization Based Security  = Enabled,  Secure Boot = On, DMA Protection = On,  Virtualization Based Code Integrity = Disabled, Credential Guard = Enabled, Machine Identity Isolation = Disabled, Kernel-mode Hardware-enforced Stack Protection = Not configured, Reboot required = No, Status = 0x0."
"18-08-2026 10:33:04","7000","Information","Microsoft-Windows-DeviceGuard","Device Guard successfully processed the Group Policy: Virtualization Based Security  = Enabled,  Secure Boot = On, DMA Protection = On,  Virtualization Based Code Integrity = Disabled, Credential Guard = Enabled, Machine Identity Isolation = Disabled, Kernel-mode Hardware-enforced Stack Protection = Not configured, Reboot required = No, Status = 0x0."
"18-08-2026 10:32:25","7000","Information","Microsoft-Windows-DeviceGuard","Device Guard successfully processed the Group Policy: Virtualization Based Security  = Enabled,  Secure Boot = On, DMA Protection = On,  Virtualization Based Code Integrity = Disabled, Credential Guard = Enabled, Machine Identity Isolation = Disabled, Kernel-mode Hardware-enforced Stack Protection = Not configured, Reboot required = No, Status = 0x0."
"18-08-2026 10:32:25","7000","Information","Microsoft-Windows-DeviceGuard","Device Guard successfully processed the Group Policy: Virtualization Based Security  = Enabled,  Secure Boot = On, DMA Protection = On,  Virtualization Based Code Integrity = Disabled, Credential Guard = Enabled, Machine Identity Isolation = Disabled, Kernel-mode Hardware-enforced Stack Protection = Not configured, Reboot required = No, Status = 0x0."
"18-08-2026 10:32:25","7000","Information","Microsoft-Windows-DeviceGuard","Device Guard successfully processed the Group Policy: Virtualization Based Security  = Enabled,  Secure Boot = On, DMA Protection = On,  Virtualization Based Code Integrity = Disabled, Credential Guard = Enabled, Machine Identity Isolation = Disabled, Kernel-mode Hardware-enforced Stack Protection = Not configured, Reboot required = No, Status = 0x0."
"18-08-2026 10:32:05","7000","Information","Microsoft-Windows-DeviceGuard","Device Guard successfully processed the Group Policy: Virtualization Based Security  = Enabled,  Secure Boot = On, DMA Protection = On,  Virtualization Based Code Integrity = Disabled, Credential Guard = Enabled, Machine Identity Isolation = Disabled, Kernel-mode Hardware-enforced Stack Protection = Not configured, Reboot required = No, Status = 0x0."
"18-08-2026 10:32:05","7000","Information","Microsoft-Windows-DeviceGuard","Device Guard successfully processed the Group Policy: Virtualization Based Security  = Enabled,  Secure Boot = On, DMA Protection = On,  Virtualization Based Code Integrity = Disabled, Credential Guard = Enabled, Machine Identity Isolation = Disabled, Kernel-mode Hardware-enforced Stack Protection = Not configured, Reboot required = No, Status = 0x0."
"18-08-2026 10:32:03","7000","Information","Microsoft-Windows-DeviceGuard","Device Guard successfully processed the Group Policy: Virtualization Based Security  = Enabled,  Secure Boot = On, DMA Protection = On,  Virtualization Based Code Integrity = Disabled, Credential Guard = Enabled, Machine Identity Isolation = Disabled, Kernel-mode Hardware-enforced Stack Protection = Not configured, Reboot required = No, Status = 0x0."
"18-08-2026 10:29:58","7000","Information","Microsoft-Windows-DeviceGuard","Device Guard successfully processed the Group Policy: Virtualization Based Security  = Enabled,  Secure Boot = On, DMA Protection = On,  Virtualization Based Code Integrity = Disabled, Credential Guard = Enabled, Machine Identity Isolation = Disabled, Kernel-mode Hardware-enforced Stack Protection = Not configured, Reboot required = No, Status = 0x0."
"18-08-2026 10:29:58","7000","Information","Microsoft-Windows-DeviceGuard","Device Guard successfully processed the Group Policy: Virtualization Based Security  = Enabled,  Secure Boot = On, DMA Protection = On,  Virtualization Based Code Integrity = Disabled, Credential Guard = Enabled, Machine Identity Isolation = Disabled, Kernel-mode Hardware-enforced Stack Protection = Not configured, Reboot required = No, Status = 0x0."
"18-08-2026 10:29:27","7000","Information","Microsoft-Windows-DeviceGuard","Device Guard successfully processed the Group Policy: Virtualization Based Security  = Enabled,  Secure Boot = On, DMA Protection = On,  Virtualization Based Code Integrity = Disabled, Credential Guard = Enabled, Machine Identity Isolation = Disabled, Kernel-mode Hardware-enforced Stack Protection = Not configured, Reboot required = No, Status = 0x0."
"18-08-2026 10:29:27","7000","Information","Microsoft-Windows-DeviceGuard","Device Guard successfully processed the Group Policy: Virtualization Based Security  = Enabled,  Secure Boot = On, DMA Protection = On,  Virtualization Based Code Integrity = Disabled, Credential Guard = Enabled, Machine Identity Isolation = Disabled, Kernel-mode Hardware-enforced Stack Protection = Not configured, Reboot required = No, Status = 0x0."
"18-08-2026 10:29:27","7000","Information","Microsoft-Windows-DeviceGuard","Device Guard successfully processed the Group Policy: Virtualization Based Security  = Enabled,  Secure Boot = On, DMA Protection = On,  Virtualization Based Code Integrity = Disabled, Credential Guard = Enabled, Machine Identity Isolation = Disabled, Kernel-mode Hardware-enforced Stack Protection = Not configured, Reboot required = No, Status = 0x0."
"18-08-2026 10:29:26","7000","Information","Microsoft-Windows-DeviceGuard","Device Guard successfully processed the Group Policy: Virtualization Based Security  = Enabled,  Secure Boot = On, DMA Protection = On,  Virtualization Based Code Integrity = Disabled, Credential Guard = Enabled, Machine Identity Isolation = Disabled, Kernel-mode Hardware-enforced Stack Protection = Not configured, Reboot required = No, Status = 0x0."
"18-08-2026 10:29:26","7000","Information","Microsoft-Windows-DeviceGuard","Device Guard successfully processed the Group Policy: Virtualization Based Security  = Enabled,  Secure Boot = On, DMA Protection = On,  Virtualization Based Code Integrity = Disabled, Credential Guard = Enabled, Machine Identity Isolation = Disabled, Kernel-mode Hardware-enforced Stack Protection = Not configured, Reboot required = No, Status = 0x0."
"18-08-2026 10:29:25","7000","Information","Microsoft-Windows-DeviceGuard","Device Guard successfully processed the Group Policy: Virtualization Based Security  = Enabled,  Secure Boot = On, DMA Protection = On,  Virtualization Based Code Integrity = Disabled, Credential Guard = Enabled, Machine Identity Isolation = Disabled, Kernel-mode Hardware-enforced Stack Protection = Not configured, Reboot required = No, Status = 0x0."
"18-08-2026 09:46:55","7000","Information","Microsoft-Windows-DeviceGuard","Device Guard successfully processed the Group Policy: Virtualization Based Security  = Enabled,  Secure Boot = On, DMA Protection = On,  Virtualization Based Code Integrity = Disabled, Credential Guard = Enabled, Machine Identity Isolation = Disabled, Kernel-mode Hardware-enforced Stack Protection = Not configured, Reboot required = No, Status = 0x0."
"18-08-2026 09:46:54","7000","Information","Microsoft-Windows-DeviceGuard","Device Guard successfully processed the Group Policy: Virtualization Based Security  = Enabled,  Secure Boot = On, DMA Protection = On,  Virtualization Based Code Integrity = Disabled, Credential Guard = Enabled, Machine Identity Isolation = Disabled, Kernel-mode Hardware-enforced Stack Protection = Not configured, Reboot required = No, Status = 0x0."
"18-08-2026 09:46:54","7000","Information","Microsoft-Windows-DeviceGuard","Device Guard successfully processed the Group Policy: Virtualization Based Security  = Enabled,  Secure Boot = On, DMA Protection = On,  Virtualization Based Code Integrity = Disabled, Credential Guard = Enabled, Machine Identity Isolation = Disabled, Kernel-mode Hardware-enforced Stack Protection = Not configured, Reboot required = No, Status = 0x0."
"18-08-2026 09:46:52","7000","Information","Microsoft-Windows-DeviceGuard","Device Guard successfully processed the Group Policy: Virtualization Based Security  = Enabled,  Secure Boot = On, DMA Protection = On,  Virtualization Based Code Integrity = Disabled, Credential Guard = Enabled, Machine Identity Isolation = Disabled, Kernel-mode Hardware-enforced Stack Protection = Not configured, Reboot required = No, Status = 0x0."
"18-08-2026 09:46:52","7000","Information","Microsoft-Windows-DeviceGuard","Device Guard successfully processed the Group Policy: Virtualization Based Security  = Enabled,  Secure Boot = On, DMA Protection = On,  Virtualization Based Code Integrity = Disabled, Credential Guard = Enabled, Machine Identity Isolation = Disabled, Kernel-mode Hardware-enforced Stack Protection = Not configured, Reboot required = No, Status = 0x0."
"18-08-2026 09:46:52","7000","Information","Microsoft-Windows-DeviceGuard","Device Guard successfully processed the Group Policy: Virtualization Based Security  = Enabled,  Secure Boot = On, DMA Protection = On,  Virtualization Based Code Integrity = Disabled, Credential Guard = Enabled, Machine Identity Isolation = Disabled, Kernel-mode Hardware-enforced Stack Protection = Not configured, Reboot required = No, Status = 0x0."
"18-08-2026 09:46:48","7000","Information","Microsoft-Windows-DeviceGuard","Device Guard successfully processed the Group Policy: Virtualization Based Security  = Enabled,  Secure Boot = On, DMA Protection = On,  Virtualization Based Code Integrity = Disabled, Credential Guard = Enabled, Machine Identity Isolation = Disabled, Kernel-mode Hardware-enforced Stack Protection = Not configured, Reboot required = No, Status = 0x0."
"18-08-2026 09:46:48","7000","Information","Microsoft-Windows-DeviceGuard","Device Guard successfully processed the Group Policy: Virtualization Based Security  = Enabled,  Secure Boot = On, DMA Protection = On,  Virtualization Based Code Integrity = Disabled, Credential Guard = Enabled, Machine Identity Isolation = Disabled, Kernel-mode Hardware-enforced Stack Protection = Not configured, Reboot required = No, Status = 0x0."
"18-08-2026 09:46:20","7000","Information","Microsoft-Windows-DeviceGuard","Device Guard successfully processed the Group Policy: Virtualization Based Security  = Enabled,  Secure Boot = On, DMA Protection = On,  Virtualization Based Code Integrity = Disabled, Credential Guard = Enabled, Machine Identity Isolation = Disabled, Kernel-mode Hardware-enforced Stack Protection = Not configured, Reboot required = No, Status = 0x0."
"18-08-2026 09:46:20","7000","Information","Microsoft-Windows-DeviceGuard","Device Guard successfully processed the Group Policy: Virtualization Based Security  = Enabled,  Secure Boot = On, DMA Protection = On,  Virtualization Based Code Integrity = Disabled, Credential Guard = Enabled, Machine Identity Isolation = Disabled, Kernel-mode Hardware-enforced Stack Protection = Not configured, Reboot required = No, Status = 0x0."
"18-08-2026 09:46:20","7000","Information","Microsoft-Windows-DeviceGuard","Device Guard successfully processed the Group Policy: Virtualization Based Security  = Enabled,  Secure Boot = On, DMA Protection = On,  Virtualization Based Code Integrity = Disabled, Credential Guard = Enabled, Machine Identity Isolation = Disabled, Kernel-mode Hardware-enforced Stack Protection = Not configured, Reboot required = No, Status = 0x0."
"18-08-2026 09:46:18","7000","Information","Microsoft-Windows-DeviceGuard","Device Guard successfully processed the Group Policy: Virtualization Based Security  = Enabled,  Secure Boot = On, DMA Protection = On,  Virtualization Based Code Integrity = Disabled, Credential Guard = Enabled, Machine Identity Isolation = Disabled, Kernel-mode Hardware-enforced Stack Protection = Not configured, Reboot required = No, Status = 0x0."
"18-08-2026 09:46:18","7000","Information","Microsoft-Windows-DeviceGuard","Device Guard successfully processed the Group Policy: Virtualization Based Security  = Enabled,  Secure Boot = On, DMA Protection = On,  Virtualization Based Code Integrity = Disabled, Credential Guard = Enabled, Machine Identity Isolation = Disabled, Kernel-mode Hardware-enforced Stack Protection = Not configured, Reboot required = No, Status = 0x0."
"18-08-2026 09:46:18","7000","Information","Microsoft-Windows-DeviceGuard","Device Guard successfully processed the Group Policy: Virtualization Based Security  = Enabled,  Secure Boot = On, DMA Protection = On,  Virtualization Based Code Integrity = Disabled, Credential Guard = Enabled, Machine Identity Isolation = Disabled, Kernel-mode Hardware-enforced Stack Protection = Not configured, Reboot required = No, Status = 0x0."
"18-08-2026 09:45:51","7000","Information","Microsoft-Windows-DeviceGuard","Device Guard successfully processed the Group Policy: Virtualization Based Security  = Enabled,  Secure Boot = On, DMA Protection = On,  Virtualization Based Code Integrity = Disabled, Credential Guard = Enabled, Machine Identity Isolation = Disabled, Kernel-mode Hardware-enforced Stack Protection = Not configured, Reboot required = No, Status = 0x0."
"18-08-2026 09:45:51","7000","Information","Microsoft-Windows-DeviceGuard","Device Guard successfully processed the Group Policy: Virtualization Based Security  = Enabled,  Secure Boot = On, DMA Protection = On,  Virtualization Based Code Integrity = Disabled, Credential Guard = Enabled, Machine Identity Isolation = Disabled, Kernel-mode Hardware-enforced Stack Protection = Not configured, Reboot required = No, Status = 0x0."
"18-08-2026 09:45:51","7000","Information","Microsoft-Windows-DeviceGuard","Device Guard successfully processed the Group Policy: Virtualization Based Security  = Enabled,  Secure Boot = On, DMA Protection = On,  Virtualization Based Code Integrity = Disabled, Credential Guard = Enabled, Machine Identity Isolation = Disabled, Kernel-mode Hardware-enforced Stack Protection = Not configured, Reboot required = No, Status = 0x0."
"18-08-2026 09:45:47","7000","Information","Microsoft-Windows-DeviceGuard","Device Guard successfully processed the Group Policy: Virtualization Based Security  = Enabled,  Secure Boot = On, DMA Protection = On,  Virtualization Based Code Integrity = Disabled, Credential Guard = Enabled, Machine Identity Isolation = Disabled, Kernel-mode Hardware-enforced Stack Protection = Not configured, Reboot required = No, Status = 0x0."
"18-08-2026 09:45:47","7000","Information","Microsoft-Windows-DeviceGuard","Device Guard successfully processed the Group Policy: Virtualization Based Security  = Enabled,  Secure Boot = On, DMA Protection = On,  Virtualization Based Code Integrity = Disabled, Credential Guard = Enabled, Machine Identity Isolation = Disabled, Kernel-mode Hardware-enforced Stack Protection = Not configured, Reboot required = No, Status = 0x0."
"18-08-2026 09:45:47","7000","Information","Microsoft-Windows-DeviceGuard","Device Guard successfully processed the Group Policy: Virtualization Based Security  = Enabled,  Secure Boot = On, DMA Protection = On,  Virtualization Based Code Integrity = Disabled, Credential Guard = Enabled, Machine Identity Isolation = Disabled, Kernel-mode Hardware-enforced Stack Protection = Not configured, Reboot required = No, Status = 0x0."
"18-08-2026 09:44:51","7000","Information","Microsoft-Windows-DeviceGuard","Device Guard successfully processed the Group Policy: Virtualization Based Security  = Enabled,  Secure Boot = On, DMA Protection = On,  Virtualization Based Code Integrity = Disabled, Credential Guard = Enabled, Machine Identity Isolation = Disabled, Kernel-mode Hardware-enforced Stack Protection = Not configured, Reboot required = No, Status = 0x0."
"18-08-2026 09:44:51","7000","Information","Microsoft-Windows-DeviceGuard","Device Guard successfully processed the Group Policy: Virtualization Based Security  = Enabled,  Secure Boot = On, DMA Protection = On,  Virtualization Based Code Integrity = Disabled, Credential Guard = Enabled, Machine Identity Isolation = Disabled, Kernel-mode Hardware-enforced Stack Protection = Not configured, Reboot required = No, Status = 0x0."
"18-08-2026 09:44:51","7000","Information","Microsoft-Windows-DeviceGuard","Device Guard successfully processed the Group Policy: Virtualization Based Security  = Enabled,  Secure Boot = On, DMA Protection = On,  Virtualization Based Code Integrity = Disabled, Credential Guard = Enabled, Machine Identity Isolation = Disabled, Kernel-mode Hardware-enforced Stack Protection = Not configured, Reboot required = No, Status = 0x0."
"18-08-2026 09:44:48","7000","Information","Microsoft-Windows-DeviceGuard","Device Guard successfully processed the Group Policy: Virtualization Based Security  = Enabled,  Secure Boot = On, DMA Protection = On,  Virtualization Based Code Integrity = Disabled, Credential Guard = Enabled, Machine Identity Isolation = Disabled, Kernel-mode Hardware-enforced Stack Protection = Not configured, Reboot required = No, Status = 0x0."
"18-08-2026 09:44:48","7000","Information","Microsoft-Windows-DeviceGuard","Device Guard successfully processed the Group Policy: Virtualization Based Security  = Enabled,  Secure Boot = On, DMA Protection = On,  Virtualization Based Code Integrity = Disabled, Credential Guard = Enabled, Machine Identity Isolation = Disabled, Kernel-mode Hardware-enforced Stack Protection = Not configured, Reboot required = No, Status = 0x0."
"18-08-2026 09:44:48","7000","Information","Microsoft-Windows-DeviceGuard","Device Guard successfully processed the Group Policy: Virtualization Based Security  = Enabled,  Secure Boot = On, DMA Protection = On,  Virtualization Based Code Integrity = Disabled, Credential Guard = Enabled, Machine Identity Isolation = Disabled, Kernel-mode Hardware-enforced Stack Protection = Not configured, Reboot required = No, Status = 0x0."
"18-08-2026 09:43:28","7000","Information","Microsoft-Windows-DeviceGuard","Device Guard successfully processed the Group Policy: Virtualization Based Security  = Enabled,  Secure Boot = On, DMA Protection = On,  Virtualization Based Code Integrity = Disabled, Credential Guard = Enabled, Machine Identity Isolation = Disabled, Kernel-mode Hardware-enforced Stack Protection = Not configured, Reboot required = No, Status = 0x0."
"18-08-2026 09:43:01","7000","Information","Microsoft-Windows-DeviceGuard","Device Guard successfully processed the Group Policy: Virtualization Based Security  = Enabled,  Secure Boot = On, DMA Protection = On,  Virtualization Based Code Integrity = Disabled, Credential Guard = Enabled, Machine Identity Isolation = Disabled, Kernel-mode Hardware-enforced Stack Protection = Not configured, Reboot required = No, Status = 0x0."
"17-08-2026 21:28:01","7000","Information","Microsoft-Windows-DeviceGuard","Device Guard successfully processed the Group Policy: Virtualization Based Security  = Enabled,  Secure Boot = On, DMA Protection = On,  Virtualization Based Code Integrity = Disabled, Credential Guard = Enabled, Machine Identity Isolation = Disabled, Kernel-mode Hardware-enforced Stack Protection = Not configured, Reboot required = No, Status = 0x0."
"17-08-2026 21:28:01","7000","Information","Microsoft-Windows-DeviceGuard","Device Guard successfully processed the Group Policy: Virtualization Based Security  = Enabled,  Secure Boot = On, DMA Protection = On,  Virtualization Based Code Integrity = Disabled, Credential Guard = Enabled, Machine Identity Isolation = Disabled, Kernel-mode Hardware-enforced Stack Protection = Not configured, Reboot required = No, Status = 0x0."
"17-08-2026 19:46:02","7000","Information","Microsoft-Windows-DeviceGuard","Device Guard successfully processed the Group Policy: Virtualization Based Security  = Enabled,  Secure Boot = On, DMA Protection = On,  Virtualization Based Code Integrity = Disabled, Credential Guard = Enabled, Machine Identity Isolation = Disabled, Kernel-mode Hardware-enforced Stack Protection = Not configured, Reboot required = No, Status = 0x0."
"17-08-2026 19:46:02","7000","Information","Microsoft-Windows-DeviceGuard","Device Guard successfully processed the Group Policy: Virtualization Based Security  = Enabled,  Secure Boot = On, DMA Protection = On,  Virtualization Based Code Integrity = Disabled, Credential Guard = Enabled, Machine Identity Isolation = Disabled, Kernel-mode Hardware-enforced Stack Protection = Not configured, Reboot required = No, Status = 0x0."
"17-08-2026 15:56:02","7000","Information","Microsoft-Windows-DeviceGuard","Device Guard successfully processed the Group Policy: Virtualization Based Security  = Enabled,  Secure Boot = On, DMA Protection = On,  Virtualization Based Code Integrity = Disabled, Credential Guard = Enabled, Machine Identity Isolation = Disabled, Kernel-mode Hardware-enforced Stack Protection = Not configured, Reboot required = No, Status = 0x0."
"17-08-2026 15:56:02","7000","Information","Microsoft-Windows-DeviceGuard","Device Guard successfully processed the Group Policy: Virtualization Based Security  = Enabled,  Secure Boot = On, DMA Protection = On,  Virtualization Based Code Integrity = Disabled, Credential Guard = Enabled, Machine Identity Isolation = Disabled, Kernel-mode Hardware-enforced Stack Protection = Not configured, Reboot required = No, Status = 0x0."
"17-08-2026 13:11:02","7000","Information","Microsoft-Windows-DeviceGuard","Device Guard successfully processed the Group Policy: Virtualization Based Security  = Enabled,  Secure Boot = On, DMA Protection = On,  Virtualization Based Code Integrity = Disabled, Credential Guard = Enabled, Machine Identity Isolation = Disabled, Kernel-mode Hardware-enforced Stack Protection = Not configured, Reboot required = No, Status = 0x0."
"17-08-2026 13:11:02","7000","Information","Microsoft-Windows-DeviceGuard","Device Guard successfully processed the Group Policy: Virtualization Based Security  = Enabled,  Secure Boot = On, DMA Protection = On,  Virtualization Based Code Integrity = Disabled, Credential Guard = Enabled, Machine Identity Isolation = Disabled, Kernel-mode Hardware-enforced Stack Protection = Not configured, Reboot required = No, Status = 0x0."
"17-08-2026 12:06:02","7000","Information","Microsoft-Windows-DeviceGuard","Device Guard successfully processed the Group Policy: Virtualization Based Security  = Enabled,  Secure Boot = On, DMA Protection = On,  Virtualization Based Code Integrity = Disabled, Credential Guard = Enabled, Machine Identity Isolation = Disabled, Kernel-mode Hardware-enforced Stack Protection = Not configured, Reboot required = No, Status = 0x0."
"17-08-2026 12:06:02","7000","Information","Microsoft-Windows-DeviceGuard","Device Guard successfully processed the Group Policy: Virtualization Based Security  = Enabled,  Secure Boot = On, DMA Protection = On,  Virtualization Based Code Integrity = Disabled, Credential Guard = Enabled, Machine Identity Isolation = Disabled, Kernel-mode Hardware-enforced Stack Protection = Not configured, Reboot required = No, Status = 0x0."
"17-08-2026 09:44:15","7000","Information","Microsoft-Windows-DeviceGuard","Device Guard successfully processed the Group Policy: Virtualization Based Security  = Enabled,  Secure Boot = On, DMA Protection = On,  Virtualization Based Code Integrity = Disabled, Credential Guard = Enabled, Machine Identity Isolation = Disabled, Kernel-mode Hardware-enforced Stack Protection = Not configured, Reboot required = No, Status = 0x0."
"17-08-2026 09:44:15","7000","Information","Microsoft-Windows-DeviceGuard","Device Guard successfully processed the Group Policy: Virtualization Based Security  = Enabled,  Secure Boot = On, DMA Protection = On,  Virtualization Based Code Integrity = Disabled, Credential Guard = Enabled, Machine Identity Isolation = Disabled, Kernel-mode Hardware-enforced Stack Protection = Not configured, Reboot required = No, Status = 0x0."
"17-08-2026 09:44:15","7000","Information","Microsoft-Windows-DeviceGuard","Device Guard successfully processed the Group Policy: Virtualization Based Security  = Enabled,  Secure Boot = On, DMA Protection = On,  Virtualization Based Code Integrity = Disabled, Credential Guard = Enabled, Machine Identity Isolation = Disabled, Kernel-mode Hardware-enforced Stack Protection = Not configured, Reboot required = No, Status = 0x0."
"17-08-2026 09:44:13","7000","Information","Microsoft-Windows-DeviceGuard","Device Guard successfully processed the Group Policy: Virtualization Based Security  = Enabled,  Secure Boot = On, DMA Protection = On,  Virtualization Based Code Integrity = Disabled, Credential Guard = Enabled, Machine Identity Isolation = Disabled, Kernel-mode Hardware-enforced Stack Protection = Not configured, Reboot required = No, Status = 0x0."
"17-08-2026 09:44:13","7000","Information","Microsoft-Windows-DeviceGuard","Device Guard successfully processed the Group Policy: Virtualization Based Security  = Enabled,  Secure Boot = On, DMA Protection = On,  Virtualization Based Code Integrity = Disabled, Credential Guard = Enabled, Machine Identity Isolation = Disabled, Kernel-mode Hardware-enforced Stack Protection = Not configured, Reboot required = No, Status = 0x0."
"17-08-2026 09:44:12","7000","Information","Microsoft-Windows-DeviceGuard","Device Guard successfully processed the Group Policy: Virtualization Based Security  = Enabled,  Secure Boot = On, DMA Protection = On,  Virtualization Based Code Integrity = Disabled, Credential Guard = Enabled, Machine Identity Isolation = Disabled, Kernel-mode Hardware-enforced Stack Protection = Not configured, Reboot required = No, Status = 0x0."
"17-08-2026 09:43:11","7000","Information","Microsoft-Windows-DeviceGuard","Device Guard successfully processed the Group Policy: Virtualization Based Security  = Enabled,  Secure Boot = On, DMA Protection = On,  Virtualization Based Code Integrity = Disabled, Credential Guard = Enabled, Machine Identity Isolation = Disabled, Kernel-mode Hardware-enforced Stack Protection = Not configured, Reboot required = No, Status = 0x0."
"17-08-2026 09:43:11","7000","Information","Microsoft-Windows-DeviceGuard","Device Guard successfully processed the Group Policy: Virtualization Based Security  = Enabled,  Secure Boot = On, DMA Protection = On,  Virtualization Based Code Integrity = Disabled, Credential Guard = Enabled, Machine Identity Isolation = Disabled, Kernel-mode Hardware-enforced Stack Protection = Not configured, Reboot required = No, Status = 0x0."
"17-08-2026 09:43:11","7000","Information","Microsoft-Windows-DeviceGuard","Device Guard successfully processed the Group Policy: Virtualization Based Security  = Enabled,  Secure Boot = On, DMA Protection = On,  Virtualization Based Code Integrity = Disabled, Credential Guard = Enabled, Machine Identity Isolation = Disabled, Kernel-mode Hardware-enforced Stack Protection = Not configured, Reboot required = No, Status = 0x0."
"17-08-2026 09:43:08","7000","Information","Microsoft-Windows-DeviceGuard","Device Guard successfully processed the Group Policy: Virtualization Based Security  = Enabled,  Secure Boot = On, DMA Protection = On,  Virtualization Based Code Integrity = Disabled, Credential Guard = Enabled, Machine Identity Isolation = Disabled, Kernel-mode Hardware-enforced Stack Protection = Not configured, Reboot required = No, Status = 0x0."
"17-08-2026 09:43:08","7000","Information","Microsoft-Windows-DeviceGuard","Device Guard successfully processed the Group Policy: Virtualization Based Security  = Enabled,  Secure Boot = On, DMA Protection = On,  Virtualization Based Code Integrity = Disabled, Credential Guard = Enabled, Machine Identity Isolation = Disabled, Kernel-mode Hardware-enforced Stack Protection = Not configured, Reboot required = No, Status = 0x0."
"17-08-2026 09:43:08","7000","Information","Microsoft-Windows-DeviceGuard","Device Guard successfully processed the Group Policy: Virtualization Based Security  = Enabled,  Secure Boot = On, DMA Protection = On,  Virtualization Based Code Integrity = Disabled, Credential Guard = Enabled, Machine Identity Isolation = Disabled, Kernel-mode Hardware-enforced Stack Protection = Not configured, Reboot required = No, Status = 0x0."
"17-08-2026 09:42:38","7000","Information","Microsoft-Windows-DeviceGuard","Device Guard successfully processed the Group Policy: Virtualization Based Security  = Enabled,  Secure Boot = On, DMA Protection = On,  Virtualization Based Code Integrity = Disabled, Credential Guard = Enabled, Machine Identity Isolation = Disabled, Kernel-mode Hardware-enforced Stack Protection = Not configured, Reboot required = No, Status = 0x0."
"17-08-2026 09:42:37","7000","Information","Microsoft-Windows-DeviceGuard","Device Guard successfully processed the Group Policy: Virtualization Based Security  = Enabled,  Secure Boot = On, DMA Protection = On,  Virtualization Based Code Integrity = Disabled, Credential Guard = Enabled, Machine Identity Isolation = Disabled, Kernel-mode Hardware-enforced Stack Protection = Not configured, Reboot required = No, Status = 0x0."
"17-08-2026 09:41:46","7000","Information","Microsoft-Windows-DeviceGuard","Device Guard successfully processed the Group Policy: Virtualization Based Security  = Enabled,  Secure Boot = On, DMA Protection = On,  Virtualization Based Code Integrity = Disabled, Credential Guard = Enabled, Machine Identity Isolation = Disabled, Kernel-mode Hardware-enforced Stack Protection = Not configured, Reboot required = No, Status = 0x0."
"17-08-2026 09:41:46","7000","Information","Microsoft-Windows-DeviceGuard","Device Guard successfully processed the Group Policy: Virtualization Based Security  = Enabled,  Secure Boot = On, DMA Protection = On,  Virtualization Based Code Integrity = Disabled, Credential Guard = Enabled, Machine Identity Isolation = Disabled, Kernel-mode Hardware-enforced Stack Protection = Not configured, Reboot required = No, Status = 0x0."
"17-08-2026 09:41:46","7000","Information","Microsoft-Windows-DeviceGuard","Device Guard successfully processed the Group Policy: Virtualization Based Security  = Enabled,  Secure Boot = On, DMA Protection = On,  Virtualization Based Code Integrity = Disabled, Credential Guard = Enabled, Machine Identity Isolation = Disabled, Kernel-mode Hardware-enforced Stack Protection = Not configured, Reboot required = No, Status = 0x0."
"17-08-2026 09:41:44","7000","Information","Microsoft-Windows-DeviceGuard","Device Guard successfully processed the Group Policy: Virtualization Based Security  = Enabled,  Secure Boot = On, DMA Protection = On,  Virtualization Based Code Integrity = Disabled, Credential Guard = Enabled, Machine Identity Isolation = Disabled, Kernel-mode Hardware-enforced Stack Protection = Not configured, Reboot required = No, Status = 0x0."
"17-08-2026 09:41:44","7000","Information","Microsoft-Windows-DeviceGuard","Device Guard successfully processed the Group Policy: Virtualization Based Security  = Enabled,  Secure Boot = On, DMA Protection = On,  Virtualization Based Code Integrity = Disabled, Credential Guard = Enabled, Machine Identity Isolation = Disabled, Kernel-mode Hardware-enforced Stack Protection = Not configured, Reboot required = No, Status = 0x0."
"17-08-2026 09:41:44","7000","Information","Microsoft-Windows-DeviceGuard","Device Guard successfully processed the Group Policy: Virtualization Based Security  = Enabled,  Secure Boot = On, DMA Protection = On,  Virtualization Based Code Integrity = Disabled, Credential Guard = Enabled, Machine Identity Isolation = Disabled, Kernel-mode Hardware-enforced Stack Protection = Not configured, Reboot required = No, Status = 0x0."
"17-08-2026 09:41:14","7000","Information","Microsoft-Windows-DeviceGuard","Device Guard successfully processed the Group Policy: Virtualization Based Security  = Enabled,  Secure Boot = On, DMA Protection = On,  Virtualization Based Code Integrity = Disabled, Credential Guard = Enabled, Machine Identity Isolation = Disabled, Kernel-mode Hardware-enforced Stack Protection = Not configured, Reboot required = No, Status = 0x0."
"17-08-2026 09:41:14","7000","Information","Microsoft-Windows-DeviceGuard","Device Guard successfully processed the Group Policy: Virtualization Based Security  = Enabled,  Secure Boot = On, DMA Protection = On,  Virtualization Based Code Integrity = Disabled, Credential Guard = Enabled, Machine Identity Isolation = Disabled, Kernel-mode Hardware-enforced Stack Protection = Not configured, Reboot required = No, Status = 0x0."
"17-08-2026 09:41:14","7000","Information","Microsoft-Windows-DeviceGuard","Device Guard successfully processed the Group Policy: Virtualization Based Security  = Enabled,  Secure Boot = On, DMA Protection = On,  Virtualization Based Code Integrity = Disabled, Credential Guard = Enabled, Machine Identity Isolation = Disabled, Kernel-mode Hardware-enforced Stack Protection = Not configured, Reboot required = No, Status = 0x0."
"17-08-2026 09:41:12","7000","Information","Microsoft-Windows-DeviceGuard","Device Guard successfully processed the Group Policy: Virtualization Based Security  = Enabled,  Secure Boot = On, DMA Protection = On,  Virtualization Based Code Integrity = Disabled, Credential Guard = Enabled, Machine Identity Isolation = Disabled, Kernel-mode Hardware-enforced Stack Protection = Not configured, Reboot required = No, Status = 0x0."
"17-08-2026 09:41:11","7000","Information","Microsoft-Windows-DeviceGuard","Device Guard successfully processed the Group Policy: Virtualization Based Security  = Enabled,  Secure Boot = On, DMA Protection = On,  Virtualization Based Code Integrity = Disabled, Credential Guard = Enabled, Machine Identity Isolation = Disabled, Kernel-mode Hardware-enforced Stack Protection = Not configured, Reboot required = No, Status = 0x0."
"17-08-2026 09:41:11","7000","Information","Microsoft-Windows-DeviceGuard","Device Guard successfully processed the Group Policy: Virtualization Based Security  = Enabled,  Secure Boot = On, DMA Protection = On,  Virtualization Based Code Integrity = Disabled, Credential Guard = Enabled, Machine Identity Isolation = Disabled, Kernel-mode Hardware-enforced Stack Protection = Not configured, Reboot required = No, Status = 0x0."
"17-08-2026 09:40:44","7000","Information","Microsoft-Windows-DeviceGuard","Device Guard successfully processed the Group Policy: Virtualization Based Security  = Enabled,  Secure Boot = On, DMA Protection = On,  Virtualization Based Code Integrity = Disabled, Credential Guard = Enabled, Machine Identity Isolation = Disabled, Kernel-mode Hardware-enforced Stack Protection = Not configured, Reboot required = No, Status = 0x0."
"17-08-2026 09:40:44","7000","Information","Microsoft-Windows-DeviceGuard","Device Guard successfully processed the Group Policy: Virtualization Based Security  = Enabled,  Secure Boot = On, DMA Protection = On,  Virtualization Based Code Integrity = Disabled, Credential Guard = Enabled, Machine Identity Isolation = Disabled, Kernel-mode Hardware-enforced Stack Protection = Not configured, Reboot required = No, Status = 0x0."
"17-08-2026 09:40:44","7000","Information","Microsoft-Windows-DeviceGuard","Device Guard successfully processed the Group Policy: Virtualization Based Security  = Enabled,  Secure Boot = On, DMA Protection = On,  Virtualization Based Code Integrity = Disabled, Credential Guard = Enabled, Machine Identity Isolation = Disabled, Kernel-mode Hardware-enforced Stack Protection = Not configured, Reboot required = No, Status = 0x0."
"17-08-2026 09:40:42","7000","Information","Microsoft-Windows-DeviceGuard","Device Guard successfully processed the Group Policy: Virtualization Based Security  = Enabled,  Secure Boot = On, DMA Protection = On,  Virtualization Based Code Integrity = Disabled, Credential Guard = Enabled, Machine Identity Isolation = Disabled, Kernel-mode Hardware-enforced Stack Protection = Not configured, Reboot required = No, Status = 0x0."
"17-08-2026 09:40:42","7000","Information","Microsoft-Windows-DeviceGuard","Device Guard successfully processed the Group Policy: Virtualization Based Security  = Enabled,  Secure Boot = On, DMA Protection = On,  Virtualization Based Code Integrity = Disabled, Credential Guard = Enabled, Machine Identity Isolation = Disabled, Kernel-mode Hardware-enforced Stack Protection = Not configured, Reboot required = No, Status = 0x0."
"17-08-2026 09:40:42","7000","Information","Microsoft-Windows-DeviceGuard","Device Guard successfully processed the Group Policy: Virtualization Based Security  = Enabled,  Secure Boot = On, DMA Protection = On,  Virtualization Based Code Integrity = Disabled, Credential Guard = Enabled, Machine Identity Isolation = Disabled, Kernel-mode Hardware-enforced Stack Protection = Not configured, Reboot required = No, Status = 0x0."
"17-08-2026 09:39:57","7000","Information","Microsoft-Windows-DeviceGuard","Device Guard successfully processed the Group Policy: Virtualization Based Security  = Enabled,  Secure Boot = On, DMA Protection = On,  Virtualization Based Code Integrity = Disabled, Credential Guard = Enabled, Machine Identity Isolation = Disabled, Kernel-mode Hardware-enforced Stack Protection = Not configured, Reboot required = No, Status = 0x0."
"17-08-2026 09:39:57","7000","Information","Microsoft-Windows-DeviceGuard","Device Guard successfully processed the Group Policy: Virtualization Based Security  = Enabled,  Secure Boot = On, DMA Protection = On,  Virtualization Based Code Integrity = Disabled, Credential Guard = Enabled, Machine Identity Isolation = Disabled, Kernel-mode Hardware-enforced Stack Protection = Not configured, Reboot required = No, Status = 0x0."
"17-08-2026 09:39:57","7000","Information","Microsoft-Windows-DeviceGuard","Device Guard successfully processed the Group Policy: Virtualization Based Security  = Enabled,  Secure Boot = On, DMA Protection = On,  Virtualization Based Code Integrity = Disabled, Credential Guard = Enabled, Machine Identity Isolation = Disabled, Kernel-mode Hardware-enforced Stack Protection = Not configured, Reboot required = No, Status = 0x0."
"17-08-2026 09:39:33","7000","Information","Microsoft-Windows-DeviceGuard","Device Guard successfully processed the Group Policy: Virtualization Based Security  = Enabled,  Secure Boot = On, DMA Protection = On,  Virtualization Based Code Integrity = Disabled, Credential Guard = Enabled, Machine Identity Isolation = Disabled, Kernel-mode Hardware-enforced Stack Protection = Not configured, Reboot required = No, Status = 0x0."
"17-08-2026 09:39:33","7000","Information","Microsoft-Windows-DeviceGuard","Device Guard successfully processed the Group Policy: Virtualization Based Security  = Enabled,  Secure Boot = On, DMA Protection = On,  Virtualization Based Code Integrity = Disabled, Credential Guard = Enabled, Machine Identity Isolation = Disabled, Kernel-mode Hardware-enforced Stack Protection = Not configured, Reboot required = No, Status = 0x0."
"17-08-2026 09:39:31","7000","Information","Microsoft-Windows-DeviceGuard","Device Guard successfully processed the Group Policy: Virtualization Based Security  = Enabled,  Secure Boot = On, DMA Protection = On,  Virtualization Based Code Integrity = Disabled, Credential Guard = Enabled, Machine Identity Isolation = Disabled, Kernel-mode Hardware-enforced Stack Protection = Not configured, Reboot required = No, Status = 0x0."
"14-08-2026 18:56:02","7000","Information","Microsoft-Windows-DeviceGuard","Device Guard successfully processed the Group Policy: Virtualization Based Security  = Enabled,  Secure Boot = On, DMA Protection = On,  Virtualization Based Code Integrity = Disabled, Credential Guard = Enabled, Machine Identity Isolation = Disabled, Kernel-mode Hardware-enforced Stack Protection = Not configured, Reboot required = No, Status = 0x0."
"14-08-2026 18:56:02","7000","Information","Microsoft-Windows-DeviceGuard","Device Guard successfully processed the Group Policy: Virtualization Based Security  = Enabled,  Secure Boot = On, DMA Protection = On,  Virtualization Based Code Integrity = Disabled, Credential Guard = Enabled, Machine Identity Isolation = Disabled, Kernel-mode Hardware-enforced Stack Protection = Not configured, Reboot required = No, Status = 0x0."
"14-08-2026 15:06:02","7000","Information","Microsoft-Windows-DeviceGuard","Device Guard successfully processed the Group Policy: Virtualization Based Security  = Enabled,  Secure Boot = On, DMA Protection = On,  Virtualization Based Code Integrity = Disabled, Credential Guard = Enabled, Machine Identity Isolation = Disabled, Kernel-mode Hardware-enforced Stack Protection = Not configured, Reboot required = No, Status = 0x0."
"14-08-2026 15:06:02","7000","Information","Microsoft-Windows-DeviceGuard","Device Guard successfully processed the Group Policy: Virtualization Based Security  = Enabled,  Secure Boot = On, DMA Protection = On,  Virtualization Based Code Integrity = Disabled, Credential Guard = Enabled, Machine Identity Isolation = Disabled, Kernel-mode Hardware-enforced Stack Protection = Not configured, Reboot required = No, Status = 0x0."
"14-08-2026 13:31:00","7000","Information","Microsoft-Windows-DeviceGuard","Device Guard successfully processed the Group Policy: Virtualization Based Security  = Enabled,  Secure Boot = On, DMA Protection = On,  Virtualization Based Code Integrity = Disabled, Credential Guard = Enabled, Machine Identity Isolation = Disabled, Kernel-mode Hardware-enforced Stack Protection = Not configured, Reboot required = No, Status = 0x0."
"14-08-2026 13:31:00","7000","Information","Microsoft-Windows-DeviceGuard","Device Guard successfully processed the Group Policy: Virtualization Based Security  = Enabled,  Secure Boot = On, DMA Protection = On,  Virtualization Based Code Integrity = Disabled, Credential Guard = Enabled, Machine Identity Isolation = Disabled, Kernel-mode Hardware-enforced Stack Protection = Not configured, Reboot required = No, Status = 0x0."
"14-08-2026 13:31:00","7000","Information","Microsoft-Windows-DeviceGuard","Device Guard successfully processed the Group Policy: Virtualization Based Security  = Enabled,  Secure Boot = On, DMA Protection = On,  Virtualization Based Code Integrity = Disabled, Credential Guard = Enabled, Machine Identity Isolation = Disabled, Kernel-mode Hardware-enforced Stack Protection = Not configured, Reboot required = No, Status = 0x0."
"14-08-2026 13:30:58","7000","Information","Microsoft-Windows-DeviceGuard","Device Guard successfully processed the Group Policy: Virtualization Based Security  = Enabled,  Secure Boot = On, DMA Protection = On,  Virtualization Based Code Integrity = Disabled, Credential Guard = Enabled, Machine Identity Isolation = Disabled, Kernel-mode Hardware-enforced Stack Protection = Not configured, Reboot required = No, Status = 0x0."
"14-08-2026 13:30:57","7000","Information","Microsoft-Windows-DeviceGuard","Device Guard successfully processed the Group Policy: Virtualization Based Security  = Enabled,  Secure Boot = On, DMA Protection = On,  Virtualization Based Code Integrity = Disabled, Credential Guard = Enabled, Machine Identity Isolation = Disabled, Kernel-mode Hardware-enforced Stack Protection = Not configured, Reboot required = No, Status = 0x0."
"14-08-2026 13:30:57","7000","Information","Microsoft-Windows-DeviceGuard","Device Guard successfully processed the Group Policy: Virtualization Based Security  = Enabled,  Secure Boot = On, DMA Protection = On,  Virtualization Based Code Integrity = Disabled, Credential Guard = Enabled, Machine Identity Isolation = Disabled, Kernel-mode Hardware-enforced Stack Protection = Not configured, Reboot required = No, Status = 0x0."
"14-08-2026 13:30:25","7000","Information","Microsoft-Windows-DeviceGuard","Device Guard successfully processed the Group Policy: Virtualization Based Security  = Enabled,  Secure Boot = On, DMA Protection = On,  Virtualization Based Code Integrity = Disabled, Credential Guard = Enabled, Machine Identity Isolation = Disabled, Kernel-mode Hardware-enforced Stack Protection = Not configured, Reboot required = No, Status = 0x0."
"14-08-2026 13:30:25","7000","Information","Microsoft-Windows-DeviceGuard","Device Guard successfully processed the Group Policy: Virtualization Based Security  = Enabled,  Secure Boot = On, DMA Protection = On,  Virtualization Based Code Integrity = Disabled, Credential Guard = Enabled, Machine Identity Isolation = Disabled, Kernel-mode Hardware-enforced Stack Protection = Not configured, Reboot required = No, Status = 0x0."
"14-08-2026 13:30:25","7000","Information","Microsoft-Windows-DeviceGuard","Device Guard successfully processed the Group Policy: Virtualization Based Security  = Enabled,  Secure Boot = On, DMA Protection = On,  Virtualization Based Code Integrity = Disabled, Credential Guard = Enabled, Machine Identity Isolation = Disabled, Kernel-mode Hardware-enforced Stack Protection = Not configured, Reboot required = No, Status = 0x0."
"14-08-2026 13:30:22","7000","Information","Microsoft-Windows-DeviceGuard","Device Guard successfully processed the Group Policy: Virtualization Based Security  = Enabled,  Secure Boot = On, DMA Protection = On,  Virtualization Based Code Integrity = Disabled, Credential Guard = Enabled, Machine Identity Isolation = Disabled, Kernel-mode Hardware-enforced Stack Protection = Not configured, Reboot required = No, Status = 0x0."
"14-08-2026 13:30:22","7000","Information","Microsoft-Windows-DeviceGuard","Device Guard successfully processed the Group Policy: Virtualization Based Security  = Enabled,  Secure Boot = On, DMA Protection = On,  Virtualization Based Code Integrity = Disabled, Credential Guard = Enabled, Machine Identity Isolation = Disabled, Kernel-mode Hardware-enforced Stack Protection = Not configured, Reboot required = No, Status = 0x0."
"14-08-2026 13:30:22","7000","Information","Microsoft-Windows-DeviceGuard","Device Guard successfully processed the Group Policy: Virtualization Based Security  = Enabled,  Secure Boot = On, DMA Protection = On,  Virtualization Based Code Integrity = Disabled, Credential Guard = Enabled, Machine Identity Isolation = Disabled, Kernel-mode Hardware-enforced Stack Protection = Not configured, Reboot required = No, Status = 0x0."
"14-08-2026 13:29:56","7000","Information","Microsoft-Windows-DeviceGuard","Device Guard successfully processed the Group Policy: Virtualization Based Security  = Enabled,  Secure Boot = On, DMA Protection = On,  Virtualization Based Code Integrity = Disabled, Credential Guard = Enabled, Machine Identity Isolation = Disabled, Kernel-mode Hardware-enforced Stack Protection = Not configured, Reboot required = No, Status = 0x0."
"14-08-2026 13:29:56","7000","Information","Microsoft-Windows-DeviceGuard","Device Guard successfully processed the Group Policy: Virtualization Based Security  = Enabled,  Secure Boot = On, DMA Protection = On,  Virtualization Based Code Integrity = Disabled, Credential Guard = Enabled, Machine Identity Isolation = Disabled, Kernel-mode Hardware-enforced Stack Protection = Not configured, Reboot required = No, Status = 0x0."
"14-08-2026 13:29:56","7000","Information","Microsoft-Windows-DeviceGuard","Device Guard successfully processed the Group Policy: Virtualization Based Security  = Enabled,  Secure Boot = On, DMA Protection = On,  Virtualization Based Code Integrity = Disabled, Credential Guard = Enabled, Machine Identity Isolation = Disabled, Kernel-mode Hardware-enforced Stack Protection = Not configured, Reboot required = No, Status = 0x0."
"14-08-2026 13:29:54","7000","Information","Microsoft-Windows-DeviceGuard","Device Guard successfully processed the Group Policy: Virtualization Based Security  = Enabled,  Secure Boot = On, DMA Protection = On,  Virtualization Based Code Integrity = Disabled, Credential Guard = Enabled, Machine Identity Isolation = Disabled, Kernel-mode Hardware-enforced Stack Protection = Not configured, Reboot required = No, Status = 0x0."
"14-08-2026 13:29:54","7000","Information","Microsoft-Windows-DeviceGuard","Device Guard successfully processed the Group Policy: Virtualization Based Security  = Enabled,  Secure Boot = On, DMA Protection = On,  Virtualization Based Code Integrity = Disabled, Credential Guard = Enabled, Machine Identity Isolation = Disabled, Kernel-mode Hardware-enforced Stack Protection = Not configured, Reboot required = No, Status = 0x0."
"14-08-2026 13:29:54","7000","Information","Microsoft-Windows-DeviceGuard","Device Guard successfully processed the Group Policy: Virtualization Based Security  = Enabled,  Secure Boot = On, DMA Protection = On,  Virtualization Based Code Integrity = Disabled, Credential Guard = Enabled, Machine Identity Isolation = Disabled, Kernel-mode Hardware-enforced Stack Protection = Not configured, Reboot required = No, Status = 0x0."
"14-08-2026 13:29:11","7000","Information","Microsoft-Windows-DeviceGuard","Device Guard successfully processed the Group Policy: Virtualization Based Security  = Enabled,  Secure Boot = On, DMA Protection = On,  Virtualization Based Code Integrity = Disabled, Credential Guard = Enabled, Machine Identity Isolation = Disabled, Kernel-mode Hardware-enforced Stack Protection = Not configured, Reboot required = No, Status = 0x0."
"14-08-2026 13:29:11","7000","Information","Microsoft-Windows-DeviceGuard","Device Guard successfully processed the Group Policy: Virtualization Based Security  = Enabled,  Secure Boot = On, DMA Protection = On,  Virtualization Based Code Integrity = Disabled, Credential Guard = Enabled, Machine Identity Isolation = Disabled, Kernel-mode Hardware-enforced Stack Protection = Not configured, Reboot required = No, Status = 0x0."
"14-08-2026 13:29:11","7000","Information","Microsoft-Windows-DeviceGuard","Device Guard successfully processed the Group Policy: Virtualization Based Security  = Enabled,  Secure Boot = On, DMA Protection = On,  Virtualization Based Code Integrity = Disabled, Credential Guard = Enabled, Machine Identity Isolation = Disabled, Kernel-mode Hardware-enforced Stack Protection = Not configured, Reboot required = No, Status = 0x0."
"14-08-2026 13:29:08","7000","Information","Microsoft-Windows-DeviceGuard","Device Guard successfully processed the Group Policy: Virtualization Based Security  = Enabled,  Secure Boot = On, DMA Protection = On,  Virtualization Based Code Integrity = Disabled, Credential Guard = Enabled, Machine Identity Isolation = Disabled, Kernel-mode Hardware-enforced Stack Protection = Not configured, Reboot required = No, Status = 0x0."
"14-08-2026 13:29:08","7000","Information","Microsoft-Windows-DeviceGuard","Device Guard successfully processed the Group Policy: Virtualization Based Security  = Enabled,  Secure Boot = On, DMA Protection = On,  Virtualization Based Code Integrity = Disabled, Credential Guard = Enabled, Machine Identity Isolation = Disabled, Kernel-mode Hardware-enforced Stack Protection = Not configured, Reboot required = No, Status = 0x0."
"14-08-2026 13:29:08","7000","Information","Microsoft-Windows-DeviceGuard","Device Guard successfully processed the Group Policy: Virtualization Based Security  = Enabled,  Secure Boot = On, DMA Protection = On,  Virtualization Based Code Integrity = Disabled, Credential Guard = Enabled, Machine Identity Isolation = Disabled, Kernel-mode Hardware-enforced Stack Protection = Not configured, Reboot required = No, Status = 0x0."
"14-08-2026 13:28:34","7000","Information","Microsoft-Windows-DeviceGuard","Device Guard successfully processed the Group Policy: Virtualization Based Security  = Enabled,  Secure Boot = On, DMA Protection = On,  Virtualization Based Code Integrity = Disabled, Credential Guard = Enabled, Machine Identity Isolation = Disabled, Kernel-mode Hardware-enforced Stack Protection = Not configured, Reboot required = No, Status = 0x0."
"14-08-2026 13:28:34","7000","Information","Microsoft-Windows-DeviceGuard","Device Guard successfully processed the Group Policy: Virtualization Based Security  = Enabled,  Secure Boot = On, DMA Protection = On,  Virtualization Based Code Integrity = Disabled, Credential Guard = Enabled, Machine Identity Isolation = Disabled, Kernel-mode Hardware-enforced Stack Protection = Not configured, Reboot required = No, Status = 0x0."
"14-08-2026 13:28:28","7000","Information","Microsoft-Windows-DeviceGuard","Device Guard successfully processed the Group Policy: Virtualization Based Security  = Enabled,  Secure Boot = On, DMA Protection = On,  Virtualization Based Code Integrity = Disabled, Credential Guard = Enabled, Machine Identity Isolation = Disabled, Kernel-mode Hardware-enforced Stack Protection = Not configured, Reboot required = No, Status = 0x0."
"14-08-2026 13:28:28","7000","Information","Microsoft-Windows-DeviceGuard","Device Guard successfully processed the Group Policy: Virtualization Based Security  = Enabled,  Secure Boot = On, DMA Protection = On,  Virtualization Based Code Integrity = Disabled, Credential Guard = Enabled, Machine Identity Isolation = Disabled, Kernel-mode Hardware-enforced Stack Protection = Not configured, Reboot required = No, Status = 0x0."
"13-08-2026 16:06:02","7000","Information","Microsoft-Windows-DeviceGuard","Device Guard successfully processed the Group Policy: Virtualization Based Security  = Enabled,  Secure Boot = On, DMA Protection = On,  Virtualization Based Code Integrity = Disabled, Credential Guard = Enabled, Machine Identity Isolation = Disabled, Kernel-mode Hardware-enforced Stack Protection = Not configured, Reboot required = No, Status = 0x0."
"13-08-2026 16:06:02","7000","Information","Microsoft-Windows-DeviceGuard","Device Guard successfully processed the Group Policy: Virtualization Based Security  = Enabled,  Secure Boot = On, DMA Protection = On,  Virtualization Based Code Integrity = Disabled, Credential Guard = Enabled, Machine Identity Isolation = Disabled, Kernel-mode Hardware-enforced Stack Protection = Not configured, Reboot required = No, Status = 0x0."
"13-08-2026 13:12:01","7000","Information","Microsoft-Windows-DeviceGuard","Device Guard successfully processed the Group Policy: Virtualization Based Security  = Enabled,  Secure Boot = On, DMA Protection = On,  Virtualization Based Code Integrity = Disabled, Credential Guard = Enabled, Machine Identity Isolation = Disabled, Kernel-mode Hardware-enforced Stack Protection = Not configured, Reboot required = No, Status = 0x0."
"13-08-2026 13:12:01","7000","Information","Microsoft-Windows-DeviceGuard","Device Guard successfully processed the Group Policy: Virtualization Based Security  = Enabled,  Secure Boot = On, DMA Protection = On,  Virtualization Based Code Integrity = Disabled, Credential Guard = Enabled, Machine Identity Isolation = Disabled, Kernel-mode Hardware-enforced Stack Protection = Not configured, Reboot required = No, Status = 0x0."
"13-08-2026 13:12:01","7000","Information","Microsoft-Windows-DeviceGuard","Device Guard successfully processed the Group Policy: Virtualization Based Security  = Enabled,  Secure Boot = On, DMA Protection = On,  Virtualization Based Code Integrity = Disabled, Credential Guard = Enabled, Machine Identity Isolation = Disabled, Kernel-mode Hardware-enforced Stack Protection = Not configured, Reboot required = No, Status = 0x0."
"13-08-2026 13:11:58","7000","Information","Microsoft-Windows-DeviceGuard","Device Guard successfully processed the Group Policy: Virtualization Based Security  = Enabled,  Secure Boot = On, DMA Protection = On,  Virtualization Based Code Integrity = Disabled, Credential Guard = Enabled, Machine Identity Isolation = Disabled, Kernel-mode Hardware-enforced Stack Protection = Not configured, Reboot required = No, Status = 0x0."
"13-08-2026 13:11:58","7000","Information","Microsoft-Windows-DeviceGuard","Device Guard successfully processed the Group Policy: Virtualization Based Security  = Enabled,  Secure Boot = On, DMA Protection = On,  Virtualization Based Code Integrity = Disabled, Credential Guard = Enabled, Machine Identity Isolation = Disabled, Kernel-mode Hardware-enforced Stack Protection = Not configured, Reboot required = No, Status = 0x0."
"13-08-2026 13:11:58","7000","Information","Microsoft-Windows-DeviceGuard","Device Guard successfully processed the Group Policy: Virtualization Based Security  = Enabled,  Secure Boot = On, DMA Protection = On,  Virtualization Based Code Integrity = Disabled, Credential Guard = Enabled, Machine Identity Isolation = Disabled, Kernel-mode Hardware-enforced Stack Protection = Not configured, Reboot required = No, Status = 0x0."
"13-08-2026 13:11:25","7000","Information","Microsoft-Windows-DeviceGuard","Device Guard successfully processed the Group Policy: Virtualization Based Security  = Enabled,  Secure Boot = On, DMA Protection = On,  Virtualization Based Code Integrity = Disabled, Credential Guard = Enabled, Machine Identity Isolation = Disabled, Kernel-mode Hardware-enforced Stack Protection = Not configured, Reboot required = No, Status = 0x0."
"13-08-2026 13:11:25","7000","Information","Microsoft-Windows-DeviceGuard","Device Guard successfully processed the Group Policy: Virtualization Based Security  = Enabled,  Secure Boot = On, DMA Protection = On,  Virtualization Based Code Integrity = Disabled, Credential Guard = Enabled, Machine Identity Isolation = Disabled, Kernel-mode Hardware-enforced Stack Protection = Not configured, Reboot required = No, Status = 0x0."
"13-08-2026 13:11:25","7000","Information","Microsoft-Windows-DeviceGuard","Device Guard successfully processed the Group Policy: Virtualization Based Security  = Enabled,  Secure Boot = On, DMA Protection = On,  Virtualization Based Code Integrity = Disabled, Credential Guard = Enabled, Machine Identity Isolation = Disabled, Kernel-mode Hardware-enforced Stack Protection = Not configured, Reboot required = No, Status = 0x0."
"13-08-2026 13:11:23","7000","Information","Microsoft-Windows-DeviceGuard","Device Guard successfully processed the Group Policy: Virtualization Based Security  = Enabled,  Secure Boot = On, DMA Protection = On,  Virtualization Based Code Integrity = Disabled, Credential Guard = Enabled, Machine Identity Isolation = Disabled, Kernel-mode Hardware-enforced Stack Protection = Not configured, Reboot required = No, Status = 0x0."
"13-08-2026 13:11:23","7000","Information","Microsoft-Windows-DeviceGuard","Device Guard successfully processed the Group Policy: Virtualization Based Security  = Enabled,  Secure Boot = On, DMA Protection = On,  Virtualization Based Code Integrity = Disabled, Credential Guard = Enabled, Machine Identity Isolation = Disabled, Kernel-mode Hardware-enforced Stack Protection = Not configured, Reboot required = No, Status = 0x0."
"13-08-2026 13:11:22","7000","Information","Microsoft-Windows-DeviceGuard","Device Guard successfully processed the Group Policy: Virtualization Based Security  = Enabled,  Secure Boot = On, DMA Protection = On,  Virtualization Based Code Integrity = Disabled, Credential Guard = Enabled, Machine Identity Isolation = Disabled, Kernel-mode Hardware-enforced Stack Protection = Not configured, Reboot required = No, Status = 0x0."
"13-08-2026 13:11:02","7000","Information","Microsoft-Windows-DeviceGuard","Device Guard successfully processed the Group Policy: Virtualization Based Security  = Enabled,  Secure Boot = On, DMA Protection = On,  Virtualization Based Code Integrity = Disabled, Credential Guard = Enabled, Machine Identity Isolation = Disabled, Kernel-mode Hardware-enforced Stack Protection = Not configured, Reboot required = No, Status = 0x0."
"13-08-2026 13:11:02","7000","Information","Microsoft-Windows-DeviceGuard","Device Guard successfully processed the Group Policy: Virtualization Based Security  = Enabled,  Secure Boot = On, DMA Protection = On,  Virtualization Based Code Integrity = Disabled, Credential Guard = Enabled, Machine Identity Isolation = Disabled, Kernel-mode Hardware-enforced Stack Protection = Not configured, Reboot required = No, Status = 0x0."
"13-08-2026 12:39:00","7000","Information","Microsoft-Windows-DeviceGuard","Device Guard successfully processed the Group Policy: Virtualization Based Security  = Enabled,  Secure Boot = On, DMA Protection = On,  Virtualization Based Code Integrity = Disabled, Credential Guard = Enabled, Machine Identity Isolation = Disabled, Kernel-mode Hardware-enforced Stack Protection = Not configured, Reboot required = No, Status = 0x0."
"13-08-2026 12:39:00","7000","Information","Microsoft-Windows-DeviceGuard","Device Guard successfully processed the Group Policy: Virtualization Based Security  = Enabled,  Secure Boot = On, DMA Protection = On,  Virtualization Based Code Integrity = Disabled, Credential Guard = Enabled, Machine Identity Isolation = Disabled, Kernel-mode Hardware-enforced Stack Protection = Not configured, Reboot required = No, Status = 0x0."
"13-08-2026 12:39:00","7000","Information","Microsoft-Windows-DeviceGuard","Device Guard successfully processed the Group Policy: Virtualization Based Security  = Enabled,  Secure Boot = On, DMA Protection = On,  Virtualization Based Code Integrity = Disabled, Credential Guard = Enabled, Machine Identity Isolation = Disabled, Kernel-mode Hardware-enforced Stack Protection = Not configured, Reboot required = No, Status = 0x0."
"13-08-2026 12:38:57","7000","Information","Microsoft-Windows-DeviceGuard","Device Guard successfully processed the Group Policy: Virtualization Based Security  = Enabled,  Secure Boot = On, DMA Protection = On,  Virtualization Based Code Integrity = Disabled, Credential Guard = Enabled, Machine Identity Isolation = Disabled, Kernel-mode Hardware-enforced Stack Protection = Not configured, Reboot required = No, Status = 0x0."
"13-08-2026 12:38:57","7000","Information","Microsoft-Windows-DeviceGuard","Device Guard successfully processed the Group Policy: Virtualization Based Security  = Enabled,  Secure Boot = On, DMA Protection = On,  Virtualization Based Code Integrity = Disabled, Credential Guard = Enabled, Machine Identity Isolation = Disabled, Kernel-mode Hardware-enforced Stack Protection = Not configured, Reboot required = No, Status = 0x0."
"13-08-2026 12:38:57","7000","Information","Microsoft-Windows-DeviceGuard","Device Guard successfully processed the Group Policy: Virtualization Based Security  = Enabled,  Secure Boot = On, DMA Protection = On,  Virtualization Based Code Integrity = Disabled, Credential Guard = Enabled, Machine Identity Isolation = Disabled, Kernel-mode Hardware-enforced Stack Protection = Not configured, Reboot required = No, Status = 0x0."
"13-08-2026 12:38:28","7000","Information","Microsoft-Windows-DeviceGuard","Device Guard successfully processed the Group Policy: Virtualization Based Security  = Enabled,  Secure Boot = On, DMA Protection = On,  Virtualization Based Code Integrity = Disabled, Credential Guard = Enabled, Machine Identity Isolation = Disabled, Kernel-mode Hardware-enforced Stack Protection = Not configured, Reboot required = No, Status = 0x0."
"13-08-2026 12:38:28","7000","Information","Microsoft-Windows-DeviceGuard","Device Guard successfully processed the Group Policy: Virtualization Based Security  = Enabled,  Secure Boot = On, DMA Protection = On,  Virtualization Based Code Integrity = Disabled, Credential Guard = Enabled, Machine Identity Isolation = Disabled, Kernel-mode Hardware-enforced Stack Protection = Not configured, Reboot required = No, Status = 0x0."
"13-08-2026 12:38:28","7000","Information","Microsoft-Windows-DeviceGuard","Device Guard successfully processed the Group Policy: Virtualization Based Security  = Enabled,  Secure Boot = On, DMA Protection = On,  Virtualization Based Code Integrity = Disabled, Credential Guard = Enabled, Machine Identity Isolation = Disabled, Kernel-mode Hardware-enforced Stack Protection = Not configured, Reboot required = No, Status = 0x0."
"13-08-2026 12:38:25","7000","Information","Microsoft-Windows-DeviceGuard","Device Guard successfully processed the Group Policy: Virtualization Based Security  = Enabled,  Secure Boot = On, DMA Protection = On,  Virtualization Based Code Integrity = Disabled, Credential Guard = Enabled, Machine Identity Isolation = Disabled, Kernel-mode Hardware-enforced Stack Protection = Not configured, Reboot required = No, Status = 0x0."
"13-08-2026 12:38:25","7000","Information","Microsoft-Windows-DeviceGuard","Device Guard successfully processed the Group Policy: Virtualization Based Security  = Enabled,  Secure Boot = On, DMA Protection = On,  Virtualization Based Code Integrity = Disabled, Credential Guard = Enabled, Machine Identity Isolation = Disabled, Kernel-mode Hardware-enforced Stack Protection = Not configured, Reboot required = No, Status = 0x0."
"13-08-2026 12:38:25","7000","Information","Microsoft-Windows-DeviceGuard","Device Guard successfully processed the Group Policy: Virtualization Based Security  = Enabled,  Secure Boot = On, DMA Protection = On,  Virtualization Based Code Integrity = Disabled, Credential Guard = Enabled, Machine Identity Isolation = Disabled, Kernel-mode Hardware-enforced Stack Protection = Not configured, Reboot required = No, Status = 0x0."
"13-08-2026 12:38:03","7000","Information","Microsoft-Windows-DeviceGuard","Device Guard successfully processed the Group Policy: Virtualization Based Security  = Enabled,  Secure Boot = On, DMA Protection = On,  Virtualization Based Code Integrity = Disabled, Credential Guard = Enabled, Machine Identity Isolation = Disabled, Kernel-mode Hardware-enforced Stack Protection = Not configured, Reboot required = No, Status = 0x0."
"13-08-2026 12:38:03","7000","Information","Microsoft-Windows-DeviceGuard","Device Guard successfully processed the Group Policy: Virtualization Based Security  = Enabled,  Secure Boot = On, DMA Protection = On,  Virtualization Based Code Integrity = Disabled, Credential Guard = Enabled, Machine Identity Isolation = Disabled, Kernel-mode Hardware-enforced Stack Protection = Not configured, Reboot required = No, Status = 0x0."
"13-08-2026 12:38:03","7000","Information","Microsoft-Windows-DeviceGuard","Device Guard successfully processed the Group Policy: Virtualization Based Security  = Enabled,  Secure Boot = On, DMA Protection = On,  Virtualization Based Code Integrity = Disabled, Credential Guard = Enabled, Machine Identity Isolation = Disabled, Kernel-mode Hardware-enforced Stack Protection = Not configured, Reboot required = No, Status = 0x0."
"13-08-2026 12:38:01","7000","Information","Microsoft-Windows-DeviceGuard","Device Guard successfully processed the Group Policy: Virtualization Based Security  = Enabled,  Secure Boot = On, DMA Protection = On,  Virtualization Based Code Integrity = Disabled, Credential Guard = Enabled, Machine Identity Isolation = Disabled, Kernel-mode Hardware-enforced Stack Protection = Not configured, Reboot required = No, Status = 0x0."
"13-08-2026 12:38:01","7000","Information","Microsoft-Windows-DeviceGuard","Device Guard successfully processed the Group Policy: Virtualization Based Security  = Enabled,  Secure Boot = On, DMA Protection = On,  Virtualization Based Code Integrity = Disabled, Credential Guard = Enabled, Machine Identity Isolation = Disabled, Kernel-mode Hardware-enforced Stack Protection = Not configured, Reboot required = No, Status = 0x0."
"13-08-2026 12:38:01","7000","Information","Microsoft-Windows-DeviceGuard","Device Guard successfully processed the Group Policy: Virtualization Based Security  = Enabled,  Secure Boot = On, DMA Protection = On,  Virtualization Based Code Integrity = Disabled, Credential Guard = Enabled, Machine Identity Isolation = Disabled, Kernel-mode Hardware-enforced Stack Protection = Not configured, Reboot required = No, Status = 0x0."
"13-08-2026 12:37:22","7000","Information","Microsoft-Windows-DeviceGuard","Device Guard successfully processed the Group Policy: Virtualization Based Security  = Enabled,  Secure Boot = On, DMA Protection = On,  Virtualization Based Code Integrity = Disabled, Credential Guard = Enabled, Machine Identity Isolation = Disabled, Kernel-mode Hardware-enforced Stack Protection = Not configured, Reboot required = No, Status = 0x0."
"13-08-2026 12:37:22","7000","Information","Microsoft-Windows-DeviceGuard","Device Guard successfully processed the Group Policy: Virtualization Based Security  = Enabled,  Secure Boot = On, DMA Protection = On,  Virtualization Based Code Integrity = Disabled, Credential Guard = Enabled, Machine Identity Isolation = Disabled, Kernel-mode Hardware-enforced Stack Protection = Not configured, Reboot required = No, Status = 0x0."
"13-08-2026 12:37:22","7000","Information","Microsoft-Windows-DeviceGuard","Device Guard successfully processed the Group Policy: Virtualization Based Security  = Enabled,  Secure Boot = On, DMA Protection = On,  Virtualization Based Code Integrity = Disabled, Credential Guard = Enabled, Machine Identity Isolation = Disabled, Kernel-mode Hardware-enforced Stack Protection = Not configured, Reboot required = No, Status = 0x0."
"13-08-2026 12:37:20","7000","Information","Microsoft-Windows-DeviceGuard","Device Guard successfully processed the Group Policy: Virtualization Based Security  = Enabled,  Secure Boot = On, DMA Protection = On,  Virtualization Based Code Integrity = Disabled, Credential Guard = Enabled, Machine Identity Isolation = Disabled, Kernel-mode Hardware-enforced Stack Protection = Not configured, Reboot required = No, Status = 0x0."
"13-08-2026 12:37:20","7000","Information","Microsoft-Windows-DeviceGuard","Device Guard successfully processed the Group Policy: Virtualization Based Security  = Enabled,  Secure Boot = On, DMA Protection = On,  Virtualization Based Code Integrity = Disabled, Credential Guard = Enabled, Machine Identity Isolation = Disabled, Kernel-mode Hardware-enforced Stack Protection = Not configured, Reboot required = No, Status = 0x0."
"13-08-2026 12:37:20","7000","Information","Microsoft-Windows-DeviceGuard","Device Guard successfully processed the Group Policy: Virtualization Based Security  = Enabled,  Secure Boot = On, DMA Protection = On,  Virtualization Based Code Integrity = Disabled, Credential Guard = Enabled, Machine Identity Isolation = Disabled, Kernel-mode Hardware-enforced Stack Protection = Not configured, Reboot required = No, Status = 0x0."
"13-08-2026 12:16:02","7000","Information","Microsoft-Windows-DeviceGuard","Device Guard successfully processed the Group Policy: Virtualization Based Security  = Enabled,  Secure Boot = On, DMA Protection = On,  Virtualization Based Code Integrity = Disabled, Credential Guard = Enabled, Machine Identity Isolation = Disabled, Kernel-mode Hardware-enforced Stack Protection = Not configured, Reboot required = No, Status = 0x0."
"13-08-2026 12:16:02","7000","Information","Microsoft-Windows-DeviceGuard","Device Guard successfully processed the Group Policy: Virtualization Based Security  = Enabled,  Secure Boot = On, DMA Protection = On,  Virtualization Based Code Integrity = Disabled, Credential Guard = Enabled, Machine Identity Isolation = Disabled, Kernel-mode Hardware-enforced Stack Protection = Not configured, Reboot required = No, Status = 0x0."
"13-08-2026 09:19:33","7000","Information","Microsoft-Windows-DeviceGuard","Device Guard successfully processed the Group Policy: Virtualization Based Security  = Enabled,  Secure Boot = On, DMA Protection = On,  Virtualization Based Code Integrity = Disabled, Credential Guard = Enabled, Machine Identity Isolation = Disabled, Kernel-mode Hardware-enforced Stack Protection = Not configured, Reboot required = No, Status = 0x0."
"13-08-2026 09:19:33","7000","Information","Microsoft-Windows-DeviceGuard","Device Guard successfully processed the Group Policy: Virtualization Based Security  = Enabled,  Secure Boot = On, DMA Protection = On,  Virtualization Based Code Integrity = Disabled, Credential Guard = Enabled, Machine Identity Isolation = Disabled, Kernel-mode Hardware-enforced Stack Protection = Not configured, Reboot required = No, Status = 0x0."
"13-08-2026 05:30:25","7000","Information","Microsoft-Windows-DeviceGuard","Device Guard successfully processed the Group Policy: Virtualization Based Security  = Enabled,  Secure Boot = On, DMA Protection = On,  Virtualization Based Code Integrity = Disabled, Credential Guard = Enabled, Machine Identity Isolation = Disabled, Kernel-mode Hardware-enforced Stack Protection = Not configured, Reboot required = No, Status = 0x0."
"13-08-2026 05:30:25","7000","Information","Microsoft-Windows-DeviceGuard","Device Guard successfully processed the Group Policy: Virtualization Based Security  = Enabled,  Secure Boot = On, DMA Protection = On,  Virtualization Based Code Integrity = Disabled, Credential Guard = Enabled, Machine Identity Isolation = Disabled, Kernel-mode Hardware-enforced Stack Protection = Not configured, Reboot required = No, Status = 0x0."
"12-08-2026 21:16:16","7000","Information","Microsoft-Windows-DeviceGuard","Device Guard successfully processed the Group Policy: Virtualization Based Security  = Enabled,  Secure Boot = On, DMA Protection = On,  Virtualization Based Code Integrity = Disabled, Credential Guard = Enabled, Machine Identity Isolation = Disabled, Kernel-mode Hardware-enforced Stack Protection = Not configured, Reboot required = No, Status = 0x0."
"12-08-2026 21:16:16","7000","Information","Microsoft-Windows-DeviceGuard","Device Guard successfully processed the Group Policy: Virtualization Based Security  = Enabled,  Secure Boot = On, DMA Protection = On,  Virtualization Based Code Integrity = Disabled, Credential Guard = Enabled, Machine Identity Isolation = Disabled, Kernel-mode Hardware-enforced Stack Protection = Not configured, Reboot required = No, Status = 0x0."
"12-08-2026 17:06:03","7000","Information","Microsoft-Windows-DeviceGuard","Device Guard successfully processed the Group Policy: Virtualization Based Security  = Enabled,  Secure Boot = On, DMA Protection = On,  Virtualization Based Code Integrity = Disabled, Credential Guard = Enabled, Machine Identity Isolation = Disabled, Kernel-mode Hardware-enforced Stack Protection = Not configured, Reboot required = No, Status = 0x0."
"12-08-2026 17:06:03","7000","Information","Microsoft-Windows-DeviceGuard","Device Guard successfully processed the Group Policy: Virtualization Based Security  = Enabled,  Secure Boot = On, DMA Protection = On,  Virtualization Based Code Integrity = Disabled, Credential Guard = Enabled, Machine Identity Isolation = Disabled, Kernel-mode Hardware-enforced Stack Protection = Not configured, Reboot required = No, Status = 0x0."
"12-08-2026 13:16:03","7000","Information","Microsoft-Windows-DeviceGuard","Device Guard successfully processed the Group Policy: Virtualization Based Security  = Enabled,  Secure Boot = On, DMA Protection = On,  Virtualization Based Code Integrity = Disabled, Credential Guard = Enabled, Machine Identity Isolation = Disabled, Kernel-mode Hardware-enforced Stack Protection = Not configured, Reboot required = No, Status = 0x0."
"12-08-2026 13:16:03","7000","Information","Microsoft-Windows-DeviceGuard","Device Guard successfully processed the Group Policy: Virtualization Based Security  = Enabled,  Secure Boot = On, DMA Protection = On,  Virtualization Based Code Integrity = Disabled, Credential Guard = Enabled, Machine Identity Isolation = Disabled, Kernel-mode Hardware-enforced Stack Protection = Not configured, Reboot required = No, Status = 0x0."
"12-08-2026 13:11:02","7000","Information","Microsoft-Windows-DeviceGuard","Device Guard successfully processed the Group Policy: Virtualization Based Security  = Enabled,  Secure Boot = On, DMA Protection = On,  Virtualization Based Code Integrity = Disabled, Credential Guard = Enabled, Machine Identity Isolation = Disabled, Kernel-mode Hardware-enforced Stack Protection = Not configured, Reboot required = No, Status = 0x0."
"12-08-2026 13:11:02","7000","Information","Microsoft-Windows-DeviceGuard","Device Guard successfully processed the Group Policy: Virtualization Based Security  = Enabled,  Secure Boot = On, DMA Protection = On,  Virtualization Based Code Integrity = Disabled, Credential Guard = Enabled, Machine Identity Isolation = Disabled, Kernel-mode Hardware-enforced Stack Protection = Not configured, Reboot required = No, Status = 0x0."
"12-08-2026 09:26:03","7000","Information","Microsoft-Windows-DeviceGuard","Device Guard successfully processed the Group Policy: Virtualization Based Security  = Enabled,  Secure Boot = On, DMA Protection = On,  Virtualization Based Code Integrity = Disabled, Credential Guard = Enabled, Machine Identity Isolation = Disabled, Kernel-mode Hardware-enforced Stack Protection = Not configured, Reboot required = No, Status = 0x0."
"12-08-2026 09:26:03","7000","Information","Microsoft-Windows-DeviceGuard","Device Guard successfully processed the Group Policy: Virtualization Based Security  = Enabled,  Secure Boot = On, DMA Protection = On,  Virtualization Based Code Integrity = Disabled, Credential Guard = Enabled, Machine Identity Isolation = Disabled, Kernel-mode Hardware-enforced Stack Protection = Not configured, Reboot required = No, Status = 0x0."
"12-08-2026 08:56:44","7000","Information","Microsoft-Windows-DeviceGuard","Device Guard successfully processed the Group Policy: Virtualization Based Security  = Enabled,  Secure Boot = On, DMA Protection = On,  Virtualization Based Code Integrity = Disabled, Credential Guard = Enabled, Machine Identity Isolation = Disabled, Kernel-mode Hardware-enforced Stack Protection = Not configured, Reboot required = No, Status = 0x0."
"12-08-2026 08:56:44","7000","Information","Microsoft-Windows-DeviceGuard","Device Guard successfully processed the Group Policy: Virtualization Based Security  = Enabled,  Secure Boot = On, DMA Protection = On,  Virtualization Based Code Integrity = Disabled, Credential Guard = Enabled, Machine Identity Isolation = Disabled, Kernel-mode Hardware-enforced Stack Protection = Not configured, Reboot required = No, Status = 0x0."
"12-08-2026 08:56:44","7000","Information","Microsoft-Windows-DeviceGuard","Device Guard successfully processed the Group Policy: Virtualization Based Security  = Enabled,  Secure Boot = On, DMA Protection = On,  Virtualization Based Code Integrity = Disabled, Credential Guard = Enabled, Machine Identity Isolation = Disabled, Kernel-mode Hardware-enforced Stack Protection = Not configured, Reboot required = No, Status = 0x0."
"12-08-2026 08:56:42","7000","Information","Microsoft-Windows-DeviceGuard","Device Guard successfully processed the Group Policy: Virtualization Based Security  = Enabled,  Secure Boot = On, DMA Protection = On,  Virtualization Based Code Integrity = Disabled, Credential Guard = Enabled, Machine Identity Isolation = Disabled, Kernel-mode Hardware-enforced Stack Protection = Not configured, Reboot required = No, Status = 0x0."
"12-08-2026 08:56:42","7000","Information","Microsoft-Windows-DeviceGuard","Device Guard successfully processed the Group Policy: Virtualization Based Security  = Enabled,  Secure Boot = On, DMA Protection = On,  Virtualization Based Code Integrity = Disabled, Credential Guard = Enabled, Machine Identity Isolation = Disabled, Kernel-mode Hardware-enforced Stack Protection = Not configured, Reboot required = No, Status = 0x0."
"12-08-2026 08:56:42","7000","Information","Microsoft-Windows-DeviceGuard","Device Guard successfully processed the Group Policy: Virtualization Based Security  = Enabled,  Secure Boot = On, DMA Protection = On,  Virtualization Based Code Integrity = Disabled, Credential Guard = Enabled, Machine Identity Isolation = Disabled, Kernel-mode Hardware-enforced Stack Protection = Not configured, Reboot required = No, Status = 0x0."
"12-08-2026 08:56:05","7000","Information","Microsoft-Windows-DeviceGuard","Device Guard successfully processed the Group Policy: Virtualization Based Security  = Enabled,  Secure Boot = On, DMA Protection = On,  Virtualization Based Code Integrity = Disabled, Credential Guard = Enabled, Machine Identity Isolation = Disabled, Kernel-mode Hardware-enforced Stack Protection = Not configured, Reboot required = No, Status = 0x0."
"12-08-2026 08:56:05","7000","Information","Microsoft-Windows-DeviceGuard","Device Guard successfully processed the Group Policy: Virtualization Based Security  = Enabled,  Secure Boot = On, DMA Protection = On,  Virtualization Based Code Integrity = Disabled, Credential Guard = Enabled, Machine Identity Isolation = Disabled, Kernel-mode Hardware-enforced Stack Protection = Not configured, Reboot required = No, Status = 0x0."
"12-08-2026 08:56:05","7000","Information","Microsoft-Windows-DeviceGuard","Device Guard successfully processed the Group Policy: Virtualization Based Security  = Enabled,  Secure Boot = On, DMA Protection = On,  Virtualization Based Code Integrity = Disabled, Credential Guard = Enabled, Machine Identity Isolation = Disabled, Kernel-mode Hardware-enforced Stack Protection = Not configured, Reboot required = No, Status = 0x0."
"12-08-2026 08:56:03","7000","Information","Microsoft-Windows-DeviceGuard","Device Guard successfully processed the Group Policy: Virtualization Based Security  = Enabled,  Secure Boot = On, DMA Protection = On,  Virtualization Based Code Integrity = Disabled, Credential Guard = Enabled, Machine Identity Isolation = Disabled, Kernel-mode Hardware-enforced Stack Protection = Not configured, Reboot required = No, Status = 0x0."
"12-08-2026 08:56:02","7000","Information","Microsoft-Windows-DeviceGuard","Device Guard successfully processed the Group Policy: Virtualization Based Security  = Enabled,  Secure Boot = On, DMA Protection = On,  Virtualization Based Code Integrity = Disabled, Credential Guard = Enabled, Machine Identity Isolation = Disabled, Kernel-mode Hardware-enforced Stack Protection = Not configured, Reboot required = No, Status = 0x0."
"12-08-2026 08:56:02","7000","Information","Microsoft-Windows-DeviceGuard","Device Guard successfully processed the Group Policy: Virtualization Based Security  = Enabled,  Secure Boot = On, DMA Protection = On,  Virtualization Based Code Integrity = Disabled, Credential Guard = Enabled, Machine Identity Isolation = Disabled, Kernel-mode Hardware-enforced Stack Protection = Not configured, Reboot required = No, Status = 0x0."
"12-08-2026 08:55:29","7000","Information","Microsoft-Windows-DeviceGuard","Device Guard successfully processed the Group Policy: Virtualization Based Security  = Enabled,  Secure Boot = On, DMA Protection = On,  Virtualization Based Code Integrity = Disabled, Credential Guard = Enabled, Machine Identity Isolation = Disabled, Kernel-mode Hardware-enforced Stack Protection = Not configured, Reboot required = No, Status = 0x0."
"12-08-2026 08:55:29","7000","Information","Microsoft-Windows-DeviceGuard","Device Guard successfully processed the Group Policy: Virtualization Based Security  = Enabled,  Secure Boot = On, DMA Protection = On,  Virtualization Based Code Integrity = Disabled, Credential Guard = Enabled, Machine Identity Isolation = Disabled, Kernel-mode Hardware-enforced Stack Protection = Not configured, Reboot required = No, Status = 0x0."
"12-08-2026 03:28:33","7000","Information","Microsoft-Windows-DeviceGuard","Device Guard successfully processed the Group Policy: Virtualization Based Security  = Enabled,  Secure Boot = On, DMA Protection = On,  Virtualization Based Code Integrity = Disabled, Credential Guard = Enabled, Machine Identity Isolation = Disabled, Kernel-mode Hardware-enforced Stack Protection = Not configured, Reboot required = No, Status = 0x0."
"12-08-2026 03:28:33","7000","Information","Microsoft-Windows-DeviceGuard","Device Guard successfully processed the Group Policy: Virtualization Based Security  = Enabled,  Secure Boot = On, DMA Protection = On,  Virtualization Based Code Integrity = Disabled, Credential Guard = Enabled, Machine Identity Isolation = Disabled, Kernel-mode Hardware-enforced Stack Protection = Not configured, Reboot required = No, Status = 0x0."
"12-08-2026 03:28:33","7000","Information","Microsoft-Windows-DeviceGuard","Device Guard successfully processed the Group Policy: Virtualization Based Security  = Enabled,  Secure Boot = On, DMA Protection = On,  Virtualization Based Code Integrity = Disabled, Credential Guard = Enabled, Machine Identity Isolation = Disabled, Kernel-mode Hardware-enforced Stack Protection = Not configured, Reboot required = No, Status = 0x0."
"12-08-2026 03:28:30","7000","Information","Microsoft-Windows-DeviceGuard","Device Guard successfully processed the Group Policy: Virtualization Based Security  = Enabled,  Secure Boot = On, DMA Protection = On,  Virtualization Based Code Integrity = Disabled, Credential Guard = Enabled, Machine Identity Isolation = Disabled, Kernel-mode Hardware-enforced Stack Protection = Not configured, Reboot required = No, Status = 0x0."
"12-08-2026 03:28:30","7000","Information","Microsoft-Windows-DeviceGuard","Device Guard successfully processed the Group Policy: Virtualization Based Security  = Enabled,  Secure Boot = On, DMA Protection = On,  Virtualization Based Code Integrity = Disabled, Credential Guard = Enabled, Machine Identity Isolation = Disabled, Kernel-mode Hardware-enforced Stack Protection = Not configured, Reboot required = No, Status = 0x0."
"12-08-2026 03:28:30","7000","Information","Microsoft-Windows-DeviceGuard","Device Guard successfully processed the Group Policy: Virtualization Based Security  = Enabled,  Secure Boot = On, DMA Protection = On,  Virtualization Based Code Integrity = Disabled, Credential Guard = Enabled, Machine Identity Isolation = Disabled, Kernel-mode Hardware-enforced Stack Protection = Not configured, Reboot required = No, Status = 0x0."
"12-08-2026 03:27:56","7000","Information","Microsoft-Windows-DeviceGuard","Device Guard successfully processed the Group Policy: Virtualization Based Security  = Enabled,  Secure Boot = On, DMA Protection = On,  Virtualization Based Code Integrity = Disabled, Credential Guard = Enabled, Machine Identity Isolation = Disabled, Kernel-mode Hardware-enforced Stack Protection = Not configured, Reboot required = No, Status = 0x0."
"12-08-2026 03:27:56","7000","Information","Microsoft-Windows-DeviceGuard","Device Guard successfully processed the Group Policy: Virtualization Based Security  = Enabled,  Secure Boot = On, DMA Protection = On,  Virtualization Based Code Integrity = Disabled, Credential Guard = Enabled, Machine Identity Isolation = Disabled, Kernel-mode Hardware-enforced Stack Protection = Not configured, Reboot required = No, Status = 0x0."
"12-08-2026 03:27:56","7000","Information","Microsoft-Windows-DeviceGuard","Device Guard successfully processed the Group Policy: Virtualization Based Security  = Enabled,  Secure Boot = On, DMA Protection = On,  Virtualization Based Code Integrity = Disabled, Credential Guard = Enabled, Machine Identity Isolation = Disabled, Kernel-mode Hardware-enforced Stack Protection = Not configured, Reboot required = No, Status = 0x0."
"12-08-2026 03:27:53","7000","Information","Microsoft-Windows-DeviceGuard","Device Guard successfully processed the Group Policy: Virtualization Based Security  = Enabled,  Secure Boot = On, DMA Protection = On,  Virtualization Based Code Integrity = Disabled, Credential Guard = Enabled, Machine Identity Isolation = Disabled, Kernel-mode Hardware-enforced Stack Protection = Not configured, Reboot required = No, Status = 0x0."
"12-08-2026 03:27:53","7000","Information","Microsoft-Windows-DeviceGuard","Device Guard successfully processed the Group Policy: Virtualization Based Security  = Enabled,  Secure Boot = On, DMA Protection = On,  Virtualization Based Code Integrity = Disabled, Credential Guard = Enabled, Machine Identity Isolation = Disabled, Kernel-mode Hardware-enforced Stack Protection = Not configured, Reboot required = No, Status = 0x0."
"12-08-2026 03:27:52","7000","Information","Microsoft-Windows-DeviceGuard","Device Guard successfully processed the Group Policy: Virtualization Based Security  = Enabled,  Secure Boot = On, DMA Protection = On,  Virtualization Based Code Integrity = Disabled, Credential Guard = Enabled, Machine Identity Isolation = Disabled, Kernel-mode Hardware-enforced Stack Protection = Not configured, Reboot required = No, Status = 0x0."
"12-08-2026 03:27:30","7000","Information","Microsoft-Windows-DeviceGuard","Device Guard successfully processed the Group Policy: Virtualization Based Security  = Enabled,  Secure Boot = On, DMA Protection = On,  Virtualization Based Code Integrity = Disabled, Credential Guard = Enabled, Machine Identity Isolation = Disabled, Kernel-mode Hardware-enforced Stack Protection = Not configured, Reboot required = No, Status = 0x0."
"12-08-2026 03:27:30","7000","Information","Microsoft-Windows-DeviceGuard","Device Guard successfully processed the Group Policy: Virtualization Based Security  = Enabled,  Secure Boot = On, DMA Protection = On,  Virtualization Based Code Integrity = Disabled, Credential Guard = Enabled, Machine Identity Isolation = Disabled, Kernel-mode Hardware-enforced Stack Protection = Not configured, Reboot required = No, Status = 0x0."
"11-08-2026 18:06:01","7000","Information","Microsoft-Windows-DeviceGuard","Device Guard successfully processed the Group Policy: Virtualization Based Security  = Enabled,  Secure Boot = On, DMA Protection = On,  Virtualization Based Code Integrity = Disabled, Credential Guard = Enabled, Machine Identity Isolation = Disabled, Kernel-mode Hardware-enforced Stack Protection = Not configured, Reboot required = No, Status = 0x0."
"11-08-2026 18:06:01","7000","Information","Microsoft-Windows-DeviceGuard","Device Guard successfully processed the Group Policy: Virtualization Based Security  = Enabled,  Secure Boot = On, DMA Protection = On,  Virtualization Based Code Integrity = Disabled, Credential Guard = Enabled, Machine Identity Isolation = Disabled, Kernel-mode Hardware-enforced Stack Protection = Not configured, Reboot required = No, Status = 0x0."
"11-08-2026 14:16:02","7000","Information","Microsoft-Windows-DeviceGuard","Device Guard successfully processed the Group Policy: Virtualization Based Security  = Enabled,  Secure Boot = On, DMA Protection = On,  Virtualization Based Code Integrity = Disabled, Credential Guard = Enabled, Machine Identity Isolation = Disabled, Kernel-mode Hardware-enforced Stack Protection = Not configured, Reboot required = No, Status = 0x0."
"11-08-2026 14:16:02","7000","Information","Microsoft-Windows-DeviceGuard","Device Guard successfully processed the Group Policy: Virtualization Based Security  = Enabled,  Secure Boot = On, DMA Protection = On,  Virtualization Based Code Integrity = Disabled, Credential Guard = Enabled, Machine Identity Isolation = Disabled, Kernel-mode Hardware-enforced Stack Protection = Not configured, Reboot required = No, Status = 0x0."
"11-08-2026 13:12:25","7000","Information","Microsoft-Windows-DeviceGuard","Device Guard successfully processed the Group Policy: Virtualization Based Security  = Enabled,  Secure Boot = On, DMA Protection = On,  Virtualization Based Code Integrity = Disabled, Credential Guard = Enabled, Machine Identity Isolation = Disabled, Kernel-mode Hardware-enforced Stack Protection = Not configured, Reboot required = No, Status = 0x0."
"11-08-2026 13:12:25","7000","Information","Microsoft-Windows-DeviceGuard","Device Guard successfully processed the Group Policy: Virtualization Based Security  = Enabled,  Secure Boot = On, DMA Protection = On,  Virtualization Based Code Integrity = Disabled, Credential Guard = Enabled, Machine Identity Isolation = Disabled, Kernel-mode Hardware-enforced Stack Protection = Not configured, Reboot required = No, Status = 0x0."
"11-08-2026 13:12:25","7000","Information","Microsoft-Windows-DeviceGuard","Device Guard successfully processed the Group Policy: Virtualization Based Security  = Enabled,  Secure Boot = On, DMA Protection = On,  Virtualization Based Code Integrity = Disabled, Credential Guard = Enabled, Machine Identity Isolation = Disabled, Kernel-mode Hardware-enforced Stack Protection = Not configured, Reboot required = No, Status = 0x0."
"11-08-2026 13:12:23","7000","Information","Microsoft-Windows-DeviceGuard","Device Guard successfully processed the Group Policy: Virtualization Based Security  = Enabled,  Secure Boot = On, DMA Protection = On,  Virtualization Based Code Integrity = Disabled, Credential Guard = Enabled, Machine Identity Isolation = Disabled, Kernel-mode Hardware-enforced Stack Protection = Not configured, Reboot required = No, Status = 0x0."
"11-08-2026 13:12:22","7000","Information","Microsoft-Windows-DeviceGuard","Device Guard successfully processed the Group Policy: Virtualization Based Security  = Enabled,  Secure Boot = On, DMA Protection = On,  Virtualization Based Code Integrity = Disabled, Credential Guard = Enabled, Machine Identity Isolation = Disabled, Kernel-mode Hardware-enforced Stack Protection = Not configured, Reboot required = No, Status = 0x0."
"11-08-2026 13:12:22","7000","Information","Microsoft-Windows-DeviceGuard","Device Guard successfully processed the Group Policy: Virtualization Based Security  = Enabled,  Secure Boot = On, DMA Protection = On,  Virtualization Based Code Integrity = Disabled, Credential Guard = Enabled, Machine Identity Isolation = Disabled, Kernel-mode Hardware-enforced Stack Protection = Not configured, Reboot required = No, Status = 0x0."
"11-08-2026 13:11:42","7000","Information","Microsoft-Windows-DeviceGuard","Device Guard successfully processed the Group Policy: Virtualization Based Security  = Enabled,  Secure Boot = On, DMA Protection = On,  Virtualization Based Code Integrity = Disabled, Credential Guard = Enabled, Machine Identity Isolation = Disabled, Kernel-mode Hardware-enforced Stack Protection = Not configured, Reboot required = No, Status = 0x0."
"11-08-2026 13:11:42","7000","Information","Microsoft-Windows-DeviceGuard","Device Guard successfully processed the Group Policy: Virtualization Based Security  = Enabled,  Secure Boot = On, DMA Protection = On,  Virtualization Based Code Integrity = Disabled, Credential Guard = Enabled, Machine Identity Isolation = Disabled, Kernel-mode Hardware-enforced Stack Protection = Not configured, Reboot required = No, Status = 0x0."
"11-08-2026 13:11:42","7000","Information","Microsoft-Windows-DeviceGuard","Device Guard successfully processed the Group Policy: Virtualization Based Security  = Enabled,  Secure Boot = On, DMA Protection = On,  Virtualization Based Code Integrity = Disabled, Credential Guard = Enabled, Machine Identity Isolation = Disabled, Kernel-mode Hardware-enforced Stack Protection = Not configured, Reboot required = No, Status = 0x0."
"11-08-2026 13:11:38","7000","Information","Microsoft-Windows-DeviceGuard","Device Guard successfully processed the Group Policy: Virtualization Based Security  = Enabled,  Secure Boot = On, DMA Protection = On,  Virtualization Based Code Integrity = Disabled, Credential Guard = Enabled, Machine Identity Isolation = Disabled, Kernel-mode Hardware-enforced Stack Protection = Not configured, Reboot required = No, Status = 0x0."
"11-08-2026 13:11:38","7000","Information","Microsoft-Windows-DeviceGuard","Device Guard successfully processed the Group Policy: Virtualization Based Security  = Enabled,  Secure Boot = On, DMA Protection = On,  Virtualization Based Code Integrity = Disabled, Credential Guard = Enabled, Machine Identity Isolation = Disabled, Kernel-mode Hardware-enforced Stack Protection = Not configured, Reboot required = No, Status = 0x0."
"11-08-2026 13:11:38","7000","Information","Microsoft-Windows-DeviceGuard","Device Guard successfully processed the Group Policy: Virtualization Based Security  = Enabled,  Secure Boot = On, DMA Protection = On,  Virtualization Based Code Integrity = Disabled, Credential Guard = Enabled, Machine Identity Isolation = Disabled, Kernel-mode Hardware-enforced Stack Protection = Not configured, Reboot required = No, Status = 0x0."
"11-08-2026 13:11:02","7000","Information","Microsoft-Windows-DeviceGuard","Device Guard successfully processed the Group Policy: Virtualization Based Security  = Enabled,  Secure Boot = On, DMA Protection = On,  Virtualization Based Code Integrity = Disabled, Credential Guard = Enabled, Machine Identity Isolation = Disabled, Kernel-mode Hardware-enforced Stack Protection = Not configured, Reboot required = No, Status = 0x0."
"11-08-2026 13:11:02","7000","Information","Microsoft-Windows-DeviceGuard","Device Guard successfully processed the Group Policy: Virtualization Based Security  = Enabled,  Secure Boot = On, DMA Protection = On,  Virtualization Based Code Integrity = Disabled, Credential Guard = Enabled, Machine Identity Isolation = Disabled, Kernel-mode Hardware-enforced Stack Protection = Not configured, Reboot required = No, Status = 0x0."
"11-08-2026 12:09:37","7000","Information","Microsoft-Windows-DeviceGuard","Device Guard successfully processed the Group Policy: Virtualization Based Security  = Enabled,  Secure Boot = On, DMA Protection = On,  Virtualization Based Code Integrity = Disabled, Credential Guard = Enabled, Machine Identity Isolation = Disabled, Kernel-mode Hardware-enforced Stack Protection = Not configured, Reboot required = No, Status = 0x0."
"11-08-2026 12:09:37","7000","Information","Microsoft-Windows-DeviceGuard","Device Guard successfully processed the Group Policy: Virtualization Based Security  = Enabled,  Secure Boot = On, DMA Protection = On,  Virtualization Based Code Integrity = Disabled, Credential Guard = Enabled, Machine Identity Isolation = Disabled, Kernel-mode Hardware-enforced Stack Protection = Not configured, Reboot required = No, Status = 0x0."
"11-08-2026 12:09:37","7000","Information","Microsoft-Windows-DeviceGuard","Device Guard successfully processed the Group Policy: Virtualization Based Security  = Enabled,  Secure Boot = On, DMA Protection = On,  Virtualization Based Code Integrity = Disabled, Credential Guard = Enabled, Machine Identity Isolation = Disabled, Kernel-mode Hardware-enforced Stack Protection = Not configured, Reboot required = No, Status = 0x0."
"11-08-2026 12:09:34","7000","Information","Microsoft-Windows-DeviceGuard","Device Guard successfully processed the Group Policy: Virtualization Based Security  = Enabled,  Secure Boot = On, DMA Protection = On,  Virtualization Based Code Integrity = Disabled, Credential Guard = Enabled, Machine Identity Isolation = Disabled, Kernel-mode Hardware-enforced Stack Protection = Not configured, Reboot required = No, Status = 0x0."
"11-08-2026 12:09:34","7000","Information","Microsoft-Windows-DeviceGuard","Device Guard successfully processed the Group Policy: Virtualization Based Security  = Enabled,  Secure Boot = On, DMA Protection = On,  Virtualization Based Code Integrity = Disabled, Credential Guard = Enabled, Machine Identity Isolation = Disabled, Kernel-mode Hardware-enforced Stack Protection = Not configured, Reboot required = No, Status = 0x0."
"11-08-2026 12:09:34","7000","Information","Microsoft-Windows-DeviceGuard","Device Guard successfully processed the Group Policy: Virtualization Based Security  = Enabled,  Secure Boot = On, DMA Protection = On,  Virtualization Based Code Integrity = Disabled, Credential Guard = Enabled, Machine Identity Isolation = Disabled, Kernel-mode Hardware-enforced Stack Protection = Not configured, Reboot required = No, Status = 0x0."
"11-08-2026 12:08:21","7000","Information","Microsoft-Windows-DeviceGuard","Device Guard successfully processed the Group Policy: Virtualization Based Security  = Enabled,  Secure Boot = On, DMA Protection = On,  Virtualization Based Code Integrity = Disabled, Credential Guard = Enabled, Machine Identity Isolation = Disabled, Kernel-mode Hardware-enforced Stack Protection = Not configured, Reboot required = No, Status = 0x0."
"11-08-2026 12:08:20","7000","Information","Microsoft-Windows-DeviceGuard","Device Guard successfully processed the Group Policy: Virtualization Based Security  = Enabled,  Secure Boot = On, DMA Protection = On,  Virtualization Based Code Integrity = Disabled, Credential Guard = Enabled, Machine Identity Isolation = Disabled, Kernel-mode Hardware-enforced Stack Protection = Not configured, Reboot required = No, Status = 0x0."
"11-08-2026 12:08:20","7000","Information","Microsoft-Windows-DeviceGuard","Device Guard successfully processed the Group Policy: Virtualization Based Security  = Enabled,  Secure Boot = On, DMA Protection = On,  Virtualization Based Code Integrity = Disabled, Credential Guard = Enabled, Machine Identity Isolation = Disabled, Kernel-mode Hardware-enforced Stack Protection = Not configured, Reboot required = No, Status = 0x0."
"11-08-2026 12:08:17","7000","Information","Microsoft-Windows-DeviceGuard","Device Guard successfully processed the Group Policy: Virtualization Based Security  = Enabled,  Secure Boot = On, DMA Protection = On,  Virtualization Based Code Integrity = Disabled, Credential Guard = Enabled, Machine Identity Isolation = Disabled, Kernel-mode Hardware-enforced Stack Protection = Not configured, Reboot required = No, Status = 0x0."
"11-08-2026 12:08:17","7000","Information","Microsoft-Windows-DeviceGuard","Device Guard successfully processed the Group Policy: Virtualization Based Security  = Enabled,  Secure Boot = On, DMA Protection = On,  Virtualization Based Code Integrity = Disabled, Credential Guard = Enabled, Machine Identity Isolation = Disabled, Kernel-mode Hardware-enforced Stack Protection = Not configured, Reboot required = No, Status = 0x0."
"11-08-2026 12:08:17","7000","Information","Microsoft-Windows-DeviceGuard","Device Guard successfully processed the Group Policy: Virtualization Based Security  = Enabled,  Secure Boot = On, DMA Protection = On,  Virtualization Based Code Integrity = Disabled, Credential Guard = Enabled, Machine Identity Isolation = Disabled, Kernel-mode Hardware-enforced Stack Protection = Not configured, Reboot required = No, Status = 0x0."
"11-08-2026 12:07:11","7000","Information","Microsoft-Windows-DeviceGuard","Device Guard successfully processed the Group Policy: Virtualization Based Security  = Enabled,  Secure Boot = On, DMA Protection = On,  Virtualization Based Code Integrity = Disabled, Credential Guard = Enabled, Machine Identity Isolation = Disabled, Kernel-mode Hardware-enforced Stack Protection = Not configured, Reboot required = No, Status = 0x0."
"11-08-2026 12:07:11","7000","Information","Microsoft-Windows-DeviceGuard","Device Guard successfully processed the Group Policy: Virtualization Based Security  = Enabled,  Secure Boot = On, DMA Protection = On,  Virtualization Based Code Integrity = Disabled, Credential Guard = Enabled, Machine Identity Isolation = Disabled, Kernel-mode Hardware-enforced Stack Protection = Not configured, Reboot required = No, Status = 0x0."
"11-08-2026 10:26:02","7000","Information","Microsoft-Windows-DeviceGuard","Device Guard successfully processed the Group Policy: Virtualization Based Security  = Enabled,  Secure Boot = On, DMA Protection = On,  Virtualization Based Code Integrity = Disabled, Credential Guard = Enabled, Machine Identity Isolation = Disabled, Kernel-mode Hardware-enforced Stack Protection = Not configured, Reboot required = No, Status = 0x0."
"11-08-2026 10:26:02","7000","Information","Microsoft-Windows-DeviceGuard","Device Guard successfully processed the Group Policy: Virtualization Based Security  = Enabled,  Secure Boot = On, DMA Protection = On,  Virtualization Based Code Integrity = Disabled, Credential Guard = Enabled, Machine Identity Isolation = Disabled, Kernel-mode Hardware-enforced Stack Protection = Not configured, Reboot required = No, Status = 0x0."
"11-08-2026 09:11:05","7000","Information","Microsoft-Windows-DeviceGuard","Device Guard successfully processed the Group Policy: Virtualization Based Security  = Enabled,  Secure Boot = On, DMA Protection = On,  Virtualization Based Code Integrity = Disabled, Credential Guard = Enabled, Machine Identity Isolation = Disabled, Kernel-mode Hardware-enforced Stack Protection = Not configured, Reboot required = No, Status = 0x0."
"11-08-2026 09:11:05","7000","Information","Microsoft-Windows-DeviceGuard","Device Guard successfully processed the Group Policy: Virtualization Based Security  = Enabled,  Secure Boot = On, DMA Protection = On,  Virtualization Based Code Integrity = Disabled, Credential Guard = Enabled, Machine Identity Isolation = Disabled, Kernel-mode Hardware-enforced Stack Protection = Not configured, Reboot required = No, Status = 0x0."
"11-08-2026 06:05:35","7000","Information","Microsoft-Windows-DeviceGuard","Device Guard successfully processed the Group Policy: Virtualization Based Security  = Enabled,  Secure Boot = On, DMA Protection = On,  Virtualization Based Code Integrity = Disabled, Credential Guard = Enabled, Machine Identity Isolation = Disabled, Kernel-mode Hardware-enforced Stack Protection = Not configured, Reboot required = No, Status = 0x0."
"11-08-2026 06:05:35","7000","Information","Microsoft-Windows-DeviceGuard","Device Guard successfully processed the Group Policy: Virtualization Based Security  = Enabled,  Secure Boot = On, DMA Protection = On,  Virtualization Based Code Integrity = Disabled, Credential Guard = Enabled, Machine Identity Isolation = Disabled, Kernel-mode Hardware-enforced Stack Protection = Not configured, Reboot required = No, Status = 0x0."
"11-08-2026 06:05:35","7000","Information","Microsoft-Windows-DeviceGuard","Device Guard successfully processed the Group Policy: Virtualization Based Security  = Enabled,  Secure Boot = On, DMA Protection = On,  Virtualization Based Code Integrity = Disabled, Credential Guard = Enabled, Machine Identity Isolation = Disabled, Kernel-mode Hardware-enforced Stack Protection = Not configured, Reboot required = No, Status = 0x0."
"11-08-2026 06:05:31","7000","Information","Microsoft-Windows-DeviceGuard","Device Guard successfully processed the Group Policy: Virtualization Based Security  = Enabled,  Secure Boot = On, DMA Protection = On,  Virtualization Based Code Integrity = Disabled, Credential Guard = Enabled, Machine Identity Isolation = Disabled, Kernel-mode Hardware-enforced Stack Protection = Not configured, Reboot required = No, Status = 0x0."
"11-08-2026 06:05:31","7000","Information","Microsoft-Windows-DeviceGuard","Device Guard successfully processed the Group Policy: Virtualization Based Security  = Enabled,  Secure Boot = On, DMA Protection = On,  Virtualization Based Code Integrity = Disabled, Credential Guard = Enabled, Machine Identity Isolation = Disabled, Kernel-mode Hardware-enforced Stack Protection = Not configured, Reboot required = No, Status = 0x0."
"11-08-2026 06:05:31","7000","Information","Microsoft-Windows-DeviceGuard","Device Guard successfully processed the Group Policy: Virtualization Based Security  = Enabled,  Secure Boot = On, DMA Protection = On,  Virtualization Based Code Integrity = Disabled, Credential Guard = Enabled, Machine Identity Isolation = Disabled, Kernel-mode Hardware-enforced Stack Protection = Not configured, Reboot required = No, Status = 0x0."
"11-08-2026 06:04:56","7000","Information","Microsoft-Windows-DeviceGuard","Device Guard successfully processed the Group Policy: Virtualization Based Security  = Enabled,  Secure Boot = On, DMA Protection = On,  Virtualization Based Code Integrity = Disabled, Credential Guard = Enabled, Machine Identity Isolation = Disabled, Kernel-mode Hardware-enforced Stack Protection = Not configured, Reboot required = No, Status = 0x0."
"11-08-2026 06:04:56","7000","Information","Microsoft-Windows-DeviceGuard","Device Guard successfully processed the Group Policy: Virtualization Based Security  = Enabled,  Secure Boot = On, DMA Protection = On,  Virtualization Based Code Integrity = Disabled, Credential Guard = Enabled, Machine Identity Isolation = Disabled, Kernel-mode Hardware-enforced Stack Protection = Not configured, Reboot required = No, Status = 0x0."
"11-08-2026 06:04:56","7000","Information","Microsoft-Windows-DeviceGuard","Device Guard successfully processed the Group Policy: Virtualization Based Security  = Enabled,  Secure Boot = On, DMA Protection = On,  Virtualization Based Code Integrity = Disabled, Credential Guard = Enabled, Machine Identity Isolation = Disabled, Kernel-mode Hardware-enforced Stack Protection = Not configured, Reboot required = No, Status = 0x0."
"11-08-2026 06:04:53","7000","Information","Microsoft-Windows-DeviceGuard","Device Guard successfully processed the Group Policy: Virtualization Based Security  = Enabled,  Secure Boot = On, DMA Protection = On,  Virtualization Based Code Integrity = Disabled, Credential Guard = Enabled, Machine Identity Isolation = Disabled, Kernel-mode Hardware-enforced Stack Protection = Not configured, Reboot required = No, Status = 0x0."
"11-08-2026 06:04:53","7000","Information","Microsoft-Windows-DeviceGuard","Device Guard successfully processed the Group Policy: Virtualization Based Security  = Enabled,  Secure Boot = On, DMA Protection = On,  Virtualization Based Code Integrity = Disabled, Credential Guard = Enabled, Machine Identity Isolation = Disabled, Kernel-mode Hardware-enforced Stack Protection = Not configured, Reboot required = No, Status = 0x0."
"11-08-2026 06:04:53","7000","Information","Microsoft-Windows-DeviceGuard","Device Guard successfully processed the Group Policy: Virtualization Based Security  = Enabled,  Secure Boot = On, DMA Protection = On,  Virtualization Based Code Integrity = Disabled, Credential Guard = Enabled, Machine Identity Isolation = Disabled, Kernel-mode Hardware-enforced Stack Protection = Not configured, Reboot required = No, Status = 0x0."
"11-08-2026 00:53:39","7000","Information","Microsoft-Windows-DeviceGuard","Device Guard successfully processed the Group Policy: Virtualization Based Security  = Enabled,  Secure Boot = On, DMA Protection = On,  Virtualization Based Code Integrity = Disabled, Credential Guard = Enabled, Machine Identity Isolation = Disabled, Kernel-mode Hardware-enforced Stack Protection = Not configured, Reboot required = No, Status = 0x0."
"11-08-2026 00:53:39","7000","Information","Microsoft-Windows-DeviceGuard","Device Guard successfully processed the Group Policy: Virtualization Based Security  = Enabled,  Secure Boot = On, DMA Protection = On,  Virtualization Based Code Integrity = Disabled, Credential Guard = Enabled, Machine Identity Isolation = Disabled, Kernel-mode Hardware-enforced Stack Protection = Not configured, Reboot required = No, Status = 0x0."
"10-08-2026 19:18:30","7000","Information","Microsoft-Windows-DeviceGuard","Device Guard successfully processed the Group Policy: Virtualization Based Security  = Enabled,  Secure Boot = On, DMA Protection = On,  Virtualization Based Code Integrity = Disabled, Credential Guard = Enabled, Machine Identity Isolation = Disabled, Kernel-mode Hardware-enforced Stack Protection = Not configured, Reboot required = No, Status = 0x0."
"10-08-2026 19:18:30","7000","Information","Microsoft-Windows-DeviceGuard","Device Guard successfully processed the Group Policy: Virtualization Based Security  = Enabled,  Secure Boot = On, DMA Protection = On,  Virtualization Based Code Integrity = Disabled, Credential Guard = Enabled, Machine Identity Isolation = Disabled, Kernel-mode Hardware-enforced Stack Protection = Not configured, Reboot required = No, Status = 0x0."
"10-08-2026 15:16:02","7000","Information","Microsoft-Windows-DeviceGuard","Device Guard successfully processed the Group Policy: Virtualization Based Security  = Enabled,  Secure Boot = On, DMA Protection = On,  Virtualization Based Code Integrity = Disabled, Credential Guard = Enabled, Machine Identity Isolation = Disabled, Kernel-mode Hardware-enforced Stack Protection = Not configured, Reboot required = No, Status = 0x0."
"10-08-2026 15:16:02","7000","Information","Microsoft-Windows-DeviceGuard","Device Guard successfully processed the Group Policy: Virtualization Based Security  = Enabled,  Secure Boot = On, DMA Protection = On,  Virtualization Based Code Integrity = Disabled, Credential Guard = Enabled, Machine Identity Isolation = Disabled, Kernel-mode Hardware-enforced Stack Protection = Not configured, Reboot required = No, Status = 0x0."
"10-08-2026 13:11:02","7000","Information","Microsoft-Windows-DeviceGuard","Device Guard successfully processed the Group Policy: Virtualization Based Security  = Enabled,  Secure Boot = On, DMA Protection = On,  Virtualization Based Code Integrity = Disabled, Credential Guard = Enabled, Machine Identity Isolation = Disabled, Kernel-mode Hardware-enforced Stack Protection = Not configured, Reboot required = No, Status = 0x0."
"10-08-2026 13:11:02","7000","Information","Microsoft-Windows-DeviceGuard","Device Guard successfully processed the Group Policy: Virtualization Based Security  = Enabled,  Secure Boot = On, DMA Protection = On,  Virtualization Based Code Integrity = Disabled, Credential Guard = Enabled, Machine Identity Isolation = Disabled, Kernel-mode Hardware-enforced Stack Protection = Not configured, Reboot required = No, Status = 0x0."
"10-08-2026 11:26:02","7000","Information","Microsoft-Windows-DeviceGuard","Device Guard successfully processed the Group Policy: Virtualization Based Security  = Enabled,  Secure Boot = On, DMA Protection = On,  Virtualization Based Code Integrity = Disabled, Credential Guard = Enabled, Machine Identity Isolation = Disabled, Kernel-mode Hardware-enforced Stack Protection = Not configured, Reboot required = No, Status = 0x0."
"10-08-2026 11:26:02","7000","Information","Microsoft-Windows-DeviceGuard","Device Guard successfully processed the Group Policy: Virtualization Based Security  = Enabled,  Secure Boot = On, DMA Protection = On,  Virtualization Based Code Integrity = Disabled, Credential Guard = Enabled, Machine Identity Isolation = Disabled, Kernel-mode Hardware-enforced Stack Protection = Not configured, Reboot required = No, Status = 0x0."
"10-08-2026 09:46:12","7000","Information","Microsoft-Windows-DeviceGuard","Device Guard successfully processed the Group Policy: Virtualization Based Security  = Enabled,  Secure Boot = On, DMA Protection = On,  Virtualization Based Code Integrity = Disabled, Credential Guard = Enabled, Machine Identity Isolation = Disabled, Kernel-mode Hardware-enforced Stack Protection = Not configured, Reboot required = No, Status = 0x0."
"10-08-2026 09:46:12","7000","Information","Microsoft-Windows-DeviceGuard","Device Guard successfully processed the Group Policy: Virtualization Based Security  = Enabled,  Secure Boot = On, DMA Protection = On,  Virtualization Based Code Integrity = Disabled, Credential Guard = Enabled, Machine Identity Isolation = Disabled, Kernel-mode Hardware-enforced Stack Protection = Not configured, Reboot required = No, Status = 0x0."
"10-08-2026 09:46:12","7000","Information","Microsoft-Windows-DeviceGuard","Device Guard successfully processed the Group Policy: Virtualization Based Security  = Enabled,  Secure Boot = On, DMA Protection = On,  Virtualization Based Code Integrity = Disabled, Credential Guard = Enabled, Machine Identity Isolation = Disabled, Kernel-mode Hardware-enforced Stack Protection = Not configured, Reboot required = No, Status = 0x0."
"10-08-2026 09:46:08","7000","Information","Microsoft-Windows-DeviceGuard","Device Guard successfully processed the Group Policy: Virtualization Based Security  = Enabled,  Secure Boot = On, DMA Protection = On,  Virtualization Based Code Integrity = Disabled, Credential Guard = Enabled, Machine Identity Isolation = Disabled, Kernel-mode Hardware-enforced Stack Protection = Not configured, Reboot required = No, Status = 0x0."
"10-08-2026 09:46:08","7000","Information","Microsoft-Windows-DeviceGuard","Device Guard successfully processed the Group Policy: Virtualization Based Security  = Enabled,  Secure Boot = On, DMA Protection = On,  Virtualization Based Code Integrity = Disabled, Credential Guard = Enabled, Machine Identity Isolation = Disabled, Kernel-mode Hardware-enforced Stack Protection = Not configured, Reboot required = No, Status = 0x0."
"10-08-2026 09:46:08","7000","Information","Microsoft-Windows-DeviceGuard","Device Guard successfully processed the Group Policy: Virtualization Based Security  = Enabled,  Secure Boot = On, DMA Protection = On,  Virtualization Based Code Integrity = Disabled, Credential Guard = Enabled, Machine Identity Isolation = Disabled, Kernel-mode Hardware-enforced Stack Protection = Not configured, Reboot required = No, Status = 0x0."
"10-08-2026 09:45:34","7000","Information","Microsoft-Windows-DeviceGuard","Device Guard successfully processed the Group Policy: Virtualization Based Security  = Enabled,  Secure Boot = On, DMA Protection = On,  Virtualization Based Code Integrity = Disabled, Credential Guard = Enabled, Machine Identity Isolation = Disabled, Kernel-mode Hardware-enforced Stack Protection = Not configured, Reboot required = No, Status = 0x0."
"10-08-2026 09:45:34","7000","Information","Microsoft-Windows-DeviceGuard","Device Guard successfully processed the Group Policy: Virtualization Based Security  = Enabled,  Secure Boot = On, DMA Protection = On,  Virtualization Based Code Integrity = Disabled, Credential Guard = Enabled, Machine Identity Isolation = Disabled, Kernel-mode Hardware-enforced Stack Protection = Not configured, Reboot required = No, Status = 0x0."
"10-08-2026 09:45:34","7000","Information","Microsoft-Windows-DeviceGuard","Device Guard successfully processed the Group Policy: Virtualization Based Security  = Enabled,  Secure Boot = On, DMA Protection = On,  Virtualization Based Code Integrity = Disabled, Credential Guard = Enabled, Machine Identity Isolation = Disabled, Kernel-mode Hardware-enforced Stack Protection = Not configured, Reboot required = No, Status = 0x0."
"10-08-2026 09:45:30","7000","Information","Microsoft-Windows-DeviceGuard","Device Guard successfully processed the Group Policy: Virtualization Based Security  = Enabled,  Secure Boot = On, DMA Protection = On,  Virtualization Based Code Integrity = Disabled, Credential Guard = Enabled, Machine Identity Isolation = Disabled, Kernel-mode Hardware-enforced Stack Protection = Not configured, Reboot required = No, Status = 0x0."
"10-08-2026 09:45:30","7000","Information","Microsoft-Windows-DeviceGuard","Device Guard successfully processed the Group Policy: Virtualization Based Security  = Enabled,  Secure Boot = On, DMA Protection = On,  Virtualization Based Code Integrity = Disabled, Credential Guard = Enabled, Machine Identity Isolation = Disabled, Kernel-mode Hardware-enforced Stack Protection = Not configured, Reboot required = No, Status = 0x0."
"10-08-2026 09:45:30","7000","Information","Microsoft-Windows-DeviceGuard","Device Guard successfully processed the Group Policy: Virtualization Based Security  = Enabled,  Secure Boot = On, DMA Protection = On,  Virtualization Based Code Integrity = Disabled, Credential Guard = Enabled, Machine Identity Isolation = Disabled, Kernel-mode Hardware-enforced Stack Protection = Not configured, Reboot required = No, Status = 0x0."
"10-08-2026 09:43:54","7000","Information","Microsoft-Windows-DeviceGuard","Device Guard successfully processed the Group Policy: Virtualization Based Security  = Enabled,  Secure Boot = On, DMA Protection = On,  Virtualization Based Code Integrity = Disabled, Credential Guard = Enabled, Machine Identity Isolation = Disabled, Kernel-mode Hardware-enforced Stack Protection = Not configured, Reboot required = No, Status = 0x0."
"10-08-2026 09:43:54","7000","Information","Microsoft-Windows-DeviceGuard","Device Guard successfully processed the Group Policy: Virtualization Based Security  = Enabled,  Secure Boot = On, DMA Protection = On,  Virtualization Based Code Integrity = Disabled, Credential Guard = Enabled, Machine Identity Isolation = Disabled, Kernel-mode Hardware-enforced Stack Protection = Not configured, Reboot required = No, Status = 0x0."
"10-08-2026 09:43:54","7000","Information","Microsoft-Windows-DeviceGuard","Device Guard successfully processed the Group Policy: Virtualization Based Security  = Enabled,  Secure Boot = On, DMA Protection = On,  Virtualization Based Code Integrity = Disabled, Credential Guard = Enabled, Machine Identity Isolation = Disabled, Kernel-mode Hardware-enforced Stack Protection = Not configured, Reboot required = No, Status = 0x0."
"10-08-2026 09:43:51","7000","Information","Microsoft-Windows-DeviceGuard","Device Guard successfully processed the Group Policy: Virtualization Based Security  = Enabled,  Secure Boot = On, DMA Protection = On,  Virtualization Based Code Integrity = Disabled, Credential Guard = Enabled, Machine Identity Isolation = Disabled, Kernel-mode Hardware-enforced Stack Protection = Not configured, Reboot required = No, Status = 0x0."
"10-08-2026 09:43:51","7000","Information","Microsoft-Windows-DeviceGuard","Device Guard successfully processed the Group Policy: Virtualization Based Security  = Enabled,  Secure Boot = On, DMA Protection = On,  Virtualization Based Code Integrity = Disabled, Credential Guard = Enabled, Machine Identity Isolation = Disabled, Kernel-mode Hardware-enforced Stack Protection = Not configured, Reboot required = No, Status = 0x0."
"10-08-2026 09:43:51","7000","Information","Microsoft-Windows-DeviceGuard","Device Guard successfully processed the Group Policy: Virtualization Based Security  = Enabled,  Secure Boot = On, DMA Protection = On,  Virtualization Based Code Integrity = Disabled, Credential Guard = Enabled, Machine Identity Isolation = Disabled, Kernel-mode Hardware-enforced Stack Protection = Not configured, Reboot required = No, Status = 0x0."
"10-08-2026 09:43:11","7000","Information","Microsoft-Windows-DeviceGuard","Device Guard successfully processed the Group Policy: Virtualization Based Security  = Enabled,  Secure Boot = On, DMA Protection = On,  Virtualization Based Code Integrity = Disabled, Credential Guard = Enabled, Machine Identity Isolation = Disabled, Kernel-mode Hardware-enforced Stack Protection = Not configured, Reboot required = No, Status = 0x0."
"10-08-2026 09:43:11","7000","Information","Microsoft-Windows-DeviceGuard","Device Guard successfully processed the Group Policy: Virtualization Based Security  = Enabled,  Secure Boot = On, DMA Protection = On,  Virtualization Based Code Integrity = Disabled, Credential Guard = Enabled, Machine Identity Isolation = Disabled, Kernel-mode Hardware-enforced Stack Protection = Not configured, Reboot required = No, Status = 0x0."
"10-08-2026 09:43:11","7000","Information","Microsoft-Windows-DeviceGuard","Device Guard successfully processed the Group Policy: Virtualization Based Security  = Enabled,  Secure Boot = On, DMA Protection = On,  Virtualization Based Code Integrity = Disabled, Credential Guard = Enabled, Machine Identity Isolation = Disabled, Kernel-mode Hardware-enforced Stack Protection = Not configured, Reboot required = No, Status = 0x0."
"10-08-2026 09:43:08","7000","Information","Microsoft-Windows-DeviceGuard","Device Guard successfully processed the Group Policy: Virtualization Based Security  = Enabled,  Secure Boot = On, DMA Protection = On,  Virtualization Based Code Integrity = Disabled, Credential Guard = Enabled, Machine Identity Isolation = Disabled, Kernel-mode Hardware-enforced Stack Protection = Not configured, Reboot required = No, Status = 0x0."
"10-08-2026 09:43:08","7000","Information","Microsoft-Windows-DeviceGuard","Device Guard successfully processed the Group Policy: Virtualization Based Security  = Enabled,  Secure Boot = On, DMA Protection = On,  Virtualization Based Code Integrity = Disabled, Credential Guard = Enabled, Machine Identity Isolation = Disabled, Kernel-mode Hardware-enforced Stack Protection = Not configured, Reboot required = No, Status = 0x0."
"10-08-2026 09:43:08","7000","Information","Microsoft-Windows-DeviceGuard","Device Guard successfully processed the Group Policy: Virtualization Based Security  = Enabled,  Secure Boot = On, DMA Protection = On,  Virtualization Based Code Integrity = Disabled, Credential Guard = Enabled, Machine Identity Isolation = Disabled, Kernel-mode Hardware-enforced Stack Protection = Not configured, Reboot required = No, Status = 0x0."
"10-08-2026 09:42:11","7000","Information","Microsoft-Windows-DeviceGuard","Device Guard successfully processed the Group Policy: Virtualization Based Security  = Enabled,  Secure Boot = On, DMA Protection = On,  Virtualization Based Code Integrity = Disabled, Credential Guard = Enabled, Machine Identity Isolation = Disabled, Kernel-mode Hardware-enforced Stack Protection = Not configured, Reboot required = No, Status = 0x0."
"10-08-2026 09:42:11","7000","Information","Microsoft-Windows-DeviceGuard","Device Guard successfully processed the Group Policy: Virtualization Based Security  = Enabled,  Secure Boot = On, DMA Protection = On,  Virtualization Based Code Integrity = Disabled, Credential Guard = Enabled, Machine Identity Isolation = Disabled, Kernel-mode Hardware-enforced Stack Protection = Not configured, Reboot required = No, Status = 0x0."
"10-08-2026 09:41:45","7000","Information","Microsoft-Windows-DeviceGuard","Device Guard successfully processed the Group Policy: Virtualization Based Security  = Enabled,  Secure Boot = On, DMA Protection = On,  Virtualization Based Code Integrity = Disabled, Credential Guard = Enabled, Machine Identity Isolation = Disabled, Kernel-mode Hardware-enforced Stack Protection = Not configured, Reboot required = No, Status = 0x0."
"10-08-2026 09:41:45","7000","Information","Microsoft-Windows-DeviceGuard","Device Guard successfully processed the Group Policy: Virtualization Based Security  = Enabled,  Secure Boot = On, DMA Protection = On,  Virtualization Based Code Integrity = Disabled, Credential Guard = Enabled, Machine Identity Isolation = Disabled, Kernel-mode Hardware-enforced Stack Protection = Not configured, Reboot required = No, Status = 0x0."
"10-08-2026 09:41:45","7000","Information","Microsoft-Windows-DeviceGuard","Device Guard successfully processed the Group Policy: Virtualization Based Security  = Enabled,  Secure Boot = On, DMA Protection = On,  Virtualization Based Code Integrity = Disabled, Credential Guard = Enabled, Machine Identity Isolation = Disabled, Kernel-mode Hardware-enforced Stack Protection = Not configured, Reboot required = No, Status = 0x0."
"10-08-2026 09:41:27","7000","Information","Microsoft-Windows-DeviceGuard","Device Guard successfully processed the Group Policy: Virtualization Based Security  = Enabled,  Secure Boot = On, DMA Protection = On,  Virtualization Based Code Integrity = Disabled, Credential Guard = Enabled, Machine Identity Isolation = Disabled, Kernel-mode Hardware-enforced Stack Protection = Not configured, Reboot required = No, Status = 0x0."
"10-08-2026 09:41:27","7000","Information","Microsoft-Windows-DeviceGuard","Device Guard successfully processed the Group Policy: Virtualization Based Security  = Enabled,  Secure Boot = On, DMA Protection = On,  Virtualization Based Code Integrity = Disabled, Credential Guard = Enabled, Machine Identity Isolation = Disabled, Kernel-mode Hardware-enforced Stack Protection = Not configured, Reboot required = No, Status = 0x0."
"10-08-2026 09:41:27","7000","Information","Microsoft-Windows-DeviceGuard","Device Guard successfully processed the Group Policy: Virtualization Based Security  = Enabled,  Secure Boot = On, DMA Protection = On,  Virtualization Based Code Integrity = Disabled, Credential Guard = Enabled, Machine Identity Isolation = Disabled, Kernel-mode Hardware-enforced Stack Protection = Not configured, Reboot required = No, Status = 0x0."
"10-08-2026 09:41:20","7000","Information","Microsoft-Windows-DeviceGuard","Device Guard successfully processed the Group Policy: Virtualization Based Security  = Enabled,  Secure Boot = On, DMA Protection = On,  Virtualization Based Code Integrity = Disabled, Credential Guard = Enabled, Machine Identity Isolation = Disabled, Kernel-mode Hardware-enforced Stack Protection = Not configured, Reboot required = No, Status = 0x0."
"10-08-2026 09:41:20","7000","Information","Microsoft-Windows-DeviceGuard","Device Guard successfully processed the Group Policy: Virtualization Based Security  = Enabled,  Secure Boot = On, DMA Protection = On,  Virtualization Based Code Integrity = Disabled, Credential Guard = Enabled, Machine Identity Isolation = Disabled, Kernel-mode Hardware-enforced Stack Protection = Not configured, Reboot required = No, Status = 0x0."
"10-08-2026 09:41:01","7000","Information","Microsoft-Windows-DeviceGuard","Device Guard successfully processed the Group Policy: Virtualization Based Security  = Enabled,  Secure Boot = On, DMA Protection = On,  Virtualization Based Code Integrity = Disabled, Credential Guard = Enabled, Machine Identity Isolation = Disabled, Kernel-mode Hardware-enforced Stack Protection = Not configured, Reboot required = No, Status = 0x0."
"10-08-2026 09:41:01","7000","Information","Microsoft-Windows-DeviceGuard","Device Guard successfully processed the Group Policy: Virtualization Based Security  = Enabled,  Secure Boot = On, DMA Protection = On,  Virtualization Based Code Integrity = Disabled, Credential Guard = Enabled, Machine Identity Isolation = Disabled, Kernel-mode Hardware-enforced Stack Protection = Not configured, Reboot required = No, Status = 0x0."
"10-08-2026 09:41:01","7000","Information","Microsoft-Windows-DeviceGuard","Device Guard successfully processed the Group Policy: Virtualization Based Security  = Enabled,  Secure Boot = On, DMA Protection = On,  Virtualization Based Code Integrity = Disabled, Credential Guard = Enabled, Machine Identity Isolation = Disabled, Kernel-mode Hardware-enforced Stack Protection = Not configured, Reboot required = No, Status = 0x0."
"10-08-2026 09:40:59","7000","Information","Microsoft-Windows-DeviceGuard","Device Guard successfully processed the Group Policy: Virtualization Based Security  = Enabled,  Secure Boot = On, DMA Protection = On,  Virtualization Based Code Integrity = Disabled, Credential Guard = Enabled, Machine Identity Isolation = Disabled, Kernel-mode Hardware-enforced Stack Protection = Not configured, Reboot required = No, Status = 0x0."
"10-08-2026 09:40:59","7000","Information","Microsoft-Windows-DeviceGuard","Device Guard successfully processed the Group Policy: Virtualization Based Security  = Enabled,  Secure Boot = On, DMA Protection = On,  Virtualization Based Code Integrity = Disabled, Credential Guard = Enabled, Machine Identity Isolation = Disabled, Kernel-mode Hardware-enforced Stack Protection = Not configured, Reboot required = No, Status = 0x0."
"10-08-2026 09:40:59","7000","Information","Microsoft-Windows-DeviceGuard","Device Guard successfully processed the Group Policy: Virtualization Based Security  = Enabled,  Secure Boot = On, DMA Protection = On,  Virtualization Based Code Integrity = Disabled, Credential Guard = Enabled, Machine Identity Isolation = Disabled, Kernel-mode Hardware-enforced Stack Protection = Not configured, Reboot required = No, Status = 0x0."
"10-08-2026 09:37:16","7000","Information","Microsoft-Windows-DeviceGuard","Device Guard successfully processed the Group Policy: Virtualization Based Security  = Enabled,  Secure Boot = On, DMA Protection = On,  Virtualization Based Code Integrity = Disabled, Credential Guard = Enabled, Machine Identity Isolation = Disabled, Kernel-mode Hardware-enforced Stack Protection = Not configured, Reboot required = No, Status = 0x0."
"10-08-2026 09:37:16","7000","Information","Microsoft-Windows-DeviceGuard","Device Guard successfully processed the Group Policy: Virtualization Based Security  = Enabled,  Secure Boot = On, DMA Protection = On,  Virtualization Based Code Integrity = Disabled, Credential Guard = Enabled, Machine Identity Isolation = Disabled, Kernel-mode Hardware-enforced Stack Protection = Not configured, Reboot required = No, Status = 0x0."
"10-08-2026 09:37:16","7000","Information","Microsoft-Windows-DeviceGuard","Device Guard successfully processed the Group Policy: Virtualization Based Security  = Enabled,  Secure Boot = On, DMA Protection = On,  Virtualization Based Code Integrity = Disabled, Credential Guard = Enabled, Machine Identity Isolation = Disabled, Kernel-mode Hardware-enforced Stack Protection = Not configured, Reboot required = No, Status = 0x0."
"10-08-2026 09:37:15","7000","Information","Microsoft-Windows-DeviceGuard","Device Guard successfully processed the Group Policy: Virtualization Based Security  = Enabled,  Secure Boot = On, DMA Protection = On,  Virtualization Based Code Integrity = Disabled, Credential Guard = Enabled, Machine Identity Isolation = Disabled, Kernel-mode Hardware-enforced Stack Protection = Not configured, Reboot required = No, Status = 0x0."
"10-08-2026 09:37:15","7000","Information","Microsoft-Windows-DeviceGuard","Device Guard successfully processed the Group Policy: Virtualization Based Security  = Enabled,  Secure Boot = On, DMA Protection = On,  Virtualization Based Code Integrity = Disabled, Credential Guard = Enabled, Machine Identity Isolation = Disabled, Kernel-mode Hardware-enforced Stack Protection = Not configured, Reboot required = No, Status = 0x0."
"10-08-2026 09:37:15","7000","Information","Microsoft-Windows-DeviceGuard","Device Guard successfully processed the Group Policy: Virtualization Based Security  = Enabled,  Secure Boot = On, DMA Protection = On,  Virtualization Based Code Integrity = Disabled, Credential Guard = Enabled, Machine Identity Isolation = Disabled, Kernel-mode Hardware-enforced Stack Protection = Not configured, Reboot required = No, Status = 0x0."
"10-08-2026 09:36:45","7000","Information","Microsoft-Windows-DeviceGuard","Device Guard successfully processed the Group Policy: Virtualization Based Security  = Enabled,  Secure Boot = On, DMA Protection = On,  Virtualization Based Code Integrity = Disabled, Credential Guard = Enabled, Machine Identity Isolation = Disabled, Kernel-mode Hardware-enforced Stack Protection = Not configured, Reboot required = No, Status = 0x0."
"10-08-2026 09:36:45","7000","Information","Microsoft-Windows-DeviceGuard","Device Guard successfully processed the Group Policy: Virtualization Based Security  = Enabled,  Secure Boot = On, DMA Protection = On,  Virtualization Based Code Integrity = Disabled, Credential Guard = Enabled, Machine Identity Isolation = Disabled, Kernel-mode Hardware-enforced Stack Protection = Not configured, Reboot required = No, Status = 0x0."
"10-08-2026 09:36:45","7000","Information","Microsoft-Windows-DeviceGuard","Device Guard successfully processed the Group Policy: Virtualization Based Security  = Enabled,  Secure Boot = On, DMA Protection = On,  Virtualization Based Code Integrity = Disabled, Credential Guard = Enabled, Machine Identity Isolation = Disabled, Kernel-mode Hardware-enforced Stack Protection = Not configured, Reboot required = No, Status = 0x0."
"10-08-2026 09:36:44","7000","Information","Microsoft-Windows-DeviceGuard","Device Guard successfully processed the Group Policy: Virtualization Based Security  = Enabled,  Secure Boot = On, DMA Protection = On,  Virtualization Based Code Integrity = Disabled, Credential Guard = Enabled, Machine Identity Isolation = Disabled, Kernel-mode Hardware-enforced Stack Protection = Not configured, Reboot required = No, Status = 0x0."
"10-08-2026 09:36:44","7000","Information","Microsoft-Windows-DeviceGuard","Device Guard successfully processed the Group Policy: Virtualization Based Security  = Enabled,  Secure Boot = On, DMA Protection = On,  Virtualization Based Code Integrity = Disabled, Credential Guard = Enabled, Machine Identity Isolation = Disabled, Kernel-mode Hardware-enforced Stack Protection = Not configured, Reboot required = No, Status = 0x0."
"10-08-2026 09:36:44","7000","Information","Microsoft-Windows-DeviceGuard","Device Guard successfully processed the Group Policy: Virtualization Based Security  = Enabled,  Secure Boot = On, DMA Protection = On,  Virtualization Based Code Integrity = Disabled, Credential Guard = Enabled, Machine Identity Isolation = Disabled, Kernel-mode Hardware-enforced Stack Protection = Not configured, Reboot required = No, Status = 0x0."
"07-08-2026 18:16:03","7000","Information","Microsoft-Windows-DeviceGuard","Device Guard successfully processed the Group Policy: Virtualization Based Security  = Enabled,  Secure Boot = On, DMA Protection = On,  Virtualization Based Code Integrity = Disabled, Credential Guard = Enabled, Machine Identity Isolation = Disabled, Kernel-mode Hardware-enforced Stack Protection = Not configured, Reboot required = No, Status = 0x0."
"07-08-2026 18:16:03","7000","Information","Microsoft-Windows-DeviceGuard","Device Guard successfully processed the Group Policy: Virtualization Based Security  = Enabled,  Secure Boot = On, DMA Protection = On,  Virtualization Based Code Integrity = Disabled, Credential Guard = Enabled, Machine Identity Isolation = Disabled, Kernel-mode Hardware-enforced Stack Protection = Not configured, Reboot required = No, Status = 0x0."
"07-08-2026 14:26:02","7000","Information","Microsoft-Windows-DeviceGuard","Device Guard successfully processed the Group Policy: Virtualization Based Security  = Enabled,  Secure Boot = On, DMA Protection = On,  Virtualization Based Code Integrity = Disabled, Credential Guard = Enabled, Machine Identity Isolation = Disabled, Kernel-mode Hardware-enforced Stack Protection = Not configured, Reboot required = No, Status = 0x0."
"07-08-2026 14:26:02","7000","Information","Microsoft-Windows-DeviceGuard","Device Guard successfully processed the Group Policy: Virtualization Based Security  = Enabled,  Secure Boot = On, DMA Protection = On,  Virtualization Based Code Integrity = Disabled, Credential Guard = Enabled, Machine Identity Isolation = Disabled, Kernel-mode Hardware-enforced Stack Protection = Not configured, Reboot required = No, Status = 0x0."
"07-08-2026 13:11:02","7000","Information","Microsoft-Windows-DeviceGuard","Device Guard successfully processed the Group Policy: Virtualization Based Security  = Enabled,  Secure Boot = On, DMA Protection = On,  Virtualization Based Code Integrity = Disabled, Credential Guard = Enabled, Machine Identity Isolation = Disabled, Kernel-mode Hardware-enforced Stack Protection = Not configured, Reboot required = No, Status = 0x0."
"07-08-2026 13:11:02","7000","Information","Microsoft-Windows-DeviceGuard","Device Guard successfully processed the Group Policy: Virtualization Based Security  = Enabled,  Secure Boot = On, DMA Protection = On,  Virtualization Based Code Integrity = Disabled, Credential Guard = Enabled, Machine Identity Isolation = Disabled, Kernel-mode Hardware-enforced Stack Protection = Not configured, Reboot required = No, Status = 0x0."
"07-08-2026 10:36:02","7000","Information","Microsoft-Windows-DeviceGuard","Device Guard successfully processed the Group Policy: Virtualization Based Security  = Enabled,  Secure Boot = On, DMA Protection = On,  Virtualization Based Code Integrity = Disabled, Credential Guard = Enabled, Machine Identity Isolation = Disabled, Kernel-mode Hardware-enforced Stack Protection = Not configured, Reboot required = No, Status = 0x0."
"07-08-2026 10:36:02","7000","Information","Microsoft-Windows-DeviceGuard","Device Guard successfully processed the Group Policy: Virtualization Based Security  = Enabled,  Secure Boot = On, DMA Protection = On,  Virtualization Based Code Integrity = Disabled, Credential Guard = Enabled, Machine Identity Isolation = Disabled, Kernel-mode Hardware-enforced Stack Protection = Not configured, Reboot required = No, Status = 0x0."
"07-08-2026 09:22:36","7000","Information","Microsoft-Windows-DeviceGuard","Device Guard successfully processed the Group Policy: Virtualization Based Security  = Enabled,  Secure Boot = On, DMA Protection = On,  Virtualization Based Code Integrity = Disabled, Credential Guard = Enabled, Machine Identity Isolation = Disabled, Kernel-mode Hardware-enforced Stack Protection = Not configured, Reboot required = No, Status = 0x0."
"07-08-2026 09:22:36","7000","Information","Microsoft-Windows-DeviceGuard","Device Guard successfully processed the Group Policy: Virtualization Based Security  = Enabled,  Secure Boot = On, DMA Protection = On,  Virtualization Based Code Integrity = Disabled, Credential Guard = Enabled, Machine Identity Isolation = Disabled, Kernel-mode Hardware-enforced Stack Protection = Not configured, Reboot required = No, Status = 0x0."
"07-08-2026 09:20:55","7000","Information","Microsoft-Windows-DeviceGuard","Device Guard successfully processed the Group Policy: Virtualization Based Security  = Enabled,  Secure Boot = On, DMA Protection = On,  Virtualization Based Code Integrity = Disabled, Credential Guard = Enabled, Machine Identity Isolation = Disabled, Kernel-mode Hardware-enforced Stack Protection = Not configured, Reboot required = No, Status = 0x0."
"07-08-2026 09:20:55","7000","Information","Microsoft-Windows-DeviceGuard","Device Guard successfully processed the Group Policy: Virtualization Based Security  = Enabled,  Secure Boot = On, DMA Protection = On,  Virtualization Based Code Integrity = Disabled, Credential Guard = Enabled, Machine Identity Isolation = Disabled, Kernel-mode Hardware-enforced Stack Protection = Not configured, Reboot required = No, Status = 0x0."
"07-08-2026 09:20:55","7000","Information","Microsoft-Windows-DeviceGuard","Device Guard successfully processed the Group Policy: Virtualization Based Security  = Enabled,  Secure Boot = On, DMA Protection = On,  Virtualization Based Code Integrity = Disabled, Credential Guard = Enabled, Machine Identity Isolation = Disabled, Kernel-mode Hardware-enforced Stack Protection = Not configured, Reboot required = No, Status = 0x0."
"07-08-2026 09:20:52","7000","Information","Microsoft-Windows-DeviceGuard","Device Guard successfully processed the Group Policy: Virtualization Based Security  = Enabled,  Secure Boot = On, DMA Protection = On,  Virtualization Based Code Integrity = Disabled, Credential Guard = Enabled, Machine Identity Isolation = Disabled, Kernel-mode Hardware-enforced Stack Protection = Not configured, Reboot required = No, Status = 0x0."
"07-08-2026 09:20:52","7000","Information","Microsoft-Windows-DeviceGuard","Device Guard successfully processed the Group Policy: Virtualization Based Security  = Enabled,  Secure Boot = On, DMA Protection = On,  Virtualization Based Code Integrity = Disabled, Credential Guard = Enabled, Machine Identity Isolation = Disabled, Kernel-mode Hardware-enforced Stack Protection = Not configured, Reboot required = No, Status = 0x0."
"07-08-2026 09:20:52","7000","Information","Microsoft-Windows-DeviceGuard","Device Guard successfully processed the Group Policy: Virtualization Based Security  = Enabled,  Secure Boot = On, DMA Protection = On,  Virtualization Based Code Integrity = Disabled, Credential Guard = Enabled, Machine Identity Isolation = Disabled, Kernel-mode Hardware-enforced Stack Protection = Not configured, Reboot required = No, Status = 0x0."
"07-08-2026 09:20:21","7000","Information","Microsoft-Windows-DeviceGuard","Device Guard successfully processed the Group Policy: Virtualization Based Security  = Enabled,  Secure Boot = On, DMA Protection = On,  Virtualization Based Code Integrity = Disabled, Credential Guard = Enabled, Machine Identity Isolation = Disabled, Kernel-mode Hardware-enforced Stack Protection = Not configured, Reboot required = No, Status = 0x0."
"07-08-2026 09:20:21","7000","Information","Microsoft-Windows-DeviceGuard","Device Guard successfully processed the Group Policy: Virtualization Based Security  = Enabled,  Secure Boot = On, DMA Protection = On,  Virtualization Based Code Integrity = Disabled, Credential Guard = Enabled, Machine Identity Isolation = Disabled, Kernel-mode Hardware-enforced Stack Protection = Not configured, Reboot required = No, Status = 0x0."
"07-08-2026 09:20:21","7000","Information","Microsoft-Windows-DeviceGuard","Device Guard successfully processed the Group Policy: Virtualization Based Security  = Enabled,  Secure Boot = On, DMA Protection = On,  Virtualization Based Code Integrity = Disabled, Credential Guard = Enabled, Machine Identity Isolation = Disabled, Kernel-mode Hardware-enforced Stack Protection = Not configured, Reboot required = No, Status = 0x0."
"07-08-2026 09:20:19","7000","Information","Microsoft-Windows-DeviceGuard","Device Guard successfully processed the Group Policy: Virtualization Based Security  = Enabled,  Secure Boot = On, DMA Protection = On,  Virtualization Based Code Integrity = Disabled, Credential Guard = Enabled, Machine Identity Isolation = Disabled, Kernel-mode Hardware-enforced Stack Protection = Not configured, Reboot required = No, Status = 0x0."
"07-08-2026 09:20:19","7000","Information","Microsoft-Windows-DeviceGuard","Device Guard successfully processed the Group Policy: Virtualization Based Security  = Enabled,  Secure Boot = On, DMA Protection = On,  Virtualization Based Code Integrity = Disabled, Credential Guard = Enabled, Machine Identity Isolation = Disabled, Kernel-mode Hardware-enforced Stack Protection = Not configured, Reboot required = No, Status = 0x0."
"07-08-2026 09:20:19","7000","Information","Microsoft-Windows-DeviceGuard","Device Guard successfully processed the Group Policy: Virtualization Based Security  = Enabled,  Secure Boot = On, DMA Protection = On,  Virtualization Based Code Integrity = Disabled, Credential Guard = Enabled, Machine Identity Isolation = Disabled, Kernel-mode Hardware-enforced Stack Protection = Not configured, Reboot required = No, Status = 0x0."
"07-08-2026 09:19:51","7000","Information","Microsoft-Windows-DeviceGuard","Device Guard successfully processed the Group Policy: Virtualization Based Security  = Enabled,  Secure Boot = On, DMA Protection = On,  Virtualization Based Code Integrity = Disabled, Credential Guard = Enabled, Machine Identity Isolation = Disabled, Kernel-mode Hardware-enforced Stack Protection = Not configured, Reboot required = No, Status = 0x0."
"07-08-2026 09:19:51","7000","Information","Microsoft-Windows-DeviceGuard","Device Guard successfully processed the Group Policy: Virtualization Based Security  = Enabled,  Secure Boot = On, DMA Protection = On,  Virtualization Based Code Integrity = Disabled, Credential Guard = Enabled, Machine Identity Isolation = Disabled, Kernel-mode Hardware-enforced Stack Protection = Not configured, Reboot required = No, Status = 0x0."
"07-08-2026 09:19:51","7000","Information","Microsoft-Windows-DeviceGuard","Device Guard successfully processed the Group Policy: Virtualization Based Security  = Enabled,  Secure Boot = On, DMA Protection = On,  Virtualization Based Code Integrity = Disabled, Credential Guard = Enabled, Machine Identity Isolation = Disabled, Kernel-mode Hardware-enforced Stack Protection = Not configured, Reboot required = No, Status = 0x0."
"07-08-2026 09:19:49","7000","Information","Microsoft-Windows-DeviceGuard","Device Guard successfully processed the Group Policy: Virtualization Based Security  = Enabled,  Secure Boot = On, DMA Protection = On,  Virtualization Based Code Integrity = Disabled, Credential Guard = Enabled, Machine Identity Isolation = Disabled, Kernel-mode Hardware-enforced Stack Protection = Not configured, Reboot required = No, Status = 0x0."
"07-08-2026 09:19:48","7000","Information","Microsoft-Windows-DeviceGuard","Device Guard successfully processed the Group Policy: Virtualization Based Security  = Enabled,  Secure Boot = On, DMA Protection = On,  Virtualization Based Code Integrity = Disabled, Credential Guard = Enabled, Machine Identity Isolation = Disabled, Kernel-mode Hardware-enforced Stack Protection = Not configured, Reboot required = No, Status = 0x0."
"07-08-2026 09:19:48","7000","Information","Microsoft-Windows-DeviceGuard","Device Guard successfully processed the Group Policy: Virtualization Based Security  = Enabled,  Secure Boot = On, DMA Protection = On,  Virtualization Based Code Integrity = Disabled, Credential Guard = Enabled, Machine Identity Isolation = Disabled, Kernel-mode Hardware-enforced Stack Protection = Not configured, Reboot required = No, Status = 0x0."
"07-08-2026 09:18:59","7000","Information","Microsoft-Windows-DeviceGuard","Device Guard successfully processed the Group Policy: Virtualization Based Security  = Enabled,  Secure Boot = On, DMA Protection = On,  Virtualization Based Code Integrity = Disabled, Credential Guard = Enabled, Machine Identity Isolation = Disabled, Kernel-mode Hardware-enforced Stack Protection = Not configured, Reboot required = No, Status = 0x0."
"07-08-2026 09:18:59","7000","Information","Microsoft-Windows-DeviceGuard","Device Guard successfully processed the Group Policy: Virtualization Based Security  = Enabled,  Secure Boot = On, DMA Protection = On,  Virtualization Based Code Integrity = Disabled, Credential Guard = Enabled, Machine Identity Isolation = Disabled, Kernel-mode Hardware-enforced Stack Protection = Not configured, Reboot required = No, Status = 0x0."
"07-08-2026 09:18:59","7000","Information","Microsoft-Windows-DeviceGuard","Device Guard successfully processed the Group Policy: Virtualization Based Security  = Enabled,  Secure Boot = On, DMA Protection = On,  Virtualization Based Code Integrity = Disabled, Credential Guard = Enabled, Machine Identity Isolation = Disabled, Kernel-mode Hardware-enforced Stack Protection = Not configured, Reboot required = No, Status = 0x0."
"07-08-2026 09:18:55","7000","Information","Microsoft-Windows-DeviceGuard","Device Guard successfully processed the Group Policy: Virtualization Based Security  = Enabled,  Secure Boot = On, DMA Protection = On,  Virtualization Based Code Integrity = Disabled, Credential Guard = Enabled, Machine Identity Isolation = Disabled, Kernel-mode Hardware-enforced Stack Protection = Not configured, Reboot required = No, Status = 0x0."
"07-08-2026 09:18:55","7000","Information","Microsoft-Windows-DeviceGuard","Device Guard successfully processed the Group Policy: Virtualization Based Security  = Enabled,  Secure Boot = On, DMA Protection = On,  Virtualization Based Code Integrity = Disabled, Credential Guard = Enabled, Machine Identity Isolation = Disabled, Kernel-mode Hardware-enforced Stack Protection = Not configured, Reboot required = No, Status = 0x0."
"07-08-2026 09:18:55","7000","Information","Microsoft-Windows-DeviceGuard","Device Guard successfully processed the Group Policy: Virtualization Based Security  = Enabled,  Secure Boot = On, DMA Protection = On,  Virtualization Based Code Integrity = Disabled, Credential Guard = Enabled, Machine Identity Isolation = Disabled, Kernel-mode Hardware-enforced Stack Protection = Not configured, Reboot required = No, Status = 0x0."
"07-08-2026 09:17:53","7000","Information","Microsoft-Windows-DeviceGuard","Device Guard successfully processed the Group Policy: Virtualization Based Security  = Enabled,  Secure Boot = On, DMA Protection = On,  Virtualization Based Code Integrity = Disabled, Credential Guard = Enabled, Machine Identity Isolation = Disabled, Kernel-mode Hardware-enforced Stack Protection = Not configured, Reboot required = No, Status = 0x0."
"07-08-2026 09:17:53","7000","Information","Microsoft-Windows-DeviceGuard","Device Guard successfully processed the Group Policy: Virtualization Based Security  = Enabled,  Secure Boot = On, DMA Protection = On,  Virtualization Based Code Integrity = Disabled, Credential Guard = Enabled, Machine Identity Isolation = Disabled, Kernel-mode Hardware-enforced Stack Protection = Not configured, Reboot required = No, Status = 0x0."
"07-08-2026 04:02:24","7000","Information","Microsoft-Windows-DeviceGuard","Device Guard successfully processed the Group Policy: Virtualization Based Security  = Enabled,  Secure Boot = On, DMA Protection = On,  Virtualization Based Code Integrity = Disabled, Credential Guard = Enabled, Machine Identity Isolation = Disabled, Kernel-mode Hardware-enforced Stack Protection = Not configured, Reboot required = No, Status = 0x0."
"07-08-2026 04:02:24","7000","Information","Microsoft-Windows-DeviceGuard","Device Guard successfully processed the Group Policy: Virtualization Based Security  = Enabled,  Secure Boot = On, DMA Protection = On,  Virtualization Based Code Integrity = Disabled, Credential Guard = Enabled, Machine Identity Isolation = Disabled, Kernel-mode Hardware-enforced Stack Protection = Not configured, Reboot required = No, Status = 0x0."
"06-08-2026 15:26:02","7000","Information","Microsoft-Windows-DeviceGuard","Device Guard successfully processed the Group Policy: Virtualization Based Security  = Enabled,  Secure Boot = On, DMA Protection = On,  Virtualization Based Code Integrity = Disabled, Credential Guard = Enabled, Machine Identity Isolation = Disabled, Kernel-mode Hardware-enforced Stack Protection = Not configured, Reboot required = No, Status = 0x0."
"06-08-2026 15:26:02","7000","Information","Microsoft-Windows-DeviceGuard","Device Guard successfully processed the Group Policy: Virtualization Based Security  = Enabled,  Secure Boot = On, DMA Protection = On,  Virtualization Based Code Integrity = Disabled, Credential Guard = Enabled, Machine Identity Isolation = Disabled, Kernel-mode Hardware-enforced Stack Protection = Not configured, Reboot required = No, Status = 0x0."
"06-08-2026 13:12:20","7000","Information","Microsoft-Windows-DeviceGuard","Device Guard successfully processed the Group Policy: Virtualization Based Security  = Enabled,  Secure Boot = On, DMA Protection = On,  Virtualization Based Code Integrity = Disabled, Credential Guard = Enabled, Machine Identity Isolation = Disabled, Kernel-mode Hardware-enforced Stack Protection = Not configured, Reboot required = No, Status = 0x0."
"06-08-2026 13:12:20","7000","Information","Microsoft-Windows-DeviceGuard","Device Guard successfully processed the Group Policy: Virtualization Based Security  = Enabled,  Secure Boot = On, DMA Protection = On,  Virtualization Based Code Integrity = Disabled, Credential Guard = Enabled, Machine Identity Isolation = Disabled, Kernel-mode Hardware-enforced Stack Protection = Not configured, Reboot required = No, Status = 0x0."
"06-08-2026 13:12:20","7000","Information","Microsoft-Windows-DeviceGuard","Device Guard successfully processed the Group Policy: Virtualization Based Security  = Enabled,  Secure Boot = On, DMA Protection = On,  Virtualization Based Code Integrity = Disabled, Credential Guard = Enabled, Machine Identity Isolation = Disabled, Kernel-mode Hardware-enforced Stack Protection = Not configured, Reboot required = No, Status = 0x0."
"06-08-2026 13:12:17","7000","Information","Microsoft-Windows-DeviceGuard","Device Guard successfully processed the Group Policy: Virtualization Based Security  = Enabled,  Secure Boot = On, DMA Protection = On,  Virtualization Based Code Integrity = Disabled, Credential Guard = Enabled, Machine Identity Isolation = Disabled, Kernel-mode Hardware-enforced Stack Protection = Not configured, Reboot required = No, Status = 0x0."
"06-08-2026 13:12:17","7000","Information","Microsoft-Windows-DeviceGuard","Device Guard successfully processed the Group Policy: Virtualization Based Security  = Enabled,  Secure Boot = On, DMA Protection = On,  Virtualization Based Code Integrity = Disabled, Credential Guard = Enabled, Machine Identity Isolation = Disabled, Kernel-mode Hardware-enforced Stack Protection = Not configured, Reboot required = No, Status = 0x0."
"06-08-2026 13:12:17","7000","Information","Microsoft-Windows-DeviceGuard","Device Guard successfully processed the Group Policy: Virtualization Based Security  = Enabled,  Secure Boot = On, DMA Protection = On,  Virtualization Based Code Integrity = Disabled, Credential Guard = Enabled, Machine Identity Isolation = Disabled, Kernel-mode Hardware-enforced Stack Protection = Not configured, Reboot required = No, Status = 0x0."
"06-08-2026 13:11:37","7000","Information","Microsoft-Windows-DeviceGuard","Device Guard successfully processed the Group Policy: Virtualization Based Security  = Enabled,  Secure Boot = On, DMA Protection = On,  Virtualization Based Code Integrity = Disabled, Credential Guard = Enabled, Machine Identity Isolation = Disabled, Kernel-mode Hardware-enforced Stack Protection = Not configured, Reboot required = No, Status = 0x0."
"06-08-2026 13:11:36","7000","Information","Microsoft-Windows-DeviceGuard","Device Guard successfully processed the Group Policy: Virtualization Based Security  = Enabled,  Secure Boot = On, DMA Protection = On,  Virtualization Based Code Integrity = Disabled, Credential Guard = Enabled, Machine Identity Isolation = Disabled, Kernel-mode Hardware-enforced Stack Protection = Not configured, Reboot required = No, Status = 0x0."
"06-08-2026 13:11:36","7000","Information","Microsoft-Windows-DeviceGuard","Device Guard successfully processed the Group Policy: Virtualization Based Security  = Enabled,  Secure Boot = On, DMA Protection = On,  Virtualization Based Code Integrity = Disabled, Credential Guard = Enabled, Machine Identity Isolation = Disabled, Kernel-mode Hardware-enforced Stack Protection = Not configured, Reboot required = No, Status = 0x0."
"06-08-2026 13:11:33","7000","Information","Microsoft-Windows-DeviceGuard","Device Guard successfully processed the Group Policy: Virtualization Based Security  = Enabled,  Secure Boot = On, DMA Protection = On,  Virtualization Based Code Integrity = Disabled, Credential Guard = Enabled, Machine Identity Isolation = Disabled, Kernel-mode Hardware-enforced Stack Protection = Not configured, Reboot required = No, Status = 0x0."
"06-08-2026 13:11:33","7000","Information","Microsoft-Windows-DeviceGuard","Device Guard successfully processed the Group Policy: Virtualization Based Security  = Enabled,  Secure Boot = On, DMA Protection = On,  Virtualization Based Code Integrity = Disabled, Credential Guard = Enabled, Machine Identity Isolation = Disabled, Kernel-mode Hardware-enforced Stack Protection = Not configured, Reboot required = No, Status = 0x0."
"06-08-2026 13:11:33","7000","Information","Microsoft-Windows-DeviceGuard","Device Guard successfully processed the Group Policy: Virtualization Based Security  = Enabled,  Secure Boot = On, DMA Protection = On,  Virtualization Based Code Integrity = Disabled, Credential Guard = Enabled, Machine Identity Isolation = Disabled, Kernel-mode Hardware-enforced Stack Protection = Not configured, Reboot required = No, Status = 0x0."
"06-08-2026 13:11:02","7000","Information","Microsoft-Windows-DeviceGuard","Device Guard successfully processed the Group Policy: Virtualization Based Security  = Enabled,  Secure Boot = On, DMA Protection = On,  Virtualization Based Code Integrity = Disabled, Credential Guard = Enabled, Machine Identity Isolation = Disabled, Kernel-mode Hardware-enforced Stack Protection = Not configured, Reboot required = No, Status = 0x0."
"06-08-2026 13:11:02","7000","Information","Microsoft-Windows-DeviceGuard","Device Guard successfully processed the Group Policy: Virtualization Based Security  = Enabled,  Secure Boot = On, DMA Protection = On,  Virtualization Based Code Integrity = Disabled, Credential Guard = Enabled, Machine Identity Isolation = Disabled, Kernel-mode Hardware-enforced Stack Protection = Not configured, Reboot required = No, Status = 0x0."
"06-08-2026 11:36:02","7000","Information","Microsoft-Windows-DeviceGuard","Device Guard successfully processed the Group Policy: Virtualization Based Security  = Enabled,  Secure Boot = On, DMA Protection = On,  Virtualization Based Code Integrity = Disabled, Credential Guard = Enabled, Machine Identity Isolation = Disabled, Kernel-mode Hardware-enforced Stack Protection = Not configured, Reboot required = No, Status = 0x0."
"06-08-2026 11:36:02","7000","Information","Microsoft-Windows-DeviceGuard","Device Guard successfully processed the Group Policy: Virtualization Based Security  = Enabled,  Secure Boot = On, DMA Protection = On,  Virtualization Based Code Integrity = Disabled, Credential Guard = Enabled, Machine Identity Isolation = Disabled, Kernel-mode Hardware-enforced Stack Protection = Not configured, Reboot required = No, Status = 0x0."
"06-08-2026 09:00:49","7000","Information","Microsoft-Windows-DeviceGuard","Device Guard successfully processed the Group Policy: Virtualization Based Security  = Enabled,  Secure Boot = On, DMA Protection = On,  Virtualization Based Code Integrity = Disabled, Credential Guard = Enabled, Machine Identity Isolation = Disabled, Kernel-mode Hardware-enforced Stack Protection = Not configured, Reboot required = No, Status = 0x0."
"06-08-2026 09:00:49","7000","Information","Microsoft-Windows-DeviceGuard","Device Guard successfully processed the Group Policy: Virtualization Based Security  = Enabled,  Secure Boot = On, DMA Protection = On,  Virtualization Based Code Integrity = Disabled, Credential Guard = Enabled, Machine Identity Isolation = Disabled, Kernel-mode Hardware-enforced Stack Protection = Not configured, Reboot required = No, Status = 0x0."
"06-08-2026 08:58:48","7000","Information","Microsoft-Windows-DeviceGuard","Device Guard successfully processed the Group Policy: Virtualization Based Security  = Enabled,  Secure Boot = On, DMA Protection = On,  Virtualization Based Code Integrity = Disabled, Credential Guard = Enabled, Machine Identity Isolation = Disabled, Kernel-mode Hardware-enforced Stack Protection = Not configured, Reboot required = No, Status = 0x0."
"06-08-2026 08:58:48","7000","Information","Microsoft-Windows-DeviceGuard","Device Guard successfully processed the Group Policy: Virtualization Based Security  = Enabled,  Secure Boot = On, DMA Protection = On,  Virtualization Based Code Integrity = Disabled, Credential Guard = Enabled, Machine Identity Isolation = Disabled, Kernel-mode Hardware-enforced Stack Protection = Not configured, Reboot required = No, Status = 0x0."
"06-08-2026 08:58:48","7000","Information","Microsoft-Windows-DeviceGuard","Device Guard successfully processed the Group Policy: Virtualization Based Security  = Enabled,  Secure Boot = On, DMA Protection = On,  Virtualization Based Code Integrity = Disabled, Credential Guard = Enabled, Machine Identity Isolation = Disabled, Kernel-mode Hardware-enforced Stack Protection = Not configured, Reboot required = No, Status = 0x0."
"06-08-2026 08:58:46","7000","Information","Microsoft-Windows-DeviceGuard","Device Guard successfully processed the Group Policy: Virtualization Based Security  = Enabled,  Secure Boot = On, DMA Protection = On,  Virtualization Based Code Integrity = Disabled, Credential Guard = Enabled, Machine Identity Isolation = Disabled, Kernel-mode Hardware-enforced Stack Protection = Not configured, Reboot required = No, Status = 0x0."
"06-08-2026 08:58:46","7000","Information","Microsoft-Windows-DeviceGuard","Device Guard successfully processed the Group Policy: Virtualization Based Security  = Enabled,  Secure Boot = On, DMA Protection = On,  Virtualization Based Code Integrity = Disabled, Credential Guard = Enabled, Machine Identity Isolation = Disabled, Kernel-mode Hardware-enforced Stack Protection = Not configured, Reboot required = No, Status = 0x0."
"06-08-2026 08:58:46","7000","Information","Microsoft-Windows-DeviceGuard","Device Guard successfully processed the Group Policy: Virtualization Based Security  = Enabled,  Secure Boot = On, DMA Protection = On,  Virtualization Based Code Integrity = Disabled, Credential Guard = Enabled, Machine Identity Isolation = Disabled, Kernel-mode Hardware-enforced Stack Protection = Not configured, Reboot required = No, Status = 0x0."
"06-08-2026 08:58:15","7000","Information","Microsoft-Windows-DeviceGuard","Device Guard successfully processed the Group Policy: Virtualization Based Security  = Enabled,  Secure Boot = On, DMA Protection = On,  Virtualization Based Code Integrity = Disabled, Credential Guard = Enabled, Machine Identity Isolation = Disabled, Kernel-mode Hardware-enforced Stack Protection = Not configured, Reboot required = No, Status = 0x0."
"06-08-2026 08:58:15","7000","Information","Microsoft-Windows-DeviceGuard","Device Guard successfully processed the Group Policy: Virtualization Based Security  = Enabled,  Secure Boot = On, DMA Protection = On,  Virtualization Based Code Integrity = Disabled, Credential Guard = Enabled, Machine Identity Isolation = Disabled, Kernel-mode Hardware-enforced Stack Protection = Not configured, Reboot required = No, Status = 0x0."
"06-08-2026 08:58:15","7000","Information","Microsoft-Windows-DeviceGuard","Device Guard successfully processed the Group Policy: Virtualization Based Security  = Enabled,  Secure Boot = On, DMA Protection = On,  Virtualization Based Code Integrity = Disabled, Credential Guard = Enabled, Machine Identity Isolation = Disabled, Kernel-mode Hardware-enforced Stack Protection = Not configured, Reboot required = No, Status = 0x0."
"06-08-2026 08:58:13","7000","Information","Microsoft-Windows-DeviceGuard","Device Guard successfully processed the Group Policy: Virtualization Based Security  = Enabled,  Secure Boot = On, DMA Protection = On,  Virtualization Based Code Integrity = Disabled, Credential Guard = Enabled, Machine Identity Isolation = Disabled, Kernel-mode Hardware-enforced Stack Protection = Not configured, Reboot required = No, Status = 0x0."
"06-08-2026 08:58:13","7000","Information","Microsoft-Windows-DeviceGuard","Device Guard successfully processed the Group Policy: Virtualization Based Security  = Enabled,  Secure Boot = On, DMA Protection = On,  Virtualization Based Code Integrity = Disabled, Credential Guard = Enabled, Machine Identity Isolation = Disabled, Kernel-mode Hardware-enforced Stack Protection = Not configured, Reboot required = No, Status = 0x0."
"06-08-2026 08:58:13","7000","Information","Microsoft-Windows-DeviceGuard","Device Guard successfully processed the Group Policy: Virtualization Based Security  = Enabled,  Secure Boot = On, DMA Protection = On,  Virtualization Based Code Integrity = Disabled, Credential Guard = Enabled, Machine Identity Isolation = Disabled, Kernel-mode Hardware-enforced Stack Protection = Not configured, Reboot required = No, Status = 0x0."
"06-08-2026 08:57:45","7000","Information","Microsoft-Windows-DeviceGuard","Device Guard successfully processed the Group Policy: Virtualization Based Security  = Enabled,  Secure Boot = On, DMA Protection = On,  Virtualization Based Code Integrity = Disabled, Credential Guard = Enabled, Machine Identity Isolation = Disabled, Kernel-mode Hardware-enforced Stack Protection = Not configured, Reboot required = No, Status = 0x0."
"06-08-2026 08:57:45","7000","Information","Microsoft-Windows-DeviceGuard","Device Guard successfully processed the Group Policy: Virtualization Based Security  = Enabled,  Secure Boot = On, DMA Protection = On,  Virtualization Based Code Integrity = Disabled, Credential Guard = Enabled, Machine Identity Isolation = Disabled, Kernel-mode Hardware-enforced Stack Protection = Not configured, Reboot required = No, Status = 0x0."
"06-08-2026 08:57:45","7000","Information","Microsoft-Windows-DeviceGuard","Device Guard successfully processed the Group Policy: Virtualization Based Security  = Enabled,  Secure Boot = On, DMA Protection = On,  Virtualization Based Code Integrity = Disabled, Credential Guard = Enabled, Machine Identity Isolation = Disabled, Kernel-mode Hardware-enforced Stack Protection = Not configured, Reboot required = No, Status = 0x0."
"06-08-2026 08:57:41","7000","Information","Microsoft-Windows-DeviceGuard","Device Guard successfully processed the Group Policy: Virtualization Based Security  = Enabled,  Secure Boot = On, DMA Protection = On,  Virtualization Based Code Integrity = Disabled, Credential Guard = Enabled, Machine Identity Isolation = Disabled, Kernel-mode Hardware-enforced Stack Protection = Not configured, Reboot required = No, Status = 0x0."
"06-08-2026 08:57:41","7000","Information","Microsoft-Windows-DeviceGuard","Device Guard successfully processed the Group Policy: Virtualization Based Security  = Enabled,  Secure Boot = On, DMA Protection = On,  Virtualization Based Code Integrity = Disabled, Credential Guard = Enabled, Machine Identity Isolation = Disabled, Kernel-mode Hardware-enforced Stack Protection = Not configured, Reboot required = No, Status = 0x0."
"06-08-2026 08:57:41","7000","Information","Microsoft-Windows-DeviceGuard","Device Guard successfully processed the Group Policy: Virtualization Based Security  = Enabled,  Secure Boot = On, DMA Protection = On,  Virtualization Based Code Integrity = Disabled, Credential Guard = Enabled, Machine Identity Isolation = Disabled, Kernel-mode Hardware-enforced Stack Protection = Not configured, Reboot required = No, Status = 0x0."
"06-08-2026 08:56:57","7000","Information","Microsoft-Windows-DeviceGuard","Device Guard successfully processed the Group Policy: Virtualization Based Security  = Enabled,  Secure Boot = On, DMA Protection = On,  Virtualization Based Code Integrity = Disabled, Credential Guard = Enabled, Machine Identity Isolation = Disabled, Kernel-mode Hardware-enforced Stack Protection = Not configured, Reboot required = No, Status = 0x0."
"06-08-2026 08:56:57","7000","Information","Microsoft-Windows-DeviceGuard","Device Guard successfully processed the Group Policy: Virtualization Based Security  = Enabled,  Secure Boot = On, DMA Protection = On,  Virtualization Based Code Integrity = Disabled, Credential Guard = Enabled, Machine Identity Isolation = Disabled, Kernel-mode Hardware-enforced Stack Protection = Not configured, Reboot required = No, Status = 0x0."
"06-08-2026 08:56:57","7000","Information","Microsoft-Windows-DeviceGuard","Device Guard successfully processed the Group Policy: Virtualization Based Security  = Enabled,  Secure Boot = On, DMA Protection = On,  Virtualization Based Code Integrity = Disabled, Credential Guard = Enabled, Machine Identity Isolation = Disabled, Kernel-mode Hardware-enforced Stack Protection = Not configured, Reboot required = No, Status = 0x0."
"06-08-2026 08:56:53","7000","Information","Microsoft-Windows-DeviceGuard","Device Guard successfully processed the Group Policy: Virtualization Based Security  = Enabled,  Secure Boot = On, DMA Protection = On,  Virtualization Based Code Integrity = Disabled, Credential Guard = Enabled, Machine Identity Isolation = Disabled, Kernel-mode Hardware-enforced Stack Protection = Not configured, Reboot required = No, Status = 0x0."
"06-08-2026 08:56:53","7000","Information","Microsoft-Windows-DeviceGuard","Device Guard successfully processed the Group Policy: Virtualization Based Security  = Enabled,  Secure Boot = On, DMA Protection = On,  Virtualization Based Code Integrity = Disabled, Credential Guard = Enabled, Machine Identity Isolation = Disabled, Kernel-mode Hardware-enforced Stack Protection = Not configured, Reboot required = No, Status = 0x0."
"06-08-2026 08:56:53","7000","Information","Microsoft-Windows-DeviceGuard","Device Guard successfully processed the Group Policy: Virtualization Based Security  = Enabled,  Secure Boot = On, DMA Protection = On,  Virtualization Based Code Integrity = Disabled, Credential Guard = Enabled, Machine Identity Isolation = Disabled, Kernel-mode Hardware-enforced Stack Protection = Not configured, Reboot required = No, Status = 0x0."
"06-08-2026 08:55:07","7000","Information","Microsoft-Windows-DeviceGuard","Device Guard successfully processed the Group Policy: Virtualization Based Security  = Enabled,  Secure Boot = On, DMA Protection = On,  Virtualization Based Code Integrity = Disabled, Credential Guard = Enabled, Machine Identity Isolation = Disabled, Kernel-mode Hardware-enforced Stack Protection = Not configured, Reboot required = No, Status = 0x0."
"06-08-2026 08:55:07","7000","Information","Microsoft-Windows-DeviceGuard","Device Guard successfully processed the Group Policy: Virtualization Based Security  = Enabled,  Secure Boot = On, DMA Protection = On,  Virtualization Based Code Integrity = Disabled, Credential Guard = Enabled, Machine Identity Isolation = Disabled, Kernel-mode Hardware-enforced Stack Protection = Not configured, Reboot required = No, Status = 0x0."
"06-08-2026 05:13:32","7000","Information","Microsoft-Windows-DeviceGuard","Device Guard successfully processed the Group Policy: Virtualization Based Security  = Enabled,  Secure Boot = On, DMA Protection = On,  Virtualization Based Code Integrity = Disabled, Credential Guard = Enabled, Machine Identity Isolation = Disabled, Kernel-mode Hardware-enforced Stack Protection = Not configured, Reboot required = No, Status = 0x0."
"06-08-2026 05:13:32","7000","Information","Microsoft-Windows-DeviceGuard","Device Guard successfully processed the Group Policy: Virtualization Based Security  = Enabled,  Secure Boot = On, DMA Protection = On,  Virtualization Based Code Integrity = Disabled, Credential Guard = Enabled, Machine Identity Isolation = Disabled, Kernel-mode Hardware-enforced Stack Protection = Not configured, Reboot required = No, Status = 0x0."
"05-08-2026 20:16:02","7000","Information","Microsoft-Windows-DeviceGuard","Device Guard successfully processed the Group Policy: Virtualization Based Security  = Enabled,  Secure Boot = On, DMA Protection = On,  Virtualization Based Code Integrity = Disabled, Credential Guard = Enabled, Machine Identity Isolation = Disabled, Kernel-mode Hardware-enforced Stack Protection = Not configured, Reboot required = No, Status = 0x0."
"05-08-2026 20:16:02","7000","Information","Microsoft-Windows-DeviceGuard","Device Guard successfully processed the Group Policy: Virtualization Based Security  = Enabled,  Secure Boot = On, DMA Protection = On,  Virtualization Based Code Integrity = Disabled, Credential Guard = Enabled, Machine Identity Isolation = Disabled, Kernel-mode Hardware-enforced Stack Protection = Not configured, Reboot required = No, Status = 0x0."
"05-08-2026 16:26:03","7000","Information","Microsoft-Windows-DeviceGuard","Device Guard successfully processed the Group Policy: Virtualization Based Security  = Enabled,  Secure Boot = On, DMA Protection = On,  Virtualization Based Code Integrity = Disabled, Credential Guard = Enabled, Machine Identity Isolation = Disabled, Kernel-mode Hardware-enforced Stack Protection = Not configured, Reboot required = No, Status = 0x0."
"05-08-2026 16:26:03","7000","Information","Microsoft-Windows-DeviceGuard","Device Guard successfully processed the Group Policy: Virtualization Based Security  = Enabled,  Secure Boot = On, DMA Protection = On,  Virtualization Based Code Integrity = Disabled, Credential Guard = Enabled, Machine Identity Isolation = Disabled, Kernel-mode Hardware-enforced Stack Protection = Not configured, Reboot required = No, Status = 0x0."
"05-08-2026 13:12:14","7000","Information","Microsoft-Windows-DeviceGuard","Device Guard successfully processed the Group Policy: Virtualization Based Security  = Enabled,  Secure Boot = On, DMA Protection = On,  Virtualization Based Code Integrity = Disabled, Credential Guard = Enabled, Machine Identity Isolation = Disabled, Kernel-mode Hardware-enforced Stack Protection = Not configured, Reboot required = No, Status = 0x0."
"05-08-2026 13:12:14","7000","Information","Microsoft-Windows-DeviceGuard","Device Guard successfully processed the Group Policy: Virtualization Based Security  = Enabled,  Secure Boot = On, DMA Protection = On,  Virtualization Based Code Integrity = Disabled, Credential Guard = Enabled, Machine Identity Isolation = Disabled, Kernel-mode Hardware-enforced Stack Protection = Not configured, Reboot required = No, Status = 0x0."
"05-08-2026 13:12:14","7000","Information","Microsoft-Windows-DeviceGuard","Device Guard successfully processed the Group Policy: Virtualization Based Security  = Enabled,  Secure Boot = On, DMA Protection = On,  Virtualization Based Code Integrity = Disabled, Credential Guard = Enabled, Machine Identity Isolation = Disabled, Kernel-mode Hardware-enforced Stack Protection = Not configured, Reboot required = No, Status = 0x0."
"05-08-2026 13:12:11","7000","Information","Microsoft-Windows-DeviceGuard","Device Guard successfully processed the Group Policy: Virtualization Based Security  = Enabled,  Secure Boot = On, DMA Protection = On,  Virtualization Based Code Integrity = Disabled, Credential Guard = Enabled, Machine Identity Isolation = Disabled, Kernel-mode Hardware-enforced Stack Protection = Not configured, Reboot required = No, Status = 0x0."
"05-08-2026 13:12:11","7000","Information","Microsoft-Windows-DeviceGuard","Device Guard successfully processed the Group Policy: Virtualization Based Security  = Enabled,  Secure Boot = On, DMA Protection = On,  Virtualization Based Code Integrity = Disabled, Credential Guard = Enabled, Machine Identity Isolation = Disabled, Kernel-mode Hardware-enforced Stack Protection = Not configured, Reboot required = No, Status = 0x0."
"05-08-2026 13:12:11","7000","Information","Microsoft-Windows-DeviceGuard","Device Guard successfully processed the Group Policy: Virtualization Based Security  = Enabled,  Secure Boot = On, DMA Protection = On,  Virtualization Based Code Integrity = Disabled, Credential Guard = Enabled, Machine Identity Isolation = Disabled, Kernel-mode Hardware-enforced Stack Protection = Not configured, Reboot required = No, Status = 0x0."
"05-08-2026 13:11:35","7000","Information","Microsoft-Windows-DeviceGuard","Device Guard successfully processed the Group Policy: Virtualization Based Security  = Enabled,  Secure Boot = On, DMA Protection = On,  Virtualization Based Code Integrity = Disabled, Credential Guard = Enabled, Machine Identity Isolation = Disabled, Kernel-mode Hardware-enforced Stack Protection = Not configured, Reboot required = No, Status = 0x0."
"05-08-2026 13:11:35","7000","Information","Microsoft-Windows-DeviceGuard","Device Guard successfully processed the Group Policy: Virtualization Based Security  = Enabled,  Secure Boot = On, DMA Protection = On,  Virtualization Based Code Integrity = Disabled, Credential Guard = Enabled, Machine Identity Isolation = Disabled, Kernel-mode Hardware-enforced Stack Protection = Not configured, Reboot required = No, Status = 0x0."
"05-08-2026 13:11:35","7000","Information","Microsoft-Windows-DeviceGuard","Device Guard successfully processed the Group Policy: Virtualization Based Security  = Enabled,  Secure Boot = On, DMA Protection = On,  Virtualization Based Code Integrity = Disabled, Credential Guard = Enabled, Machine Identity Isolation = Disabled, Kernel-mode Hardware-enforced Stack Protection = Not configured, Reboot required = No, Status = 0x0."
"05-08-2026 13:11:32","7000","Information","Microsoft-Windows-DeviceGuard","Device Guard successfully processed the Group Policy: Virtualization Based Security  = Enabled,  Secure Boot = On, DMA Protection = On,  Virtualization Based Code Integrity = Disabled, Credential Guard = Enabled, Machine Identity Isolation = Disabled, Kernel-mode Hardware-enforced Stack Protection = Not configured, Reboot required = No, Status = 0x0."
"05-08-2026 13:11:32","7000","Information","Microsoft-Windows-DeviceGuard","Device Guard successfully processed the Group Policy: Virtualization Based Security  = Enabled,  Secure Boot = On, DMA Protection = On,  Virtualization Based Code Integrity = Disabled, Credential Guard = Enabled, Machine Identity Isolation = Disabled, Kernel-mode Hardware-enforced Stack Protection = Not configured, Reboot required = No, Status = 0x0."
"05-08-2026 13:11:32","7000","Information","Microsoft-Windows-DeviceGuard","Device Guard successfully processed the Group Policy: Virtualization Based Security  = Enabled,  Secure Boot = On, DMA Protection = On,  Virtualization Based Code Integrity = Disabled, Credential Guard = Enabled, Machine Identity Isolation = Disabled, Kernel-mode Hardware-enforced Stack Protection = Not configured, Reboot required = No, Status = 0x0."
"05-08-2026 13:11:02","7000","Information","Microsoft-Windows-DeviceGuard","Device Guard successfully processed the Group Policy: Virtualization Based Security  = Enabled,  Secure Boot = On, DMA Protection = On,  Virtualization Based Code Integrity = Disabled, Credential Guard = Enabled, Machine Identity Isolation = Disabled, Kernel-mode Hardware-enforced Stack Protection = Not configured, Reboot required = No, Status = 0x0."
"05-08-2026 13:11:02","7000","Information","Microsoft-Windows-DeviceGuard","Device Guard successfully processed the Group Policy: Virtualization Based Security  = Enabled,  Secure Boot = On, DMA Protection = On,  Virtualization Based Code Integrity = Disabled, Credential Guard = Enabled, Machine Identity Isolation = Disabled, Kernel-mode Hardware-enforced Stack Protection = Not configured, Reboot required = No, Status = 0x0."
"05-08-2026 12:36:02","7000","Information","Microsoft-Windows-DeviceGuard","Device Guard successfully processed the Group Policy: Virtualization Based Security  = Enabled,  Secure Boot = On, DMA Protection = On,  Virtualization Based Code Integrity = Disabled, Credential Guard = Enabled, Machine Identity Isolation = Disabled, Kernel-mode Hardware-enforced Stack Protection = Not configured, Reboot required = No, Status = 0x0."
"05-08-2026 12:36:02","7000","Information","Microsoft-Windows-DeviceGuard","Device Guard successfully processed the Group Policy: Virtualization Based Security  = Enabled,  Secure Boot = On, DMA Protection = On,  Virtualization Based Code Integrity = Disabled, Credential Guard = Enabled, Machine Identity Isolation = Disabled, Kernel-mode Hardware-enforced Stack Protection = Not configured, Reboot required = No, Status = 0x0."
"05-08-2026 09:44:29","7000","Information","Microsoft-Windows-DeviceGuard","Device Guard successfully processed the Group Policy: Virtualization Based Security  = Enabled,  Secure Boot = On, DMA Protection = On,  Virtualization Based Code Integrity = Disabled, Credential Guard = Enabled, Machine Identity Isolation = Disabled, Kernel-mode Hardware-enforced Stack Protection = Not configured, Reboot required = No, Status = 0x0."
"05-08-2026 09:44:29","7000","Information","Microsoft-Windows-DeviceGuard","Device Guard successfully processed the Group Policy: Virtualization Based Security  = Enabled,  Secure Boot = On, DMA Protection = On,  Virtualization Based Code Integrity = Disabled, Credential Guard = Enabled, Machine Identity Isolation = Disabled, Kernel-mode Hardware-enforced Stack Protection = Not configured, Reboot required = No, Status = 0x0."
"05-08-2026 09:42:41","7000","Information","Microsoft-Windows-DeviceGuard","Device Guard successfully processed the Group Policy: Virtualization Based Security  = Enabled,  Secure Boot = On, DMA Protection = On,  Virtualization Based Code Integrity = Disabled, Credential Guard = Enabled, Machine Identity Isolation = Disabled, Kernel-mode Hardware-enforced Stack Protection = Not configured, Reboot required = No, Status = 0x0."
"05-08-2026 09:42:41","7000","Information","Microsoft-Windows-DeviceGuard","Device Guard successfully processed the Group Policy: Virtualization Based Security  = Enabled,  Secure Boot = On, DMA Protection = On,  Virtualization Based Code Integrity = Disabled, Credential Guard = Enabled, Machine Identity Isolation = Disabled, Kernel-mode Hardware-enforced Stack Protection = Not configured, Reboot required = No, Status = 0x0."
"05-08-2026 09:42:41","7000","Information","Microsoft-Windows-DeviceGuard","Device Guard successfully processed the Group Policy: Virtualization Based Security  = Enabled,  Secure Boot = On, DMA Protection = On,  Virtualization Based Code Integrity = Disabled, Credential Guard = Enabled, Machine Identity Isolation = Disabled, Kernel-mode Hardware-enforced Stack Protection = Not configured, Reboot required = No, Status = 0x0."
"05-08-2026 09:42:38","7000","Information","Microsoft-Windows-DeviceGuard","Device Guard successfully processed the Group Policy: Virtualization Based Security  = Enabled,  Secure Boot = On, DMA Protection = On,  Virtualization Based Code Integrity = Disabled, Credential Guard = Enabled, Machine Identity Isolation = Disabled, Kernel-mode Hardware-enforced Stack Protection = Not configured, Reboot required = No, Status = 0x0."
"05-08-2026 09:42:38","7000","Information","Microsoft-Windows-DeviceGuard","Device Guard successfully processed the Group Policy: Virtualization Based Security  = Enabled,  Secure Boot = On, DMA Protection = On,  Virtualization Based Code Integrity = Disabled, Credential Guard = Enabled, Machine Identity Isolation = Disabled, Kernel-mode Hardware-enforced Stack Protection = Not configured, Reboot required = No, Status = 0x0."
"05-08-2026 09:42:38","7000","Information","Microsoft-Windows-DeviceGuard","Device Guard successfully processed the Group Policy: Virtualization Based Security  = Enabled,  Secure Boot = On, DMA Protection = On,  Virtualization Based Code Integrity = Disabled, Credential Guard = Enabled, Machine Identity Isolation = Disabled, Kernel-mode Hardware-enforced Stack Protection = Not configured, Reboot required = No, Status = 0x0."
"05-08-2026 09:41:59","7000","Information","Microsoft-Windows-DeviceGuard","Device Guard successfully processed the Group Policy: Virtualization Based Security  = Enabled,  Secure Boot = On, DMA Protection = On,  Virtualization Based Code Integrity = Disabled, Credential Guard = Enabled, Machine Identity Isolation = Disabled, Kernel-mode Hardware-enforced Stack Protection = Not configured, Reboot required = No, Status = 0x0."
"05-08-2026 09:41:59","7000","Information","Microsoft-Windows-DeviceGuard","Device Guard successfully processed the Group Policy: Virtualization Based Security  = Enabled,  Secure Boot = On, DMA Protection = On,  Virtualization Based Code Integrity = Disabled, Credential Guard = Enabled, Machine Identity Isolation = Disabled, Kernel-mode Hardware-enforced Stack Protection = Not configured, Reboot required = No, Status = 0x0."
"05-08-2026 09:41:59","7000","Information","Microsoft-Windows-DeviceGuard","Device Guard successfully processed the Group Policy: Virtualization Based Security  = Enabled,  Secure Boot = On, DMA Protection = On,  Virtualization Based Code Integrity = Disabled, Credential Guard = Enabled, Machine Identity Isolation = Disabled, Kernel-mode Hardware-enforced Stack Protection = Not configured, Reboot required = No, Status = 0x0."
"05-08-2026 09:41:56","7000","Information","Microsoft-Windows-DeviceGuard","Device Guard successfully processed the Group Policy: Virtualization Based Security  = Enabled,  Secure Boot = On, DMA Protection = On,  Virtualization Based Code Integrity = Disabled, Credential Guard = Enabled, Machine Identity Isolation = Disabled, Kernel-mode Hardware-enforced Stack Protection = Not configured, Reboot required = No, Status = 0x0."
"05-08-2026 09:41:56","7000","Information","Microsoft-Windows-DeviceGuard","Device Guard successfully processed the Group Policy: Virtualization Based Security  = Enabled,  Secure Boot = On, DMA Protection = On,  Virtualization Based Code Integrity = Disabled, Credential Guard = Enabled, Machine Identity Isolation = Disabled, Kernel-mode Hardware-enforced Stack Protection = Not configured, Reboot required = No, Status = 0x0."
"05-08-2026 09:41:56","7000","Information","Microsoft-Windows-DeviceGuard","Device Guard successfully processed the Group Policy: Virtualization Based Security  = Enabled,  Secure Boot = On, DMA Protection = On,  Virtualization Based Code Integrity = Disabled, Credential Guard = Enabled, Machine Identity Isolation = Disabled, Kernel-mode Hardware-enforced Stack Protection = Not configured, Reboot required = No, Status = 0x0."
"05-08-2026 09:41:12","7000","Information","Microsoft-Windows-DeviceGuard","Device Guard successfully processed the Group Policy: Virtualization Based Security  = Enabled,  Secure Boot = On, DMA Protection = On,  Virtualization Based Code Integrity = Disabled, Credential Guard = Enabled, Machine Identity Isolation = Disabled, Kernel-mode Hardware-enforced Stack Protection = Not configured, Reboot required = No, Status = 0x0."
"05-08-2026 09:41:12","7000","Information","Microsoft-Windows-DeviceGuard","Device Guard successfully processed the Group Policy: Virtualization Based Security  = Enabled,  Secure Boot = On, DMA Protection = On,  Virtualization Based Code Integrity = Disabled, Credential Guard = Enabled, Machine Identity Isolation = Disabled, Kernel-mode Hardware-enforced Stack Protection = Not configured, Reboot required = No, Status = 0x0."
"05-08-2026 09:41:11","7000","Information","Microsoft-Windows-DeviceGuard","Device Guard successfully processed the Group Policy: Virtualization Based Security  = Enabled,  Secure Boot = On, DMA Protection = On,  Virtualization Based Code Integrity = Disabled, Credential Guard = Enabled, Machine Identity Isolation = Disabled, Kernel-mode Hardware-enforced Stack Protection = Not configured, Reboot required = No, Status = 0x0."
"05-08-2026 09:41:09","7000","Information","Microsoft-Windows-DeviceGuard","Device Guard successfully processed the Group Policy: Virtualization Based Security  = Enabled,  Secure Boot = On, DMA Protection = On,  Virtualization Based Code Integrity = Disabled, Credential Guard = Enabled, Machine Identity Isolation = Disabled, Kernel-mode Hardware-enforced Stack Protection = Not configured, Reboot required = No, Status = 0x0."
"05-08-2026 09:41:09","7000","Information","Microsoft-Windows-DeviceGuard","Device Guard successfully processed the Group Policy: Virtualization Based Security  = Enabled,  Secure Boot = On, DMA Protection = On,  Virtualization Based Code Integrity = Disabled, Credential Guard = Enabled, Machine Identity Isolation = Disabled, Kernel-mode Hardware-enforced Stack Protection = Not configured, Reboot required = No, Status = 0x0."
"05-08-2026 09:41:09","7000","Information","Microsoft-Windows-DeviceGuard","Device Guard successfully processed the Group Policy: Virtualization Based Security  = Enabled,  Secure Boot = On, DMA Protection = On,  Virtualization Based Code Integrity = Disabled, Credential Guard = Enabled, Machine Identity Isolation = Disabled, Kernel-mode Hardware-enforced Stack Protection = Not configured, Reboot required = No, Status = 0x0."
"05-08-2026 09:40:21","7000","Information","Microsoft-Windows-DeviceGuard","Device Guard successfully processed the Group Policy: Virtualization Based Security  = Enabled,  Secure Boot = On, DMA Protection = On,  Virtualization Based Code Integrity = Disabled, Credential Guard = Enabled, Machine Identity Isolation = Disabled, Kernel-mode Hardware-enforced Stack Protection = Not configured, Reboot required = No, Status = 0x0."
"05-08-2026 09:40:21","7000","Information","Microsoft-Windows-DeviceGuard","Device Guard successfully processed the Group Policy: Virtualization Based Security  = Enabled,  Secure Boot = On, DMA Protection = On,  Virtualization Based Code Integrity = Disabled, Credential Guard = Enabled, Machine Identity Isolation = Disabled, Kernel-mode Hardware-enforced Stack Protection = Not configured, Reboot required = No, Status = 0x0."
"05-08-2026 09:40:21","7000","Information","Microsoft-Windows-DeviceGuard","Device Guard successfully processed the Group Policy: Virtualization Based Security  = Enabled,  Secure Boot = On, DMA Protection = On,  Virtualization Based Code Integrity = Disabled, Credential Guard = Enabled, Machine Identity Isolation = Disabled, Kernel-mode Hardware-enforced Stack Protection = Not configured, Reboot required = No, Status = 0x0."
"05-08-2026 09:40:14","7000","Information","Microsoft-Windows-DeviceGuard","Device Guard successfully processed the Group Policy: Virtualization Based Security  = Enabled,  Secure Boot = On, DMA Protection = On,  Virtualization Based Code Integrity = Disabled, Credential Guard = Enabled, Machine Identity Isolation = Disabled, Kernel-mode Hardware-enforced Stack Protection = Not configured, Reboot required = No, Status = 0x0."
"05-08-2026 09:40:14","7000","Information","Microsoft-Windows-DeviceGuard","Device Guard successfully processed the Group Policy: Virtualization Based Security  = Enabled,  Secure Boot = On, DMA Protection = On,  Virtualization Based Code Integrity = Disabled, Credential Guard = Enabled, Machine Identity Isolation = Disabled, Kernel-mode Hardware-enforced Stack Protection = Not configured, Reboot required = No, Status = 0x0."
"05-08-2026 09:40:14","7000","Information","Microsoft-Windows-DeviceGuard","Device Guard successfully processed the Group Policy: Virtualization Based Security  = Enabled,  Secure Boot = On, DMA Protection = On,  Virtualization Based Code Integrity = Disabled, Credential Guard = Enabled, Machine Identity Isolation = Disabled, Kernel-mode Hardware-enforced Stack Protection = Not configured, Reboot required = No, Status = 0x0."
"05-08-2026 09:38:40","7000","Information","Microsoft-Windows-DeviceGuard","Device Guard successfully processed the Group Policy: Virtualization Based Security  = Enabled,  Secure Boot = On, DMA Protection = On,  Virtualization Based Code Integrity = Disabled, Credential Guard = Enabled, Machine Identity Isolation = Disabled, Kernel-mode Hardware-enforced Stack Protection = Not configured, Reboot required = No, Status = 0x0."
"05-08-2026 09:38:39","7000","Information","Microsoft-Windows-DeviceGuard","Device Guard successfully processed the Group Policy: Virtualization Based Security  = Enabled,  Secure Boot = On, DMA Protection = On,  Virtualization Based Code Integrity = Disabled, Credential Guard = Enabled, Machine Identity Isolation = Disabled, Kernel-mode Hardware-enforced Stack Protection = Not configured, Reboot required = No, Status = 0x0."
"05-08-2026 06:30:30","7000","Information","Microsoft-Windows-DeviceGuard","Device Guard successfully processed the Group Policy: Virtualization Based Security  = Enabled,  Secure Boot = On, DMA Protection = On,  Virtualization Based Code Integrity = Disabled, Credential Guard = Enabled, Machine Identity Isolation = Disabled, Kernel-mode Hardware-enforced Stack Protection = Not configured, Reboot required = No, Status = 0x0."
"05-08-2026 06:30:29","7000","Information","Microsoft-Windows-DeviceGuard","Device Guard successfully processed the Group Policy: Virtualization Based Security  = Enabled,  Secure Boot = On, DMA Protection = On,  Virtualization Based Code Integrity = Disabled, Credential Guard = Enabled, Machine Identity Isolation = Disabled, Kernel-mode Hardware-enforced Stack Protection = Not configured, Reboot required = No, Status = 0x0."
"04-08-2026 21:28:50","7000","Information","Microsoft-Windows-DeviceGuard","Device Guard successfully processed the Group Policy: Virtualization Based Security  = Enabled,  Secure Boot = On, DMA Protection = On,  Virtualization Based Code Integrity = Disabled, Credential Guard = Enabled, Machine Identity Isolation = Disabled, Kernel-mode Hardware-enforced Stack Protection = Not configured, Reboot required = No, Status = 0x0."
"04-08-2026 21:28:50","7000","Information","Microsoft-Windows-DeviceGuard","Device Guard successfully processed the Group Policy: Virtualization Based Security  = Enabled,  Secure Boot = On, DMA Protection = On,  Virtualization Based Code Integrity = Disabled, Credential Guard = Enabled, Machine Identity Isolation = Disabled, Kernel-mode Hardware-enforced Stack Protection = Not configured, Reboot required = No, Status = 0x0."
"04-08-2026 17:26:02","7000","Information","Microsoft-Windows-DeviceGuard","Device Guard successfully processed the Group Policy: Virtualization Based Security  = Enabled,  Secure Boot = On, DMA Protection = On,  Virtualization Based Code Integrity = Disabled, Credential Guard = Enabled, Machine Identity Isolation = Disabled, Kernel-mode Hardware-enforced Stack Protection = Not configured, Reboot required = No, Status = 0x0."
"04-08-2026 17:26:02","7000","Information","Microsoft-Windows-DeviceGuard","Device Guard successfully processed the Group Policy: Virtualization Based Security  = Enabled,  Secure Boot = On, DMA Protection = On,  Virtualization Based Code Integrity = Disabled, Credential Guard = Enabled, Machine Identity Isolation = Disabled, Kernel-mode Hardware-enforced Stack Protection = Not configured, Reboot required = No, Status = 0x0."
"04-08-2026 13:36:02","7000","Information","Microsoft-Windows-DeviceGuard","Device Guard successfully processed the Group Policy: Virtualization Based Security  = Enabled,  Secure Boot = On, DMA Protection = On,  Virtualization Based Code Integrity = Disabled, Credential Guard = Enabled, Machine Identity Isolation = Disabled, Kernel-mode Hardware-enforced Stack Protection = Not configured, Reboot required = No, Status = 0x0."
"04-08-2026 13:36:02","7000","Information","Microsoft-Windows-DeviceGuard","Device Guard successfully processed the Group Policy: Virtualization Based Security  = Enabled,  Secure Boot = On, DMA Protection = On,  Virtualization Based Code Integrity = Disabled, Credential Guard = Enabled, Machine Identity Isolation = Disabled, Kernel-mode Hardware-enforced Stack Protection = Not configured, Reboot required = No, Status = 0x0."
"04-08-2026 13:12:10","7000","Information","Microsoft-Windows-DeviceGuard","Device Guard successfully processed the Group Policy: Virtualization Based Security  = Enabled,  Secure Boot = On, DMA Protection = On,  Virtualization Based Code Integrity = Disabled, Credential Guard = Enabled, Machine Identity Isolation = Disabled, Kernel-mode Hardware-enforced Stack Protection = Not configured, Reboot required = No, Status = 0x0."
"04-08-2026 13:12:10","7000","Information","Microsoft-Windows-DeviceGuard","Device Guard successfully processed the Group Policy: Virtualization Based Security  = Enabled,  Secure Boot = On, DMA Protection = On,  Virtualization Based Code Integrity = Disabled, Credential Guard = Enabled, Machine Identity Isolation = Disabled, Kernel-mode Hardware-enforced Stack Protection = Not configured, Reboot required = No, Status = 0x0."
"04-08-2026 13:12:10","7000","Information","Microsoft-Windows-DeviceGuard","Device Guard successfully processed the Group Policy: Virtualization Based Security  = Enabled,  Secure Boot = On, DMA Protection = On,  Virtualization Based Code Integrity = Disabled, Credential Guard = Enabled, Machine Identity Isolation = Disabled, Kernel-mode Hardware-enforced Stack Protection = Not configured, Reboot required = No, Status = 0x0."
"04-08-2026 13:12:08","7000","Information","Microsoft-Windows-DeviceGuard","Device Guard successfully processed the Group Policy: Virtualization Based Security  = Enabled,  Secure Boot = On, DMA Protection = On,  Virtualization Based Code Integrity = Disabled, Credential Guard = Enabled, Machine Identity Isolation = Disabled, Kernel-mode Hardware-enforced Stack Protection = Not configured, Reboot required = No, Status = 0x0."
"04-08-2026 13:12:08","7000","Information","Microsoft-Windows-DeviceGuard","Device Guard successfully processed the Group Policy: Virtualization Based Security  = Enabled,  Secure Boot = On, DMA Protection = On,  Virtualization Based Code Integrity = Disabled, Credential Guard = Enabled, Machine Identity Isolation = Disabled, Kernel-mode Hardware-enforced Stack Protection = Not configured, Reboot required = No, Status = 0x0."
"04-08-2026 13:12:08","7000","Information","Microsoft-Windows-DeviceGuard","Device Guard successfully processed the Group Policy: Virtualization Based Security  = Enabled,  Secure Boot = On, DMA Protection = On,  Virtualization Based Code Integrity = Disabled, Credential Guard = Enabled, Machine Identity Isolation = Disabled, Kernel-mode Hardware-enforced Stack Protection = Not configured, Reboot required = No, Status = 0x0."
"04-08-2026 13:11:34","7000","Information","Microsoft-Windows-DeviceGuard","Device Guard successfully processed the Group Policy: Virtualization Based Security  = Enabled,  Secure Boot = On, DMA Protection = On,  Virtualization Based Code Integrity = Disabled, Credential Guard = Enabled, Machine Identity Isolation = Disabled, Kernel-mode Hardware-enforced Stack Protection = Not configured, Reboot required = No, Status = 0x0."
"04-08-2026 13:11:34","7000","Information","Microsoft-Windows-DeviceGuard","Device Guard successfully processed the Group Policy: Virtualization Based Security  = Enabled,  Secure Boot = On, DMA Protection = On,  Virtualization Based Code Integrity = Disabled, Credential Guard = Enabled, Machine Identity Isolation = Disabled, Kernel-mode Hardware-enforced Stack Protection = Not configured, Reboot required = No, Status = 0x0."
"04-08-2026 13:11:34","7000","Information","Microsoft-Windows-DeviceGuard","Device Guard successfully processed the Group Policy: Virtualization Based Security  = Enabled,  Secure Boot = On, DMA Protection = On,  Virtualization Based Code Integrity = Disabled, Credential Guard = Enabled, Machine Identity Isolation = Disabled, Kernel-mode Hardware-enforced Stack Protection = Not configured, Reboot required = No, Status = 0x0."
"04-08-2026 13:11:32","7000","Information","Microsoft-Windows-DeviceGuard","Device Guard successfully processed the Group Policy: Virtualization Based Security  = Enabled,  Secure Boot = On, DMA Protection = On,  Virtualization Based Code Integrity = Disabled, Credential Guard = Enabled, Machine Identity Isolation = Disabled, Kernel-mode Hardware-enforced Stack Protection = Not configured, Reboot required = No, Status = 0x0."
"04-08-2026 13:11:32","7000","Information","Microsoft-Windows-DeviceGuard","Device Guard successfully processed the Group Policy: Virtualization Based Security  = Enabled,  Secure Boot = On, DMA Protection = On,  Virtualization Based Code Integrity = Disabled, Credential Guard = Enabled, Machine Identity Isolation = Disabled, Kernel-mode Hardware-enforced Stack Protection = Not configured, Reboot required = No, Status = 0x0."
"04-08-2026 13:11:32","7000","Information","Microsoft-Windows-DeviceGuard","Device Guard successfully processed the Group Policy: Virtualization Based Security  = Enabled,  Secure Boot = On, DMA Protection = On,  Virtualization Based Code Integrity = Disabled, Credential Guard = Enabled, Machine Identity Isolation = Disabled, Kernel-mode Hardware-enforced Stack Protection = Not configured, Reboot required = No, Status = 0x0."
"04-08-2026 13:11:02","7000","Information","Microsoft-Windows-DeviceGuard","Device Guard successfully processed the Group Policy: Virtualization Based Security  = Enabled,  Secure Boot = On, DMA Protection = On,  Virtualization Based Code Integrity = Disabled, Credential Guard = Enabled, Machine Identity Isolation = Disabled, Kernel-mode Hardware-enforced Stack Protection = Not configured, Reboot required = No, Status = 0x0."
"04-08-2026 13:11:02","7000","Information","Microsoft-Windows-DeviceGuard","Device Guard successfully processed the Group Policy: Virtualization Based Security  = Enabled,  Secure Boot = On, DMA Protection = On,  Virtualization Based Code Integrity = Disabled, Credential Guard = Enabled, Machine Identity Isolation = Disabled, Kernel-mode Hardware-enforced Stack Protection = Not configured, Reboot required = No, Status = 0x0."
"04-08-2026 09:46:02","7000","Information","Microsoft-Windows-DeviceGuard","Device Guard successfully processed the Group Policy: Virtualization Based Security  = Enabled,  Secure Boot = On, DMA Protection = On,  Virtualization Based Code Integrity = Disabled, Credential Guard = Enabled, Machine Identity Isolation = Disabled, Kernel-mode Hardware-enforced Stack Protection = Not configured, Reboot required = No, Status = 0x0."
"04-08-2026 09:46:02","7000","Information","Microsoft-Windows-DeviceGuard","Device Guard successfully processed the Group Policy: Virtualization Based Security  = Enabled,  Secure Boot = On, DMA Protection = On,  Virtualization Based Code Integrity = Disabled, Credential Guard = Enabled, Machine Identity Isolation = Disabled, Kernel-mode Hardware-enforced Stack Protection = Not configured, Reboot required = No, Status = 0x0."
"04-08-2026 09:15:56","7000","Information","Microsoft-Windows-DeviceGuard","Device Guard successfully processed the Group Policy: Virtualization Based Security  = Enabled,  Secure Boot = On, DMA Protection = On,  Virtualization Based Code Integrity = Disabled, Credential Guard = Enabled, Machine Identity Isolation = Disabled, Kernel-mode Hardware-enforced Stack Protection = Not configured, Reboot required = No, Status = 0x0."
"04-08-2026 09:15:56","7000","Information","Microsoft-Windows-DeviceGuard","Device Guard successfully processed the Group Policy: Virtualization Based Security  = Enabled,  Secure Boot = On, DMA Protection = On,  Virtualization Based Code Integrity = Disabled, Credential Guard = Enabled, Machine Identity Isolation = Disabled, Kernel-mode Hardware-enforced Stack Protection = Not configured, Reboot required = No, Status = 0x0."
"04-08-2026 09:15:55","7000","Information","Microsoft-Windows-DeviceGuard","Device Guard successfully processed the Group Policy: Virtualization Based Security  = Enabled,  Secure Boot = On, DMA Protection = On,  Virtualization Based Code Integrity = Disabled, Credential Guard = Enabled, Machine Identity Isolation = Disabled, Kernel-mode Hardware-enforced Stack Protection = Not configured, Reboot required = No, Status = 0x0."
"04-08-2026 09:15:53","7000","Information","Microsoft-Windows-DeviceGuard","Device Guard successfully processed the Group Policy: Virtualization Based Security  = Enabled,  Secure Boot = On, DMA Protection = On,  Virtualization Based Code Integrity = Disabled, Credential Guard = Enabled, Machine Identity Isolation = Disabled, Kernel-mode Hardware-enforced Stack Protection = Not configured, Reboot required = No, Status = 0x0."
"04-08-2026 09:15:53","7000","Information","Microsoft-Windows-DeviceGuard","Device Guard successfully processed the Group Policy: Virtualization Based Security  = Enabled,  Secure Boot = On, DMA Protection = On,  Virtualization Based Code Integrity = Disabled, Credential Guard = Enabled, Machine Identity Isolation = Disabled, Kernel-mode Hardware-enforced Stack Protection = Not configured, Reboot required = No, Status = 0x0."
"04-08-2026 09:15:53","7000","Information","Microsoft-Windows-DeviceGuard","Device Guard successfully processed the Group Policy: Virtualization Based Security  = Enabled,  Secure Boot = On, DMA Protection = On,  Virtualization Based Code Integrity = Disabled, Credential Guard = Enabled, Machine Identity Isolation = Disabled, Kernel-mode Hardware-enforced Stack Protection = Not configured, Reboot required = No, Status = 0x0."
"04-08-2026 09:15:27","7000","Information","Microsoft-Windows-DeviceGuard","Device Guard successfully processed the Group Policy: Virtualization Based Security  = Enabled,  Secure Boot = On, DMA Protection = On,  Virtualization Based Code Integrity = Disabled, Credential Guard = Enabled, Machine Identity Isolation = Disabled, Kernel-mode Hardware-enforced Stack Protection = Not configured, Reboot required = No, Status = 0x0."
"04-08-2026 09:15:27","7000","Information","Microsoft-Windows-DeviceGuard","Device Guard successfully processed the Group Policy: Virtualization Based Security  = Enabled,  Secure Boot = On, DMA Protection = On,  Virtualization Based Code Integrity = Disabled, Credential Guard = Enabled, Machine Identity Isolation = Disabled, Kernel-mode Hardware-enforced Stack Protection = Not configured, Reboot required = No, Status = 0x0."
"04-08-2026 09:15:27","7000","Information","Microsoft-Windows-DeviceGuard","Device Guard successfully processed the Group Policy: Virtualization Based Security  = Enabled,  Secure Boot = On, DMA Protection = On,  Virtualization Based Code Integrity = Disabled, Credential Guard = Enabled, Machine Identity Isolation = Disabled, Kernel-mode Hardware-enforced Stack Protection = Not configured, Reboot required = No, Status = 0x0."
"04-08-2026 09:15:24","7000","Information","Microsoft-Windows-DeviceGuard","Device Guard successfully processed the Group Policy: Virtualization Based Security  = Enabled,  Secure Boot = On, DMA Protection = On,  Virtualization Based Code Integrity = Disabled, Credential Guard = Enabled, Machine Identity Isolation = Disabled, Kernel-mode Hardware-enforced Stack Protection = Not configured, Reboot required = No, Status = 0x0."
"04-08-2026 09:15:24","7000","Information","Microsoft-Windows-DeviceGuard","Device Guard successfully processed the Group Policy: Virtualization Based Security  = Enabled,  Secure Boot = On, DMA Protection = On,  Virtualization Based Code Integrity = Disabled, Credential Guard = Enabled, Machine Identity Isolation = Disabled, Kernel-mode Hardware-enforced Stack Protection = Not configured, Reboot required = No, Status = 0x0."
"04-08-2026 09:15:24","7000","Information","Microsoft-Windows-DeviceGuard","Device Guard successfully processed the Group Policy: Virtualization Based Security  = Enabled,  Secure Boot = On, DMA Protection = On,  Virtualization Based Code Integrity = Disabled, Credential Guard = Enabled, Machine Identity Isolation = Disabled, Kernel-mode Hardware-enforced Stack Protection = Not configured, Reboot required = No, Status = 0x0."
"04-08-2026 09:14:52","7000","Information","Microsoft-Windows-DeviceGuard","Device Guard successfully processed the Group Policy: Virtualization Based Security  = Enabled,  Secure Boot = On, DMA Protection = On,  Virtualization Based Code Integrity = Disabled, Credential Guard = Enabled, Machine Identity Isolation = Disabled, Kernel-mode Hardware-enforced Stack Protection = Not configured, Reboot required = No, Status = 0x0."
"04-08-2026 09:14:52","7000","Information","Microsoft-Windows-DeviceGuard","Device Guard successfully processed the Group Policy: Virtualization Based Security  = Enabled,  Secure Boot = On, DMA Protection = On,  Virtualization Based Code Integrity = Disabled, Credential Guard = Enabled, Machine Identity Isolation = Disabled, Kernel-mode Hardware-enforced Stack Protection = Not configured, Reboot required = No, Status = 0x0."
"04-08-2026 09:11:43","7000","Information","Microsoft-Windows-DeviceGuard","Device Guard successfully processed the Group Policy: Virtualization Based Security  = Enabled,  Secure Boot = On, DMA Protection = On,  Virtualization Based Code Integrity = Disabled, Credential Guard = Enabled, Machine Identity Isolation = Disabled, Kernel-mode Hardware-enforced Stack Protection = Not configured, Reboot required = No, Status = 0x0."
"04-08-2026 09:11:43","7000","Information","Microsoft-Windows-DeviceGuard","Device Guard successfully processed the Group Policy: Virtualization Based Security  = Enabled,  Secure Boot = On, DMA Protection = On,  Virtualization Based Code Integrity = Disabled, Credential Guard = Enabled, Machine Identity Isolation = Disabled, Kernel-mode Hardware-enforced Stack Protection = Not configured, Reboot required = No, Status = 0x0."
"04-08-2026 09:11:43","7000","Information","Microsoft-Windows-DeviceGuard","Device Guard successfully processed the Group Policy: Virtualization Based Security  = Enabled,  Secure Boot = On, DMA Protection = On,  Virtualization Based Code Integrity = Disabled, Credential Guard = Enabled, Machine Identity Isolation = Disabled, Kernel-mode Hardware-enforced Stack Protection = Not configured, Reboot required = No, Status = 0x0."
"04-08-2026 09:11:40","7000","Information","Microsoft-Windows-DeviceGuard","Device Guard successfully processed the Group Policy: Virtualization Based Security  = Enabled,  Secure Boot = On, DMA Protection = On,  Virtualization Based Code Integrity = Disabled, Credential Guard = Enabled, Machine Identity Isolation = Disabled, Kernel-mode Hardware-enforced Stack Protection = Not configured, Reboot required = No, Status = 0x0."
"04-08-2026 09:11:40","7000","Information","Microsoft-Windows-DeviceGuard","Device Guard successfully processed the Group Policy: Virtualization Based Security  = Enabled,  Secure Boot = On, DMA Protection = On,  Virtualization Based Code Integrity = Disabled, Credential Guard = Enabled, Machine Identity Isolation = Disabled, Kernel-mode Hardware-enforced Stack Protection = Not configured, Reboot required = No, Status = 0x0."
"04-08-2026 09:11:40","7000","Information","Microsoft-Windows-DeviceGuard","Device Guard successfully processed the Group Policy: Virtualization Based Security  = Enabled,  Secure Boot = On, DMA Protection = On,  Virtualization Based Code Integrity = Disabled, Credential Guard = Enabled, Machine Identity Isolation = Disabled, Kernel-mode Hardware-enforced Stack Protection = Not configured, Reboot required = No, Status = 0x0."
"04-08-2026 09:11:06","7000","Information","Microsoft-Windows-DeviceGuard","Device Guard successfully processed the Group Policy: Virtualization Based Security  = Enabled,  Secure Boot = On, DMA Protection = On,  Virtualization Based Code Integrity = Disabled, Credential Guard = Enabled, Machine Identity Isolation = Disabled, Kernel-mode Hardware-enforced Stack Protection = Not configured, Reboot required = No, Status = 0x0."
"04-08-2026 09:11:06","7000","Information","Microsoft-Windows-DeviceGuard","Device Guard successfully processed the Group Policy: Virtualization Based Security  = Enabled,  Secure Boot = On, DMA Protection = On,  Virtualization Based Code Integrity = Disabled, Credential Guard = Enabled, Machine Identity Isolation = Disabled, Kernel-mode Hardware-enforced Stack Protection = Not configured, Reboot required = No, Status = 0x0."
"04-08-2026 09:11:06","7000","Information","Microsoft-Windows-DeviceGuard","Device Guard successfully processed the Group Policy: Virtualization Based Security  = Enabled,  Secure Boot = On, DMA Protection = On,  Virtualization Based Code Integrity = Disabled, Credential Guard = Enabled, Machine Identity Isolation = Disabled, Kernel-mode Hardware-enforced Stack Protection = Not configured, Reboot required = No, Status = 0x0."
"04-08-2026 09:11:03","7000","Information","Microsoft-Windows-DeviceGuard","Device Guard successfully processed the Group Policy: Virtualization Based Security  = Enabled,  Secure Boot = On, DMA Protection = On,  Virtualization Based Code Integrity = Disabled, Credential Guard = Enabled, Machine Identity Isolation = Disabled, Kernel-mode Hardware-enforced Stack Protection = Not configured, Reboot required = No, Status = 0x0."
"04-08-2026 09:11:03","7000","Information","Microsoft-Windows-DeviceGuard","Device Guard successfully processed the Group Policy: Virtualization Based Security  = Enabled,  Secure Boot = On, DMA Protection = On,  Virtualization Based Code Integrity = Disabled, Credential Guard = Enabled, Machine Identity Isolation = Disabled, Kernel-mode Hardware-enforced Stack Protection = Not configured, Reboot required = No, Status = 0x0."
"04-08-2026 09:11:03","7000","Information","Microsoft-Windows-DeviceGuard","Device Guard successfully processed the Group Policy: Virtualization Based Security  = Enabled,  Secure Boot = On, DMA Protection = On,  Virtualization Based Code Integrity = Disabled, Credential Guard = Enabled, Machine Identity Isolation = Disabled, Kernel-mode Hardware-enforced Stack Protection = Not configured, Reboot required = No, Status = 0x0."
"04-08-2026 09:10:35","7000","Information","Microsoft-Windows-DeviceGuard","Device Guard successfully processed the Group Policy: Virtualization Based Security  = Enabled,  Secure Boot = On, DMA Protection = On,  Virtualization Based Code Integrity = Disabled, Credential Guard = Enabled, Machine Identity Isolation = Disabled, Kernel-mode Hardware-enforced Stack Protection = Not configured, Reboot required = No, Status = 0x0."
"04-08-2026 09:10:35","7000","Information","Microsoft-Windows-DeviceGuard","Device Guard successfully processed the Group Policy: Virtualization Based Security  = Enabled,  Secure Boot = On, DMA Protection = On,  Virtualization Based Code Integrity = Disabled, Credential Guard = Enabled, Machine Identity Isolation = Disabled, Kernel-mode Hardware-enforced Stack Protection = Not configured, Reboot required = No, Status = 0x0."
"04-08-2026 09:10:35","7000","Information","Microsoft-Windows-DeviceGuard","Device Guard successfully processed the Group Policy: Virtualization Based Security  = Enabled,  Secure Boot = On, DMA Protection = On,  Virtualization Based Code Integrity = Disabled, Credential Guard = Enabled, Machine Identity Isolation = Disabled, Kernel-mode Hardware-enforced Stack Protection = Not configured, Reboot required = No, Status = 0x0."
"04-08-2026 09:10:32","7000","Information","Microsoft-Windows-DeviceGuard","Device Guard successfully processed the Group Policy: Virtualization Based Security  = Enabled,  Secure Boot = On, DMA Protection = On,  Virtualization Based Code Integrity = Disabled, Credential Guard = Enabled, Machine Identity Isolation = Disabled, Kernel-mode Hardware-enforced Stack Protection = Not configured, Reboot required = No, Status = 0x0."
"04-08-2026 09:10:32","7000","Information","Microsoft-Windows-DeviceGuard","Device Guard successfully processed the Group Policy: Virtualization Based Security  = Enabled,  Secure Boot = On, DMA Protection = On,  Virtualization Based Code Integrity = Disabled, Credential Guard = Enabled, Machine Identity Isolation = Disabled, Kernel-mode Hardware-enforced Stack Protection = Not configured, Reboot required = No, Status = 0x0."
"04-08-2026 09:10:32","7000","Information","Microsoft-Windows-DeviceGuard","Device Guard successfully processed the Group Policy: Virtualization Based Security  = Enabled,  Secure Boot = On, DMA Protection = On,  Virtualization Based Code Integrity = Disabled, Credential Guard = Enabled, Machine Identity Isolation = Disabled, Kernel-mode Hardware-enforced Stack Protection = Not configured, Reboot required = No, Status = 0x0."
"04-08-2026 09:09:58","7000","Information","Microsoft-Windows-DeviceGuard","Device Guard successfully processed the Group Policy: Virtualization Based Security  = Enabled,  Secure Boot = On, DMA Protection = On,  Virtualization Based Code Integrity = Disabled, Credential Guard = Enabled, Machine Identity Isolation = Disabled, Kernel-mode Hardware-enforced Stack Protection = Not configured, Reboot required = No, Status = 0x0."
"04-08-2026 09:09:58","7000","Information","Microsoft-Windows-DeviceGuard","Device Guard successfully processed the Group Policy: Virtualization Based Security  = Enabled,  Secure Boot = On, DMA Protection = On,  Virtualization Based Code Integrity = Disabled, Credential Guard = Enabled, Machine Identity Isolation = Disabled, Kernel-mode Hardware-enforced Stack Protection = Not configured, Reboot required = No, Status = 0x0."
"04-08-2026 09:09:58","7000","Information","Microsoft-Windows-DeviceGuard","Device Guard successfully processed the Group Policy: Virtualization Based Security  = Enabled,  Secure Boot = On, DMA Protection = On,  Virtualization Based Code Integrity = Disabled, Credential Guard = Enabled, Machine Identity Isolation = Disabled, Kernel-mode Hardware-enforced Stack Protection = Not configured, Reboot required = No, Status = 0x0."
"04-08-2026 09:09:55","7000","Information","Microsoft-Windows-DeviceGuard","Device Guard successfully processed the Group Policy: Virtualization Based Security  = Enabled,  Secure Boot = On, DMA Protection = On,  Virtualization Based Code Integrity = Disabled, Credential Guard = Enabled, Machine Identity Isolation = Disabled, Kernel-mode Hardware-enforced Stack Protection = Not configured, Reboot required = No, Status = 0x0."
"04-08-2026 09:09:55","7000","Information","Microsoft-Windows-DeviceGuard","Device Guard successfully processed the Group Policy: Virtualization Based Security  = Enabled,  Secure Boot = On, DMA Protection = On,  Virtualization Based Code Integrity = Disabled, Credential Guard = Enabled, Machine Identity Isolation = Disabled, Kernel-mode Hardware-enforced Stack Protection = Not configured, Reboot required = No, Status = 0x0."
"04-08-2026 09:09:55","7000","Information","Microsoft-Windows-DeviceGuard","Device Guard successfully processed the Group Policy: Virtualization Based Security  = Enabled,  Secure Boot = On, DMA Protection = On,  Virtualization Based Code Integrity = Disabled, Credential Guard = Enabled, Machine Identity Isolation = Disabled, Kernel-mode Hardware-enforced Stack Protection = Not configured, Reboot required = No, Status = 0x0."
"04-08-2026 03:11:09","7000","Information","Microsoft-Windows-DeviceGuard","Device Guard successfully processed the Group Policy: Virtualization Based Security  = Enabled,  Secure Boot = On, DMA Protection = On,  Virtualization Based Code Integrity = Disabled, Credential Guard = Enabled, Machine Identity Isolation = Disabled, Kernel-mode Hardware-enforced Stack Protection = Not configured, Reboot required = No, Status = 0x0."
"04-08-2026 03:11:09","7000","Information","Microsoft-Windows-DeviceGuard","Device Guard successfully processed the Group Policy: Virtualization Based Security  = Enabled,  Secure Boot = On, DMA Protection = On,  Virtualization Based Code Integrity = Disabled, Credential Guard = Enabled, Machine Identity Isolation = Disabled, Kernel-mode Hardware-enforced Stack Protection = Not configured, Reboot required = No, Status = 0x0."
"03-08-2026 18:59:55","7000","Information","Microsoft-Windows-DeviceGuard","Device Guard successfully processed the Group Policy: Virtualization Based Security  = Enabled,  Secure Boot = On, DMA Protection = On,  Virtualization Based Code Integrity = Disabled, Credential Guard = Enabled, Machine Identity Isolation = Disabled, Kernel-mode Hardware-enforced Stack Protection = Not configured, Reboot required = No, Status = 0x0."
"03-08-2026 18:59:55","7000","Information","Microsoft-Windows-DeviceGuard","Device Guard successfully processed the Group Policy: Virtualization Based Security  = Enabled,  Secure Boot = On, DMA Protection = On,  Virtualization Based Code Integrity = Disabled, Credential Guard = Enabled, Machine Identity Isolation = Disabled, Kernel-mode Hardware-enforced Stack Protection = Not configured, Reboot required = No, Status = 0x0."
"03-08-2026 14:36:02","7000","Information","Microsoft-Windows-DeviceGuard","Device Guard successfully processed the Group Policy: Virtualization Based Security  = Enabled,  Secure Boot = On, DMA Protection = On,  Virtualization Based Code Integrity = Disabled, Credential Guard = Enabled, Machine Identity Isolation = Disabled, Kernel-mode Hardware-enforced Stack Protection = Not configured, Reboot required = No, Status = 0x0."
"03-08-2026 14:36:02","7000","Information","Microsoft-Windows-DeviceGuard","Device Guard successfully processed the Group Policy: Virtualization Based Security  = Enabled,  Secure Boot = On, DMA Protection = On,  Virtualization Based Code Integrity = Disabled, Credential Guard = Enabled, Machine Identity Isolation = Disabled, Kernel-mode Hardware-enforced Stack Protection = Not configured, Reboot required = No, Status = 0x0."
"03-08-2026 13:11:02","7000","Information","Microsoft-Windows-DeviceGuard","Device Guard successfully processed the Group Policy: Virtualization Based Security  = Enabled,  Secure Boot = On, DMA Protection = On,  Virtualization Based Code Integrity = Disabled, Credential Guard = Enabled, Machine Identity Isolation = Disabled, Kernel-mode Hardware-enforced Stack Protection = Not configured, Reboot required = No, Status = 0x0."
"03-08-2026 13:11:02","7000","Information","Microsoft-Windows-DeviceGuard","Device Guard successfully processed the Group Policy: Virtualization Based Security  = Enabled,  Secure Boot = On, DMA Protection = On,  Virtualization Based Code Integrity = Disabled, Credential Guard = Enabled, Machine Identity Isolation = Disabled, Kernel-mode Hardware-enforced Stack Protection = Not configured, Reboot required = No, Status = 0x0."
"03-08-2026 10:46:02","7000","Information","Microsoft-Windows-DeviceGuard","Device Guard successfully processed the Group Policy: Virtualization Based Security  = Enabled,  Secure Boot = On, DMA Protection = On,  Virtualization Based Code Integrity = Disabled, Credential Guard = Enabled, Machine Identity Isolation = Disabled, Kernel-mode Hardware-enforced Stack Protection = Not configured, Reboot required = No, Status = 0x0."
"03-08-2026 10:46:02","7000","Information","Microsoft-Windows-DeviceGuard","Device Guard successfully processed the Group Policy: Virtualization Based Security  = Enabled,  Secure Boot = On, DMA Protection = On,  Virtualization Based Code Integrity = Disabled, Credential Guard = Enabled, Machine Identity Isolation = Disabled, Kernel-mode Hardware-enforced Stack Protection = Not configured, Reboot required = No, Status = 0x0."
"03-08-2026 09:35:19","7000","Information","Microsoft-Windows-DeviceGuard","Device Guard successfully processed the Group Policy: Virtualization Based Security  = Enabled,  Secure Boot = On, DMA Protection = On,  Virtualization Based Code Integrity = Disabled, Credential Guard = Enabled, Machine Identity Isolation = Disabled, Kernel-mode Hardware-enforced Stack Protection = Not configured, Reboot required = No, Status = 0x0."
"03-08-2026 09:35:19","7000","Information","Microsoft-Windows-DeviceGuard","Device Guard successfully processed the Group Policy: Virtualization Based Security  = Enabled,  Secure Boot = On, DMA Protection = On,  Virtualization Based Code Integrity = Disabled, Credential Guard = Enabled, Machine Identity Isolation = Disabled, Kernel-mode Hardware-enforced Stack Protection = Not configured, Reboot required = No, Status = 0x0."
"03-08-2026 09:35:18","7000","Information","Microsoft-Windows-DeviceGuard","Device Guard successfully processed the Group Policy: Virtualization Based Security  = Enabled,  Secure Boot = On, DMA Protection = On,  Virtualization Based Code Integrity = Disabled, Credential Guard = Enabled, Machine Identity Isolation = Disabled, Kernel-mode Hardware-enforced Stack Protection = Not configured, Reboot required = No, Status = 0x0."
"03-08-2026 09:35:16","7000","Information","Microsoft-Windows-DeviceGuard","Device Guard successfully processed the Group Policy: Virtualization Based Security  = Enabled,  Secure Boot = On, DMA Protection = On,  Virtualization Based Code Integrity = Disabled, Credential Guard = Enabled, Machine Identity Isolation = Disabled, Kernel-mode Hardware-enforced Stack Protection = Not configured, Reboot required = No, Status = 0x0."
"03-08-2026 09:35:16","7000","Information","Microsoft-Windows-DeviceGuard","Device Guard successfully processed the Group Policy: Virtualization Based Security  = Enabled,  Secure Boot = On, DMA Protection = On,  Virtualization Based Code Integrity = Disabled, Credential Guard = Enabled, Machine Identity Isolation = Disabled, Kernel-mode Hardware-enforced Stack Protection = Not configured, Reboot required = No, Status = 0x0."
"03-08-2026 09:35:16","7000","Information","Microsoft-Windows-DeviceGuard","Device Guard successfully processed the Group Policy: Virtualization Based Security  = Enabled,  Secure Boot = On, DMA Protection = On,  Virtualization Based Code Integrity = Disabled, Credential Guard = Enabled, Machine Identity Isolation = Disabled, Kernel-mode Hardware-enforced Stack Protection = Not configured, Reboot required = No, Status = 0x0."
"03-08-2026 09:34:46","7000","Information","Microsoft-Windows-DeviceGuard","Device Guard successfully processed the Group Policy: Virtualization Based Security  = Enabled,  Secure Boot = On, DMA Protection = On,  Virtualization Based Code Integrity = Disabled, Credential Guard = Enabled, Machine Identity Isolation = Disabled, Kernel-mode Hardware-enforced Stack Protection = Not configured, Reboot required = No, Status = 0x0."
"03-08-2026 09:34:46","7000","Information","Microsoft-Windows-DeviceGuard","Device Guard successfully processed the Group Policy: Virtualization Based Security  = Enabled,  Secure Boot = On, DMA Protection = On,  Virtualization Based Code Integrity = Disabled, Credential Guard = Enabled, Machine Identity Isolation = Disabled, Kernel-mode Hardware-enforced Stack Protection = Not configured, Reboot required = No, Status = 0x0."
"03-08-2026 09:34:46","7000","Information","Microsoft-Windows-DeviceGuard","Device Guard successfully processed the Group Policy: Virtualization Based Security  = Enabled,  Secure Boot = On, DMA Protection = On,  Virtualization Based Code Integrity = Disabled, Credential Guard = Enabled, Machine Identity Isolation = Disabled, Kernel-mode Hardware-enforced Stack Protection = Not configured, Reboot required = No, Status = 0x0."
"03-08-2026 09:34:44","7000","Information","Microsoft-Windows-DeviceGuard","Device Guard successfully processed the Group Policy: Virtualization Based Security  = Enabled,  Secure Boot = On, DMA Protection = On,  Virtualization Based Code Integrity = Disabled, Credential Guard = Enabled, Machine Identity Isolation = Disabled, Kernel-mode Hardware-enforced Stack Protection = Not configured, Reboot required = No, Status = 0x0."
"03-08-2026 09:34:44","7000","Information","Microsoft-Windows-DeviceGuard","Device Guard successfully processed the Group Policy: Virtualization Based Security  = Enabled,  Secure Boot = On, DMA Protection = On,  Virtualization Based Code Integrity = Disabled, Credential Guard = Enabled, Machine Identity Isolation = Disabled, Kernel-mode Hardware-enforced Stack Protection = Not configured, Reboot required = No, Status = 0x0."
"03-08-2026 09:34:43","7000","Information","Microsoft-Windows-DeviceGuard","Device Guard successfully processed the Group Policy: Virtualization Based Security  = Enabled,  Secure Boot = On, DMA Protection = On,  Virtualization Based Code Integrity = Disabled, Credential Guard = Enabled, Machine Identity Isolation = Disabled, Kernel-mode Hardware-enforced Stack Protection = Not configured, Reboot required = No, Status = 0x0."
"03-08-2026 09:34:04","7000","Information","Microsoft-Windows-DeviceGuard","Device Guard successfully processed the Group Policy: Virtualization Based Security  = Enabled,  Secure Boot = On, DMA Protection = On,  Virtualization Based Code Integrity = Disabled, Credential Guard = Enabled, Machine Identity Isolation = Disabled, Kernel-mode Hardware-enforced Stack Protection = Not configured, Reboot required = No, Status = 0x0."
"03-08-2026 09:34:04","7000","Information","Microsoft-Windows-DeviceGuard","Device Guard successfully processed the Group Policy: Virtualization Based Security  = Enabled,  Secure Boot = On, DMA Protection = On,  Virtualization Based Code Integrity = Disabled, Credential Guard = Enabled, Machine Identity Isolation = Disabled, Kernel-mode Hardware-enforced Stack Protection = Not configured, Reboot required = No, Status = 0x0."
"03-08-2026 09:32:34","7000","Information","Microsoft-Windows-DeviceGuard","Device Guard successfully processed the Group Policy: Virtualization Based Security  = Enabled,  Secure Boot = On, DMA Protection = On,  Virtualization Based Code Integrity = Disabled, Credential Guard = Enabled, Machine Identity Isolation = Disabled, Kernel-mode Hardware-enforced Stack Protection = Not configured, Reboot required = No, Status = 0x0."
"03-08-2026 09:32:34","7000","Information","Microsoft-Windows-DeviceGuard","Device Guard successfully processed the Group Policy: Virtualization Based Security  = Enabled,  Secure Boot = On, DMA Protection = On,  Virtualization Based Code Integrity = Disabled, Credential Guard = Enabled, Machine Identity Isolation = Disabled, Kernel-mode Hardware-enforced Stack Protection = Not configured, Reboot required = No, Status = 0x0."
"03-08-2026 09:32:34","7000","Information","Microsoft-Windows-DeviceGuard","Device Guard successfully processed the Group Policy: Virtualization Based Security  = Enabled,  Secure Boot = On, DMA Protection = On,  Virtualization Based Code Integrity = Disabled, Credential Guard = Enabled, Machine Identity Isolation = Disabled, Kernel-mode Hardware-enforced Stack Protection = Not configured, Reboot required = No, Status = 0x0."
"03-08-2026 09:32:32","7000","Information","Microsoft-Windows-DeviceGuard","Device Guard successfully processed the Group Policy: Virtualization Based Security  = Enabled,  Secure Boot = On, DMA Protection = On,  Virtualization Based Code Integrity = Disabled, Credential Guard = Enabled, Machine Identity Isolation = Disabled, Kernel-mode Hardware-enforced Stack Protection = Not configured, Reboot required = No, Status = 0x0."
"03-08-2026 09:32:31","7000","Information","Microsoft-Windows-DeviceGuard","Device Guard successfully processed the Group Policy: Virtualization Based Security  = Enabled,  Secure Boot = On, DMA Protection = On,  Virtualization Based Code Integrity = Disabled, Credential Guard = Enabled, Machine Identity Isolation = Disabled, Kernel-mode Hardware-enforced Stack Protection = Not configured, Reboot required = No, Status = 0x0."
"03-08-2026 09:32:31","7000","Information","Microsoft-Windows-DeviceGuard","Device Guard successfully processed the Group Policy: Virtualization Based Security  = Enabled,  Secure Boot = On, DMA Protection = On,  Virtualization Based Code Integrity = Disabled, Credential Guard = Enabled, Machine Identity Isolation = Disabled, Kernel-mode Hardware-enforced Stack Protection = Not configured, Reboot required = No, Status = 0x0."
"03-08-2026 09:32:05","7000","Information","Microsoft-Windows-DeviceGuard","Device Guard successfully processed the Group Policy: Virtualization Based Security  = Enabled,  Secure Boot = On, DMA Protection = On,  Virtualization Based Code Integrity = Disabled, Credential Guard = Enabled, Machine Identity Isolation = Disabled, Kernel-mode Hardware-enforced Stack Protection = Not configured, Reboot required = No, Status = 0x0."
"03-08-2026 09:32:05","7000","Information","Microsoft-Windows-DeviceGuard","Device Guard successfully processed the Group Policy: Virtualization Based Security  = Enabled,  Secure Boot = On, DMA Protection = On,  Virtualization Based Code Integrity = Disabled, Credential Guard = Enabled, Machine Identity Isolation = Disabled, Kernel-mode Hardware-enforced Stack Protection = Not configured, Reboot required = No, Status = 0x0."
"03-08-2026 09:32:05","7000","Information","Microsoft-Windows-DeviceGuard","Device Guard successfully processed the Group Policy: Virtualization Based Security  = Enabled,  Secure Boot = On, DMA Protection = On,  Virtualization Based Code Integrity = Disabled, Credential Guard = Enabled, Machine Identity Isolation = Disabled, Kernel-mode Hardware-enforced Stack Protection = Not configured, Reboot required = No, Status = 0x0."
"03-08-2026 09:32:00","7000","Information","Microsoft-Windows-DeviceGuard","Device Guard successfully processed the Group Policy: Virtualization Based Security  = Enabled,  Secure Boot = On, DMA Protection = On,  Virtualization Based Code Integrity = Disabled, Credential Guard = Enabled, Machine Identity Isolation = Disabled, Kernel-mode Hardware-enforced Stack Protection = Not configured, Reboot required = No, Status = 0x0."
"03-08-2026 09:32:00","7000","Information","Microsoft-Windows-DeviceGuard","Device Guard successfully processed the Group Policy: Virtualization Based Security  = Enabled,  Secure Boot = On, DMA Protection = On,  Virtualization Based Code Integrity = Disabled, Credential Guard = Enabled, Machine Identity Isolation = Disabled, Kernel-mode Hardware-enforced Stack Protection = Not configured, Reboot required = No, Status = 0x0."
"03-08-2026 09:32:00","7000","Information","Microsoft-Windows-DeviceGuard","Device Guard successfully processed the Group Policy: Virtualization Based Security  = Enabled,  Secure Boot = On, DMA Protection = On,  Virtualization Based Code Integrity = Disabled, Credential Guard = Enabled, Machine Identity Isolation = Disabled, Kernel-mode Hardware-enforced Stack Protection = Not configured, Reboot required = No, Status = 0x0."
"03-08-2026 09:31:26","7000","Information","Microsoft-Windows-DeviceGuard","Device Guard successfully processed the Group Policy: Virtualization Based Security  = Enabled,  Secure Boot = On, DMA Protection = On,  Virtualization Based Code Integrity = Disabled, Credential Guard = Enabled, Machine Identity Isolation = Disabled, Kernel-mode Hardware-enforced Stack Protection = Not configured, Reboot required = No, Status = 0x0."
"03-08-2026 09:31:26","7000","Information","Microsoft-Windows-DeviceGuard","Device Guard successfully processed the Group Policy: Virtualization Based Security  = Enabled,  Secure Boot = On, DMA Protection = On,  Virtualization Based Code Integrity = Disabled, Credential Guard = Enabled, Machine Identity Isolation = Disabled, Kernel-mode Hardware-enforced Stack Protection = Not configured, Reboot required = No, Status = 0x0."
"03-08-2026 09:31:26","7000","Information","Microsoft-Windows-DeviceGuard","Device Guard successfully processed the Group Policy: Virtualization Based Security  = Enabled,  Secure Boot = On, DMA Protection = On,  Virtualization Based Code Integrity = Disabled, Credential Guard = Enabled, Machine Identity Isolation = Disabled, Kernel-mode Hardware-enforced Stack Protection = Not configured, Reboot required = No, Status = 0x0."
"03-08-2026 09:31:21","7000","Information","Microsoft-Windows-DeviceGuard","Device Guard successfully processed the Group Policy: Virtualization Based Security  = Enabled,  Secure Boot = On, DMA Protection = On,  Virtualization Based Code Integrity = Disabled, Credential Guard = Enabled, Machine Identity Isolation = Disabled, Kernel-mode Hardware-enforced Stack Protection = Not configured, Reboot required = No, Status = 0x0."
"03-08-2026 09:31:21","7000","Information","Microsoft-Windows-DeviceGuard","Device Guard successfully processed the Group Policy: Virtualization Based Security  = Enabled,  Secure Boot = On, DMA Protection = On,  Virtualization Based Code Integrity = Disabled, Credential Guard = Enabled, Machine Identity Isolation = Disabled, Kernel-mode Hardware-enforced Stack Protection = Not configured, Reboot required = No, Status = 0x0."
"03-08-2026 09:31:21","7000","Information","Microsoft-Windows-DeviceGuard","Device Guard successfully processed the Group Policy: Virtualization Based Security  = Enabled,  Secure Boot = On, DMA Protection = On,  Virtualization Based Code Integrity = Disabled, Credential Guard = Enabled, Machine Identity Isolation = Disabled, Kernel-mode Hardware-enforced Stack Protection = Not configured, Reboot required = No, Status = 0x0."
"03-08-2026 09:30:55","7000","Information","Microsoft-Windows-DeviceGuard","Device Guard successfully processed the Group Policy: Virtualization Based Security  = Enabled,  Secure Boot = On, DMA Protection = On,  Virtualization Based Code Integrity = Disabled, Credential Guard = Enabled, Machine Identity Isolation = Disabled, Kernel-mode Hardware-enforced Stack Protection = Not configured, Reboot required = No, Status = 0x0."
"03-08-2026 09:30:55","7000","Information","Microsoft-Windows-DeviceGuard","Device Guard successfully processed the Group Policy: Virtualization Based Security  = Enabled,  Secure Boot = On, DMA Protection = On,  Virtualization Based Code Integrity = Disabled, Credential Guard = Enabled, Machine Identity Isolation = Disabled, Kernel-mode Hardware-enforced Stack Protection = Not configured, Reboot required = No, Status = 0x0."
"03-08-2026 09:30:55","7000","Information","Microsoft-Windows-DeviceGuard","Device Guard successfully processed the Group Policy: Virtualization Based Security  = Enabled,  Secure Boot = On, DMA Protection = On,  Virtualization Based Code Integrity = Disabled, Credential Guard = Enabled, Machine Identity Isolation = Disabled, Kernel-mode Hardware-enforced Stack Protection = Not configured, Reboot required = No, Status = 0x0."
"03-08-2026 09:30:48","7000","Information","Microsoft-Windows-DeviceGuard","Device Guard successfully processed the Group Policy: Virtualization Based Security  = Enabled,  Secure Boot = On, DMA Protection = On,  Virtualization Based Code Integrity = Disabled, Credential Guard = Enabled, Machine Identity Isolation = Disabled, Kernel-mode Hardware-enforced Stack Protection = Not configured, Reboot required = No, Status = 0x0."
"03-08-2026 09:30:48","7000","Information","Microsoft-Windows-DeviceGuard","Device Guard successfully processed the Group Policy: Virtualization Based Security  = Enabled,  Secure Boot = On, DMA Protection = On,  Virtualization Based Code Integrity = Disabled, Credential Guard = Enabled, Machine Identity Isolation = Disabled, Kernel-mode Hardware-enforced Stack Protection = Not configured, Reboot required = No, Status = 0x0."
"03-08-2026 09:30:47","7000","Information","Microsoft-Windows-DeviceGuard","Device Guard successfully processed the Group Policy: Virtualization Based Security  = Enabled,  Secure Boot = On, DMA Protection = On,  Virtualization Based Code Integrity = Disabled, Credential Guard = Enabled, Machine Identity Isolation = Disabled, Kernel-mode Hardware-enforced Stack Protection = Not configured, Reboot required = No, Status = 0x0."
"03-08-2026 09:30:17","7000","Information","Microsoft-Windows-DeviceGuard","Device Guard successfully processed the Group Policy: Virtualization Based Security  = Enabled,  Secure Boot = On, DMA Protection = On,  Virtualization Based Code Integrity = Disabled, Credential Guard = Enabled, Machine Identity Isolation = Disabled, Kernel-mode Hardware-enforced Stack Protection = Not configured, Reboot required = No, Status = 0x0."
"03-08-2026 09:30:17","7000","Information","Microsoft-Windows-DeviceGuard","Device Guard successfully processed the Group Policy: Virtualization Based Security  = Enabled,  Secure Boot = On, DMA Protection = On,  Virtualization Based Code Integrity = Disabled, Credential Guard = Enabled, Machine Identity Isolation = Disabled, Kernel-mode Hardware-enforced Stack Protection = Not configured, Reboot required = No, Status = 0x0."
"03-08-2026 09:30:17","7000","Information","Microsoft-Windows-DeviceGuard","Device Guard successfully processed the Group Policy: Virtualization Based Security  = Enabled,  Secure Boot = On, DMA Protection = On,  Virtualization Based Code Integrity = Disabled, Credential Guard = Enabled, Machine Identity Isolation = Disabled, Kernel-mode Hardware-enforced Stack Protection = Not configured, Reboot required = No, Status = 0x0."
"03-08-2026 09:30:13","7000","Information","Microsoft-Windows-DeviceGuard","Device Guard successfully processed the Group Policy: Virtualization Based Security  = Enabled,  Secure Boot = On, DMA Protection = On,  Virtualization Based Code Integrity = Disabled, Credential Guard = Enabled, Machine Identity Isolation = Disabled, Kernel-mode Hardware-enforced Stack Protection = Not configured, Reboot required = No, Status = 0x0."
"03-08-2026 09:30:13","7000","Information","Microsoft-Windows-DeviceGuard","Device Guard successfully processed the Group Policy: Virtualization Based Security  = Enabled,  Secure Boot = On, DMA Protection = On,  Virtualization Based Code Integrity = Disabled, Credential Guard = Enabled, Machine Identity Isolation = Disabled, Kernel-mode Hardware-enforced Stack Protection = Not configured, Reboot required = No, Status = 0x0."
"03-08-2026 09:30:13","7000","Information","Microsoft-Windows-DeviceGuard","Device Guard successfully processed the Group Policy: Virtualization Based Security  = Enabled,  Secure Boot = On, DMA Protection = On,  Virtualization Based Code Integrity = Disabled, Credential Guard = Enabled, Machine Identity Isolation = Disabled, Kernel-mode Hardware-enforced Stack Protection = Not configured, Reboot required = No, Status = 0x0."
"03-08-2026 09:29:38","7000","Information","Microsoft-Windows-DeviceGuard","Device Guard successfully processed the Group Policy: Virtualization Based Security  = Enabled,  Secure Boot = On, DMA Protection = On,  Virtualization Based Code Integrity = Disabled, Credential Guard = Enabled, Machine Identity Isolation = Disabled, Kernel-mode Hardware-enforced Stack Protection = Not configured, Reboot required = No, Status = 0x0."
"03-08-2026 09:29:38","7000","Information","Microsoft-Windows-DeviceGuard","Device Guard successfully processed the Group Policy: Virtualization Based Security  = Enabled,  Secure Boot = On, DMA Protection = On,  Virtualization Based Code Integrity = Disabled, Credential Guard = Enabled, Machine Identity Isolation = Disabled, Kernel-mode Hardware-enforced Stack Protection = Not configured, Reboot required = No, Status = 0x0."
"03-08-2026 09:29:38","7000","Information","Microsoft-Windows-DeviceGuard","Device Guard successfully processed the Group Policy: Virtualization Based Security  = Enabled,  Secure Boot = On, DMA Protection = On,  Virtualization Based Code Integrity = Disabled, Credential Guard = Enabled, Machine Identity Isolation = Disabled, Kernel-mode Hardware-enforced Stack Protection = Not configured, Reboot required = No, Status = 0x0."
"03-08-2026 09:29:35","7000","Information","Microsoft-Windows-DeviceGuard","Device Guard successfully processed the Group Policy: Virtualization Based Security  = Enabled,  Secure Boot = On, DMA Protection = On,  Virtualization Based Code Integrity = Disabled, Credential Guard = Enabled, Machine Identity Isolation = Disabled, Kernel-mode Hardware-enforced Stack Protection = Not configured, Reboot required = No, Status = 0x0."
"03-08-2026 09:29:35","7000","Information","Microsoft-Windows-DeviceGuard","Device Guard successfully processed the Group Policy: Virtualization Based Security  = Enabled,  Secure Boot = On, DMA Protection = On,  Virtualization Based Code Integrity = Disabled, Credential Guard = Enabled, Machine Identity Isolation = Disabled, Kernel-mode Hardware-enforced Stack Protection = Not configured, Reboot required = No, Status = 0x0."
"03-08-2026 09:29:35","7000","Information","Microsoft-Windows-DeviceGuard","Device Guard successfully processed the Group Policy: Virtualization Based Security  = Enabled,  Secure Boot = On, DMA Protection = On,  Virtualization Based Code Integrity = Disabled, Credential Guard = Enabled, Machine Identity Isolation = Disabled, Kernel-mode Hardware-enforced Stack Protection = Not configured, Reboot required = No, Status = 0x0."
"03-08-2026 09:28:58","7000","Information","Microsoft-Windows-DeviceGuard","Device Guard successfully processed the Group Policy: Virtualization Based Security  = Enabled,  Secure Boot = On, DMA Protection = On,  Virtualization Based Code Integrity = Disabled, Credential Guard = Enabled, Machine Identity Isolation = Disabled, Kernel-mode Hardware-enforced Stack Protection = Not configured, Reboot required = No, Status = 0x0."
"03-08-2026 09:28:58","7000","Information","Microsoft-Windows-DeviceGuard","Device Guard successfully processed the Group Policy: Virtualization Based Security  = Enabled,  Secure Boot = On, DMA Protection = On,  Virtualization Based Code Integrity = Disabled, Credential Guard = Enabled, Machine Identity Isolation = Disabled, Kernel-mode Hardware-enforced Stack Protection = Not configured, Reboot required = No, Status = 0x0."
"03-08-2026 09:28:58","7000","Information","Microsoft-Windows-DeviceGuard","Device Guard successfully processed the Group Policy: Virtualization Based Security  = Enabled,  Secure Boot = On, DMA Protection = On,  Virtualization Based Code Integrity = Disabled, Credential Guard = Enabled, Machine Identity Isolation = Disabled, Kernel-mode Hardware-enforced Stack Protection = Not configured, Reboot required = No, Status = 0x0."
"03-08-2026 09:28:55","7000","Information","Microsoft-Windows-DeviceGuard","Device Guard successfully processed the Group Policy: Virtualization Based Security  = Enabled,  Secure Boot = On, DMA Protection = On,  Virtualization Based Code Integrity = Disabled, Credential Guard = Enabled, Machine Identity Isolation = Disabled, Kernel-mode Hardware-enforced Stack Protection = Not configured, Reboot required = No, Status = 0x0."
"03-08-2026 09:28:55","7000","Information","Microsoft-Windows-DeviceGuard","Device Guard successfully processed the Group Policy: Virtualization Based Security  = Enabled,  Secure Boot = On, DMA Protection = On,  Virtualization Based Code Integrity = Disabled, Credential Guard = Enabled, Machine Identity Isolation = Disabled, Kernel-mode Hardware-enforced Stack Protection = Not configured, Reboot required = No, Status = 0x0."
"03-08-2026 09:28:54","7000","Information","Microsoft-Windows-DeviceGuard","Device Guard successfully processed the Group Policy: Virtualization Based Security  = Enabled,  Secure Boot = On, DMA Protection = On,  Virtualization Based Code Integrity = Disabled, Credential Guard = Enabled, Machine Identity Isolation = Disabled, Kernel-mode Hardware-enforced Stack Protection = Not configured, Reboot required = No, Status = 0x0."
"03-08-2026 09:27:55","7000","Information","Microsoft-Windows-DeviceGuard","Device Guard successfully processed the Group Policy: Virtualization Based Security  = Enabled,  Secure Boot = On, DMA Protection = On,  Virtualization Based Code Integrity = Disabled, Credential Guard = Enabled, Machine Identity Isolation = Disabled, Kernel-mode Hardware-enforced Stack Protection = Not configured, Reboot required = No, Status = 0x0."
"03-08-2026 09:27:55","7000","Information","Microsoft-Windows-DeviceGuard","Device Guard successfully processed the Group Policy: Virtualization Based Security  = Enabled,  Secure Boot = On, DMA Protection = On,  Virtualization Based Code Integrity = Disabled, Credential Guard = Enabled, Machine Identity Isolation = Disabled, Kernel-mode Hardware-enforced Stack Protection = Not configured, Reboot required = No, Status = 0x0."
"03-08-2026 09:27:55","7000","Information","Microsoft-Windows-DeviceGuard","Device Guard successfully processed the Group Policy: Virtualization Based Security  = Enabled,  Secure Boot = On, DMA Protection = On,  Virtualization Based Code Integrity = Disabled, Credential Guard = Enabled, Machine Identity Isolation = Disabled, Kernel-mode Hardware-enforced Stack Protection = Not configured, Reboot required = No, Status = 0x0."
"03-08-2026 09:27:51","7000","Information","Microsoft-Windows-DeviceGuard","Device Guard successfully processed the Group Policy: Virtualization Based Security  = Enabled,  Secure Boot = On, DMA Protection = On,  Virtualization Based Code Integrity = Disabled, Credential Guard = Enabled, Machine Identity Isolation = Disabled, Kernel-mode Hardware-enforced Stack Protection = Not configured, Reboot required = No, Status = 0x0."
"03-08-2026 09:27:51","7000","Information","Microsoft-Windows-DeviceGuard","Device Guard successfully processed the Group Policy: Virtualization Based Security  = Enabled,  Secure Boot = On, DMA Protection = On,  Virtualization Based Code Integrity = Disabled, Credential Guard = Enabled, Machine Identity Isolation = Disabled, Kernel-mode Hardware-enforced Stack Protection = Not configured, Reboot required = No, Status = 0x0."
"03-08-2026 09:27:51","7000","Information","Microsoft-Windows-DeviceGuard","Device Guard successfully processed the Group Policy: Virtualization Based Security  = Enabled,  Secure Boot = On, DMA Protection = On,  Virtualization Based Code Integrity = Disabled, Credential Guard = Enabled, Machine Identity Isolation = Disabled, Kernel-mode Hardware-enforced Stack Protection = Not configured, Reboot required = No, Status = 0x0."
"03-08-2026 09:26:48","7000","Information","Microsoft-Windows-DeviceGuard","Device Guard successfully processed the Group Policy: Virtualization Based Security  = Enabled,  Secure Boot = On, DMA Protection = On,  Virtualization Based Code Integrity = Disabled, Credential Guard = Enabled, Machine Identity Isolation = Disabled, Kernel-mode Hardware-enforced Stack Protection = Not configured, Reboot required = No, Status = 0x0."
"03-08-2026 09:26:48","7000","Information","Microsoft-Windows-DeviceGuard","Device Guard successfully processed the Group Policy: Virtualization Based Security  = Enabled,  Secure Boot = On, DMA Protection = On,  Virtualization Based Code Integrity = Disabled, Credential Guard = Enabled, Machine Identity Isolation = Disabled, Kernel-mode Hardware-enforced Stack Protection = Not configured, Reboot required = No, Status = 0x0."
"31-07-2026 17:36:02","7000","Information","Microsoft-Windows-DeviceGuard","Device Guard successfully processed the Group Policy: Virtualization Based Security  = Enabled,  Secure Boot = On, DMA Protection = On,  Virtualization Based Code Integrity = Disabled, Credential Guard = Enabled, Machine Identity Isolation = Disabled, Kernel-mode Hardware-enforced Stack Protection = Not configured, Reboot required = No, Status = 0x0."
"31-07-2026 17:36:02","7000","Information","Microsoft-Windows-DeviceGuard","Device Guard successfully processed the Group Policy: Virtualization Based Security  = Enabled,  Secure Boot = On, DMA Protection = On,  Virtualization Based Code Integrity = Disabled, Credential Guard = Enabled, Machine Identity Isolation = Disabled, Kernel-mode Hardware-enforced Stack Protection = Not configured, Reboot required = No, Status = 0x0."
"31-07-2026 13:46:02","7000","Information","Microsoft-Windows-DeviceGuard","Device Guard successfully processed the Group Policy: Virtualization Based Security  = Enabled,  Secure Boot = On, DMA Protection = On,  Virtualization Based Code Integrity = Disabled, Credential Guard = Enabled, Machine Identity Isolation = Disabled, Kernel-mode Hardware-enforced Stack Protection = Not configured, Reboot required = No, Status = 0x0."
"31-07-2026 13:46:02","7000","Information","Microsoft-Windows-DeviceGuard","Device Guard successfully processed the Group Policy: Virtualization Based Security  = Enabled,  Secure Boot = On, DMA Protection = On,  Virtualization Based Code Integrity = Disabled, Credential Guard = Enabled, Machine Identity Isolation = Disabled, Kernel-mode Hardware-enforced Stack Protection = Not configured, Reboot required = No, Status = 0x0."
"31-07-2026 13:11:02","7000","Information","Microsoft-Windows-DeviceGuard","Device Guard successfully processed the Group Policy: Virtualization Based Security  = Enabled,  Secure Boot = On, DMA Protection = On,  Virtualization Based Code Integrity = Disabled, Credential Guard = Enabled, Machine Identity Isolation = Disabled, Kernel-mode Hardware-enforced Stack Protection = Not configured, Reboot required = No, Status = 0x0."
"31-07-2026 13:11:02","7000","Information","Microsoft-Windows-DeviceGuard","Device Guard successfully processed the Group Policy: Virtualization Based Security  = Enabled,  Secure Boot = On, DMA Protection = On,  Virtualization Based Code Integrity = Disabled, Credential Guard = Enabled, Machine Identity Isolation = Disabled, Kernel-mode Hardware-enforced Stack Protection = Not configured, Reboot required = No, Status = 0x0."
"31-07-2026 09:56:02","7000","Information","Microsoft-Windows-DeviceGuard","Device Guard successfully processed the Group Policy: Virtualization Based Security  = Enabled,  Secure Boot = On, DMA Protection = On,  Virtualization Based Code Integrity = Disabled, Credential Guard = Enabled, Machine Identity Isolation = Disabled, Kernel-mode Hardware-enforced Stack Protection = Not configured, Reboot required = No, Status = 0x0."
"31-07-2026 09:56:02","7000","Information","Microsoft-Windows-DeviceGuard","Device Guard successfully processed the Group Policy: Virtualization Based Security  = Enabled,  Secure Boot = On, DMA Protection = On,  Virtualization Based Code Integrity = Disabled, Credential Guard = Enabled, Machine Identity Isolation = Disabled, Kernel-mode Hardware-enforced Stack Protection = Not configured, Reboot required = No, Status = 0x0."
"31-07-2026 09:49:58","7000","Information","Microsoft-Windows-DeviceGuard","Device Guard successfully processed the Group Policy: Virtualization Based Security  = Enabled,  Secure Boot = On, DMA Protection = On,  Virtualization Based Code Integrity = Disabled, Credential Guard = Enabled, Machine Identity Isolation = Disabled, Kernel-mode Hardware-enforced Stack Protection = Not configured, Reboot required = No, Status = 0x0."
"31-07-2026 09:49:58","7000","Information","Microsoft-Windows-DeviceGuard","Device Guard successfully processed the Group Policy: Virtualization Based Security  = Enabled,  Secure Boot = On, DMA Protection = On,  Virtualization Based Code Integrity = Disabled, Credential Guard = Enabled, Machine Identity Isolation = Disabled, Kernel-mode Hardware-enforced Stack Protection = Not configured, Reboot required = No, Status = 0x0."
"31-07-2026 09:49:58","7000","Information","Microsoft-Windows-DeviceGuard","Device Guard successfully processed the Group Policy: Virtualization Based Security  = Enabled,  Secure Boot = On, DMA Protection = On,  Virtualization Based Code Integrity = Disabled, Credential Guard = Enabled, Machine Identity Isolation = Disabled, Kernel-mode Hardware-enforced Stack Protection = Not configured, Reboot required = No, Status = 0x0."
"31-07-2026 09:49:56","7000","Information","Microsoft-Windows-DeviceGuard","Device Guard successfully processed the Group Policy: Virtualization Based Security  = Enabled,  Secure Boot = On, DMA Protection = On,  Virtualization Based Code Integrity = Disabled, Credential Guard = Enabled, Machine Identity Isolation = Disabled, Kernel-mode Hardware-enforced Stack Protection = Not configured, Reboot required = No, Status = 0x0."
"31-07-2026 09:49:56","7000","Information","Microsoft-Windows-DeviceGuard","Device Guard successfully processed the Group Policy: Virtualization Based Security  = Enabled,  Secure Boot = On, DMA Protection = On,  Virtualization Based Code Integrity = Disabled, Credential Guard = Enabled, Machine Identity Isolation = Disabled, Kernel-mode Hardware-enforced Stack Protection = Not configured, Reboot required = No, Status = 0x0."
"31-07-2026 09:49:56","7000","Information","Microsoft-Windows-DeviceGuard","Device Guard successfully processed the Group Policy: Virtualization Based Security  = Enabled,  Secure Boot = On, DMA Protection = On,  Virtualization Based Code Integrity = Disabled, Credential Guard = Enabled, Machine Identity Isolation = Disabled, Kernel-mode Hardware-enforced Stack Protection = Not configured, Reboot required = No, Status = 0x0."
"31-07-2026 09:49:29","7000","Information","Microsoft-Windows-DeviceGuard","Device Guard successfully processed the Group Policy: Virtualization Based Security  = Enabled,  Secure Boot = On, DMA Protection = On,  Virtualization Based Code Integrity = Disabled, Credential Guard = Enabled, Machine Identity Isolation = Disabled, Kernel-mode Hardware-enforced Stack Protection = Not configured, Reboot required = No, Status = 0x0."
"31-07-2026 09:49:29","7000","Information","Microsoft-Windows-DeviceGuard","Device Guard successfully processed the Group Policy: Virtualization Based Security  = Enabled,  Secure Boot = On, DMA Protection = On,  Virtualization Based Code Integrity = Disabled, Credential Guard = Enabled, Machine Identity Isolation = Disabled, Kernel-mode Hardware-enforced Stack Protection = Not configured, Reboot required = No, Status = 0x0."
"31-07-2026 09:49:29","7000","Information","Microsoft-Windows-DeviceGuard","Device Guard successfully processed the Group Policy: Virtualization Based Security  = Enabled,  Secure Boot = On, DMA Protection = On,  Virtualization Based Code Integrity = Disabled, Credential Guard = Enabled, Machine Identity Isolation = Disabled, Kernel-mode Hardware-enforced Stack Protection = Not configured, Reboot required = No, Status = 0x0."
"31-07-2026 09:49:27","7000","Information","Microsoft-Windows-DeviceGuard","Device Guard successfully processed the Group Policy: Virtualization Based Security  = Enabled,  Secure Boot = On, DMA Protection = On,  Virtualization Based Code Integrity = Disabled, Credential Guard = Enabled, Machine Identity Isolation = Disabled, Kernel-mode Hardware-enforced Stack Protection = Not configured, Reboot required = No, Status = 0x0."
"31-07-2026 09:49:27","7000","Information","Microsoft-Windows-DeviceGuard","Device Guard successfully processed the Group Policy: Virtualization Based Security  = Enabled,  Secure Boot = On, DMA Protection = On,  Virtualization Based Code Integrity = Disabled, Credential Guard = Enabled, Machine Identity Isolation = Disabled, Kernel-mode Hardware-enforced Stack Protection = Not configured, Reboot required = No, Status = 0x0."
"31-07-2026 09:49:26","7000","Information","Microsoft-Windows-DeviceGuard","Device Guard successfully processed the Group Policy: Virtualization Based Security  = Enabled,  Secure Boot = On, DMA Protection = On,  Virtualization Based Code Integrity = Disabled, Credential Guard = Enabled, Machine Identity Isolation = Disabled, Kernel-mode Hardware-enforced Stack Protection = Not configured, Reboot required = No, Status = 0x0."
"31-07-2026 09:47:34","7000","Information","Microsoft-Windows-DeviceGuard","Device Guard successfully processed the Group Policy: Virtualization Based Security  = Enabled,  Secure Boot = On, DMA Protection = On,  Virtualization Based Code Integrity = Disabled, Credential Guard = Enabled, Machine Identity Isolation = Disabled, Kernel-mode Hardware-enforced Stack Protection = Not configured, Reboot required = No, Status = 0x0."
"31-07-2026 09:47:34","7000","Information","Microsoft-Windows-DeviceGuard","Device Guard successfully processed the Group Policy: Virtualization Based Security  = Enabled,  Secure Boot = On, DMA Protection = On,  Virtualization Based Code Integrity = Disabled, Credential Guard = Enabled, Machine Identity Isolation = Disabled, Kernel-mode Hardware-enforced Stack Protection = Not configured, Reboot required = No, Status = 0x0."
"31-07-2026 09:47:34","7000","Information","Microsoft-Windows-DeviceGuard","Device Guard successfully processed the Group Policy: Virtualization Based Security  = Enabled,  Secure Boot = On, DMA Protection = On,  Virtualization Based Code Integrity = Disabled, Credential Guard = Enabled, Machine Identity Isolation = Disabled, Kernel-mode Hardware-enforced Stack Protection = Not configured, Reboot required = No, Status = 0x0."
"31-07-2026 09:47:31","7000","Information","Microsoft-Windows-DeviceGuard","Device Guard successfully processed the Group Policy: Virtualization Based Security  = Enabled,  Secure Boot = On, DMA Protection = On,  Virtualization Based Code Integrity = Disabled, Credential Guard = Enabled, Machine Identity Isolation = Disabled, Kernel-mode Hardware-enforced Stack Protection = Not configured, Reboot required = No, Status = 0x0."
"31-07-2026 09:47:31","7000","Information","Microsoft-Windows-DeviceGuard","Device Guard successfully processed the Group Policy: Virtualization Based Security  = Enabled,  Secure Boot = On, DMA Protection = On,  Virtualization Based Code Integrity = Disabled, Credential Guard = Enabled, Machine Identity Isolation = Disabled, Kernel-mode Hardware-enforced Stack Protection = Not configured, Reboot required = No, Status = 0x0."
"31-07-2026 09:47:31","7000","Information","Microsoft-Windows-DeviceGuard","Device Guard successfully processed the Group Policy: Virtualization Based Security  = Enabled,  Secure Boot = On, DMA Protection = On,  Virtualization Based Code Integrity = Disabled, Credential Guard = Enabled, Machine Identity Isolation = Disabled, Kernel-mode Hardware-enforced Stack Protection = Not configured, Reboot required = No, Status = 0x0."
"31-07-2026 09:46:20","7000","Information","Microsoft-Windows-DeviceGuard","Device Guard successfully processed the Group Policy: Virtualization Based Security  = Enabled,  Secure Boot = On, DMA Protection = On,  Virtualization Based Code Integrity = Disabled, Credential Guard = Enabled, Machine Identity Isolation = Disabled, Kernel-mode Hardware-enforced Stack Protection = Not configured, Reboot required = No, Status = 0x0."
"31-07-2026 09:46:20","7000","Information","Microsoft-Windows-DeviceGuard","Device Guard successfully processed the Group Policy: Virtualization Based Security  = Enabled,  Secure Boot = On, DMA Protection = On,  Virtualization Based Code Integrity = Disabled, Credential Guard = Enabled, Machine Identity Isolation = Disabled, Kernel-mode Hardware-enforced Stack Protection = Not configured, Reboot required = No, Status = 0x0."
"31-07-2026 09:46:20","7000","Information","Microsoft-Windows-DeviceGuard","Device Guard successfully processed the Group Policy: Virtualization Based Security  = Enabled,  Secure Boot = On, DMA Protection = On,  Virtualization Based Code Integrity = Disabled, Credential Guard = Enabled, Machine Identity Isolation = Disabled, Kernel-mode Hardware-enforced Stack Protection = Not configured, Reboot required = No, Status = 0x0."
"31-07-2026 09:46:18","7000","Information","Microsoft-Windows-DeviceGuard","Device Guard successfully processed the Group Policy: Virtualization Based Security  = Enabled,  Secure Boot = On, DMA Protection = On,  Virtualization Based Code Integrity = Disabled, Credential Guard = Enabled, Machine Identity Isolation = Disabled, Kernel-mode Hardware-enforced Stack Protection = Not configured, Reboot required = No, Status = 0x0."
"31-07-2026 09:46:18","7000","Information","Microsoft-Windows-DeviceGuard","Device Guard successfully processed the Group Policy: Virtualization Based Security  = Enabled,  Secure Boot = On, DMA Protection = On,  Virtualization Based Code Integrity = Disabled, Credential Guard = Enabled, Machine Identity Isolation = Disabled, Kernel-mode Hardware-enforced Stack Protection = Not configured, Reboot required = No, Status = 0x0."
"31-07-2026 09:46:17","7000","Information","Microsoft-Windows-DeviceGuard","Device Guard successfully processed the Group Policy: Virtualization Based Security  = Enabled,  Secure Boot = On, DMA Protection = On,  Virtualization Based Code Integrity = Disabled, Credential Guard = Enabled, Machine Identity Isolation = Disabled, Kernel-mode Hardware-enforced Stack Protection = Not configured, Reboot required = No, Status = 0x0."
"31-07-2026 09:45:32","7000","Information","Microsoft-Windows-DeviceGuard","Device Guard successfully processed the Group Policy: Virtualization Based Security  = Enabled,  Secure Boot = On, DMA Protection = On,  Virtualization Based Code Integrity = Disabled, Credential Guard = Enabled, Machine Identity Isolation = Disabled, Kernel-mode Hardware-enforced Stack Protection = Not configured, Reboot required = No, Status = 0x0."
"31-07-2026 09:45:32","7000","Information","Microsoft-Windows-DeviceGuard","Device Guard successfully processed the Group Policy: Virtualization Based Security  = Enabled,  Secure Boot = On, DMA Protection = On,  Virtualization Based Code Integrity = Disabled, Credential Guard = Enabled, Machine Identity Isolation = Disabled, Kernel-mode Hardware-enforced Stack Protection = Not configured, Reboot required = No, Status = 0x0."
"31-07-2026 09:35:26","7000","Information","Microsoft-Windows-DeviceGuard","Device Guard successfully processed the Group Policy: Virtualization Based Security  = Enabled,  Secure Boot = On, DMA Protection = On,  Virtualization Based Code Integrity = Disabled, Credential Guard = Enabled, Machine Identity Isolation = Disabled, Kernel-mode Hardware-enforced Stack Protection = Not configured, Reboot required = No, Status = 0x0."
"31-07-2026 09:35:26","7000","Information","Microsoft-Windows-DeviceGuard","Device Guard successfully processed the Group Policy: Virtualization Based Security  = Enabled,  Secure Boot = On, DMA Protection = On,  Virtualization Based Code Integrity = Disabled, Credential Guard = Enabled, Machine Identity Isolation = Disabled, Kernel-mode Hardware-enforced Stack Protection = Not configured, Reboot required = No, Status = 0x0."
"31-07-2026 09:35:20","7000","Information","Microsoft-Windows-DeviceGuard","Device Guard successfully processed the Group Policy: Virtualization Based Security  = Enabled,  Secure Boot = On, DMA Protection = On,  Virtualization Based Code Integrity = Disabled, Credential Guard = Enabled, Machine Identity Isolation = Disabled, Kernel-mode Hardware-enforced Stack Protection = Not configured, Reboot required = No, Status = 0x0."
"31-07-2026 09:35:20","7000","Information","Microsoft-Windows-DeviceGuard","Device Guard successfully processed the Group Policy: Virtualization Based Security  = Enabled,  Secure Boot = On, DMA Protection = On,  Virtualization Based Code Integrity = Disabled, Credential Guard = Enabled, Machine Identity Isolation = Disabled, Kernel-mode Hardware-enforced Stack Protection = Not configured, Reboot required = No, Status = 0x0."
"31-07-2026 09:31:36","7000","Information","Microsoft-Windows-DeviceGuard","Device Guard successfully processed the Group Policy: Virtualization Based Security  = Enabled,  Secure Boot = On, DMA Protection = On,  Virtualization Based Code Integrity = Disabled, Credential Guard = Enabled, Machine Identity Isolation = Disabled, Kernel-mode Hardware-enforced Stack Protection = Not configured, Reboot required = No, Status = 0x0."
"31-07-2026 09:31:36","7000","Information","Microsoft-Windows-DeviceGuard","Device Guard successfully processed the Group Policy: Virtualization Based Security  = Enabled,  Secure Boot = On, DMA Protection = On,  Virtualization Based Code Integrity = Disabled, Credential Guard = Enabled, Machine Identity Isolation = Disabled, Kernel-mode Hardware-enforced Stack Protection = Not configured, Reboot required = No, Status = 0x0."
"31-07-2026 09:31:36","7000","Information","Microsoft-Windows-DeviceGuard","Device Guard successfully processed the Group Policy: Virtualization Based Security  = Enabled,  Secure Boot = On, DMA Protection = On,  Virtualization Based Code Integrity = Disabled, Credential Guard = Enabled, Machine Identity Isolation = Disabled, Kernel-mode Hardware-enforced Stack Protection = Not configured, Reboot required = No, Status = 0x0."
"31-07-2026 09:31:34","7000","Information","Microsoft-Windows-DeviceGuard","Device Guard successfully processed the Group Policy: Virtualization Based Security  = Enabled,  Secure Boot = On, DMA Protection = On,  Virtualization Based Code Integrity = Disabled, Credential Guard = Enabled, Machine Identity Isolation = Disabled, Kernel-mode Hardware-enforced Stack Protection = Not configured, Reboot required = No, Status = 0x0."
"31-07-2026 09:31:33","7000","Information","Microsoft-Windows-DeviceGuard","Device Guard successfully processed the Group Policy: Virtualization Based Security  = Enabled,  Secure Boot = On, DMA Protection = On,  Virtualization Based Code Integrity = Disabled, Credential Guard = Enabled, Machine Identity Isolation = Disabled, Kernel-mode Hardware-enforced Stack Protection = Not configured, Reboot required = No, Status = 0x0."
"31-07-2026 09:31:33","7000","Information","Microsoft-Windows-DeviceGuard","Device Guard successfully processed the Group Policy: Virtualization Based Security  = Enabled,  Secure Boot = On, DMA Protection = On,  Virtualization Based Code Integrity = Disabled, Credential Guard = Enabled, Machine Identity Isolation = Disabled, Kernel-mode Hardware-enforced Stack Protection = Not configured, Reboot required = No, Status = 0x0."
"31-07-2026 09:31:07","7000","Information","Microsoft-Windows-DeviceGuard","Device Guard successfully processed the Group Policy: Virtualization Based Security  = Enabled,  Secure Boot = On, DMA Protection = On,  Virtualization Based Code Integrity = Disabled, Credential Guard = Enabled, Machine Identity Isolation = Disabled, Kernel-mode Hardware-enforced Stack Protection = Not configured, Reboot required = No, Status = 0x0."
"31-07-2026 09:31:07","7000","Information","Microsoft-Windows-DeviceGuard","Device Guard successfully processed the Group Policy: Virtualization Based Security  = Enabled,  Secure Boot = On, DMA Protection = On,  Virtualization Based Code Integrity = Disabled, Credential Guard = Enabled, Machine Identity Isolation = Disabled, Kernel-mode Hardware-enforced Stack Protection = Not configured, Reboot required = No, Status = 0x0."
"31-07-2026 09:31:07","7000","Information","Microsoft-Windows-DeviceGuard","Device Guard successfully processed the Group Policy: Virtualization Based Security  = Enabled,  Secure Boot = On, DMA Protection = On,  Virtualization Based Code Integrity = Disabled, Credential Guard = Enabled, Machine Identity Isolation = Disabled, Kernel-mode Hardware-enforced Stack Protection = Not configured, Reboot required = No, Status = 0x0."
"31-07-2026 09:31:04","7000","Information","Microsoft-Windows-DeviceGuard","Device Guard successfully processed the Group Policy: Virtualization Based Security  = Enabled,  Secure Boot = On, DMA Protection = On,  Virtualization Based Code Integrity = Disabled, Credential Guard = Enabled, Machine Identity Isolation = Disabled, Kernel-mode Hardware-enforced Stack Protection = Not configured, Reboot required = No, Status = 0x0."
"31-07-2026 09:31:04","7000","Information","Microsoft-Windows-DeviceGuard","Device Guard successfully processed the Group Policy: Virtualization Based Security  = Enabled,  Secure Boot = On, DMA Protection = On,  Virtualization Based Code Integrity = Disabled, Credential Guard = Enabled, Machine Identity Isolation = Disabled, Kernel-mode Hardware-enforced Stack Protection = Not configured, Reboot required = No, Status = 0x0."
"31-07-2026 09:31:04","7000","Information","Microsoft-Windows-DeviceGuard","Device Guard successfully processed the Group Policy: Virtualization Based Security  = Enabled,  Secure Boot = On, DMA Protection = On,  Virtualization Based Code Integrity = Disabled, Credential Guard = Enabled, Machine Identity Isolation = Disabled, Kernel-mode Hardware-enforced Stack Protection = Not configured, Reboot required = No, Status = 0x0."
"31-07-2026 09:30:44","7000","Information","Microsoft-Windows-DeviceGuard","Device Guard successfully processed the Group Policy: Virtualization Based Security  = Enabled,  Secure Boot = On, DMA Protection = On,  Virtualization Based Code Integrity = Disabled, Credential Guard = Enabled, Machine Identity Isolation = Disabled, Kernel-mode Hardware-enforced Stack Protection = Not configured, Reboot required = No, Status = 0x0."
"31-07-2026 09:30:44","7000","Information","Microsoft-Windows-DeviceGuard","Device Guard successfully processed the Group Policy: Virtualization Based Security  = Enabled,  Secure Boot = On, DMA Protection = On,  Virtualization Based Code Integrity = Disabled, Credential Guard = Enabled, Machine Identity Isolation = Disabled, Kernel-mode Hardware-enforced Stack Protection = Not configured, Reboot required = No, Status = 0x0."
"31-07-2026 09:30:44","7000","Information","Microsoft-Windows-DeviceGuard","Device Guard successfully processed the Group Policy: Virtualization Based Security  = Enabled,  Secure Boot = On, DMA Protection = On,  Virtualization Based Code Integrity = Disabled, Credential Guard = Enabled, Machine Identity Isolation = Disabled, Kernel-mode Hardware-enforced Stack Protection = Not configured, Reboot required = No, Status = 0x0."
"31-07-2026 09:30:43","7000","Information","Microsoft-Windows-DeviceGuard","Device Guard successfully processed the Group Policy: Virtualization Based Security  = Enabled,  Secure Boot = On, DMA Protection = On,  Virtualization Based Code Integrity = Disabled, Credential Guard = Enabled, Machine Identity Isolation = Disabled, Kernel-mode Hardware-enforced Stack Protection = Not configured, Reboot required = No, Status = 0x0."
"31-07-2026 09:30:43","7000","Information","Microsoft-Windows-DeviceGuard","Device Guard successfully processed the Group Policy: Virtualization Based Security  = Enabled,  Secure Boot = On, DMA Protection = On,  Virtualization Based Code Integrity = Disabled, Credential Guard = Enabled, Machine Identity Isolation = Disabled, Kernel-mode Hardware-enforced Stack Protection = Not configured, Reboot required = No, Status = 0x0."
"31-07-2026 09:30:43","7000","Information","Microsoft-Windows-DeviceGuard","Device Guard successfully processed the Group Policy: Virtualization Based Security  = Enabled,  Secure Boot = On, DMA Protection = On,  Virtualization Based Code Integrity = Disabled, Credential Guard = Enabled, Machine Identity Isolation = Disabled, Kernel-mode Hardware-enforced Stack Protection = Not configured, Reboot required = No, Status = 0x0."
"31-07-2026 09:30:25","7000","Information","Microsoft-Windows-DeviceGuard","Device Guard successfully processed the Group Policy: Virtualization Based Security  = Enabled,  Secure Boot = On, DMA Protection = On,  Virtualization Based Code Integrity = Disabled, Credential Guard = Enabled, Machine Identity Isolation = Disabled, Kernel-mode Hardware-enforced Stack Protection = Not configured, Reboot required = No, Status = 0x0."
"31-07-2026 09:30:25","7000","Information","Microsoft-Windows-DeviceGuard","Device Guard successfully processed the Group Policy: Virtualization Based Security  = Enabled,  Secure Boot = On, DMA Protection = On,  Virtualization Based Code Integrity = Disabled, Credential Guard = Enabled, Machine Identity Isolation = Disabled, Kernel-mode Hardware-enforced Stack Protection = Not configured, Reboot required = No, Status = 0x0."
"31-07-2026 09:30:25","7000","Information","Microsoft-Windows-DeviceGuard","Device Guard successfully processed the Group Policy: Virtualization Based Security  = Enabled,  Secure Boot = On, DMA Protection = On,  Virtualization Based Code Integrity = Disabled, Credential Guard = Enabled, Machine Identity Isolation = Disabled, Kernel-mode Hardware-enforced Stack Protection = Not configured, Reboot required = No, Status = 0x0."
"31-07-2026 09:30:24","7000","Information","Microsoft-Windows-DeviceGuard","Device Guard successfully processed the Group Policy: Virtualization Based Security  = Enabled,  Secure Boot = On, DMA Protection = On,  Virtualization Based Code Integrity = Disabled, Credential Guard = Enabled, Machine Identity Isolation = Disabled, Kernel-mode Hardware-enforced Stack Protection = Not configured, Reboot required = No, Status = 0x0."
"31-07-2026 09:30:24","7000","Information","Microsoft-Windows-DeviceGuard","Device Guard successfully processed the Group Policy: Virtualization Based Security  = Enabled,  Secure Boot = On, DMA Protection = On,  Virtualization Based Code Integrity = Disabled, Credential Guard = Enabled, Machine Identity Isolation = Disabled, Kernel-mode Hardware-enforced Stack Protection = Not configured, Reboot required = No, Status = 0x0."
"31-07-2026 09:30:24","7000","Information","Microsoft-Windows-DeviceGuard","Device Guard successfully processed the Group Policy: Virtualization Based Security  = Enabled,  Secure Boot = On, DMA Protection = On,  Virtualization Based Code Integrity = Disabled, Credential Guard = Enabled, Machine Identity Isolation = Disabled, Kernel-mode Hardware-enforced Stack Protection = Not configured, Reboot required = No, Status = 0x0."
"31-07-2026 09:29:53","7000","Information","Microsoft-Windows-DeviceGuard","Device Guard successfully processed the Group Policy: Virtualization Based Security  = Enabled,  Secure Boot = On, DMA Protection = On,  Virtualization Based Code Integrity = Disabled, Credential Guard = Enabled, Machine Identity Isolation = Disabled, Kernel-mode Hardware-enforced Stack Protection = Not configured, Reboot required = No, Status = 0x0."
"31-07-2026 09:29:53","7000","Information","Microsoft-Windows-DeviceGuard","Device Guard successfully processed the Group Policy: Virtualization Based Security  = Enabled,  Secure Boot = On, DMA Protection = On,  Virtualization Based Code Integrity = Disabled, Credential Guard = Enabled, Machine Identity Isolation = Disabled, Kernel-mode Hardware-enforced Stack Protection = Not configured, Reboot required = No, Status = 0x0."
"30-07-2026 18:54:59","7000","Information","Microsoft-Windows-DeviceGuard","Device Guard successfully processed the Group Policy: Virtualization Based Security  = Enabled,  Secure Boot = On, DMA Protection = On,  Virtualization Based Code Integrity = Disabled, Credential Guard = Enabled, Machine Identity Isolation = Disabled, Kernel-mode Hardware-enforced Stack Protection = Not configured, Reboot required = No, Status = 0x0."
"30-07-2026 18:54:59","7000","Information","Microsoft-Windows-DeviceGuard","Device Guard successfully processed the Group Policy: Virtualization Based Security  = Enabled,  Secure Boot = On, DMA Protection = On,  Virtualization Based Code Integrity = Disabled, Credential Guard = Enabled, Machine Identity Isolation = Disabled, Kernel-mode Hardware-enforced Stack Protection = Not configured, Reboot required = No, Status = 0x0."
"30-07-2026 18:54:59","7000","Information","Microsoft-Windows-DeviceGuard","Device Guard successfully processed the Group Policy: Virtualization Based Security  = Enabled,  Secure Boot = On, DMA Protection = On,  Virtualization Based Code Integrity = Disabled, Credential Guard = Enabled, Machine Identity Isolation = Disabled, Kernel-mode Hardware-enforced Stack Protection = Not configured, Reboot required = No, Status = 0x0."
"30-07-2026 18:54:55","7000","Information","Microsoft-Windows-DeviceGuard","Device Guard successfully processed the Group Policy: Virtualization Based Security  = Enabled,  Secure Boot = On, DMA Protection = On,  Virtualization Based Code Integrity = Disabled, Credential Guard = Enabled, Machine Identity Isolation = Disabled, Kernel-mode Hardware-enforced Stack Protection = Not configured, Reboot required = No, Status = 0x0."
"30-07-2026 18:54:55","7000","Information","Microsoft-Windows-DeviceGuard","Device Guard successfully processed the Group Policy: Virtualization Based Security  = Enabled,  Secure Boot = On, DMA Protection = On,  Virtualization Based Code Integrity = Disabled, Credential Guard = Enabled, Machine Identity Isolation = Disabled, Kernel-mode Hardware-enforced Stack Protection = Not configured, Reboot required = No, Status = 0x0."
"30-07-2026 18:54:55","7000","Information","Microsoft-Windows-DeviceGuard","Device Guard successfully processed the Group Policy: Virtualization Based Security  = Enabled,  Secure Boot = On, DMA Protection = On,  Virtualization Based Code Integrity = Disabled, Credential Guard = Enabled, Machine Identity Isolation = Disabled, Kernel-mode Hardware-enforced Stack Protection = Not configured, Reboot required = No, Status = 0x0."
"30-07-2026 18:54:05","7000","Information","Microsoft-Windows-DeviceGuard","Device Guard successfully processed the Group Policy: Virtualization Based Security  = Enabled,  Secure Boot = On, DMA Protection = On,  Virtualization Based Code Integrity = Disabled, Credential Guard = Enabled, Machine Identity Isolation = Disabled, Kernel-mode Hardware-enforced Stack Protection = Not configured, Reboot required = No, Status = 0x0."
"30-07-2026 18:54:05","7000","Information","Microsoft-Windows-DeviceGuard","Device Guard successfully processed the Group Policy: Virtualization Based Security  = Enabled,  Secure Boot = On, DMA Protection = On,  Virtualization Based Code Integrity = Disabled, Credential Guard = Enabled, Machine Identity Isolation = Disabled, Kernel-mode Hardware-enforced Stack Protection = Not configured, Reboot required = No, Status = 0x0."
"30-07-2026 18:54:05","7000","Information","Microsoft-Windows-DeviceGuard","Device Guard successfully processed the Group Policy: Virtualization Based Security  = Enabled,  Secure Boot = On, DMA Protection = On,  Virtualization Based Code Integrity = Disabled, Credential Guard = Enabled, Machine Identity Isolation = Disabled, Kernel-mode Hardware-enforced Stack Protection = Not configured, Reboot required = No, Status = 0x0."
"30-07-2026 18:54:01","7000","Information","Microsoft-Windows-DeviceGuard","Device Guard successfully processed the Group Policy: Virtualization Based Security  = Enabled,  Secure Boot = On, DMA Protection = On,  Virtualization Based Code Integrity = Disabled, Credential Guard = Enabled, Machine Identity Isolation = Disabled, Kernel-mode Hardware-enforced Stack Protection = Not configured, Reboot required = No, Status = 0x0."
"30-07-2026 18:54:01","7000","Information","Microsoft-Windows-DeviceGuard","Device Guard successfully processed the Group Policy: Virtualization Based Security  = Enabled,  Secure Boot = On, DMA Protection = On,  Virtualization Based Code Integrity = Disabled, Credential Guard = Enabled, Machine Identity Isolation = Disabled, Kernel-mode Hardware-enforced Stack Protection = Not configured, Reboot required = No, Status = 0x0."
"30-07-2026 18:54:01","7000","Information","Microsoft-Windows-DeviceGuard","Device Guard successfully processed the Group Policy: Virtualization Based Security  = Enabled,  Secure Boot = On, DMA Protection = On,  Virtualization Based Code Integrity = Disabled, Credential Guard = Enabled, Machine Identity Isolation = Disabled, Kernel-mode Hardware-enforced Stack Protection = Not configured, Reboot required = No, Status = 0x0."
"30-07-2026 18:36:03","7000","Information","Microsoft-Windows-DeviceGuard","Device Guard successfully processed the Group Policy: Virtualization Based Security  = Enabled,  Secure Boot = On, DMA Protection = On,  Virtualization Based Code Integrity = Disabled, Credential Guard = Enabled, Machine Identity Isolation = Disabled, Kernel-mode Hardware-enforced Stack Protection = Not configured, Reboot required = No, Status = 0x0."
"30-07-2026 18:36:03","7000","Information","Microsoft-Windows-DeviceGuard","Device Guard successfully processed the Group Policy: Virtualization Based Security  = Enabled,  Secure Boot = On, DMA Protection = On,  Virtualization Based Code Integrity = Disabled, Credential Guard = Enabled, Machine Identity Isolation = Disabled, Kernel-mode Hardware-enforced Stack Protection = Not configured, Reboot required = No, Status = 0x0."
"30-07-2026 14:46:02","7000","Information","Microsoft-Windows-DeviceGuard","Device Guard successfully processed the Group Policy: Virtualization Based Security  = Enabled,  Secure Boot = On, DMA Protection = On,  Virtualization Based Code Integrity = Disabled, Credential Guard = Enabled, Machine Identity Isolation = Disabled, Kernel-mode Hardware-enforced Stack Protection = Not configured, Reboot required = No, Status = 0x0."
"30-07-2026 14:46:02","7000","Information","Microsoft-Windows-DeviceGuard","Device Guard successfully processed the Group Policy: Virtualization Based Security  = Enabled,  Secure Boot = On, DMA Protection = On,  Virtualization Based Code Integrity = Disabled, Credential Guard = Enabled, Machine Identity Isolation = Disabled, Kernel-mode Hardware-enforced Stack Protection = Not configured, Reboot required = No, Status = 0x0."
"30-07-2026 13:11:02","7000","Information","Microsoft-Windows-DeviceGuard","Device Guard successfully processed the Group Policy: Virtualization Based Security  = Enabled,  Secure Boot = On, DMA Protection = On,  Virtualization Based Code Integrity = Disabled, Credential Guard = Enabled, Machine Identity Isolation = Disabled, Kernel-mode Hardware-enforced Stack Protection = Not configured, Reboot required = No, Status = 0x0."
"30-07-2026 13:11:02","7000","Information","Microsoft-Windows-DeviceGuard","Device Guard successfully processed the Group Policy: Virtualization Based Security  = Enabled,  Secure Boot = On, DMA Protection = On,  Virtualization Based Code Integrity = Disabled, Credential Guard = Enabled, Machine Identity Isolation = Disabled, Kernel-mode Hardware-enforced Stack Protection = Not configured, Reboot required = No, Status = 0x0."
"30-07-2026 10:56:02","7000","Information","Microsoft-Windows-DeviceGuard","Device Guard successfully processed the Group Policy: Virtualization Based Security  = Enabled,  Secure Boot = On, DMA Protection = On,  Virtualization Based Code Integrity = Disabled, Credential Guard = Enabled, Machine Identity Isolation = Disabled, Kernel-mode Hardware-enforced Stack Protection = Not configured, Reboot required = No, Status = 0x0."
"30-07-2026 10:56:02","7000","Information","Microsoft-Windows-DeviceGuard","Device Guard successfully processed the Group Policy: Virtualization Based Security  = Enabled,  Secure Boot = On, DMA Protection = On,  Virtualization Based Code Integrity = Disabled, Credential Guard = Enabled, Machine Identity Isolation = Disabled, Kernel-mode Hardware-enforced Stack Protection = Not configured, Reboot required = No, Status = 0x0."
"30-07-2026 09:40:00","7000","Information","Microsoft-Windows-DeviceGuard","Device Guard successfully processed the Group Policy: Virtualization Based Security  = Enabled,  Secure Boot = On, DMA Protection = On,  Virtualization Based Code Integrity = Disabled, Credential Guard = Enabled, Machine Identity Isolation = Disabled, Kernel-mode Hardware-enforced Stack Protection = Not configured, Reboot required = No, Status = 0x0."
"30-07-2026 09:40:00","7000","Information","Microsoft-Windows-DeviceGuard","Device Guard successfully processed the Group Policy: Virtualization Based Security  = Enabled,  Secure Boot = On, DMA Protection = On,  Virtualization Based Code Integrity = Disabled, Credential Guard = Enabled, Machine Identity Isolation = Disabled, Kernel-mode Hardware-enforced Stack Protection = Not configured, Reboot required = No, Status = 0x0."
"30-07-2026 09:38:00","7000","Information","Microsoft-Windows-DeviceGuard","Device Guard successfully processed the Group Policy: Virtualization Based Security  = Enabled,  Secure Boot = On, DMA Protection = On,  Virtualization Based Code Integrity = Disabled, Credential Guard = Enabled, Machine Identity Isolation = Disabled, Kernel-mode Hardware-enforced Stack Protection = Not configured, Reboot required = No, Status = 0x0."
"30-07-2026 09:38:00","7000","Information","Microsoft-Windows-DeviceGuard","Device Guard successfully processed the Group Policy: Virtualization Based Security  = Enabled,  Secure Boot = On, DMA Protection = On,  Virtualization Based Code Integrity = Disabled, Credential Guard = Enabled, Machine Identity Isolation = Disabled, Kernel-mode Hardware-enforced Stack Protection = Not configured, Reboot required = No, Status = 0x0."
"30-07-2026 09:38:00","7000","Information","Microsoft-Windows-DeviceGuard","Device Guard successfully processed the Group Policy: Virtualization Based Security  = Enabled,  Secure Boot = On, DMA Protection = On,  Virtualization Based Code Integrity = Disabled, Credential Guard = Enabled, Machine Identity Isolation = Disabled, Kernel-mode Hardware-enforced Stack Protection = Not configured, Reboot required = No, Status = 0x0."
"30-07-2026 09:37:57","7000","Information","Microsoft-Windows-DeviceGuard","Device Guard successfully processed the Group Policy: Virtualization Based Security  = Enabled,  Secure Boot = On, DMA Protection = On,  Virtualization Based Code Integrity = Disabled, Credential Guard = Enabled, Machine Identity Isolation = Disabled, Kernel-mode Hardware-enforced Stack Protection = Not configured, Reboot required = No, Status = 0x0."
"30-07-2026 09:37:57","7000","Information","Microsoft-Windows-DeviceGuard","Device Guard successfully processed the Group Policy: Virtualization Based Security  = Enabled,  Secure Boot = On, DMA Protection = On,  Virtualization Based Code Integrity = Disabled, Credential Guard = Enabled, Machine Identity Isolation = Disabled, Kernel-mode Hardware-enforced Stack Protection = Not configured, Reboot required = No, Status = 0x0."
"30-07-2026 09:37:57","7000","Information","Microsoft-Windows-DeviceGuard","Device Guard successfully processed the Group Policy: Virtualization Based Security  = Enabled,  Secure Boot = On, DMA Protection = On,  Virtualization Based Code Integrity = Disabled, Credential Guard = Enabled, Machine Identity Isolation = Disabled, Kernel-mode Hardware-enforced Stack Protection = Not configured, Reboot required = No, Status = 0x0."
"30-07-2026 09:37:30","7000","Information","Microsoft-Windows-DeviceGuard","Device Guard successfully processed the Group Policy: Virtualization Based Security  = Enabled,  Secure Boot = On, DMA Protection = On,  Virtualization Based Code Integrity = Disabled, Credential Guard = Enabled, Machine Identity Isolation = Disabled, Kernel-mode Hardware-enforced Stack Protection = Not configured, Reboot required = No, Status = 0x0."
"30-07-2026 09:37:30","7000","Information","Microsoft-Windows-DeviceGuard","Device Guard successfully processed the Group Policy: Virtualization Based Security  = Enabled,  Secure Boot = On, DMA Protection = On,  Virtualization Based Code Integrity = Disabled, Credential Guard = Enabled, Machine Identity Isolation = Disabled, Kernel-mode Hardware-enforced Stack Protection = Not configured, Reboot required = No, Status = 0x0."
"30-07-2026 09:37:30","7000","Information","Microsoft-Windows-DeviceGuard","Device Guard successfully processed the Group Policy: Virtualization Based Security  = Enabled,  Secure Boot = On, DMA Protection = On,  Virtualization Based Code Integrity = Disabled, Credential Guard = Enabled, Machine Identity Isolation = Disabled, Kernel-mode Hardware-enforced Stack Protection = Not configured, Reboot required = No, Status = 0x0."
"30-07-2026 09:37:27","7000","Information","Microsoft-Windows-DeviceGuard","Device Guard successfully processed the Group Policy: Virtualization Based Security  = Enabled,  Secure Boot = On, DMA Protection = On,  Virtualization Based Code Integrity = Disabled, Credential Guard = Enabled, Machine Identity Isolation = Disabled, Kernel-mode Hardware-enforced Stack Protection = Not configured, Reboot required = No, Status = 0x0."
"30-07-2026 09:37:27","7000","Information","Microsoft-Windows-DeviceGuard","Device Guard successfully processed the Group Policy: Virtualization Based Security  = Enabled,  Secure Boot = On, DMA Protection = On,  Virtualization Based Code Integrity = Disabled, Credential Guard = Enabled, Machine Identity Isolation = Disabled, Kernel-mode Hardware-enforced Stack Protection = Not configured, Reboot required = No, Status = 0x0."
"30-07-2026 09:37:27","7000","Information","Microsoft-Windows-DeviceGuard","Device Guard successfully processed the Group Policy: Virtualization Based Security  = Enabled,  Secure Boot = On, DMA Protection = On,  Virtualization Based Code Integrity = Disabled, Credential Guard = Enabled, Machine Identity Isolation = Disabled, Kernel-mode Hardware-enforced Stack Protection = Not configured, Reboot required = No, Status = 0x0."
"30-07-2026 09:37:04","7000","Information","Microsoft-Windows-DeviceGuard","Device Guard successfully processed the Group Policy: Virtualization Based Security  = Enabled,  Secure Boot = On, DMA Protection = On,  Virtualization Based Code Integrity = Disabled, Credential Guard = Enabled, Machine Identity Isolation = Disabled, Kernel-mode Hardware-enforced Stack Protection = Not configured, Reboot required = No, Status = 0x0."
"30-07-2026 09:37:04","7000","Information","Microsoft-Windows-DeviceGuard","Device Guard successfully processed the Group Policy: Virtualization Based Security  = Enabled,  Secure Boot = On, DMA Protection = On,  Virtualization Based Code Integrity = Disabled, Credential Guard = Enabled, Machine Identity Isolation = Disabled, Kernel-mode Hardware-enforced Stack Protection = Not configured, Reboot required = No, Status = 0x0."
"30-07-2026 09:37:04","7000","Information","Microsoft-Windows-DeviceGuard","Device Guard successfully processed the Group Policy: Virtualization Based Security  = Enabled,  Secure Boot = On, DMA Protection = On,  Virtualization Based Code Integrity = Disabled, Credential Guard = Enabled, Machine Identity Isolation = Disabled, Kernel-mode Hardware-enforced Stack Protection = Not configured, Reboot required = No, Status = 0x0."
"30-07-2026 09:37:01","7000","Information","Microsoft-Windows-DeviceGuard","Device Guard successfully processed the Group Policy: Virtualization Based Security  = Enabled,  Secure Boot = On, DMA Protection = On,  Virtualization Based Code Integrity = Disabled, Credential Guard = Enabled, Machine Identity Isolation = Disabled, Kernel-mode Hardware-enforced Stack Protection = Not configured, Reboot required = No, Status = 0x0."
"30-07-2026 09:37:01","7000","Information","Microsoft-Windows-DeviceGuard","Device Guard successfully processed the Group Policy: Virtualization Based Security  = Enabled,  Secure Boot = On, DMA Protection = On,  Virtualization Based Code Integrity = Disabled, Credential Guard = Enabled, Machine Identity Isolation = Disabled, Kernel-mode Hardware-enforced Stack Protection = Not configured, Reboot required = No, Status = 0x0."
"30-07-2026 09:37:01","7000","Information","Microsoft-Windows-DeviceGuard","Device Guard successfully processed the Group Policy: Virtualization Based Security  = Enabled,  Secure Boot = On, DMA Protection = On,  Virtualization Based Code Integrity = Disabled, Credential Guard = Enabled, Machine Identity Isolation = Disabled, Kernel-mode Hardware-enforced Stack Protection = Not configured, Reboot required = No, Status = 0x0."
"30-07-2026 09:36:27","7000","Information","Microsoft-Windows-DeviceGuard","Device Guard successfully processed the Group Policy: Virtualization Based Security  = Enabled,  Secure Boot = On, DMA Protection = On,  Virtualization Based Code Integrity = Disabled, Credential Guard = Enabled, Machine Identity Isolation = Disabled, Kernel-mode Hardware-enforced Stack Protection = Not configured, Reboot required = No, Status = 0x0."
"30-07-2026 09:36:27","7000","Information","Microsoft-Windows-DeviceGuard","Device Guard successfully processed the Group Policy: Virtualization Based Security  = Enabled,  Secure Boot = On, DMA Protection = On,  Virtualization Based Code Integrity = Disabled, Credential Guard = Enabled, Machine Identity Isolation = Disabled, Kernel-mode Hardware-enforced Stack Protection = Not configured, Reboot required = No, Status = 0x0."
"30-07-2026 09:36:27","7000","Information","Microsoft-Windows-DeviceGuard","Device Guard successfully processed the Group Policy: Virtualization Based Security  = Enabled,  Secure Boot = On, DMA Protection = On,  Virtualization Based Code Integrity = Disabled, Credential Guard = Enabled, Machine Identity Isolation = Disabled, Kernel-mode Hardware-enforced Stack Protection = Not configured, Reboot required = No, Status = 0x0."
"30-07-2026 09:36:25","7000","Information","Microsoft-Windows-DeviceGuard","Device Guard successfully processed the Group Policy: Virtualization Based Security  = Enabled,  Secure Boot = On, DMA Protection = On,  Virtualization Based Code Integrity = Disabled, Credential Guard = Enabled, Machine Identity Isolation = Disabled, Kernel-mode Hardware-enforced Stack Protection = Not configured, Reboot required = No, Status = 0x0."
"30-07-2026 09:36:25","7000","Information","Microsoft-Windows-DeviceGuard","Device Guard successfully processed the Group Policy: Virtualization Based Security  = Enabled,  Secure Boot = On, DMA Protection = On,  Virtualization Based Code Integrity = Disabled, Credential Guard = Enabled, Machine Identity Isolation = Disabled, Kernel-mode Hardware-enforced Stack Protection = Not configured, Reboot required = No, Status = 0x0."
"30-07-2026 09:36:25","7000","Information","Microsoft-Windows-DeviceGuard","Device Guard successfully processed the Group Policy: Virtualization Based Security  = Enabled,  Secure Boot = On, DMA Protection = On,  Virtualization Based Code Integrity = Disabled, Credential Guard = Enabled, Machine Identity Isolation = Disabled, Kernel-mode Hardware-enforced Stack Protection = Not configured, Reboot required = No, Status = 0x0."
"30-07-2026 09:35:27","7000","Information","Microsoft-Windows-DeviceGuard","Device Guard successfully processed the Group Policy: Virtualization Based Security  = Enabled,  Secure Boot = On, DMA Protection = On,  Virtualization Based Code Integrity = Disabled, Credential Guard = Enabled, Machine Identity Isolation = Disabled, Kernel-mode Hardware-enforced Stack Protection = Not configured, Reboot required = No, Status = 0x0."
"30-07-2026 09:35:26","7000","Information","Microsoft-Windows-DeviceGuard","Device Guard successfully processed the Group Policy: Virtualization Based Security  = Enabled,  Secure Boot = On, DMA Protection = On,  Virtualization Based Code Integrity = Disabled, Credential Guard = Enabled, Machine Identity Isolation = Disabled, Kernel-mode Hardware-enforced Stack Protection = Not configured, Reboot required = No, Status = 0x0."
"30-07-2026 06:32:28","7000","Information","Microsoft-Windows-DeviceGuard","Device Guard successfully processed the Group Policy: Virtualization Based Security  = Enabled,  Secure Boot = On, DMA Protection = On,  Virtualization Based Code Integrity = Disabled, Credential Guard = Enabled, Machine Identity Isolation = Disabled, Kernel-mode Hardware-enforced Stack Protection = Not configured, Reboot required = No, Status = 0x0."
"30-07-2026 06:32:27","7000","Information","Microsoft-Windows-DeviceGuard","Device Guard successfully processed the Group Policy: Virtualization Based Security  = Enabled,  Secure Boot = On, DMA Protection = On,  Virtualization Based Code Integrity = Disabled, Credential Guard = Enabled, Machine Identity Isolation = Disabled, Kernel-mode Hardware-enforced Stack Protection = Not configured, Reboot required = No, Status = 0x0."
"29-07-2026 21:39:59","7000","Information","Microsoft-Windows-DeviceGuard","Device Guard successfully processed the Group Policy: Virtualization Based Security  = Enabled,  Secure Boot = On, DMA Protection = On,  Virtualization Based Code Integrity = Disabled, Credential Guard = Enabled, Machine Identity Isolation = Disabled, Kernel-mode Hardware-enforced Stack Protection = Not configured, Reboot required = No, Status = 0x0."
"29-07-2026 21:39:59","7000","Information","Microsoft-Windows-DeviceGuard","Device Guard successfully processed the Group Policy: Virtualization Based Security  = Enabled,  Secure Boot = On, DMA Protection = On,  Virtualization Based Code Integrity = Disabled, Credential Guard = Enabled, Machine Identity Isolation = Disabled, Kernel-mode Hardware-enforced Stack Protection = Not configured, Reboot required = No, Status = 0x0."
"29-07-2026 19:36:03","7000","Information","Microsoft-Windows-DeviceGuard","Device Guard successfully processed the Group Policy: Virtualization Based Security  = Enabled,  Secure Boot = On, DMA Protection = On,  Virtualization Based Code Integrity = Disabled, Credential Guard = Enabled, Machine Identity Isolation = Disabled, Kernel-mode Hardware-enforced Stack Protection = Not configured, Reboot required = No, Status = 0x0."
"29-07-2026 19:36:03","7000","Information","Microsoft-Windows-DeviceGuard","Device Guard successfully processed the Group Policy: Virtualization Based Security  = Enabled,  Secure Boot = On, DMA Protection = On,  Virtualization Based Code Integrity = Disabled, Credential Guard = Enabled, Machine Identity Isolation = Disabled, Kernel-mode Hardware-enforced Stack Protection = Not configured, Reboot required = No, Status = 0x0."
"29-07-2026 15:46:02","7000","Information","Microsoft-Windows-DeviceGuard","Device Guard successfully processed the Group Policy: Virtualization Based Security  = Enabled,  Secure Boot = On, DMA Protection = On,  Virtualization Based Code Integrity = Disabled, Credential Guard = Enabled, Machine Identity Isolation = Disabled, Kernel-mode Hardware-enforced Stack Protection = Not configured, Reboot required = No, Status = 0x0."
"29-07-2026 15:46:02","7000","Information","Microsoft-Windows-DeviceGuard","Device Guard successfully processed the Group Policy: Virtualization Based Security  = Enabled,  Secure Boot = On, DMA Protection = On,  Virtualization Based Code Integrity = Disabled, Credential Guard = Enabled, Machine Identity Isolation = Disabled, Kernel-mode Hardware-enforced Stack Protection = Not configured, Reboot required = No, Status = 0x0."
"29-07-2026 13:12:00","7000","Information","Microsoft-Windows-DeviceGuard","Device Guard successfully processed the Group Policy: Virtualization Based Security  = Enabled,  Secure Boot = On, DMA Protection = On,  Virtualization Based Code Integrity = Disabled, Credential Guard = Enabled, Machine Identity Isolation = Disabled, Kernel-mode Hardware-enforced Stack Protection = Not configured, Reboot required = No, Status = 0x0."
"29-07-2026 13:12:00","7000","Information","Microsoft-Windows-DeviceGuard","Device Guard successfully processed the Group Policy: Virtualization Based Security  = Enabled,  Secure Boot = On, DMA Protection = On,  Virtualization Based Code Integrity = Disabled, Credential Guard = Enabled, Machine Identity Isolation = Disabled, Kernel-mode Hardware-enforced Stack Protection = Not configured, Reboot required = No, Status = 0x0."
"29-07-2026 13:12:00","7000","Information","Microsoft-Windows-DeviceGuard","Device Guard successfully processed the Group Policy: Virtualization Based Security  = Enabled,  Secure Boot = On, DMA Protection = On,  Virtualization Based Code Integrity = Disabled, Credential Guard = Enabled, Machine Identity Isolation = Disabled, Kernel-mode Hardware-enforced Stack Protection = Not configured, Reboot required = No, Status = 0x0."
"29-07-2026 13:11:58","7000","Information","Microsoft-Windows-DeviceGuard","Device Guard successfully processed the Group Policy: Virtualization Based Security  = Enabled,  Secure Boot = On, DMA Protection = On,  Virtualization Based Code Integrity = Disabled, Credential Guard = Enabled, Machine Identity Isolation = Disabled, Kernel-mode Hardware-enforced Stack Protection = Not configured, Reboot required = No, Status = 0x0."
"29-07-2026 13:11:58","7000","Information","Microsoft-Windows-DeviceGuard","Device Guard successfully processed the Group Policy: Virtualization Based Security  = Enabled,  Secure Boot = On, DMA Protection = On,  Virtualization Based Code Integrity = Disabled, Credential Guard = Enabled, Machine Identity Isolation = Disabled, Kernel-mode Hardware-enforced Stack Protection = Not configured, Reboot required = No, Status = 0x0."
"29-07-2026 13:11:58","7000","Information","Microsoft-Windows-DeviceGuard","Device Guard successfully processed the Group Policy: Virtualization Based Security  = Enabled,  Secure Boot = On, DMA Protection = On,  Virtualization Based Code Integrity = Disabled, Credential Guard = Enabled, Machine Identity Isolation = Disabled, Kernel-mode Hardware-enforced Stack Protection = Not configured, Reboot required = No, Status = 0x0."
"29-07-2026 13:11:30","7000","Information","Microsoft-Windows-DeviceGuard","Device Guard successfully processed the Group Policy: Virtualization Based Security  = Enabled,  Secure Boot = On, DMA Protection = On,  Virtualization Based Code Integrity = Disabled, Credential Guard = Enabled, Machine Identity Isolation = Disabled, Kernel-mode Hardware-enforced Stack Protection = Not configured, Reboot required = No, Status = 0x0."
"29-07-2026 13:11:30","7000","Information","Microsoft-Windows-DeviceGuard","Device Guard successfully processed the Group Policy: Virtualization Based Security  = Enabled,  Secure Boot = On, DMA Protection = On,  Virtualization Based Code Integrity = Disabled, Credential Guard = Enabled, Machine Identity Isolation = Disabled, Kernel-mode Hardware-enforced Stack Protection = Not configured, Reboot required = No, Status = 0x0."
"29-07-2026 13:11:30","7000","Information","Microsoft-Windows-DeviceGuard","Device Guard successfully processed the Group Policy: Virtualization Based Security  = Enabled,  Secure Boot = On, DMA Protection = On,  Virtualization Based Code Integrity = Disabled, Credential Guard = Enabled, Machine Identity Isolation = Disabled, Kernel-mode Hardware-enforced Stack Protection = Not configured, Reboot required = No, Status = 0x0."
"29-07-2026 13:11:28","7000","Information","Microsoft-Windows-DeviceGuard","Device Guard successfully processed the Group Policy: Virtualization Based Security  = Enabled,  Secure Boot = On, DMA Protection = On,  Virtualization Based Code Integrity = Disabled, Credential Guard = Enabled, Machine Identity Isolation = Disabled, Kernel-mode Hardware-enforced Stack Protection = Not configured, Reboot required = No, Status = 0x0."
"29-07-2026 13:11:28","7000","Information","Microsoft-Windows-DeviceGuard","Device Guard successfully processed the Group Policy: Virtualization Based Security  = Enabled,  Secure Boot = On, DMA Protection = On,  Virtualization Based Code Integrity = Disabled, Credential Guard = Enabled, Machine Identity Isolation = Disabled, Kernel-mode Hardware-enforced Stack Protection = Not configured, Reboot required = No, Status = 0x0."
"29-07-2026 13:11:28","7000","Information","Microsoft-Windows-DeviceGuard","Device Guard successfully processed the Group Policy: Virtualization Based Security  = Enabled,  Secure Boot = On, DMA Protection = On,  Virtualization Based Code Integrity = Disabled, Credential Guard = Enabled, Machine Identity Isolation = Disabled, Kernel-mode Hardware-enforced Stack Protection = Not configured, Reboot required = No, Status = 0x0."
"29-07-2026 13:11:02","7000","Information","Microsoft-Windows-DeviceGuard","Device Guard successfully processed the Group Policy: Virtualization Based Security  = Enabled,  Secure Boot = On, DMA Protection = On,  Virtualization Based Code Integrity = Disabled, Credential Guard = Enabled, Machine Identity Isolation = Disabled, Kernel-mode Hardware-enforced Stack Protection = Not configured, Reboot required = No, Status = 0x0."
"29-07-2026 13:11:02","7000","Information","Microsoft-Windows-DeviceGuard","Device Guard successfully processed the Group Policy: Virtualization Based Security  = Enabled,  Secure Boot = On, DMA Protection = On,  Virtualization Based Code Integrity = Disabled, Credential Guard = Enabled, Machine Identity Isolation = Disabled, Kernel-mode Hardware-enforced Stack Protection = Not configured, Reboot required = No, Status = 0x0."
"29-07-2026 11:56:02","7000","Information","Microsoft-Windows-DeviceGuard","Device Guard successfully processed the Group Policy: Virtualization Based Security  = Enabled,  Secure Boot = On, DMA Protection = On,  Virtualization Based Code Integrity = Disabled, Credential Guard = Enabled, Machine Identity Isolation = Disabled, Kernel-mode Hardware-enforced Stack Protection = Not configured, Reboot required = No, Status = 0x0."
"29-07-2026 11:56:02","7000","Information","Microsoft-Windows-DeviceGuard","Device Guard successfully processed the Group Policy: Virtualization Based Security  = Enabled,  Secure Boot = On, DMA Protection = On,  Virtualization Based Code Integrity = Disabled, Credential Guard = Enabled, Machine Identity Isolation = Disabled, Kernel-mode Hardware-enforced Stack Protection = Not configured, Reboot required = No, Status = 0x0."
"29-07-2026 09:30:44","7000","Information","Microsoft-Windows-DeviceGuard","Device Guard successfully processed the Group Policy: Virtualization Based Security  = Enabled,  Secure Boot = On, DMA Protection = On,  Virtualization Based Code Integrity = Disabled, Credential Guard = Enabled, Machine Identity Isolation = Disabled, Kernel-mode Hardware-enforced Stack Protection = Not configured, Reboot required = No, Status = 0x0."
"29-07-2026 09:30:44","7000","Information","Microsoft-Windows-DeviceGuard","Device Guard successfully processed the Group Policy: Virtualization Based Security  = Enabled,  Secure Boot = On, DMA Protection = On,  Virtualization Based Code Integrity = Disabled, Credential Guard = Enabled, Machine Identity Isolation = Disabled, Kernel-mode Hardware-enforced Stack Protection = Not configured, Reboot required = No, Status = 0x0."
"29-07-2026 09:27:35","7000","Information","Microsoft-Windows-DeviceGuard","Device Guard successfully processed the Group Policy: Virtualization Based Security  = Enabled,  Secure Boot = On, DMA Protection = On,  Virtualization Based Code Integrity = Disabled, Credential Guard = Enabled, Machine Identity Isolation = Disabled, Kernel-mode Hardware-enforced Stack Protection = Not configured, Reboot required = No, Status = 0x0."
"29-07-2026 09:27:35","7000","Information","Microsoft-Windows-DeviceGuard","Device Guard successfully processed the Group Policy: Virtualization Based Security  = Enabled,  Secure Boot = On, DMA Protection = On,  Virtualization Based Code Integrity = Disabled, Credential Guard = Enabled, Machine Identity Isolation = Disabled, Kernel-mode Hardware-enforced Stack Protection = Not configured, Reboot required = No, Status = 0x0."
"29-07-2026 09:27:35","7000","Information","Microsoft-Windows-DeviceGuard","Device Guard successfully processed the Group Policy: Virtualization Based Security  = Enabled,  Secure Boot = On, DMA Protection = On,  Virtualization Based Code Integrity = Disabled, Credential Guard = Enabled, Machine Identity Isolation = Disabled, Kernel-mode Hardware-enforced Stack Protection = Not configured, Reboot required = No, Status = 0x0."
"29-07-2026 09:27:33","7000","Information","Microsoft-Windows-DeviceGuard","Device Guard successfully processed the Group Policy: Virtualization Based Security  = Enabled,  Secure Boot = On, DMA Protection = On,  Virtualization Based Code Integrity = Disabled, Credential Guard = Enabled, Machine Identity Isolation = Disabled, Kernel-mode Hardware-enforced Stack Protection = Not configured, Reboot required = No, Status = 0x0."
"29-07-2026 09:27:32","7000","Information","Microsoft-Windows-DeviceGuard","Device Guard successfully processed the Group Policy: Virtualization Based Security  = Enabled,  Secure Boot = On, DMA Protection = On,  Virtualization Based Code Integrity = Disabled, Credential Guard = Enabled, Machine Identity Isolation = Disabled, Kernel-mode Hardware-enforced Stack Protection = Not configured, Reboot required = No, Status = 0x0."
"29-07-2026 09:27:32","7000","Information","Microsoft-Windows-DeviceGuard","Device Guard successfully processed the Group Policy: Virtualization Based Security  = Enabled,  Secure Boot = On, DMA Protection = On,  Virtualization Based Code Integrity = Disabled, Credential Guard = Enabled, Machine Identity Isolation = Disabled, Kernel-mode Hardware-enforced Stack Protection = Not configured, Reboot required = No, Status = 0x0."
"29-07-2026 09:27:02","7000","Information","Microsoft-Windows-DeviceGuard","Device Guard successfully processed the Group Policy: Virtualization Based Security  = Enabled,  Secure Boot = On, DMA Protection = On,  Virtualization Based Code Integrity = Disabled, Credential Guard = Enabled, Machine Identity Isolation = Disabled, Kernel-mode Hardware-enforced Stack Protection = Not configured, Reboot required = No, Status = 0x0."
"29-07-2026 09:27:02","7000","Information","Microsoft-Windows-DeviceGuard","Device Guard successfully processed the Group Policy: Virtualization Based Security  = Enabled,  Secure Boot = On, DMA Protection = On,  Virtualization Based Code Integrity = Disabled, Credential Guard = Enabled, Machine Identity Isolation = Disabled, Kernel-mode Hardware-enforced Stack Protection = Not configured, Reboot required = No, Status = 0x0."
"29-07-2026 09:27:02","7000","Information","Microsoft-Windows-DeviceGuard","Device Guard successfully processed the Group Policy: Virtualization Based Security  = Enabled,  Secure Boot = On, DMA Protection = On,  Virtualization Based Code Integrity = Disabled, Credential Guard = Enabled, Machine Identity Isolation = Disabled, Kernel-mode Hardware-enforced Stack Protection = Not configured, Reboot required = No, Status = 0x0."
"29-07-2026 09:26:59","7000","Information","Microsoft-Windows-DeviceGuard","Device Guard successfully processed the Group Policy: Virtualization Based Security  = Enabled,  Secure Boot = On, DMA Protection = On,  Virtualization Based Code Integrity = Disabled, Credential Guard = Enabled, Machine Identity Isolation = Disabled, Kernel-mode Hardware-enforced Stack Protection = Not configured, Reboot required = No, Status = 0x0."
"29-07-2026 09:26:59","7000","Information","Microsoft-Windows-DeviceGuard","Device Guard successfully processed the Group Policy: Virtualization Based Security  = Enabled,  Secure Boot = On, DMA Protection = On,  Virtualization Based Code Integrity = Disabled, Credential Guard = Enabled, Machine Identity Isolation = Disabled, Kernel-mode Hardware-enforced Stack Protection = Not configured, Reboot required = No, Status = 0x0."
"29-07-2026 09:26:59","7000","Information","Microsoft-Windows-DeviceGuard","Device Guard successfully processed the Group Policy: Virtualization Based Security  = Enabled,  Secure Boot = On, DMA Protection = On,  Virtualization Based Code Integrity = Disabled, Credential Guard = Enabled, Machine Identity Isolation = Disabled, Kernel-mode Hardware-enforced Stack Protection = Not configured, Reboot required = No, Status = 0x0."
"29-07-2026 09:26:33","7000","Information","Microsoft-Windows-DeviceGuard","Device Guard successfully processed the Group Policy: Virtualization Based Security  = Enabled,  Secure Boot = On, DMA Protection = On,  Virtualization Based Code Integrity = Disabled, Credential Guard = Enabled, Machine Identity Isolation = Disabled, Kernel-mode Hardware-enforced Stack Protection = Not configured, Reboot required = No, Status = 0x0."
"29-07-2026 09:26:33","7000","Information","Microsoft-Windows-DeviceGuard","Device Guard successfully processed the Group Policy: Virtualization Based Security  = Enabled,  Secure Boot = On, DMA Protection = On,  Virtualization Based Code Integrity = Disabled, Credential Guard = Enabled, Machine Identity Isolation = Disabled, Kernel-mode Hardware-enforced Stack Protection = Not configured, Reboot required = No, Status = 0x0."
"29-07-2026 09:26:33","7000","Information","Microsoft-Windows-DeviceGuard","Device Guard successfully processed the Group Policy: Virtualization Based Security  = Enabled,  Secure Boot = On, DMA Protection = On,  Virtualization Based Code Integrity = Disabled, Credential Guard = Enabled, Machine Identity Isolation = Disabled, Kernel-mode Hardware-enforced Stack Protection = Not configured, Reboot required = No, Status = 0x0."
"29-07-2026 09:26:31","7000","Information","Microsoft-Windows-DeviceGuard","Device Guard successfully processed the Group Policy: Virtualization Based Security  = Enabled,  Secure Boot = On, DMA Protection = On,  Virtualization Based Code Integrity = Disabled, Credential Guard = Enabled, Machine Identity Isolation = Disabled, Kernel-mode Hardware-enforced Stack Protection = Not configured, Reboot required = No, Status = 0x0."
"29-07-2026 09:26:31","7000","Information","Microsoft-Windows-DeviceGuard","Device Guard successfully processed the Group Policy: Virtualization Based Security  = Enabled,  Secure Boot = On, DMA Protection = On,  Virtualization Based Code Integrity = Disabled, Credential Guard = Enabled, Machine Identity Isolation = Disabled, Kernel-mode Hardware-enforced Stack Protection = Not configured, Reboot required = No, Status = 0x0."
"29-07-2026 09:26:31","7000","Information","Microsoft-Windows-DeviceGuard","Device Guard successfully processed the Group Policy: Virtualization Based Security  = Enabled,  Secure Boot = On, DMA Protection = On,  Virtualization Based Code Integrity = Disabled, Credential Guard = Enabled, Machine Identity Isolation = Disabled, Kernel-mode Hardware-enforced Stack Protection = Not configured, Reboot required = No, Status = 0x0."
"29-07-2026 09:26:02","7000","Information","Microsoft-Windows-DeviceGuard","Device Guard successfully processed the Group Policy: Virtualization Based Security  = Enabled,  Secure Boot = On, DMA Protection = On,  Virtualization Based Code Integrity = Disabled, Credential Guard = Enabled, Machine Identity Isolation = Disabled, Kernel-mode Hardware-enforced Stack Protection = Not configured, Reboot required = No, Status = 0x0."
"29-07-2026 09:26:02","7000","Information","Microsoft-Windows-DeviceGuard","Device Guard successfully processed the Group Policy: Virtualization Based Security  = Enabled,  Secure Boot = On, DMA Protection = On,  Virtualization Based Code Integrity = Disabled, Credential Guard = Enabled, Machine Identity Isolation = Disabled, Kernel-mode Hardware-enforced Stack Protection = Not configured, Reboot required = No, Status = 0x0."
"29-07-2026 09:26:02","7000","Information","Microsoft-Windows-DeviceGuard","Device Guard successfully processed the Group Policy: Virtualization Based Security  = Enabled,  Secure Boot = On, DMA Protection = On,  Virtualization Based Code Integrity = Disabled, Credential Guard = Enabled, Machine Identity Isolation = Disabled, Kernel-mode Hardware-enforced Stack Protection = Not configured, Reboot required = No, Status = 0x0."
"29-07-2026 09:25:59","7000","Information","Microsoft-Windows-DeviceGuard","Device Guard successfully processed the Group Policy: Virtualization Based Security  = Enabled,  Secure Boot = On, DMA Protection = On,  Virtualization Based Code Integrity = Disabled, Credential Guard = Enabled, Machine Identity Isolation = Disabled, Kernel-mode Hardware-enforced Stack Protection = Not configured, Reboot required = No, Status = 0x0."
"29-07-2026 09:25:59","7000","Information","Microsoft-Windows-DeviceGuard","Device Guard successfully processed the Group Policy: Virtualization Based Security  = Enabled,  Secure Boot = On, DMA Protection = On,  Virtualization Based Code Integrity = Disabled, Credential Guard = Enabled, Machine Identity Isolation = Disabled, Kernel-mode Hardware-enforced Stack Protection = Not configured, Reboot required = No, Status = 0x0."
"29-07-2026 09:25:58","7000","Information","Microsoft-Windows-DeviceGuard","Device Guard successfully processed the Group Policy: Virtualization Based Security  = Enabled,  Secure Boot = On, DMA Protection = On,  Virtualization Based Code Integrity = Disabled, Credential Guard = Enabled, Machine Identity Isolation = Disabled, Kernel-mode Hardware-enforced Stack Protection = Not configured, Reboot required = No, Status = 0x0."
"29-07-2026 09:25:24","7000","Information","Microsoft-Windows-DeviceGuard","Device Guard successfully processed the Group Policy: Virtualization Based Security  = Enabled,  Secure Boot = On, DMA Protection = On,  Virtualization Based Code Integrity = Disabled, Credential Guard = Enabled, Machine Identity Isolation = Disabled, Kernel-mode Hardware-enforced Stack Protection = Not configured, Reboot required = No, Status = 0x0."
"29-07-2026 09:25:24","7000","Information","Microsoft-Windows-DeviceGuard","Device Guard successfully processed the Group Policy: Virtualization Based Security  = Enabled,  Secure Boot = On, DMA Protection = On,  Virtualization Based Code Integrity = Disabled, Credential Guard = Enabled, Machine Identity Isolation = Disabled, Kernel-mode Hardware-enforced Stack Protection = Not configured, Reboot required = No, Status = 0x0."
"29-07-2026 06:01:20","7000","Information","Microsoft-Windows-DeviceGuard","Device Guard successfully processed the Group Policy: Virtualization Based Security  = Enabled,  Secure Boot = On, DMA Protection = On,  Virtualization Based Code Integrity = Disabled, Credential Guard = Enabled, Machine Identity Isolation = Disabled, Kernel-mode Hardware-enforced Stack Protection = Not configured, Reboot required = No, Status = 0x0."
"29-07-2026 06:01:20","7000","Information","Microsoft-Windows-DeviceGuard","Device Guard successfully processed the Group Policy: Virtualization Based Security  = Enabled,  Secure Boot = On, DMA Protection = On,  Virtualization Based Code Integrity = Disabled, Credential Guard = Enabled, Machine Identity Isolation = Disabled, Kernel-mode Hardware-enforced Stack Protection = Not configured, Reboot required = No, Status = 0x0."
"28-07-2026 20:56:32","7000","Information","Microsoft-Windows-DeviceGuard","Device Guard successfully processed the Group Policy: Virtualization Based Security  = Enabled,  Secure Boot = On, DMA Protection = On,  Virtualization Based Code Integrity = Disabled, Credential Guard = Enabled, Machine Identity Isolation = Disabled, Kernel-mode Hardware-enforced Stack Protection = Not configured, Reboot required = No, Status = 0x0."
"28-07-2026 20:56:32","7000","Information","Microsoft-Windows-DeviceGuard","Device Guard successfully processed the Group Policy: Virtualization Based Security  = Enabled,  Secure Boot = On, DMA Protection = On,  Virtualization Based Code Integrity = Disabled, Credential Guard = Enabled, Machine Identity Isolation = Disabled, Kernel-mode Hardware-enforced Stack Protection = Not configured, Reboot required = No, Status = 0x0."
"28-07-2026 16:46:02","7000","Information","Microsoft-Windows-DeviceGuard","Device Guard successfully processed the Group Policy: Virtualization Based Security  = Enabled,  Secure Boot = On, DMA Protection = On,  Virtualization Based Code Integrity = Disabled, Credential Guard = Enabled, Machine Identity Isolation = Disabled, Kernel-mode Hardware-enforced Stack Protection = Not configured, Reboot required = No, Status = 0x0."
"28-07-2026 16:46:02","7000","Information","Microsoft-Windows-DeviceGuard","Device Guard successfully processed the Group Policy: Virtualization Based Security  = Enabled,  Secure Boot = On, DMA Protection = On,  Virtualization Based Code Integrity = Disabled, Credential Guard = Enabled, Machine Identity Isolation = Disabled, Kernel-mode Hardware-enforced Stack Protection = Not configured, Reboot required = No, Status = 0x0."
"28-07-2026 13:11:02","7000","Information","Microsoft-Windows-DeviceGuard","Device Guard successfully processed the Group Policy: Virtualization Based Security  = Enabled,  Secure Boot = On, DMA Protection = On,  Virtualization Based Code Integrity = Disabled, Credential Guard = Enabled, Machine Identity Isolation = Disabled, Kernel-mode Hardware-enforced Stack Protection = Not configured, Reboot required = No, Status = 0x0."
"28-07-2026 13:11:02","7000","Information","Microsoft-Windows-DeviceGuard","Device Guard successfully processed the Group Policy: Virtualization Based Security  = Enabled,  Secure Boot = On, DMA Protection = On,  Virtualization Based Code Integrity = Disabled, Credential Guard = Enabled, Machine Identity Isolation = Disabled, Kernel-mode Hardware-enforced Stack Protection = Not configured, Reboot required = No, Status = 0x0."
"28-07-2026 12:56:02","7000","Information","Microsoft-Windows-DeviceGuard","Device Guard successfully processed the Group Policy: Virtualization Based Security  = Enabled,  Secure Boot = On, DMA Protection = On,  Virtualization Based Code Integrity = Disabled, Credential Guard = Enabled, Machine Identity Isolation = Disabled, Kernel-mode Hardware-enforced Stack Protection = Not configured, Reboot required = No, Status = 0x0."
"28-07-2026 12:56:02","7000","Information","Microsoft-Windows-DeviceGuard","Device Guard successfully processed the Group Policy: Virtualization Based Security  = Enabled,  Secure Boot = On, DMA Protection = On,  Virtualization Based Code Integrity = Disabled, Credential Guard = Enabled, Machine Identity Isolation = Disabled, Kernel-mode Hardware-enforced Stack Protection = Not configured, Reboot required = No, Status = 0x0."
"28-07-2026 09:28:32","7000","Information","Microsoft-Windows-DeviceGuard","Device Guard successfully processed the Group Policy: Virtualization Based Security  = Enabled,  Secure Boot = On, DMA Protection = On,  Virtualization Based Code Integrity = Disabled, Credential Guard = Enabled, Machine Identity Isolation = Disabled, Kernel-mode Hardware-enforced Stack Protection = Not configured, Reboot required = No, Status = 0x0."
"28-07-2026 09:28:32","7000","Information","Microsoft-Windows-DeviceGuard","Device Guard successfully processed the Group Policy: Virtualization Based Security  = Enabled,  Secure Boot = On, DMA Protection = On,  Virtualization Based Code Integrity = Disabled, Credential Guard = Enabled, Machine Identity Isolation = Disabled, Kernel-mode Hardware-enforced Stack Protection = Not configured, Reboot required = No, Status = 0x0."
"28-07-2026 09:25:07","7000","Information","Microsoft-Windows-DeviceGuard","Device Guard successfully processed the Group Policy: Virtualization Based Security  = Enabled,  Secure Boot = On, DMA Protection = On,  Virtualization Based Code Integrity = Disabled, Credential Guard = Enabled, Machine Identity Isolation = Disabled, Kernel-mode Hardware-enforced Stack Protection = Not configured, Reboot required = No, Status = 0x0."
"28-07-2026 09:25:07","7000","Information","Microsoft-Windows-DeviceGuard","Device Guard successfully processed the Group Policy: Virtualization Based Security  = Enabled,  Secure Boot = On, DMA Protection = On,  Virtualization Based Code Integrity = Disabled, Credential Guard = Enabled, Machine Identity Isolation = Disabled, Kernel-mode Hardware-enforced Stack Protection = Not configured, Reboot required = No, Status = 0x0."
"28-07-2026 09:25:07","7000","Information","Microsoft-Windows-DeviceGuard","Device Guard successfully processed the Group Policy: Virtualization Based Security  = Enabled,  Secure Boot = On, DMA Protection = On,  Virtualization Based Code Integrity = Disabled, Credential Guard = Enabled, Machine Identity Isolation = Disabled, Kernel-mode Hardware-enforced Stack Protection = Not configured, Reboot required = No, Status = 0x0."
"28-07-2026 09:25:04","7000","Information","Microsoft-Windows-DeviceGuard","Device Guard successfully processed the Group Policy: Virtualization Based Security  = Enabled,  Secure Boot = On, DMA Protection = On,  Virtualization Based Code Integrity = Disabled, Credential Guard = Enabled, Machine Identity Isolation = Disabled, Kernel-mode Hardware-enforced Stack Protection = Not configured, Reboot required = No, Status = 0x0."
"28-07-2026 09:25:04","7000","Information","Microsoft-Windows-DeviceGuard","Device Guard successfully processed the Group Policy: Virtualization Based Security  = Enabled,  Secure Boot = On, DMA Protection = On,  Virtualization Based Code Integrity = Disabled, Credential Guard = Enabled, Machine Identity Isolation = Disabled, Kernel-mode Hardware-enforced Stack Protection = Not configured, Reboot required = No, Status = 0x0."
"28-07-2026 09:25:04","7000","Information","Microsoft-Windows-DeviceGuard","Device Guard successfully processed the Group Policy: Virtualization Based Security  = Enabled,  Secure Boot = On, DMA Protection = On,  Virtualization Based Code Integrity = Disabled, Credential Guard = Enabled, Machine Identity Isolation = Disabled, Kernel-mode Hardware-enforced Stack Protection = Not configured, Reboot required = No, Status = 0x0."
"28-07-2026 09:24:34","7000","Information","Microsoft-Windows-DeviceGuard","Device Guard successfully processed the Group Policy: Virtualization Based Security  = Enabled,  Secure Boot = On, DMA Protection = On,  Virtualization Based Code Integrity = Disabled, Credential Guard = Enabled, Machine Identity Isolation = Disabled, Kernel-mode Hardware-enforced Stack Protection = Not configured, Reboot required = No, Status = 0x0."
"28-07-2026 09:24:34","7000","Information","Microsoft-Windows-DeviceGuard","Device Guard successfully processed the Group Policy: Virtualization Based Security  = Enabled,  Secure Boot = On, DMA Protection = On,  Virtualization Based Code Integrity = Disabled, Credential Guard = Enabled, Machine Identity Isolation = Disabled, Kernel-mode Hardware-enforced Stack Protection = Not configured, Reboot required = No, Status = 0x0."
"28-07-2026 09:24:34","7000","Information","Microsoft-Windows-DeviceGuard","Device Guard successfully processed the Group Policy: Virtualization Based Security  = Enabled,  Secure Boot = On, DMA Protection = On,  Virtualization Based Code Integrity = Disabled, Credential Guard = Enabled, Machine Identity Isolation = Disabled, Kernel-mode Hardware-enforced Stack Protection = Not configured, Reboot required = No, Status = 0x0."
"28-07-2026 09:24:31","7000","Information","Microsoft-Windows-DeviceGuard","Device Guard successfully processed the Group Policy: Virtualization Based Security  = Enabled,  Secure Boot = On, DMA Protection = On,  Virtualization Based Code Integrity = Disabled, Credential Guard = Enabled, Machine Identity Isolation = Disabled, Kernel-mode Hardware-enforced Stack Protection = Not configured, Reboot required = No, Status = 0x0."
"28-07-2026 09:24:31","7000","Information","Microsoft-Windows-DeviceGuard","Device Guard successfully processed the Group Policy: Virtualization Based Security  = Enabled,  Secure Boot = On, DMA Protection = On,  Virtualization Based Code Integrity = Disabled, Credential Guard = Enabled, Machine Identity Isolation = Disabled, Kernel-mode Hardware-enforced Stack Protection = Not configured, Reboot required = No, Status = 0x0."
"28-07-2026 09:24:31","7000","Information","Microsoft-Windows-DeviceGuard","Device Guard successfully processed the Group Policy: Virtualization Based Security  = Enabled,  Secure Boot = On, DMA Protection = On,  Virtualization Based Code Integrity = Disabled, Credential Guard = Enabled, Machine Identity Isolation = Disabled, Kernel-mode Hardware-enforced Stack Protection = Not configured, Reboot required = No, Status = 0x0."
"28-07-2026 09:24:06","7000","Information","Microsoft-Windows-DeviceGuard","Device Guard successfully processed the Group Policy: Virtualization Based Security  = Enabled,  Secure Boot = On, DMA Protection = On,  Virtualization Based Code Integrity = Disabled, Credential Guard = Enabled, Machine Identity Isolation = Disabled, Kernel-mode Hardware-enforced Stack Protection = Not configured, Reboot required = No, Status = 0x0."
"28-07-2026 09:24:06","7000","Information","Microsoft-Windows-DeviceGuard","Device Guard successfully processed the Group Policy: Virtualization Based Security  = Enabled,  Secure Boot = On, DMA Protection = On,  Virtualization Based Code Integrity = Disabled, Credential Guard = Enabled, Machine Identity Isolation = Disabled, Kernel-mode Hardware-enforced Stack Protection = Not configured, Reboot required = No, Status = 0x0."
"28-07-2026 09:24:06","7000","Information","Microsoft-Windows-DeviceGuard","Device Guard successfully processed the Group Policy: Virtualization Based Security  = Enabled,  Secure Boot = On, DMA Protection = On,  Virtualization Based Code Integrity = Disabled, Credential Guard = Enabled, Machine Identity Isolation = Disabled, Kernel-mode Hardware-enforced Stack Protection = Not configured, Reboot required = No, Status = 0x0."
"28-07-2026 09:24:01","7000","Information","Microsoft-Windows-DeviceGuard","Device Guard successfully processed the Group Policy: Virtualization Based Security  = Enabled,  Secure Boot = On, DMA Protection = On,  Virtualization Based Code Integrity = Disabled, Credential Guard = Enabled, Machine Identity Isolation = Disabled, Kernel-mode Hardware-enforced Stack Protection = Not configured, Reboot required = No, Status = 0x0."
"28-07-2026 09:24:01","7000","Information","Microsoft-Windows-DeviceGuard","Device Guard successfully processed the Group Policy: Virtualization Based Security  = Enabled,  Secure Boot = On, DMA Protection = On,  Virtualization Based Code Integrity = Disabled, Credential Guard = Enabled, Machine Identity Isolation = Disabled, Kernel-mode Hardware-enforced Stack Protection = Not configured, Reboot required = No, Status = 0x0."
"28-07-2026 09:24:01","7000","Information","Microsoft-Windows-DeviceGuard","Device Guard successfully processed the Group Policy: Virtualization Based Security  = Enabled,  Secure Boot = On, DMA Protection = On,  Virtualization Based Code Integrity = Disabled, Credential Guard = Enabled, Machine Identity Isolation = Disabled, Kernel-mode Hardware-enforced Stack Protection = Not configured, Reboot required = No, Status = 0x0."
"28-07-2026 09:23:39","7000","Information","Microsoft-Windows-DeviceGuard","Device Guard successfully processed the Group Policy: Virtualization Based Security  = Enabled,  Secure Boot = On, DMA Protection = On,  Virtualization Based Code Integrity = Disabled, Credential Guard = Enabled, Machine Identity Isolation = Disabled, Kernel-mode Hardware-enforced Stack Protection = Not configured, Reboot required = No, Status = 0x0."
"28-07-2026 09:23:39","7000","Information","Microsoft-Windows-DeviceGuard","Device Guard successfully processed the Group Policy: Virtualization Based Security  = Enabled,  Secure Boot = On, DMA Protection = On,  Virtualization Based Code Integrity = Disabled, Credential Guard = Enabled, Machine Identity Isolation = Disabled, Kernel-mode Hardware-enforced Stack Protection = Not configured, Reboot required = No, Status = 0x0."
"28-07-2026 09:23:39","7000","Information","Microsoft-Windows-DeviceGuard","Device Guard successfully processed the Group Policy: Virtualization Based Security  = Enabled,  Secure Boot = On, DMA Protection = On,  Virtualization Based Code Integrity = Disabled, Credential Guard = Enabled, Machine Identity Isolation = Disabled, Kernel-mode Hardware-enforced Stack Protection = Not configured, Reboot required = No, Status = 0x0."
"28-07-2026 09:23:37","7000","Information","Microsoft-Windows-DeviceGuard","Device Guard successfully processed the Group Policy: Virtualization Based Security  = Enabled,  Secure Boot = On, DMA Protection = On,  Virtualization Based Code Integrity = Disabled, Credential Guard = Enabled, Machine Identity Isolation = Disabled, Kernel-mode Hardware-enforced Stack Protection = Not configured, Reboot required = No, Status = 0x0."
"28-07-2026 09:23:37","7000","Information","Microsoft-Windows-DeviceGuard","Device Guard successfully processed the Group Policy: Virtualization Based Security  = Enabled,  Secure Boot = On, DMA Protection = On,  Virtualization Based Code Integrity = Disabled, Credential Guard = Enabled, Machine Identity Isolation = Disabled, Kernel-mode Hardware-enforced Stack Protection = Not configured, Reboot required = No, Status = 0x0."
"28-07-2026 09:23:37","7000","Information","Microsoft-Windows-DeviceGuard","Device Guard successfully processed the Group Policy: Virtualization Based Security  = Enabled,  Secure Boot = On, DMA Protection = On,  Virtualization Based Code Integrity = Disabled, Credential Guard = Enabled, Machine Identity Isolation = Disabled, Kernel-mode Hardware-enforced Stack Protection = Not configured, Reboot required = No, Status = 0x0."
"28-07-2026 04:09:55","7000","Information","Microsoft-Windows-DeviceGuard","Device Guard successfully processed the Group Policy: Virtualization Based Security  = Enabled,  Secure Boot = On, DMA Protection = On,  Virtualization Based Code Integrity = Disabled, Credential Guard = Enabled, Machine Identity Isolation = Disabled, Kernel-mode Hardware-enforced Stack Protection = Not configured, Reboot required = No, Status = 0x0."
"28-07-2026 04:09:55","7000","Information","Microsoft-Windows-DeviceGuard","Device Guard successfully processed the Group Policy: Virtualization Based Security  = Enabled,  Secure Boot = On, DMA Protection = On,  Virtualization Based Code Integrity = Disabled, Credential Guard = Enabled, Machine Identity Isolation = Disabled, Kernel-mode Hardware-enforced Stack Protection = Not configured, Reboot required = No, Status = 0x0."
"27-07-2026 17:46:03","7000","Information","Microsoft-Windows-DeviceGuard","Device Guard successfully processed the Group Policy: Virtualization Based Security  = Enabled,  Secure Boot = On, DMA Protection = On,  Virtualization Based Code Integrity = Disabled, Credential Guard = Enabled, Machine Identity Isolation = Disabled, Kernel-mode Hardware-enforced Stack Protection = Not configured, Reboot required = No, Status = 0x0."
"27-07-2026 17:46:03","7000","Information","Microsoft-Windows-DeviceGuard","Device Guard successfully processed the Group Policy: Virtualization Based Security  = Enabled,  Secure Boot = On, DMA Protection = On,  Virtualization Based Code Integrity = Disabled, Credential Guard = Enabled, Machine Identity Isolation = Disabled, Kernel-mode Hardware-enforced Stack Protection = Not configured, Reboot required = No, Status = 0x0."
"27-07-2026 13:56:03","7000","Information","Microsoft-Windows-DeviceGuard","Device Guard successfully processed the Group Policy: Virtualization Based Security  = Enabled,  Secure Boot = On, DMA Protection = On,  Virtualization Based Code Integrity = Disabled, Credential Guard = Enabled, Machine Identity Isolation = Disabled, Kernel-mode Hardware-enforced Stack Protection = Not configured, Reboot required = No, Status = 0x0."
"27-07-2026 13:56:03","7000","Information","Microsoft-Windows-DeviceGuard","Device Guard successfully processed the Group Policy: Virtualization Based Security  = Enabled,  Secure Boot = On, DMA Protection = On,  Virtualization Based Code Integrity = Disabled, Credential Guard = Enabled, Machine Identity Isolation = Disabled, Kernel-mode Hardware-enforced Stack Protection = Not configured, Reboot required = No, Status = 0x0."
"27-07-2026 13:12:38","7000","Information","Microsoft-Windows-DeviceGuard","Device Guard successfully processed the Group Policy: Virtualization Based Security  = Enabled,  Secure Boot = On, DMA Protection = On,  Virtualization Based Code Integrity = Disabled, Credential Guard = Enabled, Machine Identity Isolation = Disabled, Kernel-mode Hardware-enforced Stack Protection = Not configured, Reboot required = No, Status = 0x0."
"27-07-2026 13:12:38","7000","Information","Microsoft-Windows-DeviceGuard","Device Guard successfully processed the Group Policy: Virtualization Based Security  = Enabled,  Secure Boot = On, DMA Protection = On,  Virtualization Based Code Integrity = Disabled, Credential Guard = Enabled, Machine Identity Isolation = Disabled, Kernel-mode Hardware-enforced Stack Protection = Not configured, Reboot required = No, Status = 0x0."
"27-07-2026 13:12:38","7000","Information","Microsoft-Windows-DeviceGuard","Device Guard successfully processed the Group Policy: Virtualization Based Security  = Enabled,  Secure Boot = On, DMA Protection = On,  Virtualization Based Code Integrity = Disabled, Credential Guard = Enabled, Machine Identity Isolation = Disabled, Kernel-mode Hardware-enforced Stack Protection = Not configured, Reboot required = No, Status = 0x0."
"27-07-2026 13:12:34","7000","Information","Microsoft-Windows-DeviceGuard","Device Guard successfully processed the Group Policy: Virtualization Based Security  = Enabled,  Secure Boot = On, DMA Protection = On,  Virtualization Based Code Integrity = Disabled, Credential Guard = Enabled, Machine Identity Isolation = Disabled, Kernel-mode Hardware-enforced Stack Protection = Not configured, Reboot required = No, Status = 0x0."
"27-07-2026 13:12:34","7000","Information","Microsoft-Windows-DeviceGuard","Device Guard successfully processed the Group Policy: Virtualization Based Security  = Enabled,  Secure Boot = On, DMA Protection = On,  Virtualization Based Code Integrity = Disabled, Credential Guard = Enabled, Machine Identity Isolation = Disabled, Kernel-mode Hardware-enforced Stack Protection = Not configured, Reboot required = No, Status = 0x0."
"27-07-2026 13:12:33","7000","Information","Microsoft-Windows-DeviceGuard","Device Guard successfully processed the Group Policy: Virtualization Based Security  = Enabled,  Secure Boot = On, DMA Protection = On,  Virtualization Based Code Integrity = Disabled, Credential Guard = Enabled, Machine Identity Isolation = Disabled, Kernel-mode Hardware-enforced Stack Protection = Not configured, Reboot required = No, Status = 0x0."
"27-07-2026 13:11:46","7000","Information","Microsoft-Windows-DeviceGuard","Device Guard successfully processed the Group Policy: Virtualization Based Security  = Enabled,  Secure Boot = On, DMA Protection = On,  Virtualization Based Code Integrity = Disabled, Credential Guard = Enabled, Machine Identity Isolation = Disabled, Kernel-mode Hardware-enforced Stack Protection = Not configured, Reboot required = No, Status = 0x0."
"27-07-2026 13:11:46","7000","Information","Microsoft-Windows-DeviceGuard","Device Guard successfully processed the Group Policy: Virtualization Based Security  = Enabled,  Secure Boot = On, DMA Protection = On,  Virtualization Based Code Integrity = Disabled, Credential Guard = Enabled, Machine Identity Isolation = Disabled, Kernel-mode Hardware-enforced Stack Protection = Not configured, Reboot required = No, Status = 0x0."
"27-07-2026 13:11:46","7000","Information","Microsoft-Windows-DeviceGuard","Device Guard successfully processed the Group Policy: Virtualization Based Security  = Enabled,  Secure Boot = On, DMA Protection = On,  Virtualization Based Code Integrity = Disabled, Credential Guard = Enabled, Machine Identity Isolation = Disabled, Kernel-mode Hardware-enforced Stack Protection = Not configured, Reboot required = No, Status = 0x0."
"27-07-2026 13:11:42","7000","Information","Microsoft-Windows-DeviceGuard","Device Guard successfully processed the Group Policy: Virtualization Based Security  = Enabled,  Secure Boot = On, DMA Protection = On,  Virtualization Based Code Integrity = Disabled, Credential Guard = Enabled, Machine Identity Isolation = Disabled, Kernel-mode Hardware-enforced Stack Protection = Not configured, Reboot required = No, Status = 0x0."
"27-07-2026 13:11:42","7000","Information","Microsoft-Windows-DeviceGuard","Device Guard successfully processed the Group Policy: Virtualization Based Security  = Enabled,  Secure Boot = On, DMA Protection = On,  Virtualization Based Code Integrity = Disabled, Credential Guard = Enabled, Machine Identity Isolation = Disabled, Kernel-mode Hardware-enforced Stack Protection = Not configured, Reboot required = No, Status = 0x0."
"27-07-2026 13:11:42","7000","Information","Microsoft-Windows-DeviceGuard","Device Guard successfully processed the Group Policy: Virtualization Based Security  = Enabled,  Secure Boot = On, DMA Protection = On,  Virtualization Based Code Integrity = Disabled, Credential Guard = Enabled, Machine Identity Isolation = Disabled, Kernel-mode Hardware-enforced Stack Protection = Not configured, Reboot required = No, Status = 0x0."
"27-07-2026 13:11:02","7000","Information","Microsoft-Windows-DeviceGuard","Device Guard successfully processed the Group Policy: Virtualization Based Security  = Enabled,  Secure Boot = On, DMA Protection = On,  Virtualization Based Code Integrity = Disabled, Credential Guard = Enabled, Machine Identity Isolation = Disabled, Kernel-mode Hardware-enforced Stack Protection = Not configured, Reboot required = No, Status = 0x0."
"27-07-2026 13:11:02","7000","Information","Microsoft-Windows-DeviceGuard","Device Guard successfully processed the Group Policy: Virtualization Based Security  = Enabled,  Secure Boot = On, DMA Protection = On,  Virtualization Based Code Integrity = Disabled, Credential Guard = Enabled, Machine Identity Isolation = Disabled, Kernel-mode Hardware-enforced Stack Protection = Not configured, Reboot required = No, Status = 0x0."
"27-07-2026 11:54:50","7000","Information","Microsoft-Windows-DeviceGuard","Device Guard successfully processed the Group Policy: Virtualization Based Security  = Enabled,  Secure Boot = On, DMA Protection = On,  Virtualization Based Code Integrity = Disabled, Credential Guard = Enabled, Machine Identity Isolation = Disabled, Kernel-mode Hardware-enforced Stack Protection = Not configured, Reboot required = No, Status = 0x0."
"27-07-2026 11:54:50","7000","Information","Microsoft-Windows-DeviceGuard","Device Guard successfully processed the Group Policy: Virtualization Based Security  = Enabled,  Secure Boot = On, DMA Protection = On,  Virtualization Based Code Integrity = Disabled, Credential Guard = Enabled, Machine Identity Isolation = Disabled, Kernel-mode Hardware-enforced Stack Protection = Not configured, Reboot required = No, Status = 0x0."
"27-07-2026 11:54:50","7000","Information","Microsoft-Windows-DeviceGuard","Device Guard successfully processed the Group Policy: Virtualization Based Security  = Enabled,  Secure Boot = On, DMA Protection = On,  Virtualization Based Code Integrity = Disabled, Credential Guard = Enabled, Machine Identity Isolation = Disabled, Kernel-mode Hardware-enforced Stack Protection = Not configured, Reboot required = No, Status = 0x0."
"27-07-2026 11:54:47","7000","Information","Microsoft-Windows-DeviceGuard","Device Guard successfully processed the Group Policy: Virtualization Based Security  = Enabled,  Secure Boot = On, DMA Protection = On,  Virtualization Based Code Integrity = Disabled, Credential Guard = Enabled, Machine Identity Isolation = Disabled, Kernel-mode Hardware-enforced Stack Protection = Not configured, Reboot required = No, Status = 0x0."
"27-07-2026 11:54:47","7000","Information","Microsoft-Windows-DeviceGuard","Device Guard successfully processed the Group Policy: Virtualization Based Security  = Enabled,  Secure Boot = On, DMA Protection = On,  Virtualization Based Code Integrity = Disabled, Credential Guard = Enabled, Machine Identity Isolation = Disabled, Kernel-mode Hardware-enforced Stack Protection = Not configured, Reboot required = No, Status = 0x0."
"27-07-2026 11:54:47","7000","Information","Microsoft-Windows-DeviceGuard","Device Guard successfully processed the Group Policy: Virtualization Based Security  = Enabled,  Secure Boot = On, DMA Protection = On,  Virtualization Based Code Integrity = Disabled, Credential Guard = Enabled, Machine Identity Isolation = Disabled, Kernel-mode Hardware-enforced Stack Protection = Not configured, Reboot required = No, Status = 0x0."
"27-07-2026 11:54:19","7000","Information","Microsoft-Windows-DeviceGuard","Device Guard successfully processed the Group Policy: Virtualization Based Security  = Enabled,  Secure Boot = On, DMA Protection = On,  Virtualization Based Code Integrity = Disabled, Credential Guard = Enabled, Machine Identity Isolation = Disabled, Kernel-mode Hardware-enforced Stack Protection = Not configured, Reboot required = No, Status = 0x0."
"27-07-2026 11:54:19","7000","Information","Microsoft-Windows-DeviceGuard","Device Guard successfully processed the Group Policy: Virtualization Based Security  = Enabled,  Secure Boot = On, DMA Protection = On,  Virtualization Based Code Integrity = Disabled, Credential Guard = Enabled, Machine Identity Isolation = Disabled, Kernel-mode Hardware-enforced Stack Protection = Not configured, Reboot required = No, Status = 0x0."
"27-07-2026 11:54:19","7000","Information","Microsoft-Windows-DeviceGuard","Device Guard successfully processed the Group Policy: Virtualization Based Security  = Enabled,  Secure Boot = On, DMA Protection = On,  Virtualization Based Code Integrity = Disabled, Credential Guard = Enabled, Machine Identity Isolation = Disabled, Kernel-mode Hardware-enforced Stack Protection = Not configured, Reboot required = No, Status = 0x0."
"27-07-2026 11:54:15","7000","Information","Microsoft-Windows-DeviceGuard","Device Guard successfully processed the Group Policy: Virtualization Based Security  = Enabled,  Secure Boot = On, DMA Protection = On,  Virtualization Based Code Integrity = Disabled, Credential Guard = Enabled, Machine Identity Isolation = Disabled, Kernel-mode Hardware-enforced Stack Protection = Not configured, Reboot required = No, Status = 0x0."
"27-07-2026 11:54:15","7000","Information","Microsoft-Windows-DeviceGuard","Device Guard successfully processed the Group Policy: Virtualization Based Security  = Enabled,  Secure Boot = On, DMA Protection = On,  Virtualization Based Code Integrity = Disabled, Credential Guard = Enabled, Machine Identity Isolation = Disabled, Kernel-mode Hardware-enforced Stack Protection = Not configured, Reboot required = No, Status = 0x0."
"27-07-2026 11:54:15","7000","Information","Microsoft-Windows-DeviceGuard","Device Guard successfully processed the Group Policy: Virtualization Based Security  = Enabled,  Secure Boot = On, DMA Protection = On,  Virtualization Based Code Integrity = Disabled, Credential Guard = Enabled, Machine Identity Isolation = Disabled, Kernel-mode Hardware-enforced Stack Protection = Not configured, Reboot required = No, Status = 0x0."
"27-07-2026 11:52:48","7000","Information","Microsoft-Windows-DeviceGuard","Device Guard successfully processed the Group Policy: Virtualization Based Security  = Enabled,  Secure Boot = On, DMA Protection = On,  Virtualization Based Code Integrity = Disabled, Credential Guard = Enabled, Machine Identity Isolation = Disabled, Kernel-mode Hardware-enforced Stack Protection = Not configured, Reboot required = No, Status = 0x0."
"27-07-2026 11:52:48","7000","Information","Microsoft-Windows-DeviceGuard","Device Guard successfully processed the Group Policy: Virtualization Based Security  = Enabled,  Secure Boot = On, DMA Protection = On,  Virtualization Based Code Integrity = Disabled, Credential Guard = Enabled, Machine Identity Isolation = Disabled, Kernel-mode Hardware-enforced Stack Protection = Not configured, Reboot required = No, Status = 0x0."
"27-07-2026 11:52:48","7000","Information","Microsoft-Windows-DeviceGuard","Device Guard successfully processed the Group Policy: Virtualization Based Security  = Enabled,  Secure Boot = On, DMA Protection = On,  Virtualization Based Code Integrity = Disabled, Credential Guard = Enabled, Machine Identity Isolation = Disabled, Kernel-mode Hardware-enforced Stack Protection = Not configured, Reboot required = No, Status = 0x0."
"27-07-2026 11:52:43","7000","Information","Microsoft-Windows-DeviceGuard","Device Guard successfully processed the Group Policy: Virtualization Based Security  = Enabled,  Secure Boot = On, DMA Protection = On,  Virtualization Based Code Integrity = Disabled, Credential Guard = Enabled, Machine Identity Isolation = Disabled, Kernel-mode Hardware-enforced Stack Protection = Not configured, Reboot required = No, Status = 0x0."
"27-07-2026 11:52:43","7000","Information","Microsoft-Windows-DeviceGuard","Device Guard successfully processed the Group Policy: Virtualization Based Security  = Enabled,  Secure Boot = On, DMA Protection = On,  Virtualization Based Code Integrity = Disabled, Credential Guard = Enabled, Machine Identity Isolation = Disabled, Kernel-mode Hardware-enforced Stack Protection = Not configured, Reboot required = No, Status = 0x0."
"27-07-2026 11:52:43","7000","Information","Microsoft-Windows-DeviceGuard","Device Guard successfully processed the Group Policy: Virtualization Based Security  = Enabled,  Secure Boot = On, DMA Protection = On,  Virtualization Based Code Integrity = Disabled, Credential Guard = Enabled, Machine Identity Isolation = Disabled, Kernel-mode Hardware-enforced Stack Protection = Not configured, Reboot required = No, Status = 0x0."
"27-07-2026 11:51:55","7000","Information","Microsoft-Windows-DeviceGuard","Device Guard successfully processed the Group Policy: Virtualization Based Security  = Enabled,  Secure Boot = On, DMA Protection = On,  Virtualization Based Code Integrity = Disabled, Credential Guard = Enabled, Machine Identity Isolation = Disabled, Kernel-mode Hardware-enforced Stack Protection = Not configured, Reboot required = No, Status = 0x0."
"27-07-2026 11:51:55","7000","Information","Microsoft-Windows-DeviceGuard","Device Guard successfully processed the Group Policy: Virtualization Based Security  = Enabled,  Secure Boot = On, DMA Protection = On,  Virtualization Based Code Integrity = Disabled, Credential Guard = Enabled, Machine Identity Isolation = Disabled, Kernel-mode Hardware-enforced Stack Protection = Not configured, Reboot required = No, Status = 0x0."
"27-07-2026 11:51:55","7000","Information","Microsoft-Windows-DeviceGuard","Device Guard successfully processed the Group Policy: Virtualization Based Security  = Enabled,  Secure Boot = On, DMA Protection = On,  Virtualization Based Code Integrity = Disabled, Credential Guard = Enabled, Machine Identity Isolation = Disabled, Kernel-mode Hardware-enforced Stack Protection = Not configured, Reboot required = No, Status = 0x0."
"27-07-2026 11:51:48","7000","Information","Microsoft-Windows-DeviceGuard","Device Guard successfully processed the Group Policy: Virtualization Based Security  = Enabled,  Secure Boot = On, DMA Protection = On,  Virtualization Based Code Integrity = Disabled, Credential Guard = Enabled, Machine Identity Isolation = Disabled, Kernel-mode Hardware-enforced Stack Protection = Not configured, Reboot required = No, Status = 0x0."
"27-07-2026 11:51:48","7000","Information","Microsoft-Windows-DeviceGuard","Device Guard successfully processed the Group Policy: Virtualization Based Security  = Enabled,  Secure Boot = On, DMA Protection = On,  Virtualization Based Code Integrity = Disabled, Credential Guard = Enabled, Machine Identity Isolation = Disabled, Kernel-mode Hardware-enforced Stack Protection = Not configured, Reboot required = No, Status = 0x0."
"27-07-2026 11:51:48","7000","Information","Microsoft-Windows-DeviceGuard","Device Guard successfully processed the Group Policy: Virtualization Based Security  = Enabled,  Secure Boot = On, DMA Protection = On,  Virtualization Based Code Integrity = Disabled, Credential Guard = Enabled, Machine Identity Isolation = Disabled, Kernel-mode Hardware-enforced Stack Protection = Not configured, Reboot required = No, Status = 0x0."
"27-07-2026 11:50:02","7000","Information","Microsoft-Windows-DeviceGuard","Device Guard successfully processed the Group Policy: Virtualization Based Security  = Enabled,  Secure Boot = On, DMA Protection = On,  Virtualization Based Code Integrity = Disabled, Credential Guard = Enabled, Machine Identity Isolation = Disabled, Kernel-mode Hardware-enforced Stack Protection = Not configured, Reboot required = No, Status = 0x0."
"27-07-2026 11:50:02","7000","Information","Microsoft-Windows-DeviceGuard","Device Guard successfully processed the Group Policy: Virtualization Based Security  = Enabled,  Secure Boot = On, DMA Protection = On,  Virtualization Based Code Integrity = Disabled, Credential Guard = Enabled, Machine Identity Isolation = Disabled, Kernel-mode Hardware-enforced Stack Protection = Not configured, Reboot required = No, Status = 0x0."
"27-07-2026 10:06:02","7000","Information","Microsoft-Windows-DeviceGuard","Device Guard successfully processed the Group Policy: Virtualization Based Security  = Enabled,  Secure Boot = On, DMA Protection = On,  Virtualization Based Code Integrity = Disabled, Credential Guard = Enabled, Machine Identity Isolation = Disabled, Kernel-mode Hardware-enforced Stack Protection = Not configured, Reboot required = No, Status = 0x0."
"27-07-2026 10:06:02","7000","Information","Microsoft-Windows-DeviceGuard","Device Guard successfully processed the Group Policy: Virtualization Based Security  = Enabled,  Secure Boot = On, DMA Protection = On,  Virtualization Based Code Integrity = Disabled, Credential Guard = Enabled, Machine Identity Isolation = Disabled, Kernel-mode Hardware-enforced Stack Protection = Not configured, Reboot required = No, Status = 0x0."
"27-07-2026 09:44:50","7000","Information","Microsoft-Windows-DeviceGuard","Device Guard successfully processed the Group Policy: Virtualization Based Security  = Enabled,  Secure Boot = On, DMA Protection = On,  Virtualization Based Code Integrity = Disabled, Credential Guard = Enabled, Machine Identity Isolation = Disabled, Kernel-mode Hardware-enforced Stack Protection = Not configured, Reboot required = No, Status = 0x0."
"27-07-2026 09:44:50","7000","Information","Microsoft-Windows-DeviceGuard","Device Guard successfully processed the Group Policy: Virtualization Based Security  = Enabled,  Secure Boot = On, DMA Protection = On,  Virtualization Based Code Integrity = Disabled, Credential Guard = Enabled, Machine Identity Isolation = Disabled, Kernel-mode Hardware-enforced Stack Protection = Not configured, Reboot required = No, Status = 0x0."
"27-07-2026 09:35:03","7000","Information","Microsoft-Windows-DeviceGuard","Device Guard successfully processed the Group Policy: Virtualization Based Security  = Enabled,  Secure Boot = On, DMA Protection = On,  Virtualization Based Code Integrity = Disabled, Credential Guard = Enabled, Machine Identity Isolation = Disabled, Kernel-mode Hardware-enforced Stack Protection = Not configured, Reboot required = No, Status = 0x0."
"27-07-2026 09:35:03","7000","Information","Microsoft-Windows-DeviceGuard","Device Guard successfully processed the Group Policy: Virtualization Based Security  = Enabled,  Secure Boot = On, DMA Protection = On,  Virtualization Based Code Integrity = Disabled, Credential Guard = Enabled, Machine Identity Isolation = Disabled, Kernel-mode Hardware-enforced Stack Protection = Not configured, Reboot required = No, Status = 0x0."
"27-07-2026 09:35:03","7000","Information","Microsoft-Windows-DeviceGuard","Device Guard successfully processed the Group Policy: Virtualization Based Security  = Enabled,  Secure Boot = On, DMA Protection = On,  Virtualization Based Code Integrity = Disabled, Credential Guard = Enabled, Machine Identity Isolation = Disabled, Kernel-mode Hardware-enforced Stack Protection = Not configured, Reboot required = No, Status = 0x0."
"27-07-2026 09:35:01","7000","Information","Microsoft-Windows-DeviceGuard","Device Guard successfully processed the Group Policy: Virtualization Based Security  = Enabled,  Secure Boot = On, DMA Protection = On,  Virtualization Based Code Integrity = Disabled, Credential Guard = Enabled, Machine Identity Isolation = Disabled, Kernel-mode Hardware-enforced Stack Protection = Not configured, Reboot required = No, Status = 0x0."
"27-07-2026 09:35:01","7000","Information","Microsoft-Windows-DeviceGuard","Device Guard successfully processed the Group Policy: Virtualization Based Security  = Enabled,  Secure Boot = On, DMA Protection = On,  Virtualization Based Code Integrity = Disabled, Credential Guard = Enabled, Machine Identity Isolation = Disabled, Kernel-mode Hardware-enforced Stack Protection = Not configured, Reboot required = No, Status = 0x0."
"27-07-2026 09:35:01","7000","Information","Microsoft-Windows-DeviceGuard","Device Guard successfully processed the Group Policy: Virtualization Based Security  = Enabled,  Secure Boot = On, DMA Protection = On,  Virtualization Based Code Integrity = Disabled, Credential Guard = Enabled, Machine Identity Isolation = Disabled, Kernel-mode Hardware-enforced Stack Protection = Not configured, Reboot required = No, Status = 0x0."
"27-07-2026 09:22:59","7000","Information","Microsoft-Windows-DeviceGuard","Device Guard successfully processed the Group Policy: Virtualization Based Security  = Enabled,  Secure Boot = On, DMA Protection = On,  Virtualization Based Code Integrity = Disabled, Credential Guard = Enabled, Machine Identity Isolation = Disabled, Kernel-mode Hardware-enforced Stack Protection = Not configured, Reboot required = No, Status = 0x0."
"27-07-2026 09:22:59","7000","Information","Microsoft-Windows-DeviceGuard","Device Guard successfully processed the Group Policy: Virtualization Based Security  = Enabled,  Secure Boot = On, DMA Protection = On,  Virtualization Based Code Integrity = Disabled, Credential Guard = Enabled, Machine Identity Isolation = Disabled, Kernel-mode Hardware-enforced Stack Protection = Not configured, Reboot required = No, Status = 0x0."
"27-07-2026 09:22:59","7000","Information","Microsoft-Windows-DeviceGuard","Device Guard successfully processed the Group Policy: Virtualization Based Security  = Enabled,  Secure Boot = On, DMA Protection = On,  Virtualization Based Code Integrity = Disabled, Credential Guard = Enabled, Machine Identity Isolation = Disabled, Kernel-mode Hardware-enforced Stack Protection = Not configured, Reboot required = No, Status = 0x0."
"27-07-2026 09:22:57","7000","Information","Microsoft-Windows-DeviceGuard","Device Guard successfully processed the Group Policy: Virtualization Based Security  = Enabled,  Secure Boot = On, DMA Protection = On,  Virtualization Based Code Integrity = Disabled, Credential Guard = Enabled, Machine Identity Isolation = Disabled, Kernel-mode Hardware-enforced Stack Protection = Not configured, Reboot required = No, Status = 0x0."
"27-07-2026 09:22:56","7000","Information","Microsoft-Windows-DeviceGuard","Device Guard successfully processed the Group Policy: Virtualization Based Security  = Enabled,  Secure Boot = On, DMA Protection = On,  Virtualization Based Code Integrity = Disabled, Credential Guard = Enabled, Machine Identity Isolation = Disabled, Kernel-mode Hardware-enforced Stack Protection = Not configured, Reboot required = No, Status = 0x0."
"27-07-2026 09:22:56","7000","Information","Microsoft-Windows-DeviceGuard","Device Guard successfully processed the Group Policy: Virtualization Based Security  = Enabled,  Secure Boot = On, DMA Protection = On,  Virtualization Based Code Integrity = Disabled, Credential Guard = Enabled, Machine Identity Isolation = Disabled, Kernel-mode Hardware-enforced Stack Protection = Not configured, Reboot required = No, Status = 0x0."
"27-07-2026 09:22:24","7000","Information","Microsoft-Windows-DeviceGuard","Device Guard successfully processed the Group Policy: Virtualization Based Security  = Enabled,  Secure Boot = On, DMA Protection = On,  Virtualization Based Code Integrity = Disabled, Credential Guard = Enabled, Machine Identity Isolation = Disabled, Kernel-mode Hardware-enforced Stack Protection = Not configured, Reboot required = No, Status = 0x0."
"27-07-2026 09:22:24","7000","Information","Microsoft-Windows-DeviceGuard","Device Guard successfully processed the Group Policy: Virtualization Based Security  = Enabled,  Secure Boot = On, DMA Protection = On,  Virtualization Based Code Integrity = Disabled, Credential Guard = Enabled, Machine Identity Isolation = Disabled, Kernel-mode Hardware-enforced Stack Protection = Not configured, Reboot required = No, Status = 0x0."
"27-07-2026 09:22:23","7000","Information","Microsoft-Windows-DeviceGuard","Device Guard successfully processed the Group Policy: Virtualization Based Security  = Enabled,  Secure Boot = On, DMA Protection = On,  Virtualization Based Code Integrity = Disabled, Credential Guard = Enabled, Machine Identity Isolation = Disabled, Kernel-mode Hardware-enforced Stack Protection = Not configured, Reboot required = No, Status = 0x0."
"27-07-2026 09:22:21","7000","Information","Microsoft-Windows-DeviceGuard","Device Guard successfully processed the Group Policy: Virtualization Based Security  = Enabled,  Secure Boot = On, DMA Protection = On,  Virtualization Based Code Integrity = Disabled, Credential Guard = Enabled, Machine Identity Isolation = Disabled, Kernel-mode Hardware-enforced Stack Protection = Not configured, Reboot required = No, Status = 0x0."
"27-07-2026 09:22:21","7000","Information","Microsoft-Windows-DeviceGuard","Device Guard successfully processed the Group Policy: Virtualization Based Security  = Enabled,  Secure Boot = On, DMA Protection = On,  Virtualization Based Code Integrity = Disabled, Credential Guard = Enabled, Machine Identity Isolation = Disabled, Kernel-mode Hardware-enforced Stack Protection = Not configured, Reboot required = No, Status = 0x0."
"27-07-2026 09:22:21","7000","Information","Microsoft-Windows-DeviceGuard","Device Guard successfully processed the Group Policy: Virtualization Based Security  = Enabled,  Secure Boot = On, DMA Protection = On,  Virtualization Based Code Integrity = Disabled, Credential Guard = Enabled, Machine Identity Isolation = Disabled, Kernel-mode Hardware-enforced Stack Protection = Not configured, Reboot required = No, Status = 0x0."
"27-07-2026 09:21:54","7000","Information","Microsoft-Windows-DeviceGuard","Device Guard successfully processed the Group Policy: Virtualization Based Security  = Enabled,  Secure Boot = On, DMA Protection = On,  Virtualization Based Code Integrity = Disabled, Credential Guard = Enabled, Machine Identity Isolation = Disabled, Kernel-mode Hardware-enforced Stack Protection = Not configured, Reboot required = No, Status = 0x0."
"27-07-2026 09:21:54","7000","Information","Microsoft-Windows-DeviceGuard","Device Guard successfully processed the Group Policy: Virtualization Based Security  = Enabled,  Secure Boot = On, DMA Protection = On,  Virtualization Based Code Integrity = Disabled, Credential Guard = Enabled, Machine Identity Isolation = Disabled, Kernel-mode Hardware-enforced Stack Protection = Not configured, Reboot required = No, Status = 0x0."
"27-07-2026 09:21:54","7000","Information","Microsoft-Windows-DeviceGuard","Device Guard successfully processed the Group Policy: Virtualization Based Security  = Enabled,  Secure Boot = On, DMA Protection = On,  Virtualization Based Code Integrity = Disabled, Credential Guard = Enabled, Machine Identity Isolation = Disabled, Kernel-mode Hardware-enforced Stack Protection = Not configured, Reboot required = No, Status = 0x0."
"27-07-2026 09:21:52","7000","Information","Microsoft-Windows-DeviceGuard","Device Guard successfully processed the Group Policy: Virtualization Based Security  = Enabled,  Secure Boot = On, DMA Protection = On,  Virtualization Based Code Integrity = Disabled, Credential Guard = Enabled, Machine Identity Isolation = Disabled, Kernel-mode Hardware-enforced Stack Protection = Not configured, Reboot required = No, Status = 0x0."
"27-07-2026 09:21:52","7000","Information","Microsoft-Windows-DeviceGuard","Device Guard successfully processed the Group Policy: Virtualization Based Security  = Enabled,  Secure Boot = On, DMA Protection = On,  Virtualization Based Code Integrity = Disabled, Credential Guard = Enabled, Machine Identity Isolation = Disabled, Kernel-mode Hardware-enforced Stack Protection = Not configured, Reboot required = No, Status = 0x0."
"27-07-2026 09:21:52","7000","Information","Microsoft-Windows-DeviceGuard","Device Guard successfully processed the Group Policy: Virtualization Based Security  = Enabled,  Secure Boot = On, DMA Protection = On,  Virtualization Based Code Integrity = Disabled, Credential Guard = Enabled, Machine Identity Isolation = Disabled, Kernel-mode Hardware-enforced Stack Protection = Not configured, Reboot required = No, Status = 0x0."
"27-07-2026 09:21:16","7000","Information","Microsoft-Windows-DeviceGuard","Device Guard successfully processed the Group Policy: Virtualization Based Security  = Enabled,  Secure Boot = On, DMA Protection = On,  Virtualization Based Code Integrity = Disabled, Credential Guard = Enabled, Machine Identity Isolation = Disabled, Kernel-mode Hardware-enforced Stack Protection = Not configured, Reboot required = No, Status = 0x0."
"27-07-2026 09:21:16","7000","Information","Microsoft-Windows-DeviceGuard","Device Guard successfully processed the Group Policy: Virtualization Based Security  = Enabled,  Secure Boot = On, DMA Protection = On,  Virtualization Based Code Integrity = Disabled, Credential Guard = Enabled, Machine Identity Isolation = Disabled, Kernel-mode Hardware-enforced Stack Protection = Not configured, Reboot required = No, Status = 0x0."
"27-07-2026 09:21:16","7000","Information","Microsoft-Windows-DeviceGuard","Device Guard successfully processed the Group Policy: Virtualization Based Security  = Enabled,  Secure Boot = On, DMA Protection = On,  Virtualization Based Code Integrity = Disabled, Credential Guard = Enabled, Machine Identity Isolation = Disabled, Kernel-mode Hardware-enforced Stack Protection = Not configured, Reboot required = No, Status = 0x0."
"27-07-2026 09:21:14","7000","Information","Microsoft-Windows-DeviceGuard","Device Guard successfully processed the Group Policy: Virtualization Based Security  = Enabled,  Secure Boot = On, DMA Protection = On,  Virtualization Based Code Integrity = Disabled, Credential Guard = Enabled, Machine Identity Isolation = Disabled, Kernel-mode Hardware-enforced Stack Protection = Not configured, Reboot required = No, Status = 0x0."
"27-07-2026 09:21:14","7000","Information","Microsoft-Windows-DeviceGuard","Device Guard successfully processed the Group Policy: Virtualization Based Security  = Enabled,  Secure Boot = On, DMA Protection = On,  Virtualization Based Code Integrity = Disabled, Credential Guard = Enabled, Machine Identity Isolation = Disabled, Kernel-mode Hardware-enforced Stack Protection = Not configured, Reboot required = No, Status = 0x0."
"27-07-2026 09:21:14","7000","Information","Microsoft-Windows-DeviceGuard","Device Guard successfully processed the Group Policy: Virtualization Based Security  = Enabled,  Secure Boot = On, DMA Protection = On,  Virtualization Based Code Integrity = Disabled, Credential Guard = Enabled, Machine Identity Isolation = Disabled, Kernel-mode Hardware-enforced Stack Protection = Not configured, Reboot required = No, Status = 0x0."
"27-07-2026 09:20:34","7000","Information","Microsoft-Windows-DeviceGuard","Device Guard successfully processed the Group Policy: Virtualization Based Security  = Enabled,  Secure Boot = On, DMA Protection = On,  Virtualization Based Code Integrity = Disabled, Credential Guard = Enabled, Machine Identity Isolation = Disabled, Kernel-mode Hardware-enforced Stack Protection = Not configured, Reboot required = No, Status = 0x0."
"27-07-2026 09:20:34","7000","Information","Microsoft-Windows-DeviceGuard","Device Guard successfully processed the Group Policy: Virtualization Based Security  = Enabled,  Secure Boot = On, DMA Protection = On,  Virtualization Based Code Integrity = Disabled, Credential Guard = Enabled, Machine Identity Isolation = Disabled, Kernel-mode Hardware-enforced Stack Protection = Not configured, Reboot required = No, Status = 0x0."
"24-07-2026 16:56:01","7000","Information","Microsoft-Windows-DeviceGuard","Device Guard successfully processed the Group Policy: Virtualization Based Security  = Enabled,  Secure Boot = On, DMA Protection = On,  Virtualization Based Code Integrity = Disabled, Credential Guard = Enabled, Machine Identity Isolation = Disabled, Kernel-mode Hardware-enforced Stack Protection = Not configured, Reboot required = No, Status = 0x0."
"24-07-2026 16:56:01","7000","Information","Microsoft-Windows-DeviceGuard","Device Guard successfully processed the Group Policy: Virtualization Based Security  = Enabled,  Secure Boot = On, DMA Protection = On,  Virtualization Based Code Integrity = Disabled, Credential Guard = Enabled, Machine Identity Isolation = Disabled, Kernel-mode Hardware-enforced Stack Protection = Not configured, Reboot required = No, Status = 0x0."
"24-07-2026 13:11:01","7000","Information","Microsoft-Windows-DeviceGuard","Device Guard successfully processed the Group Policy: Virtualization Based Security  = Enabled,  Secure Boot = On, DMA Protection = On,  Virtualization Based Code Integrity = Disabled, Credential Guard = Enabled, Machine Identity Isolation = Disabled, Kernel-mode Hardware-enforced Stack Protection = Not configured, Reboot required = No, Status = 0x0."
"24-07-2026 13:11:01","7000","Information","Microsoft-Windows-DeviceGuard","Device Guard successfully processed the Group Policy: Virtualization Based Security  = Enabled,  Secure Boot = On, DMA Protection = On,  Virtualization Based Code Integrity = Disabled, Credential Guard = Enabled, Machine Identity Isolation = Disabled, Kernel-mode Hardware-enforced Stack Protection = Not configured, Reboot required = No, Status = 0x0."
"24-07-2026 13:06:02","7000","Information","Microsoft-Windows-DeviceGuard","Device Guard successfully processed the Group Policy: Virtualization Based Security  = Enabled,  Secure Boot = On, DMA Protection = On,  Virtualization Based Code Integrity = Disabled, Credential Guard = Enabled, Machine Identity Isolation = Disabled, Kernel-mode Hardware-enforced Stack Protection = Not configured, Reboot required = No, Status = 0x0."
"24-07-2026 13:06:02","7000","Information","Microsoft-Windows-DeviceGuard","Device Guard successfully processed the Group Policy: Virtualization Based Security  = Enabled,  Secure Boot = On, DMA Protection = On,  Virtualization Based Code Integrity = Disabled, Credential Guard = Enabled, Machine Identity Isolation = Disabled, Kernel-mode Hardware-enforced Stack Protection = Not configured, Reboot required = No, Status = 0x0."
"24-07-2026 09:37:43","7000","Information","Microsoft-Windows-DeviceGuard","Device Guard successfully processed the Group Policy: Virtualization Based Security  = Enabled,  Secure Boot = On, DMA Protection = On,  Virtualization Based Code Integrity = Disabled, Credential Guard = Enabled, Machine Identity Isolation = Disabled, Kernel-mode Hardware-enforced Stack Protection = Not configured, Reboot required = No, Status = 0x0."
"24-07-2026 09:37:43","7000","Information","Microsoft-Windows-DeviceGuard","Device Guard successfully processed the Group Policy: Virtualization Based Security  = Enabled,  Secure Boot = On, DMA Protection = On,  Virtualization Based Code Integrity = Disabled, Credential Guard = Enabled, Machine Identity Isolation = Disabled, Kernel-mode Hardware-enforced Stack Protection = Not configured, Reboot required = No, Status = 0x0."
"24-07-2026 09:37:43","7000","Information","Microsoft-Windows-DeviceGuard","Device Guard successfully processed the Group Policy: Virtualization Based Security  = Enabled,  Secure Boot = On, DMA Protection = On,  Virtualization Based Code Integrity = Disabled, Credential Guard = Enabled, Machine Identity Isolation = Disabled, Kernel-mode Hardware-enforced Stack Protection = Not configured, Reboot required = No, Status = 0x0."
"24-07-2026 09:37:41","7000","Information","Microsoft-Windows-DeviceGuard","Device Guard successfully processed the Group Policy: Virtualization Based Security  = Enabled,  Secure Boot = On, DMA Protection = On,  Virtualization Based Code Integrity = Disabled, Credential Guard = Enabled, Machine Identity Isolation = Disabled, Kernel-mode Hardware-enforced Stack Protection = Not configured, Reboot required = No, Status = 0x0."
"24-07-2026 09:37:41","7000","Information","Microsoft-Windows-DeviceGuard","Device Guard successfully processed the Group Policy: Virtualization Based Security  = Enabled,  Secure Boot = On, DMA Protection = On,  Virtualization Based Code Integrity = Disabled, Credential Guard = Enabled, Machine Identity Isolation = Disabled, Kernel-mode Hardware-enforced Stack Protection = Not configured, Reboot required = No, Status = 0x0."
"24-07-2026 09:37:41","7000","Information","Microsoft-Windows-DeviceGuard","Device Guard successfully processed the Group Policy: Virtualization Based Security  = Enabled,  Secure Boot = On, DMA Protection = On,  Virtualization Based Code Integrity = Disabled, Credential Guard = Enabled, Machine Identity Isolation = Disabled, Kernel-mode Hardware-enforced Stack Protection = Not configured, Reboot required = No, Status = 0x0."
"24-07-2026 09:37:11","7000","Information","Microsoft-Windows-DeviceGuard","Device Guard successfully processed the Group Policy: Virtualization Based Security  = Enabled,  Secure Boot = On, DMA Protection = On,  Virtualization Based Code Integrity = Disabled, Credential Guard = Enabled, Machine Identity Isolation = Disabled, Kernel-mode Hardware-enforced Stack Protection = Not configured, Reboot required = No, Status = 0x0."
"24-07-2026 09:37:11","7000","Information","Microsoft-Windows-DeviceGuard","Device Guard successfully processed the Group Policy: Virtualization Based Security  = Enabled,  Secure Boot = On, DMA Protection = On,  Virtualization Based Code Integrity = Disabled, Credential Guard = Enabled, Machine Identity Isolation = Disabled, Kernel-mode Hardware-enforced Stack Protection = Not configured, Reboot required = No, Status = 0x0."
"24-07-2026 09:37:11","7000","Information","Microsoft-Windows-DeviceGuard","Device Guard successfully processed the Group Policy: Virtualization Based Security  = Enabled,  Secure Boot = On, DMA Protection = On,  Virtualization Based Code Integrity = Disabled, Credential Guard = Enabled, Machine Identity Isolation = Disabled, Kernel-mode Hardware-enforced Stack Protection = Not configured, Reboot required = No, Status = 0x0."
"24-07-2026 09:37:08","7000","Information","Microsoft-Windows-DeviceGuard","Device Guard successfully processed the Group Policy: Virtualization Based Security  = Enabled,  Secure Boot = On, DMA Protection = On,  Virtualization Based Code Integrity = Disabled, Credential Guard = Enabled, Machine Identity Isolation = Disabled, Kernel-mode Hardware-enforced Stack Protection = Not configured, Reboot required = No, Status = 0x0."
"24-07-2026 09:37:08","7000","Information","Microsoft-Windows-DeviceGuard","Device Guard successfully processed the Group Policy: Virtualization Based Security  = Enabled,  Secure Boot = On, DMA Protection = On,  Virtualization Based Code Integrity = Disabled, Credential Guard = Enabled, Machine Identity Isolation = Disabled, Kernel-mode Hardware-enforced Stack Protection = Not configured, Reboot required = No, Status = 0x0."
"24-07-2026 09:37:08","7000","Information","Microsoft-Windows-DeviceGuard","Device Guard successfully processed the Group Policy: Virtualization Based Security  = Enabled,  Secure Boot = On, DMA Protection = On,  Virtualization Based Code Integrity = Disabled, Credential Guard = Enabled, Machine Identity Isolation = Disabled, Kernel-mode Hardware-enforced Stack Protection = Not configured, Reboot required = No, Status = 0x0."
"24-07-2026 09:36:40","7000","Information","Microsoft-Windows-DeviceGuard","Device Guard successfully processed the Group Policy: Virtualization Based Security  = Enabled,  Secure Boot = On, DMA Protection = On,  Virtualization Based Code Integrity = Disabled, Credential Guard = Enabled, Machine Identity Isolation = Disabled, Kernel-mode Hardware-enforced Stack Protection = Not configured, Reboot required = No, Status = 0x0."
"24-07-2026 09:36:40","7000","Information","Microsoft-Windows-DeviceGuard","Device Guard successfully processed the Group Policy: Virtualization Based Security  = Enabled,  Secure Boot = On, DMA Protection = On,  Virtualization Based Code Integrity = Disabled, Credential Guard = Enabled, Machine Identity Isolation = Disabled, Kernel-mode Hardware-enforced Stack Protection = Not configured, Reboot required = No, Status = 0x0."
"24-07-2026 09:36:40","7000","Information","Microsoft-Windows-DeviceGuard","Device Guard successfully processed the Group Policy: Virtualization Based Security  = Enabled,  Secure Boot = On, DMA Protection = On,  Virtualization Based Code Integrity = Disabled, Credential Guard = Enabled, Machine Identity Isolation = Disabled, Kernel-mode Hardware-enforced Stack Protection = Not configured, Reboot required = No, Status = 0x0."
"24-07-2026 09:36:38","7000","Information","Microsoft-Windows-DeviceGuard","Device Guard successfully processed the Group Policy: Virtualization Based Security  = Enabled,  Secure Boot = On, DMA Protection = On,  Virtualization Based Code Integrity = Disabled, Credential Guard = Enabled, Machine Identity Isolation = Disabled, Kernel-mode Hardware-enforced Stack Protection = Not configured, Reboot required = No, Status = 0x0."
"24-07-2026 09:36:38","7000","Information","Microsoft-Windows-DeviceGuard","Device Guard successfully processed the Group Policy: Virtualization Based Security  = Enabled,  Secure Boot = On, DMA Protection = On,  Virtualization Based Code Integrity = Disabled, Credential Guard = Enabled, Machine Identity Isolation = Disabled, Kernel-mode Hardware-enforced Stack Protection = Not configured, Reboot required = No, Status = 0x0."
"24-07-2026 09:36:38","7000","Information","Microsoft-Windows-DeviceGuard","Device Guard successfully processed the Group Policy: Virtualization Based Security  = Enabled,  Secure Boot = On, DMA Protection = On,  Virtualization Based Code Integrity = Disabled, Credential Guard = Enabled, Machine Identity Isolation = Disabled, Kernel-mode Hardware-enforced Stack Protection = Not configured, Reboot required = No, Status = 0x0."
"24-07-2026 09:36:06","7000","Information","Microsoft-Windows-DeviceGuard","Device Guard successfully processed the Group Policy: Virtualization Based Security  = Enabled,  Secure Boot = On, DMA Protection = On,  Virtualization Based Code Integrity = Disabled, Credential Guard = Enabled, Machine Identity Isolation = Disabled, Kernel-mode Hardware-enforced Stack Protection = Not configured, Reboot required = No, Status = 0x0."
"24-07-2026 09:36:06","7000","Information","Microsoft-Windows-DeviceGuard","Device Guard successfully processed the Group Policy: Virtualization Based Security  = Enabled,  Secure Boot = On, DMA Protection = On,  Virtualization Based Code Integrity = Disabled, Credential Guard = Enabled, Machine Identity Isolation = Disabled, Kernel-mode Hardware-enforced Stack Protection = Not configured, Reboot required = No, Status = 0x0."
"24-07-2026 09:36:06","7000","Information","Microsoft-Windows-DeviceGuard","Device Guard successfully processed the Group Policy: Virtualization Based Security  = Enabled,  Secure Boot = On, DMA Protection = On,  Virtualization Based Code Integrity = Disabled, Credential Guard = Enabled, Machine Identity Isolation = Disabled, Kernel-mode Hardware-enforced Stack Protection = Not configured, Reboot required = No, Status = 0x0."
"24-07-2026 09:36:04","7000","Information","Microsoft-Windows-DeviceGuard","Device Guard successfully processed the Group Policy: Virtualization Based Security  = Enabled,  Secure Boot = On, DMA Protection = On,  Virtualization Based Code Integrity = Disabled, Credential Guard = Enabled, Machine Identity Isolation = Disabled, Kernel-mode Hardware-enforced Stack Protection = Not configured, Reboot required = No, Status = 0x0."
"24-07-2026 09:36:03","7000","Information","Microsoft-Windows-DeviceGuard","Device Guard successfully processed the Group Policy: Virtualization Based Security  = Enabled,  Secure Boot = On, DMA Protection = On,  Virtualization Based Code Integrity = Disabled, Credential Guard = Enabled, Machine Identity Isolation = Disabled, Kernel-mode Hardware-enforced Stack Protection = Not configured, Reboot required = No, Status = 0x0."
"24-07-2026 09:36:03","7000","Information","Microsoft-Windows-DeviceGuard","Device Guard successfully processed the Group Policy: Virtualization Based Security  = Enabled,  Secure Boot = On, DMA Protection = On,  Virtualization Based Code Integrity = Disabled, Credential Guard = Enabled, Machine Identity Isolation = Disabled, Kernel-mode Hardware-enforced Stack Protection = Not configured, Reboot required = No, Status = 0x0."
"24-07-2026 09:35:45","7000","Information","Microsoft-Windows-DeviceGuard","Device Guard successfully processed the Group Policy: Virtualization Based Security  = Enabled,  Secure Boot = On, DMA Protection = On,  Virtualization Based Code Integrity = Disabled, Credential Guard = Enabled, Machine Identity Isolation = Disabled, Kernel-mode Hardware-enforced Stack Protection = Not configured, Reboot required = No, Status = 0x0."
"24-07-2026 09:35:45","7000","Information","Microsoft-Windows-DeviceGuard","Device Guard successfully processed the Group Policy: Virtualization Based Security  = Enabled,  Secure Boot = On, DMA Protection = On,  Virtualization Based Code Integrity = Disabled, Credential Guard = Enabled, Machine Identity Isolation = Disabled, Kernel-mode Hardware-enforced Stack Protection = Not configured, Reboot required = No, Status = 0x0."
"24-07-2026 09:29:58","7000","Information","Microsoft-Windows-DeviceGuard","Device Guard successfully processed the Group Policy: Virtualization Based Security  = Enabled,  Secure Boot = On, DMA Protection = On,  Virtualization Based Code Integrity = Disabled, Credential Guard = Enabled, Machine Identity Isolation = Disabled, Kernel-mode Hardware-enforced Stack Protection = Not configured, Reboot required = No, Status = 0x0."
"24-07-2026 09:29:57","7000","Information","Microsoft-Windows-DeviceGuard","Device Guard successfully processed the Group Policy: Virtualization Based Security  = Enabled,  Secure Boot = On, DMA Protection = On,  Virtualization Based Code Integrity = Disabled, Credential Guard = Enabled, Machine Identity Isolation = Disabled, Kernel-mode Hardware-enforced Stack Protection = Not configured, Reboot required = No, Status = 0x0."
"23-07-2026 18:19:55","7000","Information","Microsoft-Windows-DeviceGuard","Device Guard successfully processed the Group Policy: Virtualization Based Security  = Enabled,  Secure Boot = On, DMA Protection = On,  Virtualization Based Code Integrity = Disabled, Credential Guard = Enabled, Machine Identity Isolation = Disabled, Kernel-mode Hardware-enforced Stack Protection = Not configured, Reboot required = No, Status = 0x0."
"23-07-2026 18:19:55","7000","Information","Microsoft-Windows-DeviceGuard","Device Guard successfully processed the Group Policy: Virtualization Based Security  = Enabled,  Secure Boot = On, DMA Protection = On,  Virtualization Based Code Integrity = Disabled, Credential Guard = Enabled, Machine Identity Isolation = Disabled, Kernel-mode Hardware-enforced Stack Protection = Not configured, Reboot required = No, Status = 0x0."
"23-07-2026 14:06:02","7000","Information","Microsoft-Windows-DeviceGuard","Device Guard successfully processed the Group Policy: Virtualization Based Security  = Enabled,  Secure Boot = On, DMA Protection = On,  Virtualization Based Code Integrity = Disabled, Credential Guard = Enabled, Machine Identity Isolation = Disabled, Kernel-mode Hardware-enforced Stack Protection = Not configured, Reboot required = No, Status = 0x0."
"23-07-2026 14:06:02","7000","Information","Microsoft-Windows-DeviceGuard","Device Guard successfully processed the Group Policy: Virtualization Based Security  = Enabled,  Secure Boot = On, DMA Protection = On,  Virtualization Based Code Integrity = Disabled, Credential Guard = Enabled, Machine Identity Isolation = Disabled, Kernel-mode Hardware-enforced Stack Protection = Not configured, Reboot required = No, Status = 0x0."
"23-07-2026 13:11:02","7000","Information","Microsoft-Windows-DeviceGuard","Device Guard successfully processed the Group Policy: Virtualization Based Security  = Enabled,  Secure Boot = On, DMA Protection = On,  Virtualization Based Code Integrity = Disabled, Credential Guard = Enabled, Machine Identity Isolation = Disabled, Kernel-mode Hardware-enforced Stack Protection = Not configured, Reboot required = No, Status = 0x0."
"23-07-2026 13:11:02","7000","Information","Microsoft-Windows-DeviceGuard","Device Guard successfully processed the Group Policy: Virtualization Based Security  = Enabled,  Secure Boot = On, DMA Protection = On,  Virtualization Based Code Integrity = Disabled, Credential Guard = Enabled, Machine Identity Isolation = Disabled, Kernel-mode Hardware-enforced Stack Protection = Not configured, Reboot required = No, Status = 0x0."
"23-07-2026 10:16:02","7000","Information","Microsoft-Windows-DeviceGuard","Device Guard successfully processed the Group Policy: Virtualization Based Security  = Enabled,  Secure Boot = On, DMA Protection = On,  Virtualization Based Code Integrity = Disabled, Credential Guard = Enabled, Machine Identity Isolation = Disabled, Kernel-mode Hardware-enforced Stack Protection = Not configured, Reboot required = No, Status = 0x0."
"23-07-2026 10:16:02","7000","Information","Microsoft-Windows-DeviceGuard","Device Guard successfully processed the Group Policy: Virtualization Based Security  = Enabled,  Secure Boot = On, DMA Protection = On,  Virtualization Based Code Integrity = Disabled, Credential Guard = Enabled, Machine Identity Isolation = Disabled, Kernel-mode Hardware-enforced Stack Protection = Not configured, Reboot required = No, Status = 0x0."
"23-07-2026 09:42:28","7000","Information","Microsoft-Windows-DeviceGuard","Device Guard successfully processed the Group Policy: Virtualization Based Security  = Enabled,  Secure Boot = On, DMA Protection = On,  Virtualization Based Code Integrity = Disabled, Credential Guard = Enabled, Machine Identity Isolation = Disabled, Kernel-mode Hardware-enforced Stack Protection = Not configured, Reboot required = No, Status = 0x0."
"23-07-2026 09:42:28","7000","Information","Microsoft-Windows-DeviceGuard","Device Guard successfully processed the Group Policy: Virtualization Based Security  = Enabled,  Secure Boot = On, DMA Protection = On,  Virtualization Based Code Integrity = Disabled, Credential Guard = Enabled, Machine Identity Isolation = Disabled, Kernel-mode Hardware-enforced Stack Protection = Not configured, Reboot required = No, Status = 0x0."
"23-07-2026 09:39:44","7000","Information","Microsoft-Windows-DeviceGuard","Device Guard successfully processed the Group Policy: Virtualization Based Security  = Enabled,  Secure Boot = On, DMA Protection = On,  Virtualization Based Code Integrity = Disabled, Credential Guard = Enabled, Machine Identity Isolation = Disabled, Kernel-mode Hardware-enforced Stack Protection = Not configured, Reboot required = No, Status = 0x0."
"23-07-2026 09:39:44","7000","Information","Microsoft-Windows-DeviceGuard","Device Guard successfully processed the Group Policy: Virtualization Based Security  = Enabled,  Secure Boot = On, DMA Protection = On,  Virtualization Based Code Integrity = Disabled, Credential Guard = Enabled, Machine Identity Isolation = Disabled, Kernel-mode Hardware-enforced Stack Protection = Not configured, Reboot required = No, Status = 0x0."
"23-07-2026 09:39:44","7000","Information","Microsoft-Windows-DeviceGuard","Device Guard successfully processed the Group Policy: Virtualization Based Security  = Enabled,  Secure Boot = On, DMA Protection = On,  Virtualization Based Code Integrity = Disabled, Credential Guard = Enabled, Machine Identity Isolation = Disabled, Kernel-mode Hardware-enforced Stack Protection = Not configured, Reboot required = No, Status = 0x0."
"23-07-2026 09:39:42","7000","Information","Microsoft-Windows-DeviceGuard","Device Guard successfully processed the Group Policy: Virtualization Based Security  = Enabled,  Secure Boot = On, DMA Protection = On,  Virtualization Based Code Integrity = Disabled, Credential Guard = Enabled, Machine Identity Isolation = Disabled, Kernel-mode Hardware-enforced Stack Protection = Not configured, Reboot required = No, Status = 0x0."
"23-07-2026 09:39:42","7000","Information","Microsoft-Windows-DeviceGuard","Device Guard successfully processed the Group Policy: Virtualization Based Security  = Enabled,  Secure Boot = On, DMA Protection = On,  Virtualization Based Code Integrity = Disabled, Credential Guard = Enabled, Machine Identity Isolation = Disabled, Kernel-mode Hardware-enforced Stack Protection = Not configured, Reboot required = No, Status = 0x0."
"23-07-2026 09:39:42","7000","Information","Microsoft-Windows-DeviceGuard","Device Guard successfully processed the Group Policy: Virtualization Based Security  = Enabled,  Secure Boot = On, DMA Protection = On,  Virtualization Based Code Integrity = Disabled, Credential Guard = Enabled, Machine Identity Isolation = Disabled, Kernel-mode Hardware-enforced Stack Protection = Not configured, Reboot required = No, Status = 0x0."
"23-07-2026 09:39:01","7000","Information","Microsoft-Windows-DeviceGuard","Device Guard successfully processed the Group Policy: Virtualization Based Security  = Enabled,  Secure Boot = On, DMA Protection = On,  Virtualization Based Code Integrity = Disabled, Credential Guard = Enabled, Machine Identity Isolation = Disabled, Kernel-mode Hardware-enforced Stack Protection = Not configured, Reboot required = No, Status = 0x0."
"23-07-2026 09:39:01","7000","Information","Microsoft-Windows-DeviceGuard","Device Guard successfully processed the Group Policy: Virtualization Based Security  = Enabled,  Secure Boot = On, DMA Protection = On,  Virtualization Based Code Integrity = Disabled, Credential Guard = Enabled, Machine Identity Isolation = Disabled, Kernel-mode Hardware-enforced Stack Protection = Not configured, Reboot required = No, Status = 0x0."
"23-07-2026 09:39:01","7000","Information","Microsoft-Windows-DeviceGuard","Device Guard successfully processed the Group Policy: Virtualization Based Security  = Enabled,  Secure Boot = On, DMA Protection = On,  Virtualization Based Code Integrity = Disabled, Credential Guard = Enabled, Machine Identity Isolation = Disabled, Kernel-mode Hardware-enforced Stack Protection = Not configured, Reboot required = No, Status = 0x0."
"23-07-2026 09:38:58","7000","Information","Microsoft-Windows-DeviceGuard","Device Guard successfully processed the Group Policy: Virtualization Based Security  = Enabled,  Secure Boot = On, DMA Protection = On,  Virtualization Based Code Integrity = Disabled, Credential Guard = Enabled, Machine Identity Isolation = Disabled, Kernel-mode Hardware-enforced Stack Protection = Not configured, Reboot required = No, Status = 0x0."
"23-07-2026 09:38:58","7000","Information","Microsoft-Windows-DeviceGuard","Device Guard successfully processed the Group Policy: Virtualization Based Security  = Enabled,  Secure Boot = On, DMA Protection = On,  Virtualization Based Code Integrity = Disabled, Credential Guard = Enabled, Machine Identity Isolation = Disabled, Kernel-mode Hardware-enforced Stack Protection = Not configured, Reboot required = No, Status = 0x0."
"23-07-2026 09:38:58","7000","Information","Microsoft-Windows-DeviceGuard","Device Guard successfully processed the Group Policy: Virtualization Based Security  = Enabled,  Secure Boot = On, DMA Protection = On,  Virtualization Based Code Integrity = Disabled, Credential Guard = Enabled, Machine Identity Isolation = Disabled, Kernel-mode Hardware-enforced Stack Protection = Not configured, Reboot required = No, Status = 0x0."
"23-07-2026 09:38:27","7000","Information","Microsoft-Windows-DeviceGuard","Device Guard successfully processed the Group Policy: Virtualization Based Security  = Enabled,  Secure Boot = On, DMA Protection = On,  Virtualization Based Code Integrity = Disabled, Credential Guard = Enabled, Machine Identity Isolation = Disabled, Kernel-mode Hardware-enforced Stack Protection = Not configured, Reboot required = No, Status = 0x0."
"23-07-2026 09:38:27","7000","Information","Microsoft-Windows-DeviceGuard","Device Guard successfully processed the Group Policy: Virtualization Based Security  = Enabled,  Secure Boot = On, DMA Protection = On,  Virtualization Based Code Integrity = Disabled, Credential Guard = Enabled, Machine Identity Isolation = Disabled, Kernel-mode Hardware-enforced Stack Protection = Not configured, Reboot required = No, Status = 0x0."
"23-07-2026 09:38:27","7000","Information","Microsoft-Windows-DeviceGuard","Device Guard successfully processed the Group Policy: Virtualization Based Security  = Enabled,  Secure Boot = On, DMA Protection = On,  Virtualization Based Code Integrity = Disabled, Credential Guard = Enabled, Machine Identity Isolation = Disabled, Kernel-mode Hardware-enforced Stack Protection = Not configured, Reboot required = No, Status = 0x0."
"23-07-2026 09:38:24","7000","Information","Microsoft-Windows-DeviceGuard","Device Guard successfully processed the Group Policy: Virtualization Based Security  = Enabled,  Secure Boot = On, DMA Protection = On,  Virtualization Based Code Integrity = Disabled, Credential Guard = Enabled, Machine Identity Isolation = Disabled, Kernel-mode Hardware-enforced Stack Protection = Not configured, Reboot required = No, Status = 0x0."
"23-07-2026 09:38:24","7000","Information","Microsoft-Windows-DeviceGuard","Device Guard successfully processed the Group Policy: Virtualization Based Security  = Enabled,  Secure Boot = On, DMA Protection = On,  Virtualization Based Code Integrity = Disabled, Credential Guard = Enabled, Machine Identity Isolation = Disabled, Kernel-mode Hardware-enforced Stack Protection = Not configured, Reboot required = No, Status = 0x0."
"23-07-2026 09:38:24","7000","Information","Microsoft-Windows-DeviceGuard","Device Guard successfully processed the Group Policy: Virtualization Based Security  = Enabled,  Secure Boot = On, DMA Protection = On,  Virtualization Based Code Integrity = Disabled, Credential Guard = Enabled, Machine Identity Isolation = Disabled, Kernel-mode Hardware-enforced Stack Protection = Not configured, Reboot required = No, Status = 0x0."
"23-07-2026 09:37:39","7000","Information","Microsoft-Windows-DeviceGuard","Device Guard successfully processed the Group Policy: Virtualization Based Security  = Enabled,  Secure Boot = On, DMA Protection = On,  Virtualization Based Code Integrity = Disabled, Credential Guard = Enabled, Machine Identity Isolation = Disabled, Kernel-mode Hardware-enforced Stack Protection = Not configured, Reboot required = No, Status = 0x0."
"23-07-2026 09:37:39","7000","Information","Microsoft-Windows-DeviceGuard","Device Guard successfully processed the Group Policy: Virtualization Based Security  = Enabled,  Secure Boot = On, DMA Protection = On,  Virtualization Based Code Integrity = Disabled, Credential Guard = Enabled, Machine Identity Isolation = Disabled, Kernel-mode Hardware-enforced Stack Protection = Not configured, Reboot required = No, Status = 0x0."
"23-07-2026 09:37:39","7000","Information","Microsoft-Windows-DeviceGuard","Device Guard successfully processed the Group Policy: Virtualization Based Security  = Enabled,  Secure Boot = On, DMA Protection = On,  Virtualization Based Code Integrity = Disabled, Credential Guard = Enabled, Machine Identity Isolation = Disabled, Kernel-mode Hardware-enforced Stack Protection = Not configured, Reboot required = No, Status = 0x0."
"23-07-2026 09:37:36","7000","Information","Microsoft-Windows-DeviceGuard","Device Guard successfully processed the Group Policy: Virtualization Based Security  = Enabled,  Secure Boot = On, DMA Protection = On,  Virtualization Based Code Integrity = Disabled, Credential Guard = Enabled, Machine Identity Isolation = Disabled, Kernel-mode Hardware-enforced Stack Protection = Not configured, Reboot required = No, Status = 0x0."
"23-07-2026 09:37:36","7000","Information","Microsoft-Windows-DeviceGuard","Device Guard successfully processed the Group Policy: Virtualization Based Security  = Enabled,  Secure Boot = On, DMA Protection = On,  Virtualization Based Code Integrity = Disabled, Credential Guard = Enabled, Machine Identity Isolation = Disabled, Kernel-mode Hardware-enforced Stack Protection = Not configured, Reboot required = No, Status = 0x0."
"23-07-2026 09:37:36","7000","Information","Microsoft-Windows-DeviceGuard","Device Guard successfully processed the Group Policy: Virtualization Based Security  = Enabled,  Secure Boot = On, DMA Protection = On,  Virtualization Based Code Integrity = Disabled, Credential Guard = Enabled, Machine Identity Isolation = Disabled, Kernel-mode Hardware-enforced Stack Protection = Not configured, Reboot required = No, Status = 0x0."
"23-07-2026 09:36:58","7000","Information","Microsoft-Windows-DeviceGuard","Device Guard successfully processed the Group Policy: Virtualization Based Security  = Enabled,  Secure Boot = On, DMA Protection = On,  Virtualization Based Code Integrity = Disabled, Credential Guard = Enabled, Machine Identity Isolation = Disabled, Kernel-mode Hardware-enforced Stack Protection = Not configured, Reboot required = No, Status = 0x0."
"23-07-2026 09:36:58","7000","Information","Microsoft-Windows-DeviceGuard","Device Guard successfully processed the Group Policy: Virtualization Based Security  = Enabled,  Secure Boot = On, DMA Protection = On,  Virtualization Based Code Integrity = Disabled, Credential Guard = Enabled, Machine Identity Isolation = Disabled, Kernel-mode Hardware-enforced Stack Protection = Not configured, Reboot required = No, Status = 0x0."
"22-07-2026 19:19:40","7000","Information","Microsoft-Windows-DeviceGuard","Device Guard successfully processed the Group Policy: Virtualization Based Security  = Enabled,  Secure Boot = On, DMA Protection = On,  Virtualization Based Code Integrity = Disabled, Credential Guard = Enabled, Machine Identity Isolation = Disabled, Kernel-mode Hardware-enforced Stack Protection = Not configured, Reboot required = No, Status = 0x0."
"22-07-2026 19:19:40","7000","Information","Microsoft-Windows-DeviceGuard","Device Guard successfully processed the Group Policy: Virtualization Based Security  = Enabled,  Secure Boot = On, DMA Protection = On,  Virtualization Based Code Integrity = Disabled, Credential Guard = Enabled, Machine Identity Isolation = Disabled, Kernel-mode Hardware-enforced Stack Protection = Not configured, Reboot required = No, Status = 0x0."
"22-07-2026 15:06:02","7000","Information","Microsoft-Windows-DeviceGuard","Device Guard successfully processed the Group Policy: Virtualization Based Security  = Enabled,  Secure Boot = On, DMA Protection = On,  Virtualization Based Code Integrity = Disabled, Credential Guard = Enabled, Machine Identity Isolation = Disabled, Kernel-mode Hardware-enforced Stack Protection = Not configured, Reboot required = No, Status = 0x0."
"22-07-2026 15:06:02","7000","Information","Microsoft-Windows-DeviceGuard","Device Guard successfully processed the Group Policy: Virtualization Based Security  = Enabled,  Secure Boot = On, DMA Protection = On,  Virtualization Based Code Integrity = Disabled, Credential Guard = Enabled, Machine Identity Isolation = Disabled, Kernel-mode Hardware-enforced Stack Protection = Not configured, Reboot required = No, Status = 0x0."
"22-07-2026 13:12:31","7000","Information","Microsoft-Windows-DeviceGuard","Device Guard successfully processed the Group Policy: Virtualization Based Security  = Enabled,  Secure Boot = On, DMA Protection = On,  Virtualization Based Code Integrity = Disabled, Credential Guard = Enabled, Machine Identity Isolation = Disabled, Kernel-mode Hardware-enforced Stack Protection = Not configured, Reboot required = No, Status = 0x0."
"22-07-2026 13:12:31","7000","Information","Microsoft-Windows-DeviceGuard","Device Guard successfully processed the Group Policy: Virtualization Based Security  = Enabled,  Secure Boot = On, DMA Protection = On,  Virtualization Based Code Integrity = Disabled, Credential Guard = Enabled, Machine Identity Isolation = Disabled, Kernel-mode Hardware-enforced Stack Protection = Not configured, Reboot required = No, Status = 0x0."
"22-07-2026 13:12:31","7000","Information","Microsoft-Windows-DeviceGuard","Device Guard successfully processed the Group Policy: Virtualization Based Security  = Enabled,  Secure Boot = On, DMA Protection = On,  Virtualization Based Code Integrity = Disabled, Credential Guard = Enabled, Machine Identity Isolation = Disabled, Kernel-mode Hardware-enforced Stack Protection = Not configured, Reboot required = No, Status = 0x0."
"22-07-2026 13:12:27","7000","Information","Microsoft-Windows-DeviceGuard","Device Guard successfully processed the Group Policy: Virtualization Based Security  = Enabled,  Secure Boot = On, DMA Protection = On,  Virtualization Based Code Integrity = Disabled, Credential Guard = Enabled, Machine Identity Isolation = Disabled, Kernel-mode Hardware-enforced Stack Protection = Not configured, Reboot required = No, Status = 0x0."
"22-07-2026 13:12:27","7000","Information","Microsoft-Windows-DeviceGuard","Device Guard successfully processed the Group Policy: Virtualization Based Security  = Enabled,  Secure Boot = On, DMA Protection = On,  Virtualization Based Code Integrity = Disabled, Credential Guard = Enabled, Machine Identity Isolation = Disabled, Kernel-mode Hardware-enforced Stack Protection = Not configured, Reboot required = No, Status = 0x0."
"22-07-2026 13:12:27","7000","Information","Microsoft-Windows-DeviceGuard","Device Guard successfully processed the Group Policy: Virtualization Based Security  = Enabled,  Secure Boot = On, DMA Protection = On,  Virtualization Based Code Integrity = Disabled, Credential Guard = Enabled, Machine Identity Isolation = Disabled, Kernel-mode Hardware-enforced Stack Protection = Not configured, Reboot required = No, Status = 0x0."
"22-07-2026 13:11:43","7000","Information","Microsoft-Windows-DeviceGuard","Device Guard successfully processed the Group Policy: Virtualization Based Security  = Enabled,  Secure Boot = On, DMA Protection = On,  Virtualization Based Code Integrity = Disabled, Credential Guard = Enabled, Machine Identity Isolation = Disabled, Kernel-mode Hardware-enforced Stack Protection = Not configured, Reboot required = No, Status = 0x0."
"22-07-2026 13:11:43","7000","Information","Microsoft-Windows-DeviceGuard","Device Guard successfully processed the Group Policy: Virtualization Based Security  = Enabled,  Secure Boot = On, DMA Protection = On,  Virtualization Based Code Integrity = Disabled, Credential Guard = Enabled, Machine Identity Isolation = Disabled, Kernel-mode Hardware-enforced Stack Protection = Not configured, Reboot required = No, Status = 0x0."
"22-07-2026 13:11:43","7000","Information","Microsoft-Windows-DeviceGuard","Device Guard successfully processed the Group Policy: Virtualization Based Security  = Enabled,  Secure Boot = On, DMA Protection = On,  Virtualization Based Code Integrity = Disabled, Credential Guard = Enabled, Machine Identity Isolation = Disabled, Kernel-mode Hardware-enforced Stack Protection = Not configured, Reboot required = No, Status = 0x0."
"22-07-2026 13:11:39","7000","Information","Microsoft-Windows-DeviceGuard","Device Guard successfully processed the Group Policy: Virtualization Based Security  = Enabled,  Secure Boot = On, DMA Protection = On,  Virtualization Based Code Integrity = Disabled, Credential Guard = Enabled, Machine Identity Isolation = Disabled, Kernel-mode Hardware-enforced Stack Protection = Not configured, Reboot required = No, Status = 0x0."
"22-07-2026 13:11:39","7000","Information","Microsoft-Windows-DeviceGuard","Device Guard successfully processed the Group Policy: Virtualization Based Security  = Enabled,  Secure Boot = On, DMA Protection = On,  Virtualization Based Code Integrity = Disabled, Credential Guard = Enabled, Machine Identity Isolation = Disabled, Kernel-mode Hardware-enforced Stack Protection = Not configured, Reboot required = No, Status = 0x0."
"22-07-2026 13:11:39","7000","Information","Microsoft-Windows-DeviceGuard","Device Guard successfully processed the Group Policy: Virtualization Based Security  = Enabled,  Secure Boot = On, DMA Protection = On,  Virtualization Based Code Integrity = Disabled, Credential Guard = Enabled, Machine Identity Isolation = Disabled, Kernel-mode Hardware-enforced Stack Protection = Not configured, Reboot required = No, Status = 0x0."
"22-07-2026 13:11:02","7000","Information","Microsoft-Windows-DeviceGuard","Device Guard successfully processed the Group Policy: Virtualization Based Security  = Enabled,  Secure Boot = On, DMA Protection = On,  Virtualization Based Code Integrity = Disabled, Credential Guard = Enabled, Machine Identity Isolation = Disabled, Kernel-mode Hardware-enforced Stack Protection = Not configured, Reboot required = No, Status = 0x0."
"22-07-2026 13:11:02","7000","Information","Microsoft-Windows-DeviceGuard","Device Guard successfully processed the Group Policy: Virtualization Based Security  = Enabled,  Secure Boot = On, DMA Protection = On,  Virtualization Based Code Integrity = Disabled, Credential Guard = Enabled, Machine Identity Isolation = Disabled, Kernel-mode Hardware-enforced Stack Protection = Not configured, Reboot required = No, Status = 0x0."
"22-07-2026 11:16:02","7000","Information","Microsoft-Windows-DeviceGuard","Device Guard successfully processed the Group Policy: Virtualization Based Security  = Enabled,  Secure Boot = On, DMA Protection = On,  Virtualization Based Code Integrity = Disabled, Credential Guard = Enabled, Machine Identity Isolation = Disabled, Kernel-mode Hardware-enforced Stack Protection = Not configured, Reboot required = No, Status = 0x0."
"22-07-2026 11:16:02","7000","Information","Microsoft-Windows-DeviceGuard","Device Guard successfully processed the Group Policy: Virtualization Based Security  = Enabled,  Secure Boot = On, DMA Protection = On,  Virtualization Based Code Integrity = Disabled, Credential Guard = Enabled, Machine Identity Isolation = Disabled, Kernel-mode Hardware-enforced Stack Protection = Not configured, Reboot required = No, Status = 0x0."
"22-07-2026 09:50:58","7000","Information","Microsoft-Windows-DeviceGuard","Device Guard successfully processed the Group Policy: Virtualization Based Security  = Enabled,  Secure Boot = On, DMA Protection = On,  Virtualization Based Code Integrity = Disabled, Credential Guard = Enabled, Machine Identity Isolation = Disabled, Kernel-mode Hardware-enforced Stack Protection = Not configured, Reboot required = No, Status = 0x0."
"22-07-2026 09:50:58","7000","Information","Microsoft-Windows-DeviceGuard","Device Guard successfully processed the Group Policy: Virtualization Based Security  = Enabled,  Secure Boot = On, DMA Protection = On,  Virtualization Based Code Integrity = Disabled, Credential Guard = Enabled, Machine Identity Isolation = Disabled, Kernel-mode Hardware-enforced Stack Protection = Not configured, Reboot required = No, Status = 0x0."
"22-07-2026 09:50:58","7000","Information","Microsoft-Windows-DeviceGuard","Device Guard successfully processed the Group Policy: Virtualization Based Security  = Enabled,  Secure Boot = On, DMA Protection = On,  Virtualization Based Code Integrity = Disabled, Credential Guard = Enabled, Machine Identity Isolation = Disabled, Kernel-mode Hardware-enforced Stack Protection = Not configured, Reboot required = No, Status = 0x0."
"22-07-2026 09:50:56","7000","Information","Microsoft-Windows-DeviceGuard","Device Guard successfully processed the Group Policy: Virtualization Based Security  = Enabled,  Secure Boot = On, DMA Protection = On,  Virtualization Based Code Integrity = Disabled, Credential Guard = Enabled, Machine Identity Isolation = Disabled, Kernel-mode Hardware-enforced Stack Protection = Not configured, Reboot required = No, Status = 0x0."
"22-07-2026 09:50:56","7000","Information","Microsoft-Windows-DeviceGuard","Device Guard successfully processed the Group Policy: Virtualization Based Security  = Enabled,  Secure Boot = On, DMA Protection = On,  Virtualization Based Code Integrity = Disabled, Credential Guard = Enabled, Machine Identity Isolation = Disabled, Kernel-mode Hardware-enforced Stack Protection = Not configured, Reboot required = No, Status = 0x0."
"22-07-2026 09:50:56","7000","Information","Microsoft-Windows-DeviceGuard","Device Guard successfully processed the Group Policy: Virtualization Based Security  = Enabled,  Secure Boot = On, DMA Protection = On,  Virtualization Based Code Integrity = Disabled, Credential Guard = Enabled, Machine Identity Isolation = Disabled, Kernel-mode Hardware-enforced Stack Protection = Not configured, Reboot required = No, Status = 0x0."
"22-07-2026 09:50:28","7000","Information","Microsoft-Windows-DeviceGuard","Device Guard successfully processed the Group Policy: Virtualization Based Security  = Enabled,  Secure Boot = On, DMA Protection = On,  Virtualization Based Code Integrity = Disabled, Credential Guard = Enabled, Machine Identity Isolation = Disabled, Kernel-mode Hardware-enforced Stack Protection = Not configured, Reboot required = No, Status = 0x0."
"22-07-2026 09:50:28","7000","Information","Microsoft-Windows-DeviceGuard","Device Guard successfully processed the Group Policy: Virtualization Based Security  = Enabled,  Secure Boot = On, DMA Protection = On,  Virtualization Based Code Integrity = Disabled, Credential Guard = Enabled, Machine Identity Isolation = Disabled, Kernel-mode Hardware-enforced Stack Protection = Not configured, Reboot required = No, Status = 0x0."
"22-07-2026 09:50:28","7000","Information","Microsoft-Windows-DeviceGuard","Device Guard successfully processed the Group Policy: Virtualization Based Security  = Enabled,  Secure Boot = On, DMA Protection = On,  Virtualization Based Code Integrity = Disabled, Credential Guard = Enabled, Machine Identity Isolation = Disabled, Kernel-mode Hardware-enforced Stack Protection = Not configured, Reboot required = No, Status = 0x0."
"22-07-2026 09:50:26","7000","Information","Microsoft-Windows-DeviceGuard","Device Guard successfully processed the Group Policy: Virtualization Based Security  = Enabled,  Secure Boot = On, DMA Protection = On,  Virtualization Based Code Integrity = Disabled, Credential Guard = Enabled, Machine Identity Isolation = Disabled, Kernel-mode Hardware-enforced Stack Protection = Not configured, Reboot required = No, Status = 0x0."
"22-07-2026 09:50:26","7000","Information","Microsoft-Windows-DeviceGuard","Device Guard successfully processed the Group Policy: Virtualization Based Security  = Enabled,  Secure Boot = On, DMA Protection = On,  Virtualization Based Code Integrity = Disabled, Credential Guard = Enabled, Machine Identity Isolation = Disabled, Kernel-mode Hardware-enforced Stack Protection = Not configured, Reboot required = No, Status = 0x0."
"22-07-2026 09:50:25","7000","Information","Microsoft-Windows-DeviceGuard","Device Guard successfully processed the Group Policy: Virtualization Based Security  = Enabled,  Secure Boot = On, DMA Protection = On,  Virtualization Based Code Integrity = Disabled, Credential Guard = Enabled, Machine Identity Isolation = Disabled, Kernel-mode Hardware-enforced Stack Protection = Not configured, Reboot required = No, Status = 0x0."
"22-07-2026 09:50:03","7000","Information","Microsoft-Windows-DeviceGuard","Device Guard successfully processed the Group Policy: Virtualization Based Security  = Enabled,  Secure Boot = On, DMA Protection = On,  Virtualization Based Code Integrity = Disabled, Credential Guard = Enabled, Machine Identity Isolation = Disabled, Kernel-mode Hardware-enforced Stack Protection = Not configured, Reboot required = No, Status = 0x0."
"22-07-2026 09:50:03","7000","Information","Microsoft-Windows-DeviceGuard","Device Guard successfully processed the Group Policy: Virtualization Based Security  = Enabled,  Secure Boot = On, DMA Protection = On,  Virtualization Based Code Integrity = Disabled, Credential Guard = Enabled, Machine Identity Isolation = Disabled, Kernel-mode Hardware-enforced Stack Protection = Not configured, Reboot required = No, Status = 0x0."
"22-07-2026 09:50:03","7000","Information","Microsoft-Windows-DeviceGuard","Device Guard successfully processed the Group Policy: Virtualization Based Security  = Enabled,  Secure Boot = On, DMA Protection = On,  Virtualization Based Code Integrity = Disabled, Credential Guard = Enabled, Machine Identity Isolation = Disabled, Kernel-mode Hardware-enforced Stack Protection = Not configured, Reboot required = No, Status = 0x0."
"22-07-2026 09:50:00","7000","Information","Microsoft-Windows-DeviceGuard","Device Guard successfully processed the Group Policy: Virtualization Based Security  = Enabled,  Secure Boot = On, DMA Protection = On,  Virtualization Based Code Integrity = Disabled, Credential Guard = Enabled, Machine Identity Isolation = Disabled, Kernel-mode Hardware-enforced Stack Protection = Not configured, Reboot required = No, Status = 0x0."
"22-07-2026 09:50:00","7000","Information","Microsoft-Windows-DeviceGuard","Device Guard successfully processed the Group Policy: Virtualization Based Security  = Enabled,  Secure Boot = On, DMA Protection = On,  Virtualization Based Code Integrity = Disabled, Credential Guard = Enabled, Machine Identity Isolation = Disabled, Kernel-mode Hardware-enforced Stack Protection = Not configured, Reboot required = No, Status = 0x0."
"22-07-2026 09:50:00","7000","Information","Microsoft-Windows-DeviceGuard","Device Guard successfully processed the Group Policy: Virtualization Based Security  = Enabled,  Secure Boot = On, DMA Protection = On,  Virtualization Based Code Integrity = Disabled, Credential Guard = Enabled, Machine Identity Isolation = Disabled, Kernel-mode Hardware-enforced Stack Protection = Not configured, Reboot required = No, Status = 0x0."
"22-07-2026 09:49:32","7000","Information","Microsoft-Windows-DeviceGuard","Device Guard successfully processed the Group Policy: Virtualization Based Security  = Enabled,  Secure Boot = On, DMA Protection = On,  Virtualization Based Code Integrity = Disabled, Credential Guard = Enabled, Machine Identity Isolation = Disabled, Kernel-mode Hardware-enforced Stack Protection = Not configured, Reboot required = No, Status = 0x0."
"22-07-2026 09:49:32","7000","Information","Microsoft-Windows-DeviceGuard","Device Guard successfully processed the Group Policy: Virtualization Based Security  = Enabled,  Secure Boot = On, DMA Protection = On,  Virtualization Based Code Integrity = Disabled, Credential Guard = Enabled, Machine Identity Isolation = Disabled, Kernel-mode Hardware-enforced Stack Protection = Not configured, Reboot required = No, Status = 0x0."
"22-07-2026 09:49:32","7000","Information","Microsoft-Windows-DeviceGuard","Device Guard successfully processed the Group Policy: Virtualization Based Security  = Enabled,  Secure Boot = On, DMA Protection = On,  Virtualization Based Code Integrity = Disabled, Credential Guard = Enabled, Machine Identity Isolation = Disabled, Kernel-mode Hardware-enforced Stack Protection = Not configured, Reboot required = No, Status = 0x0."
"22-07-2026 09:49:30","7000","Information","Microsoft-Windows-DeviceGuard","Device Guard successfully processed the Group Policy: Virtualization Based Security  = Enabled,  Secure Boot = On, DMA Protection = On,  Virtualization Based Code Integrity = Disabled, Credential Guard = Enabled, Machine Identity Isolation = Disabled, Kernel-mode Hardware-enforced Stack Protection = Not configured, Reboot required = No, Status = 0x0."
"22-07-2026 09:49:30","7000","Information","Microsoft-Windows-DeviceGuard","Device Guard successfully processed the Group Policy: Virtualization Based Security  = Enabled,  Secure Boot = On, DMA Protection = On,  Virtualization Based Code Integrity = Disabled, Credential Guard = Enabled, Machine Identity Isolation = Disabled, Kernel-mode Hardware-enforced Stack Protection = Not configured, Reboot required = No, Status = 0x0."
"22-07-2026 09:49:30","7000","Information","Microsoft-Windows-DeviceGuard","Device Guard successfully processed the Group Policy: Virtualization Based Security  = Enabled,  Secure Boot = On, DMA Protection = On,  Virtualization Based Code Integrity = Disabled, Credential Guard = Enabled, Machine Identity Isolation = Disabled, Kernel-mode Hardware-enforced Stack Protection = Not configured, Reboot required = No, Status = 0x0."
"22-07-2026 09:48:52","7000","Information","Microsoft-Windows-DeviceGuard","Device Guard successfully processed the Group Policy: Virtualization Based Security  = Enabled,  Secure Boot = On, DMA Protection = On,  Virtualization Based Code Integrity = Disabled, Credential Guard = Enabled, Machine Identity Isolation = Disabled, Kernel-mode Hardware-enforced Stack Protection = Not configured, Reboot required = No, Status = 0x0."
"22-07-2026 09:48:52","7000","Information","Microsoft-Windows-DeviceGuard","Device Guard successfully processed the Group Policy: Virtualization Based Security  = Enabled,  Secure Boot = On, DMA Protection = On,  Virtualization Based Code Integrity = Disabled, Credential Guard = Enabled, Machine Identity Isolation = Disabled, Kernel-mode Hardware-enforced Stack Protection = Not configured, Reboot required = No, Status = 0x0."
"22-07-2026 04:23:15","7000","Information","Microsoft-Windows-DeviceGuard","Device Guard successfully processed the Group Policy: Virtualization Based Security  = Enabled,  Secure Boot = On, DMA Protection = On,  Virtualization Based Code Integrity = Disabled, Credential Guard = Enabled, Machine Identity Isolation = Disabled, Kernel-mode Hardware-enforced Stack Protection = Not configured, Reboot required = No, Status = 0x0."
"22-07-2026 04:23:15","7000","Information","Microsoft-Windows-DeviceGuard","Device Guard successfully processed the Group Policy: Virtualization Based Security  = Enabled,  Secure Boot = On, DMA Protection = On,  Virtualization Based Code Integrity = Disabled, Credential Guard = Enabled, Machine Identity Isolation = Disabled, Kernel-mode Hardware-enforced Stack Protection = Not configured, Reboot required = No, Status = 0x0."
"21-07-2026 16:06:02","7000","Information","Microsoft-Windows-DeviceGuard","Device Guard successfully processed the Group Policy: Virtualization Based Security  = Enabled,  Secure Boot = On, DMA Protection = On,  Virtualization Based Code Integrity = Disabled, Credential Guard = Enabled, Machine Identity Isolation = Disabled, Kernel-mode Hardware-enforced Stack Protection = Not configured, Reboot required = No, Status = 0x0."
"21-07-2026 16:06:02","7000","Information","Microsoft-Windows-DeviceGuard","Device Guard successfully processed the Group Policy: Virtualization Based Security  = Enabled,  Secure Boot = On, DMA Protection = On,  Virtualization Based Code Integrity = Disabled, Credential Guard = Enabled, Machine Identity Isolation = Disabled, Kernel-mode Hardware-enforced Stack Protection = Not configured, Reboot required = No, Status = 0x0."
"21-07-2026 13:11:02","7000","Information","Microsoft-Windows-DeviceGuard","Device Guard successfully processed the Group Policy: Virtualization Based Security  = Enabled,  Secure Boot = On, DMA Protection = On,  Virtualization Based Code Integrity = Disabled, Credential Guard = Enabled, Machine Identity Isolation = Disabled, Kernel-mode Hardware-enforced Stack Protection = Not configured, Reboot required = No, Status = 0x0."
"21-07-2026 13:11:02","7000","Information","Microsoft-Windows-DeviceGuard","Device Guard successfully processed the Group Policy: Virtualization Based Security  = Enabled,  Secure Boot = On, DMA Protection = On,  Virtualization Based Code Integrity = Disabled, Credential Guard = Enabled, Machine Identity Isolation = Disabled, Kernel-mode Hardware-enforced Stack Protection = Not configured, Reboot required = No, Status = 0x0."
"21-07-2026 12:16:02","7000","Information","Microsoft-Windows-DeviceGuard","Device Guard successfully processed the Group Policy: Virtualization Based Security  = Enabled,  Secure Boot = On, DMA Protection = On,  Virtualization Based Code Integrity = Disabled, Credential Guard = Enabled, Machine Identity Isolation = Disabled, Kernel-mode Hardware-enforced Stack Protection = Not configured, Reboot required = No, Status = 0x0."
"21-07-2026 12:16:02","7000","Information","Microsoft-Windows-DeviceGuard","Device Guard successfully processed the Group Policy: Virtualization Based Security  = Enabled,  Secure Boot = On, DMA Protection = On,  Virtualization Based Code Integrity = Disabled, Credential Guard = Enabled, Machine Identity Isolation = Disabled, Kernel-mode Hardware-enforced Stack Protection = Not configured, Reboot required = No, Status = 0x0."
"21-07-2026 08:50:09","7000","Information","Microsoft-Windows-DeviceGuard","Device Guard successfully processed the Group Policy: Virtualization Based Security  = Enabled,  Secure Boot = On, DMA Protection = On,  Virtualization Based Code Integrity = Disabled, Credential Guard = Enabled, Machine Identity Isolation = Disabled, Kernel-mode Hardware-enforced Stack Protection = Not configured, Reboot required = No, Status = 0x0."
"21-07-2026 08:50:09","7000","Information","Microsoft-Windows-DeviceGuard","Device Guard successfully processed the Group Policy: Virtualization Based Security  = Enabled,  Secure Boot = On, DMA Protection = On,  Virtualization Based Code Integrity = Disabled, Credential Guard = Enabled, Machine Identity Isolation = Disabled, Kernel-mode Hardware-enforced Stack Protection = Not configured, Reboot required = No, Status = 0x0."
"21-07-2026 08:50:09","7000","Information","Microsoft-Windows-DeviceGuard","Device Guard successfully processed the Group Policy: Virtualization Based Security  = Enabled,  Secure Boot = On, DMA Protection = On,  Virtualization Based Code Integrity = Disabled, Credential Guard = Enabled, Machine Identity Isolation = Disabled, Kernel-mode Hardware-enforced Stack Protection = Not configured, Reboot required = No, Status = 0x0."
"21-07-2026 08:50:07","7000","Information","Microsoft-Windows-DeviceGuard","Device Guard successfully processed the Group Policy: Virtualization Based Security  = Enabled,  Secure Boot = On, DMA Protection = On,  Virtualization Based Code Integrity = Disabled, Credential Guard = Enabled, Machine Identity Isolation = Disabled, Kernel-mode Hardware-enforced Stack Protection = Not configured, Reboot required = No, Status = 0x0."
"21-07-2026 08:50:06","7000","Information","Microsoft-Windows-DeviceGuard","Device Guard successfully processed the Group Policy: Virtualization Based Security  = Enabled,  Secure Boot = On, DMA Protection = On,  Virtualization Based Code Integrity = Disabled, Credential Guard = Enabled, Machine Identity Isolation = Disabled, Kernel-mode Hardware-enforced Stack Protection = Not configured, Reboot required = No, Status = 0x0."
"21-07-2026 08:50:06","7000","Information","Microsoft-Windows-DeviceGuard","Device Guard successfully processed the Group Policy: Virtualization Based Security  = Enabled,  Secure Boot = On, DMA Protection = On,  Virtualization Based Code Integrity = Disabled, Credential Guard = Enabled, Machine Identity Isolation = Disabled, Kernel-mode Hardware-enforced Stack Protection = Not configured, Reboot required = No, Status = 0x0."
"21-07-2026 08:49:42","7000","Information","Microsoft-Windows-DeviceGuard","Device Guard successfully processed the Group Policy: Virtualization Based Security  = Enabled,  Secure Boot = On, DMA Protection = On,  Virtualization Based Code Integrity = Disabled, Credential Guard = Enabled, Machine Identity Isolation = Disabled, Kernel-mode Hardware-enforced Stack Protection = Not configured, Reboot required = No, Status = 0x0."
"21-07-2026 08:49:42","7000","Information","Microsoft-Windows-DeviceGuard","Device Guard successfully processed the Group Policy: Virtualization Based Security  = Enabled,  Secure Boot = On, DMA Protection = On,  Virtualization Based Code Integrity = Disabled, Credential Guard = Enabled, Machine Identity Isolation = Disabled, Kernel-mode Hardware-enforced Stack Protection = Not configured, Reboot required = No, Status = 0x0."
"21-07-2026 08:49:41","7000","Information","Microsoft-Windows-DeviceGuard","Device Guard successfully processed the Group Policy: Virtualization Based Security  = Enabled,  Secure Boot = On, DMA Protection = On,  Virtualization Based Code Integrity = Disabled, Credential Guard = Enabled, Machine Identity Isolation = Disabled, Kernel-mode Hardware-enforced Stack Protection = Not configured, Reboot required = No, Status = 0x0."
"21-07-2026 08:49:39","7000","Information","Microsoft-Windows-DeviceGuard","Device Guard successfully processed the Group Policy: Virtualization Based Security  = Enabled,  Secure Boot = On, DMA Protection = On,  Virtualization Based Code Integrity = Disabled, Credential Guard = Enabled, Machine Identity Isolation = Disabled, Kernel-mode Hardware-enforced Stack Protection = Not configured, Reboot required = No, Status = 0x0."
"21-07-2026 08:49:39","7000","Information","Microsoft-Windows-DeviceGuard","Device Guard successfully processed the Group Policy: Virtualization Based Security  = Enabled,  Secure Boot = On, DMA Protection = On,  Virtualization Based Code Integrity = Disabled, Credential Guard = Enabled, Machine Identity Isolation = Disabled, Kernel-mode Hardware-enforced Stack Protection = Not configured, Reboot required = No, Status = 0x0."
"21-07-2026 08:49:39","7000","Information","Microsoft-Windows-DeviceGuard","Device Guard successfully processed the Group Policy: Virtualization Based Security  = Enabled,  Secure Boot = On, DMA Protection = On,  Virtualization Based Code Integrity = Disabled, Credential Guard = Enabled, Machine Identity Isolation = Disabled, Kernel-mode Hardware-enforced Stack Protection = Not configured, Reboot required = No, Status = 0x0."
"21-07-2026 08:49:15","7000","Information","Microsoft-Windows-DeviceGuard","Device Guard successfully processed the Group Policy: Virtualization Based Security  = Enabled,  Secure Boot = On, DMA Protection = On,  Virtualization Based Code Integrity = Disabled, Credential Guard = Enabled, Machine Identity Isolation = Disabled, Kernel-mode Hardware-enforced Stack Protection = Not configured, Reboot required = No, Status = 0x0."
"21-07-2026 08:49:15","7000","Information","Microsoft-Windows-DeviceGuard","Device Guard successfully processed the Group Policy: Virtualization Based Security  = Enabled,  Secure Boot = On, DMA Protection = On,  Virtualization Based Code Integrity = Disabled, Credential Guard = Enabled, Machine Identity Isolation = Disabled, Kernel-mode Hardware-enforced Stack Protection = Not configured, Reboot required = No, Status = 0x0."
"21-07-2026 08:49:15","7000","Information","Microsoft-Windows-DeviceGuard","Device Guard successfully processed the Group Policy: Virtualization Based Security  = Enabled,  Secure Boot = On, DMA Protection = On,  Virtualization Based Code Integrity = Disabled, Credential Guard = Enabled, Machine Identity Isolation = Disabled, Kernel-mode Hardware-enforced Stack Protection = Not configured, Reboot required = No, Status = 0x0."
"21-07-2026 08:49:13","7000","Information","Microsoft-Windows-DeviceGuard","Device Guard successfully processed the Group Policy: Virtualization Based Security  = Enabled,  Secure Boot = On, DMA Protection = On,  Virtualization Based Code Integrity = Disabled, Credential Guard = Enabled, Machine Identity Isolation = Disabled, Kernel-mode Hardware-enforced Stack Protection = Not configured, Reboot required = No, Status = 0x0."
"21-07-2026 08:49:13","7000","Information","Microsoft-Windows-DeviceGuard","Device Guard successfully processed the Group Policy: Virtualization Based Security  = Enabled,  Secure Boot = On, DMA Protection = On,  Virtualization Based Code Integrity = Disabled, Credential Guard = Enabled, Machine Identity Isolation = Disabled, Kernel-mode Hardware-enforced Stack Protection = Not configured, Reboot required = No, Status = 0x0."
"21-07-2026 08:49:13","7000","Information","Microsoft-Windows-DeviceGuard","Device Guard successfully processed the Group Policy: Virtualization Based Security  = Enabled,  Secure Boot = On, DMA Protection = On,  Virtualization Based Code Integrity = Disabled, Credential Guard = Enabled, Machine Identity Isolation = Disabled, Kernel-mode Hardware-enforced Stack Protection = Not configured, Reboot required = No, Status = 0x0."
"21-07-2026 08:48:43","7000","Information","Microsoft-Windows-DeviceGuard","Device Guard successfully processed the Group Policy: Virtualization Based Security  = Enabled,  Secure Boot = On, DMA Protection = On,  Virtualization Based Code Integrity = Disabled, Credential Guard = Enabled, Machine Identity Isolation = Disabled, Kernel-mode Hardware-enforced Stack Protection = Not configured, Reboot required = No, Status = 0x0."
"21-07-2026 08:48:43","7000","Information","Microsoft-Windows-DeviceGuard","Device Guard successfully processed the Group Policy: Virtualization Based Security  = Enabled,  Secure Boot = On, DMA Protection = On,  Virtualization Based Code Integrity = Disabled, Credential Guard = Enabled, Machine Identity Isolation = Disabled, Kernel-mode Hardware-enforced Stack Protection = Not configured, Reboot required = No, Status = 0x0."
"21-07-2026 08:48:43","7000","Information","Microsoft-Windows-DeviceGuard","Device Guard successfully processed the Group Policy: Virtualization Based Security  = Enabled,  Secure Boot = On, DMA Protection = On,  Virtualization Based Code Integrity = Disabled, Credential Guard = Enabled, Machine Identity Isolation = Disabled, Kernel-mode Hardware-enforced Stack Protection = Not configured, Reboot required = No, Status = 0x0."
"21-07-2026 08:48:39","7000","Information","Microsoft-Windows-DeviceGuard","Device Guard successfully processed the Group Policy: Virtualization Based Security  = Enabled,  Secure Boot = On, DMA Protection = On,  Virtualization Based Code Integrity = Disabled, Credential Guard = Enabled, Machine Identity Isolation = Disabled, Kernel-mode Hardware-enforced Stack Protection = Not configured, Reboot required = No, Status = 0x0."
"21-07-2026 08:48:39","7000","Information","Microsoft-Windows-DeviceGuard","Device Guard successfully processed the Group Policy: Virtualization Based Security  = Enabled,  Secure Boot = On, DMA Protection = On,  Virtualization Based Code Integrity = Disabled, Credential Guard = Enabled, Machine Identity Isolation = Disabled, Kernel-mode Hardware-enforced Stack Protection = Not configured, Reboot required = No, Status = 0x0."
"21-07-2026 08:48:38","7000","Information","Microsoft-Windows-DeviceGuard","Device Guard successfully processed the Group Policy: Virtualization Based Security  = Enabled,  Secure Boot = On, DMA Protection = On,  Virtualization Based Code Integrity = Disabled, Credential Guard = Enabled, Machine Identity Isolation = Disabled, Kernel-mode Hardware-enforced Stack Protection = Not configured, Reboot required = No, Status = 0x0."
"21-07-2026 08:48:05","7000","Information","Microsoft-Windows-DeviceGuard","Device Guard successfully processed the Group Policy: Virtualization Based Security  = Enabled,  Secure Boot = On, DMA Protection = On,  Virtualization Based Code Integrity = Disabled, Credential Guard = Enabled, Machine Identity Isolation = Disabled, Kernel-mode Hardware-enforced Stack Protection = Not configured, Reboot required = No, Status = 0x0."
"21-07-2026 08:48:05","7000","Information","Microsoft-Windows-DeviceGuard","Device Guard successfully processed the Group Policy: Virtualization Based Security  = Enabled,  Secure Boot = On, DMA Protection = On,  Virtualization Based Code Integrity = Disabled, Credential Guard = Enabled, Machine Identity Isolation = Disabled, Kernel-mode Hardware-enforced Stack Protection = Not configured, Reboot required = No, Status = 0x0."
"21-07-2026 08:48:05","7000","Information","Microsoft-Windows-DeviceGuard","Device Guard successfully processed the Group Policy: Virtualization Based Security  = Enabled,  Secure Boot = On, DMA Protection = On,  Virtualization Based Code Integrity = Disabled, Credential Guard = Enabled, Machine Identity Isolation = Disabled, Kernel-mode Hardware-enforced Stack Protection = Not configured, Reboot required = No, Status = 0x0."
"21-07-2026 08:48:02","7000","Information","Microsoft-Windows-DeviceGuard","Device Guard successfully processed the Group Policy: Virtualization Based Security  = Enabled,  Secure Boot = On, DMA Protection = On,  Virtualization Based Code Integrity = Disabled, Credential Guard = Enabled, Machine Identity Isolation = Disabled, Kernel-mode Hardware-enforced Stack Protection = Not configured, Reboot required = No, Status = 0x0."
"21-07-2026 08:48:02","7000","Information","Microsoft-Windows-DeviceGuard","Device Guard successfully processed the Group Policy: Virtualization Based Security  = Enabled,  Secure Boot = On, DMA Protection = On,  Virtualization Based Code Integrity = Disabled, Credential Guard = Enabled, Machine Identity Isolation = Disabled, Kernel-mode Hardware-enforced Stack Protection = Not configured, Reboot required = No, Status = 0x0."
"21-07-2026 08:48:02","7000","Information","Microsoft-Windows-DeviceGuard","Device Guard successfully processed the Group Policy: Virtualization Based Security  = Enabled,  Secure Boot = On, DMA Protection = On,  Virtualization Based Code Integrity = Disabled, Credential Guard = Enabled, Machine Identity Isolation = Disabled, Kernel-mode Hardware-enforced Stack Protection = Not configured, Reboot required = No, Status = 0x0."
"21-07-2026 08:46:44","7000","Information","Microsoft-Windows-DeviceGuard","Device Guard successfully processed the Group Policy: Virtualization Based Security  = Enabled,  Secure Boot = On, DMA Protection = On,  Virtualization Based Code Integrity = Disabled, Credential Guard = Enabled, Machine Identity Isolation = Disabled, Kernel-mode Hardware-enforced Stack Protection = Not configured, Reboot required = No, Status = 0x0."
"21-07-2026 08:46:43","7000","Information","Microsoft-Windows-DeviceGuard","Device Guard successfully processed the Group Policy: Virtualization Based Security  = Enabled,  Secure Boot = On, DMA Protection = On,  Virtualization Based Code Integrity = Disabled, Credential Guard = Enabled, Machine Identity Isolation = Disabled, Kernel-mode Hardware-enforced Stack Protection = Not configured, Reboot required = No, Status = 0x0."
"21-07-2026 08:46:43","7000","Information","Microsoft-Windows-DeviceGuard","Device Guard successfully processed the Group Policy: Virtualization Based Security  = Enabled,  Secure Boot = On, DMA Protection = On,  Virtualization Based Code Integrity = Disabled, Credential Guard = Enabled, Machine Identity Isolation = Disabled, Kernel-mode Hardware-enforced Stack Protection = Not configured, Reboot required = No, Status = 0x0."
"21-07-2026 08:46:22","7000","Information","Microsoft-Windows-DeviceGuard","Device Guard successfully processed the Group Policy: Virtualization Based Security  = Enabled,  Secure Boot = On, DMA Protection = On,  Virtualization Based Code Integrity = Disabled, Credential Guard = Enabled, Machine Identity Isolation = Disabled, Kernel-mode Hardware-enforced Stack Protection = Not configured, Reboot required = No, Status = 0x0."
"21-07-2026 08:46:22","7000","Information","Microsoft-Windows-DeviceGuard","Device Guard successfully processed the Group Policy: Virtualization Based Security  = Enabled,  Secure Boot = On, DMA Protection = On,  Virtualization Based Code Integrity = Disabled, Credential Guard = Enabled, Machine Identity Isolation = Disabled, Kernel-mode Hardware-enforced Stack Protection = Not configured, Reboot required = No, Status = 0x0."
"21-07-2026 08:46:22","7000","Information","Microsoft-Windows-DeviceGuard","Device Guard successfully processed the Group Policy: Virtualization Based Security  = Enabled,  Secure Boot = On, DMA Protection = On,  Virtualization Based Code Integrity = Disabled, Credential Guard = Enabled, Machine Identity Isolation = Disabled, Kernel-mode Hardware-enforced Stack Protection = Not configured, Reboot required = No, Status = 0x0."
"21-07-2026 08:45:18","7000","Information","Microsoft-Windows-DeviceGuard","Device Guard successfully processed the Group Policy: Virtualization Based Security  = Enabled,  Secure Boot = On, DMA Protection = On,  Virtualization Based Code Integrity = Disabled, Credential Guard = Enabled, Machine Identity Isolation = Disabled, Kernel-mode Hardware-enforced Stack Protection = Not configured, Reboot required = No, Status = 0x0."
"21-07-2026 08:45:18","7000","Information","Microsoft-Windows-DeviceGuard","Device Guard successfully processed the Group Policy: Virtualization Based Security  = Enabled,  Secure Boot = On, DMA Protection = On,  Virtualization Based Code Integrity = Disabled, Credential Guard = Enabled, Machine Identity Isolation = Disabled, Kernel-mode Hardware-enforced Stack Protection = Not configured, Reboot required = No, Status = 0x0."
"21-07-2026 08:32:35","7000","Information","Microsoft-Windows-DeviceGuard","Device Guard successfully processed the Group Policy: Virtualization Based Security  = Enabled,  Secure Boot = On, DMA Protection = On,  Virtualization Based Code Integrity = Disabled, Credential Guard = Enabled, Machine Identity Isolation = Disabled, Kernel-mode Hardware-enforced Stack Protection = Not configured, Reboot required = No, Status = 0x0."
"21-07-2026 08:32:35","7000","Information","Microsoft-Windows-DeviceGuard","Device Guard successfully processed the Group Policy: Virtualization Based Security  = Enabled,  Secure Boot = On, DMA Protection = On,  Virtualization Based Code Integrity = Disabled, Credential Guard = Enabled, Machine Identity Isolation = Disabled, Kernel-mode Hardware-enforced Stack Protection = Not configured, Reboot required = No, Status = 0x0."
"21-07-2026 07:23:22","7000","Information","Microsoft-Windows-DeviceGuard","Device Guard successfully processed the Group Policy: Virtualization Based Security  = Enabled,  Secure Boot = On, DMA Protection = On,  Virtualization Based Code Integrity = Disabled, Credential Guard = Enabled, Machine Identity Isolation = Disabled, Kernel-mode Hardware-enforced Stack Protection = Not configured, Reboot required = No, Status = 0x0."
"21-07-2026 07:23:22","7000","Information","Microsoft-Windows-DeviceGuard","Device Guard successfully processed the Group Policy: Virtualization Based Security  = Enabled,  Secure Boot = On, DMA Protection = On,  Virtualization Based Code Integrity = Disabled, Credential Guard = Enabled, Machine Identity Isolation = Disabled, Kernel-mode Hardware-enforced Stack Protection = Not configured, Reboot required = No, Status = 0x0."
"21-07-2026 07:23:22","7000","Information","Microsoft-Windows-DeviceGuard","Device Guard successfully processed the Group Policy: Virtualization Based Security  = Enabled,  Secure Boot = On, DMA Protection = On,  Virtualization Based Code Integrity = Disabled, Credential Guard = Enabled, Machine Identity Isolation = Disabled, Kernel-mode Hardware-enforced Stack Protection = Not configured, Reboot required = No, Status = 0x0."
"21-07-2026 07:22:50","7000","Information","Microsoft-Windows-DeviceGuard","Device Guard successfully processed the Group Policy: Virtualization Based Security  = Enabled,  Secure Boot = On, DMA Protection = On,  Virtualization Based Code Integrity = Disabled, Credential Guard = Enabled, Machine Identity Isolation = Disabled, Kernel-mode Hardware-enforced Stack Protection = Not configured, Reboot required = No, Status = 0x0."
"21-07-2026 07:22:50","7000","Information","Microsoft-Windows-DeviceGuard","Device Guard successfully processed the Group Policy: Virtualization Based Security  = Enabled,  Secure Boot = On, DMA Protection = On,  Virtualization Based Code Integrity = Disabled, Credential Guard = Enabled, Machine Identity Isolation = Disabled, Kernel-mode Hardware-enforced Stack Protection = Not configured, Reboot required = No, Status = 0x0."
"21-07-2026 07:22:21","7000","Information","Microsoft-Windows-DeviceGuard","Device Guard successfully processed the Group Policy: Virtualization Based Security  = Enabled,  Secure Boot = On, DMA Protection = On,  Virtualization Based Code Integrity = Disabled, Credential Guard = Enabled, Machine Identity Isolation = Disabled, Kernel-mode Hardware-enforced Stack Protection = Not configured, Reboot required = No, Status = 0x0."
"21-07-2026 07:17:45","7000","Information","Microsoft-Windows-DeviceGuard","Device Guard successfully processed the Group Policy: Virtualization Based Security  = Enabled,  Secure Boot = On, DMA Protection = On,  Virtualization Based Code Integrity = Disabled, Credential Guard = Enabled, Machine Identity Isolation = Disabled, Kernel-mode Hardware-enforced Stack Protection = Not configured, Reboot required = No, Status = 0x0."
"21-07-2026 07:17:45","7000","Information","Microsoft-Windows-DeviceGuard","Device Guard successfully processed the Group Policy: Virtualization Based Security  = Enabled,  Secure Boot = On, DMA Protection = On,  Virtualization Based Code Integrity = Disabled, Credential Guard = Enabled, Machine Identity Isolation = Disabled, Kernel-mode Hardware-enforced Stack Protection = Not configured, Reboot required = No, Status = 0x0."
"21-07-2026 07:17:42","7000","Information","Microsoft-Windows-DeviceGuard","Device Guard successfully processed the Group Policy: Virtualization Based Security  = Enabled,  Secure Boot = On, DMA Protection = On,  Virtualization Based Code Integrity = Disabled, Credential Guard = Enabled, Machine Identity Isolation = Disabled, Kernel-mode Hardware-enforced Stack Protection = Not configured, Reboot required = No, Status = 0x0."
"21-07-2026 07:17:42","7000","Information","Microsoft-Windows-DeviceGuard","Device Guard successfully processed the Group Policy: Virtualization Based Security  = Enabled,  Secure Boot = On, DMA Protection = On,  Virtualization Based Code Integrity = Disabled, Credential Guard = Enabled, Machine Identity Isolation = Disabled, Kernel-mode Hardware-enforced Stack Protection = Not configured, Reboot required = No, Status = 0x0."
"20-07-2026 17:06:02","7000","Information","Microsoft-Windows-DeviceGuard","Device Guard successfully processed the Group Policy: Virtualization Based Security  = Enabled,  Secure Boot = On, DMA Protection = On,  Virtualization Based Code Integrity = Disabled, Credential Guard = Enabled, Machine Identity Isolation = Disabled, Kernel-mode Hardware-enforced Stack Protection = Not configured, Reboot required = No, Status = 0x0."
"20-07-2026 17:06:02","7000","Information","Microsoft-Windows-DeviceGuard","Device Guard successfully processed the Group Policy: Virtualization Based Security  = Enabled,  Secure Boot = On, DMA Protection = On,  Virtualization Based Code Integrity = Disabled, Credential Guard = Enabled, Machine Identity Isolation = Disabled, Kernel-mode Hardware-enforced Stack Protection = Not configured, Reboot required = No, Status = 0x0."
"20-07-2026 13:16:02","7000","Information","Microsoft-Windows-DeviceGuard","Device Guard successfully processed the Group Policy: Virtualization Based Security  = Enabled,  Secure Boot = On, DMA Protection = On,  Virtualization Based Code Integrity = Disabled, Credential Guard = Enabled, Machine Identity Isolation = Disabled, Kernel-mode Hardware-enforced Stack Protection = Not configured, Reboot required = No, Status = 0x0."
"20-07-2026 13:16:02","7000","Information","Microsoft-Windows-DeviceGuard","Device Guard successfully processed the Group Policy: Virtualization Based Security  = Enabled,  Secure Boot = On, DMA Protection = On,  Virtualization Based Code Integrity = Disabled, Credential Guard = Enabled, Machine Identity Isolation = Disabled, Kernel-mode Hardware-enforced Stack Protection = Not configured, Reboot required = No, Status = 0x0."
"20-07-2026 13:11:02","7000","Information","Microsoft-Windows-DeviceGuard","Device Guard successfully processed the Group Policy: Virtualization Based Security  = Enabled,  Secure Boot = On, DMA Protection = On,  Virtualization Based Code Integrity = Disabled, Credential Guard = Enabled, Machine Identity Isolation = Disabled, Kernel-mode Hardware-enforced Stack Protection = Not configured, Reboot required = No, Status = 0x0."
"20-07-2026 13:11:02","7000","Information","Microsoft-Windows-DeviceGuard","Device Guard successfully processed the Group Policy: Virtualization Based Security  = Enabled,  Secure Boot = On, DMA Protection = On,  Virtualization Based Code Integrity = Disabled, Credential Guard = Enabled, Machine Identity Isolation = Disabled, Kernel-mode Hardware-enforced Stack Protection = Not configured, Reboot required = No, Status = 0x0."
"20-07-2026 10:10:42","7000","Information","Microsoft-Windows-DeviceGuard","Device Guard successfully processed the Group Policy: Virtualization Based Security  = Enabled,  Secure Boot = On, DMA Protection = On,  Virtualization Based Code Integrity = Disabled, Credential Guard = Enabled, Machine Identity Isolation = Disabled, Kernel-mode Hardware-enforced Stack Protection = Not configured, Reboot required = No, Status = 0x0."
"20-07-2026 10:10:42","7000","Information","Microsoft-Windows-DeviceGuard","Device Guard successfully processed the Group Policy: Virtualization Based Security  = Enabled,  Secure Boot = On, DMA Protection = On,  Virtualization Based Code Integrity = Disabled, Credential Guard = Enabled, Machine Identity Isolation = Disabled, Kernel-mode Hardware-enforced Stack Protection = Not configured, Reboot required = No, Status = 0x0."
"20-07-2026 10:10:42","7000","Information","Microsoft-Windows-DeviceGuard","Device Guard successfully processed the Group Policy: Virtualization Based Security  = Enabled,  Secure Boot = On, DMA Protection = On,  Virtualization Based Code Integrity = Disabled, Credential Guard = Enabled, Machine Identity Isolation = Disabled, Kernel-mode Hardware-enforced Stack Protection = Not configured, Reboot required = No, Status = 0x0."
"20-07-2026 10:10:39","7000","Information","Microsoft-Windows-DeviceGuard","Device Guard successfully processed the Group Policy: Virtualization Based Security  = Enabled,  Secure Boot = On, DMA Protection = On,  Virtualization Based Code Integrity = Disabled, Credential Guard = Enabled, Machine Identity Isolation = Disabled, Kernel-mode Hardware-enforced Stack Protection = Not configured, Reboot required = No, Status = 0x0."
"20-07-2026 10:10:39","7000","Information","Microsoft-Windows-DeviceGuard","Device Guard successfully processed the Group Policy: Virtualization Based Security  = Enabled,  Secure Boot = On, DMA Protection = On,  Virtualization Based Code Integrity = Disabled, Credential Guard = Enabled, Machine Identity Isolation = Disabled, Kernel-mode Hardware-enforced Stack Protection = Not configured, Reboot required = No, Status = 0x0."
"20-07-2026 10:10:39","7000","Information","Microsoft-Windows-DeviceGuard","Device Guard successfully processed the Group Policy: Virtualization Based Security  = Enabled,  Secure Boot = On, DMA Protection = On,  Virtualization Based Code Integrity = Disabled, Credential Guard = Enabled, Machine Identity Isolation = Disabled, Kernel-mode Hardware-enforced Stack Protection = Not configured, Reboot required = No, Status = 0x0."
"20-07-2026 10:10:06","7000","Information","Microsoft-Windows-DeviceGuard","Device Guard successfully processed the Group Policy: Virtualization Based Security  = Enabled,  Secure Boot = On, DMA Protection = On,  Virtualization Based Code Integrity = Disabled, Credential Guard = Enabled, Machine Identity Isolation = Disabled, Kernel-mode Hardware-enforced Stack Protection = Not configured, Reboot required = No, Status = 0x0."
"20-07-2026 10:10:06","7000","Information","Microsoft-Windows-DeviceGuard","Device Guard successfully processed the Group Policy: Virtualization Based Security  = Enabled,  Secure Boot = On, DMA Protection = On,  Virtualization Based Code Integrity = Disabled, Credential Guard = Enabled, Machine Identity Isolation = Disabled, Kernel-mode Hardware-enforced Stack Protection = Not configured, Reboot required = No, Status = 0x0."
"20-07-2026 10:10:06","7000","Information","Microsoft-Windows-DeviceGuard","Device Guard successfully processed the Group Policy: Virtualization Based Security  = Enabled,  Secure Boot = On, DMA Protection = On,  Virtualization Based Code Integrity = Disabled, Credential Guard = Enabled, Machine Identity Isolation = Disabled, Kernel-mode Hardware-enforced Stack Protection = Not configured, Reboot required = No, Status = 0x0."
"20-07-2026 10:10:02","7000","Information","Microsoft-Windows-DeviceGuard","Device Guard successfully processed the Group Policy: Virtualization Based Security  = Enabled,  Secure Boot = On, DMA Protection = On,  Virtualization Based Code Integrity = Disabled, Credential Guard = Enabled, Machine Identity Isolation = Disabled, Kernel-mode Hardware-enforced Stack Protection = Not configured, Reboot required = No, Status = 0x0."
"20-07-2026 10:10:02","7000","Information","Microsoft-Windows-DeviceGuard","Device Guard successfully processed the Group Policy: Virtualization Based Security  = Enabled,  Secure Boot = On, DMA Protection = On,  Virtualization Based Code Integrity = Disabled, Credential Guard = Enabled, Machine Identity Isolation = Disabled, Kernel-mode Hardware-enforced Stack Protection = Not configured, Reboot required = No, Status = 0x0."
"20-07-2026 10:10:02","7000","Information","Microsoft-Windows-DeviceGuard","Device Guard successfully processed the Group Policy: Virtualization Based Security  = Enabled,  Secure Boot = On, DMA Protection = On,  Virtualization Based Code Integrity = Disabled, Credential Guard = Enabled, Machine Identity Isolation = Disabled, Kernel-mode Hardware-enforced Stack Protection = Not configured, Reboot required = No, Status = 0x0."
"20-07-2026 10:09:16","7000","Information","Microsoft-Windows-DeviceGuard","Device Guard successfully processed the Group Policy: Virtualization Based Security  = Enabled,  Secure Boot = On, DMA Protection = On,  Virtualization Based Code Integrity = Disabled, Credential Guard = Enabled, Machine Identity Isolation = Disabled, Kernel-mode Hardware-enforced Stack Protection = Not configured, Reboot required = No, Status = 0x0."
"20-07-2026 10:09:16","7000","Information","Microsoft-Windows-DeviceGuard","Device Guard successfully processed the Group Policy: Virtualization Based Security  = Enabled,  Secure Boot = On, DMA Protection = On,  Virtualization Based Code Integrity = Disabled, Credential Guard = Enabled, Machine Identity Isolation = Disabled, Kernel-mode Hardware-enforced Stack Protection = Not configured, Reboot required = No, Status = 0x0."
"20-07-2026 10:09:16","7000","Information","Microsoft-Windows-DeviceGuard","Device Guard successfully processed the Group Policy: Virtualization Based Security  = Enabled,  Secure Boot = On, DMA Protection = On,  Virtualization Based Code Integrity = Disabled, Credential Guard = Enabled, Machine Identity Isolation = Disabled, Kernel-mode Hardware-enforced Stack Protection = Not configured, Reboot required = No, Status = 0x0."
"20-07-2026 10:09:12","7000","Information","Microsoft-Windows-DeviceGuard","Device Guard successfully processed the Group Policy: Virtualization Based Security  = Enabled,  Secure Boot = On, DMA Protection = On,  Virtualization Based Code Integrity = Disabled, Credential Guard = Enabled, Machine Identity Isolation = Disabled, Kernel-mode Hardware-enforced Stack Protection = Not configured, Reboot required = No, Status = 0x0."
"20-07-2026 10:09:12","7000","Information","Microsoft-Windows-DeviceGuard","Device Guard successfully processed the Group Policy: Virtualization Based Security  = Enabled,  Secure Boot = On, DMA Protection = On,  Virtualization Based Code Integrity = Disabled, Credential Guard = Enabled, Machine Identity Isolation = Disabled, Kernel-mode Hardware-enforced Stack Protection = Not configured, Reboot required = No, Status = 0x0."
"20-07-2026 10:09:11","7000","Information","Microsoft-Windows-DeviceGuard","Device Guard successfully processed the Group Policy: Virtualization Based Security  = Enabled,  Secure Boot = On, DMA Protection = On,  Virtualization Based Code Integrity = Disabled, Credential Guard = Enabled, Machine Identity Isolation = Disabled, Kernel-mode Hardware-enforced Stack Protection = Not configured, Reboot required = No, Status = 0x0."
"20-07-2026 10:08:16","7000","Information","Microsoft-Windows-DeviceGuard","Device Guard successfully processed the Group Policy: Virtualization Based Security  = Enabled,  Secure Boot = On, DMA Protection = On,  Virtualization Based Code Integrity = Disabled, Credential Guard = Enabled, Machine Identity Isolation = Disabled, Kernel-mode Hardware-enforced Stack Protection = Not configured, Reboot required = No, Status = 0x0."
"20-07-2026 10:08:16","7000","Information","Microsoft-Windows-DeviceGuard","Device Guard successfully processed the Group Policy: Virtualization Based Security  = Enabled,  Secure Boot = On, DMA Protection = On,  Virtualization Based Code Integrity = Disabled, Credential Guard = Enabled, Machine Identity Isolation = Disabled, Kernel-mode Hardware-enforced Stack Protection = Not configured, Reboot required = No, Status = 0x0."
"20-07-2026 10:08:16","7000","Information","Microsoft-Windows-DeviceGuard","Device Guard successfully processed the Group Policy: Virtualization Based Security  = Enabled,  Secure Boot = On, DMA Protection = On,  Virtualization Based Code Integrity = Disabled, Credential Guard = Enabled, Machine Identity Isolation = Disabled, Kernel-mode Hardware-enforced Stack Protection = Not configured, Reboot required = No, Status = 0x0."
"20-07-2026 10:08:10","7000","Information","Microsoft-Windows-DeviceGuard","Device Guard successfully processed the Group Policy: Virtualization Based Security  = Enabled,  Secure Boot = On, DMA Protection = On,  Virtualization Based Code Integrity = Disabled, Credential Guard = Enabled, Machine Identity Isolation = Disabled, Kernel-mode Hardware-enforced Stack Protection = Not configured, Reboot required = No, Status = 0x0."
"20-07-2026 10:08:10","7000","Information","Microsoft-Windows-DeviceGuard","Device Guard successfully processed the Group Policy: Virtualization Based Security  = Enabled,  Secure Boot = On, DMA Protection = On,  Virtualization Based Code Integrity = Disabled, Credential Guard = Enabled, Machine Identity Isolation = Disabled, Kernel-mode Hardware-enforced Stack Protection = Not configured, Reboot required = No, Status = 0x0."
"20-07-2026 10:08:10","7000","Information","Microsoft-Windows-DeviceGuard","Device Guard successfully processed the Group Policy: Virtualization Based Security  = Enabled,  Secure Boot = On, DMA Protection = On,  Virtualization Based Code Integrity = Disabled, Credential Guard = Enabled, Machine Identity Isolation = Disabled, Kernel-mode Hardware-enforced Stack Protection = Not configured, Reboot required = No, Status = 0x0."
"20-07-2026 10:06:53","7000","Information","Microsoft-Windows-DeviceGuard","Device Guard successfully processed the Group Policy: Virtualization Based Security  = Enabled,  Secure Boot = On, DMA Protection = On,  Virtualization Based Code Integrity = Disabled, Credential Guard = Enabled, Machine Identity Isolation = Disabled, Kernel-mode Hardware-enforced Stack Protection = Not configured, Reboot required = No, Status = 0x0."
"20-07-2026 10:06:53","7000","Information","Microsoft-Windows-DeviceGuard","Device Guard successfully processed the Group Policy: Virtualization Based Security  = Enabled,  Secure Boot = On, DMA Protection = On,  Virtualization Based Code Integrity = Disabled, Credential Guard = Enabled, Machine Identity Isolation = Disabled, Kernel-mode Hardware-enforced Stack Protection = Not configured, Reboot required = No, Status = 0x0."
"20-07-2026 10:06:52","7000","Information","Microsoft-Windows-DeviceGuard","Device Guard successfully processed the Group Policy: Virtualization Based Security  = Enabled,  Secure Boot = On, DMA Protection = On,  Virtualization Based Code Integrity = Disabled, Credential Guard = Enabled, Machine Identity Isolation = Disabled, Kernel-mode Hardware-enforced Stack Protection = Not configured, Reboot required = No, Status = 0x0."
"20-07-2026 10:06:45","7000","Information","Microsoft-Windows-DeviceGuard","Device Guard successfully processed the Group Policy: Virtualization Based Security  = Enabled,  Secure Boot = On, DMA Protection = On,  Virtualization Based Code Integrity = Disabled, Credential Guard = Enabled, Machine Identity Isolation = Disabled, Kernel-mode Hardware-enforced Stack Protection = Not configured, Reboot required = No, Status = 0x0."
"20-07-2026 10:06:45","7000","Information","Microsoft-Windows-DeviceGuard","Device Guard successfully processed the Group Policy: Virtualization Based Security  = Enabled,  Secure Boot = On, DMA Protection = On,  Virtualization Based Code Integrity = Disabled, Credential Guard = Enabled, Machine Identity Isolation = Disabled, Kernel-mode Hardware-enforced Stack Protection = Not configured, Reboot required = No, Status = 0x0."
"20-07-2026 10:06:44","7000","Information","Microsoft-Windows-DeviceGuard","Device Guard successfully processed the Group Policy: Virtualization Based Security  = Enabled,  Secure Boot = On, DMA Protection = On,  Virtualization Based Code Integrity = Disabled, Credential Guard = Enabled, Machine Identity Isolation = Disabled, Kernel-mode Hardware-enforced Stack Protection = Not configured, Reboot required = No, Status = 0x0."
"20-07-2026 10:06:01","7000","Information","Microsoft-Windows-DeviceGuard","Device Guard successfully processed the Group Policy: Virtualization Based Security  = Enabled,  Secure Boot = On, DMA Protection = On,  Virtualization Based Code Integrity = Disabled, Credential Guard = Enabled, Machine Identity Isolation = Disabled, Kernel-mode Hardware-enforced Stack Protection = Not configured, Reboot required = No, Status = 0x0."
"20-07-2026 10:06:01","7000","Information","Microsoft-Windows-DeviceGuard","Device Guard successfully processed the Group Policy: Virtualization Based Security  = Enabled,  Secure Boot = On, DMA Protection = On,  Virtualization Based Code Integrity = Disabled, Credential Guard = Enabled, Machine Identity Isolation = Disabled, Kernel-mode Hardware-enforced Stack Protection = Not configured, Reboot required = No, Status = 0x0."
"20-07-2026 10:06:01","7000","Information","Microsoft-Windows-DeviceGuard","Device Guard successfully processed the Group Policy: Virtualization Based Security  = Enabled,  Secure Boot = On, DMA Protection = On,  Virtualization Based Code Integrity = Disabled, Credential Guard = Enabled, Machine Identity Isolation = Disabled, Kernel-mode Hardware-enforced Stack Protection = Not configured, Reboot required = No, Status = 0x0."
"20-07-2026 10:05:51","7000","Information","Microsoft-Windows-DeviceGuard","Device Guard successfully processed the Group Policy: Virtualization Based Security  = Enabled,  Secure Boot = On, DMA Protection = On,  Virtualization Based Code Integrity = Disabled, Credential Guard = Enabled, Machine Identity Isolation = Disabled, Kernel-mode Hardware-enforced Stack Protection = Not configured, Reboot required = No, Status = 0x0."
"20-07-2026 10:05:51","7000","Information","Microsoft-Windows-DeviceGuard","Device Guard successfully processed the Group Policy: Virtualization Based Security  = Enabled,  Secure Boot = On, DMA Protection = On,  Virtualization Based Code Integrity = Disabled, Credential Guard = Enabled, Machine Identity Isolation = Disabled, Kernel-mode Hardware-enforced Stack Protection = Not configured, Reboot required = No, Status = 0x0."
"20-07-2026 10:05:50","7000","Information","Microsoft-Windows-DeviceGuard","Device Guard successfully processed the Group Policy: Virtualization Based Security  = Enabled,  Secure Boot = On, DMA Protection = On,  Virtualization Based Code Integrity = Disabled, Credential Guard = Enabled, Machine Identity Isolation = Disabled, Kernel-mode Hardware-enforced Stack Protection = Not configured, Reboot required = No, Status = 0x0."
"20-07-2026 10:05:07","7000","Information","Microsoft-Windows-DeviceGuard","Device Guard successfully processed the Group Policy: Virtualization Based Security  = Enabled,  Secure Boot = On, DMA Protection = On,  Virtualization Based Code Integrity = Disabled, Credential Guard = Enabled, Machine Identity Isolation = Disabled, Kernel-mode Hardware-enforced Stack Protection = Not configured, Reboot required = No, Status = 0x0."
"20-07-2026 10:05:07","7000","Information","Microsoft-Windows-DeviceGuard","Device Guard successfully processed the Group Policy: Virtualization Based Security  = Enabled,  Secure Boot = On, DMA Protection = On,  Virtualization Based Code Integrity = Disabled, Credential Guard = Enabled, Machine Identity Isolation = Disabled, Kernel-mode Hardware-enforced Stack Protection = Not configured, Reboot required = No, Status = 0x0."
"15-07-2026 14:26:02","7000","Information","Microsoft-Windows-DeviceGuard","Device Guard successfully processed the Group Policy: Virtualization Based Security  = Enabled,  Secure Boot = On, DMA Protection = On,  Virtualization Based Code Integrity = Disabled, Credential Guard = Enabled, Machine Identity Isolation = Disabled, Kernel-mode Hardware-enforced Stack Protection = Not configured, Reboot required = No, Status = 0x0."
"15-07-2026 14:26:02","7000","Information","Microsoft-Windows-DeviceGuard","Device Guard successfully processed the Group Policy: Virtualization Based Security  = Enabled,  Secure Boot = On, DMA Protection = On,  Virtualization Based Code Integrity = Disabled, Credential Guard = Enabled, Machine Identity Isolation = Disabled, Kernel-mode Hardware-enforced Stack Protection = Not configured, Reboot required = No, Status = 0x0."
"15-07-2026 13:20:43","7000","Information","Microsoft-Windows-DeviceGuard","Device Guard successfully processed the Group Policy: Virtualization Based Security  = Enabled,  Secure Boot = On, DMA Protection = On,  Virtualization Based Code Integrity = Disabled, Credential Guard = Enabled, Machine Identity Isolation = Disabled, Kernel-mode Hardware-enforced Stack Protection = Not configured, Reboot required = No, Status = 0x0."
"15-07-2026 13:20:43","7000","Information","Microsoft-Windows-DeviceGuard","Device Guard successfully processed the Group Policy: Virtualization Based Security  = Enabled,  Secure Boot = On, DMA Protection = On,  Virtualization Based Code Integrity = Disabled, Credential Guard = Enabled, Machine Identity Isolation = Disabled, Kernel-mode Hardware-enforced Stack Protection = Not configured, Reboot required = No, Status = 0x0."
"15-07-2026 13:20:43","7000","Information","Microsoft-Windows-DeviceGuard","Device Guard successfully processed the Group Policy: Virtualization Based Security  = Enabled,  Secure Boot = On, DMA Protection = On,  Virtualization Based Code Integrity = Disabled, Credential Guard = Enabled, Machine Identity Isolation = Disabled, Kernel-mode Hardware-enforced Stack Protection = Not configured, Reboot required = No, Status = 0x0."
"15-07-2026 13:20:41","7000","Information","Microsoft-Windows-DeviceGuard","Device Guard successfully processed the Group Policy: Virtualization Based Security  = Enabled,  Secure Boot = On, DMA Protection = On,  Virtualization Based Code Integrity = Disabled, Credential Guard = Enabled, Machine Identity Isolation = Disabled, Kernel-mode Hardware-enforced Stack Protection = Not configured, Reboot required = No, Status = 0x0."
"15-07-2026 13:20:41","7000","Information","Microsoft-Windows-DeviceGuard","Device Guard successfully processed the Group Policy: Virtualization Based Security  = Enabled,  Secure Boot = On, DMA Protection = On,  Virtualization Based Code Integrity = Disabled, Credential Guard = Enabled, Machine Identity Isolation = Disabled, Kernel-mode Hardware-enforced Stack Protection = Not configured, Reboot required = No, Status = 0x0."
"15-07-2026 13:20:41","7000","Information","Microsoft-Windows-DeviceGuard","Device Guard successfully processed the Group Policy: Virtualization Based Security  = Enabled,  Secure Boot = On, DMA Protection = On,  Virtualization Based Code Integrity = Disabled, Credential Guard = Enabled, Machine Identity Isolation = Disabled, Kernel-mode Hardware-enforced Stack Protection = Not configured, Reboot required = No, Status = 0x0."
"15-07-2026 13:20:14","7000","Information","Microsoft-Windows-DeviceGuard","Device Guard successfully processed the Group Policy: Virtualization Based Security  = Enabled,  Secure Boot = On, DMA Protection = On,  Virtualization Based Code Integrity = Disabled, Credential Guard = Enabled, Machine Identity Isolation = Disabled, Kernel-mode Hardware-enforced Stack Protection = Not configured, Reboot required = No, Status = 0x0."
"15-07-2026 13:20:14","7000","Information","Microsoft-Windows-DeviceGuard","Device Guard successfully processed the Group Policy: Virtualization Based Security  = Enabled,  Secure Boot = On, DMA Protection = On,  Virtualization Based Code Integrity = Disabled, Credential Guard = Enabled, Machine Identity Isolation = Disabled, Kernel-mode Hardware-enforced Stack Protection = Not configured, Reboot required = No, Status = 0x0."
"15-07-2026 13:20:14","7000","Information","Microsoft-Windows-DeviceGuard","Device Guard successfully processed the Group Policy: Virtualization Based Security  = Enabled,  Secure Boot = On, DMA Protection = On,  Virtualization Based Code Integrity = Disabled, Credential Guard = Enabled, Machine Identity Isolation = Disabled, Kernel-mode Hardware-enforced Stack Protection = Not configured, Reboot required = No, Status = 0x0."
"15-07-2026 13:20:11","7000","Information","Microsoft-Windows-DeviceGuard","Device Guard successfully processed the Group Policy: Virtualization Based Security  = Enabled,  Secure Boot = On, DMA Protection = On,  Virtualization Based Code Integrity = Disabled, Credential Guard = Enabled, Machine Identity Isolation = Disabled, Kernel-mode Hardware-enforced Stack Protection = Not configured, Reboot required = No, Status = 0x0."
"15-07-2026 13:20:11","7000","Information","Microsoft-Windows-DeviceGuard","Device Guard successfully processed the Group Policy: Virtualization Based Security  = Enabled,  Secure Boot = On, DMA Protection = On,  Virtualization Based Code Integrity = Disabled, Credential Guard = Enabled, Machine Identity Isolation = Disabled, Kernel-mode Hardware-enforced Stack Protection = Not configured, Reboot required = No, Status = 0x0."
"15-07-2026 13:20:11","7000","Information","Microsoft-Windows-DeviceGuard","Device Guard successfully processed the Group Policy: Virtualization Based Security  = Enabled,  Secure Boot = On, DMA Protection = On,  Virtualization Based Code Integrity = Disabled, Credential Guard = Enabled, Machine Identity Isolation = Disabled, Kernel-mode Hardware-enforced Stack Protection = Not configured, Reboot required = No, Status = 0x0."
"15-07-2026 13:13:25","7000","Information","Microsoft-Windows-DeviceGuard","Device Guard successfully processed the Group Policy: Virtualization Based Security  = Enabled,  Secure Boot = On, DMA Protection = On,  Virtualization Based Code Integrity = Disabled, Credential Guard = Enabled, Machine Identity Isolation = Disabled, Kernel-mode Hardware-enforced Stack Protection = Not configured, Reboot required = No, Status = 0x0."
"15-07-2026 13:13:25","7000","Information","Microsoft-Windows-DeviceGuard","Device Guard successfully processed the Group Policy: Virtualization Based Security  = Enabled,  Secure Boot = On, DMA Protection = On,  Virtualization Based Code Integrity = Disabled, Credential Guard = Enabled, Machine Identity Isolation = Disabled, Kernel-mode Hardware-enforced Stack Protection = Not configured, Reboot required = No, Status = 0x0."
"15-07-2026 13:13:25","7000","Information","Microsoft-Windows-DeviceGuard","Device Guard successfully processed the Group Policy: Virtualization Based Security  = Enabled,  Secure Boot = On, DMA Protection = On,  Virtualization Based Code Integrity = Disabled, Credential Guard = Enabled, Machine Identity Isolation = Disabled, Kernel-mode Hardware-enforced Stack Protection = Not configured, Reboot required = No, Status = 0x0."
"15-07-2026 13:13:23","7000","Information","Microsoft-Windows-DeviceGuard","Device Guard successfully processed the Group Policy: Virtualization Based Security  = Enabled,  Secure Boot = On, DMA Protection = On,  Virtualization Based Code Integrity = Disabled, Credential Guard = Enabled, Machine Identity Isolation = Disabled, Kernel-mode Hardware-enforced Stack Protection = Not configured, Reboot required = No, Status = 0x0."
"15-07-2026 13:13:23","7000","Information","Microsoft-Windows-DeviceGuard","Device Guard successfully processed the Group Policy: Virtualization Based Security  = Enabled,  Secure Boot = On, DMA Protection = On,  Virtualization Based Code Integrity = Disabled, Credential Guard = Enabled, Machine Identity Isolation = Disabled, Kernel-mode Hardware-enforced Stack Protection = Not configured, Reboot required = No, Status = 0x0."
"15-07-2026 13:13:23","7000","Information","Microsoft-Windows-DeviceGuard","Device Guard successfully processed the Group Policy: Virtualization Based Security  = Enabled,  Secure Boot = On, DMA Protection = On,  Virtualization Based Code Integrity = Disabled, Credential Guard = Enabled, Machine Identity Isolation = Disabled, Kernel-mode Hardware-enforced Stack Protection = Not configured, Reboot required = No, Status = 0x0."
"15-07-2026 13:12:39","7000","Information","Microsoft-Windows-DeviceGuard","Device Guard successfully processed the Group Policy: Virtualization Based Security  = Enabled,  Secure Boot = On, DMA Protection = On,  Virtualization Based Code Integrity = Disabled, Credential Guard = Enabled, Machine Identity Isolation = Disabled, Kernel-mode Hardware-enforced Stack Protection = Not configured, Reboot required = No, Status = 0x0."
"15-07-2026 13:12:39","7000","Information","Microsoft-Windows-DeviceGuard","Device Guard successfully processed the Group Policy: Virtualization Based Security  = Enabled,  Secure Boot = On, DMA Protection = On,  Virtualization Based Code Integrity = Disabled, Credential Guard = Enabled, Machine Identity Isolation = Disabled, Kernel-mode Hardware-enforced Stack Protection = Not configured, Reboot required = No, Status = 0x0."
"15-07-2026 13:12:39","7000","Information","Microsoft-Windows-DeviceGuard","Device Guard successfully processed the Group Policy: Virtualization Based Security  = Enabled,  Secure Boot = On, DMA Protection = On,  Virtualization Based Code Integrity = Disabled, Credential Guard = Enabled, Machine Identity Isolation = Disabled, Kernel-mode Hardware-enforced Stack Protection = Not configured, Reboot required = No, Status = 0x0."
"15-07-2026 13:12:36","7000","Information","Microsoft-Windows-DeviceGuard","Device Guard successfully processed the Group Policy: Virtualization Based Security  = Enabled,  Secure Boot = On, DMA Protection = On,  Virtualization Based Code Integrity = Disabled, Credential Guard = Enabled, Machine Identity Isolation = Disabled, Kernel-mode Hardware-enforced Stack Protection = Not configured, Reboot required = No, Status = 0x0."
"15-07-2026 13:12:36","7000","Information","Microsoft-Windows-DeviceGuard","Device Guard successfully processed the Group Policy: Virtualization Based Security  = Enabled,  Secure Boot = On, DMA Protection = On,  Virtualization Based Code Integrity = Disabled, Credential Guard = Enabled, Machine Identity Isolation = Disabled, Kernel-mode Hardware-enforced Stack Protection = Not configured, Reboot required = No, Status = 0x0."
"15-07-2026 13:12:36","7000","Information","Microsoft-Windows-DeviceGuard","Device Guard successfully processed the Group Policy: Virtualization Based Security  = Enabled,  Secure Boot = On, DMA Protection = On,  Virtualization Based Code Integrity = Disabled, Credential Guard = Enabled, Machine Identity Isolation = Disabled, Kernel-mode Hardware-enforced Stack Protection = Not configured, Reboot required = No, Status = 0x0."
"15-07-2026 13:12:12","7000","Information","Microsoft-Windows-DeviceGuard","Device Guard successfully processed the Group Policy: Virtualization Based Security  = Enabled,  Secure Boot = On, DMA Protection = On,  Virtualization Based Code Integrity = Disabled, Credential Guard = Enabled, Machine Identity Isolation = Disabled, Kernel-mode Hardware-enforced Stack Protection = Not configured, Reboot required = No, Status = 0x0."
"15-07-2026 13:12:12","7000","Information","Microsoft-Windows-DeviceGuard","Device Guard successfully processed the Group Policy: Virtualization Based Security  = Enabled,  Secure Boot = On, DMA Protection = On,  Virtualization Based Code Integrity = Disabled, Credential Guard = Enabled, Machine Identity Isolation = Disabled, Kernel-mode Hardware-enforced Stack Protection = Not configured, Reboot required = No, Status = 0x0."
"15-07-2026 13:12:11","7000","Information","Microsoft-Windows-DeviceGuard","Device Guard successfully processed the Group Policy: Virtualization Based Security  = Enabled,  Secure Boot = On, DMA Protection = On,  Virtualization Based Code Integrity = Disabled, Credential Guard = Enabled, Machine Identity Isolation = Disabled, Kernel-mode Hardware-enforced Stack Protection = Not configured, Reboot required = No, Status = 0x0."
"15-07-2026 13:12:08","7000","Information","Microsoft-Windows-DeviceGuard","Device Guard successfully processed the Group Policy: Virtualization Based Security  = Enabled,  Secure Boot = On, DMA Protection = On,  Virtualization Based Code Integrity = Disabled, Credential Guard = Enabled, Machine Identity Isolation = Disabled, Kernel-mode Hardware-enforced Stack Protection = Not configured, Reboot required = No, Status = 0x0."
"15-07-2026 13:12:08","7000","Information","Microsoft-Windows-DeviceGuard","Device Guard successfully processed the Group Policy: Virtualization Based Security  = Enabled,  Secure Boot = On, DMA Protection = On,  Virtualization Based Code Integrity = Disabled, Credential Guard = Enabled, Machine Identity Isolation = Disabled, Kernel-mode Hardware-enforced Stack Protection = Not configured, Reboot required = No, Status = 0x0."
"15-07-2026 13:12:08","7000","Information","Microsoft-Windows-DeviceGuard","Device Guard successfully processed the Group Policy: Virtualization Based Security  = Enabled,  Secure Boot = On, DMA Protection = On,  Virtualization Based Code Integrity = Disabled, Credential Guard = Enabled, Machine Identity Isolation = Disabled, Kernel-mode Hardware-enforced Stack Protection = Not configured, Reboot required = No, Status = 0x0."
"15-07-2026 13:11:34","7000","Information","Microsoft-Windows-DeviceGuard","Device Guard successfully processed the Group Policy: Virtualization Based Security  = Enabled,  Secure Boot = On, DMA Protection = On,  Virtualization Based Code Integrity = Disabled, Credential Guard = Enabled, Machine Identity Isolation = Disabled, Kernel-mode Hardware-enforced Stack Protection = Not configured, Reboot required = No, Status = 0x0."
"15-07-2026 13:11:34","7000","Information","Microsoft-Windows-DeviceGuard","Device Guard successfully processed the Group Policy: Virtualization Based Security  = Enabled,  Secure Boot = On, DMA Protection = On,  Virtualization Based Code Integrity = Disabled, Credential Guard = Enabled, Machine Identity Isolation = Disabled, Kernel-mode Hardware-enforced Stack Protection = Not configured, Reboot required = No, Status = 0x0."
"15-07-2026 13:11:34","7000","Information","Microsoft-Windows-DeviceGuard","Device Guard successfully processed the Group Policy: Virtualization Based Security  = Enabled,  Secure Boot = On, DMA Protection = On,  Virtualization Based Code Integrity = Disabled, Credential Guard = Enabled, Machine Identity Isolation = Disabled, Kernel-mode Hardware-enforced Stack Protection = Not configured, Reboot required = No, Status = 0x0."
"15-07-2026 13:11:32","7000","Information","Microsoft-Windows-DeviceGuard","Device Guard successfully processed the Group Policy: Virtualization Based Security  = Enabled,  Secure Boot = On, DMA Protection = On,  Virtualization Based Code Integrity = Disabled, Credential Guard = Enabled, Machine Identity Isolation = Disabled, Kernel-mode Hardware-enforced Stack Protection = Not configured, Reboot required = No, Status = 0x0."
"15-07-2026 13:11:32","7000","Information","Microsoft-Windows-DeviceGuard","Device Guard successfully processed the Group Policy: Virtualization Based Security  = Enabled,  Secure Boot = On, DMA Protection = On,  Virtualization Based Code Integrity = Disabled, Credential Guard = Enabled, Machine Identity Isolation = Disabled, Kernel-mode Hardware-enforced Stack Protection = Not configured, Reboot required = No, Status = 0x0."
"15-07-2026 13:11:31","7000","Information","Microsoft-Windows-DeviceGuard","Device Guard successfully processed the Group Policy: Virtualization Based Security  = Enabled,  Secure Boot = On, DMA Protection = On,  Virtualization Based Code Integrity = Disabled, Credential Guard = Enabled, Machine Identity Isolation = Disabled, Kernel-mode Hardware-enforced Stack Protection = Not configured, Reboot required = No, Status = 0x0."
"15-07-2026 13:11:02","7000","Information","Microsoft-Windows-DeviceGuard","Device Guard successfully processed the Group Policy: Virtualization Based Security  = Enabled,  Secure Boot = On, DMA Protection = On,  Virtualization Based Code Integrity = Disabled, Credential Guard = Enabled, Machine Identity Isolation = Disabled, Kernel-mode Hardware-enforced Stack Protection = Not configured, Reboot required = No, Status = 0x0."
"15-07-2026 13:11:02","7000","Information","Microsoft-Windows-DeviceGuard","Device Guard successfully processed the Group Policy: Virtualization Based Security  = Enabled,  Secure Boot = On, DMA Protection = On,  Virtualization Based Code Integrity = Disabled, Credential Guard = Enabled, Machine Identity Isolation = Disabled, Kernel-mode Hardware-enforced Stack Protection = Not configured, Reboot required = No, Status = 0x0."
"15-07-2026 10:36:02","7000","Information","Microsoft-Windows-DeviceGuard","Device Guard successfully processed the Group Policy: Virtualization Based Security  = Enabled,  Secure Boot = On, DMA Protection = On,  Virtualization Based Code Integrity = Disabled, Credential Guard = Enabled, Machine Identity Isolation = Disabled, Kernel-mode Hardware-enforced Stack Protection = Not configured, Reboot required = No, Status = 0x0."
"15-07-2026 10:36:02","7000","Information","Microsoft-Windows-DeviceGuard","Device Guard successfully processed the Group Policy: Virtualization Based Security  = Enabled,  Secure Boot = On, DMA Protection = On,  Virtualization Based Code Integrity = Disabled, Credential Guard = Enabled, Machine Identity Isolation = Disabled, Kernel-mode Hardware-enforced Stack Protection = Not configured, Reboot required = No, Status = 0x0."
"15-07-2026 09:21:51","7000","Information","Microsoft-Windows-DeviceGuard","Device Guard successfully processed the Group Policy: Virtualization Based Security  = Enabled,  Secure Boot = On, DMA Protection = On,  Virtualization Based Code Integrity = Disabled, Credential Guard = Enabled, Machine Identity Isolation = Disabled, Kernel-mode Hardware-enforced Stack Protection = Not configured, Reboot required = No, Status = 0x0."
"15-07-2026 09:21:51","7000","Information","Microsoft-Windows-DeviceGuard","Device Guard successfully processed the Group Policy: Virtualization Based Security  = Enabled,  Secure Boot = On, DMA Protection = On,  Virtualization Based Code Integrity = Disabled, Credential Guard = Enabled, Machine Identity Isolation = Disabled, Kernel-mode Hardware-enforced Stack Protection = Not configured, Reboot required = No, Status = 0x0."
"15-07-2026 06:19:10","7000","Information","Microsoft-Windows-DeviceGuard","Device Guard successfully processed the Group Policy: Virtualization Based Security  = Enabled,  Secure Boot = On, DMA Protection = On,  Virtualization Based Code Integrity = Disabled, Credential Guard = Enabled, Machine Identity Isolation = Disabled, Kernel-mode Hardware-enforced Stack Protection = Not configured, Reboot required = No, Status = 0x0."
"15-07-2026 06:19:10","7000","Information","Microsoft-Windows-DeviceGuard","Device Guard successfully processed the Group Policy: Virtualization Based Security  = Enabled,  Secure Boot = On, DMA Protection = On,  Virtualization Based Code Integrity = Disabled, Credential Guard = Enabled, Machine Identity Isolation = Disabled, Kernel-mode Hardware-enforced Stack Protection = Not configured, Reboot required = No, Status = 0x0."
"14-07-2026 19:16:02","7000","Information","Microsoft-Windows-DeviceGuard","Device Guard successfully processed the Group Policy: Virtualization Based Security  = Enabled,  Secure Boot = On, DMA Protection = On,  Virtualization Based Code Integrity = Disabled, Credential Guard = Enabled, Machine Identity Isolation = Disabled, Kernel-mode Hardware-enforced Stack Protection = Not configured, Reboot required = No, Status = 0x0."
"14-07-2026 19:16:02","7000","Information","Microsoft-Windows-DeviceGuard","Device Guard successfully processed the Group Policy: Virtualization Based Security  = Enabled,  Secure Boot = On, DMA Protection = On,  Virtualization Based Code Integrity = Disabled, Credential Guard = Enabled, Machine Identity Isolation = Disabled, Kernel-mode Hardware-enforced Stack Protection = Not configured, Reboot required = No, Status = 0x0."
"14-07-2026 15:26:03","7000","Information","Microsoft-Windows-DeviceGuard","Device Guard successfully processed the Group Policy: Virtualization Based Security  = Enabled,  Secure Boot = On, DMA Protection = On,  Virtualization Based Code Integrity = Disabled, Credential Guard = Enabled, Machine Identity Isolation = Disabled, Kernel-mode Hardware-enforced Stack Protection = Not configured, Reboot required = No, Status = 0x0."
"14-07-2026 15:26:03","7000","Information","Microsoft-Windows-DeviceGuard","Device Guard successfully processed the Group Policy: Virtualization Based Security  = Enabled,  Secure Boot = On, DMA Protection = On,  Virtualization Based Code Integrity = Disabled, Credential Guard = Enabled, Machine Identity Isolation = Disabled, Kernel-mode Hardware-enforced Stack Protection = Not configured, Reboot required = No, Status = 0x0."
"14-07-2026 13:11:02","7000","Information","Microsoft-Windows-DeviceGuard","Device Guard successfully processed the Group Policy: Virtualization Based Security  = Enabled,  Secure Boot = On, DMA Protection = On,  Virtualization Based Code Integrity = Disabled, Credential Guard = Enabled, Machine Identity Isolation = Disabled, Kernel-mode Hardware-enforced Stack Protection = Not configured, Reboot required = No, Status = 0x0."
"14-07-2026 13:11:02","7000","Information","Microsoft-Windows-DeviceGuard","Device Guard successfully processed the Group Policy: Virtualization Based Security  = Enabled,  Secure Boot = On, DMA Protection = On,  Virtualization Based Code Integrity = Disabled, Credential Guard = Enabled, Machine Identity Isolation = Disabled, Kernel-mode Hardware-enforced Stack Protection = Not configured, Reboot required = No, Status = 0x0."
"14-07-2026 11:36:02","7000","Information","Microsoft-Windows-DeviceGuard","Device Guard successfully processed the Group Policy: Virtualization Based Security  = Enabled,  Secure Boot = On, DMA Protection = On,  Virtualization Based Code Integrity = Disabled, Credential Guard = Enabled, Machine Identity Isolation = Disabled, Kernel-mode Hardware-enforced Stack Protection = Not configured, Reboot required = No, Status = 0x0."
"14-07-2026 11:36:02","7000","Information","Microsoft-Windows-DeviceGuard","Device Guard successfully processed the Group Policy: Virtualization Based Security  = Enabled,  Secure Boot = On, DMA Protection = On,  Virtualization Based Code Integrity = Disabled, Credential Guard = Enabled, Machine Identity Isolation = Disabled, Kernel-mode Hardware-enforced Stack Protection = Not configured, Reboot required = No, Status = 0x0."
"14-07-2026 09:42:46","7000","Information","Microsoft-Windows-DeviceGuard","Device Guard successfully processed the Group Policy: Virtualization Based Security  = Enabled,  Secure Boot = On, DMA Protection = On,  Virtualization Based Code Integrity = Disabled, Credential Guard = Enabled, Machine Identity Isolation = Disabled, Kernel-mode Hardware-enforced Stack Protection = Not configured, Reboot required = No, Status = 0x0."
"14-07-2026 09:42:46","7000","Information","Microsoft-Windows-DeviceGuard","Device Guard successfully processed the Group Policy: Virtualization Based Security  = Enabled,  Secure Boot = On, DMA Protection = On,  Virtualization Based Code Integrity = Disabled, Credential Guard = Enabled, Machine Identity Isolation = Disabled, Kernel-mode Hardware-enforced Stack Protection = Not configured, Reboot required = No, Status = 0x0."
"14-07-2026 09:38:45","7000","Information","Microsoft-Windows-DeviceGuard","Device Guard successfully processed the Group Policy: Virtualization Based Security  = Enabled,  Secure Boot = On, DMA Protection = On,  Virtualization Based Code Integrity = Disabled, Credential Guard = Enabled, Machine Identity Isolation = Disabled, Kernel-mode Hardware-enforced Stack Protection = Not configured, Reboot required = No, Status = 0x0."
"14-07-2026 09:38:45","7000","Information","Microsoft-Windows-DeviceGuard","Device Guard successfully processed the Group Policy: Virtualization Based Security  = Enabled,  Secure Boot = On, DMA Protection = On,  Virtualization Based Code Integrity = Disabled, Credential Guard = Enabled, Machine Identity Isolation = Disabled, Kernel-mode Hardware-enforced Stack Protection = Not configured, Reboot required = No, Status = 0x0."
"14-07-2026 09:38:45","7000","Information","Microsoft-Windows-DeviceGuard","Device Guard successfully processed the Group Policy: Virtualization Based Security  = Enabled,  Secure Boot = On, DMA Protection = On,  Virtualization Based Code Integrity = Disabled, Credential Guard = Enabled, Machine Identity Isolation = Disabled, Kernel-mode Hardware-enforced Stack Protection = Not configured, Reboot required = No, Status = 0x0."
"14-07-2026 09:38:43","7000","Information","Microsoft-Windows-DeviceGuard","Device Guard successfully processed the Group Policy: Virtualization Based Security  = Enabled,  Secure Boot = On, DMA Protection = On,  Virtualization Based Code Integrity = Disabled, Credential Guard = Enabled, Machine Identity Isolation = Disabled, Kernel-mode Hardware-enforced Stack Protection = Not configured, Reboot required = No, Status = 0x0."
"14-07-2026 09:38:43","7000","Information","Microsoft-Windows-DeviceGuard","Device Guard successfully processed the Group Policy: Virtualization Based Security  = Enabled,  Secure Boot = On, DMA Protection = On,  Virtualization Based Code Integrity = Disabled, Credential Guard = Enabled, Machine Identity Isolation = Disabled, Kernel-mode Hardware-enforced Stack Protection = Not configured, Reboot required = No, Status = 0x0."
"14-07-2026 09:38:43","7000","Information","Microsoft-Windows-DeviceGuard","Device Guard successfully processed the Group Policy: Virtualization Based Security  = Enabled,  Secure Boot = On, DMA Protection = On,  Virtualization Based Code Integrity = Disabled, Credential Guard = Enabled, Machine Identity Isolation = Disabled, Kernel-mode Hardware-enforced Stack Protection = Not configured, Reboot required = No, Status = 0x0."
"14-07-2026 09:38:17","7000","Information","Microsoft-Windows-DeviceGuard","Device Guard successfully processed the Group Policy: Virtualization Based Security  = Enabled,  Secure Boot = On, DMA Protection = On,  Virtualization Based Code Integrity = Disabled, Credential Guard = Enabled, Machine Identity Isolation = Disabled, Kernel-mode Hardware-enforced Stack Protection = Not configured, Reboot required = No, Status = 0x0."
"14-07-2026 09:38:17","7000","Information","Microsoft-Windows-DeviceGuard","Device Guard successfully processed the Group Policy: Virtualization Based Security  = Enabled,  Secure Boot = On, DMA Protection = On,  Virtualization Based Code Integrity = Disabled, Credential Guard = Enabled, Machine Identity Isolation = Disabled, Kernel-mode Hardware-enforced Stack Protection = Not configured, Reboot required = No, Status = 0x0."
"14-07-2026 09:38:17","7000","Information","Microsoft-Windows-DeviceGuard","Device Guard successfully processed the Group Policy: Virtualization Based Security  = Enabled,  Secure Boot = On, DMA Protection = On,  Virtualization Based Code Integrity = Disabled, Credential Guard = Enabled, Machine Identity Isolation = Disabled, Kernel-mode Hardware-enforced Stack Protection = Not configured, Reboot required = No, Status = 0x0."
"14-07-2026 09:38:16","7000","Information","Microsoft-Windows-DeviceGuard","Device Guard successfully processed the Group Policy: Virtualization Based Security  = Enabled,  Secure Boot = On, DMA Protection = On,  Virtualization Based Code Integrity = Disabled, Credential Guard = Enabled, Machine Identity Isolation = Disabled, Kernel-mode Hardware-enforced Stack Protection = Not configured, Reboot required = No, Status = 0x0."
"14-07-2026 09:38:16","7000","Information","Microsoft-Windows-DeviceGuard","Device Guard successfully processed the Group Policy: Virtualization Based Security  = Enabled,  Secure Boot = On, DMA Protection = On,  Virtualization Based Code Integrity = Disabled, Credential Guard = Enabled, Machine Identity Isolation = Disabled, Kernel-mode Hardware-enforced Stack Protection = Not configured, Reboot required = No, Status = 0x0."
"14-07-2026 09:38:15","7000","Information","Microsoft-Windows-DeviceGuard","Device Guard successfully processed the Group Policy: Virtualization Based Security  = Enabled,  Secure Boot = On, DMA Protection = On,  Virtualization Based Code Integrity = Disabled, Credential Guard = Enabled, Machine Identity Isolation = Disabled, Kernel-mode Hardware-enforced Stack Protection = Not configured, Reboot required = No, Status = 0x0."
"14-07-2026 09:38:01","7000","Information","Microsoft-Windows-DeviceGuard","Device Guard successfully processed the Group Policy: Virtualization Based Security  = Enabled,  Secure Boot = On, DMA Protection = On,  Virtualization Based Code Integrity = Disabled, Credential Guard = Enabled, Machine Identity Isolation = Disabled, Kernel-mode Hardware-enforced Stack Protection = Not configured, Reboot required = No, Status = 0x0."
"14-07-2026 09:38:01","7000","Information","Microsoft-Windows-DeviceGuard","Device Guard successfully processed the Group Policy: Virtualization Based Security  = Enabled,  Secure Boot = On, DMA Protection = On,  Virtualization Based Code Integrity = Disabled, Credential Guard = Enabled, Machine Identity Isolation = Disabled, Kernel-mode Hardware-enforced Stack Protection = Not configured, Reboot required = No, Status = 0x0."
"14-07-2026 09:38:01","7000","Information","Microsoft-Windows-DeviceGuard","Device Guard successfully processed the Group Policy: Virtualization Based Security  = Enabled,  Secure Boot = On, DMA Protection = On,  Virtualization Based Code Integrity = Disabled, Credential Guard = Enabled, Machine Identity Isolation = Disabled, Kernel-mode Hardware-enforced Stack Protection = Not configured, Reboot required = No, Status = 0x0."
"14-07-2026 09:38:00","7000","Information","Microsoft-Windows-DeviceGuard","Device Guard successfully processed the Group Policy: Virtualization Based Security  = Enabled,  Secure Boot = On, DMA Protection = On,  Virtualization Based Code Integrity = Disabled, Credential Guard = Enabled, Machine Identity Isolation = Disabled, Kernel-mode Hardware-enforced Stack Protection = Not configured, Reboot required = No, Status = 0x0."
"14-07-2026 09:38:00","7000","Information","Microsoft-Windows-DeviceGuard","Device Guard successfully processed the Group Policy: Virtualization Based Security  = Enabled,  Secure Boot = On, DMA Protection = On,  Virtualization Based Code Integrity = Disabled, Credential Guard = Enabled, Machine Identity Isolation = Disabled, Kernel-mode Hardware-enforced Stack Protection = Not configured, Reboot required = No, Status = 0x0."
"14-07-2026 09:38:00","7000","Information","Microsoft-Windows-DeviceGuard","Device Guard successfully processed the Group Policy: Virtualization Based Security  = Enabled,  Secure Boot = On, DMA Protection = On,  Virtualization Based Code Integrity = Disabled, Credential Guard = Enabled, Machine Identity Isolation = Disabled, Kernel-mode Hardware-enforced Stack Protection = Not configured, Reboot required = No, Status = 0x0."
"14-07-2026 09:37:36","7000","Information","Microsoft-Windows-DeviceGuard","Device Guard successfully processed the Group Policy: Virtualization Based Security  = Enabled,  Secure Boot = On, DMA Protection = On,  Virtualization Based Code Integrity = Disabled, Credential Guard = Enabled, Machine Identity Isolation = Disabled, Kernel-mode Hardware-enforced Stack Protection = Not configured, Reboot required = No, Status = 0x0."
"14-07-2026 09:37:36","7000","Information","Microsoft-Windows-DeviceGuard","Device Guard successfully processed the Group Policy: Virtualization Based Security  = Enabled,  Secure Boot = On, DMA Protection = On,  Virtualization Based Code Integrity = Disabled, Credential Guard = Enabled, Machine Identity Isolation = Disabled, Kernel-mode Hardware-enforced Stack Protection = Not configured, Reboot required = No, Status = 0x0."
"14-07-2026 09:37:36","7000","Information","Microsoft-Windows-DeviceGuard","Device Guard successfully processed the Group Policy: Virtualization Based Security  = Enabled,  Secure Boot = On, DMA Protection = On,  Virtualization Based Code Integrity = Disabled, Credential Guard = Enabled, Machine Identity Isolation = Disabled, Kernel-mode Hardware-enforced Stack Protection = Not configured, Reboot required = No, Status = 0x0."
"14-07-2026 09:37:35","7000","Information","Microsoft-Windows-DeviceGuard","Device Guard successfully processed the Group Policy: Virtualization Based Security  = Enabled,  Secure Boot = On, DMA Protection = On,  Virtualization Based Code Integrity = Disabled, Credential Guard = Enabled, Machine Identity Isolation = Disabled, Kernel-mode Hardware-enforced Stack Protection = Not configured, Reboot required = No, Status = 0x0."
"14-07-2026 09:37:35","7000","Information","Microsoft-Windows-DeviceGuard","Device Guard successfully processed the Group Policy: Virtualization Based Security  = Enabled,  Secure Boot = On, DMA Protection = On,  Virtualization Based Code Integrity = Disabled, Credential Guard = Enabled, Machine Identity Isolation = Disabled, Kernel-mode Hardware-enforced Stack Protection = Not configured, Reboot required = No, Status = 0x0."
"14-07-2026 09:37:35","7000","Information","Microsoft-Windows-DeviceGuard","Device Guard successfully processed the Group Policy: Virtualization Based Security  = Enabled,  Secure Boot = On, DMA Protection = On,  Virtualization Based Code Integrity = Disabled, Credential Guard = Enabled, Machine Identity Isolation = Disabled, Kernel-mode Hardware-enforced Stack Protection = Not configured, Reboot required = No, Status = 0x0."
"14-07-2026 05:57:21","7000","Information","Microsoft-Windows-DeviceGuard","Device Guard successfully processed the Group Policy: Virtualization Based Security  = Enabled,  Secure Boot = On, DMA Protection = On,  Virtualization Based Code Integrity = Disabled, Credential Guard = Enabled, Machine Identity Isolation = Disabled, Kernel-mode Hardware-enforced Stack Protection = Not configured, Reboot required = No, Status = 0x0."
"14-07-2026 05:57:21","7000","Information","Microsoft-Windows-DeviceGuard","Device Guard successfully processed the Group Policy: Virtualization Based Security  = Enabled,  Secure Boot = On, DMA Protection = On,  Virtualization Based Code Integrity = Disabled, Credential Guard = Enabled, Machine Identity Isolation = Disabled, Kernel-mode Hardware-enforced Stack Protection = Not configured, Reboot required = No, Status = 0x0."
"13-07-2026 20:16:02","7000","Information","Microsoft-Windows-DeviceGuard","Device Guard successfully processed the Group Policy: Virtualization Based Security  = Enabled,  Secure Boot = On, DMA Protection = On,  Virtualization Based Code Integrity = Disabled, Credential Guard = Enabled, Machine Identity Isolation = Disabled, Kernel-mode Hardware-enforced Stack Protection = Not configured, Reboot required = No, Status = 0x0."
"13-07-2026 20:16:02","7000","Information","Microsoft-Windows-DeviceGuard","Device Guard successfully processed the Group Policy: Virtualization Based Security  = Enabled,  Secure Boot = On, DMA Protection = On,  Virtualization Based Code Integrity = Disabled, Credential Guard = Enabled, Machine Identity Isolation = Disabled, Kernel-mode Hardware-enforced Stack Protection = Not configured, Reboot required = No, Status = 0x0."
"13-07-2026 16:26:02","7000","Information","Microsoft-Windows-DeviceGuard","Device Guard successfully processed the Group Policy: Virtualization Based Security  = Enabled,  Secure Boot = On, DMA Protection = On,  Virtualization Based Code Integrity = Disabled, Credential Guard = Enabled, Machine Identity Isolation = Disabled, Kernel-mode Hardware-enforced Stack Protection = Not configured, Reboot required = No, Status = 0x0."
"13-07-2026 16:26:02","7000","Information","Microsoft-Windows-DeviceGuard","Device Guard successfully processed the Group Policy: Virtualization Based Security  = Enabled,  Secure Boot = On, DMA Protection = On,  Virtualization Based Code Integrity = Disabled, Credential Guard = Enabled, Machine Identity Isolation = Disabled, Kernel-mode Hardware-enforced Stack Protection = Not configured, Reboot required = No, Status = 0x0."
"13-07-2026 13:11:02","7000","Information","Microsoft-Windows-DeviceGuard","Device Guard successfully processed the Group Policy: Virtualization Based Security  = Enabled,  Secure Boot = On, DMA Protection = On,  Virtualization Based Code Integrity = Disabled, Credential Guard = Enabled, Machine Identity Isolation = Disabled, Kernel-mode Hardware-enforced Stack Protection = Not configured, Reboot required = No, Status = 0x0."
"13-07-2026 13:11:02","7000","Information","Microsoft-Windows-DeviceGuard","Device Guard successfully processed the Group Policy: Virtualization Based Security  = Enabled,  Secure Boot = On, DMA Protection = On,  Virtualization Based Code Integrity = Disabled, Credential Guard = Enabled, Machine Identity Isolation = Disabled, Kernel-mode Hardware-enforced Stack Protection = Not configured, Reboot required = No, Status = 0x0."
"13-07-2026 12:36:02","7000","Information","Microsoft-Windows-DeviceGuard","Device Guard successfully processed the Group Policy: Virtualization Based Security  = Enabled,  Secure Boot = On, DMA Protection = On,  Virtualization Based Code Integrity = Disabled, Credential Guard = Enabled, Machine Identity Isolation = Disabled, Kernel-mode Hardware-enforced Stack Protection = Not configured, Reboot required = No, Status = 0x0."
"13-07-2026 12:36:02","7000","Information","Microsoft-Windows-DeviceGuard","Device Guard successfully processed the Group Policy: Virtualization Based Security  = Enabled,  Secure Boot = On, DMA Protection = On,  Virtualization Based Code Integrity = Disabled, Credential Guard = Enabled, Machine Identity Isolation = Disabled, Kernel-mode Hardware-enforced Stack Protection = Not configured, Reboot required = No, Status = 0x0."
"13-07-2026 09:47:07","7000","Information","Microsoft-Windows-DeviceGuard","Device Guard successfully processed the Group Policy: Virtualization Based Security  = Enabled,  Secure Boot = On, DMA Protection = On,  Virtualization Based Code Integrity = Disabled, Credential Guard = Enabled, Machine Identity Isolation = Disabled, Kernel-mode Hardware-enforced Stack Protection = Not configured, Reboot required = No, Status = 0x0."
"13-07-2026 09:47:07","7000","Information","Microsoft-Windows-DeviceGuard","Device Guard successfully processed the Group Policy: Virtualization Based Security  = Enabled,  Secure Boot = On, DMA Protection = On,  Virtualization Based Code Integrity = Disabled, Credential Guard = Enabled, Machine Identity Isolation = Disabled, Kernel-mode Hardware-enforced Stack Protection = Not configured, Reboot required = No, Status = 0x0."
"13-07-2026 09:47:07","7000","Information","Microsoft-Windows-DeviceGuard","Device Guard successfully processed the Group Policy: Virtualization Based Security  = Enabled,  Secure Boot = On, DMA Protection = On,  Virtualization Based Code Integrity = Disabled, Credential Guard = Enabled, Machine Identity Isolation = Disabled, Kernel-mode Hardware-enforced Stack Protection = Not configured, Reboot required = No, Status = 0x0."
"13-07-2026 09:47:04","7000","Information","Microsoft-Windows-DeviceGuard","Device Guard successfully processed the Group Policy: Virtualization Based Security  = Enabled,  Secure Boot = On, DMA Protection = On,  Virtualization Based Code Integrity = Disabled, Credential Guard = Enabled, Machine Identity Isolation = Disabled, Kernel-mode Hardware-enforced Stack Protection = Not configured, Reboot required = No, Status = 0x0."
"13-07-2026 09:47:04","7000","Information","Microsoft-Windows-DeviceGuard","Device Guard successfully processed the Group Policy: Virtualization Based Security  = Enabled,  Secure Boot = On, DMA Protection = On,  Virtualization Based Code Integrity = Disabled, Credential Guard = Enabled, Machine Identity Isolation = Disabled, Kernel-mode Hardware-enforced Stack Protection = Not configured, Reboot required = No, Status = 0x0."
"13-07-2026 09:47:04","7000","Information","Microsoft-Windows-DeviceGuard","Device Guard successfully processed the Group Policy: Virtualization Based Security  = Enabled,  Secure Boot = On, DMA Protection = On,  Virtualization Based Code Integrity = Disabled, Credential Guard = Enabled, Machine Identity Isolation = Disabled, Kernel-mode Hardware-enforced Stack Protection = Not configured, Reboot required = No, Status = 0x0."
"13-07-2026 09:46:25","7000","Information","Microsoft-Windows-DeviceGuard","Device Guard successfully processed the Group Policy: Virtualization Based Security  = Enabled,  Secure Boot = On, DMA Protection = On,  Virtualization Based Code Integrity = Disabled, Credential Guard = Enabled, Machine Identity Isolation = Disabled, Kernel-mode Hardware-enforced Stack Protection = Not configured, Reboot required = No, Status = 0x0."
"13-07-2026 09:46:25","7000","Information","Microsoft-Windows-DeviceGuard","Device Guard successfully processed the Group Policy: Virtualization Based Security  = Enabled,  Secure Boot = On, DMA Protection = On,  Virtualization Based Code Integrity = Disabled, Credential Guard = Enabled, Machine Identity Isolation = Disabled, Kernel-mode Hardware-enforced Stack Protection = Not configured, Reboot required = No, Status = 0x0."
"13-07-2026 09:46:25","7000","Information","Microsoft-Windows-DeviceGuard","Device Guard successfully processed the Group Policy: Virtualization Based Security  = Enabled,  Secure Boot = On, DMA Protection = On,  Virtualization Based Code Integrity = Disabled, Credential Guard = Enabled, Machine Identity Isolation = Disabled, Kernel-mode Hardware-enforced Stack Protection = Not configured, Reboot required = No, Status = 0x0."
"13-07-2026 09:46:22","7000","Information","Microsoft-Windows-DeviceGuard","Device Guard successfully processed the Group Policy: Virtualization Based Security  = Enabled,  Secure Boot = On, DMA Protection = On,  Virtualization Based Code Integrity = Disabled, Credential Guard = Enabled, Machine Identity Isolation = Disabled, Kernel-mode Hardware-enforced Stack Protection = Not configured, Reboot required = No, Status = 0x0."
"13-07-2026 09:46:22","7000","Information","Microsoft-Windows-DeviceGuard","Device Guard successfully processed the Group Policy: Virtualization Based Security  = Enabled,  Secure Boot = On, DMA Protection = On,  Virtualization Based Code Integrity = Disabled, Credential Guard = Enabled, Machine Identity Isolation = Disabled, Kernel-mode Hardware-enforced Stack Protection = Not configured, Reboot required = No, Status = 0x0."
"13-07-2026 09:46:22","7000","Information","Microsoft-Windows-DeviceGuard","Device Guard successfully processed the Group Policy: Virtualization Based Security  = Enabled,  Secure Boot = On, DMA Protection = On,  Virtualization Based Code Integrity = Disabled, Credential Guard = Enabled, Machine Identity Isolation = Disabled, Kernel-mode Hardware-enforced Stack Protection = Not configured, Reboot required = No, Status = 0x0."
"13-07-2026 09:45:47","7000","Information","Microsoft-Windows-DeviceGuard","Device Guard successfully processed the Group Policy: Virtualization Based Security  = Enabled,  Secure Boot = On, DMA Protection = On,  Virtualization Based Code Integrity = Disabled, Credential Guard = Enabled, Machine Identity Isolation = Disabled, Kernel-mode Hardware-enforced Stack Protection = Not configured, Reboot required = No, Status = 0x0."
"13-07-2026 09:45:47","7000","Information","Microsoft-Windows-DeviceGuard","Device Guard successfully processed the Group Policy: Virtualization Based Security  = Enabled,  Secure Boot = On, DMA Protection = On,  Virtualization Based Code Integrity = Disabled, Credential Guard = Enabled, Machine Identity Isolation = Disabled, Kernel-mode Hardware-enforced Stack Protection = Not configured, Reboot required = No, Status = 0x0."
"13-07-2026 09:45:47","7000","Information","Microsoft-Windows-DeviceGuard","Device Guard successfully processed the Group Policy: Virtualization Based Security  = Enabled,  Secure Boot = On, DMA Protection = On,  Virtualization Based Code Integrity = Disabled, Credential Guard = Enabled, Machine Identity Isolation = Disabled, Kernel-mode Hardware-enforced Stack Protection = Not configured, Reboot required = No, Status = 0x0."
"13-07-2026 09:45:43","7000","Information","Microsoft-Windows-DeviceGuard","Device Guard successfully processed the Group Policy: Virtualization Based Security  = Enabled,  Secure Boot = On, DMA Protection = On,  Virtualization Based Code Integrity = Disabled, Credential Guard = Enabled, Machine Identity Isolation = Disabled, Kernel-mode Hardware-enforced Stack Protection = Not configured, Reboot required = No, Status = 0x0."
"13-07-2026 09:45:43","7000","Information","Microsoft-Windows-DeviceGuard","Device Guard successfully processed the Group Policy: Virtualization Based Security  = Enabled,  Secure Boot = On, DMA Protection = On,  Virtualization Based Code Integrity = Disabled, Credential Guard = Enabled, Machine Identity Isolation = Disabled, Kernel-mode Hardware-enforced Stack Protection = Not configured, Reboot required = No, Status = 0x0."
"13-07-2026 09:45:43","7000","Information","Microsoft-Windows-DeviceGuard","Device Guard successfully processed the Group Policy: Virtualization Based Security  = Enabled,  Secure Boot = On, DMA Protection = On,  Virtualization Based Code Integrity = Disabled, Credential Guard = Enabled, Machine Identity Isolation = Disabled, Kernel-mode Hardware-enforced Stack Protection = Not configured, Reboot required = No, Status = 0x0."
"13-07-2026 09:45:00","7000","Information","Microsoft-Windows-DeviceGuard","Device Guard successfully processed the Group Policy: Virtualization Based Security  = Enabled,  Secure Boot = On, DMA Protection = On,  Virtualization Based Code Integrity = Disabled, Credential Guard = Enabled, Machine Identity Isolation = Disabled, Kernel-mode Hardware-enforced Stack Protection = Not configured, Reboot required = No, Status = 0x0."
"13-07-2026 09:45:00","7000","Information","Microsoft-Windows-DeviceGuard","Device Guard successfully processed the Group Policy: Virtualization Based Security  = Enabled,  Secure Boot = On, DMA Protection = On,  Virtualization Based Code Integrity = Disabled, Credential Guard = Enabled, Machine Identity Isolation = Disabled, Kernel-mode Hardware-enforced Stack Protection = Not configured, Reboot required = No, Status = 0x0."
"13-07-2026 09:45:00","7000","Information","Microsoft-Windows-DeviceGuard","Device Guard successfully processed the Group Policy: Virtualization Based Security  = Enabled,  Secure Boot = On, DMA Protection = On,  Virtualization Based Code Integrity = Disabled, Credential Guard = Enabled, Machine Identity Isolation = Disabled, Kernel-mode Hardware-enforced Stack Protection = Not configured, Reboot required = No, Status = 0x0."
"13-07-2026 09:44:57","7000","Information","Microsoft-Windows-DeviceGuard","Device Guard successfully processed the Group Policy: Virtualization Based Security  = Enabled,  Secure Boot = On, DMA Protection = On,  Virtualization Based Code Integrity = Disabled, Credential Guard = Enabled, Machine Identity Isolation = Disabled, Kernel-mode Hardware-enforced Stack Protection = Not configured, Reboot required = No, Status = 0x0."
"13-07-2026 09:44:57","7000","Information","Microsoft-Windows-DeviceGuard","Device Guard successfully processed the Group Policy: Virtualization Based Security  = Enabled,  Secure Boot = On, DMA Protection = On,  Virtualization Based Code Integrity = Disabled, Credential Guard = Enabled, Machine Identity Isolation = Disabled, Kernel-mode Hardware-enforced Stack Protection = Not configured, Reboot required = No, Status = 0x0."
"13-07-2026 09:44:57","7000","Information","Microsoft-Windows-DeviceGuard","Device Guard successfully processed the Group Policy: Virtualization Based Security  = Enabled,  Secure Boot = On, DMA Protection = On,  Virtualization Based Code Integrity = Disabled, Credential Guard = Enabled, Machine Identity Isolation = Disabled, Kernel-mode Hardware-enforced Stack Protection = Not configured, Reboot required = No, Status = 0x0."
"13-07-2026 09:44:40","7000","Information","Microsoft-Windows-DeviceGuard","Device Guard successfully processed the Group Policy: Virtualization Based Security  = Enabled,  Secure Boot = On, DMA Protection = On,  Virtualization Based Code Integrity = Disabled, Credential Guard = Enabled, Machine Identity Isolation = Disabled, Kernel-mode Hardware-enforced Stack Protection = Not configured, Reboot required = No, Status = 0x0."
"13-07-2026 09:44:40","7000","Information","Microsoft-Windows-DeviceGuard","Device Guard successfully processed the Group Policy: Virtualization Based Security  = Enabled,  Secure Boot = On, DMA Protection = On,  Virtualization Based Code Integrity = Disabled, Credential Guard = Enabled, Machine Identity Isolation = Disabled, Kernel-mode Hardware-enforced Stack Protection = Not configured, Reboot required = No, Status = 0x0."
"12-07-2026 21:16:02","7000","Information","Microsoft-Windows-DeviceGuard","Device Guard successfully processed the Group Policy: Virtualization Based Security  = Enabled,  Secure Boot = On, DMA Protection = On,  Virtualization Based Code Integrity = Disabled, Credential Guard = Enabled, Machine Identity Isolation = Disabled, Kernel-mode Hardware-enforced Stack Protection = Not configured, Reboot required = No, Status = 0x0."
"12-07-2026 21:16:02","7000","Information","Microsoft-Windows-DeviceGuard","Device Guard successfully processed the Group Policy: Virtualization Based Security  = Enabled,  Secure Boot = On, DMA Protection = On,  Virtualization Based Code Integrity = Disabled, Credential Guard = Enabled, Machine Identity Isolation = Disabled, Kernel-mode Hardware-enforced Stack Protection = Not configured, Reboot required = No, Status = 0x0."
"12-07-2026 21:11:03","7000","Information","Microsoft-Windows-DeviceGuard","Device Guard successfully processed the Group Policy: Virtualization Based Security  = Enabled,  Secure Boot = On, DMA Protection = On,  Virtualization Based Code Integrity = Disabled, Credential Guard = Enabled, Machine Identity Isolation = Disabled, Kernel-mode Hardware-enforced Stack Protection = Not configured, Reboot required = No, Status = 0x0."
"12-07-2026 21:11:03","7000","Information","Microsoft-Windows-DeviceGuard","Device Guard successfully processed the Group Policy: Virtualization Based Security  = Enabled,  Secure Boot = On, DMA Protection = On,  Virtualization Based Code Integrity = Disabled, Credential Guard = Enabled, Machine Identity Isolation = Disabled, Kernel-mode Hardware-enforced Stack Protection = Not configured, Reboot required = No, Status = 0x0."
"12-07-2026 18:37:18","7000","Information","Microsoft-Windows-DeviceGuard","Device Guard successfully processed the Group Policy: Virtualization Based Security  = Enabled,  Secure Boot = On, DMA Protection = On,  Virtualization Based Code Integrity = Disabled, Credential Guard = Enabled, Machine Identity Isolation = Disabled, Kernel-mode Hardware-enforced Stack Protection = Not configured, Reboot required = No, Status = 0x0."
"12-07-2026 18:37:18","7000","Information","Microsoft-Windows-DeviceGuard","Device Guard successfully processed the Group Policy: Virtualization Based Security  = Enabled,  Secure Boot = On, DMA Protection = On,  Virtualization Based Code Integrity = Disabled, Credential Guard = Enabled, Machine Identity Isolation = Disabled, Kernel-mode Hardware-enforced Stack Protection = Not configured, Reboot required = No, Status = 0x0."
"12-07-2026 18:37:18","7000","Information","Microsoft-Windows-DeviceGuard","Device Guard successfully processed the Group Policy: Virtualization Based Security  = Enabled,  Secure Boot = On, DMA Protection = On,  Virtualization Based Code Integrity = Disabled, Credential Guard = Enabled, Machine Identity Isolation = Disabled, Kernel-mode Hardware-enforced Stack Protection = Not configured, Reboot required = No, Status = 0x0."
"12-07-2026 18:37:15","7000","Information","Microsoft-Windows-DeviceGuard","Device Guard successfully processed the Group Policy: Virtualization Based Security  = Enabled,  Secure Boot = On, DMA Protection = On,  Virtualization Based Code Integrity = Disabled, Credential Guard = Enabled, Machine Identity Isolation = Disabled, Kernel-mode Hardware-enforced Stack Protection = Not configured, Reboot required = No, Status = 0x0."
"12-07-2026 18:37:15","7000","Information","Microsoft-Windows-DeviceGuard","Device Guard successfully processed the Group Policy: Virtualization Based Security  = Enabled,  Secure Boot = On, DMA Protection = On,  Virtualization Based Code Integrity = Disabled, Credential Guard = Enabled, Machine Identity Isolation = Disabled, Kernel-mode Hardware-enforced Stack Protection = Not configured, Reboot required = No, Status = 0x0."
"12-07-2026 18:37:15","7000","Information","Microsoft-Windows-DeviceGuard","Device Guard successfully processed the Group Policy: Virtualization Based Security  = Enabled,  Secure Boot = On, DMA Protection = On,  Virtualization Based Code Integrity = Disabled, Credential Guard = Enabled, Machine Identity Isolation = Disabled, Kernel-mode Hardware-enforced Stack Protection = Not configured, Reboot required = No, Status = 0x0."
"12-07-2026 18:36:51","7000","Information","Microsoft-Windows-DeviceGuard","Device Guard successfully processed the Group Policy: Virtualization Based Security  = Enabled,  Secure Boot = On, DMA Protection = On,  Virtualization Based Code Integrity = Disabled, Credential Guard = Enabled, Machine Identity Isolation = Disabled, Kernel-mode Hardware-enforced Stack Protection = Not configured, Reboot required = No, Status = 0x0."
"12-07-2026 18:36:51","7000","Information","Microsoft-Windows-DeviceGuard","Device Guard successfully processed the Group Policy: Virtualization Based Security  = Enabled,  Secure Boot = On, DMA Protection = On,  Virtualization Based Code Integrity = Disabled, Credential Guard = Enabled, Machine Identity Isolation = Disabled, Kernel-mode Hardware-enforced Stack Protection = Not configured, Reboot required = No, Status = 0x0."
"12-07-2026 18:36:51","7000","Information","Microsoft-Windows-DeviceGuard","Device Guard successfully processed the Group Policy: Virtualization Based Security  = Enabled,  Secure Boot = On, DMA Protection = On,  Virtualization Based Code Integrity = Disabled, Credential Guard = Enabled, Machine Identity Isolation = Disabled, Kernel-mode Hardware-enforced Stack Protection = Not configured, Reboot required = No, Status = 0x0."
"12-07-2026 18:36:49","7000","Information","Microsoft-Windows-DeviceGuard","Device Guard successfully processed the Group Policy: Virtualization Based Security  = Enabled,  Secure Boot = On, DMA Protection = On,  Virtualization Based Code Integrity = Disabled, Credential Guard = Enabled, Machine Identity Isolation = Disabled, Kernel-mode Hardware-enforced Stack Protection = Not configured, Reboot required = No, Status = 0x0."
"12-07-2026 18:36:49","7000","Information","Microsoft-Windows-DeviceGuard","Device Guard successfully processed the Group Policy: Virtualization Based Security  = Enabled,  Secure Boot = On, DMA Protection = On,  Virtualization Based Code Integrity = Disabled, Credential Guard = Enabled, Machine Identity Isolation = Disabled, Kernel-mode Hardware-enforced Stack Protection = Not configured, Reboot required = No, Status = 0x0."
"12-07-2026 18:36:49","7000","Information","Microsoft-Windows-DeviceGuard","Device Guard successfully processed the Group Policy: Virtualization Based Security  = Enabled,  Secure Boot = On, DMA Protection = On,  Virtualization Based Code Integrity = Disabled, Credential Guard = Enabled, Machine Identity Isolation = Disabled, Kernel-mode Hardware-enforced Stack Protection = Not configured, Reboot required = No, Status = 0x0."
"12-07-2026 18:36:14","7000","Information","Microsoft-Windows-DeviceGuard","Device Guard successfully processed the Group Policy: Virtualization Based Security  = Enabled,  Secure Boot = On, DMA Protection = On,  Virtualization Based Code Integrity = Disabled, Credential Guard = Enabled, Machine Identity Isolation = Disabled, Kernel-mode Hardware-enforced Stack Protection = Not configured, Reboot required = No, Status = 0x0."
"12-07-2026 18:36:14","7000","Information","Microsoft-Windows-DeviceGuard","Device Guard successfully processed the Group Policy: Virtualization Based Security  = Enabled,  Secure Boot = On, DMA Protection = On,  Virtualization Based Code Integrity = Disabled, Credential Guard = Enabled, Machine Identity Isolation = Disabled, Kernel-mode Hardware-enforced Stack Protection = Not configured, Reboot required = No, Status = 0x0."
"12-07-2026 18:36:14","7000","Information","Microsoft-Windows-DeviceGuard","Device Guard successfully processed the Group Policy: Virtualization Based Security  = Enabled,  Secure Boot = On, DMA Protection = On,  Virtualization Based Code Integrity = Disabled, Credential Guard = Enabled, Machine Identity Isolation = Disabled, Kernel-mode Hardware-enforced Stack Protection = Not configured, Reboot required = No, Status = 0x0."
"12-07-2026 18:36:11","7000","Information","Microsoft-Windows-DeviceGuard","Device Guard successfully processed the Group Policy: Virtualization Based Security  = Enabled,  Secure Boot = On, DMA Protection = On,  Virtualization Based Code Integrity = Disabled, Credential Guard = Enabled, Machine Identity Isolation = Disabled, Kernel-mode Hardware-enforced Stack Protection = Not configured, Reboot required = No, Status = 0x0."
"12-07-2026 18:36:10","7000","Information","Microsoft-Windows-DeviceGuard","Device Guard successfully processed the Group Policy: Virtualization Based Security  = Enabled,  Secure Boot = On, DMA Protection = On,  Virtualization Based Code Integrity = Disabled, Credential Guard = Enabled, Machine Identity Isolation = Disabled, Kernel-mode Hardware-enforced Stack Protection = Not configured, Reboot required = No, Status = 0x0."
"12-07-2026 18:36:10","7000","Information","Microsoft-Windows-DeviceGuard","Device Guard successfully processed the Group Policy: Virtualization Based Security  = Enabled,  Secure Boot = On, DMA Protection = On,  Virtualization Based Code Integrity = Disabled, Credential Guard = Enabled, Machine Identity Isolation = Disabled, Kernel-mode Hardware-enforced Stack Protection = Not configured, Reboot required = No, Status = 0x0."
"12-07-2026 18:35:33","7000","Information","Microsoft-Windows-DeviceGuard","Device Guard successfully processed the Group Policy: Virtualization Based Security  = Enabled,  Secure Boot = On, DMA Protection = On,  Virtualization Based Code Integrity = Disabled, Credential Guard = Enabled, Machine Identity Isolation = Disabled, Kernel-mode Hardware-enforced Stack Protection = Not configured, Reboot required = No, Status = 0x0."
"12-07-2026 18:35:33","7000","Information","Microsoft-Windows-DeviceGuard","Device Guard successfully processed the Group Policy: Virtualization Based Security  = Enabled,  Secure Boot = On, DMA Protection = On,  Virtualization Based Code Integrity = Disabled, Credential Guard = Enabled, Machine Identity Isolation = Disabled, Kernel-mode Hardware-enforced Stack Protection = Not configured, Reboot required = No, Status = 0x0."
"12-07-2026 18:35:33","7000","Information","Microsoft-Windows-DeviceGuard","Device Guard successfully processed the Group Policy: Virtualization Based Security  = Enabled,  Secure Boot = On, DMA Protection = On,  Virtualization Based Code Integrity = Disabled, Credential Guard = Enabled, Machine Identity Isolation = Disabled, Kernel-mode Hardware-enforced Stack Protection = Not configured, Reboot required = No, Status = 0x0."
"12-07-2026 18:35:31","7000","Information","Microsoft-Windows-DeviceGuard","Device Guard successfully processed the Group Policy: Virtualization Based Security  = Enabled,  Secure Boot = On, DMA Protection = On,  Virtualization Based Code Integrity = Disabled, Credential Guard = Enabled, Machine Identity Isolation = Disabled, Kernel-mode Hardware-enforced Stack Protection = Not configured, Reboot required = No, Status = 0x0."
"12-07-2026 18:35:31","7000","Information","Microsoft-Windows-DeviceGuard","Device Guard successfully processed the Group Policy: Virtualization Based Security  = Enabled,  Secure Boot = On, DMA Protection = On,  Virtualization Based Code Integrity = Disabled, Credential Guard = Enabled, Machine Identity Isolation = Disabled, Kernel-mode Hardware-enforced Stack Protection = Not configured, Reboot required = No, Status = 0x0."
"12-07-2026 18:35:30","7000","Information","Microsoft-Windows-DeviceGuard","Device Guard successfully processed the Group Policy: Virtualization Based Security  = Enabled,  Secure Boot = On, DMA Protection = On,  Virtualization Based Code Integrity = Disabled, Credential Guard = Enabled, Machine Identity Isolation = Disabled, Kernel-mode Hardware-enforced Stack Protection = Not configured, Reboot required = No, Status = 0x0."
"12-07-2026 18:35:08","7000","Information","Microsoft-Windows-DeviceGuard","Device Guard successfully processed the Group Policy: Virtualization Based Security  = Enabled,  Secure Boot = On, DMA Protection = On,  Virtualization Based Code Integrity = Disabled, Credential Guard = Enabled, Machine Identity Isolation = Disabled, Kernel-mode Hardware-enforced Stack Protection = Not configured, Reboot required = No, Status = 0x0."
"12-07-2026 18:35:08","7000","Information","Microsoft-Windows-DeviceGuard","Device Guard successfully processed the Group Policy: Virtualization Based Security  = Enabled,  Secure Boot = On, DMA Protection = On,  Virtualization Based Code Integrity = Disabled, Credential Guard = Enabled, Machine Identity Isolation = Disabled, Kernel-mode Hardware-enforced Stack Protection = Not configured, Reboot required = No, Status = 0x0."
"12-07-2026 18:35:08","7000","Information","Microsoft-Windows-DeviceGuard","Device Guard successfully processed the Group Policy: Virtualization Based Security  = Enabled,  Secure Boot = On, DMA Protection = On,  Virtualization Based Code Integrity = Disabled, Credential Guard = Enabled, Machine Identity Isolation = Disabled, Kernel-mode Hardware-enforced Stack Protection = Not configured, Reboot required = No, Status = 0x0."
"12-07-2026 18:35:05","7000","Information","Microsoft-Windows-DeviceGuard","Device Guard successfully processed the Group Policy: Virtualization Based Security  = Enabled,  Secure Boot = On, DMA Protection = On,  Virtualization Based Code Integrity = Disabled, Credential Guard = Enabled, Machine Identity Isolation = Disabled, Kernel-mode Hardware-enforced Stack Protection = Not configured, Reboot required = No, Status = 0x0."
"12-07-2026 18:35:05","7000","Information","Microsoft-Windows-DeviceGuard","Device Guard successfully processed the Group Policy: Virtualization Based Security  = Enabled,  Secure Boot = On, DMA Protection = On,  Virtualization Based Code Integrity = Disabled, Credential Guard = Enabled, Machine Identity Isolation = Disabled, Kernel-mode Hardware-enforced Stack Protection = Not configured, Reboot required = No, Status = 0x0."
"12-07-2026 18:35:05","7000","Information","Microsoft-Windows-DeviceGuard","Device Guard successfully processed the Group Policy: Virtualization Based Security  = Enabled,  Secure Boot = On, DMA Protection = On,  Virtualization Based Code Integrity = Disabled, Credential Guard = Enabled, Machine Identity Isolation = Disabled, Kernel-mode Hardware-enforced Stack Protection = Not configured, Reboot required = No, Status = 0x0."
"12-07-2026 18:34:27","7000","Information","Microsoft-Windows-DeviceGuard","Device Guard successfully processed the Group Policy: Virtualization Based Security  = Enabled,  Secure Boot = On, DMA Protection = On,  Virtualization Based Code Integrity = Disabled, Credential Guard = Enabled, Machine Identity Isolation = Disabled, Kernel-mode Hardware-enforced Stack Protection = Not configured, Reboot required = No, Status = 0x0."
"12-07-2026 18:34:27","7000","Information","Microsoft-Windows-DeviceGuard","Device Guard successfully processed the Group Policy: Virtualization Based Security  = Enabled,  Secure Boot = On, DMA Protection = On,  Virtualization Based Code Integrity = Disabled, Credential Guard = Enabled, Machine Identity Isolation = Disabled, Kernel-mode Hardware-enforced Stack Protection = Not configured, Reboot required = No, Status = 0x0."
"12-07-2026 18:34:27","7000","Information","Microsoft-Windows-DeviceGuard","Device Guard successfully processed the Group Policy: Virtualization Based Security  = Enabled,  Secure Boot = On, DMA Protection = On,  Virtualization Based Code Integrity = Disabled, Credential Guard = Enabled, Machine Identity Isolation = Disabled, Kernel-mode Hardware-enforced Stack Protection = Not configured, Reboot required = No, Status = 0x0."
"12-07-2026 18:34:24","7000","Information","Microsoft-Windows-DeviceGuard","Device Guard successfully processed the Group Policy: Virtualization Based Security  = Enabled,  Secure Boot = On, DMA Protection = On,  Virtualization Based Code Integrity = Disabled, Credential Guard = Enabled, Machine Identity Isolation = Disabled, Kernel-mode Hardware-enforced Stack Protection = Not configured, Reboot required = No, Status = 0x0."
"12-07-2026 18:34:24","7000","Information","Microsoft-Windows-DeviceGuard","Device Guard successfully processed the Group Policy: Virtualization Based Security  = Enabled,  Secure Boot = On, DMA Protection = On,  Virtualization Based Code Integrity = Disabled, Credential Guard = Enabled, Machine Identity Isolation = Disabled, Kernel-mode Hardware-enforced Stack Protection = Not configured, Reboot required = No, Status = 0x0."
"12-07-2026 18:34:23","7000","Information","Microsoft-Windows-DeviceGuard","Device Guard successfully processed the Group Policy: Virtualization Based Security  = Enabled,  Secure Boot = On, DMA Protection = On,  Virtualization Based Code Integrity = Disabled, Credential Guard = Enabled, Machine Identity Isolation = Disabled, Kernel-mode Hardware-enforced Stack Protection = Not configured, Reboot required = No, Status = 0x0."
"12-07-2026 18:32:54","7000","Information","Microsoft-Windows-DeviceGuard","Device Guard successfully processed the Group Policy: Virtualization Based Security  = Enabled,  Secure Boot = On, DMA Protection = On,  Virtualization Based Code Integrity = Disabled, Credential Guard = Enabled, Machine Identity Isolation = Disabled, Kernel-mode Hardware-enforced Stack Protection = Not configured, Reboot required = No, Status = 0x0."
"12-07-2026 18:32:54","7000","Information","Microsoft-Windows-DeviceGuard","Device Guard successfully processed the Group Policy: Virtualization Based Security  = Enabled,  Secure Boot = On, DMA Protection = On,  Virtualization Based Code Integrity = Disabled, Credential Guard = Enabled, Machine Identity Isolation = Disabled, Kernel-mode Hardware-enforced Stack Protection = Not configured, Reboot required = No, Status = 0x0."
"12-07-2026 18:30:17","7000","Information","Microsoft-Windows-DeviceGuard","Device Guard successfully processed the Group Policy: Virtualization Based Security  = Enabled,  Secure Boot = On, DMA Protection = On,  Virtualization Based Code Integrity = Disabled, Credential Guard = Enabled, Machine Identity Isolation = Disabled, Kernel-mode Hardware-enforced Stack Protection = Not configured, Reboot required = No, Status = 0x0."
"12-07-2026 18:30:17","7000","Information","Microsoft-Windows-DeviceGuard","Device Guard successfully processed the Group Policy: Virtualization Based Security  = Enabled,  Secure Boot = On, DMA Protection = On,  Virtualization Based Code Integrity = Disabled, Credential Guard = Enabled, Machine Identity Isolation = Disabled, Kernel-mode Hardware-enforced Stack Protection = Not configured, Reboot required = No, Status = 0x0."
"12-07-2026 18:30:17","7000","Information","Microsoft-Windows-DeviceGuard","Device Guard successfully processed the Group Policy: Virtualization Based Security  = Enabled,  Secure Boot = On, DMA Protection = On,  Virtualization Based Code Integrity = Disabled, Credential Guard = Enabled, Machine Identity Isolation = Disabled, Kernel-mode Hardware-enforced Stack Protection = Not configured, Reboot required = No, Status = 0x0."
"12-07-2026 18:30:12","7000","Information","Microsoft-Windows-DeviceGuard","Device Guard successfully processed the Group Policy: Virtualization Based Security  = Enabled,  Secure Boot = On, DMA Protection = On,  Virtualization Based Code Integrity = Disabled, Credential Guard = Enabled, Machine Identity Isolation = Disabled, Kernel-mode Hardware-enforced Stack Protection = Not configured, Reboot required = No, Status = 0x0."
"12-07-2026 18:30:12","7000","Information","Microsoft-Windows-DeviceGuard","Device Guard successfully processed the Group Policy: Virtualization Based Security  = Enabled,  Secure Boot = On, DMA Protection = On,  Virtualization Based Code Integrity = Disabled, Credential Guard = Enabled, Machine Identity Isolation = Disabled, Kernel-mode Hardware-enforced Stack Protection = Not configured, Reboot required = No, Status = 0x0."
"12-07-2026 18:30:11","7000","Information","Microsoft-Windows-DeviceGuard","Device Guard successfully processed the Group Policy: Virtualization Based Security  = Enabled,  Secure Boot = On, DMA Protection = On,  Virtualization Based Code Integrity = Disabled, Credential Guard = Enabled, Machine Identity Isolation = Disabled, Kernel-mode Hardware-enforced Stack Protection = Not configured, Reboot required = No, Status = 0x0."
"12-07-2026 18:29:45","7000","Information","Microsoft-Windows-DeviceGuard","Device Guard successfully processed the Group Policy: Virtualization Based Security  = Enabled,  Secure Boot = On, DMA Protection = On,  Virtualization Based Code Integrity = Disabled, Credential Guard = Enabled, Machine Identity Isolation = Disabled, Kernel-mode Hardware-enforced Stack Protection = Not configured, Reboot required = No, Status = 0x0."
"12-07-2026 18:29:45","7000","Information","Microsoft-Windows-DeviceGuard","Device Guard successfully processed the Group Policy: Virtualization Based Security  = Enabled,  Secure Boot = On, DMA Protection = On,  Virtualization Based Code Integrity = Disabled, Credential Guard = Enabled, Machine Identity Isolation = Disabled, Kernel-mode Hardware-enforced Stack Protection = Not configured, Reboot required = No, Status = 0x0."
"12-07-2026 18:29:45","7000","Information","Microsoft-Windows-DeviceGuard","Device Guard successfully processed the Group Policy: Virtualization Based Security  = Enabled,  Secure Boot = On, DMA Protection = On,  Virtualization Based Code Integrity = Disabled, Credential Guard = Enabled, Machine Identity Isolation = Disabled, Kernel-mode Hardware-enforced Stack Protection = Not configured, Reboot required = No, Status = 0x0."
"12-07-2026 18:29:42","7000","Information","Microsoft-Windows-DeviceGuard","Device Guard successfully processed the Group Policy: Virtualization Based Security  = Enabled,  Secure Boot = On, DMA Protection = On,  Virtualization Based Code Integrity = Disabled, Credential Guard = Enabled, Machine Identity Isolation = Disabled, Kernel-mode Hardware-enforced Stack Protection = Not configured, Reboot required = No, Status = 0x0."
"12-07-2026 18:29:42","7000","Information","Microsoft-Windows-DeviceGuard","Device Guard successfully processed the Group Policy: Virtualization Based Security  = Enabled,  Secure Boot = On, DMA Protection = On,  Virtualization Based Code Integrity = Disabled, Credential Guard = Enabled, Machine Identity Isolation = Disabled, Kernel-mode Hardware-enforced Stack Protection = Not configured, Reboot required = No, Status = 0x0."
"12-07-2026 18:29:42","7000","Information","Microsoft-Windows-DeviceGuard","Device Guard successfully processed the Group Policy: Virtualization Based Security  = Enabled,  Secure Boot = On, DMA Protection = On,  Virtualization Based Code Integrity = Disabled, Credential Guard = Enabled, Machine Identity Isolation = Disabled, Kernel-mode Hardware-enforced Stack Protection = Not configured, Reboot required = No, Status = 0x0."
"12-07-2026 18:29:15","7000","Information","Microsoft-Windows-DeviceGuard","Device Guard successfully processed the Group Policy: Virtualization Based Security  = Enabled,  Secure Boot = On, DMA Protection = On,  Virtualization Based Code Integrity = Disabled, Credential Guard = Enabled, Machine Identity Isolation = Disabled, Kernel-mode Hardware-enforced Stack Protection = Not configured, Reboot required = No, Status = 0x0."
"12-07-2026 18:29:15","7000","Information","Microsoft-Windows-DeviceGuard","Device Guard successfully processed the Group Policy: Virtualization Based Security  = Enabled,  Secure Boot = On, DMA Protection = On,  Virtualization Based Code Integrity = Disabled, Credential Guard = Enabled, Machine Identity Isolation = Disabled, Kernel-mode Hardware-enforced Stack Protection = Not configured, Reboot required = No, Status = 0x0."
"12-07-2026 18:29:15","7000","Information","Microsoft-Windows-DeviceGuard","Device Guard successfully processed the Group Policy: Virtualization Based Security  = Enabled,  Secure Boot = On, DMA Protection = On,  Virtualization Based Code Integrity = Disabled, Credential Guard = Enabled, Machine Identity Isolation = Disabled, Kernel-mode Hardware-enforced Stack Protection = Not configured, Reboot required = No, Status = 0x0."
"12-07-2026 18:29:12","7000","Information","Microsoft-Windows-DeviceGuard","Device Guard successfully processed the Group Policy: Virtualization Based Security  = Enabled,  Secure Boot = On, DMA Protection = On,  Virtualization Based Code Integrity = Disabled, Credential Guard = Enabled, Machine Identity Isolation = Disabled, Kernel-mode Hardware-enforced Stack Protection = Not configured, Reboot required = No, Status = 0x0."
"12-07-2026 18:29:12","7000","Information","Microsoft-Windows-DeviceGuard","Device Guard successfully processed the Group Policy: Virtualization Based Security  = Enabled,  Secure Boot = On, DMA Protection = On,  Virtualization Based Code Integrity = Disabled, Credential Guard = Enabled, Machine Identity Isolation = Disabled, Kernel-mode Hardware-enforced Stack Protection = Not configured, Reboot required = No, Status = 0x0."
"12-07-2026 18:29:12","7000","Information","Microsoft-Windows-DeviceGuard","Device Guard successfully processed the Group Policy: Virtualization Based Security  = Enabled,  Secure Boot = On, DMA Protection = On,  Virtualization Based Code Integrity = Disabled, Credential Guard = Enabled, Machine Identity Isolation = Disabled, Kernel-mode Hardware-enforced Stack Protection = Not configured, Reboot required = No, Status = 0x0."
"12-07-2026 18:28:36","7000","Information","Microsoft-Windows-DeviceGuard","Device Guard successfully processed the Group Policy: Virtualization Based Security  = Enabled,  Secure Boot = On, DMA Protection = On,  Virtualization Based Code Integrity = Disabled, Credential Guard = Enabled, Machine Identity Isolation = Disabled, Kernel-mode Hardware-enforced Stack Protection = Not configured, Reboot required = No, Status = 0x0."
"12-07-2026 18:28:36","7000","Information","Microsoft-Windows-DeviceGuard","Device Guard successfully processed the Group Policy: Virtualization Based Security  = Enabled,  Secure Boot = On, DMA Protection = On,  Virtualization Based Code Integrity = Disabled, Credential Guard = Enabled, Machine Identity Isolation = Disabled, Kernel-mode Hardware-enforced Stack Protection = Not configured, Reboot required = No, Status = 0x0."
"12-07-2026 18:28:36","7000","Information","Microsoft-Windows-DeviceGuard","Device Guard successfully processed the Group Policy: Virtualization Based Security  = Enabled,  Secure Boot = On, DMA Protection = On,  Virtualization Based Code Integrity = Disabled, Credential Guard = Enabled, Machine Identity Isolation = Disabled, Kernel-mode Hardware-enforced Stack Protection = Not configured, Reboot required = No, Status = 0x0."
"12-07-2026 18:28:26","7000","Information","Microsoft-Windows-DeviceGuard","Device Guard successfully processed the Group Policy: Virtualization Based Security  = Enabled,  Secure Boot = On, DMA Protection = On,  Virtualization Based Code Integrity = Disabled, Credential Guard = Enabled, Machine Identity Isolation = Disabled, Kernel-mode Hardware-enforced Stack Protection = Not configured, Reboot required = No, Status = 0x0."
"12-07-2026 18:28:26","7000","Information","Microsoft-Windows-DeviceGuard","Device Guard successfully processed the Group Policy: Virtualization Based Security  = Enabled,  Secure Boot = On, DMA Protection = On,  Virtualization Based Code Integrity = Disabled, Credential Guard = Enabled, Machine Identity Isolation = Disabled, Kernel-mode Hardware-enforced Stack Protection = Not configured, Reboot required = No, Status = 0x0."
"12-07-2026 18:28:26","7000","Information","Microsoft-Windows-DeviceGuard","Device Guard successfully processed the Group Policy: Virtualization Based Security  = Enabled,  Secure Boot = On, DMA Protection = On,  Virtualization Based Code Integrity = Disabled, Credential Guard = Enabled, Machine Identity Isolation = Disabled, Kernel-mode Hardware-enforced Stack Protection = Not configured, Reboot required = No, Status = 0x0."
"12-07-2026 18:27:27","7000","Information","Microsoft-Windows-DeviceGuard","Device Guard successfully processed the Group Policy: Virtualization Based Security  = Enabled,  Secure Boot = On, DMA Protection = On,  Virtualization Based Code Integrity = Disabled, Credential Guard = Enabled, Machine Identity Isolation = Disabled, Kernel-mode Hardware-enforced Stack Protection = Not configured, Reboot required = No, Status = 0x0."
"12-07-2026 18:27:27","7000","Information","Microsoft-Windows-DeviceGuard","Device Guard successfully processed the Group Policy: Virtualization Based Security  = Enabled,  Secure Boot = On, DMA Protection = On,  Virtualization Based Code Integrity = Disabled, Credential Guard = Enabled, Machine Identity Isolation = Disabled, Kernel-mode Hardware-enforced Stack Protection = Not configured, Reboot required = No, Status = 0x0."
"12-07-2026 18:27:27","7000","Information","Microsoft-Windows-DeviceGuard","Device Guard successfully processed the Group Policy: Virtualization Based Security  = Enabled,  Secure Boot = On, DMA Protection = On,  Virtualization Based Code Integrity = Disabled, Credential Guard = Enabled, Machine Identity Isolation = Disabled, Kernel-mode Hardware-enforced Stack Protection = Not configured, Reboot required = No, Status = 0x0."
"12-07-2026 18:27:23","7000","Information","Microsoft-Windows-DeviceGuard","Device Guard successfully processed the Group Policy: Virtualization Based Security  = Enabled,  Secure Boot = On, DMA Protection = On,  Virtualization Based Code Integrity = Disabled, Credential Guard = Enabled, Machine Identity Isolation = Disabled, Kernel-mode Hardware-enforced Stack Protection = Not configured, Reboot required = No, Status = 0x0."
"12-07-2026 18:27:23","7000","Information","Microsoft-Windows-DeviceGuard","Device Guard successfully processed the Group Policy: Virtualization Based Security  = Enabled,  Secure Boot = On, DMA Protection = On,  Virtualization Based Code Integrity = Disabled, Credential Guard = Enabled, Machine Identity Isolation = Disabled, Kernel-mode Hardware-enforced Stack Protection = Not configured, Reboot required = No, Status = 0x0."
"12-07-2026 18:27:22","7000","Information","Microsoft-Windows-DeviceGuard","Device Guard successfully processed the Group Policy: Virtualization Based Security  = Enabled,  Secure Boot = On, DMA Protection = On,  Virtualization Based Code Integrity = Disabled, Credential Guard = Enabled, Machine Identity Isolation = Disabled, Kernel-mode Hardware-enforced Stack Protection = Not configured, Reboot required = No, Status = 0x0."
"12-07-2026 18:27:16","7000","Information","Microsoft-Windows-DeviceGuard","Device Guard successfully processed the Group Policy: Virtualization Based Security  = Enabled,  Secure Boot = On, DMA Protection = On,  Virtualization Based Code Integrity = Disabled, Credential Guard = Enabled, Machine Identity Isolation = Disabled, Kernel-mode Hardware-enforced Stack Protection = Not configured, Reboot required = No, Status = 0x0."
"12-07-2026 18:27:16","7000","Information","Microsoft-Windows-DeviceGuard","Device Guard successfully processed the Group Policy: Virtualization Based Security  = Enabled,  Secure Boot = On, DMA Protection = On,  Virtualization Based Code Integrity = Disabled, Credential Guard = Enabled, Machine Identity Isolation = Disabled, Kernel-mode Hardware-enforced Stack Protection = Not configured, Reboot required = No, Status = 0x0."
"12-07-2026 18:26:11","7000","Information","Microsoft-Windows-DeviceGuard","Device Guard successfully processed the Group Policy: Virtualization Based Security  = Enabled,  Secure Boot = On, DMA Protection = On,  Virtualization Based Code Integrity = Disabled, Credential Guard = Enabled, Machine Identity Isolation = Disabled, Kernel-mode Hardware-enforced Stack Protection = Not configured, Reboot required = No, Status = 0x0."
"12-07-2026 18:26:11","7000","Information","Microsoft-Windows-DeviceGuard","Device Guard successfully processed the Group Policy: Virtualization Based Security  = Enabled,  Secure Boot = On, DMA Protection = On,  Virtualization Based Code Integrity = Disabled, Credential Guard = Enabled, Machine Identity Isolation = Disabled, Kernel-mode Hardware-enforced Stack Protection = Not configured, Reboot required = No, Status = 0x0."
"12-07-2026 18:26:11","7000","Information","Microsoft-Windows-DeviceGuard","Device Guard successfully processed the Group Policy: Virtualization Based Security  = Enabled,  Secure Boot = On, DMA Protection = On,  Virtualization Based Code Integrity = Disabled, Credential Guard = Enabled, Machine Identity Isolation = Disabled, Kernel-mode Hardware-enforced Stack Protection = Not configured, Reboot required = No, Status = 0x0."
"12-07-2026 18:26:07","7000","Information","Microsoft-Windows-DeviceGuard","Device Guard successfully processed the Group Policy: Virtualization Based Security  = Enabled,  Secure Boot = On, DMA Protection = On,  Virtualization Based Code Integrity = Disabled, Credential Guard = Enabled, Machine Identity Isolation = Disabled, Kernel-mode Hardware-enforced Stack Protection = Not configured, Reboot required = No, Status = 0x0."
"12-07-2026 18:26:07","7000","Information","Microsoft-Windows-DeviceGuard","Device Guard successfully processed the Group Policy: Virtualization Based Security  = Enabled,  Secure Boot = On, DMA Protection = On,  Virtualization Based Code Integrity = Disabled, Credential Guard = Enabled, Machine Identity Isolation = Disabled, Kernel-mode Hardware-enforced Stack Protection = Not configured, Reboot required = No, Status = 0x0."
"12-07-2026 18:26:06","7000","Information","Microsoft-Windows-DeviceGuard","Device Guard successfully processed the Group Policy: Virtualization Based Security  = Enabled,  Secure Boot = On, DMA Protection = On,  Virtualization Based Code Integrity = Disabled, Credential Guard = Enabled, Machine Identity Isolation = Disabled, Kernel-mode Hardware-enforced Stack Protection = Not configured, Reboot required = No, Status = 0x0."
"12-07-2026 18:24:40","7000","Information","Microsoft-Windows-DeviceGuard","Device Guard successfully processed the Group Policy: Virtualization Based Security  = Enabled,  Secure Boot = On, DMA Protection = On,  Virtualization Based Code Integrity = Disabled, Credential Guard = Enabled, Machine Identity Isolation = Disabled, Kernel-mode Hardware-enforced Stack Protection = Not configured, Reboot required = No, Status = 0x0."
"12-07-2026 18:24:30","7000","Information","Microsoft-Windows-DeviceGuard","Device Guard successfully processed the Group Policy: Virtualization Based Security  = Enabled,  Secure Boot = On, DMA Protection = On,  Virtualization Based Code Integrity = Disabled, Credential Guard = Enabled, Machine Identity Isolation = Disabled, Kernel-mode Hardware-enforced Stack Protection = Not configured, Reboot required = No, Status = 0x0."
"11-07-2026 18:26:02","7000","Information","Microsoft-Windows-DeviceGuard","Device Guard successfully processed the Group Policy: Virtualization Based Security  = Enabled,  Secure Boot = On, DMA Protection = On,  Virtualization Based Code Integrity = Disabled, Credential Guard = Enabled, Machine Identity Isolation = Disabled, Kernel-mode Hardware-enforced Stack Protection = Not configured, Reboot required = No, Status = 0x0."
"11-07-2026 18:26:02","7000","Information","Microsoft-Windows-DeviceGuard","Device Guard successfully processed the Group Policy: Virtualization Based Security  = Enabled,  Secure Boot = On, DMA Protection = On,  Virtualization Based Code Integrity = Disabled, Credential Guard = Enabled, Machine Identity Isolation = Disabled, Kernel-mode Hardware-enforced Stack Protection = Not configured, Reboot required = No, Status = 0x0."
"11-07-2026 14:36:02","7000","Information","Microsoft-Windows-DeviceGuard","Device Guard successfully processed the Group Policy: Virtualization Based Security  = Enabled,  Secure Boot = On, DMA Protection = On,  Virtualization Based Code Integrity = Disabled, Credential Guard = Enabled, Machine Identity Isolation = Disabled, Kernel-mode Hardware-enforced Stack Protection = Not configured, Reboot required = No, Status = 0x0."
"11-07-2026 14:36:02","7000","Information","Microsoft-Windows-DeviceGuard","Device Guard successfully processed the Group Policy: Virtualization Based Security  = Enabled,  Secure Boot = On, DMA Protection = On,  Virtualization Based Code Integrity = Disabled, Credential Guard = Enabled, Machine Identity Isolation = Disabled, Kernel-mode Hardware-enforced Stack Protection = Not configured, Reboot required = No, Status = 0x0."
"11-07-2026 13:11:01","7000","Information","Microsoft-Windows-DeviceGuard","Device Guard successfully processed the Group Policy: Virtualization Based Security  = Enabled,  Secure Boot = On, DMA Protection = On,  Virtualization Based Code Integrity = Disabled, Credential Guard = Enabled, Machine Identity Isolation = Disabled, Kernel-mode Hardware-enforced Stack Protection = Not configured, Reboot required = No, Status = 0x0."
"11-07-2026 13:11:01","7000","Information","Microsoft-Windows-DeviceGuard","Device Guard successfully processed the Group Policy: Virtualization Based Security  = Enabled,  Secure Boot = On, DMA Protection = On,  Virtualization Based Code Integrity = Disabled, Credential Guard = Enabled, Machine Identity Isolation = Disabled, Kernel-mode Hardware-enforced Stack Protection = Not configured, Reboot required = No, Status = 0x0."
"11-07-2026 10:46:02","7000","Information","Microsoft-Windows-DeviceGuard","Device Guard successfully processed the Group Policy: Virtualization Based Security  = Enabled,  Secure Boot = On, DMA Protection = On,  Virtualization Based Code Integrity = Disabled, Credential Guard = Enabled, Machine Identity Isolation = Disabled, Kernel-mode Hardware-enforced Stack Protection = Not configured, Reboot required = No, Status = 0x0."
"11-07-2026 10:46:02","7000","Information","Microsoft-Windows-DeviceGuard","Device Guard successfully processed the Group Policy: Virtualization Based Security  = Enabled,  Secure Boot = On, DMA Protection = On,  Virtualization Based Code Integrity = Disabled, Credential Guard = Enabled, Machine Identity Isolation = Disabled, Kernel-mode Hardware-enforced Stack Protection = Not configured, Reboot required = No, Status = 0x0."
"11-07-2026 09:17:08","7000","Information","Microsoft-Windows-DeviceGuard","Device Guard successfully processed the Group Policy: Virtualization Based Security  = Enabled,  Secure Boot = On, DMA Protection = On,  Virtualization Based Code Integrity = Disabled, Credential Guard = Enabled, Machine Identity Isolation = Disabled, Kernel-mode Hardware-enforced Stack Protection = Not configured, Reboot required = No, Status = 0x0."
"11-07-2026 09:17:08","7000","Information","Microsoft-Windows-DeviceGuard","Device Guard successfully processed the Group Policy: Virtualization Based Security  = Enabled,  Secure Boot = On, DMA Protection = On,  Virtualization Based Code Integrity = Disabled, Credential Guard = Enabled, Machine Identity Isolation = Disabled, Kernel-mode Hardware-enforced Stack Protection = Not configured, Reboot required = No, Status = 0x0."
"11-07-2026 09:17:08","7000","Information","Microsoft-Windows-DeviceGuard","Device Guard successfully processed the Group Policy: Virtualization Based Security  = Enabled,  Secure Boot = On, DMA Protection = On,  Virtualization Based Code Integrity = Disabled, Credential Guard = Enabled, Machine Identity Isolation = Disabled, Kernel-mode Hardware-enforced Stack Protection = Not configured, Reboot required = No, Status = 0x0."
"11-07-2026 09:17:04","7000","Information","Microsoft-Windows-DeviceGuard","Device Guard successfully processed the Group Policy: Virtualization Based Security  = Enabled,  Secure Boot = On, DMA Protection = On,  Virtualization Based Code Integrity = Disabled, Credential Guard = Enabled, Machine Identity Isolation = Disabled, Kernel-mode Hardware-enforced Stack Protection = Not configured, Reboot required = No, Status = 0x0."
"11-07-2026 09:17:04","7000","Information","Microsoft-Windows-DeviceGuard","Device Guard successfully processed the Group Policy: Virtualization Based Security  = Enabled,  Secure Boot = On, DMA Protection = On,  Virtualization Based Code Integrity = Disabled, Credential Guard = Enabled, Machine Identity Isolation = Disabled, Kernel-mode Hardware-enforced Stack Protection = Not configured, Reboot required = No, Status = 0x0."
"11-07-2026 09:17:04","7000","Information","Microsoft-Windows-DeviceGuard","Device Guard successfully processed the Group Policy: Virtualization Based Security  = Enabled,  Secure Boot = On, DMA Protection = On,  Virtualization Based Code Integrity = Disabled, Credential Guard = Enabled, Machine Identity Isolation = Disabled, Kernel-mode Hardware-enforced Stack Protection = Not configured, Reboot required = No, Status = 0x0."
"11-07-2026 09:16:29","7000","Information","Microsoft-Windows-DeviceGuard","Device Guard successfully processed the Group Policy: Virtualization Based Security  = Enabled,  Secure Boot = On, DMA Protection = On,  Virtualization Based Code Integrity = Disabled, Credential Guard = Enabled, Machine Identity Isolation = Disabled, Kernel-mode Hardware-enforced Stack Protection = Not configured, Reboot required = No, Status = 0x0."
"11-07-2026 09:16:28","7000","Information","Microsoft-Windows-DeviceGuard","Device Guard successfully processed the Group Policy: Virtualization Based Security  = Enabled,  Secure Boot = On, DMA Protection = On,  Virtualization Based Code Integrity = Disabled, Credential Guard = Enabled, Machine Identity Isolation = Disabled, Kernel-mode Hardware-enforced Stack Protection = Not configured, Reboot required = No, Status = 0x0."
"11-07-2026 09:16:28","7000","Information","Microsoft-Windows-DeviceGuard","Device Guard successfully processed the Group Policy: Virtualization Based Security  = Enabled,  Secure Boot = On, DMA Protection = On,  Virtualization Based Code Integrity = Disabled, Credential Guard = Enabled, Machine Identity Isolation = Disabled, Kernel-mode Hardware-enforced Stack Protection = Not configured, Reboot required = No, Status = 0x0."
"11-07-2026 09:16:25","7000","Information","Microsoft-Windows-DeviceGuard","Device Guard successfully processed the Group Policy: Virtualization Based Security  = Enabled,  Secure Boot = On, DMA Protection = On,  Virtualization Based Code Integrity = Disabled, Credential Guard = Enabled, Machine Identity Isolation = Disabled, Kernel-mode Hardware-enforced Stack Protection = Not configured, Reboot required = No, Status = 0x0."
"11-07-2026 09:16:25","7000","Information","Microsoft-Windows-DeviceGuard","Device Guard successfully processed the Group Policy: Virtualization Based Security  = Enabled,  Secure Boot = On, DMA Protection = On,  Virtualization Based Code Integrity = Disabled, Credential Guard = Enabled, Machine Identity Isolation = Disabled, Kernel-mode Hardware-enforced Stack Protection = Not configured, Reboot required = No, Status = 0x0."
"11-07-2026 09:16:25","7000","Information","Microsoft-Windows-DeviceGuard","Device Guard successfully processed the Group Policy: Virtualization Based Security  = Enabled,  Secure Boot = On, DMA Protection = On,  Virtualization Based Code Integrity = Disabled, Credential Guard = Enabled, Machine Identity Isolation = Disabled, Kernel-mode Hardware-enforced Stack Protection = Not configured, Reboot required = No, Status = 0x0."
"11-07-2026 09:15:49","7000","Information","Microsoft-Windows-DeviceGuard","Device Guard successfully processed the Group Policy: Virtualization Based Security  = Enabled,  Secure Boot = On, DMA Protection = On,  Virtualization Based Code Integrity = Disabled, Credential Guard = Enabled, Machine Identity Isolation = Disabled, Kernel-mode Hardware-enforced Stack Protection = Not configured, Reboot required = No, Status = 0x0."
"11-07-2026 09:15:49","7000","Information","Microsoft-Windows-DeviceGuard","Device Guard successfully processed the Group Policy: Virtualization Based Security  = Enabled,  Secure Boot = On, DMA Protection = On,  Virtualization Based Code Integrity = Disabled, Credential Guard = Enabled, Machine Identity Isolation = Disabled, Kernel-mode Hardware-enforced Stack Protection = Not configured, Reboot required = No, Status = 0x0."
"11-07-2026 09:15:49","7000","Information","Microsoft-Windows-DeviceGuard","Device Guard successfully processed the Group Policy: Virtualization Based Security  = Enabled,  Secure Boot = On, DMA Protection = On,  Virtualization Based Code Integrity = Disabled, Credential Guard = Enabled, Machine Identity Isolation = Disabled, Kernel-mode Hardware-enforced Stack Protection = Not configured, Reboot required = No, Status = 0x0."
"11-07-2026 09:15:45","7000","Information","Microsoft-Windows-DeviceGuard","Device Guard successfully processed the Group Policy: Virtualization Based Security  = Enabled,  Secure Boot = On, DMA Protection = On,  Virtualization Based Code Integrity = Disabled, Credential Guard = Enabled, Machine Identity Isolation = Disabled, Kernel-mode Hardware-enforced Stack Protection = Not configured, Reboot required = No, Status = 0x0."
"11-07-2026 09:15:45","7000","Information","Microsoft-Windows-DeviceGuard","Device Guard successfully processed the Group Policy: Virtualization Based Security  = Enabled,  Secure Boot = On, DMA Protection = On,  Virtualization Based Code Integrity = Disabled, Credential Guard = Enabled, Machine Identity Isolation = Disabled, Kernel-mode Hardware-enforced Stack Protection = Not configured, Reboot required = No, Status = 0x0."
"11-07-2026 09:15:45","7000","Information","Microsoft-Windows-DeviceGuard","Device Guard successfully processed the Group Policy: Virtualization Based Security  = Enabled,  Secure Boot = On, DMA Protection = On,  Virtualization Based Code Integrity = Disabled, Credential Guard = Enabled, Machine Identity Isolation = Disabled, Kernel-mode Hardware-enforced Stack Protection = Not configured, Reboot required = No, Status = 0x0."
"11-07-2026 09:15:03","7000","Information","Microsoft-Windows-DeviceGuard","Device Guard successfully processed the Group Policy: Virtualization Based Security  = Enabled,  Secure Boot = On, DMA Protection = On,  Virtualization Based Code Integrity = Disabled, Credential Guard = Enabled, Machine Identity Isolation = Disabled, Kernel-mode Hardware-enforced Stack Protection = Not configured, Reboot required = No, Status = 0x0."
"11-07-2026 09:15:03","7000","Information","Microsoft-Windows-DeviceGuard","Device Guard successfully processed the Group Policy: Virtualization Based Security  = Enabled,  Secure Boot = On, DMA Protection = On,  Virtualization Based Code Integrity = Disabled, Credential Guard = Enabled, Machine Identity Isolation = Disabled, Kernel-mode Hardware-enforced Stack Protection = Not configured, Reboot required = No, Status = 0x0."
"11-07-2026 09:15:03","7000","Information","Microsoft-Windows-DeviceGuard","Device Guard successfully processed the Group Policy: Virtualization Based Security  = Enabled,  Secure Boot = On, DMA Protection = On,  Virtualization Based Code Integrity = Disabled, Credential Guard = Enabled, Machine Identity Isolation = Disabled, Kernel-mode Hardware-enforced Stack Protection = Not configured, Reboot required = No, Status = 0x0."
"11-07-2026 09:14:59","7000","Information","Microsoft-Windows-DeviceGuard","Device Guard successfully processed the Group Policy: Virtualization Based Security  = Enabled,  Secure Boot = On, DMA Protection = On,  Virtualization Based Code Integrity = Disabled, Credential Guard = Enabled, Machine Identity Isolation = Disabled, Kernel-mode Hardware-enforced Stack Protection = Not configured, Reboot required = No, Status = 0x0."
"11-07-2026 09:14:59","7000","Information","Microsoft-Windows-DeviceGuard","Device Guard successfully processed the Group Policy: Virtualization Based Security  = Enabled,  Secure Boot = On, DMA Protection = On,  Virtualization Based Code Integrity = Disabled, Credential Guard = Enabled, Machine Identity Isolation = Disabled, Kernel-mode Hardware-enforced Stack Protection = Not configured, Reboot required = No, Status = 0x0."
"11-07-2026 09:14:59","7000","Information","Microsoft-Windows-DeviceGuard","Device Guard successfully processed the Group Policy: Virtualization Based Security  = Enabled,  Secure Boot = On, DMA Protection = On,  Virtualization Based Code Integrity = Disabled, Credential Guard = Enabled, Machine Identity Isolation = Disabled, Kernel-mode Hardware-enforced Stack Protection = Not configured, Reboot required = No, Status = 0x0."
"11-07-2026 09:14:12","7000","Information","Microsoft-Windows-DeviceGuard","Device Guard successfully processed the Group Policy: Virtualization Based Security  = Enabled,  Secure Boot = On, DMA Protection = On,  Virtualization Based Code Integrity = Disabled, Credential Guard = Enabled, Machine Identity Isolation = Disabled, Kernel-mode Hardware-enforced Stack Protection = Not configured, Reboot required = No, Status = 0x0."
"11-07-2026 09:14:12","7000","Information","Microsoft-Windows-DeviceGuard","Device Guard successfully processed the Group Policy: Virtualization Based Security  = Enabled,  Secure Boot = On, DMA Protection = On,  Virtualization Based Code Integrity = Disabled, Credential Guard = Enabled, Machine Identity Isolation = Disabled, Kernel-mode Hardware-enforced Stack Protection = Not configured, Reboot required = No, Status = 0x0."
"11-07-2026 09:14:02","7000","Information","Microsoft-Windows-DeviceGuard","Device Guard successfully processed the Group Policy: Virtualization Based Security  = Enabled,  Secure Boot = On, DMA Protection = On,  Virtualization Based Code Integrity = Disabled, Credential Guard = Enabled, Machine Identity Isolation = Disabled, Kernel-mode Hardware-enforced Stack Protection = Not configured, Reboot required = No, Status = 0x0."
"11-07-2026 09:14:02","7000","Information","Microsoft-Windows-DeviceGuard","Device Guard successfully processed the Group Policy: Virtualization Based Security  = Enabled,  Secure Boot = On, DMA Protection = On,  Virtualization Based Code Integrity = Disabled, Credential Guard = Enabled, Machine Identity Isolation = Disabled, Kernel-mode Hardware-enforced Stack Protection = Not configured, Reboot required = No, Status = 0x0."
"10-07-2026 15:36:02","7000","Information","Microsoft-Windows-DeviceGuard","Device Guard successfully processed the Group Policy: Virtualization Based Security  = Enabled,  Secure Boot = On, DMA Protection = On,  Virtualization Based Code Integrity = Disabled, Credential Guard = Enabled, Machine Identity Isolation = Disabled, Kernel-mode Hardware-enforced Stack Protection = Not configured, Reboot required = No, Status = 0x0."
"10-07-2026 15:36:02","7000","Information","Microsoft-Windows-DeviceGuard","Device Guard successfully processed the Group Policy: Virtualization Based Security  = Enabled,  Secure Boot = On, DMA Protection = On,  Virtualization Based Code Integrity = Disabled, Credential Guard = Enabled, Machine Identity Isolation = Disabled, Kernel-mode Hardware-enforced Stack Protection = Not configured, Reboot required = No, Status = 0x0."
"10-07-2026 13:12:10","7000","Information","Microsoft-Windows-DeviceGuard","Device Guard successfully processed the Group Policy: Virtualization Based Security  = Enabled,  Secure Boot = On, DMA Protection = On,  Virtualization Based Code Integrity = Disabled, Credential Guard = Enabled, Machine Identity Isolation = Disabled, Kernel-mode Hardware-enforced Stack Protection = Not configured, Reboot required = No, Status = 0x0."
"10-07-2026 13:12:10","7000","Information","Microsoft-Windows-DeviceGuard","Device Guard successfully processed the Group Policy: Virtualization Based Security  = Enabled,  Secure Boot = On, DMA Protection = On,  Virtualization Based Code Integrity = Disabled, Credential Guard = Enabled, Machine Identity Isolation = Disabled, Kernel-mode Hardware-enforced Stack Protection = Not configured, Reboot required = No, Status = 0x0."
"10-07-2026 13:12:10","7000","Information","Microsoft-Windows-DeviceGuard","Device Guard successfully processed the Group Policy: Virtualization Based Security  = Enabled,  Secure Boot = On, DMA Protection = On,  Virtualization Based Code Integrity = Disabled, Credential Guard = Enabled, Machine Identity Isolation = Disabled, Kernel-mode Hardware-enforced Stack Protection = Not configured, Reboot required = No, Status = 0x0."
"10-07-2026 13:12:07","7000","Information","Microsoft-Windows-DeviceGuard","Device Guard successfully processed the Group Policy: Virtualization Based Security  = Enabled,  Secure Boot = On, DMA Protection = On,  Virtualization Based Code Integrity = Disabled, Credential Guard = Enabled, Machine Identity Isolation = Disabled, Kernel-mode Hardware-enforced Stack Protection = Not configured, Reboot required = No, Status = 0x0."
"10-07-2026 13:12:07","7000","Information","Microsoft-Windows-DeviceGuard","Device Guard successfully processed the Group Policy: Virtualization Based Security  = Enabled,  Secure Boot = On, DMA Protection = On,  Virtualization Based Code Integrity = Disabled, Credential Guard = Enabled, Machine Identity Isolation = Disabled, Kernel-mode Hardware-enforced Stack Protection = Not configured, Reboot required = No, Status = 0x0."
"10-07-2026 13:12:07","7000","Information","Microsoft-Windows-DeviceGuard","Device Guard successfully processed the Group Policy: Virtualization Based Security  = Enabled,  Secure Boot = On, DMA Protection = On,  Virtualization Based Code Integrity = Disabled, Credential Guard = Enabled, Machine Identity Isolation = Disabled, Kernel-mode Hardware-enforced Stack Protection = Not configured, Reboot required = No, Status = 0x0."
"10-07-2026 13:11:29","7000","Information","Microsoft-Windows-DeviceGuard","Device Guard successfully processed the Group Policy: Virtualization Based Security  = Enabled,  Secure Boot = On, DMA Protection = On,  Virtualization Based Code Integrity = Disabled, Credential Guard = Enabled, Machine Identity Isolation = Disabled, Kernel-mode Hardware-enforced Stack Protection = Not configured, Reboot required = No, Status = 0x0."
"10-07-2026 13:11:29","7000","Information","Microsoft-Windows-DeviceGuard","Device Guard successfully processed the Group Policy: Virtualization Based Security  = Enabled,  Secure Boot = On, DMA Protection = On,  Virtualization Based Code Integrity = Disabled, Credential Guard = Enabled, Machine Identity Isolation = Disabled, Kernel-mode Hardware-enforced Stack Protection = Not configured, Reboot required = No, Status = 0x0."
"10-07-2026 13:11:29","7000","Information","Microsoft-Windows-DeviceGuard","Device Guard successfully processed the Group Policy: Virtualization Based Security  = Enabled,  Secure Boot = On, DMA Protection = On,  Virtualization Based Code Integrity = Disabled, Credential Guard = Enabled, Machine Identity Isolation = Disabled, Kernel-mode Hardware-enforced Stack Protection = Not configured, Reboot required = No, Status = 0x0."
"10-07-2026 13:11:26","7000","Information","Microsoft-Windows-DeviceGuard","Device Guard successfully processed the Group Policy: Virtualization Based Security  = Enabled,  Secure Boot = On, DMA Protection = On,  Virtualization Based Code Integrity = Disabled, Credential Guard = Enabled, Machine Identity Isolation = Disabled, Kernel-mode Hardware-enforced Stack Protection = Not configured, Reboot required = No, Status = 0x0."
"10-07-2026 13:11:26","7000","Information","Microsoft-Windows-DeviceGuard","Device Guard successfully processed the Group Policy: Virtualization Based Security  = Enabled,  Secure Boot = On, DMA Protection = On,  Virtualization Based Code Integrity = Disabled, Credential Guard = Enabled, Machine Identity Isolation = Disabled, Kernel-mode Hardware-enforced Stack Protection = Not configured, Reboot required = No, Status = 0x0."
"10-07-2026 13:11:26","7000","Information","Microsoft-Windows-DeviceGuard","Device Guard successfully processed the Group Policy: Virtualization Based Security  = Enabled,  Secure Boot = On, DMA Protection = On,  Virtualization Based Code Integrity = Disabled, Credential Guard = Enabled, Machine Identity Isolation = Disabled, Kernel-mode Hardware-enforced Stack Protection = Not configured, Reboot required = No, Status = 0x0."
"10-07-2026 13:11:02","7000","Information","Microsoft-Windows-DeviceGuard","Device Guard successfully processed the Group Policy: Virtualization Based Security  = Enabled,  Secure Boot = On, DMA Protection = On,  Virtualization Based Code Integrity = Disabled, Credential Guard = Enabled, Machine Identity Isolation = Disabled, Kernel-mode Hardware-enforced Stack Protection = Not configured, Reboot required = No, Status = 0x0."
"10-07-2026 13:11:02","7000","Information","Microsoft-Windows-DeviceGuard","Device Guard successfully processed the Group Policy: Virtualization Based Security  = Enabled,  Secure Boot = On, DMA Protection = On,  Virtualization Based Code Integrity = Disabled, Credential Guard = Enabled, Machine Identity Isolation = Disabled, Kernel-mode Hardware-enforced Stack Protection = Not configured, Reboot required = No, Status = 0x0."
"10-07-2026 11:46:02","7000","Information","Microsoft-Windows-DeviceGuard","Device Guard successfully processed the Group Policy: Virtualization Based Security  = Enabled,  Secure Boot = On, DMA Protection = On,  Virtualization Based Code Integrity = Disabled, Credential Guard = Enabled, Machine Identity Isolation = Disabled, Kernel-mode Hardware-enforced Stack Protection = Not configured, Reboot required = No, Status = 0x0."
"10-07-2026 11:46:02","7000","Information","Microsoft-Windows-DeviceGuard","Device Guard successfully processed the Group Policy: Virtualization Based Security  = Enabled,  Secure Boot = On, DMA Protection = On,  Virtualization Based Code Integrity = Disabled, Credential Guard = Enabled, Machine Identity Isolation = Disabled, Kernel-mode Hardware-enforced Stack Protection = Not configured, Reboot required = No, Status = 0x0."
"10-07-2026 10:07:39","7000","Information","Microsoft-Windows-DeviceGuard","Device Guard successfully processed the Group Policy: Virtualization Based Security  = Enabled,  Secure Boot = On, DMA Protection = On,  Virtualization Based Code Integrity = Disabled, Credential Guard = Enabled, Machine Identity Isolation = Disabled, Kernel-mode Hardware-enforced Stack Protection = Not configured, Reboot required = No, Status = 0x0."
"10-07-2026 10:07:39","7000","Information","Microsoft-Windows-DeviceGuard","Device Guard successfully processed the Group Policy: Virtualization Based Security  = Enabled,  Secure Boot = On, DMA Protection = On,  Virtualization Based Code Integrity = Disabled, Credential Guard = Enabled, Machine Identity Isolation = Disabled, Kernel-mode Hardware-enforced Stack Protection = Not configured, Reboot required = No, Status = 0x0."
"10-07-2026 10:07:39","7000","Information","Microsoft-Windows-DeviceGuard","Device Guard successfully processed the Group Policy: Virtualization Based Security  = Enabled,  Secure Boot = On, DMA Protection = On,  Virtualization Based Code Integrity = Disabled, Credential Guard = Enabled, Machine Identity Isolation = Disabled, Kernel-mode Hardware-enforced Stack Protection = Not configured, Reboot required = No, Status = 0x0."
"10-07-2026 10:07:36","7000","Information","Microsoft-Windows-DeviceGuard","Device Guard successfully processed the Group Policy: Virtualization Based Security  = Enabled,  Secure Boot = On, DMA Protection = On,  Virtualization Based Code Integrity = Disabled, Credential Guard = Enabled, Machine Identity Isolation = Disabled, Kernel-mode Hardware-enforced Stack Protection = Not configured, Reboot required = No, Status = 0x0."
"10-07-2026 10:07:36","7000","Information","Microsoft-Windows-DeviceGuard","Device Guard successfully processed the Group Policy: Virtualization Based Security  = Enabled,  Secure Boot = On, DMA Protection = On,  Virtualization Based Code Integrity = Disabled, Credential Guard = Enabled, Machine Identity Isolation = Disabled, Kernel-mode Hardware-enforced Stack Protection = Not configured, Reboot required = No, Status = 0x0."
"10-07-2026 10:07:36","7000","Information","Microsoft-Windows-DeviceGuard","Device Guard successfully processed the Group Policy: Virtualization Based Security  = Enabled,  Secure Boot = On, DMA Protection = On,  Virtualization Based Code Integrity = Disabled, Credential Guard = Enabled, Machine Identity Isolation = Disabled, Kernel-mode Hardware-enforced Stack Protection = Not configured, Reboot required = No, Status = 0x0."
"10-07-2026 10:07:05","7000","Information","Microsoft-Windows-DeviceGuard","Device Guard successfully processed the Group Policy: Virtualization Based Security  = Enabled,  Secure Boot = On, DMA Protection = On,  Virtualization Based Code Integrity = Disabled, Credential Guard = Enabled, Machine Identity Isolation = Disabled, Kernel-mode Hardware-enforced Stack Protection = Not configured, Reboot required = No, Status = 0x0."
"10-07-2026 10:07:05","7000","Information","Microsoft-Windows-DeviceGuard","Device Guard successfully processed the Group Policy: Virtualization Based Security  = Enabled,  Secure Boot = On, DMA Protection = On,  Virtualization Based Code Integrity = Disabled, Credential Guard = Enabled, Machine Identity Isolation = Disabled, Kernel-mode Hardware-enforced Stack Protection = Not configured, Reboot required = No, Status = 0x0."
"10-07-2026 10:07:05","7000","Information","Microsoft-Windows-DeviceGuard","Device Guard successfully processed the Group Policy: Virtualization Based Security  = Enabled,  Secure Boot = On, DMA Protection = On,  Virtualization Based Code Integrity = Disabled, Credential Guard = Enabled, Machine Identity Isolation = Disabled, Kernel-mode Hardware-enforced Stack Protection = Not configured, Reboot required = No, Status = 0x0."
"10-07-2026 10:07:02","7000","Information","Microsoft-Windows-DeviceGuard","Device Guard successfully processed the Group Policy: Virtualization Based Security  = Enabled,  Secure Boot = On, DMA Protection = On,  Virtualization Based Code Integrity = Disabled, Credential Guard = Enabled, Machine Identity Isolation = Disabled, Kernel-mode Hardware-enforced Stack Protection = Not configured, Reboot required = No, Status = 0x0."
"10-07-2026 10:07:02","7000","Information","Microsoft-Windows-DeviceGuard","Device Guard successfully processed the Group Policy: Virtualization Based Security  = Enabled,  Secure Boot = On, DMA Protection = On,  Virtualization Based Code Integrity = Disabled, Credential Guard = Enabled, Machine Identity Isolation = Disabled, Kernel-mode Hardware-enforced Stack Protection = Not configured, Reboot required = No, Status = 0x0."
"10-07-2026 10:07:02","7000","Information","Microsoft-Windows-DeviceGuard","Device Guard successfully processed the Group Policy: Virtualization Based Security  = Enabled,  Secure Boot = On, DMA Protection = On,  Virtualization Based Code Integrity = Disabled, Credential Guard = Enabled, Machine Identity Isolation = Disabled, Kernel-mode Hardware-enforced Stack Protection = Not configured, Reboot required = No, Status = 0x0."
"10-07-2026 10:06:27","7000","Information","Microsoft-Windows-DeviceGuard","Device Guard successfully processed the Group Policy: Virtualization Based Security  = Enabled,  Secure Boot = On, DMA Protection = On,  Virtualization Based Code Integrity = Disabled, Credential Guard = Enabled, Machine Identity Isolation = Disabled, Kernel-mode Hardware-enforced Stack Protection = Not configured, Reboot required = No, Status = 0x0."
"10-07-2026 10:06:26","7000","Information","Microsoft-Windows-DeviceGuard","Device Guard successfully processed the Group Policy: Virtualization Based Security  = Enabled,  Secure Boot = On, DMA Protection = On,  Virtualization Based Code Integrity = Disabled, Credential Guard = Enabled, Machine Identity Isolation = Disabled, Kernel-mode Hardware-enforced Stack Protection = Not configured, Reboot required = No, Status = 0x0."
"10-07-2026 10:06:26","7000","Information","Microsoft-Windows-DeviceGuard","Device Guard successfully processed the Group Policy: Virtualization Based Security  = Enabled,  Secure Boot = On, DMA Protection = On,  Virtualization Based Code Integrity = Disabled, Credential Guard = Enabled, Machine Identity Isolation = Disabled, Kernel-mode Hardware-enforced Stack Protection = Not configured, Reboot required = No, Status = 0x0."
"10-07-2026 10:06:23","7000","Information","Microsoft-Windows-DeviceGuard","Device Guard successfully processed the Group Policy: Virtualization Based Security  = Enabled,  Secure Boot = On, DMA Protection = On,  Virtualization Based Code Integrity = Disabled, Credential Guard = Enabled, Machine Identity Isolation = Disabled, Kernel-mode Hardware-enforced Stack Protection = Not configured, Reboot required = No, Status = 0x0."
"10-07-2026 10:06:23","7000","Information","Microsoft-Windows-DeviceGuard","Device Guard successfully processed the Group Policy: Virtualization Based Security  = Enabled,  Secure Boot = On, DMA Protection = On,  Virtualization Based Code Integrity = Disabled, Credential Guard = Enabled, Machine Identity Isolation = Disabled, Kernel-mode Hardware-enforced Stack Protection = Not configured, Reboot required = No, Status = 0x0."
"10-07-2026 10:06:23","7000","Information","Microsoft-Windows-DeviceGuard","Device Guard successfully processed the Group Policy: Virtualization Based Security  = Enabled,  Secure Boot = On, DMA Protection = On,  Virtualization Based Code Integrity = Disabled, Credential Guard = Enabled, Machine Identity Isolation = Disabled, Kernel-mode Hardware-enforced Stack Protection = Not configured, Reboot required = No, Status = 0x0."
"10-07-2026 10:05:46","7000","Information","Microsoft-Windows-DeviceGuard","Device Guard successfully processed the Group Policy: Virtualization Based Security  = Enabled,  Secure Boot = On, DMA Protection = On,  Virtualization Based Code Integrity = Disabled, Credential Guard = Enabled, Machine Identity Isolation = Disabled, Kernel-mode Hardware-enforced Stack Protection = Not configured, Reboot required = No, Status = 0x0."
"10-07-2026 10:05:46","7000","Information","Microsoft-Windows-DeviceGuard","Device Guard successfully processed the Group Policy: Virtualization Based Security  = Enabled,  Secure Boot = On, DMA Protection = On,  Virtualization Based Code Integrity = Disabled, Credential Guard = Enabled, Machine Identity Isolation = Disabled, Kernel-mode Hardware-enforced Stack Protection = Not configured, Reboot required = No, Status = 0x0."
"10-07-2026 10:05:46","7000","Information","Microsoft-Windows-DeviceGuard","Device Guard successfully processed the Group Policy: Virtualization Based Security  = Enabled,  Secure Boot = On, DMA Protection = On,  Virtualization Based Code Integrity = Disabled, Credential Guard = Enabled, Machine Identity Isolation = Disabled, Kernel-mode Hardware-enforced Stack Protection = Not configured, Reboot required = No, Status = 0x0."
"10-07-2026 10:05:43","7000","Information","Microsoft-Windows-DeviceGuard","Device Guard successfully processed the Group Policy: Virtualization Based Security  = Enabled,  Secure Boot = On, DMA Protection = On,  Virtualization Based Code Integrity = Disabled, Credential Guard = Enabled, Machine Identity Isolation = Disabled, Kernel-mode Hardware-enforced Stack Protection = Not configured, Reboot required = No, Status = 0x0."
"10-07-2026 10:05:43","7000","Information","Microsoft-Windows-DeviceGuard","Device Guard successfully processed the Group Policy: Virtualization Based Security  = Enabled,  Secure Boot = On, DMA Protection = On,  Virtualization Based Code Integrity = Disabled, Credential Guard = Enabled, Machine Identity Isolation = Disabled, Kernel-mode Hardware-enforced Stack Protection = Not configured, Reboot required = No, Status = 0x0."
"10-07-2026 10:05:43","7000","Information","Microsoft-Windows-DeviceGuard","Device Guard successfully processed the Group Policy: Virtualization Based Security  = Enabled,  Secure Boot = On, DMA Protection = On,  Virtualization Based Code Integrity = Disabled, Credential Guard = Enabled, Machine Identity Isolation = Disabled, Kernel-mode Hardware-enforced Stack Protection = Not configured, Reboot required = No, Status = 0x0."
"10-07-2026 10:05:22","7000","Information","Microsoft-Windows-DeviceGuard","Device Guard successfully processed the Group Policy: Virtualization Based Security  = Enabled,  Secure Boot = On, DMA Protection = On,  Virtualization Based Code Integrity = Disabled, Credential Guard = Enabled, Machine Identity Isolation = Disabled, Kernel-mode Hardware-enforced Stack Protection = Not configured, Reboot required = No, Status = 0x0."
"10-07-2026 10:05:21","7000","Information","Microsoft-Windows-DeviceGuard","Device Guard successfully processed the Group Policy: Virtualization Based Security  = Enabled,  Secure Boot = On, DMA Protection = On,  Virtualization Based Code Integrity = Disabled, Credential Guard = Enabled, Machine Identity Isolation = Disabled, Kernel-mode Hardware-enforced Stack Protection = Not configured, Reboot required = No, Status = 0x0."
"10-07-2026 01:55:58","7000","Information","Microsoft-Windows-DeviceGuard","Device Guard successfully processed the Group Policy: Virtualization Based Security  = Enabled,  Secure Boot = On, DMA Protection = On,  Virtualization Based Code Integrity = Disabled, Credential Guard = Enabled, Machine Identity Isolation = Disabled, Kernel-mode Hardware-enforced Stack Protection = Not configured, Reboot required = No, Status = 0x0."
"10-07-2026 01:55:58","7000","Information","Microsoft-Windows-DeviceGuard","Device Guard successfully processed the Group Policy: Virtualization Based Security  = Enabled,  Secure Boot = On, DMA Protection = On,  Virtualization Based Code Integrity = Disabled, Credential Guard = Enabled, Machine Identity Isolation = Disabled, Kernel-mode Hardware-enforced Stack Protection = Not configured, Reboot required = No, Status = 0x0."
"09-07-2026 20:26:02","7000","Information","Microsoft-Windows-DeviceGuard","Device Guard successfully processed the Group Policy: Virtualization Based Security  = Enabled,  Secure Boot = On, DMA Protection = On,  Virtualization Based Code Integrity = Disabled, Credential Guard = Enabled, Machine Identity Isolation = Disabled, Kernel-mode Hardware-enforced Stack Protection = Not configured, Reboot required = No, Status = 0x0."
"09-07-2026 20:26:02","7000","Information","Microsoft-Windows-DeviceGuard","Device Guard successfully processed the Group Policy: Virtualization Based Security  = Enabled,  Secure Boot = On, DMA Protection = On,  Virtualization Based Code Integrity = Disabled, Credential Guard = Enabled, Machine Identity Isolation = Disabled, Kernel-mode Hardware-enforced Stack Protection = Not configured, Reboot required = No, Status = 0x0."
"09-07-2026 16:36:02","7000","Information","Microsoft-Windows-DeviceGuard","Device Guard successfully processed the Group Policy: Virtualization Based Security  = Enabled,  Secure Boot = On, DMA Protection = On,  Virtualization Based Code Integrity = Disabled, Credential Guard = Enabled, Machine Identity Isolation = Disabled, Kernel-mode Hardware-enforced Stack Protection = Not configured, Reboot required = No, Status = 0x0."
"09-07-2026 16:36:02","7000","Information","Microsoft-Windows-DeviceGuard","Device Guard successfully processed the Group Policy: Virtualization Based Security  = Enabled,  Secure Boot = On, DMA Protection = On,  Virtualization Based Code Integrity = Disabled, Credential Guard = Enabled, Machine Identity Isolation = Disabled, Kernel-mode Hardware-enforced Stack Protection = Not configured, Reboot required = No, Status = 0x0."
"09-07-2026 13:11:02","7000","Information","Microsoft-Windows-DeviceGuard","Device Guard successfully processed the Group Policy: Virtualization Based Security  = Enabled,  Secure Boot = On, DMA Protection = On,  Virtualization Based Code Integrity = Disabled, Credential Guard = Enabled, Machine Identity Isolation = Disabled, Kernel-mode Hardware-enforced Stack Protection = Not configured, Reboot required = No, Status = 0x0."
"09-07-2026 13:11:02","7000","Information","Microsoft-Windows-DeviceGuard","Device Guard successfully processed the Group Policy: Virtualization Based Security  = Enabled,  Secure Boot = On, DMA Protection = On,  Virtualization Based Code Integrity = Disabled, Credential Guard = Enabled, Machine Identity Isolation = Disabled, Kernel-mode Hardware-enforced Stack Protection = Not configured, Reboot required = No, Status = 0x0."
"09-07-2026 12:53:43","7000","Information","Microsoft-Windows-DeviceGuard","Device Guard successfully processed the Group Policy: Virtualization Based Security  = Enabled,  Secure Boot = On, DMA Protection = On,  Virtualization Based Code Integrity = Disabled, Credential Guard = Enabled, Machine Identity Isolation = Disabled, Kernel-mode Hardware-enforced Stack Protection = Not configured, Reboot required = No, Status = 0x0."
"09-07-2026 12:53:43","7000","Information","Microsoft-Windows-DeviceGuard","Device Guard successfully processed the Group Policy: Virtualization Based Security  = Enabled,  Secure Boot = On, DMA Protection = On,  Virtualization Based Code Integrity = Disabled, Credential Guard = Enabled, Machine Identity Isolation = Disabled, Kernel-mode Hardware-enforced Stack Protection = Not configured, Reboot required = No, Status = 0x0."
"09-07-2026 09:16:57","7000","Information","Microsoft-Windows-DeviceGuard","Device Guard successfully processed the Group Policy: Virtualization Based Security  = Enabled,  Secure Boot = On, DMA Protection = On,  Virtualization Based Code Integrity = Disabled, Credential Guard = Enabled, Machine Identity Isolation = Disabled, Kernel-mode Hardware-enforced Stack Protection = Not configured, Reboot required = No, Status = 0x0."
"09-07-2026 09:16:57","7000","Information","Microsoft-Windows-DeviceGuard","Device Guard successfully processed the Group Policy: Virtualization Based Security  = Enabled,  Secure Boot = On, DMA Protection = On,  Virtualization Based Code Integrity = Disabled, Credential Guard = Enabled, Machine Identity Isolation = Disabled, Kernel-mode Hardware-enforced Stack Protection = Not configured, Reboot required = No, Status = 0x0."
"09-07-2026 09:16:57","7000","Information","Microsoft-Windows-DeviceGuard","Device Guard successfully processed the Group Policy: Virtualization Based Security  = Enabled,  Secure Boot = On, DMA Protection = On,  Virtualization Based Code Integrity = Disabled, Credential Guard = Enabled, Machine Identity Isolation = Disabled, Kernel-mode Hardware-enforced Stack Protection = Not configured, Reboot required = No, Status = 0x0."
"09-07-2026 09:16:54","7000","Information","Microsoft-Windows-DeviceGuard","Device Guard successfully processed the Group Policy: Virtualization Based Security  = Enabled,  Secure Boot = On, DMA Protection = On,  Virtualization Based Code Integrity = Disabled, Credential Guard = Enabled, Machine Identity Isolation = Disabled, Kernel-mode Hardware-enforced Stack Protection = Not configured, Reboot required = No, Status = 0x0."
"09-07-2026 09:16:54","7000","Information","Microsoft-Windows-DeviceGuard","Device Guard successfully processed the Group Policy: Virtualization Based Security  = Enabled,  Secure Boot = On, DMA Protection = On,  Virtualization Based Code Integrity = Disabled, Credential Guard = Enabled, Machine Identity Isolation = Disabled, Kernel-mode Hardware-enforced Stack Protection = Not configured, Reboot required = No, Status = 0x0."
"09-07-2026 09:16:54","7000","Information","Microsoft-Windows-DeviceGuard","Device Guard successfully processed the Group Policy: Virtualization Based Security  = Enabled,  Secure Boot = On, DMA Protection = On,  Virtualization Based Code Integrity = Disabled, Credential Guard = Enabled, Machine Identity Isolation = Disabled, Kernel-mode Hardware-enforced Stack Protection = Not configured, Reboot required = No, Status = 0x0."
"09-07-2026 09:16:28","7000","Information","Microsoft-Windows-DeviceGuard","Device Guard successfully processed the Group Policy: Virtualization Based Security  = Enabled,  Secure Boot = On, DMA Protection = On,  Virtualization Based Code Integrity = Disabled, Credential Guard = Enabled, Machine Identity Isolation = Disabled, Kernel-mode Hardware-enforced Stack Protection = Not configured, Reboot required = No, Status = 0x0."
"09-07-2026 09:16:28","7000","Information","Microsoft-Windows-DeviceGuard","Device Guard successfully processed the Group Policy: Virtualization Based Security  = Enabled,  Secure Boot = On, DMA Protection = On,  Virtualization Based Code Integrity = Disabled, Credential Guard = Enabled, Machine Identity Isolation = Disabled, Kernel-mode Hardware-enforced Stack Protection = Not configured, Reboot required = No, Status = 0x0."
"09-07-2026 09:16:28","7000","Information","Microsoft-Windows-DeviceGuard","Device Guard successfully processed the Group Policy: Virtualization Based Security  = Enabled,  Secure Boot = On, DMA Protection = On,  Virtualization Based Code Integrity = Disabled, Credential Guard = Enabled, Machine Identity Isolation = Disabled, Kernel-mode Hardware-enforced Stack Protection = Not configured, Reboot required = No, Status = 0x0."
"09-07-2026 09:16:26","7000","Information","Microsoft-Windows-DeviceGuard","Device Guard successfully processed the Group Policy: Virtualization Based Security  = Enabled,  Secure Boot = On, DMA Protection = On,  Virtualization Based Code Integrity = Disabled, Credential Guard = Enabled, Machine Identity Isolation = Disabled, Kernel-mode Hardware-enforced Stack Protection = Not configured, Reboot required = No, Status = 0x0."
"09-07-2026 09:16:26","7000","Information","Microsoft-Windows-DeviceGuard","Device Guard successfully processed the Group Policy: Virtualization Based Security  = Enabled,  Secure Boot = On, DMA Protection = On,  Virtualization Based Code Integrity = Disabled, Credential Guard = Enabled, Machine Identity Isolation = Disabled, Kernel-mode Hardware-enforced Stack Protection = Not configured, Reboot required = No, Status = 0x0."
"09-07-2026 09:16:26","7000","Information","Microsoft-Windows-DeviceGuard","Device Guard successfully processed the Group Policy: Virtualization Based Security  = Enabled,  Secure Boot = On, DMA Protection = On,  Virtualization Based Code Integrity = Disabled, Credential Guard = Enabled, Machine Identity Isolation = Disabled, Kernel-mode Hardware-enforced Stack Protection = Not configured, Reboot required = No, Status = 0x0."
"09-07-2026 09:15:58","7000","Information","Microsoft-Windows-DeviceGuard","Device Guard successfully processed the Group Policy: Virtualization Based Security  = Enabled,  Secure Boot = On, DMA Protection = On,  Virtualization Based Code Integrity = Disabled, Credential Guard = Enabled, Machine Identity Isolation = Disabled, Kernel-mode Hardware-enforced Stack Protection = Not configured, Reboot required = No, Status = 0x0."
"09-07-2026 09:15:58","7000","Information","Microsoft-Windows-DeviceGuard","Device Guard successfully processed the Group Policy: Virtualization Based Security  = Enabled,  Secure Boot = On, DMA Protection = On,  Virtualization Based Code Integrity = Disabled, Credential Guard = Enabled, Machine Identity Isolation = Disabled, Kernel-mode Hardware-enforced Stack Protection = Not configured, Reboot required = No, Status = 0x0."
"09-07-2026 09:15:58","7000","Information","Microsoft-Windows-DeviceGuard","Device Guard successfully processed the Group Policy: Virtualization Based Security  = Enabled,  Secure Boot = On, DMA Protection = On,  Virtualization Based Code Integrity = Disabled, Credential Guard = Enabled, Machine Identity Isolation = Disabled, Kernel-mode Hardware-enforced Stack Protection = Not configured, Reboot required = No, Status = 0x0."
"09-07-2026 09:15:55","7000","Information","Microsoft-Windows-DeviceGuard","Device Guard successfully processed the Group Policy: Virtualization Based Security  = Enabled,  Secure Boot = On, DMA Protection = On,  Virtualization Based Code Integrity = Disabled, Credential Guard = Enabled, Machine Identity Isolation = Disabled, Kernel-mode Hardware-enforced Stack Protection = Not configured, Reboot required = No, Status = 0x0."
"09-07-2026 09:15:55","7000","Information","Microsoft-Windows-DeviceGuard","Device Guard successfully processed the Group Policy: Virtualization Based Security  = Enabled,  Secure Boot = On, DMA Protection = On,  Virtualization Based Code Integrity = Disabled, Credential Guard = Enabled, Machine Identity Isolation = Disabled, Kernel-mode Hardware-enforced Stack Protection = Not configured, Reboot required = No, Status = 0x0."
"09-07-2026 09:15:55","7000","Information","Microsoft-Windows-DeviceGuard","Device Guard successfully processed the Group Policy: Virtualization Based Security  = Enabled,  Secure Boot = On, DMA Protection = On,  Virtualization Based Code Integrity = Disabled, Credential Guard = Enabled, Machine Identity Isolation = Disabled, Kernel-mode Hardware-enforced Stack Protection = Not configured, Reboot required = No, Status = 0x0."
"09-07-2026 09:15:19","7000","Information","Microsoft-Windows-DeviceGuard","Device Guard successfully processed the Group Policy: Virtualization Based Security  = Enabled,  Secure Boot = On, DMA Protection = On,  Virtualization Based Code Integrity = Disabled, Credential Guard = Enabled, Machine Identity Isolation = Disabled, Kernel-mode Hardware-enforced Stack Protection = Not configured, Reboot required = No, Status = 0x0."
"09-07-2026 09:15:19","7000","Information","Microsoft-Windows-DeviceGuard","Device Guard successfully processed the Group Policy: Virtualization Based Security  = Enabled,  Secure Boot = On, DMA Protection = On,  Virtualization Based Code Integrity = Disabled, Credential Guard = Enabled, Machine Identity Isolation = Disabled, Kernel-mode Hardware-enforced Stack Protection = Not configured, Reboot required = No, Status = 0x0."
"09-07-2026 09:15:19","7000","Information","Microsoft-Windows-DeviceGuard","Device Guard successfully processed the Group Policy: Virtualization Based Security  = Enabled,  Secure Boot = On, DMA Protection = On,  Virtualization Based Code Integrity = Disabled, Credential Guard = Enabled, Machine Identity Isolation = Disabled, Kernel-mode Hardware-enforced Stack Protection = Not configured, Reboot required = No, Status = 0x0."
"09-07-2026 09:15:16","7000","Information","Microsoft-Windows-DeviceGuard","Device Guard successfully processed the Group Policy: Virtualization Based Security  = Enabled,  Secure Boot = On, DMA Protection = On,  Virtualization Based Code Integrity = Disabled, Credential Guard = Enabled, Machine Identity Isolation = Disabled, Kernel-mode Hardware-enforced Stack Protection = Not configured, Reboot required = No, Status = 0x0."
"09-07-2026 09:15:16","7000","Information","Microsoft-Windows-DeviceGuard","Device Guard successfully processed the Group Policy: Virtualization Based Security  = Enabled,  Secure Boot = On, DMA Protection = On,  Virtualization Based Code Integrity = Disabled, Credential Guard = Enabled, Machine Identity Isolation = Disabled, Kernel-mode Hardware-enforced Stack Protection = Not configured, Reboot required = No, Status = 0x0."
"09-07-2026 09:15:16","7000","Information","Microsoft-Windows-DeviceGuard","Device Guard successfully processed the Group Policy: Virtualization Based Security  = Enabled,  Secure Boot = On, DMA Protection = On,  Virtualization Based Code Integrity = Disabled, Credential Guard = Enabled, Machine Identity Isolation = Disabled, Kernel-mode Hardware-enforced Stack Protection = Not configured, Reboot required = No, Status = 0x0."
"09-07-2026 09:14:58","7000","Information","Microsoft-Windows-DeviceGuard","Device Guard successfully processed the Group Policy: Virtualization Based Security  = Enabled,  Secure Boot = On, DMA Protection = On,  Virtualization Based Code Integrity = Disabled, Credential Guard = Enabled, Machine Identity Isolation = Disabled, Kernel-mode Hardware-enforced Stack Protection = Not configured, Reboot required = No, Status = 0x0."
"09-07-2026 09:14:58","7000","Information","Microsoft-Windows-DeviceGuard","Device Guard successfully processed the Group Policy: Virtualization Based Security  = Enabled,  Secure Boot = On, DMA Protection = On,  Virtualization Based Code Integrity = Disabled, Credential Guard = Enabled, Machine Identity Isolation = Disabled, Kernel-mode Hardware-enforced Stack Protection = Not configured, Reboot required = No, Status = 0x0."
"08-07-2026 17:36:02","7000","Information","Microsoft-Windows-DeviceGuard","Device Guard successfully processed the Group Policy: Virtualization Based Security  = Enabled,  Secure Boot = On, DMA Protection = On,  Virtualization Based Code Integrity = Disabled, Credential Guard = Enabled, Machine Identity Isolation = Disabled, Kernel-mode Hardware-enforced Stack Protection = Not configured, Reboot required = No, Status = 0x0."
"08-07-2026 17:36:02","7000","Information","Microsoft-Windows-DeviceGuard","Device Guard successfully processed the Group Policy: Virtualization Based Security  = Enabled,  Secure Boot = On, DMA Protection = On,  Virtualization Based Code Integrity = Disabled, Credential Guard = Enabled, Machine Identity Isolation = Disabled, Kernel-mode Hardware-enforced Stack Protection = Not configured, Reboot required = No, Status = 0x0."
"08-07-2026 13:46:03","7000","Information","Microsoft-Windows-DeviceGuard","Device Guard successfully processed the Group Policy: Virtualization Based Security  = Enabled,  Secure Boot = On, DMA Protection = On,  Virtualization Based Code Integrity = Disabled, Credential Guard = Enabled, Machine Identity Isolation = Disabled, Kernel-mode Hardware-enforced Stack Protection = Not configured, Reboot required = No, Status = 0x0."
"08-07-2026 13:46:02","7000","Information","Microsoft-Windows-DeviceGuard","Device Guard successfully processed the Group Policy: Virtualization Based Security  = Enabled,  Secure Boot = On, DMA Protection = On,  Virtualization Based Code Integrity = Disabled, Credential Guard = Enabled, Machine Identity Isolation = Disabled, Kernel-mode Hardware-enforced Stack Protection = Not configured, Reboot required = No, Status = 0x0."
"08-07-2026 13:12:36","7000","Information","Microsoft-Windows-DeviceGuard","Device Guard successfully processed the Group Policy: Virtualization Based Security  = Enabled,  Secure Boot = On, DMA Protection = On,  Virtualization Based Code Integrity = Disabled, Credential Guard = Enabled, Machine Identity Isolation = Disabled, Kernel-mode Hardware-enforced Stack Protection = Not configured, Reboot required = No, Status = 0x0."
"08-07-2026 13:12:36","7000","Information","Microsoft-Windows-DeviceGuard","Device Guard successfully processed the Group Policy: Virtualization Based Security  = Enabled,  Secure Boot = On, DMA Protection = On,  Virtualization Based Code Integrity = Disabled, Credential Guard = Enabled, Machine Identity Isolation = Disabled, Kernel-mode Hardware-enforced Stack Protection = Not configured, Reboot required = No, Status = 0x0."
"08-07-2026 13:12:36","7000","Information","Microsoft-Windows-DeviceGuard","Device Guard successfully processed the Group Policy: Virtualization Based Security  = Enabled,  Secure Boot = On, DMA Protection = On,  Virtualization Based Code Integrity = Disabled, Credential Guard = Enabled, Machine Identity Isolation = Disabled, Kernel-mode Hardware-enforced Stack Protection = Not configured, Reboot required = No, Status = 0x0."
"08-07-2026 13:12:33","7000","Information","Microsoft-Windows-DeviceGuard","Device Guard successfully processed the Group Policy: Virtualization Based Security  = Enabled,  Secure Boot = On, DMA Protection = On,  Virtualization Based Code Integrity = Disabled, Credential Guard = Enabled, Machine Identity Isolation = Disabled, Kernel-mode Hardware-enforced Stack Protection = Not configured, Reboot required = No, Status = 0x0."
"08-07-2026 13:12:33","7000","Information","Microsoft-Windows-DeviceGuard","Device Guard successfully processed the Group Policy: Virtualization Based Security  = Enabled,  Secure Boot = On, DMA Protection = On,  Virtualization Based Code Integrity = Disabled, Credential Guard = Enabled, Machine Identity Isolation = Disabled, Kernel-mode Hardware-enforced Stack Protection = Not configured, Reboot required = No, Status = 0x0."
"08-07-2026 13:12:33","7000","Information","Microsoft-Windows-DeviceGuard","Device Guard successfully processed the Group Policy: Virtualization Based Security  = Enabled,  Secure Boot = On, DMA Protection = On,  Virtualization Based Code Integrity = Disabled, Credential Guard = Enabled, Machine Identity Isolation = Disabled, Kernel-mode Hardware-enforced Stack Protection = Not configured, Reboot required = No, Status = 0x0."
"08-07-2026 13:11:32","7000","Information","Microsoft-Windows-DeviceGuard","Device Guard successfully processed the Group Policy: Virtualization Based Security  = Enabled,  Secure Boot = On, DMA Protection = On,  Virtualization Based Code Integrity = Disabled, Credential Guard = Enabled, Machine Identity Isolation = Disabled, Kernel-mode Hardware-enforced Stack Protection = Not configured, Reboot required = No, Status = 0x0."
"08-07-2026 13:11:32","7000","Information","Microsoft-Windows-DeviceGuard","Device Guard successfully processed the Group Policy: Virtualization Based Security  = Enabled,  Secure Boot = On, DMA Protection = On,  Virtualization Based Code Integrity = Disabled, Credential Guard = Enabled, Machine Identity Isolation = Disabled, Kernel-mode Hardware-enforced Stack Protection = Not configured, Reboot required = No, Status = 0x0."
"08-07-2026 13:11:32","7000","Information","Microsoft-Windows-DeviceGuard","Device Guard successfully processed the Group Policy: Virtualization Based Security  = Enabled,  Secure Boot = On, DMA Protection = On,  Virtualization Based Code Integrity = Disabled, Credential Guard = Enabled, Machine Identity Isolation = Disabled, Kernel-mode Hardware-enforced Stack Protection = Not configured, Reboot required = No, Status = 0x0."
"08-07-2026 13:11:29","7000","Information","Microsoft-Windows-DeviceGuard","Device Guard successfully processed the Group Policy: Virtualization Based Security  = Enabled,  Secure Boot = On, DMA Protection = On,  Virtualization Based Code Integrity = Disabled, Credential Guard = Enabled, Machine Identity Isolation = Disabled, Kernel-mode Hardware-enforced Stack Protection = Not configured, Reboot required = No, Status = 0x0."
"08-07-2026 13:11:29","7000","Information","Microsoft-Windows-DeviceGuard","Device Guard successfully processed the Group Policy: Virtualization Based Security  = Enabled,  Secure Boot = On, DMA Protection = On,  Virtualization Based Code Integrity = Disabled, Credential Guard = Enabled, Machine Identity Isolation = Disabled, Kernel-mode Hardware-enforced Stack Protection = Not configured, Reboot required = No, Status = 0x0."
"08-07-2026 13:11:29","7000","Information","Microsoft-Windows-DeviceGuard","Device Guard successfully processed the Group Policy: Virtualization Based Security  = Enabled,  Secure Boot = On, DMA Protection = On,  Virtualization Based Code Integrity = Disabled, Credential Guard = Enabled, Machine Identity Isolation = Disabled, Kernel-mode Hardware-enforced Stack Protection = Not configured, Reboot required = No, Status = 0x0."
"08-07-2026 13:11:02","7000","Information","Microsoft-Windows-DeviceGuard","Device Guard successfully processed the Group Policy: Virtualization Based Security  = Enabled,  Secure Boot = On, DMA Protection = On,  Virtualization Based Code Integrity = Disabled, Credential Guard = Enabled, Machine Identity Isolation = Disabled, Kernel-mode Hardware-enforced Stack Protection = Not configured, Reboot required = No, Status = 0x0."
"08-07-2026 13:11:02","7000","Information","Microsoft-Windows-DeviceGuard","Device Guard successfully processed the Group Policy: Virtualization Based Security  = Enabled,  Secure Boot = On, DMA Protection = On,  Virtualization Based Code Integrity = Disabled, Credential Guard = Enabled, Machine Identity Isolation = Disabled, Kernel-mode Hardware-enforced Stack Protection = Not configured, Reboot required = No, Status = 0x0."
"08-07-2026 10:18:32","7000","Information","Microsoft-Windows-DeviceGuard","Device Guard successfully processed the Group Policy: Virtualization Based Security  = Enabled,  Secure Boot = On, DMA Protection = On,  Virtualization Based Code Integrity = Disabled, Credential Guard = Enabled, Machine Identity Isolation = Disabled, Kernel-mode Hardware-enforced Stack Protection = Not configured, Reboot required = No, Status = 0x0."
"08-07-2026 10:18:32","7000","Information","Microsoft-Windows-DeviceGuard","Device Guard successfully processed the Group Policy: Virtualization Based Security  = Enabled,  Secure Boot = On, DMA Protection = On,  Virtualization Based Code Integrity = Disabled, Credential Guard = Enabled, Machine Identity Isolation = Disabled, Kernel-mode Hardware-enforced Stack Protection = Not configured, Reboot required = No, Status = 0x0."
"08-07-2026 08:28:18","7000","Information","Microsoft-Windows-DeviceGuard","Device Guard successfully processed the Group Policy: Virtualization Based Security  = Enabled,  Secure Boot = On, DMA Protection = On,  Virtualization Based Code Integrity = Disabled, Credential Guard = Enabled, Machine Identity Isolation = Disabled, Kernel-mode Hardware-enforced Stack Protection = Not configured, Reboot required = No, Status = 0x0."
"08-07-2026 08:28:18","7000","Information","Microsoft-Windows-DeviceGuard","Device Guard successfully processed the Group Policy: Virtualization Based Security  = Enabled,  Secure Boot = On, DMA Protection = On,  Virtualization Based Code Integrity = Disabled, Credential Guard = Enabled, Machine Identity Isolation = Disabled, Kernel-mode Hardware-enforced Stack Protection = Not configured, Reboot required = No, Status = 0x0."
"07-07-2026 18:36:02","7000","Information","Microsoft-Windows-DeviceGuard","Device Guard successfully processed the Group Policy: Virtualization Based Security  = Enabled,  Secure Boot = On, DMA Protection = On,  Virtualization Based Code Integrity = Disabled, Credential Guard = Enabled, Machine Identity Isolation = Disabled, Kernel-mode Hardware-enforced Stack Protection = Not configured, Reboot required = No, Status = 0x0."
"07-07-2026 18:36:02","7000","Information","Microsoft-Windows-DeviceGuard","Device Guard successfully processed the Group Policy: Virtualization Based Security  = Enabled,  Secure Boot = On, DMA Protection = On,  Virtualization Based Code Integrity = Disabled, Credential Guard = Enabled, Machine Identity Isolation = Disabled, Kernel-mode Hardware-enforced Stack Protection = Not configured, Reboot required = No, Status = 0x0."
"07-07-2026 14:46:02","7000","Information","Microsoft-Windows-DeviceGuard","Device Guard successfully processed the Group Policy: Virtualization Based Security  = Enabled,  Secure Boot = On, DMA Protection = On,  Virtualization Based Code Integrity = Disabled, Credential Guard = Enabled, Machine Identity Isolation = Disabled, Kernel-mode Hardware-enforced Stack Protection = Not configured, Reboot required = No, Status = 0x0."
"07-07-2026 14:46:02","7000","Information","Microsoft-Windows-DeviceGuard","Device Guard successfully processed the Group Policy: Virtualization Based Security  = Enabled,  Secure Boot = On, DMA Protection = On,  Virtualization Based Code Integrity = Disabled, Credential Guard = Enabled, Machine Identity Isolation = Disabled, Kernel-mode Hardware-enforced Stack Protection = Not configured, Reboot required = No, Status = 0x0."
"07-07-2026 13:11:02","7000","Information","Microsoft-Windows-DeviceGuard","Device Guard successfully processed the Group Policy: Virtualization Based Security  = Enabled,  Secure Boot = On, DMA Protection = On,  Virtualization Based Code Integrity = Disabled, Credential Guard = Enabled, Machine Identity Isolation = Disabled, Kernel-mode Hardware-enforced Stack Protection = Not configured, Reboot required = No, Status = 0x0."
"07-07-2026 13:11:02","7000","Information","Microsoft-Windows-DeviceGuard","Device Guard successfully processed the Group Policy: Virtualization Based Security  = Enabled,  Secure Boot = On, DMA Protection = On,  Virtualization Based Code Integrity = Disabled, Credential Guard = Enabled, Machine Identity Isolation = Disabled, Kernel-mode Hardware-enforced Stack Protection = Not configured, Reboot required = No, Status = 0x0."
"07-07-2026 10:56:02","7000","Information","Microsoft-Windows-DeviceGuard","Device Guard successfully processed the Group Policy: Virtualization Based Security  = Enabled,  Secure Boot = On, DMA Protection = On,  Virtualization Based Code Integrity = Disabled, Credential Guard = Enabled, Machine Identity Isolation = Disabled, Kernel-mode Hardware-enforced Stack Protection = Not configured, Reboot required = No, Status = 0x0."
"07-07-2026 10:56:02","7000","Information","Microsoft-Windows-DeviceGuard","Device Guard successfully processed the Group Policy: Virtualization Based Security  = Enabled,  Secure Boot = On, DMA Protection = On,  Virtualization Based Code Integrity = Disabled, Credential Guard = Enabled, Machine Identity Isolation = Disabled, Kernel-mode Hardware-enforced Stack Protection = Not configured, Reboot required = No, Status = 0x0."
"07-07-2026 09:33:54","7000","Information","Microsoft-Windows-DeviceGuard","Device Guard successfully processed the Group Policy: Virtualization Based Security  = Enabled,  Secure Boot = On, DMA Protection = On,  Virtualization Based Code Integrity = Disabled, Credential Guard = Enabled, Machine Identity Isolation = Disabled, Kernel-mode Hardware-enforced Stack Protection = Not configured, Reboot required = No, Status = 0x0."
"07-07-2026 09:33:54","7000","Information","Microsoft-Windows-DeviceGuard","Device Guard successfully processed the Group Policy: Virtualization Based Security  = Enabled,  Secure Boot = On, DMA Protection = On,  Virtualization Based Code Integrity = Disabled, Credential Guard = Enabled, Machine Identity Isolation = Disabled, Kernel-mode Hardware-enforced Stack Protection = Not configured, Reboot required = No, Status = 0x0."
"07-07-2026 09:33:54","7000","Information","Microsoft-Windows-DeviceGuard","Device Guard successfully processed the Group Policy: Virtualization Based Security  = Enabled,  Secure Boot = On, DMA Protection = On,  Virtualization Based Code Integrity = Disabled, Credential Guard = Enabled, Machine Identity Isolation = Disabled, Kernel-mode Hardware-enforced Stack Protection = Not configured, Reboot required = No, Status = 0x0."
"07-07-2026 09:33:51","7000","Information","Microsoft-Windows-DeviceGuard","Device Guard successfully processed the Group Policy: Virtualization Based Security  = Enabled,  Secure Boot = On, DMA Protection = On,  Virtualization Based Code Integrity = Disabled, Credential Guard = Enabled, Machine Identity Isolation = Disabled, Kernel-mode Hardware-enforced Stack Protection = Not configured, Reboot required = No, Status = 0x0."
"07-07-2026 09:33:51","7000","Information","Microsoft-Windows-DeviceGuard","Device Guard successfully processed the Group Policy: Virtualization Based Security  = Enabled,  Secure Boot = On, DMA Protection = On,  Virtualization Based Code Integrity = Disabled, Credential Guard = Enabled, Machine Identity Isolation = Disabled, Kernel-mode Hardware-enforced Stack Protection = Not configured, Reboot required = No, Status = 0x0."
"07-07-2026 09:33:50","7000","Information","Microsoft-Windows-DeviceGuard","Device Guard successfully processed the Group Policy: Virtualization Based Security  = Enabled,  Secure Boot = On, DMA Protection = On,  Virtualization Based Code Integrity = Disabled, Credential Guard = Enabled, Machine Identity Isolation = Disabled, Kernel-mode Hardware-enforced Stack Protection = Not configured, Reboot required = No, Status = 0x0."
"07-07-2026 09:33:23","7000","Information","Microsoft-Windows-DeviceGuard","Device Guard successfully processed the Group Policy: Virtualization Based Security  = Enabled,  Secure Boot = On, DMA Protection = On,  Virtualization Based Code Integrity = Disabled, Credential Guard = Enabled, Machine Identity Isolation = Disabled, Kernel-mode Hardware-enforced Stack Protection = Not configured, Reboot required = No, Status = 0x0."
"07-07-2026 09:33:23","7000","Information","Microsoft-Windows-DeviceGuard","Device Guard successfully processed the Group Policy: Virtualization Based Security  = Enabled,  Secure Boot = On, DMA Protection = On,  Virtualization Based Code Integrity = Disabled, Credential Guard = Enabled, Machine Identity Isolation = Disabled, Kernel-mode Hardware-enforced Stack Protection = Not configured, Reboot required = No, Status = 0x0."
"07-07-2026 09:33:23","7000","Information","Microsoft-Windows-DeviceGuard","Device Guard successfully processed the Group Policy: Virtualization Based Security  = Enabled,  Secure Boot = On, DMA Protection = On,  Virtualization Based Code Integrity = Disabled, Credential Guard = Enabled, Machine Identity Isolation = Disabled, Kernel-mode Hardware-enforced Stack Protection = Not configured, Reboot required = No, Status = 0x0."
"07-07-2026 09:33:20","7000","Information","Microsoft-Windows-DeviceGuard","Device Guard successfully processed the Group Policy: Virtualization Based Security  = Enabled,  Secure Boot = On, DMA Protection = On,  Virtualization Based Code Integrity = Disabled, Credential Guard = Enabled, Machine Identity Isolation = Disabled, Kernel-mode Hardware-enforced Stack Protection = Not configured, Reboot required = No, Status = 0x0."
"07-07-2026 09:33:20","7000","Information","Microsoft-Windows-DeviceGuard","Device Guard successfully processed the Group Policy: Virtualization Based Security  = Enabled,  Secure Boot = On, DMA Protection = On,  Virtualization Based Code Integrity = Disabled, Credential Guard = Enabled, Machine Identity Isolation = Disabled, Kernel-mode Hardware-enforced Stack Protection = Not configured, Reboot required = No, Status = 0x0."
"07-07-2026 09:33:20","7000","Information","Microsoft-Windows-DeviceGuard","Device Guard successfully processed the Group Policy: Virtualization Based Security  = Enabled,  Secure Boot = On, DMA Protection = On,  Virtualization Based Code Integrity = Disabled, Credential Guard = Enabled, Machine Identity Isolation = Disabled, Kernel-mode Hardware-enforced Stack Protection = Not configured, Reboot required = No, Status = 0x0."
"07-07-2026 09:32:43","7000","Information","Microsoft-Windows-DeviceGuard","Device Guard successfully processed the Group Policy: Virtualization Based Security  = Enabled,  Secure Boot = On, DMA Protection = On,  Virtualization Based Code Integrity = Disabled, Credential Guard = Enabled, Machine Identity Isolation = Disabled, Kernel-mode Hardware-enforced Stack Protection = Not configured, Reboot required = No, Status = 0x0."
"07-07-2026 09:32:43","7000","Information","Microsoft-Windows-DeviceGuard","Device Guard successfully processed the Group Policy: Virtualization Based Security  = Enabled,  Secure Boot = On, DMA Protection = On,  Virtualization Based Code Integrity = Disabled, Credential Guard = Enabled, Machine Identity Isolation = Disabled, Kernel-mode Hardware-enforced Stack Protection = Not configured, Reboot required = No, Status = 0x0."
"07-07-2026 09:32:43","7000","Information","Microsoft-Windows-DeviceGuard","Device Guard successfully processed the Group Policy: Virtualization Based Security  = Enabled,  Secure Boot = On, DMA Protection = On,  Virtualization Based Code Integrity = Disabled, Credential Guard = Enabled, Machine Identity Isolation = Disabled, Kernel-mode Hardware-enforced Stack Protection = Not configured, Reboot required = No, Status = 0x0."
"07-07-2026 09:32:39","7000","Information","Microsoft-Windows-DeviceGuard","Device Guard successfully processed the Group Policy: Virtualization Based Security  = Enabled,  Secure Boot = On, DMA Protection = On,  Virtualization Based Code Integrity = Disabled, Credential Guard = Enabled, Machine Identity Isolation = Disabled, Kernel-mode Hardware-enforced Stack Protection = Not configured, Reboot required = No, Status = 0x0."
"07-07-2026 09:32:39","7000","Information","Microsoft-Windows-DeviceGuard","Device Guard successfully processed the Group Policy: Virtualization Based Security  = Enabled,  Secure Boot = On, DMA Protection = On,  Virtualization Based Code Integrity = Disabled, Credential Guard = Enabled, Machine Identity Isolation = Disabled, Kernel-mode Hardware-enforced Stack Protection = Not configured, Reboot required = No, Status = 0x0."
"07-07-2026 09:32:39","7000","Information","Microsoft-Windows-DeviceGuard","Device Guard successfully processed the Group Policy: Virtualization Based Security  = Enabled,  Secure Boot = On, DMA Protection = On,  Virtualization Based Code Integrity = Disabled, Credential Guard = Enabled, Machine Identity Isolation = Disabled, Kernel-mode Hardware-enforced Stack Protection = Not configured, Reboot required = No, Status = 0x0."
"07-07-2026 09:32:09","7000","Information","Microsoft-Windows-DeviceGuard","Device Guard successfully processed the Group Policy: Virtualization Based Security  = Enabled,  Secure Boot = On, DMA Protection = On,  Virtualization Based Code Integrity = Disabled, Credential Guard = Enabled, Machine Identity Isolation = Disabled, Kernel-mode Hardware-enforced Stack Protection = Not configured, Reboot required = No, Status = 0x0."
"07-07-2026 09:32:09","7000","Information","Microsoft-Windows-DeviceGuard","Device Guard successfully processed the Group Policy: Virtualization Based Security  = Enabled,  Secure Boot = On, DMA Protection = On,  Virtualization Based Code Integrity = Disabled, Credential Guard = Enabled, Machine Identity Isolation = Disabled, Kernel-mode Hardware-enforced Stack Protection = Not configured, Reboot required = No, Status = 0x0."
"07-07-2026 09:32:08","7000","Information","Microsoft-Windows-DeviceGuard","Device Guard successfully processed the Group Policy: Virtualization Based Security  = Enabled,  Secure Boot = On, DMA Protection = On,  Virtualization Based Code Integrity = Disabled, Credential Guard = Enabled, Machine Identity Isolation = Disabled, Kernel-mode Hardware-enforced Stack Protection = Not configured, Reboot required = No, Status = 0x0."
"07-07-2026 09:32:04","7000","Information","Microsoft-Windows-DeviceGuard","Device Guard successfully processed the Group Policy: Virtualization Based Security  = Enabled,  Secure Boot = On, DMA Protection = On,  Virtualization Based Code Integrity = Disabled, Credential Guard = Enabled, Machine Identity Isolation = Disabled, Kernel-mode Hardware-enforced Stack Protection = Not configured, Reboot required = No, Status = 0x0."
"07-07-2026 09:32:04","7000","Information","Microsoft-Windows-DeviceGuard","Device Guard successfully processed the Group Policy: Virtualization Based Security  = Enabled,  Secure Boot = On, DMA Protection = On,  Virtualization Based Code Integrity = Disabled, Credential Guard = Enabled, Machine Identity Isolation = Disabled, Kernel-mode Hardware-enforced Stack Protection = Not configured, Reboot required = No, Status = 0x0."
"07-07-2026 09:32:03","7000","Information","Microsoft-Windows-DeviceGuard","Device Guard successfully processed the Group Policy: Virtualization Based Security  = Enabled,  Secure Boot = On, DMA Protection = On,  Virtualization Based Code Integrity = Disabled, Credential Guard = Enabled, Machine Identity Isolation = Disabled, Kernel-mode Hardware-enforced Stack Protection = Not configured, Reboot required = No, Status = 0x0."
"07-07-2026 09:31:33","7000","Information","Microsoft-Windows-DeviceGuard","Device Guard successfully processed the Group Policy: Virtualization Based Security  = Enabled,  Secure Boot = On, DMA Protection = On,  Virtualization Based Code Integrity = Disabled, Credential Guard = Enabled, Machine Identity Isolation = Disabled, Kernel-mode Hardware-enforced Stack Protection = Not configured, Reboot required = No, Status = 0x0."
"07-07-2026 09:31:33","7000","Information","Microsoft-Windows-DeviceGuard","Device Guard successfully processed the Group Policy: Virtualization Based Security  = Enabled,  Secure Boot = On, DMA Protection = On,  Virtualization Based Code Integrity = Disabled, Credential Guard = Enabled, Machine Identity Isolation = Disabled, Kernel-mode Hardware-enforced Stack Protection = Not configured, Reboot required = No, Status = 0x0."
"07-07-2026 09:31:33","7000","Information","Microsoft-Windows-DeviceGuard","Device Guard successfully processed the Group Policy: Virtualization Based Security  = Enabled,  Secure Boot = On, DMA Protection = On,  Virtualization Based Code Integrity = Disabled, Credential Guard = Enabled, Machine Identity Isolation = Disabled, Kernel-mode Hardware-enforced Stack Protection = Not configured, Reboot required = No, Status = 0x0."
"07-07-2026 09:31:30","7000","Information","Microsoft-Windows-DeviceGuard","Device Guard successfully processed the Group Policy: Virtualization Based Security  = Enabled,  Secure Boot = On, DMA Protection = On,  Virtualization Based Code Integrity = Disabled, Credential Guard = Enabled, Machine Identity Isolation = Disabled, Kernel-mode Hardware-enforced Stack Protection = Not configured, Reboot required = No, Status = 0x0."
"07-07-2026 09:31:29","7000","Information","Microsoft-Windows-DeviceGuard","Device Guard successfully processed the Group Policy: Virtualization Based Security  = Enabled,  Secure Boot = On, DMA Protection = On,  Virtualization Based Code Integrity = Disabled, Credential Guard = Enabled, Machine Identity Isolation = Disabled, Kernel-mode Hardware-enforced Stack Protection = Not configured, Reboot required = No, Status = 0x0."
"07-07-2026 09:31:29","7000","Information","Microsoft-Windows-DeviceGuard","Device Guard successfully processed the Group Policy: Virtualization Based Security  = Enabled,  Secure Boot = On, DMA Protection = On,  Virtualization Based Code Integrity = Disabled, Credential Guard = Enabled, Machine Identity Isolation = Disabled, Kernel-mode Hardware-enforced Stack Protection = Not configured, Reboot required = No, Status = 0x0."
"07-07-2026 09:30:23","7000","Information","Microsoft-Windows-DeviceGuard","Device Guard successfully processed the Group Policy: Virtualization Based Security  = Enabled,  Secure Boot = On, DMA Protection = On,  Virtualization Based Code Integrity = Disabled, Credential Guard = Enabled, Machine Identity Isolation = Disabled, Kernel-mode Hardware-enforced Stack Protection = Not configured, Reboot required = No, Status = 0x0."
"07-07-2026 09:30:23","7000","Information","Microsoft-Windows-DeviceGuard","Device Guard successfully processed the Group Policy: Virtualization Based Security  = Enabled,  Secure Boot = On, DMA Protection = On,  Virtualization Based Code Integrity = Disabled, Credential Guard = Enabled, Machine Identity Isolation = Disabled, Kernel-mode Hardware-enforced Stack Protection = Not configured, Reboot required = No, Status = 0x0."
"07-07-2026 09:30:23","7000","Information","Microsoft-Windows-DeviceGuard","Device Guard successfully processed the Group Policy: Virtualization Based Security  = Enabled,  Secure Boot = On, DMA Protection = On,  Virtualization Based Code Integrity = Disabled, Credential Guard = Enabled, Machine Identity Isolation = Disabled, Kernel-mode Hardware-enforced Stack Protection = Not configured, Reboot required = No, Status = 0x0."
"07-07-2026 09:30:10","7000","Information","Microsoft-Windows-DeviceGuard","Device Guard successfully processed the Group Policy: Virtualization Based Security  = Enabled,  Secure Boot = On, DMA Protection = On,  Virtualization Based Code Integrity = Disabled, Credential Guard = Enabled, Machine Identity Isolation = Disabled, Kernel-mode Hardware-enforced Stack Protection = Not configured, Reboot required = No, Status = 0x0."
"07-07-2026 09:30:10","7000","Information","Microsoft-Windows-DeviceGuard","Device Guard successfully processed the Group Policy: Virtualization Based Security  = Enabled,  Secure Boot = On, DMA Protection = On,  Virtualization Based Code Integrity = Disabled, Credential Guard = Enabled, Machine Identity Isolation = Disabled, Kernel-mode Hardware-enforced Stack Protection = Not configured, Reboot required = No, Status = 0x0."
"07-07-2026 09:30:09","7000","Information","Microsoft-Windows-DeviceGuard","Device Guard successfully processed the Group Policy: Virtualization Based Security  = Enabled,  Secure Boot = On, DMA Protection = On,  Virtualization Based Code Integrity = Disabled, Credential Guard = Enabled, Machine Identity Isolation = Disabled, Kernel-mode Hardware-enforced Stack Protection = Not configured, Reboot required = No, Status = 0x0."
"07-07-2026 09:28:58","7000","Information","Microsoft-Windows-DeviceGuard","Device Guard successfully processed the Group Policy: Virtualization Based Security  = Enabled,  Secure Boot = On, DMA Protection = On,  Virtualization Based Code Integrity = Disabled, Credential Guard = Enabled, Machine Identity Isolation = Disabled, Kernel-mode Hardware-enforced Stack Protection = Not configured, Reboot required = No, Status = 0x0."
"07-07-2026 09:28:58","7000","Information","Microsoft-Windows-DeviceGuard","Device Guard successfully processed the Group Policy: Virtualization Based Security  = Enabled,  Secure Boot = On, DMA Protection = On,  Virtualization Based Code Integrity = Disabled, Credential Guard = Enabled, Machine Identity Isolation = Disabled, Kernel-mode Hardware-enforced Stack Protection = Not configured, Reboot required = No, Status = 0x0."
"07-07-2026 09:13:32","7000","Information","Microsoft-Windows-DeviceGuard","Device Guard successfully processed the Group Policy: Virtualization Based Security  = Enabled,  Secure Boot = On, DMA Protection = On,  Virtualization Based Code Integrity = Disabled, Credential Guard = Enabled, Machine Identity Isolation = Disabled, Kernel-mode Hardware-enforced Stack Protection = Not configured, Reboot required = No, Status = 0x0."
"07-07-2026 09:13:32","7000","Information","Microsoft-Windows-DeviceGuard","Device Guard successfully processed the Group Policy: Virtualization Based Security  = Enabled,  Secure Boot = On, DMA Protection = On,  Virtualization Based Code Integrity = Disabled, Credential Guard = Enabled, Machine Identity Isolation = Disabled, Kernel-mode Hardware-enforced Stack Protection = Not configured, Reboot required = No, Status = 0x0."
"07-07-2026 09:09:48","7000","Information","Microsoft-Windows-DeviceGuard","Device Guard successfully processed the Group Policy: Virtualization Based Security  = Enabled,  Secure Boot = On, DMA Protection = On,  Virtualization Based Code Integrity = Disabled, Credential Guard = Enabled, Machine Identity Isolation = Disabled, Kernel-mode Hardware-enforced Stack Protection = Not configured, Reboot required = No, Status = 0x0."
"07-07-2026 09:09:48","7000","Information","Microsoft-Windows-DeviceGuard","Device Guard successfully processed the Group Policy: Virtualization Based Security  = Enabled,  Secure Boot = On, DMA Protection = On,  Virtualization Based Code Integrity = Disabled, Credential Guard = Enabled, Machine Identity Isolation = Disabled, Kernel-mode Hardware-enforced Stack Protection = Not configured, Reboot required = No, Status = 0x0."
"07-07-2026 09:09:48","7000","Information","Microsoft-Windows-DeviceGuard","Device Guard successfully processed the Group Policy: Virtualization Based Security  = Enabled,  Secure Boot = On, DMA Protection = On,  Virtualization Based Code Integrity = Disabled, Credential Guard = Enabled, Machine Identity Isolation = Disabled, Kernel-mode Hardware-enforced Stack Protection = Not configured, Reboot required = No, Status = 0x0."
"07-07-2026 09:09:46","7000","Information","Microsoft-Windows-DeviceGuard","Device Guard successfully processed the Group Policy: Virtualization Based Security  = Enabled,  Secure Boot = On, DMA Protection = On,  Virtualization Based Code Integrity = Disabled, Credential Guard = Enabled, Machine Identity Isolation = Disabled, Kernel-mode Hardware-enforced Stack Protection = Not configured, Reboot required = No, Status = 0x0."
"07-07-2026 09:09:45","7000","Information","Microsoft-Windows-DeviceGuard","Device Guard successfully processed the Group Policy: Virtualization Based Security  = Enabled,  Secure Boot = On, DMA Protection = On,  Virtualization Based Code Integrity = Disabled, Credential Guard = Enabled, Machine Identity Isolation = Disabled, Kernel-mode Hardware-enforced Stack Protection = Not configured, Reboot required = No, Status = 0x0."
"07-07-2026 09:09:45","7000","Information","Microsoft-Windows-DeviceGuard","Device Guard successfully processed the Group Policy: Virtualization Based Security  = Enabled,  Secure Boot = On, DMA Protection = On,  Virtualization Based Code Integrity = Disabled, Credential Guard = Enabled, Machine Identity Isolation = Disabled, Kernel-mode Hardware-enforced Stack Protection = Not configured, Reboot required = No, Status = 0x0."
"07-07-2026 09:09:15","7000","Information","Microsoft-Windows-DeviceGuard","Device Guard successfully processed the Group Policy: Virtualization Based Security  = Enabled,  Secure Boot = On, DMA Protection = On,  Virtualization Based Code Integrity = Disabled, Credential Guard = Enabled, Machine Identity Isolation = Disabled, Kernel-mode Hardware-enforced Stack Protection = Not configured, Reboot required = No, Status = 0x0."
"07-07-2026 09:09:15","7000","Information","Microsoft-Windows-DeviceGuard","Device Guard successfully processed the Group Policy: Virtualization Based Security  = Enabled,  Secure Boot = On, DMA Protection = On,  Virtualization Based Code Integrity = Disabled, Credential Guard = Enabled, Machine Identity Isolation = Disabled, Kernel-mode Hardware-enforced Stack Protection = Not configured, Reboot required = No, Status = 0x0."
"07-07-2026 09:09:15","7000","Information","Microsoft-Windows-DeviceGuard","Device Guard successfully processed the Group Policy: Virtualization Based Security  = Enabled,  Secure Boot = On, DMA Protection = On,  Virtualization Based Code Integrity = Disabled, Credential Guard = Enabled, Machine Identity Isolation = Disabled, Kernel-mode Hardware-enforced Stack Protection = Not configured, Reboot required = No, Status = 0x0."
"07-07-2026 09:09:12","7000","Information","Microsoft-Windows-DeviceGuard","Device Guard successfully processed the Group Policy: Virtualization Based Security  = Enabled,  Secure Boot = On, DMA Protection = On,  Virtualization Based Code Integrity = Disabled, Credential Guard = Enabled, Machine Identity Isolation = Disabled, Kernel-mode Hardware-enforced Stack Protection = Not configured, Reboot required = No, Status = 0x0."
"07-07-2026 09:09:12","7000","Information","Microsoft-Windows-DeviceGuard","Device Guard successfully processed the Group Policy: Virtualization Based Security  = Enabled,  Secure Boot = On, DMA Protection = On,  Virtualization Based Code Integrity = Disabled, Credential Guard = Enabled, Machine Identity Isolation = Disabled, Kernel-mode Hardware-enforced Stack Protection = Not configured, Reboot required = No, Status = 0x0."
"07-07-2026 09:09:11","7000","Information","Microsoft-Windows-DeviceGuard","Device Guard successfully processed the Group Policy: Virtualization Based Security  = Enabled,  Secure Boot = On, DMA Protection = On,  Virtualization Based Code Integrity = Disabled, Credential Guard = Enabled, Machine Identity Isolation = Disabled, Kernel-mode Hardware-enforced Stack Protection = Not configured, Reboot required = No, Status = 0x0."
"07-07-2026 09:08:53","7000","Information","Microsoft-Windows-DeviceGuard","Device Guard successfully processed the Group Policy: Virtualization Based Security  = Enabled,  Secure Boot = On, DMA Protection = On,  Virtualization Based Code Integrity = Disabled, Credential Guard = Enabled, Machine Identity Isolation = Disabled, Kernel-mode Hardware-enforced Stack Protection = Not configured, Reboot required = No, Status = 0x0."
"07-07-2026 09:08:53","7000","Information","Microsoft-Windows-DeviceGuard","Device Guard successfully processed the Group Policy: Virtualization Based Security  = Enabled,  Secure Boot = On, DMA Protection = On,  Virtualization Based Code Integrity = Disabled, Credential Guard = Enabled, Machine Identity Isolation = Disabled, Kernel-mode Hardware-enforced Stack Protection = Not configured, Reboot required = No, Status = 0x0."
"07-07-2026 09:08:53","7000","Information","Microsoft-Windows-DeviceGuard","Device Guard successfully processed the Group Policy: Virtualization Based Security  = Enabled,  Secure Boot = On, DMA Protection = On,  Virtualization Based Code Integrity = Disabled, Credential Guard = Enabled, Machine Identity Isolation = Disabled, Kernel-mode Hardware-enforced Stack Protection = Not configured, Reboot required = No, Status = 0x0."
"07-07-2026 09:08:52","7000","Information","Microsoft-Windows-DeviceGuard","Device Guard successfully processed the Group Policy: Virtualization Based Security  = Enabled,  Secure Boot = On, DMA Protection = On,  Virtualization Based Code Integrity = Disabled, Credential Guard = Enabled, Machine Identity Isolation = Disabled, Kernel-mode Hardware-enforced Stack Protection = Not configured, Reboot required = No, Status = 0x0."
"07-07-2026 09:08:52","7000","Information","Microsoft-Windows-DeviceGuard","Device Guard successfully processed the Group Policy: Virtualization Based Security  = Enabled,  Secure Boot = On, DMA Protection = On,  Virtualization Based Code Integrity = Disabled, Credential Guard = Enabled, Machine Identity Isolation = Disabled, Kernel-mode Hardware-enforced Stack Protection = Not configured, Reboot required = No, Status = 0x0."
"07-07-2026 09:08:52","7000","Information","Microsoft-Windows-DeviceGuard","Device Guard successfully processed the Group Policy: Virtualization Based Security  = Enabled,  Secure Boot = On, DMA Protection = On,  Virtualization Based Code Integrity = Disabled, Credential Guard = Enabled, Machine Identity Isolation = Disabled, Kernel-mode Hardware-enforced Stack Protection = Not configured, Reboot required = No, Status = 0x0."
"07-07-2026 09:08:23","7000","Information","Microsoft-Windows-DeviceGuard","Device Guard successfully processed the Group Policy: Virtualization Based Security  = Enabled,  Secure Boot = On, DMA Protection = On,  Virtualization Based Code Integrity = Disabled, Credential Guard = Enabled, Machine Identity Isolation = Disabled, Kernel-mode Hardware-enforced Stack Protection = Not configured, Reboot required = No, Status = 0x0."
"07-07-2026 09:08:23","7000","Information","Microsoft-Windows-DeviceGuard","Device Guard successfully processed the Group Policy: Virtualization Based Security  = Enabled,  Secure Boot = On, DMA Protection = On,  Virtualization Based Code Integrity = Disabled, Credential Guard = Enabled, Machine Identity Isolation = Disabled, Kernel-mode Hardware-enforced Stack Protection = Not configured, Reboot required = No, Status = 0x0."
"07-07-2026 09:08:23","7000","Information","Microsoft-Windows-DeviceGuard","Device Guard successfully processed the Group Policy: Virtualization Based Security  = Enabled,  Secure Boot = On, DMA Protection = On,  Virtualization Based Code Integrity = Disabled, Credential Guard = Enabled, Machine Identity Isolation = Disabled, Kernel-mode Hardware-enforced Stack Protection = Not configured, Reboot required = No, Status = 0x0."
"07-07-2026 09:08:21","7000","Information","Microsoft-Windows-DeviceGuard","Device Guard successfully processed the Group Policy: Virtualization Based Security  = Enabled,  Secure Boot = On, DMA Protection = On,  Virtualization Based Code Integrity = Disabled, Credential Guard = Enabled, Machine Identity Isolation = Disabled, Kernel-mode Hardware-enforced Stack Protection = Not configured, Reboot required = No, Status = 0x0."
"07-07-2026 09:08:21","7000","Information","Microsoft-Windows-DeviceGuard","Device Guard successfully processed the Group Policy: Virtualization Based Security  = Enabled,  Secure Boot = On, DMA Protection = On,  Virtualization Based Code Integrity = Disabled, Credential Guard = Enabled, Machine Identity Isolation = Disabled, Kernel-mode Hardware-enforced Stack Protection = Not configured, Reboot required = No, Status = 0x0."
"07-07-2026 09:08:21","7000","Information","Microsoft-Windows-DeviceGuard","Device Guard successfully processed the Group Policy: Virtualization Based Security  = Enabled,  Secure Boot = On, DMA Protection = On,  Virtualization Based Code Integrity = Disabled, Credential Guard = Enabled, Machine Identity Isolation = Disabled, Kernel-mode Hardware-enforced Stack Protection = Not configured, Reboot required = No, Status = 0x0."
"07-07-2026 04:39:08","7000","Information","Microsoft-Windows-DeviceGuard","Device Guard successfully processed the Group Policy: Virtualization Based Security  = Enabled,  Secure Boot = On, DMA Protection = On,  Virtualization Based Code Integrity = Disabled, Credential Guard = Enabled, Machine Identity Isolation = Disabled, Kernel-mode Hardware-enforced Stack Protection = Not configured, Reboot required = No, Status = 0x0."
"07-07-2026 04:39:08","7000","Information","Microsoft-Windows-DeviceGuard","Device Guard successfully processed the Group Policy: Virtualization Based Security  = Enabled,  Secure Boot = On, DMA Protection = On,  Virtualization Based Code Integrity = Disabled, Credential Guard = Enabled, Machine Identity Isolation = Disabled, Kernel-mode Hardware-enforced Stack Protection = Not configured, Reboot required = No, Status = 0x0."
"06-07-2026 15:46:01","7000","Information","Microsoft-Windows-DeviceGuard","Device Guard successfully processed the Group Policy: Virtualization Based Security  = Enabled,  Secure Boot = On, DMA Protection = On,  Virtualization Based Code Integrity = Disabled, Credential Guard = Enabled, Machine Identity Isolation = Disabled, Kernel-mode Hardware-enforced Stack Protection = Not configured, Reboot required = No, Status = 0x0."
"06-07-2026 15:46:01","7000","Information","Microsoft-Windows-DeviceGuard","Device Guard successfully processed the Group Policy: Virtualization Based Security  = Enabled,  Secure Boot = On, DMA Protection = On,  Virtualization Based Code Integrity = Disabled, Credential Guard = Enabled, Machine Identity Isolation = Disabled, Kernel-mode Hardware-enforced Stack Protection = Not configured, Reboot required = No, Status = 0x0."
"06-07-2026 13:12:12","7000","Information","Microsoft-Windows-DeviceGuard","Device Guard successfully processed the Group Policy: Virtualization Based Security  = Enabled,  Secure Boot = On, DMA Protection = On,  Virtualization Based Code Integrity = Disabled, Credential Guard = Enabled, Machine Identity Isolation = Disabled, Kernel-mode Hardware-enforced Stack Protection = Not configured, Reboot required = No, Status = 0x0."
"06-07-2026 13:12:12","7000","Information","Microsoft-Windows-DeviceGuard","Device Guard successfully processed the Group Policy: Virtualization Based Security  = Enabled,  Secure Boot = On, DMA Protection = On,  Virtualization Based Code Integrity = Disabled, Credential Guard = Enabled, Machine Identity Isolation = Disabled, Kernel-mode Hardware-enforced Stack Protection = Not configured, Reboot required = No, Status = 0x0."
"06-07-2026 13:12:12","7000","Information","Microsoft-Windows-DeviceGuard","Device Guard successfully processed the Group Policy: Virtualization Based Security  = Enabled,  Secure Boot = On, DMA Protection = On,  Virtualization Based Code Integrity = Disabled, Credential Guard = Enabled, Machine Identity Isolation = Disabled, Kernel-mode Hardware-enforced Stack Protection = Not configured, Reboot required = No, Status = 0x0."
"06-07-2026 13:12:09","7000","Information","Microsoft-Windows-DeviceGuard","Device Guard successfully processed the Group Policy: Virtualization Based Security  = Enabled,  Secure Boot = On, DMA Protection = On,  Virtualization Based Code Integrity = Disabled, Credential Guard = Enabled, Machine Identity Isolation = Disabled, Kernel-mode Hardware-enforced Stack Protection = Not configured, Reboot required = No, Status = 0x0."
"06-07-2026 13:12:09","7000","Information","Microsoft-Windows-DeviceGuard","Device Guard successfully processed the Group Policy: Virtualization Based Security  = Enabled,  Secure Boot = On, DMA Protection = On,  Virtualization Based Code Integrity = Disabled, Credential Guard = Enabled, Machine Identity Isolation = Disabled, Kernel-mode Hardware-enforced Stack Protection = Not configured, Reboot required = No, Status = 0x0."
"06-07-2026 13:12:09","7000","Information","Microsoft-Windows-DeviceGuard","Device Guard successfully processed the Group Policy: Virtualization Based Security  = Enabled,  Secure Boot = On, DMA Protection = On,  Virtualization Based Code Integrity = Disabled, Credential Guard = Enabled, Machine Identity Isolation = Disabled, Kernel-mode Hardware-enforced Stack Protection = Not configured, Reboot required = No, Status = 0x0."
"06-07-2026 13:11:42","7000","Information","Microsoft-Windows-DeviceGuard","Device Guard successfully processed the Group Policy: Virtualization Based Security  = Enabled,  Secure Boot = On, DMA Protection = On,  Virtualization Based Code Integrity = Disabled, Credential Guard = Enabled, Machine Identity Isolation = Disabled, Kernel-mode Hardware-enforced Stack Protection = Not configured, Reboot required = No, Status = 0x0."
"06-07-2026 13:11:42","7000","Information","Microsoft-Windows-DeviceGuard","Device Guard successfully processed the Group Policy: Virtualization Based Security  = Enabled,  Secure Boot = On, DMA Protection = On,  Virtualization Based Code Integrity = Disabled, Credential Guard = Enabled, Machine Identity Isolation = Disabled, Kernel-mode Hardware-enforced Stack Protection = Not configured, Reboot required = No, Status = 0x0."
"06-07-2026 13:11:42","7000","Information","Microsoft-Windows-DeviceGuard","Device Guard successfully processed the Group Policy: Virtualization Based Security  = Enabled,  Secure Boot = On, DMA Protection = On,  Virtualization Based Code Integrity = Disabled, Credential Guard = Enabled, Machine Identity Isolation = Disabled, Kernel-mode Hardware-enforced Stack Protection = Not configured, Reboot required = No, Status = 0x0."
"06-07-2026 13:11:39","7000","Information","Microsoft-Windows-DeviceGuard","Device Guard successfully processed the Group Policy: Virtualization Based Security  = Enabled,  Secure Boot = On, DMA Protection = On,  Virtualization Based Code Integrity = Disabled, Credential Guard = Enabled, Machine Identity Isolation = Disabled, Kernel-mode Hardware-enforced Stack Protection = Not configured, Reboot required = No, Status = 0x0."
"06-07-2026 13:11:39","7000","Information","Microsoft-Windows-DeviceGuard","Device Guard successfully processed the Group Policy: Virtualization Based Security  = Enabled,  Secure Boot = On, DMA Protection = On,  Virtualization Based Code Integrity = Disabled, Credential Guard = Enabled, Machine Identity Isolation = Disabled, Kernel-mode Hardware-enforced Stack Protection = Not configured, Reboot required = No, Status = 0x0."
"06-07-2026 13:11:39","7000","Information","Microsoft-Windows-DeviceGuard","Device Guard successfully processed the Group Policy: Virtualization Based Security  = Enabled,  Secure Boot = On, DMA Protection = On,  Virtualization Based Code Integrity = Disabled, Credential Guard = Enabled, Machine Identity Isolation = Disabled, Kernel-mode Hardware-enforced Stack Protection = Not configured, Reboot required = No, Status = 0x0."
"06-07-2026 13:11:03","7000","Information","Microsoft-Windows-DeviceGuard","Device Guard successfully processed the Group Policy: Virtualization Based Security  = Enabled,  Secure Boot = On, DMA Protection = On,  Virtualization Based Code Integrity = Disabled, Credential Guard = Enabled, Machine Identity Isolation = Disabled, Kernel-mode Hardware-enforced Stack Protection = Not configured, Reboot required = No, Status = 0x0."
"06-07-2026 13:11:03","7000","Information","Microsoft-Windows-DeviceGuard","Device Guard successfully processed the Group Policy: Virtualization Based Security  = Enabled,  Secure Boot = On, DMA Protection = On,  Virtualization Based Code Integrity = Disabled, Credential Guard = Enabled, Machine Identity Isolation = Disabled, Kernel-mode Hardware-enforced Stack Protection = Not configured, Reboot required = No, Status = 0x0."
"06-07-2026 11:56:02","7000","Information","Microsoft-Windows-DeviceGuard","Device Guard successfully processed the Group Policy: Virtualization Based Security  = Enabled,  Secure Boot = On, DMA Protection = On,  Virtualization Based Code Integrity = Disabled, Credential Guard = Enabled, Machine Identity Isolation = Disabled, Kernel-mode Hardware-enforced Stack Protection = Not configured, Reboot required = No, Status = 0x0."
"06-07-2026 11:56:02","7000","Information","Microsoft-Windows-DeviceGuard","Device Guard successfully processed the Group Policy: Virtualization Based Security  = Enabled,  Secure Boot = On, DMA Protection = On,  Virtualization Based Code Integrity = Disabled, Credential Guard = Enabled, Machine Identity Isolation = Disabled, Kernel-mode Hardware-enforced Stack Protection = Not configured, Reboot required = No, Status = 0x0."
"06-07-2026 09:20:15","7000","Information","Microsoft-Windows-DeviceGuard","Device Guard successfully processed the Group Policy: Virtualization Based Security  = Enabled,  Secure Boot = On, DMA Protection = On,  Virtualization Based Code Integrity = Disabled, Credential Guard = Enabled, Machine Identity Isolation = Disabled, Kernel-mode Hardware-enforced Stack Protection = Not configured, Reboot required = No, Status = 0x0."
"06-07-2026 09:20:15","7000","Information","Microsoft-Windows-DeviceGuard","Device Guard successfully processed the Group Policy: Virtualization Based Security  = Enabled,  Secure Boot = On, DMA Protection = On,  Virtualization Based Code Integrity = Disabled, Credential Guard = Enabled, Machine Identity Isolation = Disabled, Kernel-mode Hardware-enforced Stack Protection = Not configured, Reboot required = No, Status = 0x0."
"06-07-2026 09:20:15","7000","Information","Microsoft-Windows-DeviceGuard","Device Guard successfully processed the Group Policy: Virtualization Based Security  = Enabled,  Secure Boot = On, DMA Protection = On,  Virtualization Based Code Integrity = Disabled, Credential Guard = Enabled, Machine Identity Isolation = Disabled, Kernel-mode Hardware-enforced Stack Protection = Not configured, Reboot required = No, Status = 0x0."
"06-07-2026 09:20:12","7000","Information","Microsoft-Windows-DeviceGuard","Device Guard successfully processed the Group Policy: Virtualization Based Security  = Enabled,  Secure Boot = On, DMA Protection = On,  Virtualization Based Code Integrity = Disabled, Credential Guard = Enabled, Machine Identity Isolation = Disabled, Kernel-mode Hardware-enforced Stack Protection = Not configured, Reboot required = No, Status = 0x0."
"06-07-2026 09:20:12","7000","Information","Microsoft-Windows-DeviceGuard","Device Guard successfully processed the Group Policy: Virtualization Based Security  = Enabled,  Secure Boot = On, DMA Protection = On,  Virtualization Based Code Integrity = Disabled, Credential Guard = Enabled, Machine Identity Isolation = Disabled, Kernel-mode Hardware-enforced Stack Protection = Not configured, Reboot required = No, Status = 0x0."
"06-07-2026 09:20:12","7000","Information","Microsoft-Windows-DeviceGuard","Device Guard successfully processed the Group Policy: Virtualization Based Security  = Enabled,  Secure Boot = On, DMA Protection = On,  Virtualization Based Code Integrity = Disabled, Credential Guard = Enabled, Machine Identity Isolation = Disabled, Kernel-mode Hardware-enforced Stack Protection = Not configured, Reboot required = No, Status = 0x0."
"06-07-2026 09:19:43","7000","Information","Microsoft-Windows-DeviceGuard","Device Guard successfully processed the Group Policy: Virtualization Based Security  = Enabled,  Secure Boot = On, DMA Protection = On,  Virtualization Based Code Integrity = Disabled, Credential Guard = Enabled, Machine Identity Isolation = Disabled, Kernel-mode Hardware-enforced Stack Protection = Not configured, Reboot required = No, Status = 0x0."
"06-07-2026 09:19:43","7000","Information","Microsoft-Windows-DeviceGuard","Device Guard successfully processed the Group Policy: Virtualization Based Security  = Enabled,  Secure Boot = On, DMA Protection = On,  Virtualization Based Code Integrity = Disabled, Credential Guard = Enabled, Machine Identity Isolation = Disabled, Kernel-mode Hardware-enforced Stack Protection = Not configured, Reboot required = No, Status = 0x0."
"06-07-2026 09:19:43","7000","Information","Microsoft-Windows-DeviceGuard","Device Guard successfully processed the Group Policy: Virtualization Based Security  = Enabled,  Secure Boot = On, DMA Protection = On,  Virtualization Based Code Integrity = Disabled, Credential Guard = Enabled, Machine Identity Isolation = Disabled, Kernel-mode Hardware-enforced Stack Protection = Not configured, Reboot required = No, Status = 0x0."
"06-07-2026 09:19:31","7000","Information","Microsoft-Windows-DeviceGuard","Device Guard successfully processed the Group Policy: Virtualization Based Security  = Enabled,  Secure Boot = On, DMA Protection = On,  Virtualization Based Code Integrity = Disabled, Credential Guard = Enabled, Machine Identity Isolation = Disabled, Kernel-mode Hardware-enforced Stack Protection = Not configured, Reboot required = No, Status = 0x0."
"06-07-2026 09:19:31","7000","Information","Microsoft-Windows-DeviceGuard","Device Guard successfully processed the Group Policy: Virtualization Based Security  = Enabled,  Secure Boot = On, DMA Protection = On,  Virtualization Based Code Integrity = Disabled, Credential Guard = Enabled, Machine Identity Isolation = Disabled, Kernel-mode Hardware-enforced Stack Protection = Not configured, Reboot required = No, Status = 0x0."
"06-07-2026 09:19:30","7000","Information","Microsoft-Windows-DeviceGuard","Device Guard successfully processed the Group Policy: Virtualization Based Security  = Enabled,  Secure Boot = On, DMA Protection = On,  Virtualization Based Code Integrity = Disabled, Credential Guard = Enabled, Machine Identity Isolation = Disabled, Kernel-mode Hardware-enforced Stack Protection = Not configured, Reboot required = No, Status = 0x0."
"06-07-2026 09:18:42","7000","Information","Microsoft-Windows-DeviceGuard","Device Guard successfully processed the Group Policy: Virtualization Based Security  = Enabled,  Secure Boot = On, DMA Protection = On,  Virtualization Based Code Integrity = Disabled, Credential Guard = Enabled, Machine Identity Isolation = Disabled, Kernel-mode Hardware-enforced Stack Protection = Not configured, Reboot required = No, Status = 0x0."
"06-07-2026 09:18:41","7000","Information","Microsoft-Windows-DeviceGuard","Device Guard successfully processed the Group Policy: Virtualization Based Security  = Enabled,  Secure Boot = On, DMA Protection = On,  Virtualization Based Code Integrity = Disabled, Credential Guard = Enabled, Machine Identity Isolation = Disabled, Kernel-mode Hardware-enforced Stack Protection = Not configured, Reboot required = No, Status = 0x0."
"06-07-2026 09:18:41","7000","Information","Microsoft-Windows-DeviceGuard","Device Guard successfully processed the Group Policy: Virtualization Based Security  = Enabled,  Secure Boot = On, DMA Protection = On,  Virtualization Based Code Integrity = Disabled, Credential Guard = Enabled, Machine Identity Isolation = Disabled, Kernel-mode Hardware-enforced Stack Protection = Not configured, Reboot required = No, Status = 0x0."
"06-07-2026 09:18:37","7000","Information","Microsoft-Windows-DeviceGuard","Device Guard successfully processed the Group Policy: Virtualization Based Security  = Enabled,  Secure Boot = On, DMA Protection = On,  Virtualization Based Code Integrity = Disabled, Credential Guard = Enabled, Machine Identity Isolation = Disabled, Kernel-mode Hardware-enforced Stack Protection = Not configured, Reboot required = No, Status = 0x0."
"06-07-2026 09:18:36","7000","Information","Microsoft-Windows-DeviceGuard","Device Guard successfully processed the Group Policy: Virtualization Based Security  = Enabled,  Secure Boot = On, DMA Protection = On,  Virtualization Based Code Integrity = Disabled, Credential Guard = Enabled, Machine Identity Isolation = Disabled, Kernel-mode Hardware-enforced Stack Protection = Not configured, Reboot required = No, Status = 0x0."
"06-07-2026 09:18:35","7000","Information","Microsoft-Windows-DeviceGuard","Device Guard successfully processed the Group Policy: Virtualization Based Security  = Enabled,  Secure Boot = On, DMA Protection = On,  Virtualization Based Code Integrity = Disabled, Credential Guard = Enabled, Machine Identity Isolation = Disabled, Kernel-mode Hardware-enforced Stack Protection = Not configured, Reboot required = No, Status = 0x0."
"06-07-2026 09:18:04","7000","Information","Microsoft-Windows-DeviceGuard","Device Guard successfully processed the Group Policy: Virtualization Based Security  = Enabled,  Secure Boot = On, DMA Protection = On,  Virtualization Based Code Integrity = Disabled, Credential Guard = Enabled, Machine Identity Isolation = Disabled, Kernel-mode Hardware-enforced Stack Protection = Not configured, Reboot required = No, Status = 0x0."
"06-07-2026 09:18:04","7000","Information","Microsoft-Windows-DeviceGuard","Device Guard successfully processed the Group Policy: Virtualization Based Security  = Enabled,  Secure Boot = On, DMA Protection = On,  Virtualization Based Code Integrity = Disabled, Credential Guard = Enabled, Machine Identity Isolation = Disabled, Kernel-mode Hardware-enforced Stack Protection = Not configured, Reboot required = No, Status = 0x0."
"06-07-2026 09:18:04","7000","Information","Microsoft-Windows-DeviceGuard","Device Guard successfully processed the Group Policy: Virtualization Based Security  = Enabled,  Secure Boot = On, DMA Protection = On,  Virtualization Based Code Integrity = Disabled, Credential Guard = Enabled, Machine Identity Isolation = Disabled, Kernel-mode Hardware-enforced Stack Protection = Not configured, Reboot required = No, Status = 0x0."
"06-07-2026 09:18:01","7000","Information","Microsoft-Windows-DeviceGuard","Device Guard successfully processed the Group Policy: Virtualization Based Security  = Enabled,  Secure Boot = On, DMA Protection = On,  Virtualization Based Code Integrity = Disabled, Credential Guard = Enabled, Machine Identity Isolation = Disabled, Kernel-mode Hardware-enforced Stack Protection = Not configured, Reboot required = No, Status = 0x0."
"06-07-2026 09:18:01","7000","Information","Microsoft-Windows-DeviceGuard","Device Guard successfully processed the Group Policy: Virtualization Based Security  = Enabled,  Secure Boot = On, DMA Protection = On,  Virtualization Based Code Integrity = Disabled, Credential Guard = Enabled, Machine Identity Isolation = Disabled, Kernel-mode Hardware-enforced Stack Protection = Not configured, Reboot required = No, Status = 0x0."
"06-07-2026 09:18:01","7000","Information","Microsoft-Windows-DeviceGuard","Device Guard successfully processed the Group Policy: Virtualization Based Security  = Enabled,  Secure Boot = On, DMA Protection = On,  Virtualization Based Code Integrity = Disabled, Credential Guard = Enabled, Machine Identity Isolation = Disabled, Kernel-mode Hardware-enforced Stack Protection = Not configured, Reboot required = No, Status = 0x0."
"06-07-2026 09:17:12","7000","Information","Microsoft-Windows-DeviceGuard","Device Guard successfully processed the Group Policy: Virtualization Based Security  = Enabled,  Secure Boot = On, DMA Protection = On,  Virtualization Based Code Integrity = Disabled, Credential Guard = Enabled, Machine Identity Isolation = Disabled, Kernel-mode Hardware-enforced Stack Protection = Not configured, Reboot required = No, Status = 0x0."
"06-07-2026 09:17:12","7000","Information","Microsoft-Windows-DeviceGuard","Device Guard successfully processed the Group Policy: Virtualization Based Security  = Enabled,  Secure Boot = On, DMA Protection = On,  Virtualization Based Code Integrity = Disabled, Credential Guard = Enabled, Machine Identity Isolation = Disabled, Kernel-mode Hardware-enforced Stack Protection = Not configured, Reboot required = No, Status = 0x0."
"04-07-2026 22:43:54","7000","Information","Microsoft-Windows-DeviceGuard","Device Guard successfully processed the Group Policy: Virtualization Based Security  = Enabled,  Secure Boot = On, DMA Protection = On,  Virtualization Based Code Integrity = Disabled, Credential Guard = Enabled, Machine Identity Isolation = Disabled, Kernel-mode Hardware-enforced Stack Protection = Not configured, Reboot required = No, Status = 0x0."
"04-07-2026 22:43:54","7000","Information","Microsoft-Windows-DeviceGuard","Device Guard successfully processed the Group Policy: Virtualization Based Security  = Enabled,  Secure Boot = On, DMA Protection = On,  Virtualization Based Code Integrity = Disabled, Credential Guard = Enabled, Machine Identity Isolation = Disabled, Kernel-mode Hardware-enforced Stack Protection = Not configured, Reboot required = No, Status = 0x0."
"04-07-2026 14:18:33","7000","Information","Microsoft-Windows-DeviceGuard","Device Guard successfully processed the Group Policy: Virtualization Based Security  = Enabled,  Secure Boot = On, DMA Protection = On,  Virtualization Based Code Integrity = Disabled, Credential Guard = Enabled, Machine Identity Isolation = Disabled, Kernel-mode Hardware-enforced Stack Protection = Not configured, Reboot required = No, Status = 0x0."
"04-07-2026 14:18:33","7000","Information","Microsoft-Windows-DeviceGuard","Device Guard successfully processed the Group Policy: Virtualization Based Security  = Enabled,  Secure Boot = On, DMA Protection = On,  Virtualization Based Code Integrity = Disabled, Credential Guard = Enabled, Machine Identity Isolation = Disabled, Kernel-mode Hardware-enforced Stack Protection = Not configured, Reboot required = No, Status = 0x0."
"04-07-2026 14:18:33","7000","Information","Microsoft-Windows-DeviceGuard","Device Guard successfully processed the Group Policy: Virtualization Based Security  = Enabled,  Secure Boot = On, DMA Protection = On,  Virtualization Based Code Integrity = Disabled, Credential Guard = Enabled, Machine Identity Isolation = Disabled, Kernel-mode Hardware-enforced Stack Protection = Not configured, Reboot required = No, Status = 0x0."
"04-07-2026 14:18:29","7000","Information","Microsoft-Windows-DeviceGuard","Device Guard successfully processed the Group Policy: Virtualization Based Security  = Enabled,  Secure Boot = On, DMA Protection = On,  Virtualization Based Code Integrity = Disabled, Credential Guard = Enabled, Machine Identity Isolation = Disabled, Kernel-mode Hardware-enforced Stack Protection = Not configured, Reboot required = No, Status = 0x0."
"04-07-2026 14:18:29","7000","Information","Microsoft-Windows-DeviceGuard","Device Guard successfully processed the Group Policy: Virtualization Based Security  = Enabled,  Secure Boot = On, DMA Protection = On,  Virtualization Based Code Integrity = Disabled, Credential Guard = Enabled, Machine Identity Isolation = Disabled, Kernel-mode Hardware-enforced Stack Protection = Not configured, Reboot required = No, Status = 0x0."
"04-07-2026 14:18:29","7000","Information","Microsoft-Windows-DeviceGuard","Device Guard successfully processed the Group Policy: Virtualization Based Security  = Enabled,  Secure Boot = On, DMA Protection = On,  Virtualization Based Code Integrity = Disabled, Credential Guard = Enabled, Machine Identity Isolation = Disabled, Kernel-mode Hardware-enforced Stack Protection = Not configured, Reboot required = No, Status = 0x0."
"04-07-2026 14:18:02","7000","Information","Microsoft-Windows-DeviceGuard","Device Guard successfully processed the Group Policy: Virtualization Based Security  = Enabled,  Secure Boot = On, DMA Protection = On,  Virtualization Based Code Integrity = Disabled, Credential Guard = Enabled, Machine Identity Isolation = Disabled, Kernel-mode Hardware-enforced Stack Protection = Not configured, Reboot required = No, Status = 0x0."
"04-07-2026 14:18:02","7000","Information","Microsoft-Windows-DeviceGuard","Device Guard successfully processed the Group Policy: Virtualization Based Security  = Enabled,  Secure Boot = On, DMA Protection = On,  Virtualization Based Code Integrity = Disabled, Credential Guard = Enabled, Machine Identity Isolation = Disabled, Kernel-mode Hardware-enforced Stack Protection = Not configured, Reboot required = No, Status = 0x0."
"04-07-2026 14:18:02","7000","Information","Microsoft-Windows-DeviceGuard","Device Guard successfully processed the Group Policy: Virtualization Based Security  = Enabled,  Secure Boot = On, DMA Protection = On,  Virtualization Based Code Integrity = Disabled, Credential Guard = Enabled, Machine Identity Isolation = Disabled, Kernel-mode Hardware-enforced Stack Protection = Not configured, Reboot required = No, Status = 0x0."
"04-07-2026 14:17:58","7000","Information","Microsoft-Windows-DeviceGuard","Device Guard successfully processed the Group Policy: Virtualization Based Security  = Enabled,  Secure Boot = On, DMA Protection = On,  Virtualization Based Code Integrity = Disabled, Credential Guard = Enabled, Machine Identity Isolation = Disabled, Kernel-mode Hardware-enforced Stack Protection = Not configured, Reboot required = No, Status = 0x0."
"04-07-2026 14:17:58","7000","Information","Microsoft-Windows-DeviceGuard","Device Guard successfully processed the Group Policy: Virtualization Based Security  = Enabled,  Secure Boot = On, DMA Protection = On,  Virtualization Based Code Integrity = Disabled, Credential Guard = Enabled, Machine Identity Isolation = Disabled, Kernel-mode Hardware-enforced Stack Protection = Not configured, Reboot required = No, Status = 0x0."
"04-07-2026 14:17:58","7000","Information","Microsoft-Windows-DeviceGuard","Device Guard successfully processed the Group Policy: Virtualization Based Security  = Enabled,  Secure Boot = On, DMA Protection = On,  Virtualization Based Code Integrity = Disabled, Credential Guard = Enabled, Machine Identity Isolation = Disabled, Kernel-mode Hardware-enforced Stack Protection = Not configured, Reboot required = No, Status = 0x0."
"04-07-2026 14:17:25","7000","Information","Microsoft-Windows-DeviceGuard","Device Guard successfully processed the Group Policy: Virtualization Based Security  = Enabled,  Secure Boot = On, DMA Protection = On,  Virtualization Based Code Integrity = Disabled, Credential Guard = Enabled, Machine Identity Isolation = Disabled, Kernel-mode Hardware-enforced Stack Protection = Not configured, Reboot required = No, Status = 0x0."
"04-07-2026 14:17:25","7000","Information","Microsoft-Windows-DeviceGuard","Device Guard successfully processed the Group Policy: Virtualization Based Security  = Enabled,  Secure Boot = On, DMA Protection = On,  Virtualization Based Code Integrity = Disabled, Credential Guard = Enabled, Machine Identity Isolation = Disabled, Kernel-mode Hardware-enforced Stack Protection = Not configured, Reboot required = No, Status = 0x0."
"04-07-2026 14:17:25","7000","Information","Microsoft-Windows-DeviceGuard","Device Guard successfully processed the Group Policy: Virtualization Based Security  = Enabled,  Secure Boot = On, DMA Protection = On,  Virtualization Based Code Integrity = Disabled, Credential Guard = Enabled, Machine Identity Isolation = Disabled, Kernel-mode Hardware-enforced Stack Protection = Not configured, Reboot required = No, Status = 0x0."
"04-07-2026 14:17:17","7000","Information","Microsoft-Windows-DeviceGuard","Device Guard successfully processed the Group Policy: Virtualization Based Security  = Enabled,  Secure Boot = On, DMA Protection = On,  Virtualization Based Code Integrity = Disabled, Credential Guard = Enabled, Machine Identity Isolation = Disabled, Kernel-mode Hardware-enforced Stack Protection = Not configured, Reboot required = No, Status = 0x0."
"04-07-2026 14:17:17","7000","Information","Microsoft-Windows-DeviceGuard","Device Guard successfully processed the Group Policy: Virtualization Based Security  = Enabled,  Secure Boot = On, DMA Protection = On,  Virtualization Based Code Integrity = Disabled, Credential Guard = Enabled, Machine Identity Isolation = Disabled, Kernel-mode Hardware-enforced Stack Protection = Not configured, Reboot required = No, Status = 0x0."
"04-07-2026 14:17:17","7000","Information","Microsoft-Windows-DeviceGuard","Device Guard successfully processed the Group Policy: Virtualization Based Security  = Enabled,  Secure Boot = On, DMA Protection = On,  Virtualization Based Code Integrity = Disabled, Credential Guard = Enabled, Machine Identity Isolation = Disabled, Kernel-mode Hardware-enforced Stack Protection = Not configured, Reboot required = No, Status = 0x0."
"04-07-2026 14:16:40","7000","Information","Microsoft-Windows-DeviceGuard","Device Guard successfully processed the Group Policy: Virtualization Based Security  = Enabled,  Secure Boot = On, DMA Protection = On,  Virtualization Based Code Integrity = Disabled, Credential Guard = Enabled, Machine Identity Isolation = Disabled, Kernel-mode Hardware-enforced Stack Protection = Not configured, Reboot required = No, Status = 0x0."
"04-07-2026 14:16:40","7000","Information","Microsoft-Windows-DeviceGuard","Device Guard successfully processed the Group Policy: Virtualization Based Security  = Enabled,  Secure Boot = On, DMA Protection = On,  Virtualization Based Code Integrity = Disabled, Credential Guard = Enabled, Machine Identity Isolation = Disabled, Kernel-mode Hardware-enforced Stack Protection = Not configured, Reboot required = No, Status = 0x0."
"04-07-2026 14:16:40","7000","Information","Microsoft-Windows-DeviceGuard","Device Guard successfully processed the Group Policy: Virtualization Based Security  = Enabled,  Secure Boot = On, DMA Protection = On,  Virtualization Based Code Integrity = Disabled, Credential Guard = Enabled, Machine Identity Isolation = Disabled, Kernel-mode Hardware-enforced Stack Protection = Not configured, Reboot required = No, Status = 0x0."
"04-07-2026 14:16:37","7000","Information","Microsoft-Windows-DeviceGuard","Device Guard successfully processed the Group Policy: Virtualization Based Security  = Enabled,  Secure Boot = On, DMA Protection = On,  Virtualization Based Code Integrity = Disabled, Credential Guard = Enabled, Machine Identity Isolation = Disabled, Kernel-mode Hardware-enforced Stack Protection = Not configured, Reboot required = No, Status = 0x0."
"04-07-2026 14:16:37","7000","Information","Microsoft-Windows-DeviceGuard","Device Guard successfully processed the Group Policy: Virtualization Based Security  = Enabled,  Secure Boot = On, DMA Protection = On,  Virtualization Based Code Integrity = Disabled, Credential Guard = Enabled, Machine Identity Isolation = Disabled, Kernel-mode Hardware-enforced Stack Protection = Not configured, Reboot required = No, Status = 0x0."
"04-07-2026 14:16:36","7000","Information","Microsoft-Windows-DeviceGuard","Device Guard successfully processed the Group Policy: Virtualization Based Security  = Enabled,  Secure Boot = On, DMA Protection = On,  Virtualization Based Code Integrity = Disabled, Credential Guard = Enabled, Machine Identity Isolation = Disabled, Kernel-mode Hardware-enforced Stack Protection = Not configured, Reboot required = No, Status = 0x0."
"04-07-2026 14:16:10","7000","Information","Microsoft-Windows-DeviceGuard","Device Guard successfully processed the Group Policy: Virtualization Based Security  = Enabled,  Secure Boot = On, DMA Protection = On,  Virtualization Based Code Integrity = Disabled, Credential Guard = Enabled, Machine Identity Isolation = Disabled, Kernel-mode Hardware-enforced Stack Protection = Not configured, Reboot required = No, Status = 0x0."
"04-07-2026 14:16:10","7000","Information","Microsoft-Windows-DeviceGuard","Device Guard successfully processed the Group Policy: Virtualization Based Security  = Enabled,  Secure Boot = On, DMA Protection = On,  Virtualization Based Code Integrity = Disabled, Credential Guard = Enabled, Machine Identity Isolation = Disabled, Kernel-mode Hardware-enforced Stack Protection = Not configured, Reboot required = No, Status = 0x0."
"04-07-2026 14:16:10","7000","Information","Microsoft-Windows-DeviceGuard","Device Guard successfully processed the Group Policy: Virtualization Based Security  = Enabled,  Secure Boot = On, DMA Protection = On,  Virtualization Based Code Integrity = Disabled, Credential Guard = Enabled, Machine Identity Isolation = Disabled, Kernel-mode Hardware-enforced Stack Protection = Not configured, Reboot required = No, Status = 0x0."
"04-07-2026 14:16:06","7000","Information","Microsoft-Windows-DeviceGuard","Device Guard successfully processed the Group Policy: Virtualization Based Security  = Enabled,  Secure Boot = On, DMA Protection = On,  Virtualization Based Code Integrity = Disabled, Credential Guard = Enabled, Machine Identity Isolation = Disabled, Kernel-mode Hardware-enforced Stack Protection = Not configured, Reboot required = No, Status = 0x0."
"04-07-2026 14:16:06","7000","Information","Microsoft-Windows-DeviceGuard","Device Guard successfully processed the Group Policy: Virtualization Based Security  = Enabled,  Secure Boot = On, DMA Protection = On,  Virtualization Based Code Integrity = Disabled, Credential Guard = Enabled, Machine Identity Isolation = Disabled, Kernel-mode Hardware-enforced Stack Protection = Not configured, Reboot required = No, Status = 0x0."
"04-07-2026 14:16:05","7000","Information","Microsoft-Windows-DeviceGuard","Device Guard successfully processed the Group Policy: Virtualization Based Security  = Enabled,  Secure Boot = On, DMA Protection = On,  Virtualization Based Code Integrity = Disabled, Credential Guard = Enabled, Machine Identity Isolation = Disabled, Kernel-mode Hardware-enforced Stack Protection = Not configured, Reboot required = No, Status = 0x0."
"04-07-2026 14:14:34","7000","Information","Microsoft-Windows-DeviceGuard","Device Guard successfully processed the Group Policy: Virtualization Based Security  = Enabled,  Secure Boot = On, DMA Protection = On,  Virtualization Based Code Integrity = Disabled, Credential Guard = Enabled, Machine Identity Isolation = Disabled, Kernel-mode Hardware-enforced Stack Protection = Not configured, Reboot required = No, Status = 0x0."
"04-07-2026 14:14:34","7000","Information","Microsoft-Windows-DeviceGuard","Device Guard successfully processed the Group Policy: Virtualization Based Security  = Enabled,  Secure Boot = On, DMA Protection = On,  Virtualization Based Code Integrity = Disabled, Credential Guard = Enabled, Machine Identity Isolation = Disabled, Kernel-mode Hardware-enforced Stack Protection = Not configured, Reboot required = No, Status = 0x0."
"04-07-2026 14:14:34","7000","Information","Microsoft-Windows-DeviceGuard","Device Guard successfully processed the Group Policy: Virtualization Based Security  = Enabled,  Secure Boot = On, DMA Protection = On,  Virtualization Based Code Integrity = Disabled, Credential Guard = Enabled, Machine Identity Isolation = Disabled, Kernel-mode Hardware-enforced Stack Protection = Not configured, Reboot required = No, Status = 0x0."
"04-07-2026 14:14:31","7000","Information","Microsoft-Windows-DeviceGuard","Device Guard successfully processed the Group Policy: Virtualization Based Security  = Enabled,  Secure Boot = On, DMA Protection = On,  Virtualization Based Code Integrity = Disabled, Credential Guard = Enabled, Machine Identity Isolation = Disabled, Kernel-mode Hardware-enforced Stack Protection = Not configured, Reboot required = No, Status = 0x0."
"04-07-2026 14:14:31","7000","Information","Microsoft-Windows-DeviceGuard","Device Guard successfully processed the Group Policy: Virtualization Based Security  = Enabled,  Secure Boot = On, DMA Protection = On,  Virtualization Based Code Integrity = Disabled, Credential Guard = Enabled, Machine Identity Isolation = Disabled, Kernel-mode Hardware-enforced Stack Protection = Not configured, Reboot required = No, Status = 0x0."
"04-07-2026 14:14:31","7000","Information","Microsoft-Windows-DeviceGuard","Device Guard successfully processed the Group Policy: Virtualization Based Security  = Enabled,  Secure Boot = On, DMA Protection = On,  Virtualization Based Code Integrity = Disabled, Credential Guard = Enabled, Machine Identity Isolation = Disabled, Kernel-mode Hardware-enforced Stack Protection = Not configured, Reboot required = No, Status = 0x0."
"04-07-2026 14:13:45","7000","Information","Microsoft-Windows-DeviceGuard","Device Guard successfully processed the Group Policy: Virtualization Based Security  = Enabled,  Secure Boot = On, DMA Protection = On,  Virtualization Based Code Integrity = Disabled, Credential Guard = Enabled, Machine Identity Isolation = Disabled, Kernel-mode Hardware-enforced Stack Protection = Not configured, Reboot required = No, Status = 0x0."
"04-07-2026 14:13:45","7000","Information","Microsoft-Windows-DeviceGuard","Device Guard successfully processed the Group Policy: Virtualization Based Security  = Enabled,  Secure Boot = On, DMA Protection = On,  Virtualization Based Code Integrity = Disabled, Credential Guard = Enabled, Machine Identity Isolation = Disabled, Kernel-mode Hardware-enforced Stack Protection = Not configured, Reboot required = No, Status = 0x0."
"04-07-2026 14:03:07","7000","Information","Microsoft-Windows-DeviceGuard","Device Guard successfully processed the Group Policy: Virtualization Based Security  = Enabled,  Secure Boot = On, DMA Protection = On,  Virtualization Based Code Integrity = Disabled, Credential Guard = Enabled, Machine Identity Isolation = Disabled, Kernel-mode Hardware-enforced Stack Protection = Not configured, Reboot required = No, Status = 0x0."
"04-07-2026 14:03:07","7000","Information","Microsoft-Windows-DeviceGuard","Device Guard successfully processed the Group Policy: Virtualization Based Security  = Enabled,  Secure Boot = On, DMA Protection = On,  Virtualization Based Code Integrity = Disabled, Credential Guard = Enabled, Machine Identity Isolation = Disabled, Kernel-mode Hardware-enforced Stack Protection = Not configured, Reboot required = No, Status = 0x0."
"04-07-2026 14:03:07","7000","Information","Microsoft-Windows-DeviceGuard","Device Guard successfully processed the Group Policy: Virtualization Based Security  = Enabled,  Secure Boot = On, DMA Protection = On,  Virtualization Based Code Integrity = Disabled, Credential Guard = Enabled, Machine Identity Isolation = Disabled, Kernel-mode Hardware-enforced Stack Protection = Not configured, Reboot required = No, Status = 0x0."
"04-07-2026 14:03:03","7000","Information","Microsoft-Windows-DeviceGuard","Device Guard successfully processed the Group Policy: Virtualization Based Security  = Enabled,  Secure Boot = On, DMA Protection = On,  Virtualization Based Code Integrity = Disabled, Credential Guard = Enabled, Machine Identity Isolation = Disabled, Kernel-mode Hardware-enforced Stack Protection = Not configured, Reboot required = No, Status = 0x0."
"04-07-2026 14:03:03","7000","Information","Microsoft-Windows-DeviceGuard","Device Guard successfully processed the Group Policy: Virtualization Based Security  = Enabled,  Secure Boot = On, DMA Protection = On,  Virtualization Based Code Integrity = Disabled, Credential Guard = Enabled, Machine Identity Isolation = Disabled, Kernel-mode Hardware-enforced Stack Protection = Not configured, Reboot required = No, Status = 0x0."
"04-07-2026 14:03:03","7000","Information","Microsoft-Windows-DeviceGuard","Device Guard successfully processed the Group Policy: Virtualization Based Security  = Enabled,  Secure Boot = On, DMA Protection = On,  Virtualization Based Code Integrity = Disabled, Credential Guard = Enabled, Machine Identity Isolation = Disabled, Kernel-mode Hardware-enforced Stack Protection = Not configured, Reboot required = No, Status = 0x0."
"04-07-2026 14:02:34","7000","Information","Microsoft-Windows-DeviceGuard","Device Guard successfully processed the Group Policy: Virtualization Based Security  = Enabled,  Secure Boot = On, DMA Protection = On,  Virtualization Based Code Integrity = Disabled, Credential Guard = Enabled, Machine Identity Isolation = Disabled, Kernel-mode Hardware-enforced Stack Protection = Not configured, Reboot required = No, Status = 0x0."
"04-07-2026 14:02:34","7000","Information","Microsoft-Windows-DeviceGuard","Device Guard successfully processed the Group Policy: Virtualization Based Security  = Enabled,  Secure Boot = On, DMA Protection = On,  Virtualization Based Code Integrity = Disabled, Credential Guard = Enabled, Machine Identity Isolation = Disabled, Kernel-mode Hardware-enforced Stack Protection = Not configured, Reboot required = No, Status = 0x0."
"04-07-2026 14:02:34","7000","Information","Microsoft-Windows-DeviceGuard","Device Guard successfully processed the Group Policy: Virtualization Based Security  = Enabled,  Secure Boot = On, DMA Protection = On,  Virtualization Based Code Integrity = Disabled, Credential Guard = Enabled, Machine Identity Isolation = Disabled, Kernel-mode Hardware-enforced Stack Protection = Not configured, Reboot required = No, Status = 0x0."
"04-07-2026 14:02:30","7000","Information","Microsoft-Windows-DeviceGuard","Device Guard successfully processed the Group Policy: Virtualization Based Security  = Enabled,  Secure Boot = On, DMA Protection = On,  Virtualization Based Code Integrity = Disabled, Credential Guard = Enabled, Machine Identity Isolation = Disabled, Kernel-mode Hardware-enforced Stack Protection = Not configured, Reboot required = No, Status = 0x0."
"04-07-2026 14:02:30","7000","Information","Microsoft-Windows-DeviceGuard","Device Guard successfully processed the Group Policy: Virtualization Based Security  = Enabled,  Secure Boot = On, DMA Protection = On,  Virtualization Based Code Integrity = Disabled, Credential Guard = Enabled, Machine Identity Isolation = Disabled, Kernel-mode Hardware-enforced Stack Protection = Not configured, Reboot required = No, Status = 0x0."
"04-07-2026 14:02:30","7000","Information","Microsoft-Windows-DeviceGuard","Device Guard successfully processed the Group Policy: Virtualization Based Security  = Enabled,  Secure Boot = On, DMA Protection = On,  Virtualization Based Code Integrity = Disabled, Credential Guard = Enabled, Machine Identity Isolation = Disabled, Kernel-mode Hardware-enforced Stack Protection = Not configured, Reboot required = No, Status = 0x0."
"04-07-2026 14:02:01","7000","Information","Microsoft-Windows-DeviceGuard","Device Guard successfully processed the Group Policy: Virtualization Based Security  = Enabled,  Secure Boot = On, DMA Protection = On,  Virtualization Based Code Integrity = Disabled, Credential Guard = Enabled, Machine Identity Isolation = Disabled, Kernel-mode Hardware-enforced Stack Protection = Not configured, Reboot required = No, Status = 0x0."
"04-07-2026 14:02:00","7000","Information","Microsoft-Windows-DeviceGuard","Device Guard successfully processed the Group Policy: Virtualization Based Security  = Enabled,  Secure Boot = On, DMA Protection = On,  Virtualization Based Code Integrity = Disabled, Credential Guard = Enabled, Machine Identity Isolation = Disabled, Kernel-mode Hardware-enforced Stack Protection = Not configured, Reboot required = No, Status = 0x0."
"04-07-2026 14:02:00","7000","Information","Microsoft-Windows-DeviceGuard","Device Guard successfully processed the Group Policy: Virtualization Based Security  = Enabled,  Secure Boot = On, DMA Protection = On,  Virtualization Based Code Integrity = Disabled, Credential Guard = Enabled, Machine Identity Isolation = Disabled, Kernel-mode Hardware-enforced Stack Protection = Not configured, Reboot required = No, Status = 0x0."
"04-07-2026 14:01:57","7000","Information","Microsoft-Windows-DeviceGuard","Device Guard successfully processed the Group Policy: Virtualization Based Security  = Enabled,  Secure Boot = On, DMA Protection = On,  Virtualization Based Code Integrity = Disabled, Credential Guard = Enabled, Machine Identity Isolation = Disabled, Kernel-mode Hardware-enforced Stack Protection = Not configured, Reboot required = No, Status = 0x0."
"04-07-2026 14:01:57","7000","Information","Microsoft-Windows-DeviceGuard","Device Guard successfully processed the Group Policy: Virtualization Based Security  = Enabled,  Secure Boot = On, DMA Protection = On,  Virtualization Based Code Integrity = Disabled, Credential Guard = Enabled, Machine Identity Isolation = Disabled, Kernel-mode Hardware-enforced Stack Protection = Not configured, Reboot required = No, Status = 0x0."
"04-07-2026 14:01:56","7000","Information","Microsoft-Windows-DeviceGuard","Device Guard successfully processed the Group Policy: Virtualization Based Security  = Enabled,  Secure Boot = On, DMA Protection = On,  Virtualization Based Code Integrity = Disabled, Credential Guard = Enabled, Machine Identity Isolation = Disabled, Kernel-mode Hardware-enforced Stack Protection = Not configured, Reboot required = No, Status = 0x0."
"04-07-2026 14:01:10","7000","Information","Microsoft-Windows-DeviceGuard","Device Guard successfully processed the Group Policy: Virtualization Based Security  = Enabled,  Secure Boot = On, DMA Protection = On,  Virtualization Based Code Integrity = Disabled, Credential Guard = Enabled, Machine Identity Isolation = Disabled, Kernel-mode Hardware-enforced Stack Protection = Not configured, Reboot required = No, Status = 0x0."
"04-07-2026 14:01:10","7000","Information","Microsoft-Windows-DeviceGuard","Device Guard successfully processed the Group Policy: Virtualization Based Security  = Enabled,  Secure Boot = On, DMA Protection = On,  Virtualization Based Code Integrity = Disabled, Credential Guard = Enabled, Machine Identity Isolation = Disabled, Kernel-mode Hardware-enforced Stack Protection = Not configured, Reboot required = No, Status = 0x0."
"04-07-2026 14:01:10","7000","Information","Microsoft-Windows-DeviceGuard","Device Guard successfully processed the Group Policy: Virtualization Based Security  = Enabled,  Secure Boot = On, DMA Protection = On,  Virtualization Based Code Integrity = Disabled, Credential Guard = Enabled, Machine Identity Isolation = Disabled, Kernel-mode Hardware-enforced Stack Protection = Not configured, Reboot required = No, Status = 0x0."
"04-07-2026 14:01:01","7000","Information","Microsoft-Windows-DeviceGuard","Device Guard successfully processed the Group Policy: Virtualization Based Security  = Enabled,  Secure Boot = On, DMA Protection = On,  Virtualization Based Code Integrity = Disabled, Credential Guard = Enabled, Machine Identity Isolation = Disabled, Kernel-mode Hardware-enforced Stack Protection = Not configured, Reboot required = No, Status = 0x0."
"04-07-2026 14:01:01","7000","Information","Microsoft-Windows-DeviceGuard","Device Guard successfully processed the Group Policy: Virtualization Based Security  = Enabled,  Secure Boot = On, DMA Protection = On,  Virtualization Based Code Integrity = Disabled, Credential Guard = Enabled, Machine Identity Isolation = Disabled, Kernel-mode Hardware-enforced Stack Protection = Not configured, Reboot required = No, Status = 0x0."
"04-07-2026 14:01:00","7000","Information","Microsoft-Windows-DeviceGuard","Device Guard successfully processed the Group Policy: Virtualization Based Security  = Enabled,  Secure Boot = On, DMA Protection = On,  Virtualization Based Code Integrity = Disabled, Credential Guard = Enabled, Machine Identity Isolation = Disabled, Kernel-mode Hardware-enforced Stack Protection = Not configured, Reboot required = No, Status = 0x0."
"04-07-2026 14:00:22","7000","Information","Microsoft-Windows-DeviceGuard","Device Guard successfully processed the Group Policy: Virtualization Based Security  = Enabled,  Secure Boot = On, DMA Protection = On,  Virtualization Based Code Integrity = Disabled, Credential Guard = Enabled, Machine Identity Isolation = Disabled, Kernel-mode Hardware-enforced Stack Protection = Not configured, Reboot required = No, Status = 0x0."
"04-07-2026 14:00:22","7000","Information","Microsoft-Windows-DeviceGuard","Device Guard successfully processed the Group Policy: Virtualization Based Security  = Enabled,  Secure Boot = On, DMA Protection = On,  Virtualization Based Code Integrity = Disabled, Credential Guard = Enabled, Machine Identity Isolation = Disabled, Kernel-mode Hardware-enforced Stack Protection = Not configured, Reboot required = No, Status = 0x0."
"04-07-2026 13:59:42","7000","Information","Microsoft-Windows-DeviceGuard","Device Guard successfully processed the Group Policy: Virtualization Based Security  = Enabled,  Secure Boot = On, DMA Protection = On,  Virtualization Based Code Integrity = Disabled, Credential Guard = Enabled, Machine Identity Isolation = Disabled, Kernel-mode Hardware-enforced Stack Protection = Not configured, Reboot required = No, Status = 0x0."
"04-07-2026 13:59:42","7000","Information","Microsoft-Windows-DeviceGuard","Device Guard successfully processed the Group Policy: Virtualization Based Security  = Enabled,  Secure Boot = On, DMA Protection = On,  Virtualization Based Code Integrity = Disabled, Credential Guard = Enabled, Machine Identity Isolation = Disabled, Kernel-mode Hardware-enforced Stack Protection = Not configured, Reboot required = No, Status = 0x0."
"04-07-2026 13:59:42","7000","Information","Microsoft-Windows-DeviceGuard","Device Guard successfully processed the Group Policy: Virtualization Based Security  = Enabled,  Secure Boot = On, DMA Protection = On,  Virtualization Based Code Integrity = Disabled, Credential Guard = Enabled, Machine Identity Isolation = Disabled, Kernel-mode Hardware-enforced Stack Protection = Not configured, Reboot required = No, Status = 0x0."
"04-07-2026 13:59:31","7000","Information","Microsoft-Windows-DeviceGuard","Device Guard successfully processed the Group Policy: Virtualization Based Security  = Enabled,  Secure Boot = On, DMA Protection = On,  Virtualization Based Code Integrity = Disabled, Credential Guard = Enabled, Machine Identity Isolation = Disabled, Kernel-mode Hardware-enforced Stack Protection = Not configured, Reboot required = No, Status = 0x0."
"04-07-2026 13:59:31","7000","Information","Microsoft-Windows-DeviceGuard","Device Guard successfully processed the Group Policy: Virtualization Based Security  = Enabled,  Secure Boot = On, DMA Protection = On,  Virtualization Based Code Integrity = Disabled, Credential Guard = Enabled, Machine Identity Isolation = Disabled, Kernel-mode Hardware-enforced Stack Protection = Not configured, Reboot required = No, Status = 0x0."
"04-07-2026 13:59:31","7000","Information","Microsoft-Windows-DeviceGuard","Device Guard successfully processed the Group Policy: Virtualization Based Security  = Enabled,  Secure Boot = On, DMA Protection = On,  Virtualization Based Code Integrity = Disabled, Credential Guard = Enabled, Machine Identity Isolation = Disabled, Kernel-mode Hardware-enforced Stack Protection = Not configured, Reboot required = No, Status = 0x0."
"04-07-2026 13:58:18","7000","Information","Microsoft-Windows-DeviceGuard","Device Guard successfully processed the Group Policy: Virtualization Based Security  = Enabled,  Secure Boot = On, DMA Protection = On,  Virtualization Based Code Integrity = Disabled, Credential Guard = Enabled, Machine Identity Isolation = Disabled, Kernel-mode Hardware-enforced Stack Protection = Not configured, Reboot required = No, Status = 0x0."
"04-07-2026 13:58:18","7000","Information","Microsoft-Windows-DeviceGuard","Device Guard successfully processed the Group Policy: Virtualization Based Security  = Enabled,  Secure Boot = On, DMA Protection = On,  Virtualization Based Code Integrity = Disabled, Credential Guard = Enabled, Machine Identity Isolation = Disabled, Kernel-mode Hardware-enforced Stack Protection = Not configured, Reboot required = No, Status = 0x0."
"04-07-2026 13:58:18","7000","Information","Microsoft-Windows-DeviceGuard","Device Guard successfully processed the Group Policy: Virtualization Based Security  = Enabled,  Secure Boot = On, DMA Protection = On,  Virtualization Based Code Integrity = Disabled, Credential Guard = Enabled, Machine Identity Isolation = Disabled, Kernel-mode Hardware-enforced Stack Protection = Not configured, Reboot required = No, Status = 0x0."
"04-07-2026 13:58:14","7000","Information","Microsoft-Windows-DeviceGuard","Device Guard successfully processed the Group Policy: Virtualization Based Security  = Enabled,  Secure Boot = On, DMA Protection = On,  Virtualization Based Code Integrity = Disabled, Credential Guard = Enabled, Machine Identity Isolation = Disabled, Kernel-mode Hardware-enforced Stack Protection = Not configured, Reboot required = No, Status = 0x0."
"04-07-2026 13:58:13","7000","Information","Microsoft-Windows-DeviceGuard","Device Guard successfully processed the Group Policy: Virtualization Based Security  = Enabled,  Secure Boot = On, DMA Protection = On,  Virtualization Based Code Integrity = Disabled, Credential Guard = Enabled, Machine Identity Isolation = Disabled, Kernel-mode Hardware-enforced Stack Protection = Not configured, Reboot required = No, Status = 0x0."
"04-07-2026 13:58:13","7000","Information","Microsoft-Windows-DeviceGuard","Device Guard successfully processed the Group Policy: Virtualization Based Security  = Enabled,  Secure Boot = On, DMA Protection = On,  Virtualization Based Code Integrity = Disabled, Credential Guard = Enabled, Machine Identity Isolation = Disabled, Kernel-mode Hardware-enforced Stack Protection = Not configured, Reboot required = No, Status = 0x0."
"04-07-2026 13:55:34","7000","Information","Microsoft-Windows-DeviceGuard","Device Guard successfully processed the Group Policy: Virtualization Based Security  = Enabled,  Secure Boot = On, DMA Protection = On,  Virtualization Based Code Integrity = Disabled, Credential Guard = Enabled, Machine Identity Isolation = Disabled, Kernel-mode Hardware-enforced Stack Protection = Not configured, Reboot required = No, Status = 0x0."
"04-07-2026 13:55:33","7000","Information","Microsoft-Windows-DeviceGuard","Device Guard successfully processed the Group Policy: Virtualization Based Security  = Enabled,  Secure Boot = On, DMA Protection = On,  Virtualization Based Code Integrity = Disabled, Credential Guard = Enabled, Machine Identity Isolation = Disabled, Kernel-mode Hardware-enforced Stack Protection = Not configured, Reboot required = No, Status = 0x0."
"04-07-2026 13:55:02","7000","Information","Microsoft-Windows-DeviceGuard","Device Guard successfully processed the Group Policy: Virtualization Based Security  = Enabled,  Secure Boot = On, DMA Protection = On,  Virtualization Based Code Integrity = Disabled, Credential Guard = Enabled, Machine Identity Isolation = Disabled, Kernel-mode Hardware-enforced Stack Protection = Not configured, Reboot required = No, Status = 0x0."
"04-07-2026 13:55:02","7000","Information","Microsoft-Windows-DeviceGuard","Device Guard successfully processed the Group Policy: Virtualization Based Security  = Enabled,  Secure Boot = On, DMA Protection = On,  Virtualization Based Code Integrity = Disabled, Credential Guard = Enabled, Machine Identity Isolation = Disabled, Kernel-mode Hardware-enforced Stack Protection = Not configured, Reboot required = No, Status = 0x0."
"03-07-2026 21:32:11","7000","Information","Microsoft-Windows-DeviceGuard","Device Guard successfully processed the Group Policy: Virtualization Based Security  = Enabled,  Secure Boot = On, DMA Protection = On,  Virtualization Based Code Integrity = Disabled, Credential Guard = Enabled, Machine Identity Isolation = Disabled, Kernel-mode Hardware-enforced Stack Protection = Not configured, Reboot required = No, Status = 0x0."
"03-07-2026 21:32:11","7000","Information","Microsoft-Windows-DeviceGuard","Device Guard successfully processed the Group Policy: Virtualization Based Security  = Enabled,  Secure Boot = On, DMA Protection = On,  Virtualization Based Code Integrity = Disabled, Credential Guard = Enabled, Machine Identity Isolation = Disabled, Kernel-mode Hardware-enforced Stack Protection = Not configured, Reboot required = No, Status = 0x0."
"03-07-2026 18:46:02","7000","Information","Microsoft-Windows-DeviceGuard","Device Guard successfully processed the Group Policy: Virtualization Based Security  = Enabled,  Secure Boot = On, DMA Protection = On,  Virtualization Based Code Integrity = Disabled, Credential Guard = Enabled, Machine Identity Isolation = Disabled, Kernel-mode Hardware-enforced Stack Protection = Not configured, Reboot required = No, Status = 0x0."
"03-07-2026 18:46:02","7000","Information","Microsoft-Windows-DeviceGuard","Device Guard successfully processed the Group Policy: Virtualization Based Security  = Enabled,  Secure Boot = On, DMA Protection = On,  Virtualization Based Code Integrity = Disabled, Credential Guard = Enabled, Machine Identity Isolation = Disabled, Kernel-mode Hardware-enforced Stack Protection = Not configured, Reboot required = No, Status = 0x0."
"03-07-2026 14:56:03","7000","Information","Microsoft-Windows-DeviceGuard","Device Guard successfully processed the Group Policy: Virtualization Based Security  = Enabled,  Secure Boot = On, DMA Protection = On,  Virtualization Based Code Integrity = Disabled, Credential Guard = Enabled, Machine Identity Isolation = Disabled, Kernel-mode Hardware-enforced Stack Protection = Not configured, Reboot required = No, Status = 0x0."
"03-07-2026 14:56:03","7000","Information","Microsoft-Windows-DeviceGuard","Device Guard successfully processed the Group Policy: Virtualization Based Security  = Enabled,  Secure Boot = On, DMA Protection = On,  Virtualization Based Code Integrity = Disabled, Credential Guard = Enabled, Machine Identity Isolation = Disabled, Kernel-mode Hardware-enforced Stack Protection = Not configured, Reboot required = No, Status = 0x0."
"03-07-2026 13:12:29","7000","Information","Microsoft-Windows-DeviceGuard","Device Guard successfully processed the Group Policy: Virtualization Based Security  = Enabled,  Secure Boot = On, DMA Protection = On,  Virtualization Based Code Integrity = Disabled, Credential Guard = Enabled, Machine Identity Isolation = Disabled, Kernel-mode Hardware-enforced Stack Protection = Not configured, Reboot required = No, Status = 0x0."
"03-07-2026 13:12:29","7000","Information","Microsoft-Windows-DeviceGuard","Device Guard successfully processed the Group Policy: Virtualization Based Security  = Enabled,  Secure Boot = On, DMA Protection = On,  Virtualization Based Code Integrity = Disabled, Credential Guard = Enabled, Machine Identity Isolation = Disabled, Kernel-mode Hardware-enforced Stack Protection = Not configured, Reboot required = No, Status = 0x0."
"03-07-2026 13:12:29","7000","Information","Microsoft-Windows-DeviceGuard","Device Guard successfully processed the Group Policy: Virtualization Based Security  = Enabled,  Secure Boot = On, DMA Protection = On,  Virtualization Based Code Integrity = Disabled, Credential Guard = Enabled, Machine Identity Isolation = Disabled, Kernel-mode Hardware-enforced Stack Protection = Not configured, Reboot required = No, Status = 0x0."
"03-07-2026 13:12:24","7000","Information","Microsoft-Windows-DeviceGuard","Device Guard successfully processed the Group Policy: Virtualization Based Security  = Enabled,  Secure Boot = On, DMA Protection = On,  Virtualization Based Code Integrity = Disabled, Credential Guard = Enabled, Machine Identity Isolation = Disabled, Kernel-mode Hardware-enforced Stack Protection = Not configured, Reboot required = No, Status = 0x0."
"03-07-2026 13:12:24","7000","Information","Microsoft-Windows-DeviceGuard","Device Guard successfully processed the Group Policy: Virtualization Based Security  = Enabled,  Secure Boot = On, DMA Protection = On,  Virtualization Based Code Integrity = Disabled, Credential Guard = Enabled, Machine Identity Isolation = Disabled, Kernel-mode Hardware-enforced Stack Protection = Not configured, Reboot required = No, Status = 0x0."
"03-07-2026 13:12:23","7000","Information","Microsoft-Windows-DeviceGuard","Device Guard successfully processed the Group Policy: Virtualization Based Security  = Enabled,  Secure Boot = On, DMA Protection = On,  Virtualization Based Code Integrity = Disabled, Credential Guard = Enabled, Machine Identity Isolation = Disabled, Kernel-mode Hardware-enforced Stack Protection = Not configured, Reboot required = No, Status = 0x0."
"03-07-2026 13:11:47","7000","Information","Microsoft-Windows-DeviceGuard","Device Guard successfully processed the Group Policy: Virtualization Based Security  = Enabled,  Secure Boot = On, DMA Protection = On,  Virtualization Based Code Integrity = Disabled, Credential Guard = Enabled, Machine Identity Isolation = Disabled, Kernel-mode Hardware-enforced Stack Protection = Not configured, Reboot required = No, Status = 0x0."
"03-07-2026 13:11:47","7000","Information","Microsoft-Windows-DeviceGuard","Device Guard successfully processed the Group Policy: Virtualization Based Security  = Enabled,  Secure Boot = On, DMA Protection = On,  Virtualization Based Code Integrity = Disabled, Credential Guard = Enabled, Machine Identity Isolation = Disabled, Kernel-mode Hardware-enforced Stack Protection = Not configured, Reboot required = No, Status = 0x0."
"03-07-2026 13:11:47","7000","Information","Microsoft-Windows-DeviceGuard","Device Guard successfully processed the Group Policy: Virtualization Based Security  = Enabled,  Secure Boot = On, DMA Protection = On,  Virtualization Based Code Integrity = Disabled, Credential Guard = Enabled, Machine Identity Isolation = Disabled, Kernel-mode Hardware-enforced Stack Protection = Not configured, Reboot required = No, Status = 0x0."
"03-07-2026 13:11:42","7000","Information","Microsoft-Windows-DeviceGuard","Device Guard successfully processed the Group Policy: Virtualization Based Security  = Enabled,  Secure Boot = On, DMA Protection = On,  Virtualization Based Code Integrity = Disabled, Credential Guard = Enabled, Machine Identity Isolation = Disabled, Kernel-mode Hardware-enforced Stack Protection = Not configured, Reboot required = No, Status = 0x0."
"03-07-2026 13:11:42","7000","Information","Microsoft-Windows-DeviceGuard","Device Guard successfully processed the Group Policy: Virtualization Based Security  = Enabled,  Secure Boot = On, DMA Protection = On,  Virtualization Based Code Integrity = Disabled, Credential Guard = Enabled, Machine Identity Isolation = Disabled, Kernel-mode Hardware-enforced Stack Protection = Not configured, Reboot required = No, Status = 0x0."
"03-07-2026 13:11:42","7000","Information","Microsoft-Windows-DeviceGuard","Device Guard successfully processed the Group Policy: Virtualization Based Security  = Enabled,  Secure Boot = On, DMA Protection = On,  Virtualization Based Code Integrity = Disabled, Credential Guard = Enabled, Machine Identity Isolation = Disabled, Kernel-mode Hardware-enforced Stack Protection = Not configured, Reboot required = No, Status = 0x0."
"03-07-2026 13:11:03","7000","Information","Microsoft-Windows-DeviceGuard","Device Guard successfully processed the Group Policy: Virtualization Based Security  = Enabled,  Secure Boot = On, DMA Protection = On,  Virtualization Based Code Integrity = Disabled, Credential Guard = Enabled, Machine Identity Isolation = Disabled, Kernel-mode Hardware-enforced Stack Protection = Not configured, Reboot required = No, Status = 0x0."
"03-07-2026 13:11:03","7000","Information","Microsoft-Windows-DeviceGuard","Device Guard successfully processed the Group Policy: Virtualization Based Security  = Enabled,  Secure Boot = On, DMA Protection = On,  Virtualization Based Code Integrity = Disabled, Credential Guard = Enabled, Machine Identity Isolation = Disabled, Kernel-mode Hardware-enforced Stack Protection = Not configured, Reboot required = No, Status = 0x0."
"03-07-2026 11:27:26","7000","Information","Microsoft-Windows-DeviceGuard","Device Guard successfully processed the Group Policy: Virtualization Based Security  = Enabled,  Secure Boot = On, DMA Protection = On,  Virtualization Based Code Integrity = Disabled, Credential Guard = Enabled, Machine Identity Isolation = Disabled, Kernel-mode Hardware-enforced Stack Protection = Not configured, Reboot required = No, Status = 0x0."
"03-07-2026 11:27:26","7000","Information","Microsoft-Windows-DeviceGuard","Device Guard successfully processed the Group Policy: Virtualization Based Security  = Enabled,  Secure Boot = On, DMA Protection = On,  Virtualization Based Code Integrity = Disabled, Credential Guard = Enabled, Machine Identity Isolation = Disabled, Kernel-mode Hardware-enforced Stack Protection = Not configured, Reboot required = No, Status = 0x0."
"03-07-2026 11:27:26","7000","Information","Microsoft-Windows-DeviceGuard","Device Guard successfully processed the Group Policy: Virtualization Based Security  = Enabled,  Secure Boot = On, DMA Protection = On,  Virtualization Based Code Integrity = Disabled, Credential Guard = Enabled, Machine Identity Isolation = Disabled, Kernel-mode Hardware-enforced Stack Protection = Not configured, Reboot required = No, Status = 0x0."
"03-07-2026 11:27:22","7000","Information","Microsoft-Windows-DeviceGuard","Device Guard successfully processed the Group Policy: Virtualization Based Security  = Enabled,  Secure Boot = On, DMA Protection = On,  Virtualization Based Code Integrity = Disabled, Credential Guard = Enabled, Machine Identity Isolation = Disabled, Kernel-mode Hardware-enforced Stack Protection = Not configured, Reboot required = No, Status = 0x0."
"03-07-2026 11:27:22","7000","Information","Microsoft-Windows-DeviceGuard","Device Guard successfully processed the Group Policy: Virtualization Based Security  = Enabled,  Secure Boot = On, DMA Protection = On,  Virtualization Based Code Integrity = Disabled, Credential Guard = Enabled, Machine Identity Isolation = Disabled, Kernel-mode Hardware-enforced Stack Protection = Not configured, Reboot required = No, Status = 0x0."
"03-07-2026 11:27:22","7000","Information","Microsoft-Windows-DeviceGuard","Device Guard successfully processed the Group Policy: Virtualization Based Security  = Enabled,  Secure Boot = On, DMA Protection = On,  Virtualization Based Code Integrity = Disabled, Credential Guard = Enabled, Machine Identity Isolation = Disabled, Kernel-mode Hardware-enforced Stack Protection = Not configured, Reboot required = No, Status = 0x0."
"03-07-2026 11:26:49","7000","Information","Microsoft-Windows-DeviceGuard","Device Guard successfully processed the Group Policy: Virtualization Based Security  = Enabled,  Secure Boot = On, DMA Protection = On,  Virtualization Based Code Integrity = Disabled, Credential Guard = Enabled, Machine Identity Isolation = Disabled, Kernel-mode Hardware-enforced Stack Protection = Not configured, Reboot required = No, Status = 0x0."
"03-07-2026 11:26:49","7000","Information","Microsoft-Windows-DeviceGuard","Device Guard successfully processed the Group Policy: Virtualization Based Security  = Enabled,  Secure Boot = On, DMA Protection = On,  Virtualization Based Code Integrity = Disabled, Credential Guard = Enabled, Machine Identity Isolation = Disabled, Kernel-mode Hardware-enforced Stack Protection = Not configured, Reboot required = No, Status = 0x0."
"03-07-2026 11:26:49","7000","Information","Microsoft-Windows-DeviceGuard","Device Guard successfully processed the Group Policy: Virtualization Based Security  = Enabled,  Secure Boot = On, DMA Protection = On,  Virtualization Based Code Integrity = Disabled, Credential Guard = Enabled, Machine Identity Isolation = Disabled, Kernel-mode Hardware-enforced Stack Protection = Not configured, Reboot required = No, Status = 0x0."
"03-07-2026 11:26:39","7000","Information","Microsoft-Windows-DeviceGuard","Device Guard successfully processed the Group Policy: Virtualization Based Security  = Enabled,  Secure Boot = On, DMA Protection = On,  Virtualization Based Code Integrity = Disabled, Credential Guard = Enabled, Machine Identity Isolation = Disabled, Kernel-mode Hardware-enforced Stack Protection = Not configured, Reboot required = No, Status = 0x0."
"03-07-2026 11:26:39","7000","Information","Microsoft-Windows-DeviceGuard","Device Guard successfully processed the Group Policy: Virtualization Based Security  = Enabled,  Secure Boot = On, DMA Protection = On,  Virtualization Based Code Integrity = Disabled, Credential Guard = Enabled, Machine Identity Isolation = Disabled, Kernel-mode Hardware-enforced Stack Protection = Not configured, Reboot required = No, Status = 0x0."
"03-07-2026 11:26:39","7000","Information","Microsoft-Windows-DeviceGuard","Device Guard successfully processed the Group Policy: Virtualization Based Security  = Enabled,  Secure Boot = On, DMA Protection = On,  Virtualization Based Code Integrity = Disabled, Credential Guard = Enabled, Machine Identity Isolation = Disabled, Kernel-mode Hardware-enforced Stack Protection = Not configured, Reboot required = No, Status = 0x0."
"03-07-2026 11:26:13","7000","Information","Microsoft-Windows-DeviceGuard","Device Guard successfully processed the Group Policy: Virtualization Based Security  = Enabled,  Secure Boot = On, DMA Protection = On,  Virtualization Based Code Integrity = Disabled, Credential Guard = Enabled, Machine Identity Isolation = Disabled, Kernel-mode Hardware-enforced Stack Protection = Not configured, Reboot required = No, Status = 0x0."
"03-07-2026 11:26:13","7000","Information","Microsoft-Windows-DeviceGuard","Device Guard successfully processed the Group Policy: Virtualization Based Security  = Enabled,  Secure Boot = On, DMA Protection = On,  Virtualization Based Code Integrity = Disabled, Credential Guard = Enabled, Machine Identity Isolation = Disabled, Kernel-mode Hardware-enforced Stack Protection = Not configured, Reboot required = No, Status = 0x0."
"03-07-2026 11:26:13","7000","Information","Microsoft-Windows-DeviceGuard","Device Guard successfully processed the Group Policy: Virtualization Based Security  = Enabled,  Secure Boot = On, DMA Protection = On,  Virtualization Based Code Integrity = Disabled, Credential Guard = Enabled, Machine Identity Isolation = Disabled, Kernel-mode Hardware-enforced Stack Protection = Not configured, Reboot required = No, Status = 0x0."
"03-07-2026 11:26:10","7000","Information","Microsoft-Windows-DeviceGuard","Device Guard successfully processed the Group Policy: Virtualization Based Security  = Enabled,  Secure Boot = On, DMA Protection = On,  Virtualization Based Code Integrity = Disabled, Credential Guard = Enabled, Machine Identity Isolation = Disabled, Kernel-mode Hardware-enforced Stack Protection = Not configured, Reboot required = No, Status = 0x0."
"03-07-2026 11:26:10","7000","Information","Microsoft-Windows-DeviceGuard","Device Guard successfully processed the Group Policy: Virtualization Based Security  = Enabled,  Secure Boot = On, DMA Protection = On,  Virtualization Based Code Integrity = Disabled, Credential Guard = Enabled, Machine Identity Isolation = Disabled, Kernel-mode Hardware-enforced Stack Protection = Not configured, Reboot required = No, Status = 0x0."
"03-07-2026 11:26:10","7000","Information","Microsoft-Windows-DeviceGuard","Device Guard successfully processed the Group Policy: Virtualization Based Security  = Enabled,  Secure Boot = On, DMA Protection = On,  Virtualization Based Code Integrity = Disabled, Credential Guard = Enabled, Machine Identity Isolation = Disabled, Kernel-mode Hardware-enforced Stack Protection = Not configured, Reboot required = No, Status = 0x0."
"03-07-2026 11:25:42","7000","Information","Microsoft-Windows-DeviceGuard","Device Guard successfully processed the Group Policy: Virtualization Based Security  = Enabled,  Secure Boot = On, DMA Protection = On,  Virtualization Based Code Integrity = Disabled, Credential Guard = Enabled, Machine Identity Isolation = Disabled, Kernel-mode Hardware-enforced Stack Protection = Not configured, Reboot required = No, Status = 0x0."
"03-07-2026 11:25:42","7000","Information","Microsoft-Windows-DeviceGuard","Device Guard successfully processed the Group Policy: Virtualization Based Security  = Enabled,  Secure Boot = On, DMA Protection = On,  Virtualization Based Code Integrity = Disabled, Credential Guard = Enabled, Machine Identity Isolation = Disabled, Kernel-mode Hardware-enforced Stack Protection = Not configured, Reboot required = No, Status = 0x0."
"03-07-2026 11:25:42","7000","Information","Microsoft-Windows-DeviceGuard","Device Guard successfully processed the Group Policy: Virtualization Based Security  = Enabled,  Secure Boot = On, DMA Protection = On,  Virtualization Based Code Integrity = Disabled, Credential Guard = Enabled, Machine Identity Isolation = Disabled, Kernel-mode Hardware-enforced Stack Protection = Not configured, Reboot required = No, Status = 0x0."
"03-07-2026 11:25:38","7000","Information","Microsoft-Windows-DeviceGuard","Device Guard successfully processed the Group Policy: Virtualization Based Security  = Enabled,  Secure Boot = On, DMA Protection = On,  Virtualization Based Code Integrity = Disabled, Credential Guard = Enabled, Machine Identity Isolation = Disabled, Kernel-mode Hardware-enforced Stack Protection = Not configured, Reboot required = No, Status = 0x0."
"03-07-2026 11:25:38","7000","Information","Microsoft-Windows-DeviceGuard","Device Guard successfully processed the Group Policy: Virtualization Based Security  = Enabled,  Secure Boot = On, DMA Protection = On,  Virtualization Based Code Integrity = Disabled, Credential Guard = Enabled, Machine Identity Isolation = Disabled, Kernel-mode Hardware-enforced Stack Protection = Not configured, Reboot required = No, Status = 0x0."
"03-07-2026 11:25:38","7000","Information","Microsoft-Windows-DeviceGuard","Device Guard successfully processed the Group Policy: Virtualization Based Security  = Enabled,  Secure Boot = On, DMA Protection = On,  Virtualization Based Code Integrity = Disabled, Credential Guard = Enabled, Machine Identity Isolation = Disabled, Kernel-mode Hardware-enforced Stack Protection = Not configured, Reboot required = No, Status = 0x0."
"03-07-2026 11:25:10","7000","Information","Microsoft-Windows-DeviceGuard","Device Guard successfully processed the Group Policy: Virtualization Based Security  = Enabled,  Secure Boot = On, DMA Protection = On,  Virtualization Based Code Integrity = Disabled, Credential Guard = Enabled, Machine Identity Isolation = Disabled, Kernel-mode Hardware-enforced Stack Protection = Not configured, Reboot required = No, Status = 0x0."
"03-07-2026 11:25:10","7000","Information","Microsoft-Windows-DeviceGuard","Device Guard successfully processed the Group Policy: Virtualization Based Security  = Enabled,  Secure Boot = On, DMA Protection = On,  Virtualization Based Code Integrity = Disabled, Credential Guard = Enabled, Machine Identity Isolation = Disabled, Kernel-mode Hardware-enforced Stack Protection = Not configured, Reboot required = No, Status = 0x0."
"03-07-2026 11:25:10","7000","Information","Microsoft-Windows-DeviceGuard","Device Guard successfully processed the Group Policy: Virtualization Based Security  = Enabled,  Secure Boot = On, DMA Protection = On,  Virtualization Based Code Integrity = Disabled, Credential Guard = Enabled, Machine Identity Isolation = Disabled, Kernel-mode Hardware-enforced Stack Protection = Not configured, Reboot required = No, Status = 0x0."
"03-07-2026 11:25:07","7000","Information","Microsoft-Windows-DeviceGuard","Device Guard successfully processed the Group Policy: Virtualization Based Security  = Enabled,  Secure Boot = On, DMA Protection = On,  Virtualization Based Code Integrity = Disabled, Credential Guard = Enabled, Machine Identity Isolation = Disabled, Kernel-mode Hardware-enforced Stack Protection = Not configured, Reboot required = No, Status = 0x0."
"03-07-2026 11:25:07","7000","Information","Microsoft-Windows-DeviceGuard","Device Guard successfully processed the Group Policy: Virtualization Based Security  = Enabled,  Secure Boot = On, DMA Protection = On,  Virtualization Based Code Integrity = Disabled, Credential Guard = Enabled, Machine Identity Isolation = Disabled, Kernel-mode Hardware-enforced Stack Protection = Not configured, Reboot required = No, Status = 0x0."
"03-07-2026 11:25:07","7000","Information","Microsoft-Windows-DeviceGuard","Device Guard successfully processed the Group Policy: Virtualization Based Security  = Enabled,  Secure Boot = On, DMA Protection = On,  Virtualization Based Code Integrity = Disabled, Credential Guard = Enabled, Machine Identity Isolation = Disabled, Kernel-mode Hardware-enforced Stack Protection = Not configured, Reboot required = No, Status = 0x0."
"03-07-2026 11:24:24","7000","Information","Microsoft-Windows-DeviceGuard","Device Guard successfully processed the Group Policy: Virtualization Based Security  = Enabled,  Secure Boot = On, DMA Protection = On,  Virtualization Based Code Integrity = Disabled, Credential Guard = Enabled, Machine Identity Isolation = Disabled, Kernel-mode Hardware-enforced Stack Protection = Not configured, Reboot required = No, Status = 0x0."
"03-07-2026 11:24:24","7000","Information","Microsoft-Windows-DeviceGuard","Device Guard successfully processed the Group Policy: Virtualization Based Security  = Enabled,  Secure Boot = On, DMA Protection = On,  Virtualization Based Code Integrity = Disabled, Credential Guard = Enabled, Machine Identity Isolation = Disabled, Kernel-mode Hardware-enforced Stack Protection = Not configured, Reboot required = No, Status = 0x0."
"03-07-2026 11:24:23","7000","Information","Microsoft-Windows-DeviceGuard","Device Guard successfully processed the Group Policy: Virtualization Based Security  = Enabled,  Secure Boot = On, DMA Protection = On,  Virtualization Based Code Integrity = Disabled, Credential Guard = Enabled, Machine Identity Isolation = Disabled, Kernel-mode Hardware-enforced Stack Protection = Not configured, Reboot required = No, Status = 0x0."
"03-07-2026 11:24:12","7000","Information","Microsoft-Windows-DeviceGuard","Device Guard successfully processed the Group Policy: Virtualization Based Security  = Enabled,  Secure Boot = On, DMA Protection = On,  Virtualization Based Code Integrity = Disabled, Credential Guard = Enabled, Machine Identity Isolation = Disabled, Kernel-mode Hardware-enforced Stack Protection = Not configured, Reboot required = No, Status = 0x0."
"03-07-2026 11:24:12","7000","Information","Microsoft-Windows-DeviceGuard","Device Guard successfully processed the Group Policy: Virtualization Based Security  = Enabled,  Secure Boot = On, DMA Protection = On,  Virtualization Based Code Integrity = Disabled, Credential Guard = Enabled, Machine Identity Isolation = Disabled, Kernel-mode Hardware-enforced Stack Protection = Not configured, Reboot required = No, Status = 0x0."
"03-07-2026 11:24:11","7000","Information","Microsoft-Windows-DeviceGuard","Device Guard successfully processed the Group Policy: Virtualization Based Security  = Enabled,  Secure Boot = On, DMA Protection = On,  Virtualization Based Code Integrity = Disabled, Credential Guard = Enabled, Machine Identity Isolation = Disabled, Kernel-mode Hardware-enforced Stack Protection = Not configured, Reboot required = No, Status = 0x0."
"03-07-2026 11:23:08","7000","Information","Microsoft-Windows-DeviceGuard","Device Guard successfully processed the Group Policy: Virtualization Based Security  = Enabled,  Secure Boot = On, DMA Protection = On,  Virtualization Based Code Integrity = Disabled, Credential Guard = Enabled, Machine Identity Isolation = Disabled, Kernel-mode Hardware-enforced Stack Protection = Not configured, Reboot required = No, Status = 0x0."
"03-07-2026 11:23:08","7000","Information","Microsoft-Windows-DeviceGuard","Device Guard successfully processed the Group Policy: Virtualization Based Security  = Enabled,  Secure Boot = On, DMA Protection = On,  Virtualization Based Code Integrity = Disabled, Credential Guard = Enabled, Machine Identity Isolation = Disabled, Kernel-mode Hardware-enforced Stack Protection = Not configured, Reboot required = No, Status = 0x0."
"03-07-2026 11:06:02","7000","Information","Microsoft-Windows-DeviceGuard","Device Guard successfully processed the Group Policy: Virtualization Based Security  = Enabled,  Secure Boot = On, DMA Protection = On,  Virtualization Based Code Integrity = Disabled, Credential Guard = Enabled, Machine Identity Isolation = Disabled, Kernel-mode Hardware-enforced Stack Protection = Not configured, Reboot required = No, Status = 0x0."
"03-07-2026 11:06:02","7000","Information","Microsoft-Windows-DeviceGuard","Device Guard successfully processed the Group Policy: Virtualization Based Security  = Enabled,  Secure Boot = On, DMA Protection = On,  Virtualization Based Code Integrity = Disabled, Credential Guard = Enabled, Machine Identity Isolation = Disabled, Kernel-mode Hardware-enforced Stack Protection = Not configured, Reboot required = No, Status = 0x0."
"03-07-2026 09:41:49","7000","Information","Microsoft-Windows-DeviceGuard","Device Guard successfully processed the Group Policy: Virtualization Based Security  = Enabled,  Secure Boot = On, DMA Protection = On,  Virtualization Based Code Integrity = Disabled, Credential Guard = Enabled, Machine Identity Isolation = Disabled, Kernel-mode Hardware-enforced Stack Protection = Not configured, Reboot required = No, Status = 0x0."
"03-07-2026 09:41:48","7000","Information","Microsoft-Windows-DeviceGuard","Device Guard successfully processed the Group Policy: Virtualization Based Security  = Enabled,  Secure Boot = On, DMA Protection = On,  Virtualization Based Code Integrity = Disabled, Credential Guard = Enabled, Machine Identity Isolation = Disabled, Kernel-mode Hardware-enforced Stack Protection = Not configured, Reboot required = No, Status = 0x0."
"03-07-2026 09:38:37","7000","Information","Microsoft-Windows-DeviceGuard","Device Guard successfully processed the Group Policy: Virtualization Based Security  = Enabled,  Secure Boot = On, DMA Protection = On,  Virtualization Based Code Integrity = Disabled, Credential Guard = Enabled, Machine Identity Isolation = Disabled, Kernel-mode Hardware-enforced Stack Protection = Not configured, Reboot required = No, Status = 0x0."
"03-07-2026 09:38:37","7000","Information","Microsoft-Windows-DeviceGuard","Device Guard successfully processed the Group Policy: Virtualization Based Security  = Enabled,  Secure Boot = On, DMA Protection = On,  Virtualization Based Code Integrity = Disabled, Credential Guard = Enabled, Machine Identity Isolation = Disabled, Kernel-mode Hardware-enforced Stack Protection = Not configured, Reboot required = No, Status = 0x0."
"03-07-2026 09:38:37","7000","Information","Microsoft-Windows-DeviceGuard","Device Guard successfully processed the Group Policy: Virtualization Based Security  = Enabled,  Secure Boot = On, DMA Protection = On,  Virtualization Based Code Integrity = Disabled, Credential Guard = Enabled, Machine Identity Isolation = Disabled, Kernel-mode Hardware-enforced Stack Protection = Not configured, Reboot required = No, Status = 0x0."
"03-07-2026 09:38:34","7000","Information","Microsoft-Windows-DeviceGuard","Device Guard successfully processed the Group Policy: Virtualization Based Security  = Enabled,  Secure Boot = On, DMA Protection = On,  Virtualization Based Code Integrity = Disabled, Credential Guard = Enabled, Machine Identity Isolation = Disabled, Kernel-mode Hardware-enforced Stack Protection = Not configured, Reboot required = No, Status = 0x0."
"03-07-2026 09:38:34","7000","Information","Microsoft-Windows-DeviceGuard","Device Guard successfully processed the Group Policy: Virtualization Based Security  = Enabled,  Secure Boot = On, DMA Protection = On,  Virtualization Based Code Integrity = Disabled, Credential Guard = Enabled, Machine Identity Isolation = Disabled, Kernel-mode Hardware-enforced Stack Protection = Not configured, Reboot required = No, Status = 0x0."
"03-07-2026 09:38:34","7000","Information","Microsoft-Windows-DeviceGuard","Device Guard successfully processed the Group Policy: Virtualization Based Security  = Enabled,  Secure Boot = On, DMA Protection = On,  Virtualization Based Code Integrity = Disabled, Credential Guard = Enabled, Machine Identity Isolation = Disabled, Kernel-mode Hardware-enforced Stack Protection = Not configured, Reboot required = No, Status = 0x0."
"03-07-2026 09:38:04","7000","Information","Microsoft-Windows-DeviceGuard","Device Guard successfully processed the Group Policy: Virtualization Based Security  = Enabled,  Secure Boot = On, DMA Protection = On,  Virtualization Based Code Integrity = Disabled, Credential Guard = Enabled, Machine Identity Isolation = Disabled, Kernel-mode Hardware-enforced Stack Protection = Not configured, Reboot required = No, Status = 0x0."
"03-07-2026 09:38:03","7000","Information","Microsoft-Windows-DeviceGuard","Device Guard successfully processed the Group Policy: Virtualization Based Security  = Enabled,  Secure Boot = On, DMA Protection = On,  Virtualization Based Code Integrity = Disabled, Credential Guard = Enabled, Machine Identity Isolation = Disabled, Kernel-mode Hardware-enforced Stack Protection = Not configured, Reboot required = No, Status = 0x0."
"03-07-2026 09:38:03","7000","Information","Microsoft-Windows-DeviceGuard","Device Guard successfully processed the Group Policy: Virtualization Based Security  = Enabled,  Secure Boot = On, DMA Protection = On,  Virtualization Based Code Integrity = Disabled, Credential Guard = Enabled, Machine Identity Isolation = Disabled, Kernel-mode Hardware-enforced Stack Protection = Not configured, Reboot required = No, Status = 0x0."
"03-07-2026 09:38:01","7000","Information","Microsoft-Windows-DeviceGuard","Device Guard successfully processed the Group Policy: Virtualization Based Security  = Enabled,  Secure Boot = On, DMA Protection = On,  Virtualization Based Code Integrity = Disabled, Credential Guard = Enabled, Machine Identity Isolation = Disabled, Kernel-mode Hardware-enforced Stack Protection = Not configured, Reboot required = No, Status = 0x0."
"03-07-2026 09:38:01","7000","Information","Microsoft-Windows-DeviceGuard","Device Guard successfully processed the Group Policy: Virtualization Based Security  = Enabled,  Secure Boot = On, DMA Protection = On,  Virtualization Based Code Integrity = Disabled, Credential Guard = Enabled, Machine Identity Isolation = Disabled, Kernel-mode Hardware-enforced Stack Protection = Not configured, Reboot required = No, Status = 0x0."
"03-07-2026 09:38:00","7000","Information","Microsoft-Windows-DeviceGuard","Device Guard successfully processed the Group Policy: Virtualization Based Security  = Enabled,  Secure Boot = On, DMA Protection = On,  Virtualization Based Code Integrity = Disabled, Credential Guard = Enabled, Machine Identity Isolation = Disabled, Kernel-mode Hardware-enforced Stack Protection = Not configured, Reboot required = No, Status = 0x0."
"03-07-2026 09:37:38","7000","Information","Microsoft-Windows-DeviceGuard","Device Guard successfully processed the Group Policy: Virtualization Based Security  = Enabled,  Secure Boot = On, DMA Protection = On,  Virtualization Based Code Integrity = Disabled, Credential Guard = Enabled, Machine Identity Isolation = Disabled, Kernel-mode Hardware-enforced Stack Protection = Not configured, Reboot required = No, Status = 0x0."
"03-07-2026 09:37:38","7000","Information","Microsoft-Windows-DeviceGuard","Device Guard successfully processed the Group Policy: Virtualization Based Security  = Enabled,  Secure Boot = On, DMA Protection = On,  Virtualization Based Code Integrity = Disabled, Credential Guard = Enabled, Machine Identity Isolation = Disabled, Kernel-mode Hardware-enforced Stack Protection = Not configured, Reboot required = No, Status = 0x0."
"03-07-2026 09:37:38","7000","Information","Microsoft-Windows-DeviceGuard","Device Guard successfully processed the Group Policy: Virtualization Based Security  = Enabled,  Secure Boot = On, DMA Protection = On,  Virtualization Based Code Integrity = Disabled, Credential Guard = Enabled, Machine Identity Isolation = Disabled, Kernel-mode Hardware-enforced Stack Protection = Not configured, Reboot required = No, Status = 0x0."
"03-07-2026 09:37:34","7000","Information","Microsoft-Windows-DeviceGuard","Device Guard successfully processed the Group Policy: Virtualization Based Security  = Enabled,  Secure Boot = On, DMA Protection = On,  Virtualization Based Code Integrity = Disabled, Credential Guard = Enabled, Machine Identity Isolation = Disabled, Kernel-mode Hardware-enforced Stack Protection = Not configured, Reboot required = No, Status = 0x0."
"03-07-2026 09:37:34","7000","Information","Microsoft-Windows-DeviceGuard","Device Guard successfully processed the Group Policy: Virtualization Based Security  = Enabled,  Secure Boot = On, DMA Protection = On,  Virtualization Based Code Integrity = Disabled, Credential Guard = Enabled, Machine Identity Isolation = Disabled, Kernel-mode Hardware-enforced Stack Protection = Not configured, Reboot required = No, Status = 0x0."
"03-07-2026 09:37:34","7000","Information","Microsoft-Windows-DeviceGuard","Device Guard successfully processed the Group Policy: Virtualization Based Security  = Enabled,  Secure Boot = On, DMA Protection = On,  Virtualization Based Code Integrity = Disabled, Credential Guard = Enabled, Machine Identity Isolation = Disabled, Kernel-mode Hardware-enforced Stack Protection = Not configured, Reboot required = No, Status = 0x0."
"03-07-2026 09:36:58","7000","Information","Microsoft-Windows-DeviceGuard","Device Guard successfully processed the Group Policy: Virtualization Based Security  = Enabled,  Secure Boot = On, DMA Protection = On,  Virtualization Based Code Integrity = Disabled, Credential Guard = Enabled, Machine Identity Isolation = Disabled, Kernel-mode Hardware-enforced Stack Protection = Not configured, Reboot required = No, Status = 0x0."
"03-07-2026 09:36:58","7000","Information","Microsoft-Windows-DeviceGuard","Device Guard successfully processed the Group Policy: Virtualization Based Security  = Enabled,  Secure Boot = On, DMA Protection = On,  Virtualization Based Code Integrity = Disabled, Credential Guard = Enabled, Machine Identity Isolation = Disabled, Kernel-mode Hardware-enforced Stack Protection = Not configured, Reboot required = No, Status = 0x0."
"03-07-2026 09:36:58","7000","Information","Microsoft-Windows-DeviceGuard","Device Guard successfully processed the Group Policy: Virtualization Based Security  = Enabled,  Secure Boot = On, DMA Protection = On,  Virtualization Based Code Integrity = Disabled, Credential Guard = Enabled, Machine Identity Isolation = Disabled, Kernel-mode Hardware-enforced Stack Protection = Not configured, Reboot required = No, Status = 0x0."
"03-07-2026 09:36:55","7000","Information","Microsoft-Windows-DeviceGuard","Device Guard successfully processed the Group Policy: Virtualization Based Security  = Enabled,  Secure Boot = On, DMA Protection = On,  Virtualization Based Code Integrity = Disabled, Credential Guard = Enabled, Machine Identity Isolation = Disabled, Kernel-mode Hardware-enforced Stack Protection = Not configured, Reboot required = No, Status = 0x0."
"03-07-2026 09:36:55","7000","Information","Microsoft-Windows-DeviceGuard","Device Guard successfully processed the Group Policy: Virtualization Based Security  = Enabled,  Secure Boot = On, DMA Protection = On,  Virtualization Based Code Integrity = Disabled, Credential Guard = Enabled, Machine Identity Isolation = Disabled, Kernel-mode Hardware-enforced Stack Protection = Not configured, Reboot required = No, Status = 0x0."
"03-07-2026 09:36:55","7000","Information","Microsoft-Windows-DeviceGuard","Device Guard successfully processed the Group Policy: Virtualization Based Security  = Enabled,  Secure Boot = On, DMA Protection = On,  Virtualization Based Code Integrity = Disabled, Credential Guard = Enabled, Machine Identity Isolation = Disabled, Kernel-mode Hardware-enforced Stack Protection = Not configured, Reboot required = No, Status = 0x0."
"03-07-2026 05:40:13","7000","Information","Microsoft-Windows-DeviceGuard","Device Guard successfully processed the Group Policy: Virtualization Based Security  = Enabled,  Secure Boot = On, DMA Protection = On,  Virtualization Based Code Integrity = Disabled, Credential Guard = Enabled, Machine Identity Isolation = Disabled, Kernel-mode Hardware-enforced Stack Protection = Not configured, Reboot required = No, Status = 0x0."
"03-07-2026 05:40:13","7000","Information","Microsoft-Windows-DeviceGuard","Device Guard successfully processed the Group Policy: Virtualization Based Security  = Enabled,  Secure Boot = On, DMA Protection = On,  Virtualization Based Code Integrity = Disabled, Credential Guard = Enabled, Machine Identity Isolation = Disabled, Kernel-mode Hardware-enforced Stack Protection = Not configured, Reboot required = No, Status = 0x0."
"02-07-2026 19:46:02","7000","Information","Microsoft-Windows-DeviceGuard","Device Guard successfully processed the Group Policy: Virtualization Based Security  = Enabled,  Secure Boot = On, DMA Protection = On,  Virtualization Based Code Integrity = Disabled, Credential Guard = Enabled, Machine Identity Isolation = Disabled, Kernel-mode Hardware-enforced Stack Protection = Not configured, Reboot required = No, Status = 0x0."
"02-07-2026 19:46:02","7000","Information","Microsoft-Windows-DeviceGuard","Device Guard successfully processed the Group Policy: Virtualization Based Security  = Enabled,  Secure Boot = On, DMA Protection = On,  Virtualization Based Code Integrity = Disabled, Credential Guard = Enabled, Machine Identity Isolation = Disabled, Kernel-mode Hardware-enforced Stack Protection = Not configured, Reboot required = No, Status = 0x0."
"02-07-2026 16:11:58","7000","Information","Microsoft-Windows-DeviceGuard","Device Guard successfully processed the Group Policy: Virtualization Based Security  = Enabled,  Secure Boot = On, DMA Protection = On,  Virtualization Based Code Integrity = Disabled, Credential Guard = Enabled, Machine Identity Isolation = Disabled, Kernel-mode Hardware-enforced Stack Protection = Not configured, Reboot required = No, Status = 0x0."
"02-07-2026 16:11:58","7000","Information","Microsoft-Windows-DeviceGuard","Device Guard successfully processed the Group Policy: Virtualization Based Security  = Enabled,  Secure Boot = On, DMA Protection = On,  Virtualization Based Code Integrity = Disabled, Credential Guard = Enabled, Machine Identity Isolation = Disabled, Kernel-mode Hardware-enforced Stack Protection = Not configured, Reboot required = No, Status = 0x0."
"02-07-2026 13:11:02","7000","Information","Microsoft-Windows-DeviceGuard","Device Guard successfully processed the Group Policy: Virtualization Based Security  = Enabled,  Secure Boot = On, DMA Protection = On,  Virtualization Based Code Integrity = Disabled, Credential Guard = Enabled, Machine Identity Isolation = Disabled, Kernel-mode Hardware-enforced Stack Protection = Not configured, Reboot required = No, Status = 0x0."
"02-07-2026 13:11:02","7000","Information","Microsoft-Windows-DeviceGuard","Device Guard successfully processed the Group Policy: Virtualization Based Security  = Enabled,  Secure Boot = On, DMA Protection = On,  Virtualization Based Code Integrity = Disabled, Credential Guard = Enabled, Machine Identity Isolation = Disabled, Kernel-mode Hardware-enforced Stack Protection = Not configured, Reboot required = No, Status = 0x0."
"02-07-2026 12:06:02","7000","Information","Microsoft-Windows-DeviceGuard","Device Guard successfully processed the Group Policy: Virtualization Based Security  = Enabled,  Secure Boot = On, DMA Protection = On,  Virtualization Based Code Integrity = Disabled, Credential Guard = Enabled, Machine Identity Isolation = Disabled, Kernel-mode Hardware-enforced Stack Protection = Not configured, Reboot required = No, Status = 0x0."
"02-07-2026 12:06:02","7000","Information","Microsoft-Windows-DeviceGuard","Device Guard successfully processed the Group Policy: Virtualization Based Security  = Enabled,  Secure Boot = On, DMA Protection = On,  Virtualization Based Code Integrity = Disabled, Credential Guard = Enabled, Machine Identity Isolation = Disabled, Kernel-mode Hardware-enforced Stack Protection = Not configured, Reboot required = No, Status = 0x0."
"02-07-2026 09:23:54","7000","Information","Microsoft-Windows-DeviceGuard","Device Guard successfully processed the Group Policy: Virtualization Based Security  = Enabled,  Secure Boot = On, DMA Protection = On,  Virtualization Based Code Integrity = Disabled, Credential Guard = Enabled, Machine Identity Isolation = Disabled, Kernel-mode Hardware-enforced Stack Protection = Not configured, Reboot required = No, Status = 0x0."
"02-07-2026 09:23:54","7000","Information","Microsoft-Windows-DeviceGuard","Device Guard successfully processed the Group Policy: Virtualization Based Security  = Enabled,  Secure Boot = On, DMA Protection = On,  Virtualization Based Code Integrity = Disabled, Credential Guard = Enabled, Machine Identity Isolation = Disabled, Kernel-mode Hardware-enforced Stack Protection = Not configured, Reboot required = No, Status = 0x0."
"02-07-2026 09:23:54","7000","Information","Microsoft-Windows-DeviceGuard","Device Guard successfully processed the Group Policy: Virtualization Based Security  = Enabled,  Secure Boot = On, DMA Protection = On,  Virtualization Based Code Integrity = Disabled, Credential Guard = Enabled, Machine Identity Isolation = Disabled, Kernel-mode Hardware-enforced Stack Protection = Not configured, Reboot required = No, Status = 0x0."
"02-07-2026 09:23:51","7000","Information","Microsoft-Windows-DeviceGuard","Device Guard successfully processed the Group Policy: Virtualization Based Security  = Enabled,  Secure Boot = On, DMA Protection = On,  Virtualization Based Code Integrity = Disabled, Credential Guard = Enabled, Machine Identity Isolation = Disabled, Kernel-mode Hardware-enforced Stack Protection = Not configured, Reboot required = No, Status = 0x0."
"02-07-2026 09:23:51","7000","Information","Microsoft-Windows-DeviceGuard","Device Guard successfully processed the Group Policy: Virtualization Based Security  = Enabled,  Secure Boot = On, DMA Protection = On,  Virtualization Based Code Integrity = Disabled, Credential Guard = Enabled, Machine Identity Isolation = Disabled, Kernel-mode Hardware-enforced Stack Protection = Not configured, Reboot required = No, Status = 0x0."
"02-07-2026 09:23:51","7000","Information","Microsoft-Windows-DeviceGuard","Device Guard successfully processed the Group Policy: Virtualization Based Security  = Enabled,  Secure Boot = On, DMA Protection = On,  Virtualization Based Code Integrity = Disabled, Credential Guard = Enabled, Machine Identity Isolation = Disabled, Kernel-mode Hardware-enforced Stack Protection = Not configured, Reboot required = No, Status = 0x0."
"02-07-2026 09:23:22","7000","Information","Microsoft-Windows-DeviceGuard","Device Guard successfully processed the Group Policy: Virtualization Based Security  = Enabled,  Secure Boot = On, DMA Protection = On,  Virtualization Based Code Integrity = Disabled, Credential Guard = Enabled, Machine Identity Isolation = Disabled, Kernel-mode Hardware-enforced Stack Protection = Not configured, Reboot required = No, Status = 0x0."
"02-07-2026 09:23:22","7000","Information","Microsoft-Windows-DeviceGuard","Device Guard successfully processed the Group Policy: Virtualization Based Security  = Enabled,  Secure Boot = On, DMA Protection = On,  Virtualization Based Code Integrity = Disabled, Credential Guard = Enabled, Machine Identity Isolation = Disabled, Kernel-mode Hardware-enforced Stack Protection = Not configured, Reboot required = No, Status = 0x0."
"02-07-2026 09:23:22","7000","Information","Microsoft-Windows-DeviceGuard","Device Guard successfully processed the Group Policy: Virtualization Based Security  = Enabled,  Secure Boot = On, DMA Protection = On,  Virtualization Based Code Integrity = Disabled, Credential Guard = Enabled, Machine Identity Isolation = Disabled, Kernel-mode Hardware-enforced Stack Protection = Not configured, Reboot required = No, Status = 0x0."
"02-07-2026 09:23:19","7000","Information","Microsoft-Windows-DeviceGuard","Device Guard successfully processed the Group Policy: Virtualization Based Security  = Enabled,  Secure Boot = On, DMA Protection = On,  Virtualization Based Code Integrity = Disabled, Credential Guard = Enabled, Machine Identity Isolation = Disabled, Kernel-mode Hardware-enforced Stack Protection = Not configured, Reboot required = No, Status = 0x0."
"02-07-2026 09:23:19","7000","Information","Microsoft-Windows-DeviceGuard","Device Guard successfully processed the Group Policy: Virtualization Based Security  = Enabled,  Secure Boot = On, DMA Protection = On,  Virtualization Based Code Integrity = Disabled, Credential Guard = Enabled, Machine Identity Isolation = Disabled, Kernel-mode Hardware-enforced Stack Protection = Not configured, Reboot required = No, Status = 0x0."
"02-07-2026 09:23:19","7000","Information","Microsoft-Windows-DeviceGuard","Device Guard successfully processed the Group Policy: Virtualization Based Security  = Enabled,  Secure Boot = On, DMA Protection = On,  Virtualization Based Code Integrity = Disabled, Credential Guard = Enabled, Machine Identity Isolation = Disabled, Kernel-mode Hardware-enforced Stack Protection = Not configured, Reboot required = No, Status = 0x0."
"02-07-2026 09:19:20","7000","Information","Microsoft-Windows-DeviceGuard","Device Guard successfully processed the Group Policy: Virtualization Based Security  = Enabled,  Secure Boot = On, DMA Protection = On,  Virtualization Based Code Integrity = Disabled, Credential Guard = Enabled, Machine Identity Isolation = Disabled, Kernel-mode Hardware-enforced Stack Protection = Not configured, Reboot required = No, Status = 0x0."
"02-07-2026 09:19:20","7000","Information","Microsoft-Windows-DeviceGuard","Device Guard successfully processed the Group Policy: Virtualization Based Security  = Enabled,  Secure Boot = On, DMA Protection = On,  Virtualization Based Code Integrity = Disabled, Credential Guard = Enabled, Machine Identity Isolation = Disabled, Kernel-mode Hardware-enforced Stack Protection = Not configured, Reboot required = No, Status = 0x0."
"02-07-2026 09:19:20","7000","Information","Microsoft-Windows-DeviceGuard","Device Guard successfully processed the Group Policy: Virtualization Based Security  = Enabled,  Secure Boot = On, DMA Protection = On,  Virtualization Based Code Integrity = Disabled, Credential Guard = Enabled, Machine Identity Isolation = Disabled, Kernel-mode Hardware-enforced Stack Protection = Not configured, Reboot required = No, Status = 0x0."
"02-07-2026 09:19:17","7000","Information","Microsoft-Windows-DeviceGuard","Device Guard successfully processed the Group Policy: Virtualization Based Security  = Enabled,  Secure Boot = On, DMA Protection = On,  Virtualization Based Code Integrity = Disabled, Credential Guard = Enabled, Machine Identity Isolation = Disabled, Kernel-mode Hardware-enforced Stack Protection = Not configured, Reboot required = No, Status = 0x0."
"02-07-2026 09:19:17","7000","Information","Microsoft-Windows-DeviceGuard","Device Guard successfully processed the Group Policy: Virtualization Based Security  = Enabled,  Secure Boot = On, DMA Protection = On,  Virtualization Based Code Integrity = Disabled, Credential Guard = Enabled, Machine Identity Isolation = Disabled, Kernel-mode Hardware-enforced Stack Protection = Not configured, Reboot required = No, Status = 0x0."
"02-07-2026 09:19:16","7000","Information","Microsoft-Windows-DeviceGuard","Device Guard successfully processed the Group Policy: Virtualization Based Security  = Enabled,  Secure Boot = On, DMA Protection = On,  Virtualization Based Code Integrity = Disabled, Credential Guard = Enabled, Machine Identity Isolation = Disabled, Kernel-mode Hardware-enforced Stack Protection = Not configured, Reboot required = No, Status = 0x0."
"02-07-2026 09:18:33","7000","Information","Microsoft-Windows-DeviceGuard","Device Guard successfully processed the Group Policy: Virtualization Based Security  = Enabled,  Secure Boot = On, DMA Protection = On,  Virtualization Based Code Integrity = Disabled, Credential Guard = Enabled, Machine Identity Isolation = Disabled, Kernel-mode Hardware-enforced Stack Protection = Not configured, Reboot required = No, Status = 0x0."
"02-07-2026 09:18:33","7000","Information","Microsoft-Windows-DeviceGuard","Device Guard successfully processed the Group Policy: Virtualization Based Security  = Enabled,  Secure Boot = On, DMA Protection = On,  Virtualization Based Code Integrity = Disabled, Credential Guard = Enabled, Machine Identity Isolation = Disabled, Kernel-mode Hardware-enforced Stack Protection = Not configured, Reboot required = No, Status = 0x0."
"02-07-2026 09:18:33","7000","Information","Microsoft-Windows-DeviceGuard","Device Guard successfully processed the Group Policy: Virtualization Based Security  = Enabled,  Secure Boot = On, DMA Protection = On,  Virtualization Based Code Integrity = Disabled, Credential Guard = Enabled, Machine Identity Isolation = Disabled, Kernel-mode Hardware-enforced Stack Protection = Not configured, Reboot required = No, Status = 0x0."
"02-07-2026 09:18:30","7000","Information","Microsoft-Windows-DeviceGuard","Device Guard successfully processed the Group Policy: Virtualization Based Security  = Enabled,  Secure Boot = On, DMA Protection = On,  Virtualization Based Code Integrity = Disabled, Credential Guard = Enabled, Machine Identity Isolation = Disabled, Kernel-mode Hardware-enforced Stack Protection = Not configured, Reboot required = No, Status = 0x0."
"02-07-2026 09:18:30","7000","Information","Microsoft-Windows-DeviceGuard","Device Guard successfully processed the Group Policy: Virtualization Based Security  = Enabled,  Secure Boot = On, DMA Protection = On,  Virtualization Based Code Integrity = Disabled, Credential Guard = Enabled, Machine Identity Isolation = Disabled, Kernel-mode Hardware-enforced Stack Protection = Not configured, Reboot required = No, Status = 0x0."
"02-07-2026 09:18:30","7000","Information","Microsoft-Windows-DeviceGuard","Device Guard successfully processed the Group Policy: Virtualization Based Security  = Enabled,  Secure Boot = On, DMA Protection = On,  Virtualization Based Code Integrity = Disabled, Credential Guard = Enabled, Machine Identity Isolation = Disabled, Kernel-mode Hardware-enforced Stack Protection = Not configured, Reboot required = No, Status = 0x0."
"02-07-2026 09:17:57","7000","Information","Microsoft-Windows-DeviceGuard","Device Guard successfully processed the Group Policy: Virtualization Based Security  = Enabled,  Secure Boot = On, DMA Protection = On,  Virtualization Based Code Integrity = Disabled, Credential Guard = Enabled, Machine Identity Isolation = Disabled, Kernel-mode Hardware-enforced Stack Protection = Not configured, Reboot required = No, Status = 0x0."
"02-07-2026 09:17:56","7000","Information","Microsoft-Windows-DeviceGuard","Device Guard successfully processed the Group Policy: Virtualization Based Security  = Enabled,  Secure Boot = On, DMA Protection = On,  Virtualization Based Code Integrity = Disabled, Credential Guard = Enabled, Machine Identity Isolation = Disabled, Kernel-mode Hardware-enforced Stack Protection = Not configured, Reboot required = No, Status = 0x0."
"02-07-2026 02:32:49","7000","Information","Microsoft-Windows-DeviceGuard","Device Guard successfully processed the Group Policy: Virtualization Based Security  = Enabled,  Secure Boot = On, DMA Protection = On,  Virtualization Based Code Integrity = Disabled, Credential Guard = Enabled, Machine Identity Isolation = Disabled, Kernel-mode Hardware-enforced Stack Protection = Not configured, Reboot required = No, Status = 0x0."
"02-07-2026 02:32:49","7000","Information","Microsoft-Windows-DeviceGuard","Device Guard successfully processed the Group Policy: Virtualization Based Security  = Enabled,  Secure Boot = On, DMA Protection = On,  Virtualization Based Code Integrity = Disabled, Credential Guard = Enabled, Machine Identity Isolation = Disabled, Kernel-mode Hardware-enforced Stack Protection = Not configured, Reboot required = No, Status = 0x0."
"01-07-2026 16:56:03","7000","Information","Microsoft-Windows-DeviceGuard","Device Guard successfully processed the Group Policy: Virtualization Based Security  = Enabled,  Secure Boot = On, DMA Protection = On,  Virtualization Based Code Integrity = Disabled, Credential Guard = Enabled, Machine Identity Isolation = Disabled, Kernel-mode Hardware-enforced Stack Protection = Not configured, Reboot required = No, Status = 0x0."
"01-07-2026 16:56:03","7000","Information","Microsoft-Windows-DeviceGuard","Device Guard successfully processed the Group Policy: Virtualization Based Security  = Enabled,  Secure Boot = On, DMA Protection = On,  Virtualization Based Code Integrity = Disabled, Credential Guard = Enabled, Machine Identity Isolation = Disabled, Kernel-mode Hardware-enforced Stack Protection = Not configured, Reboot required = No, Status = 0x0."
"01-07-2026 13:11:02","7000","Information","Microsoft-Windows-DeviceGuard","Device Guard successfully processed the Group Policy: Virtualization Based Security  = Enabled,  Secure Boot = On, DMA Protection = On,  Virtualization Based Code Integrity = Disabled, Credential Guard = Enabled, Machine Identity Isolation = Disabled, Kernel-mode Hardware-enforced Stack Protection = Not configured, Reboot required = No, Status = 0x0."
"01-07-2026 13:11:02","7000","Information","Microsoft-Windows-DeviceGuard","Device Guard successfully processed the Group Policy: Virtualization Based Security  = Enabled,  Secure Boot = On, DMA Protection = On,  Virtualization Based Code Integrity = Disabled, Credential Guard = Enabled, Machine Identity Isolation = Disabled, Kernel-mode Hardware-enforced Stack Protection = Not configured, Reboot required = No, Status = 0x0."
"01-07-2026 13:06:02","7000","Information","Microsoft-Windows-DeviceGuard","Device Guard successfully processed the Group Policy: Virtualization Based Security  = Enabled,  Secure Boot = On, DMA Protection = On,  Virtualization Based Code Integrity = Disabled, Credential Guard = Enabled, Machine Identity Isolation = Disabled, Kernel-mode Hardware-enforced Stack Protection = Not configured, Reboot required = No, Status = 0x0."
"01-07-2026 13:06:02","7000","Information","Microsoft-Windows-DeviceGuard","Device Guard successfully processed the Group Policy: Virtualization Based Security  = Enabled,  Secure Boot = On, DMA Protection = On,  Virtualization Based Code Integrity = Disabled, Credential Guard = Enabled, Machine Identity Isolation = Disabled, Kernel-mode Hardware-enforced Stack Protection = Not configured, Reboot required = No, Status = 0x0."
"01-07-2026 10:11:16","7000","Information","Microsoft-Windows-DeviceGuard","Device Guard successfully processed the Group Policy: Virtualization Based Security  = Enabled,  Secure Boot = On, DMA Protection = On,  Virtualization Based Code Integrity = Disabled, Credential Guard = Enabled, Machine Identity Isolation = Disabled, Kernel-mode Hardware-enforced Stack Protection = Not configured, Reboot required = No, Status = 0x0."
"01-07-2026 10:11:16","7000","Information","Microsoft-Windows-DeviceGuard","Device Guard successfully processed the Group Policy: Virtualization Based Security  = Enabled,  Secure Boot = On, DMA Protection = On,  Virtualization Based Code Integrity = Disabled, Credential Guard = Enabled, Machine Identity Isolation = Disabled, Kernel-mode Hardware-enforced Stack Protection = Not configured, Reboot required = No, Status = 0x0."
"01-07-2026 09:44:13","7000","Information","Microsoft-Windows-DeviceGuard","Device Guard successfully processed the Group Policy: Virtualization Based Security  = Enabled,  Secure Boot = On, DMA Protection = On,  Virtualization Based Code Integrity = Disabled, Credential Guard = Enabled, Machine Identity Isolation = Disabled, Kernel-mode Hardware-enforced Stack Protection = Not configured, Reboot required = No, Status = 0x0."
"01-07-2026 09:44:13","7000","Information","Microsoft-Windows-DeviceGuard","Device Guard successfully processed the Group Policy: Virtualization Based Security  = Enabled,  Secure Boot = On, DMA Protection = On,  Virtualization Based Code Integrity = Disabled, Credential Guard = Enabled, Machine Identity Isolation = Disabled, Kernel-mode Hardware-enforced Stack Protection = Not configured, Reboot required = No, Status = 0x0."
"01-07-2026 09:44:13","7000","Information","Microsoft-Windows-DeviceGuard","Device Guard successfully processed the Group Policy: Virtualization Based Security  = Enabled,  Secure Boot = On, DMA Protection = On,  Virtualization Based Code Integrity = Disabled, Credential Guard = Enabled, Machine Identity Isolation = Disabled, Kernel-mode Hardware-enforced Stack Protection = Not configured, Reboot required = No, Status = 0x0."
"01-07-2026 09:44:09","7000","Information","Microsoft-Windows-DeviceGuard","Device Guard successfully processed the Group Policy: Virtualization Based Security  = Enabled,  Secure Boot = On, DMA Protection = On,  Virtualization Based Code Integrity = Disabled, Credential Guard = Enabled, Machine Identity Isolation = Disabled, Kernel-mode Hardware-enforced Stack Protection = Not configured, Reboot required = No, Status = 0x0."
"01-07-2026 09:44:09","7000","Information","Microsoft-Windows-DeviceGuard","Device Guard successfully processed the Group Policy: Virtualization Based Security  = Enabled,  Secure Boot = On, DMA Protection = On,  Virtualization Based Code Integrity = Disabled, Credential Guard = Enabled, Machine Identity Isolation = Disabled, Kernel-mode Hardware-enforced Stack Protection = Not configured, Reboot required = No, Status = 0x0."
"01-07-2026 09:44:09","7000","Information","Microsoft-Windows-DeviceGuard","Device Guard successfully processed the Group Policy: Virtualization Based Security  = Enabled,  Secure Boot = On, DMA Protection = On,  Virtualization Based Code Integrity = Disabled, Credential Guard = Enabled, Machine Identity Isolation = Disabled, Kernel-mode Hardware-enforced Stack Protection = Not configured, Reboot required = No, Status = 0x0."
"01-07-2026 09:43:17","7000","Information","Microsoft-Windows-DeviceGuard","Device Guard successfully processed the Group Policy: Virtualization Based Security  = Enabled,  Secure Boot = On, DMA Protection = On,  Virtualization Based Code Integrity = Disabled, Credential Guard = Enabled, Machine Identity Isolation = Disabled, Kernel-mode Hardware-enforced Stack Protection = Not configured, Reboot required = No, Status = 0x0."
"01-07-2026 09:43:17","7000","Information","Microsoft-Windows-DeviceGuard","Device Guard successfully processed the Group Policy: Virtualization Based Security  = Enabled,  Secure Boot = On, DMA Protection = On,  Virtualization Based Code Integrity = Disabled, Credential Guard = Enabled, Machine Identity Isolation = Disabled, Kernel-mode Hardware-enforced Stack Protection = Not configured, Reboot required = No, Status = 0x0."
"01-07-2026 09:43:17","7000","Information","Microsoft-Windows-DeviceGuard","Device Guard successfully processed the Group Policy: Virtualization Based Security  = Enabled,  Secure Boot = On, DMA Protection = On,  Virtualization Based Code Integrity = Disabled, Credential Guard = Enabled, Machine Identity Isolation = Disabled, Kernel-mode Hardware-enforced Stack Protection = Not configured, Reboot required = No, Status = 0x0."
"01-07-2026 09:43:13","7000","Information","Microsoft-Windows-DeviceGuard","Device Guard successfully processed the Group Policy: Virtualization Based Security  = Enabled,  Secure Boot = On, DMA Protection = On,  Virtualization Based Code Integrity = Disabled, Credential Guard = Enabled, Machine Identity Isolation = Disabled, Kernel-mode Hardware-enforced Stack Protection = Not configured, Reboot required = No, Status = 0x0."
"01-07-2026 09:43:13","7000","Information","Microsoft-Windows-DeviceGuard","Device Guard successfully processed the Group Policy: Virtualization Based Security  = Enabled,  Secure Boot = On, DMA Protection = On,  Virtualization Based Code Integrity = Disabled, Credential Guard = Enabled, Machine Identity Isolation = Disabled, Kernel-mode Hardware-enforced Stack Protection = Not configured, Reboot required = No, Status = 0x0."
"01-07-2026 09:43:13","7000","Information","Microsoft-Windows-DeviceGuard","Device Guard successfully processed the Group Policy: Virtualization Based Security  = Enabled,  Secure Boot = On, DMA Protection = On,  Virtualization Based Code Integrity = Disabled, Credential Guard = Enabled, Machine Identity Isolation = Disabled, Kernel-mode Hardware-enforced Stack Protection = Not configured, Reboot required = No, Status = 0x0."
"01-07-2026 09:42:38","7000","Information","Microsoft-Windows-DeviceGuard","Device Guard successfully processed the Group Policy: Virtualization Based Security  = Enabled,  Secure Boot = On, DMA Protection = On,  Virtualization Based Code Integrity = Disabled, Credential Guard = Enabled, Machine Identity Isolation = Disabled, Kernel-mode Hardware-enforced Stack Protection = Not configured, Reboot required = No, Status = 0x0."
"01-07-2026 09:42:38","7000","Information","Microsoft-Windows-DeviceGuard","Device Guard successfully processed the Group Policy: Virtualization Based Security  = Enabled,  Secure Boot = On, DMA Protection = On,  Virtualization Based Code Integrity = Disabled, Credential Guard = Enabled, Machine Identity Isolation = Disabled, Kernel-mode Hardware-enforced Stack Protection = Not configured, Reboot required = No, Status = 0x0."
"01-07-2026 09:42:38","7000","Information","Microsoft-Windows-DeviceGuard","Device Guard successfully processed the Group Policy: Virtualization Based Security  = Enabled,  Secure Boot = On, DMA Protection = On,  Virtualization Based Code Integrity = Disabled, Credential Guard = Enabled, Machine Identity Isolation = Disabled, Kernel-mode Hardware-enforced Stack Protection = Not configured, Reboot required = No, Status = 0x0."
"01-07-2026 09:42:34","7000","Information","Microsoft-Windows-DeviceGuard","Device Guard successfully processed the Group Policy: Virtualization Based Security  = Enabled,  Secure Boot = On, DMA Protection = On,  Virtualization Based Code Integrity = Disabled, Credential Guard = Enabled, Machine Identity Isolation = Disabled, Kernel-mode Hardware-enforced Stack Protection = Not configured, Reboot required = No, Status = 0x0."
"01-07-2026 09:42:34","7000","Information","Microsoft-Windows-DeviceGuard","Device Guard successfully processed the Group Policy: Virtualization Based Security  = Enabled,  Secure Boot = On, DMA Protection = On,  Virtualization Based Code Integrity = Disabled, Credential Guard = Enabled, Machine Identity Isolation = Disabled, Kernel-mode Hardware-enforced Stack Protection = Not configured, Reboot required = No, Status = 0x0."
"01-07-2026 09:42:33","7000","Information","Microsoft-Windows-DeviceGuard","Device Guard successfully processed the Group Policy: Virtualization Based Security  = Enabled,  Secure Boot = On, DMA Protection = On,  Virtualization Based Code Integrity = Disabled, Credential Guard = Enabled, Machine Identity Isolation = Disabled, Kernel-mode Hardware-enforced Stack Protection = Not configured, Reboot required = No, Status = 0x0."
"01-07-2026 09:41:43","7000","Information","Microsoft-Windows-DeviceGuard","Device Guard successfully processed the Group Policy: Virtualization Based Security  = Enabled,  Secure Boot = On, DMA Protection = On,  Virtualization Based Code Integrity = Disabled, Credential Guard = Enabled, Machine Identity Isolation = Disabled, Kernel-mode Hardware-enforced Stack Protection = Not configured, Reboot required = No, Status = 0x0."
"01-07-2026 09:41:43","7000","Information","Microsoft-Windows-DeviceGuard","Device Guard successfully processed the Group Policy: Virtualization Based Security  = Enabled,  Secure Boot = On, DMA Protection = On,  Virtualization Based Code Integrity = Disabled, Credential Guard = Enabled, Machine Identity Isolation = Disabled, Kernel-mode Hardware-enforced Stack Protection = Not configured, Reboot required = No, Status = 0x0."
"01-07-2026 09:41:43","7000","Information","Microsoft-Windows-DeviceGuard","Device Guard successfully processed the Group Policy: Virtualization Based Security  = Enabled,  Secure Boot = On, DMA Protection = On,  Virtualization Based Code Integrity = Disabled, Credential Guard = Enabled, Machine Identity Isolation = Disabled, Kernel-mode Hardware-enforced Stack Protection = Not configured, Reboot required = No, Status = 0x0."
"01-07-2026 09:41:39","7000","Information","Microsoft-Windows-DeviceGuard","Device Guard successfully processed the Group Policy: Virtualization Based Security  = Enabled,  Secure Boot = On, DMA Protection = On,  Virtualization Based Code Integrity = Disabled, Credential Guard = Enabled, Machine Identity Isolation = Disabled, Kernel-mode Hardware-enforced Stack Protection = Not configured, Reboot required = No, Status = 0x0."
"01-07-2026 09:41:38","7000","Information","Microsoft-Windows-DeviceGuard","Device Guard successfully processed the Group Policy: Virtualization Based Security  = Enabled,  Secure Boot = On, DMA Protection = On,  Virtualization Based Code Integrity = Disabled, Credential Guard = Enabled, Machine Identity Isolation = Disabled, Kernel-mode Hardware-enforced Stack Protection = Not configured, Reboot required = No, Status = 0x0."
"01-07-2026 09:41:38","7000","Information","Microsoft-Windows-DeviceGuard","Device Guard successfully processed the Group Policy: Virtualization Based Security  = Enabled,  Secure Boot = On, DMA Protection = On,  Virtualization Based Code Integrity = Disabled, Credential Guard = Enabled, Machine Identity Isolation = Disabled, Kernel-mode Hardware-enforced Stack Protection = Not configured, Reboot required = No, Status = 0x0."
"01-07-2026 09:40:51","7000","Information","Microsoft-Windows-DeviceGuard","Device Guard successfully processed the Group Policy: Virtualization Based Security  = Enabled,  Secure Boot = On, DMA Protection = On,  Virtualization Based Code Integrity = Disabled, Credential Guard = Enabled, Machine Identity Isolation = Disabled, Kernel-mode Hardware-enforced Stack Protection = Not configured, Reboot required = No, Status = 0x0."
"01-07-2026 09:40:51","7000","Information","Microsoft-Windows-DeviceGuard","Device Guard successfully processed the Group Policy: Virtualization Based Security  = Enabled,  Secure Boot = On, DMA Protection = On,  Virtualization Based Code Integrity = Disabled, Credential Guard = Enabled, Machine Identity Isolation = Disabled, Kernel-mode Hardware-enforced Stack Protection = Not configured, Reboot required = No, Status = 0x0."
"01-07-2026 09:40:46","7000","Information","Microsoft-Windows-DeviceGuard","Device Guard successfully processed the Group Policy: Virtualization Based Security  = Enabled,  Secure Boot = On, DMA Protection = On,  Virtualization Based Code Integrity = Disabled, Credential Guard = Enabled, Machine Identity Isolation = Disabled, Kernel-mode Hardware-enforced Stack Protection = Not configured, Reboot required = No, Status = 0x0."
"01-07-2026 09:40:46","7000","Information","Microsoft-Windows-DeviceGuard","Device Guard successfully processed the Group Policy: Virtualization Based Security  = Enabled,  Secure Boot = On, DMA Protection = On,  Virtualization Based Code Integrity = Disabled, Credential Guard = Enabled, Machine Identity Isolation = Disabled, Kernel-mode Hardware-enforced Stack Protection = Not configured, Reboot required = No, Status = 0x0."
"30-06-2026 17:56:02","7000","Information","Microsoft-Windows-DeviceGuard","Device Guard successfully processed the Group Policy: Virtualization Based Security  = Enabled,  Secure Boot = On, DMA Protection = On,  Virtualization Based Code Integrity = Disabled, Credential Guard = Enabled, Machine Identity Isolation = Disabled, Kernel-mode Hardware-enforced Stack Protection = Not configured, Reboot required = No, Status = 0x0."
"30-06-2026 17:56:02","7000","Information","Microsoft-Windows-DeviceGuard","Device Guard successfully processed the Group Policy: Virtualization Based Security  = Enabled,  Secure Boot = On, DMA Protection = On,  Virtualization Based Code Integrity = Disabled, Credential Guard = Enabled, Machine Identity Isolation = Disabled, Kernel-mode Hardware-enforced Stack Protection = Not configured, Reboot required = No, Status = 0x0."
"30-06-2026 14:06:02","7000","Information","Microsoft-Windows-DeviceGuard","Device Guard successfully processed the Group Policy: Virtualization Based Security  = Enabled,  Secure Boot = On, DMA Protection = On,  Virtualization Based Code Integrity = Disabled, Credential Guard = Enabled, Machine Identity Isolation = Disabled, Kernel-mode Hardware-enforced Stack Protection = Not configured, Reboot required = No, Status = 0x0."
"30-06-2026 14:06:02","7000","Information","Microsoft-Windows-DeviceGuard","Device Guard successfully processed the Group Policy: Virtualization Based Security  = Enabled,  Secure Boot = On, DMA Protection = On,  Virtualization Based Code Integrity = Disabled, Credential Guard = Enabled, Machine Identity Isolation = Disabled, Kernel-mode Hardware-enforced Stack Protection = Not configured, Reboot required = No, Status = 0x0."
"30-06-2026 13:13:22","7000","Information","Microsoft-Windows-DeviceGuard","Device Guard successfully processed the Group Policy: Virtualization Based Security  = Enabled,  Secure Boot = On, DMA Protection = On,  Virtualization Based Code Integrity = Disabled, Credential Guard = Enabled, Machine Identity Isolation = Disabled, Kernel-mode Hardware-enforced Stack Protection = Not configured, Reboot required = No, Status = 0x0."
"30-06-2026 13:13:22","7000","Information","Microsoft-Windows-DeviceGuard","Device Guard successfully processed the Group Policy: Virtualization Based Security  = Enabled,  Secure Boot = On, DMA Protection = On,  Virtualization Based Code Integrity = Disabled, Credential Guard = Enabled, Machine Identity Isolation = Disabled, Kernel-mode Hardware-enforced Stack Protection = Not configured, Reboot required = No, Status = 0x0."
"30-06-2026 13:13:22","7000","Information","Microsoft-Windows-DeviceGuard","Device Guard successfully processed the Group Policy: Virtualization Based Security  = Enabled,  Secure Boot = On, DMA Protection = On,  Virtualization Based Code Integrity = Disabled, Credential Guard = Enabled, Machine Identity Isolation = Disabled, Kernel-mode Hardware-enforced Stack Protection = Not configured, Reboot required = No, Status = 0x0."
"30-06-2026 13:13:19","7000","Information","Microsoft-Windows-DeviceGuard","Device Guard successfully processed the Group Policy: Virtualization Based Security  = Enabled,  Secure Boot = On, DMA Protection = On,  Virtualization Based Code Integrity = Disabled, Credential Guard = Enabled, Machine Identity Isolation = Disabled, Kernel-mode Hardware-enforced Stack Protection = Not configured, Reboot required = No, Status = 0x0."
"30-06-2026 13:13:19","7000","Information","Microsoft-Windows-DeviceGuard","Device Guard successfully processed the Group Policy: Virtualization Based Security  = Enabled,  Secure Boot = On, DMA Protection = On,  Virtualization Based Code Integrity = Disabled, Credential Guard = Enabled, Machine Identity Isolation = Disabled, Kernel-mode Hardware-enforced Stack Protection = Not configured, Reboot required = No, Status = 0x0."
"30-06-2026 13:13:19","7000","Information","Microsoft-Windows-DeviceGuard","Device Guard successfully processed the Group Policy: Virtualization Based Security  = Enabled,  Secure Boot = On, DMA Protection = On,  Virtualization Based Code Integrity = Disabled, Credential Guard = Enabled, Machine Identity Isolation = Disabled, Kernel-mode Hardware-enforced Stack Protection = Not configured, Reboot required = No, Status = 0x0."
"30-06-2026 13:12:46","7000","Information","Microsoft-Windows-DeviceGuard","Device Guard successfully processed the Group Policy: Virtualization Based Security  = Enabled,  Secure Boot = On, DMA Protection = On,  Virtualization Based Code Integrity = Disabled, Credential Guard = Enabled, Machine Identity Isolation = Disabled, Kernel-mode Hardware-enforced Stack Protection = Not configured, Reboot required = No, Status = 0x0."
"30-06-2026 13:12:46","7000","Information","Microsoft-Windows-DeviceGuard","Device Guard successfully processed the Group Policy: Virtualization Based Security  = Enabled,  Secure Boot = On, DMA Protection = On,  Virtualization Based Code Integrity = Disabled, Credential Guard = Enabled, Machine Identity Isolation = Disabled, Kernel-mode Hardware-enforced Stack Protection = Not configured, Reboot required = No, Status = 0x0."
"30-06-2026 13:12:46","7000","Information","Microsoft-Windows-DeviceGuard","Device Guard successfully processed the Group Policy: Virtualization Based Security  = Enabled,  Secure Boot = On, DMA Protection = On,  Virtualization Based Code Integrity = Disabled, Credential Guard = Enabled, Machine Identity Isolation = Disabled, Kernel-mode Hardware-enforced Stack Protection = Not configured, Reboot required = No, Status = 0x0."
"30-06-2026 13:12:43","7000","Information","Microsoft-Windows-DeviceGuard","Device Guard successfully processed the Group Policy: Virtualization Based Security  = Enabled,  Secure Boot = On, DMA Protection = On,  Virtualization Based Code Integrity = Disabled, Credential Guard = Enabled, Machine Identity Isolation = Disabled, Kernel-mode Hardware-enforced Stack Protection = Not configured, Reboot required = No, Status = 0x0."
"30-06-2026 13:12:43","7000","Information","Microsoft-Windows-DeviceGuard","Device Guard successfully processed the Group Policy: Virtualization Based Security  = Enabled,  Secure Boot = On, DMA Protection = On,  Virtualization Based Code Integrity = Disabled, Credential Guard = Enabled, Machine Identity Isolation = Disabled, Kernel-mode Hardware-enforced Stack Protection = Not configured, Reboot required = No, Status = 0x0."
"30-06-2026 13:12:43","7000","Information","Microsoft-Windows-DeviceGuard","Device Guard successfully processed the Group Policy: Virtualization Based Security  = Enabled,  Secure Boot = On, DMA Protection = On,  Virtualization Based Code Integrity = Disabled, Credential Guard = Enabled, Machine Identity Isolation = Disabled, Kernel-mode Hardware-enforced Stack Protection = Not configured, Reboot required = No, Status = 0x0."
"30-06-2026 13:12:20","7000","Information","Microsoft-Windows-DeviceGuard","Device Guard successfully processed the Group Policy: Virtualization Based Security  = Enabled,  Secure Boot = On, DMA Protection = On,  Virtualization Based Code Integrity = Disabled, Credential Guard = Enabled, Machine Identity Isolation = Disabled, Kernel-mode Hardware-enforced Stack Protection = Not configured, Reboot required = No, Status = 0x0."
"30-06-2026 13:12:20","7000","Information","Microsoft-Windows-DeviceGuard","Device Guard successfully processed the Group Policy: Virtualization Based Security  = Enabled,  Secure Boot = On, DMA Protection = On,  Virtualization Based Code Integrity = Disabled, Credential Guard = Enabled, Machine Identity Isolation = Disabled, Kernel-mode Hardware-enforced Stack Protection = Not configured, Reboot required = No, Status = 0x0."
"30-06-2026 13:12:20","7000","Information","Microsoft-Windows-DeviceGuard","Device Guard successfully processed the Group Policy: Virtualization Based Security  = Enabled,  Secure Boot = On, DMA Protection = On,  Virtualization Based Code Integrity = Disabled, Credential Guard = Enabled, Machine Identity Isolation = Disabled, Kernel-mode Hardware-enforced Stack Protection = Not configured, Reboot required = No, Status = 0x0."
"30-06-2026 13:12:17","7000","Information","Microsoft-Windows-DeviceGuard","Device Guard successfully processed the Group Policy: Virtualization Based Security  = Enabled,  Secure Boot = On, DMA Protection = On,  Virtualization Based Code Integrity = Disabled, Credential Guard = Enabled, Machine Identity Isolation = Disabled, Kernel-mode Hardware-enforced Stack Protection = Not configured, Reboot required = No, Status = 0x0."
"30-06-2026 13:12:17","7000","Information","Microsoft-Windows-DeviceGuard","Device Guard successfully processed the Group Policy: Virtualization Based Security  = Enabled,  Secure Boot = On, DMA Protection = On,  Virtualization Based Code Integrity = Disabled, Credential Guard = Enabled, Machine Identity Isolation = Disabled, Kernel-mode Hardware-enforced Stack Protection = Not configured, Reboot required = No, Status = 0x0."
"30-06-2026 13:12:17","7000","Information","Microsoft-Windows-DeviceGuard","Device Guard successfully processed the Group Policy: Virtualization Based Security  = Enabled,  Secure Boot = On, DMA Protection = On,  Virtualization Based Code Integrity = Disabled, Credential Guard = Enabled, Machine Identity Isolation = Disabled, Kernel-mode Hardware-enforced Stack Protection = Not configured, Reboot required = No, Status = 0x0."
"30-06-2026 13:11:34","7000","Information","Microsoft-Windows-DeviceGuard","Device Guard successfully processed the Group Policy: Virtualization Based Security  = Enabled,  Secure Boot = On, DMA Protection = On,  Virtualization Based Code Integrity = Disabled, Credential Guard = Enabled, Machine Identity Isolation = Disabled, Kernel-mode Hardware-enforced Stack Protection = Not configured, Reboot required = No, Status = 0x0."
"30-06-2026 13:11:34","7000","Information","Microsoft-Windows-DeviceGuard","Device Guard successfully processed the Group Policy: Virtualization Based Security  = Enabled,  Secure Boot = On, DMA Protection = On,  Virtualization Based Code Integrity = Disabled, Credential Guard = Enabled, Machine Identity Isolation = Disabled, Kernel-mode Hardware-enforced Stack Protection = Not configured, Reboot required = No, Status = 0x0."
"30-06-2026 13:11:34","7000","Information","Microsoft-Windows-DeviceGuard","Device Guard successfully processed the Group Policy: Virtualization Based Security  = Enabled,  Secure Boot = On, DMA Protection = On,  Virtualization Based Code Integrity = Disabled, Credential Guard = Enabled, Machine Identity Isolation = Disabled, Kernel-mode Hardware-enforced Stack Protection = Not configured, Reboot required = No, Status = 0x0."
"30-06-2026 13:11:31","7000","Information","Microsoft-Windows-DeviceGuard","Device Guard successfully processed the Group Policy: Virtualization Based Security  = Enabled,  Secure Boot = On, DMA Protection = On,  Virtualization Based Code Integrity = Disabled, Credential Guard = Enabled, Machine Identity Isolation = Disabled, Kernel-mode Hardware-enforced Stack Protection = Not configured, Reboot required = No, Status = 0x0."
"30-06-2026 13:11:31","7000","Information","Microsoft-Windows-DeviceGuard","Device Guard successfully processed the Group Policy: Virtualization Based Security  = Enabled,  Secure Boot = On, DMA Protection = On,  Virtualization Based Code Integrity = Disabled, Credential Guard = Enabled, Machine Identity Isolation = Disabled, Kernel-mode Hardware-enforced Stack Protection = Not configured, Reboot required = No, Status = 0x0."
"30-06-2026 13:11:31","7000","Information","Microsoft-Windows-DeviceGuard","Device Guard successfully processed the Group Policy: Virtualization Based Security  = Enabled,  Secure Boot = On, DMA Protection = On,  Virtualization Based Code Integrity = Disabled, Credential Guard = Enabled, Machine Identity Isolation = Disabled, Kernel-mode Hardware-enforced Stack Protection = Not configured, Reboot required = No, Status = 0x0."
"30-06-2026 13:11:02","7000","Information","Microsoft-Windows-DeviceGuard","Device Guard successfully processed the Group Policy: Virtualization Based Security  = Enabled,  Secure Boot = On, DMA Protection = On,  Virtualization Based Code Integrity = Disabled, Credential Guard = Enabled, Machine Identity Isolation = Disabled, Kernel-mode Hardware-enforced Stack Protection = Not configured, Reboot required = No, Status = 0x0."
"30-06-2026 13:11:02","7000","Information","Microsoft-Windows-DeviceGuard","Device Guard successfully processed the Group Policy: Virtualization Based Security  = Enabled,  Secure Boot = On, DMA Protection = On,  Virtualization Based Code Integrity = Disabled, Credential Guard = Enabled, Machine Identity Isolation = Disabled, Kernel-mode Hardware-enforced Stack Protection = Not configured, Reboot required = No, Status = 0x0."
"30-06-2026 10:16:02","7000","Information","Microsoft-Windows-DeviceGuard","Device Guard successfully processed the Group Policy: Virtualization Based Security  = Enabled,  Secure Boot = On, DMA Protection = On,  Virtualization Based Code Integrity = Disabled, Credential Guard = Enabled, Machine Identity Isolation = Disabled, Kernel-mode Hardware-enforced Stack Protection = Not configured, Reboot required = No, Status = 0x0."
"30-06-2026 10:16:02","7000","Information","Microsoft-Windows-DeviceGuard","Device Guard successfully processed the Group Policy: Virtualization Based Security  = Enabled,  Secure Boot = On, DMA Protection = On,  Virtualization Based Code Integrity = Disabled, Credential Guard = Enabled, Machine Identity Isolation = Disabled, Kernel-mode Hardware-enforced Stack Protection = Not configured, Reboot required = No, Status = 0x0."
"30-06-2026 09:21:45","7000","Information","Microsoft-Windows-DeviceGuard","Device Guard successfully processed the Group Policy: Virtualization Based Security  = Enabled,  Secure Boot = On, DMA Protection = On,  Virtualization Based Code Integrity = Disabled, Credential Guard = Enabled, Machine Identity Isolation = Disabled, Kernel-mode Hardware-enforced Stack Protection = Not configured, Reboot required = No, Status = 0x0."
"30-06-2026 09:21:45","7000","Information","Microsoft-Windows-DeviceGuard","Device Guard successfully processed the Group Policy: Virtualization Based Security  = Enabled,  Secure Boot = On, DMA Protection = On,  Virtualization Based Code Integrity = Disabled, Credential Guard = Enabled, Machine Identity Isolation = Disabled, Kernel-mode Hardware-enforced Stack Protection = Not configured, Reboot required = No, Status = 0x0."
"30-06-2026 09:20:49","7000","Information","Microsoft-Windows-DeviceGuard","Device Guard successfully processed the Group Policy: Virtualization Based Security  = Enabled,  Secure Boot = On, DMA Protection = On,  Virtualization Based Code Integrity = Disabled, Credential Guard = Enabled, Machine Identity Isolation = Disabled, Kernel-mode Hardware-enforced Stack Protection = Not configured, Reboot required = No, Status = 0x0."
"30-06-2026 09:20:48","7000","Information","Microsoft-Windows-DeviceGuard","Device Guard successfully processed the Group Policy: Virtualization Based Security  = Enabled,  Secure Boot = On, DMA Protection = On,  Virtualization Based Code Integrity = Disabled, Credential Guard = Enabled, Machine Identity Isolation = Disabled, Kernel-mode Hardware-enforced Stack Protection = Not configured, Reboot required = No, Status = 0x0."
"29-06-2026 21:19:24","7000","Information","Microsoft-Windows-DeviceGuard","Device Guard successfully processed the Group Policy: Virtualization Based Security  = Enabled,  Secure Boot = On, DMA Protection = On,  Virtualization Based Code Integrity = Disabled, Credential Guard = Enabled, Machine Identity Isolation = Disabled, Kernel-mode Hardware-enforced Stack Protection = Not configured, Reboot required = No, Status = 0x0."
"29-06-2026 21:19:23","7000","Information","Microsoft-Windows-DeviceGuard","Device Guard successfully processed the Group Policy: Virtualization Based Security  = Enabled,  Secure Boot = On, DMA Protection = On,  Virtualization Based Code Integrity = Disabled, Credential Guard = Enabled, Machine Identity Isolation = Disabled, Kernel-mode Hardware-enforced Stack Protection = Not configured, Reboot required = No, Status = 0x0."
"29-06-2026 18:56:03","7000","Information","Microsoft-Windows-DeviceGuard","Device Guard successfully processed the Group Policy: Virtualization Based Security  = Enabled,  Secure Boot = On, DMA Protection = On,  Virtualization Based Code Integrity = Disabled, Credential Guard = Enabled, Machine Identity Isolation = Disabled, Kernel-mode Hardware-enforced Stack Protection = Not configured, Reboot required = No, Status = 0x0."
"29-06-2026 18:56:03","7000","Information","Microsoft-Windows-DeviceGuard","Device Guard successfully processed the Group Policy: Virtualization Based Security  = Enabled,  Secure Boot = On, DMA Protection = On,  Virtualization Based Code Integrity = Disabled, Credential Guard = Enabled, Machine Identity Isolation = Disabled, Kernel-mode Hardware-enforced Stack Protection = Not configured, Reboot required = No, Status = 0x0."
"29-06-2026 15:06:01","7000","Information","Microsoft-Windows-DeviceGuard","Device Guard successfully processed the Group Policy: Virtualization Based Security  = Enabled,  Secure Boot = On, DMA Protection = On,  Virtualization Based Code Integrity = Disabled, Credential Guard = Enabled, Machine Identity Isolation = Disabled, Kernel-mode Hardware-enforced Stack Protection = Not configured, Reboot required = No, Status = 0x0."
"29-06-2026 15:06:01","7000","Information","Microsoft-Windows-DeviceGuard","Device Guard successfully processed the Group Policy: Virtualization Based Security  = Enabled,  Secure Boot = On, DMA Protection = On,  Virtualization Based Code Integrity = Disabled, Credential Guard = Enabled, Machine Identity Isolation = Disabled, Kernel-mode Hardware-enforced Stack Protection = Not configured, Reboot required = No, Status = 0x0."
"29-06-2026 13:11:01","7000","Information","Microsoft-Windows-DeviceGuard","Device Guard successfully processed the Group Policy: Virtualization Based Security  = Enabled,  Secure Boot = On, DMA Protection = On,  Virtualization Based Code Integrity = Disabled, Credential Guard = Enabled, Machine Identity Isolation = Disabled, Kernel-mode Hardware-enforced Stack Protection = Not configured, Reboot required = No, Status = 0x0."
"29-06-2026 13:11:01","7000","Information","Microsoft-Windows-DeviceGuard","Device Guard successfully processed the Group Policy: Virtualization Based Security  = Enabled,  Secure Boot = On, DMA Protection = On,  Virtualization Based Code Integrity = Disabled, Credential Guard = Enabled, Machine Identity Isolation = Disabled, Kernel-mode Hardware-enforced Stack Protection = Not configured, Reboot required = No, Status = 0x0."
"29-06-2026 11:16:01","7000","Information","Microsoft-Windows-DeviceGuard","Device Guard successfully processed the Group Policy: Virtualization Based Security  = Enabled,  Secure Boot = On, DMA Protection = On,  Virtualization Based Code Integrity = Disabled, Credential Guard = Enabled, Machine Identity Isolation = Disabled, Kernel-mode Hardware-enforced Stack Protection = Not configured, Reboot required = No, Status = 0x0."
"29-06-2026 11:16:01","7000","Information","Microsoft-Windows-DeviceGuard","Device Guard successfully processed the Group Policy: Virtualization Based Security  = Enabled,  Secure Boot = On, DMA Protection = On,  Virtualization Based Code Integrity = Disabled, Credential Guard = Enabled, Machine Identity Isolation = Disabled, Kernel-mode Hardware-enforced Stack Protection = Not configured, Reboot required = No, Status = 0x0."
"29-06-2026 10:30:01","7000","Information","Microsoft-Windows-DeviceGuard","Device Guard successfully processed the Group Policy: Virtualization Based Security  = Enabled,  Secure Boot = On, DMA Protection = On,  Virtualization Based Code Integrity = Disabled, Credential Guard = Enabled, Machine Identity Isolation = Disabled, Kernel-mode Hardware-enforced Stack Protection = Not configured, Reboot required = No, Status = 0x0."
"29-06-2026 10:30:01","7000","Information","Microsoft-Windows-DeviceGuard","Device Guard successfully processed the Group Policy: Virtualization Based Security  = Enabled,  Secure Boot = On, DMA Protection = On,  Virtualization Based Code Integrity = Disabled, Credential Guard = Enabled, Machine Identity Isolation = Disabled, Kernel-mode Hardware-enforced Stack Protection = Not configured, Reboot required = No, Status = 0x0."
"29-06-2026 10:30:01","7000","Information","Microsoft-Windows-DeviceGuard","Device Guard successfully processed the Group Policy: Virtualization Based Security  = Enabled,  Secure Boot = On, DMA Protection = On,  Virtualization Based Code Integrity = Disabled, Credential Guard = Enabled, Machine Identity Isolation = Disabled, Kernel-mode Hardware-enforced Stack Protection = Not configured, Reboot required = No, Status = 0x0."
"29-06-2026 10:29:59","7000","Information","Microsoft-Windows-DeviceGuard","Device Guard successfully processed the Group Policy: Virtualization Based Security  = Enabled,  Secure Boot = On, DMA Protection = On,  Virtualization Based Code Integrity = Disabled, Credential Guard = Enabled, Machine Identity Isolation = Disabled, Kernel-mode Hardware-enforced Stack Protection = Not configured, Reboot required = No, Status = 0x0."
"29-06-2026 10:29:58","7000","Information","Microsoft-Windows-DeviceGuard","Device Guard successfully processed the Group Policy: Virtualization Based Security  = Enabled,  Secure Boot = On, DMA Protection = On,  Virtualization Based Code Integrity = Disabled, Credential Guard = Enabled, Machine Identity Isolation = Disabled, Kernel-mode Hardware-enforced Stack Protection = Not configured, Reboot required = No, Status = 0x0."
"29-06-2026 10:29:58","7000","Information","Microsoft-Windows-DeviceGuard","Device Guard successfully processed the Group Policy: Virtualization Based Security  = Enabled,  Secure Boot = On, DMA Protection = On,  Virtualization Based Code Integrity = Disabled, Credential Guard = Enabled, Machine Identity Isolation = Disabled, Kernel-mode Hardware-enforced Stack Protection = Not configured, Reboot required = No, Status = 0x0."
"29-06-2026 10:29:27","7000","Information","Microsoft-Windows-DeviceGuard","Device Guard successfully processed the Group Policy: Virtualization Based Security  = Enabled,  Secure Boot = On, DMA Protection = On,  Virtualization Based Code Integrity = Disabled, Credential Guard = Enabled, Machine Identity Isolation = Disabled, Kernel-mode Hardware-enforced Stack Protection = Not configured, Reboot required = No, Status = 0x0."
"29-06-2026 10:29:27","7000","Information","Microsoft-Windows-DeviceGuard","Device Guard successfully processed the Group Policy: Virtualization Based Security  = Enabled,  Secure Boot = On, DMA Protection = On,  Virtualization Based Code Integrity = Disabled, Credential Guard = Enabled, Machine Identity Isolation = Disabled, Kernel-mode Hardware-enforced Stack Protection = Not configured, Reboot required = No, Status = 0x0."
"29-06-2026 10:29:27","7000","Information","Microsoft-Windows-DeviceGuard","Device Guard successfully processed the Group Policy: Virtualization Based Security  = Enabled,  Secure Boot = On, DMA Protection = On,  Virtualization Based Code Integrity = Disabled, Credential Guard = Enabled, Machine Identity Isolation = Disabled, Kernel-mode Hardware-enforced Stack Protection = Not configured, Reboot required = No, Status = 0x0."
"29-06-2026 10:29:24","7000","Information","Microsoft-Windows-DeviceGuard","Device Guard successfully processed the Group Policy: Virtualization Based Security  = Enabled,  Secure Boot = On, DMA Protection = On,  Virtualization Based Code Integrity = Disabled, Credential Guard = Enabled, Machine Identity Isolation = Disabled, Kernel-mode Hardware-enforced Stack Protection = Not configured, Reboot required = No, Status = 0x0."
"29-06-2026 10:29:24","7000","Information","Microsoft-Windows-DeviceGuard","Device Guard successfully processed the Group Policy: Virtualization Based Security  = Enabled,  Secure Boot = On, DMA Protection = On,  Virtualization Based Code Integrity = Disabled, Credential Guard = Enabled, Machine Identity Isolation = Disabled, Kernel-mode Hardware-enforced Stack Protection = Not configured, Reboot required = No, Status = 0x0."
"29-06-2026 10:29:24","7000","Information","Microsoft-Windows-DeviceGuard","Device Guard successfully processed the Group Policy: Virtualization Based Security  = Enabled,  Secure Boot = On, DMA Protection = On,  Virtualization Based Code Integrity = Disabled, Credential Guard = Enabled, Machine Identity Isolation = Disabled, Kernel-mode Hardware-enforced Stack Protection = Not configured, Reboot required = No, Status = 0x0."
"29-06-2026 10:28:52","7000","Information","Microsoft-Windows-DeviceGuard","Device Guard successfully processed the Group Policy: Virtualization Based Security  = Enabled,  Secure Boot = On, DMA Protection = On,  Virtualization Based Code Integrity = Disabled, Credential Guard = Enabled, Machine Identity Isolation = Disabled, Kernel-mode Hardware-enforced Stack Protection = Not configured, Reboot required = No, Status = 0x0."
"29-06-2026 10:28:52","7000","Information","Microsoft-Windows-DeviceGuard","Device Guard successfully processed the Group Policy: Virtualization Based Security  = Enabled,  Secure Boot = On, DMA Protection = On,  Virtualization Based Code Integrity = Disabled, Credential Guard = Enabled, Machine Identity Isolation = Disabled, Kernel-mode Hardware-enforced Stack Protection = Not configured, Reboot required = No, Status = 0x0."
"29-06-2026 10:28:52","7000","Information","Microsoft-Windows-DeviceGuard","Device Guard successfully processed the Group Policy: Virtualization Based Security  = Enabled,  Secure Boot = On, DMA Protection = On,  Virtualization Based Code Integrity = Disabled, Credential Guard = Enabled, Machine Identity Isolation = Disabled, Kernel-mode Hardware-enforced Stack Protection = Not configured, Reboot required = No, Status = 0x0."
"29-06-2026 10:28:50","7000","Information","Microsoft-Windows-DeviceGuard","Device Guard successfully processed the Group Policy: Virtualization Based Security  = Enabled,  Secure Boot = On, DMA Protection = On,  Virtualization Based Code Integrity = Disabled, Credential Guard = Enabled, Machine Identity Isolation = Disabled, Kernel-mode Hardware-enforced Stack Protection = Not configured, Reboot required = No, Status = 0x0."
"29-06-2026 10:28:49","7000","Information","Microsoft-Windows-DeviceGuard","Device Guard successfully processed the Group Policy: Virtualization Based Security  = Enabled,  Secure Boot = On, DMA Protection = On,  Virtualization Based Code Integrity = Disabled, Credential Guard = Enabled, Machine Identity Isolation = Disabled, Kernel-mode Hardware-enforced Stack Protection = Not configured, Reboot required = No, Status = 0x0."
"29-06-2026 10:28:49","7000","Information","Microsoft-Windows-DeviceGuard","Device Guard successfully processed the Group Policy: Virtualization Based Security  = Enabled,  Secure Boot = On, DMA Protection = On,  Virtualization Based Code Integrity = Disabled, Credential Guard = Enabled, Machine Identity Isolation = Disabled, Kernel-mode Hardware-enforced Stack Protection = Not configured, Reboot required = No, Status = 0x0."
"29-06-2026 10:28:25","7000","Information","Microsoft-Windows-DeviceGuard","Device Guard successfully processed the Group Policy: Virtualization Based Security  = Enabled,  Secure Boot = On, DMA Protection = On,  Virtualization Based Code Integrity = Disabled, Credential Guard = Enabled, Machine Identity Isolation = Disabled, Kernel-mode Hardware-enforced Stack Protection = Not configured, Reboot required = No, Status = 0x0."
"29-06-2026 10:28:25","7000","Information","Microsoft-Windows-DeviceGuard","Device Guard successfully processed the Group Policy: Virtualization Based Security  = Enabled,  Secure Boot = On, DMA Protection = On,  Virtualization Based Code Integrity = Disabled, Credential Guard = Enabled, Machine Identity Isolation = Disabled, Kernel-mode Hardware-enforced Stack Protection = Not configured, Reboot required = No, Status = 0x0."
"29-06-2026 10:28:25","7000","Information","Microsoft-Windows-DeviceGuard","Device Guard successfully processed the Group Policy: Virtualization Based Security  = Enabled,  Secure Boot = On, DMA Protection = On,  Virtualization Based Code Integrity = Disabled, Credential Guard = Enabled, Machine Identity Isolation = Disabled, Kernel-mode Hardware-enforced Stack Protection = Not configured, Reboot required = No, Status = 0x0."
"29-06-2026 10:28:22","7000","Information","Microsoft-Windows-DeviceGuard","Device Guard successfully processed the Group Policy: Virtualization Based Security  = Enabled,  Secure Boot = On, DMA Protection = On,  Virtualization Based Code Integrity = Disabled, Credential Guard = Enabled, Machine Identity Isolation = Disabled, Kernel-mode Hardware-enforced Stack Protection = Not configured, Reboot required = No, Status = 0x0."
"29-06-2026 10:28:22","7000","Information","Microsoft-Windows-DeviceGuard","Device Guard successfully processed the Group Policy: Virtualization Based Security  = Enabled,  Secure Boot = On, DMA Protection = On,  Virtualization Based Code Integrity = Disabled, Credential Guard = Enabled, Machine Identity Isolation = Disabled, Kernel-mode Hardware-enforced Stack Protection = Not configured, Reboot required = No, Status = 0x0."
"29-06-2026 10:28:22","7000","Information","Microsoft-Windows-DeviceGuard","Device Guard successfully processed the Group Policy: Virtualization Based Security  = Enabled,  Secure Boot = On, DMA Protection = On,  Virtualization Based Code Integrity = Disabled, Credential Guard = Enabled, Machine Identity Isolation = Disabled, Kernel-mode Hardware-enforced Stack Protection = Not configured, Reboot required = No, Status = 0x0."
"29-06-2026 10:27:56","7000","Information","Microsoft-Windows-DeviceGuard","Device Guard successfully processed the Group Policy: Virtualization Based Security  = Enabled,  Secure Boot = On, DMA Protection = On,  Virtualization Based Code Integrity = Disabled, Credential Guard = Enabled, Machine Identity Isolation = Disabled, Kernel-mode Hardware-enforced Stack Protection = Not configured, Reboot required = No, Status = 0x0."
"29-06-2026 10:27:56","7000","Information","Microsoft-Windows-DeviceGuard","Device Guard successfully processed the Group Policy: Virtualization Based Security  = Enabled,  Secure Boot = On, DMA Protection = On,  Virtualization Based Code Integrity = Disabled, Credential Guard = Enabled, Machine Identity Isolation = Disabled, Kernel-mode Hardware-enforced Stack Protection = Not configured, Reboot required = No, Status = 0x0."
"29-06-2026 10:27:56","7000","Information","Microsoft-Windows-DeviceGuard","Device Guard successfully processed the Group Policy: Virtualization Based Security  = Enabled,  Secure Boot = On, DMA Protection = On,  Virtualization Based Code Integrity = Disabled, Credential Guard = Enabled, Machine Identity Isolation = Disabled, Kernel-mode Hardware-enforced Stack Protection = Not configured, Reboot required = No, Status = 0x0."
"29-06-2026 10:27:53","7000","Information","Microsoft-Windows-DeviceGuard","Device Guard successfully processed the Group Policy: Virtualization Based Security  = Enabled,  Secure Boot = On, DMA Protection = On,  Virtualization Based Code Integrity = Disabled, Credential Guard = Enabled, Machine Identity Isolation = Disabled, Kernel-mode Hardware-enforced Stack Protection = Not configured, Reboot required = No, Status = 0x0."
"29-06-2026 10:27:53","7000","Information","Microsoft-Windows-DeviceGuard","Device Guard successfully processed the Group Policy: Virtualization Based Security  = Enabled,  Secure Boot = On, DMA Protection = On,  Virtualization Based Code Integrity = Disabled, Credential Guard = Enabled, Machine Identity Isolation = Disabled, Kernel-mode Hardware-enforced Stack Protection = Not configured, Reboot required = No, Status = 0x0."
"29-06-2026 10:27:53","7000","Information","Microsoft-Windows-DeviceGuard","Device Guard successfully processed the Group Policy: Virtualization Based Security  = Enabled,  Secure Boot = On, DMA Protection = On,  Virtualization Based Code Integrity = Disabled, Credential Guard = Enabled, Machine Identity Isolation = Disabled, Kernel-mode Hardware-enforced Stack Protection = Not configured, Reboot required = No, Status = 0x0."
"29-06-2026 10:26:58","7000","Information","Microsoft-Windows-DeviceGuard","Device Guard successfully processed the Group Policy: Virtualization Based Security  = Enabled,  Secure Boot = On, DMA Protection = On,  Virtualization Based Code Integrity = Disabled, Credential Guard = Enabled, Machine Identity Isolation = Disabled, Kernel-mode Hardware-enforced Stack Protection = Not configured, Reboot required = No, Status = 0x0."
"29-06-2026 10:26:58","7000","Information","Microsoft-Windows-DeviceGuard","Device Guard successfully processed the Group Policy: Virtualization Based Security  = Enabled,  Secure Boot = On, DMA Protection = On,  Virtualization Based Code Integrity = Disabled, Credential Guard = Enabled, Machine Identity Isolation = Disabled, Kernel-mode Hardware-enforced Stack Protection = Not configured, Reboot required = No, Status = 0x0."
"29-06-2026 10:26:58","7000","Information","Microsoft-Windows-DeviceGuard","Device Guard successfully processed the Group Policy: Virtualization Based Security  = Enabled,  Secure Boot = On, DMA Protection = On,  Virtualization Based Code Integrity = Disabled, Credential Guard = Enabled, Machine Identity Isolation = Disabled, Kernel-mode Hardware-enforced Stack Protection = Not configured, Reboot required = No, Status = 0x0."
"29-06-2026 10:26:14","7000","Information","Microsoft-Windows-DeviceGuard","Device Guard successfully processed the Group Policy: Virtualization Based Security  = Enabled,  Secure Boot = On, DMA Protection = On,  Virtualization Based Code Integrity = Disabled, Credential Guard = Enabled, Machine Identity Isolation = Disabled, Kernel-mode Hardware-enforced Stack Protection = Not configured, Reboot required = No, Status = 0x0."
"29-06-2026 10:26:11","7000","Information","Microsoft-Windows-DeviceGuard","Device Guard successfully processed the Group Policy: Virtualization Based Security  = Enabled,  Secure Boot = On, DMA Protection = On,  Virtualization Based Code Integrity = Disabled, Credential Guard = Enabled, Machine Identity Isolation = Disabled, Kernel-mode Hardware-enforced Stack Protection = Not configured, Reboot required = No, Status = 0x0."
"29-06-2026 10:26:10","7000","Information","Microsoft-Windows-DeviceGuard","Device Guard successfully processed the Group Policy: Virtualization Based Security  = Enabled,  Secure Boot = On, DMA Protection = On,  Virtualization Based Code Integrity = Disabled, Credential Guard = Enabled, Machine Identity Isolation = Disabled, Kernel-mode Hardware-enforced Stack Protection = Not configured, Reboot required = No, Status = 0x0."
"29-06-2026 10:24:54","7000","Information","Microsoft-Windows-DeviceGuard","Device Guard successfully processed the Group Policy: Virtualization Based Security  = Enabled,  Secure Boot = On, DMA Protection = On,  Virtualization Based Code Integrity = Disabled, Credential Guard = Enabled, Machine Identity Isolation = Disabled, Kernel-mode Hardware-enforced Stack Protection = Not configured, Reboot required = No, Status = 0x0."
"29-06-2026 10:24:54","7000","Information","Microsoft-Windows-DeviceGuard","Device Guard successfully processed the Group Policy: Virtualization Based Security  = Enabled,  Secure Boot = On, DMA Protection = On,  Virtualization Based Code Integrity = Disabled, Credential Guard = Enabled, Machine Identity Isolation = Disabled, Kernel-mode Hardware-enforced Stack Protection = Not configured, Reboot required = No, Status = 0x0."
"29-06-2026 09:08:58","7000","Information","Microsoft-Windows-DeviceGuard","Device Guard successfully processed the Group Policy: Virtualization Based Security  = Enabled,  Secure Boot = On, DMA Protection = On,  Virtualization Based Code Integrity = Disabled, Credential Guard = Enabled, Machine Identity Isolation = Disabled, Kernel-mode Hardware-enforced Stack Protection = Not configured, Reboot required = No, Status = 0x0."
"29-06-2026 09:08:57","7000","Information","Microsoft-Windows-DeviceGuard","Device Guard successfully processed the Group Policy: Virtualization Based Security  = Enabled,  Secure Boot = On, DMA Protection = On,  Virtualization Based Code Integrity = Disabled, Credential Guard = Enabled, Machine Identity Isolation = Disabled, Kernel-mode Hardware-enforced Stack Protection = Not configured, Reboot required = No, Status = 0x0."
"29-06-2026 09:08:57","7000","Information","Microsoft-Windows-DeviceGuard","Device Guard successfully processed the Group Policy: Virtualization Based Security  = Enabled,  Secure Boot = On, DMA Protection = On,  Virtualization Based Code Integrity = Disabled, Credential Guard = Enabled, Machine Identity Isolation = Disabled, Kernel-mode Hardware-enforced Stack Protection = Not configured, Reboot required = No, Status = 0x0."
"29-06-2026 09:08:54","7000","Information","Microsoft-Windows-DeviceGuard","Device Guard successfully processed the Group Policy: Virtualization Based Security  = Enabled,  Secure Boot = On, DMA Protection = On,  Virtualization Based Code Integrity = Disabled, Credential Guard = Enabled, Machine Identity Isolation = Disabled, Kernel-mode Hardware-enforced Stack Protection = Not configured, Reboot required = No, Status = 0x0."
"29-06-2026 09:08:54","7000","Information","Microsoft-Windows-DeviceGuard","Device Guard successfully processed the Group Policy: Virtualization Based Security  = Enabled,  Secure Boot = On, DMA Protection = On,  Virtualization Based Code Integrity = Disabled, Credential Guard = Enabled, Machine Identity Isolation = Disabled, Kernel-mode Hardware-enforced Stack Protection = Not configured, Reboot required = No, Status = 0x0."
"29-06-2026 09:08:54","7000","Information","Microsoft-Windows-DeviceGuard","Device Guard successfully processed the Group Policy: Virtualization Based Security  = Enabled,  Secure Boot = On, DMA Protection = On,  Virtualization Based Code Integrity = Disabled, Credential Guard = Enabled, Machine Identity Isolation = Disabled, Kernel-mode Hardware-enforced Stack Protection = Not configured, Reboot required = No, Status = 0x0."
"29-06-2026 09:08:29","7000","Information","Microsoft-Windows-DeviceGuard","Device Guard successfully processed the Group Policy: Virtualization Based Security  = Enabled,  Secure Boot = On, DMA Protection = On,  Virtualization Based Code Integrity = Disabled, Credential Guard = Enabled, Machine Identity Isolation = Disabled, Kernel-mode Hardware-enforced Stack Protection = Not configured, Reboot required = No, Status = 0x0."
"29-06-2026 09:08:29","7000","Information","Microsoft-Windows-DeviceGuard","Device Guard successfully processed the Group Policy: Virtualization Based Security  = Enabled,  Secure Boot = On, DMA Protection = On,  Virtualization Based Code Integrity = Disabled, Credential Guard = Enabled, Machine Identity Isolation = Disabled, Kernel-mode Hardware-enforced Stack Protection = Not configured, Reboot required = No, Status = 0x0."
"29-06-2026 09:08:29","7000","Information","Microsoft-Windows-DeviceGuard","Device Guard successfully processed the Group Policy: Virtualization Based Security  = Enabled,  Secure Boot = On, DMA Protection = On,  Virtualization Based Code Integrity = Disabled, Credential Guard = Enabled, Machine Identity Isolation = Disabled, Kernel-mode Hardware-enforced Stack Protection = Not configured, Reboot required = No, Status = 0x0."
"29-06-2026 09:08:25","7000","Information","Microsoft-Windows-DeviceGuard","Device Guard successfully processed the Group Policy: Virtualization Based Security  = Enabled,  Secure Boot = On, DMA Protection = On,  Virtualization Based Code Integrity = Disabled, Credential Guard = Enabled, Machine Identity Isolation = Disabled, Kernel-mode Hardware-enforced Stack Protection = Not configured, Reboot required = No, Status = 0x0."
"29-06-2026 09:08:25","7000","Information","Microsoft-Windows-DeviceGuard","Device Guard successfully processed the Group Policy: Virtualization Based Security  = Enabled,  Secure Boot = On, DMA Protection = On,  Virtualization Based Code Integrity = Disabled, Credential Guard = Enabled, Machine Identity Isolation = Disabled, Kernel-mode Hardware-enforced Stack Protection = Not configured, Reboot required = No, Status = 0x0."
"29-06-2026 09:08:25","7000","Information","Microsoft-Windows-DeviceGuard","Device Guard successfully processed the Group Policy: Virtualization Based Security  = Enabled,  Secure Boot = On, DMA Protection = On,  Virtualization Based Code Integrity = Disabled, Credential Guard = Enabled, Machine Identity Isolation = Disabled, Kernel-mode Hardware-enforced Stack Protection = Not configured, Reboot required = No, Status = 0x0."
"29-06-2026 09:07:56","7000","Information","Microsoft-Windows-DeviceGuard","Device Guard successfully processed the Group Policy: Virtualization Based Security  = Enabled,  Secure Boot = On, DMA Protection = On,  Virtualization Based Code Integrity = Disabled, Credential Guard = Enabled, Machine Identity Isolation = Disabled, Kernel-mode Hardware-enforced Stack Protection = Not configured, Reboot required = No, Status = 0x0."
"29-06-2026 09:07:56","7000","Information","Microsoft-Windows-DeviceGuard","Device Guard successfully processed the Group Policy: Virtualization Based Security  = Enabled,  Secure Boot = On, DMA Protection = On,  Virtualization Based Code Integrity = Disabled, Credential Guard = Enabled, Machine Identity Isolation = Disabled, Kernel-mode Hardware-enforced Stack Protection = Not configured, Reboot required = No, Status = 0x0."
"29-06-2026 09:07:56","7000","Information","Microsoft-Windows-DeviceGuard","Device Guard successfully processed the Group Policy: Virtualization Based Security  = Enabled,  Secure Boot = On, DMA Protection = On,  Virtualization Based Code Integrity = Disabled, Credential Guard = Enabled, Machine Identity Isolation = Disabled, Kernel-mode Hardware-enforced Stack Protection = Not configured, Reboot required = No, Status = 0x0."
"29-06-2026 09:07:50","7000","Information","Microsoft-Windows-DeviceGuard","Device Guard successfully processed the Group Policy: Virtualization Based Security  = Enabled,  Secure Boot = On, DMA Protection = On,  Virtualization Based Code Integrity = Disabled, Credential Guard = Enabled, Machine Identity Isolation = Disabled, Kernel-mode Hardware-enforced Stack Protection = Not configured, Reboot required = No, Status = 0x0."
"29-06-2026 09:07:50","7000","Information","Microsoft-Windows-DeviceGuard","Device Guard successfully processed the Group Policy: Virtualization Based Security  = Enabled,  Secure Boot = On, DMA Protection = On,  Virtualization Based Code Integrity = Disabled, Credential Guard = Enabled, Machine Identity Isolation = Disabled, Kernel-mode Hardware-enforced Stack Protection = Not configured, Reboot required = No, Status = 0x0."
"29-06-2026 09:07:50","7000","Information","Microsoft-Windows-DeviceGuard","Device Guard successfully processed the Group Policy: Virtualization Based Security  = Enabled,  Secure Boot = On, DMA Protection = On,  Virtualization Based Code Integrity = Disabled, Credential Guard = Enabled, Machine Identity Isolation = Disabled, Kernel-mode Hardware-enforced Stack Protection = Not configured, Reboot required = No, Status = 0x0."
"29-06-2026 09:07:24","7000","Information","Microsoft-Windows-DeviceGuard","Device Guard successfully processed the Group Policy: Virtualization Based Security  = Enabled,  Secure Boot = On, DMA Protection = On,  Virtualization Based Code Integrity = Disabled, Credential Guard = Enabled, Machine Identity Isolation = Disabled, Kernel-mode Hardware-enforced Stack Protection = Not configured, Reboot required = No, Status = 0x0."
"29-06-2026 09:07:24","7000","Information","Microsoft-Windows-DeviceGuard","Device Guard successfully processed the Group Policy: Virtualization Based Security  = Enabled,  Secure Boot = On, DMA Protection = On,  Virtualization Based Code Integrity = Disabled, Credential Guard = Enabled, Machine Identity Isolation = Disabled, Kernel-mode Hardware-enforced Stack Protection = Not configured, Reboot required = No, Status = 0x0."
"29-06-2026 09:07:24","7000","Information","Microsoft-Windows-DeviceGuard","Device Guard successfully processed the Group Policy: Virtualization Based Security  = Enabled,  Secure Boot = On, DMA Protection = On,  Virtualization Based Code Integrity = Disabled, Credential Guard = Enabled, Machine Identity Isolation = Disabled, Kernel-mode Hardware-enforced Stack Protection = Not configured, Reboot required = No, Status = 0x0."
"29-06-2026 09:07:21","7000","Information","Microsoft-Windows-DeviceGuard","Device Guard successfully processed the Group Policy: Virtualization Based Security  = Enabled,  Secure Boot = On, DMA Protection = On,  Virtualization Based Code Integrity = Disabled, Credential Guard = Enabled, Machine Identity Isolation = Disabled, Kernel-mode Hardware-enforced Stack Protection = Not configured, Reboot required = No, Status = 0x0."
"29-06-2026 09:07:21","7000","Information","Microsoft-Windows-DeviceGuard","Device Guard successfully processed the Group Policy: Virtualization Based Security  = Enabled,  Secure Boot = On, DMA Protection = On,  Virtualization Based Code Integrity = Disabled, Credential Guard = Enabled, Machine Identity Isolation = Disabled, Kernel-mode Hardware-enforced Stack Protection = Not configured, Reboot required = No, Status = 0x0."
"29-06-2026 09:07:20","7000","Information","Microsoft-Windows-DeviceGuard","Device Guard successfully processed the Group Policy: Virtualization Based Security  = Enabled,  Secure Boot = On, DMA Protection = On,  Virtualization Based Code Integrity = Disabled, Credential Guard = Enabled, Machine Identity Isolation = Disabled, Kernel-mode Hardware-enforced Stack Protection = Not configured, Reboot required = No, Status = 0x0."
"29-06-2026 09:06:52","7000","Information","Microsoft-Windows-DeviceGuard","Device Guard successfully processed the Group Policy: Virtualization Based Security  = Enabled,  Secure Boot = On, DMA Protection = On,  Virtualization Based Code Integrity = Disabled, Credential Guard = Enabled, Machine Identity Isolation = Disabled, Kernel-mode Hardware-enforced Stack Protection = Not configured, Reboot required = No, Status = 0x0."
"29-06-2026 09:06:52","7000","Information","Microsoft-Windows-DeviceGuard","Device Guard successfully processed the Group Policy: Virtualization Based Security  = Enabled,  Secure Boot = On, DMA Protection = On,  Virtualization Based Code Integrity = Disabled, Credential Guard = Enabled, Machine Identity Isolation = Disabled, Kernel-mode Hardware-enforced Stack Protection = Not configured, Reboot required = No, Status = 0x0."
"29-06-2026 09:06:52","7000","Information","Microsoft-Windows-DeviceGuard","Device Guard successfully processed the Group Policy: Virtualization Based Security  = Enabled,  Secure Boot = On, DMA Protection = On,  Virtualization Based Code Integrity = Disabled, Credential Guard = Enabled, Machine Identity Isolation = Disabled, Kernel-mode Hardware-enforced Stack Protection = Not configured, Reboot required = No, Status = 0x0."
"29-06-2026 09:06:43","7000","Information","Microsoft-Windows-DeviceGuard","Device Guard successfully processed the Group Policy: Virtualization Based Security  = Enabled,  Secure Boot = On, DMA Protection = On,  Virtualization Based Code Integrity = Disabled, Credential Guard = Enabled, Machine Identity Isolation = Disabled, Kernel-mode Hardware-enforced Stack Protection = Not configured, Reboot required = No, Status = 0x0."
"29-06-2026 09:06:43","7000","Information","Microsoft-Windows-DeviceGuard","Device Guard successfully processed the Group Policy: Virtualization Based Security  = Enabled,  Secure Boot = On, DMA Protection = On,  Virtualization Based Code Integrity = Disabled, Credential Guard = Enabled, Machine Identity Isolation = Disabled, Kernel-mode Hardware-enforced Stack Protection = Not configured, Reboot required = No, Status = 0x0."
"29-06-2026 09:06:43","7000","Information","Microsoft-Windows-DeviceGuard","Device Guard successfully processed the Group Policy: Virtualization Based Security  = Enabled,  Secure Boot = On, DMA Protection = On,  Virtualization Based Code Integrity = Disabled, Credential Guard = Enabled, Machine Identity Isolation = Disabled, Kernel-mode Hardware-enforced Stack Protection = Not configured, Reboot required = No, Status = 0x0."
