"TimeCreated","Id","LevelDisplayName","ProviderName","Message"
"18-08-2026 10:46:01","420","Information","Microsoft-Windows-Kernel-PnP","Device ROOT\DELLUTILS\0000 was deleted.

Class GUID: {e0def58b-33e8-4ff0-a75d-f20e1f68e5d7}"
"18-08-2026 10:45:51","410","Information","Microsoft-Windows-Kernel-PnP","Device ROOT\DELLUTILS\0000 was started.

Driver Name: oem571.inf
Class GUID: {e0def58b-33e8-4ff0-a75d-f20e1f68e5d7}
Service: DBUtilDrv2
Lower Filters: 
Upper Filters: "
"18-08-2026 10:45:51","400","Information","Microsoft-Windows-Kernel-PnP","Device ROOT\DELLUTILS\0000 was configured.

Driver Name: oem571.inf
Driver Package ID: dbutildrv2.inf_amd64_a0b1fbed976d2b5b
Class GUID: {e0def58b-33e8-4ff0-a75d-f20e1f68e5d7}
Driver Date: 10/28/2025
Driver Version: 2.7.4.0
Driver Provider: Dell Technologies
Driver Section: DBUtilDrv2_Device.NT
Driver Rank: 0xFF0000
Matching Device ID: ROOT\DBUtilDrv2
Outranked Drivers: 
Device Updated: true
Parent Device: HTREE\ROOT\0"
"18-08-2026 10:45:25","410","Information","Microsoft-Windows-Kernel-PnP","Device PCI\VEN_8086&DEV_7D1D&SUBSYS_0CE81028&REV_05\3&11583659&0&58 was started.

Driver Name: oem570.inf
Class GUID: {f01a9d53-3ff6-48d2-9f97-c8a7004be10c}
Service: npu
Lower Filters: 
Upper Filters: "
"18-08-2026 10:45:24","400","Information","Microsoft-Windows-Kernel-PnP","Device PCI\VEN_8086&DEV_7D1D&SUBSYS_0CE81028&REV_05\3&11583659&0&58 was configured.

Driver Name: oem542.inf
Driver Package ID: npu_extension.inf_amd64_b03f832265ebd3fa
Class GUID: {e2f84ce7-8efa-411c-aa69-97454ca4cb57}
Driver Date: 04/28/2026
Driver Version: 32.0.100.4778
Driver Provider: Intel Corporation
Driver Section: NPU_7D1D_w11_Extension_Install
Driver Rank: 0xFF0001
Matching Device ID: PCI\VEN_8086&DEV_7D1D&SUBSYS_0CE81028
Outranked Drivers: 
Device Updated: true
Parent Device: ACPI\PNP0A08\0"
"18-08-2026 10:45:24","400","Information","Microsoft-Windows-Kernel-PnP","Device PCI\VEN_8086&DEV_7D1D&SUBSYS_0CE81028&REV_05\3&11583659&0&58 was configured.

Driver Name: oem439.inf
Driver Package ID: npu_extension.inf_amd64_94e59c10d33bc0d0
Class GUID: {e2f84ce7-8efa-411c-aa69-97454ca4cb57}
Driver Date: 02/06/2025
Driver Version: 32.0.100.3717
Driver Provider: Intel Corporation
Driver Section: NPU_7D1D_w11_Extension_Install
Driver Rank: 0xFF0001
Matching Device ID: PCI\VEN_8086&DEV_7D1D&SUBSYS_0CE81028
Outranked Drivers: 
Device Updated: true
Parent Device: ACPI\PNP0A08\0"
"18-08-2026 10:45:24","400","Information","Microsoft-Windows-Kernel-PnP","Device PCI\VEN_8086&DEV_7D1D&SUBSYS_0CE81028&REV_05\3&11583659&0&58 was configured.

Driver Name: oem570.inf
Driver Package ID: npu.inf_amd64_0754c063a02f24ab
Class GUID: {f01a9d53-3ff6-48d2-9f97-c8a7004be10c}
Driver Date: 04/28/2026
Driver Version: 32.0.100.4778
Driver Provider: Intel Corporation
Driver Section: NPU2_7_w11_26100_DS
Driver Rank: 0xFE2001
Matching Device ID: PCI\VEN_8086&DEV_7D1D
Outranked Drivers: oem55.inf:PCI\VEN_8086&DEV_7D1D:00FF2001 oem108.inf:PCI\VEN_8086&DEV_7D1D:00FF2001 oem156.inf:PCI\VEN_8086&DEV_7D1D:00FF2001 oem392.inf:PCI\VEN_8086&DEV_7D1D:00FF2001 oem483.inf:PCI\VEN_8086&DEV_7D1D:00FF2001 oem530.inf:PCI\VEN_8086&DEV_7D1D:00FE2001
Device Updated: true
Parent Device: ACPI\PNP0A08\0"
"18-08-2026 10:44:23","410","Information","Microsoft-Windows-Kernel-PnP","Device PCI\VEN_8086&DEV_57A0&SUBSYS_0CE81028&REV_00\3&11583659&0&FE was started.

Driver Name: oem568.inf
Class GUID: {4d36e972-e325-11ce-bfc1-08002be10318}
Service: e1dnexpress
Lower Filters: 
Upper Filters: "
"18-08-2026 10:44:19","400","Information","Microsoft-Windows-Kernel-PnP","Device PCI\VEN_8086&DEV_57A0&SUBSYS_0CE81028&REV_00\3&11583659&0&FE was configured.

Driver Name: oem131.inf
Driver Package ID: e1d_ext.inf_amd64_53bd5c3c8be4cc0b
Class GUID: {e2f84ce7-8efa-411c-aa69-97454ca4cb57}
Driver Date: 01/29/2026
Driver Version: 1.0.0.5
Driver Provider: OEM
Driver Section: HWIDInstall.10.0
Driver Rank: 0xFF2001
Matching Device ID: PCI\VEN_8086&DEV_57A0
Outranked Drivers: 
Device Updated: true
Parent Device: ACPI\PNP0A08\0"
"18-08-2026 10:44:19","400","Information","Microsoft-Windows-Kernel-PnP","Device PCI\VEN_8086&DEV_57A0&SUBSYS_0CE81028&REV_00\3&11583659&0&FE was configured.

Driver Name: oem568.inf
Driver Package ID: e1dn.inf_amd64_c2862558bc95981c
Class GUID: {4d36e972-e325-11ce-bfc1-08002be10318}
Driver Date: 02/05/2026
Driver Version: 20.0.3.28
Driver Provider: Intel
Driver Section: I219.10.0...22000
Driver Rank: 0xFF2001
Matching Device ID: PCI\VEN_8086&DEV_57A0
Outranked Drivers: oem17.inf:PCI\VEN_8086&DEV_57A0:00FF2001 oem42.inf:PCI\VEN_8086&DEV_57A0:00FF2001 oem255.inf:PCI\VEN_8086&DEV_57A0:00FF2001 oem331.inf:PCI\VEN_8086&DEV_57A0:00FF2001 oem395.inf:PCI\VEN_8086&DEV_57A0:00FF2001 oem450.inf:PCI\VEN_8086&DEV_57A0:00FF2001 oem480.inf:PCI\VEN_8086&DEV_57A0:00FF2001 oem481.inf:PCI\VEN_8086&DEV_57A0:00FF2001
Device Updated: true
Parent Device: ACPI\PNP0A08\0"
"18-08-2026 10:43:58","410","Information","Microsoft-Windows-Kernel-PnP","Device SWD\DRIVERENUM\OEM_WMI_component&4&22da4739&0 was started.

Driver Name: oem567.inf
Class GUID: {5c4c3332-344d-483c-8739-259e934c9cc8}
Service: 
Lower Filters: 
Upper Filters: "
"18-08-2026 10:43:58","400","Information","Microsoft-Windows-Kernel-PnP","Device SWD\DRIVERENUM\OEM_WMI_component&4&22da4739&0 was configured.

Driver Name: oem567.inf
Driver Package ID: mewmiprov.inf_amd64_92a56761ef7ba712
Class GUID: {5c4c3332-344d-483c-8739-259e934c9cc8}
Driver Date: 11/13/2025
Driver Version: 2546.9.2.0
Driver Provider: Intel
Driver Section: MEWMIProvInstallSection
Driver Rank: 0xFF0000
Matching Device ID: SWC\06657A6D-FE0F-4C90-8DDA-A1501C74CE4B
Outranked Drivers: oem13.inf:SWC\06657A6D-FE0F-4C90-8DDA-A1501C74CE4B:00FF0000 oem309.inf:SWC\06657A6D-FE0F-4C90-8DDA-A1501C74CE4B:00FF0000 oem436.inf:SWC\06657A6D-FE0F-4C90-8DDA-A1501C74CE4B:00FF0000 oem471.inf:SWC\06657A6D-FE0F-4C90-8DDA-A1501C74CE4B:00FF0000 c_swcomponent.inf:SWC\Generic:00FF3000 c_swdevice.inf:SWD\GenericRaw:00FF3001
Device Updated: true
Parent Device: PCI\VEN_8086&DEV_7770&SUBSYS_0CE81028&REV_00\3&11583659&0&B0"
"18-08-2026 10:43:51","410","Information","Microsoft-Windows-Kernel-PnP","Device SWD\DRIVERENUM\{babe2782-eb1b-46a7-871a-f043d3200542}#WiMan_Component&4&22da4739&0 was started.

Driver Name: oem566.inf
Class GUID: {5c4c3332-344d-483c-8739-259e934c9cc8}
Service: WiManHio
Lower Filters: 
Upper Filters: "
"18-08-2026 10:43:51","400","Information","Microsoft-Windows-Kernel-PnP","Device SWD\DRIVERENUM\{babe2782-eb1b-46a7-871a-f043d3200542}#WiMan_Component&4&22da4739&0 was configured.

Driver Name: oem566.inf
Driver Package ID: wiman.inf_amd64_1bb2c76cfbc82913
Class GUID: {5c4c3332-344d-483c-8739-259e934c9cc8}
Driver Date: 02/11/2026
Driver Version: 267.102.85.0
Driver Provider: Intel
Driver Section: WiMan_HECI_IO_MTL_M_Device.NT
Driver Rank: 0xFF0000
Matching Device ID: SWC\E4B9BAF3-7014-4E93-BE10-2922B68D1F40
Outranked Drivers: oem219.inf:SWC\E4B9BAF3-7014-4E93-BE10-2922B68D1F40:00FF0000 oem283.inf:SWC\E4B9BAF3-7014-4E93-BE10-2922B68D1F40:00FF0000 oem433.inf:SWC\E4B9BAF3-7014-4E93-BE10-2922B68D1F40:00FF0000 oem449.inf:SWC\E4B9BAF3-7014-4E93-BE10-2922B68D1F40:00FF0000 c_swcomponent.inf:SWC\Generic:00FF3000 c_swdevice.inf:SWD\GenericRaw:00FF3001
Device Updated: true
Parent Device: PCI\VEN_8086&DEV_7770&SUBSYS_0CE81028&REV_00\3&11583659&0&B0"
"18-08-2026 10:43:03","410","Information","Microsoft-Windows-Kernel-PnP","Device PCI\VEN_8086&DEV_7770&SUBSYS_0CE81028&REV_00\3&11583659&0&B0 was started.

Driver Name: oem561.inf
Class GUID: {4d36e97d-e325-11ce-bfc1-08002be10318}
Service: MEIx64
Lower Filters: 
Upper Filters: "
"18-08-2026 10:43:03","410","Information","Microsoft-Windows-Kernel-PnP","Device PCI\VEN_8086&DEV_7D0D&SUBSYS_0CE81028&REV_01\3&11583659&0&50 was started.

Driver Name: oem559.inf
Class GUID: {4d36e97d-e325-11ce-bfc1-08002be10318}
Service: IntcPMT
Lower Filters: 
Upper Filters: "
"18-08-2026 10:43:03","400","Information","Microsoft-Windows-Kernel-PnP","Device PCI\VEN_8086&DEV_7770&SUBSYS_0CE81028&REV_00\3&11583659&0&B0 was configured.

Driver Name: oem535.inf
Driver Package ID: wiman_wlan_extension.inf_amd64_0725f77e4ab8e3be
Class GUID: {e2f84ce7-8efa-411c-aa69-97454ca4cb57}
Driver Date: 02/11/2026
Driver Version: 267.102.85.0
Driver Provider: Intel
Driver Section: WiManWlanExtInstallSection_HECI_IO_MTL_M.NT
Driver Rank: 0xFF2001
Matching Device ID: PCI\VEN_8086&DEV_7770
Outranked Drivers: 
Device Updated: true
Parent Device: ACPI\PNP0A08\0"
"18-08-2026 10:43:03","400","Information","Microsoft-Windows-Kernel-PnP","Device PCI\VEN_8086&DEV_7770&SUBSYS_0CE81028&REV_00\3&11583659&0&B0 was configured.

Driver Name: oem561.inf
Driver Package ID: heci.inf_amd64_2cf34ae32801c8e6
Class GUID: {4d36e97d-e325-11ce-bfc1-08002be10318}
Driver Date: 01/13/2026
Driver Version: 2603.9.4.0
Driver Provider: Intel
Driver Section: TEE_DDI_x64
Driver Rank: 0xFF2001
Matching Device ID: PCI\VEN_8086&DEV_7770
Outranked Drivers: oem65.inf:PCI\VEN_8086&DEV_7770:00FF2001 oem107.inf:PCI\VEN_8086&DEV_7770:00FF2001 oem162.inf:PCI\VEN_8086&DEV_7770:00FF2001 oem227.inf:PCI\VEN_8086&DEV_7770:00FF2001 oem319.inf:PCI\VEN_8086&DEV_7770:00FF2001
Device Updated: true
Parent Device: ACPI\PNP0A08\0"
"18-08-2026 10:42:35","400","Information","Microsoft-Windows-Kernel-PnP","Device PCI\VEN_8086&DEV_7D0D&SUBSYS_0CE81028&REV_01\3&11583659&0&50 was configured.

Driver Name: oem538.inf
Driver Package ID: pmtprovider_ext.inf_amd64_b2d2696e722bfc78
Class GUID: {e2f84ce7-8efa-411c-aa69-97454ca4cb57}
Driver Date: 03/12/2026
Driver Version: 3.4.1007.0
Driver Provider: Intel
Driver Section: IpfEfPmtProviderInstall.NTamd64
Driver Rank: 0xFF2001
Matching Device ID: PCI\VEN_8086&DEV_7D0D
Outranked Drivers: 
Device Updated: true
Parent Device: ACPI\PNP0A08\0"
"18-08-2026 10:42:35","400","Information","Microsoft-Windows-Kernel-PnP","Device PCI\VEN_8086&DEV_7D0D&SUBSYS_0CE81028&REV_01\3&11583659&0&50 was configured.

Driver Name: oem559.inf
Driver Package ID: intcpmt.inf_amd64_253b08e8cf330776
Class GUID: {4d36e97d-e325-11ce-bfc1-08002be10318}
Driver Date: 02/16/2026
Driver Version: 3.2.0.22
Driver Provider: Intel(R) Platform Monitoring Technology (PMT) Device
Driver Section: CPUPMT_Device
Driver Rank: 0xFF2001
Matching Device ID: PCI\VEN_8086&DEV_7D0D
Outranked Drivers: oem308.inf:PCI\VEN_8086&DEV_7D0D:00FF2001
Device Updated: true
Parent Device: ACPI\PNP0A08\0"
"18-08-2026 10:42:21","400","Information","Microsoft-Windows-Kernel-PnP","Device SWC\VID8086_PPM_Provisioning_B0650_1.0\00 was configured.

Driver Name: oem390.inf
Driver Package ID: ipfppm_sw.inf_amd64_020076bc4ee508ce
Class GUID: {5c4c3332-344d-483c-8739-259e934c9cc8}
Driver Date: 07/15/2025
Driver Version: 1.0.0.158
Driver Provider: Intel
Driver Section: IpfPpmInstall_Win11_24h2_ARL_H_U.NTamd64
Driver Rank: 0xFF0000
Matching Device ID: SWC\VID8086_PPM_Provisioning_B0650_1.0
Outranked Drivers: oem454.inf:SWC\VID8086_PPM_Provisioning_B0650_1.0:00FF0000
Device Updated: true
Parent Device: PCI\VEN_8086&DEV_7D03&SUBSYS_0CE81028&REV_05\3&11583659&0&20"
"18-08-2026 10:42:18","400","Information","Microsoft-Windows-Kernel-PnP","Device SWC\VID8086_PPM_Provisioning_B0650_1.0\00 was configured.

Driver Name: oem454.inf
Driver Package ID: ipfppm_sw.inf_amd64_ce63fd8b6da3decd
Class GUID: {5c4c3332-344d-483c-8739-259e934c9cc8}
Driver Date: 11/07/2024
Driver Version: 1.0.0.49
Driver Provider: Intel
Driver Section: IpfPpmInstall_Win11_24h2_ARL_ALL.NTamd64
Driver Rank: 0xFF0000
Matching Device ID: SWC\VID8086_PPM_Provisioning_B0650_1.0
Outranked Drivers: oem390.inf:SWC\VID8086_PPM_Provisioning_B0650_1.0:00FF0000
Device Updated: true
Parent Device: PCI\VEN_8086&DEV_7D03&SUBSYS_0CE81028&REV_05\3&11583659&0&20"
"18-08-2026 10:42:17","410","Information","Microsoft-Windows-Kernel-PnP","Device SWD\DRIVERENUM\{03849b83-de07-4366-addd-7b5dbb16ecfc}#IpfEfProviderComponent&4&23556e4&0 was started.

Driver Name: oem557.inf
Class GUID: {5c4c3332-344d-483c-8739-259e934c9cc8}
Service: PRI-Driver
Lower Filters: 
Upper Filters: "
"18-08-2026 10:42:17","410","Information","Microsoft-Windows-Kernel-PnP","Device SWD\DRIVERENUM\{f7bc2682-70eb-4557-b9e0-86b069b3709c}#IpfEfProviderComponent&5&2c393730&0 was started.

Driver Name: oem555.inf
Class GUID: {5c4c3332-344d-483c-8739-259e934c9cc8}
Service: PRI-Driver
Lower Filters: 
Upper Filters: "
"18-08-2026 10:42:17","410","Information","Microsoft-Windows-Kernel-PnP","Device SWD\DRIVERENUM\{d10bfa0c-8cb5-4674-8428-3633604b8c33}#IpfEfProviderComponent&5&2c393730&0 was started.

Driver Name: oem554.inf
Class GUID: {5c4c3332-344d-483c-8739-259e934c9cc8}
Service: PRI-Driver
Lower Filters: 
Upper Filters: "
"18-08-2026 10:42:16","410","Information","Microsoft-Windows-Kernel-PnP","Device SWD\DRIVERENUM\{943855cc-edb2-421e-bf96-9d11d12e7430}#IpfEfPMTProviderComponent&4&22e119fc&0 was started.

Driver Name: oem556.inf
Class GUID: {5c4c3332-344d-483c-8739-259e934c9cc8}
Service: IntelTACD
Lower Filters: 
Upper Filters: "
"18-08-2026 10:41:57","410","Information","Microsoft-Windows-Kernel-PnP","Device SWD\DRIVERENUM\{f2d8c2cd-6407-49ee-8bd1-7213a57b87f6}#IpfEfProviderComponent&5&2c393730&0 was started.

Driver Name: oem558.inf
Class GUID: {5c4c3332-344d-483c-8739-259e934c9cc8}
Service: 
Lower Filters: 
Upper Filters: "
"18-08-2026 10:41:57","400","Information","Microsoft-Windows-Kernel-PnP","Device SWD\DRIVERENUM\{f2d8c2cd-6407-49ee-8bd1-7213a57b87f6}#IpfEfProviderComponent&5&2c393730&0 was configured.

Driver Name: oem558.inf
Driver Package ID: systemconfigprovider_sw.inf_amd64_7aef4a585b44ad8a
Class GUID: {5c4c3332-344d-483c-8739-259e934c9cc8}
Driver Date: 03/12/2026
Driver Version: 3.4.1007.0
Driver Provider: Intel
Driver Section: IpfEfProviderInstall.NTamd64
Driver Rank: 0xFF0000
Matching Device ID: SWC\VID8086_IPFEF_SYSCONFIG_PROVIDER_1.0
Outranked Drivers: oem228.inf:SWC\VID8086_IPFEF_SYSCONFIG_PROVIDER_1.0:00FF0000 oem511.inf:SWC\VID8086_IPFEF_SYSCONFIG_PROVIDER_1.0:00FF0000 c_swcomponent.inf:SWC\Generic:00FF3000 c_swdevice.inf:SWD\GenericRaw:00FF3001
Device Updated: true
Parent Device: SWD\DRIVERENUM\IpfEfExtComponent&4&23556e4&0"
"18-08-2026 10:41:54","400","Information","Microsoft-Windows-Kernel-PnP","Device SWD\DRIVERENUM\{03849b83-de07-4366-addd-7b5dbb16ecfc}#IpfEfProviderComponent&4&23556e4&0 was configured.

Driver Name: oem557.inf
Driver Package ID: socthermalprovider_sw.inf_amd64_f44c5c7460ea805a
Class GUID: {5c4c3332-344d-483c-8739-259e934c9cc8}
Driver Date: 03/12/2026
Driver Version: 3.4.1007.0
Driver Provider: Intel
Driver Section: IpfEfProviderInstall.NTamd64
Driver Rank: 0xFF0000
Matching Device ID: SWC\VID8086_IPFEF_SOCTHERMAL_PROVIDER_1.0
Outranked Drivers: oem50.inf:SWC\VID8086_IPFEF_SOCTHERMAL_PROVIDER_1.0:00FF0000 oem510.inf:SWC\VID8086_IPFEF_SOCTHERMAL_PROVIDER_1.0:00FF0000 c_swcomponent.inf:SWC\Generic:00FF3000 c_swdevice.inf:SWD\GenericRaw:00FF3001
Device Updated: true
Parent Device: PCI\VEN_8086&DEV_7D03&SUBSYS_0CE81028&REV_05\3&11583659&0&20"
"18-08-2026 10:41:51","400","Information","Microsoft-Windows-Kernel-PnP","Device SWD\DRIVERENUM\{943855cc-edb2-421e-bf96-9d11d12e7430}#IpfEfPMTProviderComponent&4&22e119fc&0 was configured.

Driver Name: oem556.inf
Driver Package ID: pmtprovider_sw.inf_amd64_a6a0998f3daf97f3
Class GUID: {5c4c3332-344d-483c-8739-259e934c9cc8}
Driver Date: 03/12/2026
Driver Version: 3.4.1007.0
Driver Provider: Intel
Driver Section: IpfEfProviderInstall.NTamd64
Driver Rank: 0xFF0000
Matching Device ID: SWC\VID8086_IPFEF_PMT_PROVIDER_1.0
Outranked Drivers: oem104.inf:SWC\VID8086_IPFEF_PMT_PROVIDER_1.0:00FF0000 oem509.inf:SWC\VID8086_IPFEF_PMT_PROVIDER_1.0:00FF0000 c_swcomponent.inf:SWC\Generic:00FF3000 c_swdevice.inf:SWD\GenericRaw:00FF3001
Device Updated: true
Parent Device: PCI\VEN_8086&DEV_7D0D&SUBSYS_0CE81028&REV_01\3&11583659&0&50"
"18-08-2026 10:41:33","400","Information","Microsoft-Windows-Kernel-PnP","Device SWD\DRIVERENUM\{f7bc2682-70eb-4557-b9e0-86b069b3709c}#IpfEfProviderComponent&5&2c393730&0 was configured.

Driver Name: oem555.inf
Driver Package ID: perfmonprovider_sw.inf_amd64_25466395ebd453ae
Class GUID: {5c4c3332-344d-483c-8739-259e934c9cc8}
Driver Date: 03/12/2026
Driver Version: 3.4.1007.0
Driver Provider: Intel
Driver Section: IpfEfProviderInstall.NTamd64
Driver Rank: 0xFF0000
Matching Device ID: SWC\VID8086_IPFEF_PERFMON_PROVIDER_1.0
Outranked Drivers: oem440.inf:SWC\VID8086_IPFEF_PERFMON_PROVIDER_1.0:00FF0000 oem508.inf:SWC\VID8086_IPFEF_PERFMON_PROVIDER_1.0:00FF0000 c_swcomponent.inf:SWC\Generic:00FF3000 c_swdevice.inf:SWD\GenericRaw:00FF3001
Device Updated: true
Parent Device: SWD\DRIVERENUM\IpfEfExtComponent&4&23556e4&0"
"18-08-2026 10:41:29","400","Information","Microsoft-Windows-Kernel-PnP","Device SWD\DRIVERENUM\{d10bfa0c-8cb5-4674-8428-3633604b8c33}#IpfEfProviderComponent&5&2c393730&0 was configured.

Driver Name: oem554.inf
Driver Package ID: pcdtelemetryprovider_sw.inf_amd64_38de36dde4246502
Class GUID: {5c4c3332-344d-483c-8739-259e934c9cc8}
Driver Date: 03/12/2026
Driver Version: 3.4.1007.0
Driver Provider: Intel
Driver Section: IpfEfProviderInstall.NTamd64
Driver Rank: 0xFF0000
Matching Device ID: SWC\VID8086_IPFEF_PCDTELEMETRY_PROVIDER_1.0
Outranked Drivers: oem507.inf:SWC\VID8086_IPFEF_PCDTELEMETRY_PROVIDER_1.0:00FF0000 c_swcomponent.inf:SWC\Generic:00FF3000 c_swdevice.inf:SWD\GenericRaw:00FF3001
Device Updated: true
Parent Device: SWD\DRIVERENUM\IpfEfExtComponent&4&23556e4&0"
"18-08-2026 10:41:26","410","Information","Microsoft-Windows-Kernel-PnP","Device SWD\DRIVERENUM\{322d459e-4d85-49b2-a700-b7df5808268c}#IpfEfProviderComponent&5&2c393730&0 was started.

Driver Name: oem553.inf
Class GUID: {5c4c3332-344d-483c-8739-259e934c9cc8}
Service: 
Lower Filters: 
Upper Filters: "
"18-08-2026 10:41:26","400","Information","Microsoft-Windows-Kernel-PnP","Device SWD\DRIVERENUM\{322d459e-4d85-49b2-a700-b7df5808268c}#IpfEfProviderComponent&5&2c393730&0 was configured.

Driver Name: oem553.inf
Driver Package ID: modsprovider_sw.inf_amd64_47ccf6a8e16f0665
Class GUID: {5c4c3332-344d-483c-8739-259e934c9cc8}
Driver Date: 03/12/2026
Driver Version: 3.4.1007.0
Driver Provider: Intel
Driver Section: IpfEfProviderInstall.NTamd64
Driver Rank: 0xFF0000
Matching Device ID: SWC\VID8086_IPEF_MODERN_STANDBY_PROVIDER_1.0
Outranked Drivers: oem186.inf:SWC\VID8086_IPEF_MODERN_STANDBY_PROVIDER_1.0:00FF0000 oem506.inf:SWC\VID8086_IPEF_MODERN_STANDBY_PROVIDER_1.0:00FF0000 c_swcomponent.inf:SWC\Generic:00FF3000 c_swdevice.inf:SWD\GenericRaw:00FF3001
Device Updated: true
Parent Device: SWD\DRIVERENUM\IpfEfExtComponent&4&23556e4&0"
"18-08-2026 10:41:20","410","Information","Microsoft-Windows-Kernel-PnP","Device SWD\DRIVERENUM\IpfEfExtComponent&4&23556e4&0 was started.

Driver Name: oem550.inf
Class GUID: {4d36e97d-e325-11ce-bfc1-08002be10318}
Service: 
Lower Filters: 
Upper Filters: "
"18-08-2026 10:40:26","400","Information","Microsoft-Windows-Kernel-PnP","Device SWD\DRIVERENUM\IpfEfExtComponent&4&23556e4&0 was configured.

Driver Name: oem540.inf
Driver Package ID: modsprovider_ext.inf_amd64_93a509c7f48afa89
Class GUID: {e2f84ce7-8efa-411c-aa69-97454ca4cb57}
Driver Date: 03/12/2026
Driver Version: 3.4.1007.0
Driver Provider: Intel
Driver Section: IpfEfProviderInstall.NTamd64
Driver Rank: 0xFF0000
Matching Device ID: SWC\VID8086_IPFEF_1.0
Outranked Drivers: 
Device Updated: true
Parent Device: PCI\VEN_8086&DEV_7D03&SUBSYS_0CE81028&REV_05\3&11583659&0&20"
"18-08-2026 10:40:26","400","Information","Microsoft-Windows-Kernel-PnP","Device SWD\DRIVERENUM\IpfEfExtComponent&4&23556e4&0 was configured.

Driver Name: oem537.inf
Driver Package ID: perfmonprovider_ext.inf_amd64_229f9e750b3d815b
Class GUID: {e2f84ce7-8efa-411c-aa69-97454ca4cb57}
Driver Date: 03/12/2026
Driver Version: 3.4.1007.0
Driver Provider: Intel
Driver Section: IpfEfProviderInstall.NTamd64
Driver Rank: 0xFF0000
Matching Device ID: SWC\VID8086_IPFEF_1.0
Outranked Drivers: 
Device Updated: true
Parent Device: PCI\VEN_8086&DEV_7D03&SUBSYS_0CE81028&REV_05\3&11583659&0&20"
"18-08-2026 10:40:26","400","Information","Microsoft-Windows-Kernel-PnP","Device SWD\DRIVERENUM\IpfEfExtComponent&4&23556e4&0 was configured.

Driver Name: oem536.inf
Driver Package ID: systemconfigprovider_ext.inf_amd64_2370b64c582c057e
Class GUID: {e2f84ce7-8efa-411c-aa69-97454ca4cb57}
Driver Date: 03/12/2026
Driver Version: 3.4.1007.0
Driver Provider: Intel
Driver Section: IpfEfProviderInstall.NTamd64
Driver Rank: 0xFF0000
Matching Device ID: SWC\VID8086_IPFEF_1.0
Outranked Drivers: 
Device Updated: true
Parent Device: PCI\VEN_8086&DEV_7D03&SUBSYS_0CE81028&REV_05\3&11583659&0&20"
"18-08-2026 10:40:26","400","Information","Microsoft-Windows-Kernel-PnP","Device SWD\DRIVERENUM\IpfEfExtComponent&4&23556e4&0 was configured.

Driver Name: oem494.inf
Driver Package ID: pcdtelemetryprovider_ext.inf_amd64_0e67c963f1432d75
Class GUID: {e2f84ce7-8efa-411c-aa69-97454ca4cb57}
Driver Date: 10/28/2025
Driver Version: 1.2.1001.0
Driver Provider: Intel
Driver Section: IpfEfProviderInstall.NTamd64
Driver Rank: 0xFF0000
Matching Device ID: SWC\VID8086_IPFEF_1.0
Outranked Drivers: 
Device Updated: true
Parent Device: PCI\VEN_8086&DEV_7D03&SUBSYS_0CE81028&REV_05\3&11583659&0&20"
"18-08-2026 10:40:26","400","Information","Microsoft-Windows-Kernel-PnP","Device SWD\DRIVERENUM\IpfEfExtComponent&4&23556e4&0 was configured.

Driver Name: oem488.inf
Driver Package ID: igcl_ipf_provider_ext.inf_amd64_3d8f0106e17ff721
Class GUID: {e2f84ce7-8efa-411c-aa69-97454ca4cb57}
Driver Date: 08/05/2025
Driver Version: 16.1.0.257
Driver Provider: Intel
Driver Section: IpfEfProviderInstall.NTamd64
Driver Rank: 0xFF0000
Matching Device ID: SWC\VID8086_IPFEF_1.0
Outranked Drivers: 
Device Updated: true
Parent Device: PCI\VEN_8086&DEV_7D03&SUBSYS_0CE81028&REV_05\3&11583659&0&20"
"18-08-2026 10:40:26","400","Information","Microsoft-Windows-Kernel-PnP","Device SWD\DRIVERENUM\IpfEfExtComponent&4&23556e4&0 was configured.

Driver Name: oem550.inf
Driver Package ID: ipf_cpu.inf_amd64_67eebeb56ed505a2
Class GUID: {4d36e97d-e325-11ce-bfc1-08002be10318}
Driver Date: 05/01/2026
Driver Version: 2.3.20304.7
Driver Provider: Intel
Driver Section: IpfEfInstall.NTamd64
Driver Rank: 0xFF0000
Matching Device ID: SWC\VID8086_IPFEF_1.0
Outranked Drivers: oem144.inf:SWC\VID8086_IPFEF_1.0:00FF0000 oem451.inf:SWC\VID8086_IPFEF_1.0:00FF0000 oem503.inf:SWC\VID8086_IPFEF_1.0:00FF0000 c_swcomponent.inf:SWC\Generic:00FF3000 c_swdevice.inf:SWD\GenericRaw:00FF3001
Device Updated: true
Parent Device: PCI\VEN_8086&DEV_7D03&SUBSYS_0CE81028&REV_05\3&11583659&0&20"
"18-08-2026 10:40:20","410","Information","Microsoft-Windows-Kernel-PnP","Device PCI\VEN_8086&DEV_7D03&SUBSYS_0CE81028&REV_05\3&11583659&0&20 was started.

Driver Name: oem550.inf
Class GUID: {4d36e97d-e325-11ce-bfc1-08002be10318}
Service: ipf_cpu
Lower Filters: 
Upper Filters: WUDFRd"
"18-08-2026 10:40:16","400","Information","Microsoft-Windows-Kernel-PnP","Device PCI\VEN_8086&DEV_7D03&SUBSYS_0CE81028&REV_05\3&11583659&0&20 was configured.

Driver Name: oem541.inf
Driver Package ID: dtt_ext.inf_amd64_63f21041234bd155
Class GUID: {e2f84ce7-8efa-411c-aa69-97454ca4cb57}
Driver Date: 05/01/2026
Driver Version: 9.1.10010.2297
Driver Provider: Intel
Driver Section: DttExtInstall.NTamd64
Driver Rank: 0xFF2001
Matching Device ID: PCI\VEN_8086&DEV_7D03
Outranked Drivers: 
Device Updated: true
Parent Device: ACPI\PNP0A08\0"
"18-08-2026 10:40:16","400","Information","Microsoft-Windows-Kernel-PnP","Device PCI\VEN_8086&DEV_7D03&SUBSYS_0CE81028&REV_05\3&11583659&0&20 was configured.

Driver Name: oem539.inf
Driver Package ID: socthermalprovider_ext.inf_amd64_132ee8dbe6b96e3c
Class GUID: {e2f84ce7-8efa-411c-aa69-97454ca4cb57}
Driver Date: 03/12/2026
Driver Version: 3.4.1007.0
Driver Provider: Intel
Driver Section: IpfEfSOCThermalProviderInstall.NTamd64
Driver Rank: 0xFF2001
Matching Device ID: PCI\VEN_8086&DEV_7D03
Outranked Drivers: 
Device Updated: true
Parent Device: ACPI\PNP0A08\0"
"18-08-2026 10:40:16","400","Information","Microsoft-Windows-Kernel-PnP","Device PCI\VEN_8086&DEV_7D03&SUBSYS_0CE81028&REV_05\3&11583659&0&20 was configured.

Driver Name: oem550.inf
Driver Package ID: ipf_cpu.inf_amd64_67eebeb56ed505a2
Class GUID: {4d36e97d-e325-11ce-bfc1-08002be10318}
Driver Date: 05/01/2026
Driver Version: 2.3.20304.7
Driver Provider: Intel
Driver Section: IpfInstall_EF.NTamd64
Driver Rank: 0xFF2001
Matching Device ID: PCI\VEN_8086&DEV_7D03
Outranked Drivers: oem144.inf:PCI\VEN_8086&DEV_7D03:00FF2001 oem451.inf:PCI\VEN_8086&DEV_7D03:00FF2001 oem503.inf:PCI\VEN_8086&DEV_7D03:00FF2001
Device Updated: true
Parent Device: ACPI\PNP0A08\0"
"18-08-2026 10:40:07","410","Information","Microsoft-Windows-Kernel-PnP","Device ACPI\INTC1042\IETM was started.

Driver Name: oem549.inf
Class GUID: {4d36e97d-e325-11ce-bfc1-08002be10318}
Service: ipf_acpi
Lower Filters: 
Upper Filters: "
"18-08-2026 10:40:07","400","Information","Microsoft-Windows-Kernel-PnP","Device ACPI\INTC1042\IETM was configured.

Driver Name: oem549.inf
Driver Package ID: ipf_acpi.inf_amd64_8ffec8091f41a746
Class GUID: {4d36e97d-e325-11ce-bfc1-08002be10318}
Driver Date: 05/01/2026
Driver Version: 2.3.20304.7
Driver Provider: Intel
Driver Section: IpfAcpi.NTamd64
Driver Rank: 0xFF0001
Matching Device ID: ACPI\INTC1042
Outranked Drivers: oem266.inf:ACPI\INTC1042:00FF0001 oem312.inf:ACPI\INTC1042:00FF0001 oem502.inf:ACPI\INTC1042:00FF0001
Device Updated: true
Parent Device: ACPI_HAL\PNP0C08\0"
"18-08-2026 10:40:05","410","Information","Microsoft-Windows-Kernel-PnP","Device ACPI\INTC1064\TPCH was started.

Driver Name: oem549.inf
Class GUID: {4d36e97d-e325-11ce-bfc1-08002be10318}
Service: ipf_acpi
Lower Filters: 
Upper Filters: "
"18-08-2026 10:40:05","400","Information","Microsoft-Windows-Kernel-PnP","Device ACPI\INTC1064\TPCH was configured.

Driver Name: oem549.inf
Driver Package ID: ipf_acpi.inf_amd64_8ffec8091f41a746
Class GUID: {4d36e97d-e325-11ce-bfc1-08002be10318}
Driver Date: 05/01/2026
Driver Version: 2.3.20304.7
Driver Provider: Intel
Driver Section: IpfAcpi.NTamd64
Driver Rank: 0xFF0001
Matching Device ID: ACPI\INTC1064
Outranked Drivers: oem266.inf:ACPI\INTC1064:00FF0001 oem312.inf:ACPI\INTC1064:00FF0001 oem502.inf:ACPI\INTC1064:00FF0001
Device Updated: true
Parent Device: ACPI\INTC1042\IETM"
"18-08-2026 10:40:02","410","Information","Microsoft-Windows-Kernel-PnP","Device ACPI\INTC1062\SEN6 was started.

Driver Name: oem549.inf
Class GUID: {4d36e97d-e325-11ce-bfc1-08002be10318}
Service: ipf_acpi
Lower Filters: 
Upper Filters: "
"18-08-2026 10:40:02","400","Information","Microsoft-Windows-Kernel-PnP","Device ACPI\INTC1062\SEN6 was configured.

Driver Name: oem549.inf
Driver Package ID: ipf_acpi.inf_amd64_8ffec8091f41a746
Class GUID: {4d36e97d-e325-11ce-bfc1-08002be10318}
Driver Date: 05/01/2026
Driver Version: 2.3.20304.7
Driver Provider: Intel
Driver Section: IpfAcpi.NTamd64
Driver Rank: 0xFF0001
Matching Device ID: ACPI\INTC1062
Outranked Drivers: oem266.inf:ACPI\INTC1062:00FF0001 oem312.inf:ACPI\INTC1062:00FF0001 oem502.inf:ACPI\INTC1062:00FF0001
Device Updated: true
Parent Device: ACPI\INTC1042\IETM"
"18-08-2026 10:40:00","410","Information","Microsoft-Windows-Kernel-PnP","Device ACPI\INTC1062\SEN5 was started.

Driver Name: oem549.inf
Class GUID: {4d36e97d-e325-11ce-bfc1-08002be10318}
Service: ipf_acpi
Lower Filters: 
Upper Filters: "
"18-08-2026 10:40:00","400","Information","Microsoft-Windows-Kernel-PnP","Device ACPI\INTC1062\SEN5 was configured.

Driver Name: oem549.inf
Driver Package ID: ipf_acpi.inf_amd64_8ffec8091f41a746
Class GUID: {4d36e97d-e325-11ce-bfc1-08002be10318}
Driver Date: 05/01/2026
Driver Version: 2.3.20304.7
Driver Provider: Intel
Driver Section: IpfAcpi.NTamd64
Driver Rank: 0xFF0001
Matching Device ID: ACPI\INTC1062
Outranked Drivers: oem266.inf:ACPI\INTC1062:00FF0001 oem312.inf:ACPI\INTC1062:00FF0001 oem502.inf:ACPI\INTC1062:00FF0001
Device Updated: true
Parent Device: ACPI\INTC1042\IETM"
"18-08-2026 10:39:58","410","Information","Microsoft-Windows-Kernel-PnP","Device ACPI\INTC1062\SEN4 was started.

Driver Name: oem549.inf
Class GUID: {4d36e97d-e325-11ce-bfc1-08002be10318}
Service: ipf_acpi
Lower Filters: 
Upper Filters: "
"18-08-2026 10:39:58","400","Information","Microsoft-Windows-Kernel-PnP","Device ACPI\INTC1062\SEN4 was configured.

Driver Name: oem549.inf
Driver Package ID: ipf_acpi.inf_amd64_8ffec8091f41a746
Class GUID: {4d36e97d-e325-11ce-bfc1-08002be10318}
Driver Date: 05/01/2026
Driver Version: 2.3.20304.7
Driver Provider: Intel
Driver Section: IpfAcpi.NTamd64
Driver Rank: 0xFF0001
Matching Device ID: ACPI\INTC1062
Outranked Drivers: oem266.inf:ACPI\INTC1062:00FF0001 oem312.inf:ACPI\INTC1062:00FF0001 oem502.inf:ACPI\INTC1062:00FF0001
Device Updated: true
Parent Device: ACPI\INTC1042\IETM"
"18-08-2026 10:39:56","410","Information","Microsoft-Windows-Kernel-PnP","Device ACPI\INTC1062\SEN3 was started.

Driver Name: oem549.inf
Class GUID: {4d36e97d-e325-11ce-bfc1-08002be10318}
Service: ipf_acpi
Lower Filters: 
Upper Filters: "
"18-08-2026 10:39:56","400","Information","Microsoft-Windows-Kernel-PnP","Device ACPI\INTC1062\SEN3 was configured.

Driver Name: oem549.inf
Driver Package ID: ipf_acpi.inf_amd64_8ffec8091f41a746
Class GUID: {4d36e97d-e325-11ce-bfc1-08002be10318}
Driver Date: 05/01/2026
Driver Version: 2.3.20304.7
Driver Provider: Intel
Driver Section: IpfAcpi.NTamd64
Driver Rank: 0xFF0001
Matching Device ID: ACPI\INTC1062
Outranked Drivers: oem266.inf:ACPI\INTC1062:00FF0001 oem312.inf:ACPI\INTC1062:00FF0001 oem502.inf:ACPI\INTC1062:00FF0001
Device Updated: true
Parent Device: ACPI\INTC1042\IETM"
"18-08-2026 10:39:54","410","Information","Microsoft-Windows-Kernel-PnP","Device ACPI\INTC1062\SEN2 was started.

Driver Name: oem549.inf
Class GUID: {4d36e97d-e325-11ce-bfc1-08002be10318}
Service: ipf_acpi
Lower Filters: 
Upper Filters: "
"18-08-2026 10:39:54","400","Information","Microsoft-Windows-Kernel-PnP","Device ACPI\INTC1062\SEN2 was configured.

Driver Name: oem549.inf
Driver Package ID: ipf_acpi.inf_amd64_8ffec8091f41a746
Class GUID: {4d36e97d-e325-11ce-bfc1-08002be10318}
Driver Date: 05/01/2026
Driver Version: 2.3.20304.7
Driver Provider: Intel
Driver Section: IpfAcpi.NTamd64
Driver Rank: 0xFF0001
Matching Device ID: ACPI\INTC1062
Outranked Drivers: oem266.inf:ACPI\INTC1062:00FF0001 oem312.inf:ACPI\INTC1062:00FF0001 oem502.inf:ACPI\INTC1062:00FF0001
Device Updated: true
Parent Device: ACPI\INTC1042\IETM"
"18-08-2026 10:39:51","400","Information","Microsoft-Windows-Kernel-PnP","Device ACPI\INTC1062\SEN1 was configured.

Driver Name: oem549.inf
Driver Package ID: ipf_acpi.inf_amd64_8ffec8091f41a746
Class GUID: {4d36e97d-e325-11ce-bfc1-08002be10318}
Driver Date: 05/01/2026
Driver Version: 2.3.20304.7
Driver Provider: Intel
Driver Section: IpfAcpi.NTamd64
Driver Rank: 0xFF0001
Matching Device ID: ACPI\INTC1062
Outranked Drivers: oem266.inf:ACPI\INTC1062:00FF0001 oem312.inf:ACPI\INTC1062:00FF0001 oem502.inf:ACPI\INTC1062:00FF0001
Device Updated: true
Parent Device: ACPI\INTC1042\IETM"
"18-08-2026 10:39:37","410","Information","Microsoft-Windows-Kernel-PnP","Device SWD\DRIVERENUM\{bc7814a1-a80e-44b3-87c6-652eac676387}#DttExtComponent&4&23556e4&0 was started.

Driver Name: oem548.inf
Class GUID: {5c4c3332-344d-483c-8739-259e934c9cc8}
Service: WUDFRd
Lower Filters: 
Upper Filters: "
"18-08-2026 10:39:35","400","Information","Microsoft-Windows-Kernel-PnP","Device SWD\DRIVERENUM\{bc7814a1-a80e-44b3-87c6-652eac676387}#DttExtComponent&4&23556e4&0 was configured.

Driver Name: oem548.inf
Driver Package ID: dtt_sw.inf_amd64_e5ce4162c0997999
Class GUID: {5c4c3332-344d-483c-8739-259e934c9cc8}
Driver Date: 05/01/2026
Driver Version: 9.1.10010.2297
Driver Provider: Intel
Driver Section: DttInstall_Win11_22621.NTamd64
Driver Rank: 0xFF0000
Matching Device ID: SWC\VID8086_DTT_1.0
Outranked Drivers: oem142.inf:SWC\VID8086_DTT_1.0:00FF0000 oem499.inf:SWC\VID8086_DTT_1.0:00FF0000 c_swcomponent.inf:SWC\Generic:00FF3000 c_swdevice.inf:SWD\GenericRaw:00FF3001
Device Updated: true
Parent Device: PCI\VEN_8086&DEV_7D03&SUBSYS_0CE81028&REV_05\3&11583659&0&20"
"17-08-2026 10:04:50","410","Information","Microsoft-Windows-Kernel-PnP","Device SWD\PRINTENUM\{C0C55ADB-1C01-4B51-B1D1-090920F616EA} was started.

Driver Name: printqueue.inf
Class GUID: {1ed2bbf9-11f0-4084-b21f-ad83a8e6dcdc}
Service: 
Lower Filters: 
Upper Filters: "
"17-08-2026 10:04:50","400","Information","Microsoft-Windows-Kernel-PnP","Device SWD\PRINTENUM\{C0C55ADB-1C01-4B51-B1D1-090920F616EA} was configured.

Driver Name: printqueue.inf
Driver Package ID: printqueue.inf_amd64_044b5f13f940e7c8
Class GUID: {1ed2bbf9-11f0-4084-b21f-ad83a8e6dcdc}
Driver Date: 06/21/2006
Driver Version: 10.0.26100.1
Driver Provider: Microsoft
Driver Section: NO_DRV_LOCAL
Driver Rank: 0x1
Matching Device ID: PRINTENUM\LocalPrintQueue
Outranked Drivers: oem455.inf:{3ee39114-30b4-45a4-a109-19d4a40fcc22}:00FF0002 c_swdevice.inf:SWD\GenericRaw:00FF3001
Device Updated: false
Parent Device: SWD\PRINTENUM\PrintQueues"
"17-08-2026 10:04:49","420","Information","Microsoft-Windows-Kernel-PnP","Device SWD\PRINTENUM\{4FEAB96C-5CB8-4997-9C41-B605A445B317} was deleted.

Class GUID: {1ed2bbf9-11f0-4084-b21f-ad83a8e6dcdc}"
"17-08-2026 09:48:43","410","Information","Microsoft-Windows-Kernel-PnP","Device STORAGE\VolumeSnapshot\HarddiskVolumeSnapshot2 was started.

Driver Name: volsnap.inf
Class GUID: {533c5b84-ec70-11d2-9505-00c04f79deaf}
Service: 
Lower Filters: 
Upper Filters: "
"17-08-2026 09:48:43","400","Information","Microsoft-Windows-Kernel-PnP","Device STORAGE\VolumeSnapshot\HarddiskVolumeSnapshot2 was configured.

Driver Name: volsnap.inf
Driver Package ID: volsnap.inf_amd64_da435361dee3ff66
Class GUID: {533c5b84-ec70-11d2-9505-00c04f79deaf}
Driver Date: 06/21/2006
Driver Version: 10.0.26100.1
Driver Provider: Microsoft
Driver Section: volume_snapshot_install.NTamd64
Driver Rank: 0xFF0000
Matching Device ID: STORAGE\VolumeSnapshot
Outranked Drivers: 
Device Updated: false
Parent Device: STORAGE\Volume\{31506422-56d6-11f1-a26a-806e6f6e6963}#0000000065D00000"
"11-08-2026 06:06:51","410","Information","Microsoft-Windows-Kernel-PnP","Device SWD\DRIVERENUM\{2a02c5ed-9266-49c8-b117-74932a533d19}#VEN_8086_DEV_7D1D_component&4&2f9b0937&0 was started.

Driver Name: oem545.inf
Class GUID: {5c4c3332-344d-483c-8739-259e934c9cc8}
Service: 
Lower Filters: 
Upper Filters: "
"11-08-2026 06:06:51","400","Information","Microsoft-Windows-Kernel-PnP","Device SWD\DRIVERENUM\{2a02c5ed-9266-49c8-b117-74932a533d19}#VEN_8086_DEV_7D1D_component&4&2f9b0937&0 was configured.

Driver Name: oem545.inf
Driver Package ID: microsofteffectpack.inf_amd64_4f22aaca51870ff8
Class GUID: {5c4c3332-344d-483c-8739-259e934c9cc8}
Driver Date: 06/22/2026
Driver Version: 1.0.50.0
Driver Provider: Microsoft Corporation
Driver Section: MicrosoftEffectPack_Install.NT
Driver Rank: 0xFF0000
Matching Device ID: SWC\MEP_VEN_8086_DEV_7D1D
Outranked Drivers: oem28.inf:SWC\MEP_VEN_8086_DEV_7D1D:00FF0000 c_swcomponent.inf:SWC\Generic:00FF3000 c_swdevice.inf:SWD\GenericRaw:00FF3001
Device Updated: true
Parent Device: PCI\VEN_8086&DEV_7D1D&SUBSYS_0CE81028&REV_05\3&11583659&0&58"
"11-08-2026 06:06:51","410","Information","Microsoft-Windows-Kernel-PnP","Device SWD\DRIVERENUM\{6078d5d4-3bb5-44a2-a245-49e7f2abbfaa}#VEN_8086_DEV_7D1D_component&4&2f9b0937&0 was started.

Driver Name: oem545.inf
Class GUID: {5c4c3332-344d-483c-8739-259e934c9cc8}
Service: 
Lower Filters: 
Upper Filters: "
"11-08-2026 06:06:51","400","Information","Microsoft-Windows-Kernel-PnP","Device SWD\DRIVERENUM\{6078d5d4-3bb5-44a2-a245-49e7f2abbfaa}#VEN_8086_DEV_7D1D_component&4&2f9b0937&0 was configured.

Driver Name: oem545.inf
Driver Package ID: microsofteffectpack.inf_amd64_4f22aaca51870ff8
Class GUID: {5c4c3332-344d-483c-8739-259e934c9cc8}
Driver Date: 06/22/2026
Driver Version: 1.0.50.0
Driver Provider: Microsoft Corporation
Driver Section: MicrosoftEffectPack_Install.NT
Driver Rank: 0xFF0000
Matching Device ID: SWC\MEP_VEN_8086_DEV_7D1D
Outranked Drivers: oem28.inf:SWC\MEP_VEN_8086_DEV_7D1D:00FF0000 c_swcomponent.inf:SWC\Generic:00FF3000 c_swdevice.inf:SWD\GenericRaw:00FF3001
Device Updated: true
Parent Device: PCI\VEN_8086&DEV_7D1D&SUBSYS_0CE81028&REV_05\3&11583659&0&58"
"11-08-2026 06:06:48","410","Information","Microsoft-Windows-Kernel-PnP","Device SWD\DRIVERENUM\mep_camera_component&5&2817325f&0 was started.

Driver Name: oem544.inf
Class GUID: {5c4c3332-344d-483c-8739-259e934c9cc8}
Service: UmPass
Lower Filters: 
Upper Filters: "
"11-08-2026 06:06:48","400","Information","Microsoft-Windows-Kernel-PnP","Device SWD\DRIVERENUM\mep_camera_component&5&2817325f&0 was configured.

Driver Name: oem544.inf
Driver Package ID: mep_camera_component.inf_amd64_ddf29e466e521e3a
Class GUID: {5c4c3332-344d-483c-8739-259e934c9cc8}
Driver Date: 06/22/2026
Driver Version: 1.0.50.0
Driver Provider: Microsoft Corporation
Driver Section: CameraEffectsComponent_Install
Driver Rank: 0xFF0000
Matching Device ID: SWC\MEP_CAM&VEN_8086_DEV_7D1D_V1
Outranked Drivers: oem291.inf:SWC\MEP_CAM&VEN_8086_DEV_7D1D_V1:00FF0000 c_swcomponent.inf:SWC\Generic:00FF3000 c_swdevice.inf:SWD\GenericRaw:00FF3001
Device Updated: true
Parent Device: SWD\DRIVERENUM\{6078d5d4-3bb5-44a2-a245-49e7f2abbfaa}#VEN_8086_DEV_7D1D_component&4&2f9b0937&0"
"11-08-2026 06:06:48","410","Information","Microsoft-Windows-Kernel-PnP","Device SWD\DRIVERENUM\mep_camera_component&5&3166e962&0 was started.

Driver Name: oem544.inf
Class GUID: {5c4c3332-344d-483c-8739-259e934c9cc8}
Service: UmPass
Lower Filters: 
Upper Filters: "
"11-08-2026 06:06:48","400","Information","Microsoft-Windows-Kernel-PnP","Device SWD\DRIVERENUM\mep_camera_component&5&3166e962&0 was configured.

Driver Name: oem544.inf
Driver Package ID: mep_camera_component.inf_amd64_ddf29e466e521e3a
Class GUID: {5c4c3332-344d-483c-8739-259e934c9cc8}
Driver Date: 06/22/2026
Driver Version: 1.0.50.0
Driver Provider: Microsoft Corporation
Driver Section: CameraEffectsComponent_Install
Driver Rank: 0xFF0000
Matching Device ID: SWC\MEP_CAM&VEN_8086_DEV_7D1D_V1
Outranked Drivers: oem291.inf:SWC\MEP_CAM&VEN_8086_DEV_7D1D_V1:00FF0000 c_swcomponent.inf:SWC\Generic:00FF3000 c_swdevice.inf:SWD\GenericRaw:00FF3001
Device Updated: true
Parent Device: SWD\DRIVERENUM\{2a02c5ed-9266-49c8-b117-74932a533d19}#VEN_8086_DEV_7D1D_component&4&2f9b0937&0"
"10-08-2026 12:02:38","410","Information","Microsoft-Windows-Kernel-PnP","Device STORAGE\VolumeSnapshot\HarddiskVolumeSnapshot1 was started.

Driver Name: volsnap.inf
Class GUID: {533c5b84-ec70-11d2-9505-00c04f79deaf}
Service: 
Lower Filters: 
Upper Filters: "
"10-08-2026 12:02:38","400","Information","Microsoft-Windows-Kernel-PnP","Device STORAGE\VolumeSnapshot\HarddiskVolumeSnapshot1 was configured.

Driver Name: volsnap.inf
Driver Package ID: volsnap.inf_amd64_da435361dee3ff66
Class GUID: {533c5b84-ec70-11d2-9505-00c04f79deaf}
Driver Date: 06/21/2006
Driver Version: 10.0.26100.1
Driver Provider: Microsoft
Driver Section: volume_snapshot_install.NTamd64
Driver Rank: 0xFF0000
Matching Device ID: STORAGE\VolumeSnapshot
Outranked Drivers: 
Device Updated: false
Parent Device: STORAGE\Volume\{31506422-56d6-11f1-a26a-806e6f6e6963}#0000000065D00000"
"10-08-2026 09:55:57","410","Information","Microsoft-Windows-Kernel-PnP","Device USB\VID_1915&PID_0101\5&2dc84fba&0&6 was started.

Driver Name: oem543.inf
Class GUID: {88bae032-5a81-49f0-bc3d-a4ff138216d6}
Service: WINUSB
Lower Filters: 
Upper Filters: "
"10-08-2026 09:55:57","400","Information","Microsoft-Windows-Kernel-PnP","Device USB\VID_1915&PID_0101\5&2dc84fba&0&6 was configured.

Driver Name: oem543.inf
Driver Package ID: winusbdevice.inf_amd64_b58fe3317a75766d
Class GUID: {88bae032-5a81-49f0-bc3d-a4ff138216d6}
Driver Date: 08/01/2024
Driver Version: 6.1.7600.16385
Driver Provider: Primax Electronics Ltd
Driver Section: USB_Install
Driver Rank: 0xFF0001
Matching Device ID: USB\VID_1915&PID_0101
Outranked Drivers: 
Device Updated: false
Parent Device: USB\ROOT_HUB30\4&2169287b&0&0"
"10-08-2026 09:55:51","400","Information","Microsoft-Windows-Kernel-PnP","Device USB\VID_1915&PID_0101\5&2dc84fba&0&6 was configured.

Driver Name: null
Driver Package ID: null
Class GUID: {00000000-0000-0000-0000-000000000000}
Driver Date: 
Driver Version: 
Driver Provider: 
Driver Section: 
Driver Rank: 0x0
Matching Device ID: 
Outranked Drivers: 
Device Updated: false
Parent Device: USB\ROOT_HUB30\4&2169287b&0&0"
"10-08-2026 09:49:29","410","Information","Microsoft-Windows-Kernel-PnP","Device ROOT\DELLINSTRUMENTATION\0000 was started.

Driver Name: oem46.inf
Class GUID: {e1c7dabe-63de-4630-a4de-a4adc0503be3}
Service: DellInstrumentation
Lower Filters: 
Upper Filters: "
"10-08-2026 09:49:29","400","Information","Microsoft-Windows-Kernel-PnP","Device ROOT\DELLINSTRUMENTATION\0000 was configured.

Driver Name: oem46.inf
Driver Package ID: dellinstrumentation.inf_amd64_b559b6b296055b4b
Class GUID: {e1c7dabe-63de-4630-a4de-a4adc0503be3}
Driver Date: 09/05/2025
Driver Version: 2.9.2.0
Driver Provider: Dell Technologies
Driver Section: DellInstrumentation_Device.NT
Driver Rank: 0xFF0000
Matching Device ID: Root\DellInsDrv
Outranked Drivers: oem482.inf:Root\DellInsDrv:00FF0000
Device Updated: true
Parent Device: HTREE\ROOT\0"
"10-08-2026 09:49:19","420","Information","Microsoft-Windows-Kernel-PnP","Device ROOT\DELLINSTRUMENTATION\0000 was deleted.

Class GUID: {e1c7dabe-63de-4630-a4de-a4adc0503be3}"
"10-08-2026 09:48:49","410","Information","Microsoft-Windows-Kernel-PnP","Device ROOT\DELLINSTRUMENTATION\0000 was started.

Driver Name: oem46.inf
Class GUID: {e1c7dabe-63de-4630-a4de-a4adc0503be3}
Service: DellInstrumentation
Lower Filters: 
Upper Filters: "
"10-08-2026 09:48:49","400","Information","Microsoft-Windows-Kernel-PnP","Device ROOT\DELLINSTRUMENTATION\0000 was configured.

Driver Name: oem46.inf
Driver Package ID: dellinstrumentation.inf_amd64_b559b6b296055b4b
Class GUID: {e1c7dabe-63de-4630-a4de-a4adc0503be3}
Driver Date: 09/05/2025
Driver Version: 2.9.2.0
Driver Provider: Dell Technologies
Driver Section: DellInstrumentation_Device.NT
Driver Rank: 0xFF0000
Matching Device ID: Root\DellInsDrv
Outranked Drivers: oem482.inf:Root\DellInsDrv:00FF0000
Device Updated: true
Parent Device: HTREE\ROOT\0"
"10-08-2026 09:48:47","420","Information","Microsoft-Windows-Kernel-PnP","Device ROOT\DELLINSTRUMENTATION\0000 was deleted.

Class GUID: {e1c7dabe-63de-4630-a4de-a4adc0503be3}"
"06-08-2026 14:29:27","410","Information","Microsoft-Windows-Kernel-PnP","Device SWD\DRIVERENUM\DPMAutoInstallDriver_Device_component&8&14a6b64a&0 was started.

Driver Name: oem425.inf
Class GUID: {5c4c3332-344d-483c-8739-259e934c9cc8}
Service: 
Lower Filters: 
Upper Filters: "
"06-08-2026 14:29:27","400","Information","Microsoft-Windows-Kernel-PnP","Device SWD\DRIVERENUM\DPMAutoInstallDriver_Device_component&8&14a6b64a&0 was configured.

Driver Name: oem425.inf
Driver Package ID: ddpmsoftwareinstall_component.inf_amd64_3d39f607b80ee919
Class GUID: {5c4c3332-344d-483c-8739-259e934c9cc8}
Driver Date: 03/03/2025
Driver Version: 1.0.0.8
Driver Provider: Dell Technologies Inc.
Driver Section: DDPMSoftwareInstall_Device_component.NTamd64
Driver Rank: 0xFF0000
Matching Device ID: SWC\DELL_DDPM0001
Outranked Drivers: c_swcomponent.inf:SWC\Generic:00FF3000 c_swdevice.inf:SWD\GenericRaw:00FF3001
Device Updated: false
Parent Device: HID\VID_413C&PID_4503&MI_02&Col02\7&29e6d75c&0&0001"
"06-08-2026 14:29:27","410","Information","Microsoft-Windows-Kernel-PnP","Device HID\VID_413C&PID_4503&MI_02&Col02\7&29e6d75c&0&0001 was started.

Driver Name: oem135.inf
Class GUID: {745a17a0-74d3-11d0-b6fe-00a0c90f57da}
Service: 
Lower Filters: 
Upper Filters: "
"06-08-2026 14:29:27","400","Information","Microsoft-Windows-Kernel-PnP","Device HID\VID_413C&PID_4503&MI_02&Col02\7&29e6d75c&0&0001 was configured.

Driver Name: oem135.inf
Driver Package ID: dpmautoinstalldriver.inf_amd64_412d7d28a0358c95
Class GUID: {745a17a0-74d3-11d0-b6fe-00a0c90f57da}
Driver Date: 12/03/2025
Driver Version: 2.2.0.0
Driver Provider: Dell Inc.
Driver Section: DPMAutoInstallDriver_Device.NT
Driver Rank: 0xFF0001
Matching Device ID: HID\VID_413C&PID_4503&MI_02&Col02
Outranked Drivers: oem68.inf:HID\VID_413C&PID_4503&MI_02&Col02:00FF0001 input.inf:HID_DEVICE_UPR:FF00-FFFF:00FF1004 input.inf:HID_DEVICE:00FF1005
Device Updated: false
Parent Device: USB\VID_413C&PID_4503&MI_02\6&386bff60&0&0002"
"06-08-2026 14:29:27","410","Information","Microsoft-Windows-Kernel-PnP","Device HID\VID_413C&PID_4503&MI_01&Col01\7&3b0c56d4&0&0000 was started.

Driver Name: msmouse.inf
Class GUID: {4d36e96f-e325-11ce-bfc1-08002be10318}
Service: mouhid
Lower Filters: 
Upper Filters: "
"06-08-2026 14:29:27","410","Information","Microsoft-Windows-Kernel-PnP","Device HID\VID_413C&PID_4503&MI_00\7&17351912&0&0000 was started.

Driver Name: keyboard.inf
Class GUID: {4d36e96b-e325-11ce-bfc1-08002be10318}
Service: kbdhid
Lower Filters: 
Upper Filters: "
"06-08-2026 14:29:27","410","Information","Microsoft-Windows-Kernel-PnP","Device HID\VID_413C&PID_4503&MI_02&Col01\7&29e6d75c&0&0000 was started.

Driver Name: input.inf
Class GUID: {745a17a0-74d3-11d0-b6fe-00a0c90f57da}
Service: 
Lower Filters: 
Upper Filters: "
"06-08-2026 14:29:27","410","Information","Microsoft-Windows-Kernel-PnP","Device HID\VID_413C&PID_4503&MI_01&Col03\7&3b0c56d4&0&0002 was started.

Driver Name: input.inf
Class GUID: {745a17a0-74d3-11d0-b6fe-00a0c90f57da}
Service: 
Lower Filters: 
Upper Filters: "
"06-08-2026 14:29:27","410","Information","Microsoft-Windows-Kernel-PnP","Device HID\VID_413C&PID_4503&MI_01&Col02\7&3b0c56d4&0&0001 was started.

Driver Name: hidserv.inf
Class GUID: {745a17a0-74d3-11d0-b6fe-00a0c90f57da}
Service: 
Lower Filters: 
Upper Filters: "
"06-08-2026 14:29:27","430","Information","Microsoft-Windows-Kernel-PnP","Device HID\VID_413C&PID_4503&MI_02&Col02\7&29e6d75c&0&0001 requires further installation."
"06-08-2026 14:29:27","400","Information","Microsoft-Windows-Kernel-PnP","Device HID\VID_413C&PID_4503&MI_02&Col01\7&29e6d75c&0&0000 was configured.

Driver Name: input.inf
Driver Package ID: input.inf_amd64_a22d0c7b993d162a
Class GUID: {745a17a0-74d3-11d0-b6fe-00a0c90f57da}
Driver Date: 06/21/2006
Driver Version: 10.0.26100.8875
Driver Provider: Microsoft
Driver Section: HID_Raw_Inst.NT
Driver Rank: 0xFF1004
Matching Device ID: HID_DEVICE_UPR:FF00-FFFF
Outranked Drivers: input.inf:HID_DEVICE:00FF1005
Device Updated: false
Parent Device: USB\VID_413C&PID_4503&MI_02\6&386bff60&0&0002"
"06-08-2026 14:29:27","410","Information","Microsoft-Windows-Kernel-PnP","Device USB\VID_413C&PID_4503&MI_02\6&386bff60&0&0002 was started.

Driver Name: input.inf
Class GUID: {745a17a0-74d3-11d0-b6fe-00a0c90f57da}
Service: HidUsb
Lower Filters: 
Upper Filters: "
"06-08-2026 14:29:27","400","Information","Microsoft-Windows-Kernel-PnP","Device HID\VID_413C&PID_4503&MI_01&Col03\7&3b0c56d4&0&0002 was configured.

Driver Name: input.inf
Driver Package ID: input.inf_amd64_a22d0c7b993d162a
Class GUID: {745a17a0-74d3-11d0-b6fe-00a0c90f57da}
Driver Date: 06/21/2006
Driver Version: 10.0.26100.8875
Driver Provider: Microsoft
Driver Section: HID_Raw_Inst.NT
Driver Rank: 0xFF1004
Matching Device ID: HID_DEVICE_UP:0001_U:0080
Outranked Drivers: input.inf:HID_DEVICE:00FF1005
Device Updated: false
Parent Device: USB\VID_413C&PID_4503&MI_01\6&386bff60&0&0001"
"06-08-2026 14:29:27","400","Information","Microsoft-Windows-Kernel-PnP","Device HID\VID_413C&PID_4503&MI_01&Col02\7&3b0c56d4&0&0001 was configured.

Driver Name: hidserv.inf
Driver Package ID: hidserv.inf_amd64_3111b4bfb553788d
Class GUID: {745a17a0-74d3-11d0-b6fe-00a0c90f57da}
Driver Date: 06/21/2006
Driver Version: 10.0.26100.1
Driver Provider: Microsoft
Driver Section: HIDSystemConsumerDevice
Driver Rank: 0xFF0004
Matching Device ID: HID_DEVICE_UP:000C_U:0001
Outranked Drivers: input.inf:HID_DEVICE:00FF1005
Device Updated: false
Parent Device: USB\VID_413C&PID_4503&MI_01\6&386bff60&0&0001"
"06-08-2026 14:29:27","400","Information","Microsoft-Windows-Kernel-PnP","Device HID\VID_413C&PID_4503&MI_01&Col01\7&3b0c56d4&0&0000 was configured.

Driver Name: msmouse.inf
Driver Package ID: msmouse.inf_amd64_097bbd709f0c4972
Class GUID: {4d36e96f-e325-11ce-bfc1-08002be10318}
Driver Date: 06/21/2006
Driver Version: 10.0.26100.1150
Driver Provider: Microsoft
Driver Section: HID_Mouse_Inst.NT
Driver Rank: 0xFF1003
Matching Device ID: HID_DEVICE_SYSTEM_MOUSE
Outranked Drivers: input.inf:HID_DEVICE:00FF1005
Device Updated: false
Parent Device: USB\VID_413C&PID_4503&MI_01\6&386bff60&0&0001"
"06-08-2026 14:29:27","410","Information","Microsoft-Windows-Kernel-PnP","Device USB\VID_413C&PID_4503&MI_01\6&386bff60&0&0001 was started.

Driver Name: input.inf
Class GUID: {745a17a0-74d3-11d0-b6fe-00a0c90f57da}
Service: HidUsb
Lower Filters: 
Upper Filters: "
"06-08-2026 14:29:27","400","Information","Microsoft-Windows-Kernel-PnP","Device HID\VID_413C&PID_4503&MI_00\7&17351912&0&0000 was configured.

Driver Name: keyboard.inf
Driver Package ID: keyboard.inf_amd64_b080cf0dd47fca65
Class GUID: {4d36e96b-e325-11ce-bfc1-08002be10318}
Driver Date: 06/21/2006
Driver Version: 10.0.26100.8521
Driver Provider: Microsoft
Driver Section: HID_Keyboard_Inst.NT
Driver Rank: 0xFF1003
Matching Device ID: HID_DEVICE_SYSTEM_KEYBOARD
Outranked Drivers: input.inf:HID_DEVICE:00FF1005
Device Updated: false
Parent Device: USB\VID_413C&PID_4503&MI_00\6&386bff60&0&0000"
"06-08-2026 14:29:27","410","Information","Microsoft-Windows-Kernel-PnP","Device USB\VID_413C&PID_4503&MI_00\6&386bff60&0&0000 was started.

Driver Name: input.inf
Class GUID: {745a17a0-74d3-11d0-b6fe-00a0c90f57da}
Service: HidUsb
Lower Filters: 
Upper Filters: "
"06-08-2026 14:29:27","400","Information","Microsoft-Windows-Kernel-PnP","Device USB\VID_413C&PID_4503&MI_02\6&386bff60&0&0002 was configured.

Driver Name: input.inf
Driver Package ID: input.inf_amd64_a22d0c7b993d162a
Class GUID: {745a17a0-74d3-11d0-b6fe-00a0c90f57da}
Driver Date: 06/21/2006
Driver Version: 10.0.26100.8875
Driver Provider: Microsoft
Driver Section: HID_Inst.NT
Driver Rank: 0xFF3205
Matching Device ID: USB\Class_03
Outranked Drivers: 
Device Updated: false
Parent Device: USB\VID_413C&PID_4503\5&2dc84fba&0&6"
"06-08-2026 14:29:27","400","Information","Microsoft-Windows-Kernel-PnP","Device USB\VID_413C&PID_4503&MI_01\6&386bff60&0&0001 was configured.

Driver Name: input.inf
Driver Package ID: input.inf_amd64_a22d0c7b993d162a
Class GUID: {745a17a0-74d3-11d0-b6fe-00a0c90f57da}
Driver Date: 06/21/2006
Driver Version: 10.0.26100.8875
Driver Provider: Microsoft
Driver Section: HID_Inst.NT
Driver Rank: 0xFF3104
Matching Device ID: USB\Class_03&SubClass_01
Outranked Drivers: input.inf:USB\Class_03:00FF3205
Device Updated: false
Parent Device: USB\VID_413C&PID_4503\5&2dc84fba&0&6"
"06-08-2026 14:29:27","400","Information","Microsoft-Windows-Kernel-PnP","Device USB\VID_413C&PID_4503&MI_00\6&386bff60&0&0000 was configured.

Driver Name: input.inf
Driver Package ID: input.inf_amd64_a22d0c7b993d162a
Class GUID: {745a17a0-74d3-11d0-b6fe-00a0c90f57da}
Driver Date: 06/21/2006
Driver Version: 10.0.26100.8875
Driver Provider: Microsoft
Driver Section: HID_Inst.NT
Driver Rank: 0xFF3104
Matching Device ID: USB\Class_03&SubClass_01
Outranked Drivers: input.inf:USB\Class_03:00FF3205
Device Updated: false
Parent Device: USB\VID_413C&PID_4503\5&2dc84fba&0&6"
"06-08-2026 14:29:27","410","Information","Microsoft-Windows-Kernel-PnP","Device USB\VID_413C&PID_4503\5&2dc84fba&0&6 was started.

Driver Name: usb.inf
Class GUID: {36fc9e60-c465-11cf-8056-444553540000}
Service: usbccgp
Lower Filters: 
Upper Filters: "
"06-08-2026 14:29:27","400","Information","Microsoft-Windows-Kernel-PnP","Device USB\VID_413C&PID_4503\5&2dc84fba&0&6 was configured.

Driver Name: usb.inf
Driver Package ID: usb.inf_amd64_7095c3ec54f00c81
Class GUID: {36fc9e60-c465-11cf-8056-444553540000}
Driver Date: 06/21/2006
Driver Version: 10.0.26100.8737
Driver Provider: Microsoft
Driver Section: Composite.Dev.NT
Driver Rank: 0xFF2006
Matching Device ID: USB\COMPOSITE
Outranked Drivers: 
Device Updated: false
Parent Device: USB\ROOT_HUB30\4&2169287b&0&0"
"05-08-2026 11:37:31","410","Information","Microsoft-Windows-Kernel-PnP","Device PCI\VEN_8086&DEV_7D1D&SUBSYS_0CE81028&REV_05\3&11583659&0&58 was started.

Driver Name: oem530.inf
Class GUID: {f01a9d53-3ff6-48d2-9f97-c8a7004be10c}
Service: npu
Lower Filters: 
Upper Filters: "
"05-08-2026 11:37:30","400","Information","Microsoft-Windows-Kernel-PnP","Device PCI\VEN_8086&DEV_7D1D&SUBSYS_0CE81028&REV_05\3&11583659&0&58 was configured.

Driver Name: oem542.inf
Driver Package ID: npu_extension.inf_amd64_b03f832265ebd3fa
Class GUID: {e2f84ce7-8efa-411c-aa69-97454ca4cb57}
Driver Date: 04/28/2026
Driver Version: 32.0.100.4778
Driver Provider: Intel Corporation
Driver Section: NPU_7D1D_w11_Extension_Install
Driver Rank: 0xFF0001
Matching Device ID: PCI\VEN_8086&DEV_7D1D&SUBSYS_0CE81028
Outranked Drivers: 
Device Updated: true
Parent Device: ACPI\PNP0A08\0"
"05-08-2026 11:37:30","400","Information","Microsoft-Windows-Kernel-PnP","Device PCI\VEN_8086&DEV_7D1D&SUBSYS_0CE81028&REV_05\3&11583659&0&58 was configured.

Driver Name: oem439.inf
Driver Package ID: npu_extension.inf_amd64_94e59c10d33bc0d0
Class GUID: {e2f84ce7-8efa-411c-aa69-97454ca4cb57}
Driver Date: 02/06/2025
Driver Version: 32.0.100.3717
Driver Provider: Intel Corporation
Driver Section: NPU_7D1D_w11_Extension_Install
Driver Rank: 0xFF0001
Matching Device ID: PCI\VEN_8086&DEV_7D1D&SUBSYS_0CE81028
Outranked Drivers: 
Device Updated: true
Parent Device: ACPI\PNP0A08\0"
"05-08-2026 11:37:30","400","Information","Microsoft-Windows-Kernel-PnP","Device PCI\VEN_8086&DEV_7D1D&SUBSYS_0CE81028&REV_05\3&11583659&0&58 was configured.

Driver Name: oem530.inf
Driver Package ID: npu.inf_amd64_c174cd41587112dd
Class GUID: {f01a9d53-3ff6-48d2-9f97-c8a7004be10c}
Driver Date: 03/19/2026
Driver Version: 32.0.100.4724
Driver Provider: Intel Corporation
Driver Section: NPU2_7_w11_26100_DS
Driver Rank: 0xFE2001
Matching Device ID: PCI\VEN_8086&DEV_7D1D
Outranked Drivers: oem55.inf:PCI\VEN_8086&DEV_7D1D:00FF2001 oem108.inf:PCI\VEN_8086&DEV_7D1D:00FF2001 oem156.inf:PCI\VEN_8086&DEV_7D1D:00FF2001 oem392.inf:PCI\VEN_8086&DEV_7D1D:00FF2001 oem483.inf:PCI\VEN_8086&DEV_7D1D:00FF2001
Device Updated: true
Parent Device: ACPI\PNP0A08\0"
"03-08-2026 09:45:11","410","Information","Microsoft-Windows-Kernel-PnP","Device SWD\DRIVERENUM\IpfEfExtComponent&4&23556e4&0 was started.

Driver Name: oem503.inf
Class GUID: {4d36e97d-e325-11ce-bfc1-08002be10318}
Service: 
Lower Filters: 
Upper Filters: "
"03-08-2026 09:45:09","410","Information","Microsoft-Windows-Kernel-PnP","Device PCI\VEN_8086&DEV_7D0D&SUBSYS_0CE81028&REV_01\3&11583659&0&50 was started.

Driver Name: oem308.inf
Class GUID: {4d36e97d-e325-11ce-bfc1-08002be10318}
Service: IntcPMT
Lower Filters: 
Upper Filters: "
"03-08-2026 09:45:08","410","Information","Microsoft-Windows-Kernel-PnP","Device PCI\VEN_8086&DEV_7D03&SUBSYS_0CE81028&REV_05\3&11583659&0&20 was started.

Driver Name: oem503.inf
Class GUID: {4d36e97d-e325-11ce-bfc1-08002be10318}
Service: ipf_cpu
Lower Filters: 
Upper Filters: WUDFRd"
"03-08-2026 09:45:08","400","Information","Microsoft-Windows-Kernel-PnP","Device PCI\VEN_8086&DEV_7D03&SUBSYS_0CE81028&REV_05\3&11583659&0&20 was configured.

Driver Name: oem541.inf
Driver Package ID: dtt_ext.inf_amd64_63f21041234bd155
Class GUID: {e2f84ce7-8efa-411c-aa69-97454ca4cb57}
Driver Date: 05/01/2026
Driver Version: 9.1.10010.2297
Driver Provider: Intel
Driver Section: DttExtInstall.NTamd64
Driver Rank: 0xFF2001
Matching Device ID: PCI\VEN_8086&DEV_7D03
Outranked Drivers: 
Device Updated: true
Parent Device: ACPI\PNP0A08\0"
"03-08-2026 09:45:08","400","Information","Microsoft-Windows-Kernel-PnP","Device PCI\VEN_8086&DEV_7D03&SUBSYS_0CE81028&REV_05\3&11583659&0&20 was configured.

Driver Name: oem539.inf
Driver Package ID: socthermalprovider_ext.inf_amd64_132ee8dbe6b96e3c
Class GUID: {e2f84ce7-8efa-411c-aa69-97454ca4cb57}
Driver Date: 03/12/2026
Driver Version: 3.4.1007.0
Driver Provider: Intel
Driver Section: IpfEfSOCThermalProviderInstall.NTamd64
Driver Rank: 0xFF2001
Matching Device ID: PCI\VEN_8086&DEV_7D03
Outranked Drivers: 
Device Updated: true
Parent Device: ACPI\PNP0A08\0"
"03-08-2026 09:45:08","400","Information","Microsoft-Windows-Kernel-PnP","Device PCI\VEN_8086&DEV_7D03&SUBSYS_0CE81028&REV_05\3&11583659&0&20 was configured.

Driver Name: oem503.inf
Driver Package ID: ipf_cpu.inf_amd64_5fe37e024ff302b0
Class GUID: {4d36e97d-e325-11ce-bfc1-08002be10318}
Driver Date: 01/14/2026
Driver Version: 2.3.20303.5058
Driver Provider: Intel
Driver Section: IpfInstall_EF.NTamd64
Driver Rank: 0xFF2001
Matching Device ID: PCI\VEN_8086&DEV_7D03
Outranked Drivers: oem144.inf:PCI\VEN_8086&DEV_7D03:00FF2001 oem451.inf:PCI\VEN_8086&DEV_7D03:00FF2001
Device Updated: true
Parent Device: ACPI\PNP0A08\0"
"03-08-2026 09:45:03","400","Information","Microsoft-Windows-Kernel-PnP","Device SWD\DRIVERENUM\IpfEfExtComponent&4&23556e4&0 was configured.

Driver Name: oem540.inf
Driver Package ID: modsprovider_ext.inf_amd64_93a509c7f48afa89
Class GUID: {e2f84ce7-8efa-411c-aa69-97454ca4cb57}
Driver Date: 03/12/2026
Driver Version: 3.4.1007.0
Driver Provider: Intel
Driver Section: IpfEfProviderInstall.NTamd64
Driver Rank: 0xFF0000
Matching Device ID: SWC\VID8086_IPFEF_1.0
Outranked Drivers: 
Device Updated: true
Parent Device: PCI\VEN_8086&DEV_7D03&SUBSYS_0CE81028&REV_05\3&11583659&0&20"
"03-08-2026 09:45:03","400","Information","Microsoft-Windows-Kernel-PnP","Device SWD\DRIVERENUM\IpfEfExtComponent&4&23556e4&0 was configured.

Driver Name: oem537.inf
Driver Package ID: perfmonprovider_ext.inf_amd64_229f9e750b3d815b
Class GUID: {e2f84ce7-8efa-411c-aa69-97454ca4cb57}
Driver Date: 03/12/2026
Driver Version: 3.4.1007.0
Driver Provider: Intel
Driver Section: IpfEfProviderInstall.NTamd64
Driver Rank: 0xFF0000
Matching Device ID: SWC\VID8086_IPFEF_1.0
Outranked Drivers: 
Device Updated: true
Parent Device: PCI\VEN_8086&DEV_7D03&SUBSYS_0CE81028&REV_05\3&11583659&0&20"
"03-08-2026 09:45:03","400","Information","Microsoft-Windows-Kernel-PnP","Device SWD\DRIVERENUM\IpfEfExtComponent&4&23556e4&0 was configured.

Driver Name: oem536.inf
Driver Package ID: systemconfigprovider_ext.inf_amd64_2370b64c582c057e
Class GUID: {e2f84ce7-8efa-411c-aa69-97454ca4cb57}
Driver Date: 03/12/2026
Driver Version: 3.4.1007.0
Driver Provider: Intel
Driver Section: IpfEfProviderInstall.NTamd64
Driver Rank: 0xFF0000
Matching Device ID: SWC\VID8086_IPFEF_1.0
Outranked Drivers: 
Device Updated: true
Parent Device: PCI\VEN_8086&DEV_7D03&SUBSYS_0CE81028&REV_05\3&11583659&0&20"
"03-08-2026 09:45:03","400","Information","Microsoft-Windows-Kernel-PnP","Device SWD\DRIVERENUM\IpfEfExtComponent&4&23556e4&0 was configured.

Driver Name: oem494.inf
Driver Package ID: pcdtelemetryprovider_ext.inf_amd64_0e67c963f1432d75
Class GUID: {e2f84ce7-8efa-411c-aa69-97454ca4cb57}
Driver Date: 10/28/2025
Driver Version: 1.2.1001.0
Driver Provider: Intel
Driver Section: IpfEfProviderInstall.NTamd64
Driver Rank: 0xFF0000
Matching Device ID: SWC\VID8086_IPFEF_1.0
Outranked Drivers: 
Device Updated: true
Parent Device: PCI\VEN_8086&DEV_7D03&SUBSYS_0CE81028&REV_05\3&11583659&0&20"
"03-08-2026 09:45:03","400","Information","Microsoft-Windows-Kernel-PnP","Device SWD\DRIVERENUM\IpfEfExtComponent&4&23556e4&0 was configured.

Driver Name: oem488.inf
Driver Package ID: igcl_ipf_provider_ext.inf_amd64_3d8f0106e17ff721
Class GUID: {e2f84ce7-8efa-411c-aa69-97454ca4cb57}
Driver Date: 08/05/2025
Driver Version: 16.1.0.257
Driver Provider: Intel
Driver Section: IpfEfProviderInstall.NTamd64
Driver Rank: 0xFF0000
Matching Device ID: SWC\VID8086_IPFEF_1.0
Outranked Drivers: 
Device Updated: true
Parent Device: PCI\VEN_8086&DEV_7D03&SUBSYS_0CE81028&REV_05\3&11583659&0&20"
"03-08-2026 09:45:03","400","Information","Microsoft-Windows-Kernel-PnP","Device SWD\DRIVERENUM\IpfEfExtComponent&4&23556e4&0 was configured.

Driver Name: oem503.inf
Driver Package ID: ipf_cpu.inf_amd64_5fe37e024ff302b0
Class GUID: {4d36e97d-e325-11ce-bfc1-08002be10318}
Driver Date: 01/14/2026
Driver Version: 2.3.20303.5058
Driver Provider: Intel
Driver Section: IpfEfInstall.NTamd64
Driver Rank: 0xFF0000
Matching Device ID: SWC\VID8086_IPFEF_1.0
Outranked Drivers: oem144.inf:SWC\VID8086_IPFEF_1.0:00FF0000 oem451.inf:SWC\VID8086_IPFEF_1.0:00FF0000 c_swcomponent.inf:SWC\Generic:00FF3000 c_swdevice.inf:SWD\GenericRaw:00FF3001
Device Updated: true
Parent Device: PCI\VEN_8086&DEV_7D03&SUBSYS_0CE81028&REV_05\3&11583659&0&20"
"03-08-2026 09:44:59","400","Information","Microsoft-Windows-Kernel-PnP","Device PCI\VEN_8086&DEV_7D03&SUBSYS_0CE81028&REV_05\3&11583659&0&20 was configured.

Driver Name: oem539.inf
Driver Package ID: socthermalprovider_ext.inf_amd64_132ee8dbe6b96e3c
Class GUID: {e2f84ce7-8efa-411c-aa69-97454ca4cb57}
Driver Date: 03/12/2026
Driver Version: 3.4.1007.0
Driver Provider: Intel
Driver Section: IpfEfSOCThermalProviderInstall.NTamd64
Driver Rank: 0xFF2001
Matching Device ID: PCI\VEN_8086&DEV_7D03
Outranked Drivers: 
Device Updated: true
Parent Device: ACPI\PNP0A08\0"
"03-08-2026 09:44:59","400","Information","Microsoft-Windows-Kernel-PnP","Device PCI\VEN_8086&DEV_7D03&SUBSYS_0CE81028&REV_05\3&11583659&0&20 was configured.

Driver Name: oem495.inf
Driver Package ID: dtt_ext.inf_amd64_63332b0a44b6cf39
Class GUID: {e2f84ce7-8efa-411c-aa69-97454ca4cb57}
Driver Date: 03/11/2026
Driver Version: 9.1.10009.1745
Driver Provider: Intel
Driver Section: DttExtInstall.NTamd64
Driver Rank: 0xFF2001
Matching Device ID: PCI\VEN_8086&DEV_7D03
Outranked Drivers: 
Device Updated: true
Parent Device: ACPI\PNP0A08\0"
"03-08-2026 09:44:59","400","Information","Microsoft-Windows-Kernel-PnP","Device PCI\VEN_8086&DEV_7D03&SUBSYS_0CE81028&REV_05\3&11583659&0&20 was configured.

Driver Name: oem503.inf
Driver Package ID: ipf_cpu.inf_amd64_5fe37e024ff302b0
Class GUID: {4d36e97d-e325-11ce-bfc1-08002be10318}
Driver Date: 01/14/2026
Driver Version: 2.3.20303.5058
Driver Provider: Intel
Driver Section: IpfInstall_EF.NTamd64
Driver Rank: 0xFF2001
Matching Device ID: PCI\VEN_8086&DEV_7D03
Outranked Drivers: oem144.inf:PCI\VEN_8086&DEV_7D03:00FF2001 oem451.inf:PCI\VEN_8086&DEV_7D03:00FF2001
Device Updated: true
Parent Device: ACPI\PNP0A08\0"
"03-08-2026 09:44:55","400","Information","Microsoft-Windows-Kernel-PnP","Device PCI\VEN_8086&DEV_7D0D&SUBSYS_0CE81028&REV_01\3&11583659&0&50 was configured.

Driver Name: oem538.inf
Driver Package ID: pmtprovider_ext.inf_amd64_b2d2696e722bfc78
Class GUID: {e2f84ce7-8efa-411c-aa69-97454ca4cb57}
Driver Date: 03/12/2026
Driver Version: 3.4.1007.0
Driver Provider: Intel
Driver Section: IpfEfPmtProviderInstall.NTamd64
Driver Rank: 0xFF2001
Matching Device ID: PCI\VEN_8086&DEV_7D0D
Outranked Drivers: 
Device Updated: true
Parent Device: ACPI\PNP0A08\0"
"03-08-2026 09:44:55","400","Information","Microsoft-Windows-Kernel-PnP","Device PCI\VEN_8086&DEV_7D0D&SUBSYS_0CE81028&REV_01\3&11583659&0&50 was configured.

Driver Name: oem308.inf
Driver Package ID: intcpmt.inf_amd64_7a61591fddff4def
Class GUID: {4d36e97d-e325-11ce-bfc1-08002be10318}
Driver Date: 05/24/2024
Driver Version: 3.1.2.6
Driver Provider: Intel(R) Platform Monitoring Technology (PMT) Device
Driver Section: CPUPMT_Device
Driver Rank: 0xFF2001
Matching Device ID: PCI\VEN_8086&DEV_7D0D
Outranked Drivers: 
Device Updated: true
Parent Device: ACPI\PNP0A08\0"
"03-08-2026 09:44:52","400","Information","Microsoft-Windows-Kernel-PnP","Device SWD\DRIVERENUM\IpfEfExtComponent&4&23556e4&0 was configured.

Driver Name: oem537.inf
Driver Package ID: perfmonprovider_ext.inf_amd64_229f9e750b3d815b
Class GUID: {e2f84ce7-8efa-411c-aa69-97454ca4cb57}
Driver Date: 03/12/2026
Driver Version: 3.4.1007.0
Driver Provider: Intel
Driver Section: IpfEfProviderInstall.NTamd64
Driver Rank: 0xFF0000
Matching Device ID: SWC\VID8086_IPFEF_1.0
Outranked Drivers: 
Device Updated: true
Parent Device: PCI\VEN_8086&DEV_7D03&SUBSYS_0CE81028&REV_05\3&11583659&0&20"
"03-08-2026 09:44:52","400","Information","Microsoft-Windows-Kernel-PnP","Device SWD\DRIVERENUM\IpfEfExtComponent&4&23556e4&0 was configured.

Driver Name: oem536.inf
Driver Package ID: systemconfigprovider_ext.inf_amd64_2370b64c582c057e
Class GUID: {e2f84ce7-8efa-411c-aa69-97454ca4cb57}
Driver Date: 03/12/2026
Driver Version: 3.4.1007.0
Driver Provider: Intel
Driver Section: IpfEfProviderInstall.NTamd64
Driver Rank: 0xFF0000
Matching Device ID: SWC\VID8086_IPFEF_1.0
Outranked Drivers: 
Device Updated: true
Parent Device: PCI\VEN_8086&DEV_7D03&SUBSYS_0CE81028&REV_05\3&11583659&0&20"
"03-08-2026 09:44:52","400","Information","Microsoft-Windows-Kernel-PnP","Device SWD\DRIVERENUM\IpfEfExtComponent&4&23556e4&0 was configured.

Driver Name: oem494.inf
Driver Package ID: pcdtelemetryprovider_ext.inf_amd64_0e67c963f1432d75
Class GUID: {e2f84ce7-8efa-411c-aa69-97454ca4cb57}
Driver Date: 10/28/2025
Driver Version: 1.2.1001.0
Driver Provider: Intel
Driver Section: IpfEfProviderInstall.NTamd64
Driver Rank: 0xFF0000
Matching Device ID: SWC\VID8086_IPFEF_1.0
Outranked Drivers: 
Device Updated: true
Parent Device: PCI\VEN_8086&DEV_7D03&SUBSYS_0CE81028&REV_05\3&11583659&0&20"
"03-08-2026 09:44:52","400","Information","Microsoft-Windows-Kernel-PnP","Device SWD\DRIVERENUM\IpfEfExtComponent&4&23556e4&0 was configured.

Driver Name: oem492.inf
Driver Package ID: modsprovider_ext.inf_amd64_b8da4a57908389ff
Class GUID: {e2f84ce7-8efa-411c-aa69-97454ca4cb57}
Driver Date: 01/17/2026
Driver Version: 3.4.1005.0
Driver Provider: Intel
Driver Section: IpfEfProviderInstall.NTamd64
Driver Rank: 0xFF0000
Matching Device ID: SWC\VID8086_IPFEF_1.0
Outranked Drivers: 
Device Updated: true
Parent Device: PCI\VEN_8086&DEV_7D03&SUBSYS_0CE81028&REV_05\3&11583659&0&20"
"03-08-2026 09:44:52","400","Information","Microsoft-Windows-Kernel-PnP","Device SWD\DRIVERENUM\IpfEfExtComponent&4&23556e4&0 was configured.

Driver Name: oem488.inf
Driver Package ID: igcl_ipf_provider_ext.inf_amd64_3d8f0106e17ff721
Class GUID: {e2f84ce7-8efa-411c-aa69-97454ca4cb57}
Driver Date: 08/05/2025
Driver Version: 16.1.0.257
Driver Provider: Intel
Driver Section: IpfEfProviderInstall.NTamd64
Driver Rank: 0xFF0000
Matching Device ID: SWC\VID8086_IPFEF_1.0
Outranked Drivers: 
Device Updated: true
Parent Device: PCI\VEN_8086&DEV_7D03&SUBSYS_0CE81028&REV_05\3&11583659&0&20"
"03-08-2026 09:44:52","400","Information","Microsoft-Windows-Kernel-PnP","Device SWD\DRIVERENUM\IpfEfExtComponent&4&23556e4&0 was configured.

Driver Name: oem503.inf
Driver Package ID: ipf_cpu.inf_amd64_5fe37e024ff302b0
Class GUID: {4d36e97d-e325-11ce-bfc1-08002be10318}
Driver Date: 01/14/2026
Driver Version: 2.3.20303.5058
Driver Provider: Intel
Driver Section: IpfEfInstall.NTamd64
Driver Rank: 0xFF0000
Matching Device ID: SWC\VID8086_IPFEF_1.0
Outranked Drivers: oem144.inf:SWC\VID8086_IPFEF_1.0:00FF0000 oem451.inf:SWC\VID8086_IPFEF_1.0:00FF0000 c_swcomponent.inf:SWC\Generic:00FF3000 c_swdevice.inf:SWD\GenericRaw:00FF3001
Device Updated: true
Parent Device: PCI\VEN_8086&DEV_7D03&SUBSYS_0CE81028&REV_05\3&11583659&0&20"
"03-08-2026 09:44:49","400","Information","Microsoft-Windows-Kernel-PnP","Device SWD\DRIVERENUM\IpfEfExtComponent&4&23556e4&0 was configured.

Driver Name: oem536.inf
Driver Package ID: systemconfigprovider_ext.inf_amd64_2370b64c582c057e
Class GUID: {e2f84ce7-8efa-411c-aa69-97454ca4cb57}
Driver Date: 03/12/2026
Driver Version: 3.4.1007.0
Driver Provider: Intel
Driver Section: IpfEfProviderInstall.NTamd64
Driver Rank: 0xFF0000
Matching Device ID: SWC\VID8086_IPFEF_1.0
Outranked Drivers: 
Device Updated: true
Parent Device: PCI\VEN_8086&DEV_7D03&SUBSYS_0CE81028&REV_05\3&11583659&0&20"
"03-08-2026 09:44:49","400","Information","Microsoft-Windows-Kernel-PnP","Device SWD\DRIVERENUM\IpfEfExtComponent&4&23556e4&0 was configured.

Driver Name: oem494.inf
Driver Package ID: pcdtelemetryprovider_ext.inf_amd64_0e67c963f1432d75
Class GUID: {e2f84ce7-8efa-411c-aa69-97454ca4cb57}
Driver Date: 10/28/2025
Driver Version: 1.2.1001.0
Driver Provider: Intel
Driver Section: IpfEfProviderInstall.NTamd64
Driver Rank: 0xFF0000
Matching Device ID: SWC\VID8086_IPFEF_1.0
Outranked Drivers: 
Device Updated: true
Parent Device: PCI\VEN_8086&DEV_7D03&SUBSYS_0CE81028&REV_05\3&11583659&0&20"
"03-08-2026 09:44:49","400","Information","Microsoft-Windows-Kernel-PnP","Device SWD\DRIVERENUM\IpfEfExtComponent&4&23556e4&0 was configured.

Driver Name: oem492.inf
Driver Package ID: modsprovider_ext.inf_amd64_b8da4a57908389ff
Class GUID: {e2f84ce7-8efa-411c-aa69-97454ca4cb57}
Driver Date: 01/17/2026
Driver Version: 3.4.1005.0
Driver Provider: Intel
Driver Section: IpfEfProviderInstall.NTamd64
Driver Rank: 0xFF0000
Matching Device ID: SWC\VID8086_IPFEF_1.0
Outranked Drivers: 
Device Updated: true
Parent Device: PCI\VEN_8086&DEV_7D03&SUBSYS_0CE81028&REV_05\3&11583659&0&20"
"03-08-2026 09:44:49","400","Information","Microsoft-Windows-Kernel-PnP","Device SWD\DRIVERENUM\IpfEfExtComponent&4&23556e4&0 was configured.

Driver Name: oem489.inf
Driver Package ID: perfmonprovider_ext.inf_amd64_956a25d81dae6813
Class GUID: {e2f84ce7-8efa-411c-aa69-97454ca4cb57}
Driver Date: 01/17/2026
Driver Version: 3.4.1005.0
Driver Provider: Intel
Driver Section: IpfEfProviderInstall.NTamd64
Driver Rank: 0xFF0000
Matching Device ID: SWC\VID8086_IPFEF_1.0
Outranked Drivers: 
Device Updated: true
Parent Device: PCI\VEN_8086&DEV_7D03&SUBSYS_0CE81028&REV_05\3&11583659&0&20"
"03-08-2026 09:44:49","400","Information","Microsoft-Windows-Kernel-PnP","Device SWD\DRIVERENUM\IpfEfExtComponent&4&23556e4&0 was configured.

Driver Name: oem488.inf
Driver Package ID: igcl_ipf_provider_ext.inf_amd64_3d8f0106e17ff721
Class GUID: {e2f84ce7-8efa-411c-aa69-97454ca4cb57}
Driver Date: 08/05/2025
Driver Version: 16.1.0.257
Driver Provider: Intel
Driver Section: IpfEfProviderInstall.NTamd64
Driver Rank: 0xFF0000
Matching Device ID: SWC\VID8086_IPFEF_1.0
Outranked Drivers: 
Device Updated: true
Parent Device: PCI\VEN_8086&DEV_7D03&SUBSYS_0CE81028&REV_05\3&11583659&0&20"
"03-08-2026 09:44:49","400","Information","Microsoft-Windows-Kernel-PnP","Device SWD\DRIVERENUM\IpfEfExtComponent&4&23556e4&0 was configured.

Driver Name: oem503.inf
Driver Package ID: ipf_cpu.inf_amd64_5fe37e024ff302b0
Class GUID: {4d36e97d-e325-11ce-bfc1-08002be10318}
Driver Date: 01/14/2026
Driver Version: 2.3.20303.5058
Driver Provider: Intel
Driver Section: IpfEfInstall.NTamd64
Driver Rank: 0xFF0000
Matching Device ID: SWC\VID8086_IPFEF_1.0
Outranked Drivers: oem144.inf:SWC\VID8086_IPFEF_1.0:00FF0000 oem451.inf:SWC\VID8086_IPFEF_1.0:00FF0000 c_swcomponent.inf:SWC\Generic:00FF3000 c_swdevice.inf:SWD\GenericRaw:00FF3001
Device Updated: true
Parent Device: PCI\VEN_8086&DEV_7D03&SUBSYS_0CE81028&REV_05\3&11583659&0&20"
"03-08-2026 09:44:45","410","Information","Microsoft-Windows-Kernel-PnP","Device PCI\VEN_8086&DEV_7770&SUBSYS_0CE81028&REV_00\3&11583659&0&B0 was started.

Driver Name: oem162.inf
Class GUID: {4d36e97d-e325-11ce-bfc1-08002be10318}
Service: MEIx64
Lower Filters: 
Upper Filters: "
"03-08-2026 09:44:44","400","Information","Microsoft-Windows-Kernel-PnP","Device PCI\VEN_8086&DEV_7770&SUBSYS_0CE81028&REV_00\3&11583659&0&B0 was configured.

Driver Name: oem535.inf
Driver Package ID: wiman_wlan_extension.inf_amd64_0725f77e4ab8e3be
Class GUID: {e2f84ce7-8efa-411c-aa69-97454ca4cb57}
Driver Date: 02/11/2026
Driver Version: 267.102.85.0
Driver Provider: Intel
Driver Section: WiManWlanExtInstallSection_HECI_IO_MTL_M.NT
Driver Rank: 0xFF2001
Matching Device ID: PCI\VEN_8086&DEV_7770
Outranked Drivers: 
Device Updated: true
Parent Device: ACPI\PNP0A08\0"
"03-08-2026 09:44:44","400","Information","Microsoft-Windows-Kernel-PnP","Device PCI\VEN_8086&DEV_7770&SUBSYS_0CE81028&REV_00\3&11583659&0&B0 was configured.

Driver Name: oem162.inf
Driver Package ID: heci.inf_amd64_8aa2a580e0a96b6f
Class GUID: {4d36e97d-e325-11ce-bfc1-08002be10318}
Driver Date: 11/12/2025
Driver Version: 2546.8.9.0
Driver Provider: Intel
Driver Section: TEE_DDI_x64
Driver Rank: 0xFF2001
Matching Device ID: PCI\VEN_8086&DEV_7770
Outranked Drivers: oem65.inf:PCI\VEN_8086&DEV_7770:00FF2001 oem107.inf:PCI\VEN_8086&DEV_7770:00FF2001 oem227.inf:PCI\VEN_8086&DEV_7770:00FF2001 oem319.inf:PCI\VEN_8086&DEV_7770:00FF2001
Device Updated: true
Parent Device: ACPI\PNP0A08\0"
"27-07-2026 09:34:19","411","Error","Microsoft-Windows-Kernel-PnP","Device HID\Vid_8087&Pid_0AC2\7&1b7be250&0&0000 had a problem starting.

Driver Name: sensorshidclassdriver.inf
Class GUID: {5175d334-c371-4806-b3ba-71fd53c9258d}
Service: WUDFRd
Lower Filters: 
Upper Filters: 
Problem: 0x25
Problem Status: 0xC0000034"
"27-07-2026 09:34:19","400","Information","Microsoft-Windows-Kernel-PnP","Device HID\Vid_8087&Pid_0AC2\7&1b7be250&0&0000 was configured.

Driver Name: sensorshidclassdriver.inf
Driver Package ID: sensorshidclassdriver.inf_amd64_09d21bedd98ca2fc
Class GUID: {5175d334-c371-4806-b3ba-71fd53c9258d}
Driver Date: 04/21/2009
Driver Version: 10.0.26100.8737
Driver Provider: Microsoft
Driver Section: SensorsHIDClassDriver_Install.NT
Driver Rank: 0xFF0002
Matching Device ID: HID_DEVICE_UP:0020_U:0001
Outranked Drivers: input.inf:HID_DEVICE:00FF1003
Device Updated: true
Parent Device: {DEA5AE2A-D1FD-438A-A091-CBD484788436}\Vid_8087&Pid_0AC2\6&1c25c748&0&00"
"27-07-2026 09:34:14","410","Information","Microsoft-Windows-Kernel-PnP","Device USB4\ROOT_DEVICE_ROUTER&VID_8086&PID_7EC3\4&2b9867fe&0&0 was started.

Driver Name: usb4devicerouter.inf
Class GUID: {36fc9e60-c465-11cf-8056-444553540000}
Service: Usb4DeviceRouter
Lower Filters: 
Upper Filters: "
"27-07-2026 09:34:13","400","Information","Microsoft-Windows-Kernel-PnP","Device USB4\ROOT_DEVICE_ROUTER&VID_8086&PID_7EC3\4&2b9867fe&0&0 was configured.

Driver Name: usb4devicerouter.inf
Driver Package ID: usb4devicerouter.inf_amd64_99bd05b346a16620
Class GUID: {36fc9e60-c465-11cf-8056-444553540000}
Driver Date: 06/18/2026
Driver Version: 10.0.26100.8737
Driver Provider: Microsoft
Driver Section: Usb4DeviceRouter_Device.NT
Driver Rank: 0xFF2000
Matching Device ID: USB4\ROOT_DEVICE_ROUTER
Outranked Drivers: usb4devicerouter.inf:USB4\DEVICE_ROUTER:00FF2001
Device Updated: true
Parent Device: PCI\VEN_8086&DEV_7EC3&SUBSYS_0CE81028&REV_10&USB4_MS_CM\3&11583659&0&6B"
"27-07-2026 09:34:13","410","Information","Microsoft-Windows-Kernel-PnP","Device PCI\VEN_8086&DEV_7EC3&SUBSYS_0CE81028&REV_10&USB4_MS_CM\3&11583659&0&6B was started.

Driver Name: usb4hostrouter.inf
Class GUID: {36fc9e60-c465-11cf-8056-444553540000}
Service: Usb4HostRouter
Lower Filters: 
Upper Filters: "
"27-07-2026 09:34:13","410","Information","Microsoft-Windows-Kernel-PnP","Device ACPI_HAL\UEFI\0 was started.

Driver Name: uefi.inf
Class GUID: {4d36e97d-e325-11ce-bfc1-08002be10318}
Service: UEFI
Lower Filters: 
Upper Filters: "
"27-07-2026 09:34:09","400","Information","Microsoft-Windows-Kernel-PnP","Device PCI\VEN_8086&DEV_7EC3&SUBSYS_0CE81028&REV_10&USB4_MS_CM\3&11583659&0&6B was configured.

Driver Name: usb4hostrouter.inf
Driver Package ID: usb4hostrouter.inf_amd64_5d71006f46adfaa1
Class GUID: {36fc9e60-c465-11cf-8056-444553540000}
Driver Date: 06/18/2026
Driver Version: 10.0.26100.8737
Driver Provider: Microsoft
Driver Section: Usb4HostRouter_Device.NT
Driver Rank: 0xFF0000
Matching Device ID: PCI\USB4_MS_CM
Outranked Drivers: 
Device Updated: true
Parent Device: ACPI\PNP0A08\0"
"27-07-2026 09:34:08","400","Information","Microsoft-Windows-Kernel-PnP","Device ACPI_HAL\UEFI\0 was configured.

Driver Name: uefi.inf
Driver Package ID: uefi.inf_amd64_8681c4be783af156
Class GUID: {4d36e97d-e325-11ce-bfc1-08002be10318}
Driver Date: 06/21/2006
Driver Version: 10.0.26100.8737
Driver Provider: Microsoft
Driver Section: UEFI_Inst.NT
Driver Rank: 0xFF0000
Matching Device ID: ACPI_HAL\UEFI
Outranked Drivers: 
Device Updated: true
Parent Device: ROOT\ACPI_HAL\0000"
"23-07-2026 10:17:56","410","Information","Microsoft-Windows-Kernel-PnP","Device SWD\DRIVERENUM\{96bedf2c-18cb-4a15-b821-5e95ed0fea61}#VocaEffectPack&1&2382dedd&0 was started.

Driver Name: oem534.inf
Class GUID: {5989fce8-9cd0-467d-8a6a-5419e31529d4}
Service: 
Lower Filters: 
Upper Filters: "
"23-07-2026 10:17:56","400","Information","Microsoft-Windows-Kernel-PnP","Device SWD\DRIVERENUM\{96bedf2c-18cb-4a15-b821-5e95ed0fea61}#VocaEffectPack&1&2382dedd&0 was configured.

Driver Name: oem534.inf
Driver Package ID: voiceclarityep_audio_component.inf_amd64_d5f0f6f169848993
Class GUID: {5989fce8-9cd0-467d-8a6a-5419e31529d4}
Driver Date: 06/16/2026
Driver Version: 1.0.4.7057
Driver Provider: Microsoft Corporation
Driver Section: MSVoiceClarityComponentAPO_Install.NTamd64
Driver Rank: 0xFF0000
Matching Device ID: SWC\VEN_MSFT&AUDIO_EFFECTPACK_VOICECLARITY
Outranked Drivers: oem212.inf:SWC\VEN_MSFT&AUDIO_EFFECTPACK_VOICECLARITY:00FF0000 oem217.inf:SWC\VEN_MSFT&AUDIO_EFFECTPACK_VOICECLARITY:00FF0000 oem528.inf:SWC\VEN_MSFT&AUDIO_EFFECTPACK_VOICECLARITY:00FF0000 c_swcomponent.inf:SWC\Generic:00FF3000 c_swdevice.inf:SWD\GenericRaw:00FF3001
Device Updated: true
Parent Device: SWD\COMPUTER\MFG_Dell_Inc.&FAM_Dell_Pro_Laptops&PROD_Dell_Pro_14_Plus_PB14250&SKU_0CE8"
"23-07-2026 10:17:53","410","Information","Microsoft-Windows-Kernel-PnP","Device PCI\VEN_8086&DEV_7740&SUBSYS_40E08086&REV_00\3&11583659&0&A3 was started.

Driver Name: oem533.inf
Class GUID: {4d36e972-e325-11ce-bfc1-08002be10318}
Service: Netwaw18
Lower Filters: 
Upper Filters: "
"23-07-2026 10:17:51","400","Information","Microsoft-Windows-Kernel-PnP","Device PCI\VEN_8086&DEV_7740&SUBSYS_40E08086&REV_00\3&11583659&0&A3 was configured.

Driver Name: oem533.inf
Driver Package ID: netwtw6e.inf_amd64_bd0a3abded73be0b
Class GUID: {4d36e972-e325-11ce-bfc1-08002be10318}
Driver Date: 05/20/2026
Driver Version: 24.50.0.4
Driver Provider: Intel
Driver Section: Install_GEN_BLZ_FmP2_201_BE_2x2_WinA
Driver Rank: 0xFF0001
Matching Device ID: PCI\VEN_8086&DEV_7740&SUBSYS_40E08086
Outranked Drivers: oem31.inf:PCI\VEN_8086&DEV_7740&SUBSYS_40E08086:00FF0001 oem61.inf:PCI\VEN_8086&DEV_7740&SUBSYS_40E08086:00FF0001 oem90.inf:PCI\VEN_8086&DEV_7740&SUBSYS_40E08086:00FF0001 oem335.inf:PCI\VEN_8086&DEV_7740&SUBSYS_40E08086:00FF0001 oem336.inf:PCI\VEN_8086&DEV_7740&SUBSYS_40E08086:00FF0001
Device Updated: true
Parent Device: ACPI\PNP0A08\0"
"22-07-2026 13:17:35","410","Information","Microsoft-Windows-Kernel-PnP","Device SWD\MMDEVAPI\{0.0.0.00000000}.{cdcd83a8-0046-4171-8ac8-c367eb72c1e5} was started.

Driver Name: audioendpoint.inf
Class GUID: {c166523c-fe0c-4a94-a586-f1a80cfbbf3e}
Service: 
Lower Filters: 
Upper Filters: "
"22-07-2026 13:17:35","400","Information","Microsoft-Windows-Kernel-PnP","Device SWD\MMDEVAPI\{0.0.0.00000000}.{cdcd83a8-0046-4171-8ac8-c367eb72c1e5} was configured.

Driver Name: audioendpoint.inf
Driver Package ID: audioendpoint.inf_amd64_271c4d03bad18da8
Class GUID: {c166523c-fe0c-4a94-a586-f1a80cfbbf3e}
Driver Date: 03/31/2024
Driver Version: 10.0.26100.1
Driver Provider: Microsoft
Driver Section: NO_DRV
Driver Rank: 0xFF0000
Matching Device ID: MMDEVAPI\AudioEndpoints
Outranked Drivers: c_swdevice.inf:SWD\GenericRaw:00FF3001
Device Updated: false
Parent Device: SWD\AspInfra\Beatbox._display._tcp.local#Miracast"
"22-07-2026 13:17:35","410","Information","Microsoft-Windows-Kernel-PnP","Device DISPLAY\Default_Monitor\3&629b398&0&UID256 was started.

Driver Name: monitor.inf
Class GUID: {4d36e96e-e325-11ce-bfc1-08002be10318}
Service: monitor
Lower Filters: 
Upper Filters: "
"22-07-2026 13:17:35","400","Information","Microsoft-Windows-Kernel-PnP","Device DISPLAY\Default_Monitor\3&629b398&0&UID256 was configured.

Driver Name: monitor.inf
Driver Package ID: monitor.inf_amd64_5ec6500792d2b4b4
Class GUID: {4d36e96e-e325-11ce-bfc1-08002be10318}
Driver Date: 06/21/2006
Driver Version: 10.0.26100.8521
Driver Provider: Microsoft
Driver Section: NonPnPMonitor.Install
Driver Rank: 0xFF0000
Matching Device ID: MONITOR\Default_Monitor
Outranked Drivers: monitor.inf:*PNP09FF:00FF2000
Device Updated: false
Parent Device: SWD\AspInfra\Beatbox._display._tcp.local#Miracast"
"22-07-2026 13:17:27","410","Information","Microsoft-Windows-Kernel-PnP","Device SWD\AspInfra\Beatbox._display._tcp.local#Miracast was started.

Driver Name: miradisp.inf
Class GUID: {d421b08e-6d16-41ca-9c4d-9147e5ac98e0}
Service: WUDFRd
Lower Filters: vhf
Upper Filters: IndirectKmd"
"22-07-2026 13:17:27","400","Information","Microsoft-Windows-Kernel-PnP","Device SWD\AspInfra\Beatbox._display._tcp.local#Miracast was configured.

Driver Name: miradisp.inf
Driver Package ID: miradisp.inf_amd64_bcfb4f80ff09019a
Class GUID: {d421b08e-6d16-41ca-9c4d-9147e5ac98e0}
Driver Date: 06/21/2006
Driver Version: 10.0.26100.8521
Driver Provider: Microsoft
Driver Section: MiraDisp_Inst
Driver Rank: 0xFF2000
Matching Device ID: WFD\MiracastDisplayDevice
Outranked Drivers: 
Device Updated: false
Parent Device: SWD\AspInfra\Beatbox._display._tcp.local"
"22-07-2026 13:17:27","410","Information","Microsoft-Windows-Kernel-PnP","Device SWD\AspInfra\Beatbox._display._tcp.local was started.

Driver Name: c_swdevice.inf
Class GUID: {62f9c741-b25a-46ce-b54c-9bccce08b6f2}
Service: 
Lower Filters: 
Upper Filters: "
"22-07-2026 13:17:27","400","Information","Microsoft-Windows-Kernel-PnP","Device SWD\AspInfra\Beatbox._display._tcp.local was configured.

Driver Name: c_swdevice.inf
Driver Package ID: c_swdevice.inf_amd64_845d51425d14f98b
Class GUID: {62f9c741-b25a-46ce-b54c-9bccce08b6f2}
Driver Date: 06/21/2006
Driver Version: 10.0.26100.1
Driver Provider: Microsoft
Driver Section: SoftwareDevice
Driver Rank: 0xFF3000
Matching Device ID: SWD\GenericRaw
Outranked Drivers: 
Device Updated: false
Parent Device: SWD\MSDAS\{ce958e9a-424f-4c88-86f4-11314821e75a}"
"22-07-2026 13:16:56","410","Information","Microsoft-Windows-Kernel-PnP","Device SWD\AspInfra\pandorabox1._display._tcp.local#Miracast was started.

Driver Name: miradisp.inf
Class GUID: {d421b08e-6d16-41ca-9c4d-9147e5ac98e0}
Service: WUDFRd
Lower Filters: vhf
Upper Filters: IndirectKmd"
"22-07-2026 13:16:56","400","Information","Microsoft-Windows-Kernel-PnP","Device SWD\AspInfra\pandorabox1._display._tcp.local#Miracast was configured.

Driver Name: miradisp.inf
Driver Package ID: miradisp.inf_amd64_bcfb4f80ff09019a
Class GUID: {d421b08e-6d16-41ca-9c4d-9147e5ac98e0}
Driver Date: 06/21/2006
Driver Version: 10.0.26100.8521
Driver Provider: Microsoft
Driver Section: MiraDisp_Inst
Driver Rank: 0xFF2000
Matching Device ID: WFD\MiracastDisplayDevice
Outranked Drivers: 
Device Updated: false
Parent Device: SWD\AspInfra\pandorabox1._display._tcp.local"
"22-07-2026 13:16:55","430","Information","Microsoft-Windows-Kernel-PnP","Device SWD\AspInfra\pandorabox1._display._tcp.local#Miracast requires further installation."
"22-07-2026 13:16:55","410","Information","Microsoft-Windows-Kernel-PnP","Device SWD\AspInfra\pandorabox1._display._tcp.local was started.

Driver Name: c_swdevice.inf
Class GUID: {62f9c741-b25a-46ce-b54c-9bccce08b6f2}
Service: 
Lower Filters: 
Upper Filters: "
"22-07-2026 13:16:55","400","Information","Microsoft-Windows-Kernel-PnP","Device SWD\AspInfra\pandorabox1._display._tcp.local was configured.

Driver Name: c_swdevice.inf
Driver Package ID: c_swdevice.inf_amd64_845d51425d14f98b
Class GUID: {62f9c741-b25a-46ce-b54c-9bccce08b6f2}
Driver Date: 06/21/2006
Driver Version: 10.0.26100.1
Driver Provider: Microsoft
Driver Section: SoftwareDevice
Driver Rank: 0xFF3000
Matching Device ID: SWD\GenericRaw
Outranked Drivers: 
Device Updated: false
Parent Device: SWD\MSDAS\{ce958e9a-424f-4c88-86f4-11314821e75a}"
"21-07-2026 08:45:50","410","Information","Microsoft-Windows-Kernel-PnP","Device SWD\PRINTENUM\{4FEAB96C-5CB8-4997-9C41-B605A445B317} was started.

Driver Name: printqueue.inf
Class GUID: {1ed2bbf9-11f0-4084-b21f-ad83a8e6dcdc}
Service: 
Lower Filters: 
Upper Filters: "
"21-07-2026 08:45:50","400","Information","Microsoft-Windows-Kernel-PnP","Device SWD\PRINTENUM\{4FEAB96C-5CB8-4997-9C41-B605A445B317} was configured.

Driver Name: printqueue.inf
Driver Package ID: printqueue.inf_amd64_044b5f13f940e7c8
Class GUID: {1ed2bbf9-11f0-4084-b21f-ad83a8e6dcdc}
Driver Date: 06/21/2006
Driver Version: 10.0.26100.1
Driver Provider: Microsoft
Driver Section: NO_DRV_LOCAL
Driver Rank: 0x1
Matching Device ID: PRINTENUM\LocalPrintQueue
Outranked Drivers: oem455.inf:{3ee39114-30b4-45a4-a109-19d4a40fcc22}:00FF0002 c_swdevice.inf:SWD\GenericRaw:00FF3001
Device Updated: false
Parent Device: SWD\PRINTENUM\PrintQueues"
"21-07-2026 08:45:50","420","Information","Microsoft-Windows-Kernel-PnP","Device SWD\PRINTENUM\{82F6BACE-4071-4A3C-8BEA-0425E01E8029} was deleted.

Class GUID: {1ed2bbf9-11f0-4084-b21f-ad83a8e6dcdc}"
"20-07-2026 11:28:21","410","Information","Microsoft-Windows-Kernel-PnP","Device USB\VID_8087&PID_0037\5&2dc84fba&0&10 was started.

Driver Name: oem532.inf
Class GUID: {e0cbf06c-cd8b-4647-bb8a-263b43f0f974}
Service: BTHUSB
Lower Filters: ibtusb
Upper Filters: "
"20-07-2026 11:28:17","400","Information","Microsoft-Windows-Kernel-PnP","Device USB\VID_8087&PID_0037\5&2dc84fba&0&10 was configured.

Driver Name: oem532.inf
Driver Package ID: ibtusb.inf_amd64_d3a5815b67aaced8
Class GUID: {e0cbf06c-cd8b-4647-bb8a-263b43f0f974}
Driver Date: 05/08/2026
Driver Version: 24.50.0.4
Driver Provider: Intel Corporation
Driver Section: ibtusb
Driver Rank: 0xFF0000
Matching Device ID: USB\VID_8087&PID_0037&REV_0000
Outranked Drivers: oem129.inf:USB\VID_8087&PID_0037&REV_0000:00FF0000 oem151.inf:USB\VID_8087&PID_0037&REV_0000:00FF0000 oem375.inf:USB\VID_8087&PID_0037&REV_0000:00FF0000 oem430.inf:USB\VID_8087&PID_0037&REV_0000:00FF0000 oem487.inf:USB\VID_8087&PID_0037&REV_0000:00FF0000 bth.inf:USB\Class_E0&SubClass_01&Prot_01:00FF2003
Device Updated: true
Parent Device: USB\ROOT_HUB30\4&2169287b&0&0"
"20-07-2026 10:30:31","420","Information","Microsoft-Windows-Kernel-PnP","Device ROOT\INSECURE_NPCAP\0000 was deleted.

Class GUID: {4d36e974-e325-11ce-bfc1-08002be10318}"
"20-07-2026 10:29:07","420","Information","Microsoft-Windows-Kernel-PnP","Device ROOT\ZS_ZAPPRD\0000 was deleted.

Class GUID: {4d36e974-e325-11ce-bfc1-08002be10318}"
"10-07-2026 10:40:47","410","Information","Microsoft-Windows-Kernel-PnP","Device SWD\DRIVERENUM\DPMAutoInstallDriver_Device_component&a&21b20916&0 was started.

Driver Name: oem425.inf
Class GUID: {5c4c3332-344d-483c-8739-259e934c9cc8}
Service: 
Lower Filters: 
Upper Filters: "
"10-07-2026 10:40:47","410","Information","Microsoft-Windows-Kernel-PnP","Device HID\VID_413C&PID_2514&MI_01&Col01\9&1020add9&0&0000 was started.

Driver Name: msmouse.inf
Class GUID: {4d36e96f-e325-11ce-bfc1-08002be10318}
Service: mouhid
Lower Filters: 
Upper Filters: "
"10-07-2026 10:40:47","410","Information","Microsoft-Windows-Kernel-PnP","Device HID\VID_413C&PID_2514&MI_00\9&33f7eb9b&0&0000 was started.

Driver Name: keyboard.inf
Class GUID: {4d36e96b-e325-11ce-bfc1-08002be10318}
Service: kbdhid
Lower Filters: 
Upper Filters: "
"10-07-2026 10:40:47","400","Information","Microsoft-Windows-Kernel-PnP","Device SWD\DRIVERENUM\DPMAutoInstallDriver_Device_component&a&21b20916&0 was configured.

Driver Name: oem425.inf
Driver Package ID: ddpmsoftwareinstall_component.inf_amd64_3d39f607b80ee919
Class GUID: {5c4c3332-344d-483c-8739-259e934c9cc8}
Driver Date: 03/03/2025
Driver Version: 1.0.0.8
Driver Provider: Dell Technologies Inc.
Driver Section: DDPMSoftwareInstall_Device_component.NTamd64
Driver Rank: 0xFF0000
Matching Device ID: SWC\DELL_DDPM0001
Outranked Drivers: c_swcomponent.inf:SWC\Generic:00FF3000 c_swdevice.inf:SWD\GenericRaw:00FF3001
Device Updated: false
Parent Device: HID\VID_413C&PID_2514&MI_02&Col02\9&27e43a1e&0&0001"
"10-07-2026 10:40:47","410","Information","Microsoft-Windows-Kernel-PnP","Device HID\VID_413C&PID_2514&MI_02&Col02\9&27e43a1e&0&0001 was started.

Driver Name: oem135.inf
Class GUID: {745a17a0-74d3-11d0-b6fe-00a0c90f57da}
Service: 
Lower Filters: 
Upper Filters: "
"10-07-2026 10:40:47","410","Information","Microsoft-Windows-Kernel-PnP","Device HID\VID_413C&PID_2514&MI_02&Col01\9&27e43a1e&0&0000 was started.

Driver Name: input.inf
Class GUID: {745a17a0-74d3-11d0-b6fe-00a0c90f57da}
Service: 
Lower Filters: 
Upper Filters: "
"10-07-2026 10:40:47","410","Information","Microsoft-Windows-Kernel-PnP","Device HID\VID_413C&PID_2514&MI_01&Col03\9&1020add9&0&0002 was started.

Driver Name: input.inf
Class GUID: {745a17a0-74d3-11d0-b6fe-00a0c90f57da}
Service: 
Lower Filters: 
Upper Filters: "
"10-07-2026 10:40:47","410","Information","Microsoft-Windows-Kernel-PnP","Device HID\VID_413C&PID_2514&MI_01&Col02\9&1020add9&0&0001 was started.

Driver Name: hidserv.inf
Class GUID: {745a17a0-74d3-11d0-b6fe-00a0c90f57da}
Service: 
Lower Filters: 
Upper Filters: "
"10-07-2026 10:40:47","400","Information","Microsoft-Windows-Kernel-PnP","Device HID\VID_413C&PID_2514&MI_02&Col02\9&27e43a1e&0&0001 was configured.

Driver Name: oem135.inf
Driver Package ID: dpmautoinstalldriver.inf_amd64_412d7d28a0358c95
Class GUID: {745a17a0-74d3-11d0-b6fe-00a0c90f57da}
Driver Date: 12/03/2025
Driver Version: 2.2.0.0
Driver Provider: Dell Inc.
Driver Section: DPMAutoInstallDriver_Device.NT
Driver Rank: 0xFF0001
Matching Device ID: HID\VID_413C&PID_2514&MI_02&Col02
Outranked Drivers: oem68.inf:HID\VID_413C&PID_2514&MI_02&Col02:00FF0001 input.inf:HID_DEVICE_UPR:FF00-FFFF:00FF1004 input.inf:HID_DEVICE:00FF1005
Device Updated: false
Parent Device: USB\VID_413C&PID_2514&MI_02\8&2985fa89&0&0002"
"10-07-2026 10:40:47","400","Information","Microsoft-Windows-Kernel-PnP","Device HID\VID_413C&PID_2514&MI_02&Col01\9&27e43a1e&0&0000 was configured.

Driver Name: input.inf
Driver Package ID: input.inf_amd64_5ef322c8291a38ce
Class GUID: {745a17a0-74d3-11d0-b6fe-00a0c90f57da}
Driver Date: 06/21/2006
Driver Version: 10.0.26100.8521
Driver Provider: Microsoft
Driver Section: HID_Raw_Inst.NT
Driver Rank: 0xFF1004
Matching Device ID: HID_DEVICE_UPR:FF00-FFFF
Outranked Drivers: input.inf:HID_DEVICE:00FF1005
Device Updated: false
Parent Device: USB\VID_413C&PID_2514&MI_02\8&2985fa89&0&0002"
"10-07-2026 10:40:47","410","Information","Microsoft-Windows-Kernel-PnP","Device USB\VID_413C&PID_2514&MI_02\8&2985fa89&0&0002 was started.

Driver Name: input.inf
Class GUID: {745a17a0-74d3-11d0-b6fe-00a0c90f57da}
Service: HidUsb
Lower Filters: 
Upper Filters: "
"10-07-2026 10:40:47","400","Information","Microsoft-Windows-Kernel-PnP","Device HID\VID_413C&PID_2514&MI_01&Col03\9&1020add9&0&0002 was configured.

Driver Name: input.inf
Driver Package ID: input.inf_amd64_5ef322c8291a38ce
Class GUID: {745a17a0-74d3-11d0-b6fe-00a0c90f57da}
Driver Date: 06/21/2006
Driver Version: 10.0.26100.8521
Driver Provider: Microsoft
Driver Section: HID_Raw_Inst.NT
Driver Rank: 0xFF1004
Matching Device ID: HID_DEVICE_UP:0001_U:0080
Outranked Drivers: input.inf:HID_DEVICE:00FF1005
Device Updated: false
Parent Device: USB\VID_413C&PID_2514&MI_01\8&2985fa89&0&0001"
"10-07-2026 10:40:47","400","Information","Microsoft-Windows-Kernel-PnP","Device HID\VID_413C&PID_2514&MI_01&Col02\9&1020add9&0&0001 was configured.

Driver Name: hidserv.inf
Driver Package ID: hidserv.inf_amd64_3111b4bfb553788d
Class GUID: {745a17a0-74d3-11d0-b6fe-00a0c90f57da}
Driver Date: 06/21/2006
Driver Version: 10.0.26100.1
Driver Provider: Microsoft
Driver Section: HIDSystemConsumerDevice
Driver Rank: 0xFF0004
Matching Device ID: HID_DEVICE_UP:000C_U:0001
Outranked Drivers: input.inf:HID_DEVICE:00FF1005
Device Updated: false
Parent Device: USB\VID_413C&PID_2514&MI_01\8&2985fa89&0&0001"
"10-07-2026 10:40:47","400","Information","Microsoft-Windows-Kernel-PnP","Device HID\VID_413C&PID_2514&MI_01&Col01\9&1020add9&0&0000 was configured.

Driver Name: msmouse.inf
Driver Package ID: msmouse.inf_amd64_097bbd709f0c4972
Class GUID: {4d36e96f-e325-11ce-bfc1-08002be10318}
Driver Date: 06/21/2006
Driver Version: 10.0.26100.1150
Driver Provider: Microsoft
Driver Section: HID_Mouse_Inst.NT
Driver Rank: 0xFF1003
Matching Device ID: HID_DEVICE_SYSTEM_MOUSE
Outranked Drivers: input.inf:HID_DEVICE:00FF1005
Device Updated: false
Parent Device: USB\VID_413C&PID_2514&MI_01\8&2985fa89&0&0001"
"10-07-2026 10:40:47","410","Information","Microsoft-Windows-Kernel-PnP","Device USB\VID_413C&PID_2514&MI_01\8&2985fa89&0&0001 was started.

Driver Name: input.inf
Class GUID: {745a17a0-74d3-11d0-b6fe-00a0c90f57da}
Service: HidUsb
Lower Filters: 
Upper Filters: "
"10-07-2026 10:40:47","400","Information","Microsoft-Windows-Kernel-PnP","Device HID\VID_413C&PID_2514&MI_00\9&33f7eb9b&0&0000 was configured.

Driver Name: keyboard.inf
Driver Package ID: keyboard.inf_amd64_b080cf0dd47fca65
Class GUID: {4d36e96b-e325-11ce-bfc1-08002be10318}
Driver Date: 06/21/2006
Driver Version: 10.0.26100.8521
Driver Provider: Microsoft
Driver Section: HID_Keyboard_Inst.NT
Driver Rank: 0xFF1003
Matching Device ID: HID_DEVICE_SYSTEM_KEYBOARD
Outranked Drivers: input.inf:HID_DEVICE:00FF1005
Device Updated: false
Parent Device: USB\VID_413C&PID_2514&MI_00\8&2985fa89&0&0000"
"10-07-2026 10:40:47","410","Information","Microsoft-Windows-Kernel-PnP","Device USB\VID_413C&PID_2514&MI_00\8&2985fa89&0&0000 was started.

Driver Name: input.inf
Class GUID: {745a17a0-74d3-11d0-b6fe-00a0c90f57da}
Service: HidUsb
Lower Filters: 
Upper Filters: "
"10-07-2026 10:40:47","400","Information","Microsoft-Windows-Kernel-PnP","Device USB\VID_413C&PID_2514&MI_02\8&2985fa89&0&0002 was configured.

Driver Name: input.inf
Driver Package ID: input.inf_amd64_5ef322c8291a38ce
Class GUID: {745a17a0-74d3-11d0-b6fe-00a0c90f57da}
Driver Date: 06/21/2006
Driver Version: 10.0.26100.8521
Driver Provider: Microsoft
Driver Section: HID_Inst.NT
Driver Rank: 0xFF3205
Matching Device ID: USB\Class_03
Outranked Drivers: 
Device Updated: false
Parent Device: USB\VID_413C&PID_2514\7&a758d7d&0&3"
"10-07-2026 10:40:47","400","Information","Microsoft-Windows-Kernel-PnP","Device USB\VID_413C&PID_2514&MI_01\8&2985fa89&0&0001 was configured.

Driver Name: input.inf
Driver Package ID: input.inf_amd64_5ef322c8291a38ce
Class GUID: {745a17a0-74d3-11d0-b6fe-00a0c90f57da}
Driver Date: 06/21/2006
Driver Version: 10.0.26100.8521
Driver Provider: Microsoft
Driver Section: HID_Inst.NT
Driver Rank: 0xFF3104
Matching Device ID: USB\Class_03&SubClass_01
Outranked Drivers: input.inf:USB\Class_03:00FF3205
Device Updated: false
Parent Device: USB\VID_413C&PID_2514\7&a758d7d&0&3"
"10-07-2026 10:40:47","400","Information","Microsoft-Windows-Kernel-PnP","Device USB\VID_413C&PID_2514&MI_00\8&2985fa89&0&0000 was configured.

Driver Name: input.inf
Driver Package ID: input.inf_amd64_5ef322c8291a38ce
Class GUID: {745a17a0-74d3-11d0-b6fe-00a0c90f57da}
Driver Date: 06/21/2006
Driver Version: 10.0.26100.8521
Driver Provider: Microsoft
Driver Section: HID_Inst.NT
Driver Rank: 0xFF3104
Matching Device ID: USB\Class_03&SubClass_01
Outranked Drivers: input.inf:USB\Class_03:00FF3205
Device Updated: false
Parent Device: USB\VID_413C&PID_2514\7&a758d7d&0&3"
"10-07-2026 10:40:47","410","Information","Microsoft-Windows-Kernel-PnP","Device USB\VID_413C&PID_2514\7&a758d7d&0&3 was started.

Driver Name: usb.inf
Class GUID: {36fc9e60-c465-11cf-8056-444553540000}
Service: usbccgp
Lower Filters: 
Upper Filters: "
"10-07-2026 10:40:47","400","Information","Microsoft-Windows-Kernel-PnP","Device USB\VID_413C&PID_2514\7&a758d7d&0&3 was configured.

Driver Name: usb.inf
Driver Package ID: usb.inf_amd64_a10c4ca0f120b7f5
Class GUID: {36fc9e60-c465-11cf-8056-444553540000}
Driver Date: 06/21/2006
Driver Version: 10.0.26100.8521
Driver Provider: Microsoft
Driver Section: Composite.Dev.NT
Driver Rank: 0xFF2006
Matching Device ID: USB\COMPOSITE
Outranked Drivers: 
Device Updated: false
Parent Device: USB\VID_0424&PID_4216\6&27c8c08e&0&4"
"07-07-2026 19:44:28","410","Information","Microsoft-Windows-Kernel-PnP","Device SWD\PRINTENUM\{99ED32DE-2ABD-4F8A-9D72-731C078E6A03} was started.

Driver Name: printqueue.inf
Class GUID: {1ed2bbf9-11f0-4084-b21f-ad83a8e6dcdc}
Service: 
Lower Filters: 
Upper Filters: "
"07-07-2026 19:44:28","400","Information","Microsoft-Windows-Kernel-PnP","Device SWD\PRINTENUM\{99ED32DE-2ABD-4F8A-9D72-731C078E6A03} was configured.

Driver Name: printqueue.inf
Driver Package ID: printqueue.inf_amd64_044b5f13f940e7c8
Class GUID: {1ed2bbf9-11f0-4084-b21f-ad83a8e6dcdc}
Driver Date: 06/21/2006
Driver Version: 10.0.26100.1
Driver Provider: Microsoft
Driver Section: NO_DRV
Driver Rank: 0xFF0000
Matching Device ID: PRINTENUM\PrinterConnection
Outranked Drivers: c_swdevice.inf:SWD\GenericRaw:00FF3001
Device Updated: false
Parent Device: SWD\PRINTENUM\PrintQueues"
"30-06-2026 12:12:15","410","Information","Microsoft-Windows-Kernel-PnP","Device SWD\MMDEVAPI\{0.0.0.00000000}.{12171fdb-faa1-48db-9745-5b9326ca9f76} was started.

Driver Name: audioendpoint.inf
Class GUID: {c166523c-fe0c-4a94-a586-f1a80cfbbf3e}
Service: 
Lower Filters: 
Upper Filters: "
"30-06-2026 12:12:15","400","Information","Microsoft-Windows-Kernel-PnP","Device SWD\MMDEVAPI\{0.0.0.00000000}.{12171fdb-faa1-48db-9745-5b9326ca9f76} was configured.

Driver Name: audioendpoint.inf
Driver Package ID: audioendpoint.inf_amd64_271c4d03bad18da8
Class GUID: {c166523c-fe0c-4a94-a586-f1a80cfbbf3e}
Driver Date: 03/31/2024
Driver Version: 10.0.26100.1
Driver Provider: Microsoft
Driver Section: NO_DRV
Driver Rank: 0xFF0000
Matching Device ID: MMDEVAPI\AudioEndpoints
Outranked Drivers: c_swdevice.inf:SWD\GenericRaw:00FF3001
Device Updated: false
Parent Device: USB\VID_047F&PID_C057&MI_00\6&162f5009&0&0000"
"30-06-2026 12:12:15","410","Information","Microsoft-Windows-Kernel-PnP","Device SWD\MMDEVAPI\{0.0.1.00000000}.{06f99bfb-2b02-424e-8e26-951a6063b2b5} was started.

Driver Name: audioendpoint.inf
Class GUID: {c166523c-fe0c-4a94-a586-f1a80cfbbf3e}
Service: 
Lower Filters: 
Upper Filters: "
"30-06-2026 12:12:15","400","Information","Microsoft-Windows-Kernel-PnP","Device SWD\MMDEVAPI\{0.0.1.00000000}.{06f99bfb-2b02-424e-8e26-951a6063b2b5} was configured.

Driver Name: audioendpoint.inf
Driver Package ID: audioendpoint.inf_amd64_271c4d03bad18da8
Class GUID: {c166523c-fe0c-4a94-a586-f1a80cfbbf3e}
Driver Date: 03/31/2024
Driver Version: 10.0.26100.1
Driver Provider: Microsoft
Driver Section: NO_DRV
Driver Rank: 0xFF0000
Matching Device ID: MMDEVAPI\AudioEndpoints
Outranked Drivers: c_swdevice.inf:SWD\GenericRaw:00FF3001
Device Updated: false
Parent Device: USB\VID_047F&PID_C057&MI_00\6&162f5009&0&0000"
"30-06-2026 12:11:18","410","Information","Microsoft-Windows-Kernel-PnP","Device HID\VID_047F&PID_C057&MI_03&Col02\7&7092578&0&0001 was started.

Driver Name: hidtelephonydriver.inf
Class GUID: {745a17a0-74d3-11d0-b6fe-00a0c90f57da}
Service: WUDFRd
Lower Filters: 
Upper Filters: "
"30-06-2026 12:11:18","410","Information","Microsoft-Windows-Kernel-PnP","Device HID\VID_047F&PID_C057&MI_03&Col03\7&7092578&0&0002 was started.

Driver Name: input.inf
Class GUID: {745a17a0-74d3-11d0-b6fe-00a0c90f57da}
Service: 
Lower Filters: 
Upper Filters: "
"30-06-2026 12:11:18","410","Information","Microsoft-Windows-Kernel-PnP","Device HID\VID_047F&PID_C057&MI_03&Col01\7&7092578&0&0000 was started.

Driver Name: hidserv.inf
Class GUID: {745a17a0-74d3-11d0-b6fe-00a0c90f57da}
Service: 
Lower Filters: 
Upper Filters: "
"30-06-2026 12:11:18","400","Information","Microsoft-Windows-Kernel-PnP","Device HID\VID_047F&PID_C057&MI_03&Col03\7&7092578&0&0002 was configured.

Driver Name: input.inf
Driver Package ID: input.inf_amd64_5ef322c8291a38ce
Class GUID: {745a17a0-74d3-11d0-b6fe-00a0c90f57da}
Driver Date: 06/21/2006
Driver Version: 10.0.26100.8521
Driver Provider: Microsoft
Driver Section: HID_Raw_Inst.NT
Driver Rank: 0xFF1004
Matching Device ID: HID_DEVICE_UPR:FF00-FFFF
Outranked Drivers: input.inf:HID_DEVICE:00FF1005
Device Updated: false
Parent Device: USB\VID_047F&PID_C057&MI_03\6&162f5009&0&0003"
"30-06-2026 12:11:18","400","Information","Microsoft-Windows-Kernel-PnP","Device HID\VID_047F&PID_C057&MI_03&Col02\7&7092578&0&0001 was configured.

Driver Name: hidtelephonydriver.inf
Driver Package ID: hidtelephonydriver.inf_amd64_f40c773fd8e27ba7
Class GUID: {745a17a0-74d3-11d0-b6fe-00a0c90f57da}
Driver Date: 04/21/2009
Driver Version: 10.0.26100.8521
Driver Provider: Microsoft
Driver Section: HidTelephony_Install.NT
Driver Rank: 0xFF0003
Matching Device ID: HID_DEVICE_UP:000B_U:0005
Outranked Drivers: input.inf:HID_DEVICE_UP:000B_U:0005:00FF1003 input.inf:HID_DEVICE:00FF1004
Device Updated: false
Parent Device: USB\VID_047F&PID_C057&MI_03\6&162f5009&0&0003"
"30-06-2026 12:11:18","400","Information","Microsoft-Windows-Kernel-PnP","Device HID\VID_047F&PID_C057&MI_03&Col01\7&7092578&0&0000 was configured.

Driver Name: hidserv.inf
Driver Package ID: hidserv.inf_amd64_3111b4bfb553788d
Class GUID: {745a17a0-74d3-11d0-b6fe-00a0c90f57da}
Driver Date: 06/21/2006
Driver Version: 10.0.26100.1
Driver Provider: Microsoft
Driver Section: HIDSystemConsumerDevice
Driver Rank: 0xFF0004
Matching Device ID: HID_DEVICE_UP:000C_U:0001
Outranked Drivers: input.inf:HID_DEVICE:00FF1005
Device Updated: false
Parent Device: USB\VID_047F&PID_C057&MI_03\6&162f5009&0&0003"
"30-06-2026 12:11:18","410","Information","Microsoft-Windows-Kernel-PnP","Device USB\VID_047F&PID_C057&MI_03\6&162f5009&0&0003 was started.

Driver Name: input.inf
Class GUID: {745a17a0-74d3-11d0-b6fe-00a0c90f57da}
Service: HidUsb
Lower Filters: 
Upper Filters: "
"30-06-2026 12:11:17","411","Error","Microsoft-Windows-Kernel-PnP","Device USB\VID_047F&PID_C057&MI_00\6&162f5009&0&0000 had a problem starting.

Driver Name: wdma_usb.inf
Class GUID: {4d36e96c-e325-11ce-bfc1-08002be10318}
Service: usbaudio
Lower Filters: 
Upper Filters: 
Problem: 0xA
Problem Status: 0xC0000001"
"30-06-2026 12:11:17","400","Information","Microsoft-Windows-Kernel-PnP","Device USB\VID_047F&PID_C057&MI_03\6&162f5009&0&0003 was configured.

Driver Name: input.inf
Driver Package ID: input.inf_amd64_5ef322c8291a38ce
Class GUID: {745a17a0-74d3-11d0-b6fe-00a0c90f57da}
Driver Date: 06/21/2006
Driver Version: 10.0.26100.8521
Driver Provider: Microsoft
Driver Section: HID_Inst.NT
Driver Rank: 0xFF3205
Matching Device ID: USB\Class_03
Outranked Drivers: 
Device Updated: false
Parent Device: USB\VID_047F&PID_C057\66894F7A611AC04D8DE7E8BE38E4DE4B"
"30-06-2026 12:11:16","400","Information","Microsoft-Windows-Kernel-PnP","Device USB\VID_047F&PID_C057&MI_00\6&162f5009&0&0000 was configured.

Driver Name: wdma_usb.inf
Driver Package ID: wdma_usb.inf_amd64_ec872a11565121a9
Class GUID: {4d36e96c-e325-11ce-bfc1-08002be10318}
Driver Date: 05/16/2026
Driver Version: 10.0.26100.8521
Driver Provider: Microsoft
Driver Section: USBAudio
Driver Rank: 0xFF2005
Matching Device ID: USB\Class_01
Outranked Drivers: usbmidi2.inf:USB\Class_01:00FF3105
Device Updated: false
Parent Device: USB\VID_047F&PID_C057\66894F7A611AC04D8DE7E8BE38E4DE4B"
"30-06-2026 12:11:16","410","Information","Microsoft-Windows-Kernel-PnP","Device USB\VID_047F&PID_C057\66894F7A611AC04D8DE7E8BE38E4DE4B was started.

Driver Name: usb.inf
Class GUID: {36fc9e60-c465-11cf-8056-444553540000}
Service: usbccgp
Lower Filters: 
Upper Filters: "
"30-06-2026 12:11:16","400","Information","Microsoft-Windows-Kernel-PnP","Device USB\VID_047F&PID_C057\66894F7A611AC04D8DE7E8BE38E4DE4B was configured.

Driver Name: usb.inf
Driver Package ID: usb.inf_amd64_a10c4ca0f120b7f5
Class GUID: {36fc9e60-c465-11cf-8056-444553540000}
Driver Date: 06/21/2006
Driver Version: 10.0.26100.8521
Driver Provider: Microsoft
Driver Section: Composite.Dev.NT
Driver Rank: 0xFF2006
Matching Device ID: USB\COMPOSITE
Outranked Drivers: 
Device Updated: false
Parent Device: USB\ROOT_HUB30\4&2169287b&0&0"
"30-06-2026 12:11:13","410","Information","Microsoft-Windows-Kernel-PnP","Device SWD\MMDEVAPI\{0.0.0.00000000}.{d7dafb15-bbee-4206-add7-7fe4fa8cc44e} was started.

Driver Name: audioendpoint.inf
Class GUID: {c166523c-fe0c-4a94-a586-f1a80cfbbf3e}
Service: 
Lower Filters: 
Upper Filters: "
"30-06-2026 12:11:13","400","Information","Microsoft-Windows-Kernel-PnP","Device SWD\MMDEVAPI\{0.0.0.00000000}.{d7dafb15-bbee-4206-add7-7fe4fa8cc44e} was configured.

Driver Name: audioendpoint.inf
Driver Package ID: audioendpoint.inf_amd64_271c4d03bad18da8
Class GUID: {c166523c-fe0c-4a94-a586-f1a80cfbbf3e}
Driver Date: 03/31/2024
Driver Version: 10.0.26100.1
Driver Provider: Microsoft
Driver Section: NO_DRV
Driver Rank: 0xFF0000
Matching Device ID: MMDEVAPI\AudioEndpoints
Outranked Drivers: c_swdevice.inf:SWD\GenericRaw:00FF3001
Device Updated: false
Parent Device: USB\VID_047F&PID_C058&MI_00\6&67f655b&0&0000"
"30-06-2026 12:11:13","410","Information","Microsoft-Windows-Kernel-PnP","Device SWD\MMDEVAPI\{0.0.1.00000000}.{db4e84b3-3d8b-40d6-b1a7-7625a4803c6a} was started.

Driver Name: audioendpoint.inf
Class GUID: {c166523c-fe0c-4a94-a586-f1a80cfbbf3e}
Service: 
Lower Filters: 
Upper Filters: "
"30-06-2026 12:11:13","400","Information","Microsoft-Windows-Kernel-PnP","Device SWD\MMDEVAPI\{0.0.1.00000000}.{db4e84b3-3d8b-40d6-b1a7-7625a4803c6a} was configured.

Driver Name: audioendpoint.inf
Driver Package ID: audioendpoint.inf_amd64_271c4d03bad18da8
Class GUID: {c166523c-fe0c-4a94-a586-f1a80cfbbf3e}
Driver Date: 03/31/2024
Driver Version: 10.0.26100.1
Driver Provider: Microsoft
Driver Section: NO_DRV
Driver Rank: 0xFF0000
Matching Device ID: MMDEVAPI\AudioEndpoints
Outranked Drivers: c_swdevice.inf:SWD\GenericRaw:00FF3001
Device Updated: false
Parent Device: USB\VID_047F&PID_C058&MI_00\6&67f655b&0&0000"
"30-06-2026 12:11:13","410","Information","Microsoft-Windows-Kernel-PnP","Device HID\VID_047F&PID_C058&MI_03&Col02\7&6704be1&0&0001 was started.

Driver Name: hidtelephonydriver.inf
Class GUID: {745a17a0-74d3-11d0-b6fe-00a0c90f57da}
Service: WUDFRd
Lower Filters: 
Upper Filters: "
"30-06-2026 12:11:13","410","Information","Microsoft-Windows-Kernel-PnP","Device HID\VID_047F&PID_C058&MI_03&Col03\7&6704be1&0&0002 was started.

Driver Name: input.inf
Class GUID: {745a17a0-74d3-11d0-b6fe-00a0c90f57da}
Service: 
Lower Filters: 
Upper Filters: "
"30-06-2026 12:11:13","410","Information","Microsoft-Windows-Kernel-PnP","Device HID\VID_047F&PID_C058&MI_03&Col01\7&6704be1&0&0000 was started.

Driver Name: hidserv.inf
Class GUID: {745a17a0-74d3-11d0-b6fe-00a0c90f57da}
Service: 
Lower Filters: 
Upper Filters: "
"30-06-2026 12:11:13","400","Information","Microsoft-Windows-Kernel-PnP","Device HID\VID_047F&PID_C058&MI_03&Col03\7&6704be1&0&0002 was configured.

Driver Name: input.inf
Driver Package ID: input.inf_amd64_5ef322c8291a38ce
Class GUID: {745a17a0-74d3-11d0-b6fe-00a0c90f57da}
Driver Date: 06/21/2006
Driver Version: 10.0.26100.8521
Driver Provider: Microsoft
Driver Section: HID_Raw_Inst.NT
Driver Rank: 0xFF1004
Matching Device ID: HID_DEVICE_UPR:FF00-FFFF
Outranked Drivers: input.inf:HID_DEVICE:00FF1005
Device Updated: false
Parent Device: USB\VID_047F&PID_C058&MI_03\6&67f655b&0&0003"
"30-06-2026 12:11:13","400","Information","Microsoft-Windows-Kernel-PnP","Device HID\VID_047F&PID_C058&MI_03&Col02\7&6704be1&0&0001 was configured.

Driver Name: hidtelephonydriver.inf
Driver Package ID: hidtelephonydriver.inf_amd64_f40c773fd8e27ba7
Class GUID: {745a17a0-74d3-11d0-b6fe-00a0c90f57da}
Driver Date: 04/21/2009
Driver Version: 10.0.26100.8521
Driver Provider: Microsoft
Driver Section: HidTelephony_Install.NT
Driver Rank: 0xFF0003
Matching Device ID: HID_DEVICE_UP:000B_U:0005
Outranked Drivers: input.inf:HID_DEVICE_UP:000B_U:0005:00FF1003 input.inf:HID_DEVICE:00FF1004
Device Updated: false
Parent Device: USB\VID_047F&PID_C058&MI_03\6&67f655b&0&0003"
"30-06-2026 12:11:13","400","Information","Microsoft-Windows-Kernel-PnP","Device HID\VID_047F&PID_C058&MI_03&Col01\7&6704be1&0&0000 was configured.

Driver Name: hidserv.inf
Driver Package ID: hidserv.inf_amd64_3111b4bfb553788d
Class GUID: {745a17a0-74d3-11d0-b6fe-00a0c90f57da}
Driver Date: 06/21/2006
Driver Version: 10.0.26100.1
Driver Provider: Microsoft
Driver Section: HIDSystemConsumerDevice
Driver Rank: 0xFF0004
Matching Device ID: HID_DEVICE_UP:000C_U:0001
Outranked Drivers: input.inf:HID_DEVICE:00FF1005
Device Updated: false
Parent Device: USB\VID_047F&PID_C058&MI_03\6&67f655b&0&0003"
"30-06-2026 12:11:12","410","Information","Microsoft-Windows-Kernel-PnP","Device USB\VID_047F&PID_C058&MI_03\6&67f655b&0&0003 was started.

Driver Name: input.inf
Class GUID: {745a17a0-74d3-11d0-b6fe-00a0c90f57da}
Service: HidUsb
Lower Filters: 
Upper Filters: "
"30-06-2026 12:11:12","410","Information","Microsoft-Windows-Kernel-PnP","Device USB\VID_047F&PID_C058&MI_00\6&67f655b&0&0000 was started.

Driver Name: wdma_usb.inf
Class GUID: {4d36e96c-e325-11ce-bfc1-08002be10318}
Service: usbaudio
Lower Filters: 
Upper Filters: "
"30-06-2026 12:11:12","400","Information","Microsoft-Windows-Kernel-PnP","Device USB\VID_047F&PID_C058&MI_03\6&67f655b&0&0003 was configured.

Driver Name: input.inf
Driver Package ID: input.inf_amd64_5ef322c8291a38ce
Class GUID: {745a17a0-74d3-11d0-b6fe-00a0c90f57da}
Driver Date: 06/21/2006
Driver Version: 10.0.26100.8521
Driver Provider: Microsoft
Driver Section: HID_Inst.NT
Driver Rank: 0xFF3205
Matching Device ID: USB\Class_03
Outranked Drivers: 
Device Updated: false
Parent Device: USB\VID_047F&PID_C058\66894F7A611AC04D8DE7E8BE38E4DE4B"
"30-06-2026 12:11:12","400","Information","Microsoft-Windows-Kernel-PnP","Device USB\VID_047F&PID_C058&MI_00\6&67f655b&0&0000 was configured.

Driver Name: wdma_usb.inf
Driver Package ID: wdma_usb.inf_amd64_ec872a11565121a9
Class GUID: {4d36e96c-e325-11ce-bfc1-08002be10318}
Driver Date: 05/16/2026
Driver Version: 10.0.26100.8521
Driver Provider: Microsoft
Driver Section: USBAudio
Driver Rank: 0xFF2005
Matching Device ID: USB\Class_01
Outranked Drivers: usbmidi2.inf:USB\Class_01:00FF3105
Device Updated: false
Parent Device: USB\VID_047F&PID_C058\66894F7A611AC04D8DE7E8BE38E4DE4B"
"30-06-2026 12:11:12","410","Information","Microsoft-Windows-Kernel-PnP","Device USB\VID_047F&PID_C058\66894F7A611AC04D8DE7E8BE38E4DE4B was started.

Driver Name: usb.inf
Class GUID: {36fc9e60-c465-11cf-8056-444553540000}
Service: usbccgp
Lower Filters: 
Upper Filters: "
"30-06-2026 12:11:12","400","Information","Microsoft-Windows-Kernel-PnP","Device USB\VID_047F&PID_C058\66894F7A611AC04D8DE7E8BE38E4DE4B was configured.

Driver Name: usb.inf
Driver Package ID: usb.inf_amd64_a10c4ca0f120b7f5
Class GUID: {36fc9e60-c465-11cf-8056-444553540000}
Driver Date: 06/21/2006
Driver Version: 10.0.26100.8521
Driver Provider: Microsoft
Driver Section: Composite.Dev.NT
Driver Rank: 0xFF2006
Matching Device ID: USB\COMPOSITE
Outranked Drivers: 
Device Updated: false
Parent Device: USB\ROOT_HUB30\4&2169287b&0&0"
"30-06-2026 11:13:31","410","Information","Microsoft-Windows-Kernel-PnP","Device SWD\DRIVERENUM\DPMAutoInstallDriver_Device_component&8&30751357&0 was started.

Driver Name: oem425.inf
Class GUID: {5c4c3332-344d-483c-8739-259e934c9cc8}
Service: 
Lower Filters: 
Upper Filters: "
"30-06-2026 11:13:31","400","Information","Microsoft-Windows-Kernel-PnP","Device SWD\DRIVERENUM\DPMAutoInstallDriver_Device_component&8&30751357&0 was configured.

Driver Name: oem425.inf
Driver Package ID: ddpmsoftwareinstall_component.inf_amd64_3d39f607b80ee919
Class GUID: {5c4c3332-344d-483c-8739-259e934c9cc8}
Driver Date: 03/03/2025
Driver Version: 1.0.0.8
Driver Provider: Dell Technologies Inc.
Driver Section: DDPMSoftwareInstall_Device_component.NTamd64
Driver Rank: 0xFF0000
Matching Device ID: SWC\DELL_DDPM0001
Outranked Drivers: c_swcomponent.inf:SWC\Generic:00FF3000 c_swdevice.inf:SWD\GenericRaw:00FF3001
Device Updated: false
Parent Device: HID\VID_413C&PID_4503&MI_02&Col02\7&1a3e2a54&0&0001"
"30-06-2026 11:13:31","410","Information","Microsoft-Windows-Kernel-PnP","Device HID\VID_413C&PID_4503&MI_02&Col02\7&1a3e2a54&0&0001 was started.

Driver Name: oem135.inf
Class GUID: {745a17a0-74d3-11d0-b6fe-00a0c90f57da}
Service: 
Lower Filters: 
Upper Filters: "
"30-06-2026 11:13:31","400","Information","Microsoft-Windows-Kernel-PnP","Device HID\VID_413C&PID_4503&MI_02&Col02\7&1a3e2a54&0&0001 was configured.

Driver Name: oem135.inf
Driver Package ID: dpmautoinstalldriver.inf_amd64_412d7d28a0358c95
Class GUID: {745a17a0-74d3-11d0-b6fe-00a0c90f57da}
Driver Date: 12/03/2025
Driver Version: 2.2.0.0
Driver Provider: Dell Inc.
Driver Section: DPMAutoInstallDriver_Device.NT
Driver Rank: 0xFF0001
Matching Device ID: HID\VID_413C&PID_4503&MI_02&Col02
Outranked Drivers: oem68.inf:HID\VID_413C&PID_4503&MI_02&Col02:00FF0001 input.inf:HID_DEVICE_UPR:FF00-FFFF:00FF1004 input.inf:HID_DEVICE:00FF1005
Device Updated: false
Parent Device: USB\VID_413C&PID_4503&MI_02\6&25b24ebb&0&0002"
"30-06-2026 11:13:30","410","Information","Microsoft-Windows-Kernel-PnP","Device HID\VID_413C&PID_4503&MI_01&Col01\7&27a9e0f&0&0000 was started.

Driver Name: msmouse.inf
Class GUID: {4d36e96f-e325-11ce-bfc1-08002be10318}
Service: mouhid
Lower Filters: 
Upper Filters: "
"30-06-2026 11:13:30","410","Information","Microsoft-Windows-Kernel-PnP","Device HID\VID_413C&PID_4503&MI_00\7&2651dbd1&0&0000 was started.

Driver Name: keyboard.inf
Class GUID: {4d36e96b-e325-11ce-bfc1-08002be10318}
Service: kbdhid
Lower Filters: 
Upper Filters: "
"30-06-2026 11:13:30","410","Information","Microsoft-Windows-Kernel-PnP","Device HID\VID_413C&PID_4503&MI_02&Col01\7&1a3e2a54&0&0000 was started.

Driver Name: input.inf
Class GUID: {745a17a0-74d3-11d0-b6fe-00a0c90f57da}
Service: 
Lower Filters: 
Upper Filters: "
"30-06-2026 11:13:30","410","Information","Microsoft-Windows-Kernel-PnP","Device HID\VID_413C&PID_4503&MI_01&Col03\7&27a9e0f&0&0002 was started.

Driver Name: input.inf
Class GUID: {745a17a0-74d3-11d0-b6fe-00a0c90f57da}
Service: 
Lower Filters: 
Upper Filters: "
"30-06-2026 11:13:30","410","Information","Microsoft-Windows-Kernel-PnP","Device HID\VID_413C&PID_4503&MI_01&Col02\7&27a9e0f&0&0001 was started.

Driver Name: hidserv.inf
Class GUID: {745a17a0-74d3-11d0-b6fe-00a0c90f57da}
Service: 
Lower Filters: 
Upper Filters: "
"30-06-2026 11:13:30","430","Information","Microsoft-Windows-Kernel-PnP","Device HID\VID_413C&PID_4503&MI_02&Col02\7&1a3e2a54&0&0001 requires further installation."
"30-06-2026 11:13:30","400","Information","Microsoft-Windows-Kernel-PnP","Device HID\VID_413C&PID_4503&MI_02&Col01\7&1a3e2a54&0&0000 was configured.

Driver Name: input.inf
Driver Package ID: input.inf_amd64_5ef322c8291a38ce
Class GUID: {745a17a0-74d3-11d0-b6fe-00a0c90f57da}
Driver Date: 06/21/2006
Driver Version: 10.0.26100.8521
Driver Provider: Microsoft
Driver Section: HID_Raw_Inst.NT
Driver Rank: 0xFF1004
Matching Device ID: HID_DEVICE_UPR:FF00-FFFF
Outranked Drivers: input.inf:HID_DEVICE:00FF1005
Device Updated: false
Parent Device: USB\VID_413C&PID_4503&MI_02\6&25b24ebb&0&0002"
"30-06-2026 11:13:30","410","Information","Microsoft-Windows-Kernel-PnP","Device USB\VID_413C&PID_4503&MI_02\6&25b24ebb&0&0002 was started.

Driver Name: input.inf
Class GUID: {745a17a0-74d3-11d0-b6fe-00a0c90f57da}
Service: HidUsb
Lower Filters: 
Upper Filters: "
"30-06-2026 11:13:30","400","Information","Microsoft-Windows-Kernel-PnP","Device HID\VID_413C&PID_4503&MI_01&Col03\7&27a9e0f&0&0002 was configured.

Driver Name: input.inf
Driver Package ID: input.inf_amd64_5ef322c8291a38ce
Class GUID: {745a17a0-74d3-11d0-b6fe-00a0c90f57da}
Driver Date: 06/21/2006
Driver Version: 10.0.26100.8521
Driver Provider: Microsoft
Driver Section: HID_Raw_Inst.NT
Driver Rank: 0xFF1004
Matching Device ID: HID_DEVICE_UP:0001_U:0080
Outranked Drivers: input.inf:HID_DEVICE:00FF1005
Device Updated: false
Parent Device: USB\VID_413C&PID_4503&MI_01\6&25b24ebb&0&0001"
"30-06-2026 11:13:30","400","Information","Microsoft-Windows-Kernel-PnP","Device HID\VID_413C&PID_4503&MI_01&Col02\7&27a9e0f&0&0001 was configured.

Driver Name: hidserv.inf
Driver Package ID: hidserv.inf_amd64_3111b4bfb553788d
Class GUID: {745a17a0-74d3-11d0-b6fe-00a0c90f57da}
Driver Date: 06/21/2006
Driver Version: 10.0.26100.1
Driver Provider: Microsoft
Driver Section: HIDSystemConsumerDevice
Driver Rank: 0xFF0004
Matching Device ID: HID_DEVICE_UP:000C_U:0001
Outranked Drivers: input.inf:HID_DEVICE:00FF1005
Device Updated: false
Parent Device: USB\VID_413C&PID_4503&MI_01\6&25b24ebb&0&0001"
"30-06-2026 11:13:30","400","Information","Microsoft-Windows-Kernel-PnP","Device HID\VID_413C&PID_4503&MI_01&Col01\7&27a9e0f&0&0000 was configured.

Driver Name: msmouse.inf
Driver Package ID: msmouse.inf_amd64_097bbd709f0c4972
Class GUID: {4d36e96f-e325-11ce-bfc1-08002be10318}
Driver Date: 06/21/2006
Driver Version: 10.0.26100.1150
Driver Provider: Microsoft
Driver Section: HID_Mouse_Inst.NT
Driver Rank: 0xFF1003
Matching Device ID: HID_DEVICE_SYSTEM_MOUSE
Outranked Drivers: input.inf:HID_DEVICE:00FF1005
Device Updated: false
Parent Device: USB\VID_413C&PID_4503&MI_01\6&25b24ebb&0&0001"
"30-06-2026 11:13:30","410","Information","Microsoft-Windows-Kernel-PnP","Device USB\VID_413C&PID_4503&MI_01\6&25b24ebb&0&0001 was started.

Driver Name: input.inf
Class GUID: {745a17a0-74d3-11d0-b6fe-00a0c90f57da}
Service: HidUsb
Lower Filters: 
Upper Filters: "
"30-06-2026 11:13:30","400","Information","Microsoft-Windows-Kernel-PnP","Device HID\VID_413C&PID_4503&MI_00\7&2651dbd1&0&0000 was configured.

Driver Name: keyboard.inf
Driver Package ID: keyboard.inf_amd64_b080cf0dd47fca65
Class GUID: {4d36e96b-e325-11ce-bfc1-08002be10318}
Driver Date: 06/21/2006
Driver Version: 10.0.26100.8521
Driver Provider: Microsoft
Driver Section: HID_Keyboard_Inst.NT
Driver Rank: 0xFF1003
Matching Device ID: HID_DEVICE_SYSTEM_KEYBOARD
Outranked Drivers: input.inf:HID_DEVICE:00FF1005
Device Updated: false
Parent Device: USB\VID_413C&PID_4503&MI_00\6&25b24ebb&0&0000"
"30-06-2026 11:13:30","410","Information","Microsoft-Windows-Kernel-PnP","Device USB\VID_413C&PID_4503&MI_00\6&25b24ebb&0&0000 was started.

Driver Name: input.inf
Class GUID: {745a17a0-74d3-11d0-b6fe-00a0c90f57da}
Service: HidUsb
Lower Filters: 
Upper Filters: "
"30-06-2026 11:13:30","400","Information","Microsoft-Windows-Kernel-PnP","Device USB\VID_413C&PID_4503&MI_02\6&25b24ebb&0&0002 was configured.

Driver Name: input.inf
Driver Package ID: input.inf_amd64_5ef322c8291a38ce
Class GUID: {745a17a0-74d3-11d0-b6fe-00a0c90f57da}
Driver Date: 06/21/2006
Driver Version: 10.0.26100.8521
Driver Provider: Microsoft
Driver Section: HID_Inst.NT
Driver Rank: 0xFF3205
Matching Device ID: USB\Class_03
Outranked Drivers: 
Device Updated: false
Parent Device: USB\VID_413C&PID_4503\5&2dc84fba&0&7"
"30-06-2026 11:13:30","400","Information","Microsoft-Windows-Kernel-PnP","Device USB\VID_413C&PID_4503&MI_01\6&25b24ebb&0&0001 was configured.

Driver Name: input.inf
Driver Package ID: input.inf_amd64_5ef322c8291a38ce
Class GUID: {745a17a0-74d3-11d0-b6fe-00a0c90f57da}
Driver Date: 06/21/2006
Driver Version: 10.0.26100.8521
Driver Provider: Microsoft
Driver Section: HID_Inst.NT
Driver Rank: 0xFF3104
Matching Device ID: USB\Class_03&SubClass_01
Outranked Drivers: input.inf:USB\Class_03:00FF3205
Device Updated: false
Parent Device: USB\VID_413C&PID_4503\5&2dc84fba&0&7"
"30-06-2026 11:13:30","400","Information","Microsoft-Windows-Kernel-PnP","Device USB\VID_413C&PID_4503&MI_00\6&25b24ebb&0&0000 was configured.

Driver Name: input.inf
Driver Package ID: input.inf_amd64_5ef322c8291a38ce
Class GUID: {745a17a0-74d3-11d0-b6fe-00a0c90f57da}
Driver Date: 06/21/2006
Driver Version: 10.0.26100.8521
Driver Provider: Microsoft
Driver Section: HID_Inst.NT
Driver Rank: 0xFF3104
Matching Device ID: USB\Class_03&SubClass_01
Outranked Drivers: input.inf:USB\Class_03:00FF3205
Device Updated: false
Parent Device: USB\VID_413C&PID_4503\5&2dc84fba&0&7"
"30-06-2026 11:13:30","410","Information","Microsoft-Windows-Kernel-PnP","Device USB\VID_413C&PID_4503\5&2dc84fba&0&7 was started.

Driver Name: usb.inf
Class GUID: {36fc9e60-c465-11cf-8056-444553540000}
Service: usbccgp
Lower Filters: 
Upper Filters: "
"30-06-2026 11:13:30","400","Information","Microsoft-Windows-Kernel-PnP","Device USB\VID_413C&PID_4503\5&2dc84fba&0&7 was configured.

Driver Name: usb.inf
Driver Package ID: usb.inf_amd64_a10c4ca0f120b7f5
Class GUID: {36fc9e60-c465-11cf-8056-444553540000}
Driver Date: 06/21/2006
Driver Version: 10.0.26100.8521
Driver Provider: Microsoft
Driver Section: Composite.Dev.NT
Driver Rank: 0xFF2006
Matching Device ID: USB\COMPOSITE
Outranked Drivers: 
Device Updated: false
Parent Device: USB\ROOT_HUB30\4&2169287b&0&0"
"29-06-2026 10:27:10","410","Information","Microsoft-Windows-Kernel-PnP","Device DISPLAY\MS_0001\4&20b8d095&0&UID24648 was started.

Driver Name: monitor.inf
Class GUID: {4d36e96e-e325-11ce-bfc1-08002be10318}
Service: monitor
Lower Filters: 
Upper Filters: "
"29-06-2026 10:27:10","400","Information","Microsoft-Windows-Kernel-PnP","Device DISPLAY\MS_0001\4&20b8d095&0&UID24648 was configured.

Driver Name: monitor.inf
Driver Package ID: monitor.inf_amd64_5ec6500792d2b4b4
Class GUID: {4d36e96e-e325-11ce-bfc1-08002be10318}
Driver Date: 06/21/2006
Driver Version: 10.0.26100.8521
Driver Provider: Microsoft
Driver Section: Laptop640x480x60.Install
Driver Rank: 0xFF0000
Matching Device ID: MONITOR\MS_0001
Outranked Drivers: monitor.inf:*PNP09FF:00FF2000
Device Updated: false
Parent Device: PCI\VEN_8086&DEV_7D41&SUBSYS_0CE81028&REV_00\3&11583659&0&10"
"29-06-2026 10:27:09","430","Information","Microsoft-Windows-Kernel-PnP","Device DISPLAY\MS_0001\4&20b8d095&0&UID24648 requires further installation."
"29-06-2026 10:03:20","420","Information","Microsoft-Windows-Kernel-PnP","Device ROOT\DELLUTILS\0000 was deleted.

Class GUID: {e0def58b-33e8-4ff0-a75d-f20e1f68e5d7}"
"29-06-2026 10:03:09","410","Information","Microsoft-Windows-Kernel-PnP","Device ROOT\DELLUTILS\0000 was started.

Driver Name: oem531.inf
Class GUID: {e0def58b-33e8-4ff0-a75d-f20e1f68e5d7}
Service: DBUtilDrv2
Lower Filters: 
Upper Filters: "
"29-06-2026 10:03:09","400","Information","Microsoft-Windows-Kernel-PnP","Device ROOT\DELLUTILS\0000 was configured.

Driver Name: oem531.inf
Driver Package ID: dbutildrv2.inf_amd64_a0b1fbed976d2b5b
Class GUID: {e0def58b-33e8-4ff0-a75d-f20e1f68e5d7}
Driver Date: 10/28/2025
Driver Version: 2.7.4.0
Driver Provider: Dell Technologies
Driver Section: DBUtilDrv2_Device.NT
Driver Rank: 0xFF0000
Matching Device ID: ROOT\DBUtilDrv2
Outranked Drivers: 
Device Updated: true
Parent Device: HTREE\ROOT\0"
"29-06-2026 10:02:09","410","Information","Microsoft-Windows-Kernel-PnP","Device PCI\VEN_8086&DEV_7D1D&SUBSYS_0CE81028&REV_05\3&11583659&0&58 was started.

Driver Name: oem530.inf
Class GUID: {f01a9d53-3ff6-48d2-9f97-c8a7004be10c}
Service: npu
Lower Filters: 
Upper Filters: "
"29-06-2026 10:02:08","400","Information","Microsoft-Windows-Kernel-PnP","Device PCI\VEN_8086&DEV_7D1D&SUBSYS_0CE81028&REV_05\3&11583659&0&58 was configured.

Driver Name: oem529.inf
Driver Package ID: npu_extension.inf_amd64_4231a860fc138d5e
Class GUID: {e2f84ce7-8efa-411c-aa69-97454ca4cb57}
Driver Date: 03/19/2026
Driver Version: 32.0.100.4724
Driver Provider: Intel Corporation
Driver Section: NPU_7D1D_w11_Extension_Install
Driver Rank: 0xFF0001
Matching Device ID: PCI\VEN_8086&DEV_7D1D&SUBSYS_0CE81028
Outranked Drivers: 
Device Updated: true
Parent Device: ACPI\PNP0A08\0"
"29-06-2026 10:02:08","400","Information","Microsoft-Windows-Kernel-PnP","Device PCI\VEN_8086&DEV_7D1D&SUBSYS_0CE81028&REV_05\3&11583659&0&58 was configured.

Driver Name: oem439.inf
Driver Package ID: npu_extension.inf_amd64_94e59c10d33bc0d0
Class GUID: {e2f84ce7-8efa-411c-aa69-97454ca4cb57}
Driver Date: 02/06/2025
Driver Version: 32.0.100.3717
Driver Provider: Intel Corporation
Driver Section: NPU_7D1D_w11_Extension_Install
Driver Rank: 0xFF0001
Matching Device ID: PCI\VEN_8086&DEV_7D1D&SUBSYS_0CE81028
Outranked Drivers: 
Device Updated: true
Parent Device: ACPI\PNP0A08\0"
"29-06-2026 10:02:08","400","Information","Microsoft-Windows-Kernel-PnP","Device PCI\VEN_8086&DEV_7D1D&SUBSYS_0CE81028&REV_05\3&11583659&0&58 was configured.

Driver Name: oem530.inf
Driver Package ID: npu.inf_amd64_c174cd41587112dd
Class GUID: {f01a9d53-3ff6-48d2-9f97-c8a7004be10c}
Driver Date: 03/19/2026
Driver Version: 32.0.100.4724
Driver Provider: Intel Corporation
Driver Section: NPU2_7_w11_26100_DS
Driver Rank: 0xFE2001
Matching Device ID: PCI\VEN_8086&DEV_7D1D
Outranked Drivers: oem55.inf:PCI\VEN_8086&DEV_7D1D:00FF2001 oem108.inf:PCI\VEN_8086&DEV_7D1D:00FF2001 oem156.inf:PCI\VEN_8086&DEV_7D1D:00FF2001 oem392.inf:PCI\VEN_8086&DEV_7D1D:00FF2001 oem483.inf:PCI\VEN_8086&DEV_7D1D:00FF2001
Device Updated: true
Parent Device: ACPI\PNP0A08\0"
"25-06-2026 09:36:01","410","Information","Microsoft-Windows-Kernel-PnP","Device SWD\MMDEVAPI\{0.0.1.00000000}.{ecf6848c-847e-4df1-a443-b782d271ccbe} was started.

Driver Name: audioendpoint.inf
Class GUID: {c166523c-fe0c-4a94-a586-f1a80cfbbf3e}
Service: 
Lower Filters: 
Upper Filters: "
"25-06-2026 09:36:01","400","Information","Microsoft-Windows-Kernel-PnP","Device SWD\MMDEVAPI\{0.0.1.00000000}.{ecf6848c-847e-4df1-a443-b782d271ccbe} was configured.

Driver Name: audioendpoint.inf
Driver Package ID: audioendpoint.inf_amd64_271c4d03bad18da8
Class GUID: {c166523c-fe0c-4a94-a586-f1a80cfbbf3e}
Driver Date: 03/31/2024
Driver Version: 10.0.26100.1
Driver Provider: Microsoft
Driver Section: NO_DRV
Driver Rank: 0xFF0000
Matching Device ID: MMDEVAPI\AudioEndpoints
Outranked Drivers: c_swdevice.inf:SWD\GenericRaw:00FF3001
Device Updated: false
Parent Device: USB\VID_047F&PID_C058&MI_00\6&ba27757&0&0000"
"25-06-2026 09:36:01","420","Information","Microsoft-Windows-Kernel-PnP","Device SWD\MMDEVAPI\{0.0.1.00000000}.{3412E711-8786-449D-9D5B-F1E0EC48FDBD} was deleted.

Class GUID: {c166523c-fe0c-4a94-a586-f1a80cfbbf3e}"
"25-06-2026 09:36:00","410","Information","Microsoft-Windows-Kernel-PnP","Device SWD\MMDEVAPI\{0.0.0.00000000}.{8be792fc-74bb-47db-9561-be1e35261fbb} was started.

Driver Name: audioendpoint.inf
Class GUID: {c166523c-fe0c-4a94-a586-f1a80cfbbf3e}
Service: 
Lower Filters: 
Upper Filters: "
"25-06-2026 09:36:00","400","Information","Microsoft-Windows-Kernel-PnP","Device SWD\MMDEVAPI\{0.0.0.00000000}.{8be792fc-74bb-47db-9561-be1e35261fbb} was configured.

Driver Name: audioendpoint.inf
Driver Package ID: audioendpoint.inf_amd64_271c4d03bad18da8
Class GUID: {c166523c-fe0c-4a94-a586-f1a80cfbbf3e}
Driver Date: 03/31/2024
Driver Version: 10.0.26100.1
Driver Provider: Microsoft
Driver Section: NO_DRV
Driver Rank: 0xFF0000
Matching Device ID: MMDEVAPI\AudioEndpoints
Outranked Drivers: c_swdevice.inf:SWD\GenericRaw:00FF3001
Device Updated: false
Parent Device: USB\VID_047F&PID_C058&MI_00\6&ba27757&0&0000"
"25-06-2026 09:36:00","420","Information","Microsoft-Windows-Kernel-PnP","Device SWD\MMDEVAPI\{0.0.0.00000000}.{462B4D51-396D-45B0-AE15-5B0BC58F4FB9} was deleted.

Class GUID: {c166523c-fe0c-4a94-a586-f1a80cfbbf3e}"
"25-06-2026 09:32:02","410","Information","Microsoft-Windows-Kernel-PnP","Device HID\VID_046D&PID_C534&MI_01&Col01\8&62ff1ee&0&0000 was started.

Driver Name: msmouse.inf
Class GUID: {4d36e96f-e325-11ce-bfc1-08002be10318}
Service: mouhid
Lower Filters: 
Upper Filters: "
"25-06-2026 09:32:02","410","Information","Microsoft-Windows-Kernel-PnP","Device HID\VID_046D&PID_C534&MI_00\8&1df37e33&0&0000 was started.

Driver Name: keyboard.inf
Class GUID: {4d36e96b-e325-11ce-bfc1-08002be10318}
Service: kbdhid
Lower Filters: 
Upper Filters: "
"25-06-2026 09:32:02","410","Information","Microsoft-Windows-Kernel-PnP","Device HID\VID_046D&PID_C534&MI_01&Col05\8&62ff1ee&0&0004 was started.

Driver Name: input.inf
Class GUID: {745a17a0-74d3-11d0-b6fe-00a0c90f57da}
Service: 
Lower Filters: 
Upper Filters: "
"25-06-2026 09:32:02","410","Information","Microsoft-Windows-Kernel-PnP","Device HID\VID_046D&PID_C534&MI_01&Col04\8&62ff1ee&0&0003 was started.

Driver Name: input.inf
Class GUID: {745a17a0-74d3-11d0-b6fe-00a0c90f57da}
Service: 
Lower Filters: 
Upper Filters: "
"25-06-2026 09:32:02","410","Information","Microsoft-Windows-Kernel-PnP","Device HID\VID_046D&PID_C534&MI_01&Col03\8&62ff1ee&0&0002 was started.

Driver Name: input.inf
Class GUID: {745a17a0-74d3-11d0-b6fe-00a0c90f57da}
Service: 
Lower Filters: 
Upper Filters: "
"25-06-2026 09:32:02","410","Information","Microsoft-Windows-Kernel-PnP","Device HID\VID_046D&PID_C534&MI_01&Col02\8&62ff1ee&0&0001 was started.

Driver Name: hidserv.inf
Class GUID: {745a17a0-74d3-11d0-b6fe-00a0c90f57da}
Service: 
Lower Filters: 
Upper Filters: "
"25-06-2026 09:32:02","400","Information","Microsoft-Windows-Kernel-PnP","Device HID\VID_046D&PID_C534&MI_01&Col05\8&62ff1ee&0&0004 was configured.

Driver Name: input.inf
Driver Package ID: input.inf_amd64_5ef322c8291a38ce
Class GUID: {745a17a0-74d3-11d0-b6fe-00a0c90f57da}
Driver Date: 06/21/2006
Driver Version: 10.0.26100.8521
Driver Provider: Microsoft
Driver Section: HID_Raw_Inst.NT
Driver Rank: 0xFF1004
Matching Device ID: HID_DEVICE_UPR:FF00-FFFF
Outranked Drivers: input.inf:HID_DEVICE:00FF1005
Device Updated: false
Parent Device: USB\VID_046D&PID_C534&MI_01\7&385f5720&0&0001"
"25-06-2026 09:32:02","400","Information","Microsoft-Windows-Kernel-PnP","Device HID\VID_046D&PID_C534&MI_01&Col04\8&62ff1ee&0&0003 was configured.

Driver Name: input.inf
Driver Package ID: input.inf_amd64_5ef322c8291a38ce
Class GUID: {745a17a0-74d3-11d0-b6fe-00a0c90f57da}
Driver Date: 06/21/2006
Driver Version: 10.0.26100.8521
Driver Provider: Microsoft
Driver Section: HID_Raw_Inst.NT
Driver Rank: 0xFF1004
Matching Device ID: HID_DEVICE_UPR:FF00-FFFF
Outranked Drivers: input.inf:HID_DEVICE:00FF1005
Device Updated: false
Parent Device: USB\VID_046D&PID_C534&MI_01\7&385f5720&0&0001"
"25-06-2026 09:32:02","400","Information","Microsoft-Windows-Kernel-PnP","Device HID\VID_046D&PID_C534&MI_01&Col03\8&62ff1ee&0&0002 was configured.

Driver Name: input.inf
Driver Package ID: input.inf_amd64_5ef322c8291a38ce
Class GUID: {745a17a0-74d3-11d0-b6fe-00a0c90f57da}
Driver Date: 06/21/2006
Driver Version: 10.0.26100.8521
Driver Provider: Microsoft
Driver Section: HID_Raw_Inst.NT
Driver Rank: 0xFF1004
Matching Device ID: HID_DEVICE_UP:0001_U:0080
Outranked Drivers: input.inf:HID_DEVICE:00FF1005
Device Updated: false
Parent Device: USB\VID_046D&PID_C534&MI_01\7&385f5720&0&0001"
"25-06-2026 09:32:02","400","Information","Microsoft-Windows-Kernel-PnP","Device HID\VID_046D&PID_C534&MI_01&Col02\8&62ff1ee&0&0001 was configured.

Driver Name: hidserv.inf
Driver Package ID: hidserv.inf_amd64_3111b4bfb553788d
Class GUID: {745a17a0-74d3-11d0-b6fe-00a0c90f57da}
Driver Date: 06/21/2006
Driver Version: 10.0.26100.1
Driver Provider: Microsoft
Driver Section: HIDSystemConsumerDevice
Driver Rank: 0xFF0004
Matching Device ID: HID_DEVICE_UP:000C_U:0001
Outranked Drivers: input.inf:HID_DEVICE:00FF1005
Device Updated: false
Parent Device: USB\VID_046D&PID_C534&MI_01\7&385f5720&0&0001"
"25-06-2026 09:32:02","400","Information","Microsoft-Windows-Kernel-PnP","Device HID\VID_046D&PID_C534&MI_01&Col01\8&62ff1ee&0&0000 was configured.

Driver Name: msmouse.inf
Driver Package ID: msmouse.inf_amd64_097bbd709f0c4972
Class GUID: {4d36e96f-e325-11ce-bfc1-08002be10318}
Driver Date: 06/21/2006
Driver Version: 10.0.26100.1150
Driver Provider: Microsoft
Driver Section: HID_Mouse_Inst.NT
Driver Rank: 0xFF1003
Matching Device ID: HID_DEVICE_SYSTEM_MOUSE
Outranked Drivers: input.inf:HID_DEVICE:00FF1005
Device Updated: false
Parent Device: USB\VID_046D&PID_C534&MI_01\7&385f5720&0&0001"
"25-06-2026 09:32:02","410","Information","Microsoft-Windows-Kernel-PnP","Device USB\VID_046D&PID_C534&MI_01\7&385f5720&0&0001 was started.

Driver Name: input.inf
Class GUID: {745a17a0-74d3-11d0-b6fe-00a0c90f57da}
Service: HidUsb
Lower Filters: 
Upper Filters: "
"25-06-2026 09:32:01","400","Information","Microsoft-Windows-Kernel-PnP","Device HID\VID_046D&PID_C534&MI_00\8&1df37e33&0&0000 was configured.

Driver Name: keyboard.inf
Driver Package ID: keyboard.inf_amd64_b080cf0dd47fca65
Class GUID: {4d36e96b-e325-11ce-bfc1-08002be10318}
Driver Date: 06/21/2006
Driver Version: 10.0.26100.8521
Driver Provider: Microsoft
Driver Section: HID_Keyboard_Inst.NT
Driver Rank: 0xFF1003
Matching Device ID: HID_DEVICE_SYSTEM_KEYBOARD
Outranked Drivers: input.inf:HID_DEVICE:00FF1005
Device Updated: false
Parent Device: USB\VID_046D&PID_C534&MI_00\7&385f5720&0&0000"
"25-06-2026 09:32:01","410","Information","Microsoft-Windows-Kernel-PnP","Device USB\VID_046D&PID_C534&MI_00\7&385f5720&0&0000 was started.

Driver Name: input.inf
Class GUID: {745a17a0-74d3-11d0-b6fe-00a0c90f57da}
Service: HidUsb
Lower Filters: 
Upper Filters: "
"25-06-2026 09:31:59","400","Information","Microsoft-Windows-Kernel-PnP","Device USB\VID_046D&PID_C534&MI_01\7&385f5720&0&0001 was configured.

Driver Name: input.inf
Driver Package ID: input.inf_amd64_5ef322c8291a38ce
Class GUID: {745a17a0-74d3-11d0-b6fe-00a0c90f57da}
Driver Date: 06/21/2006
Driver Version: 10.0.26100.8521
Driver Provider: Microsoft
Driver Section: HID_Inst.NT
Driver Rank: 0xFF3104
Matching Device ID: USB\Class_03&SubClass_01
Outranked Drivers: input.inf:USB\Class_03:00FF3205
Device Updated: false
Parent Device: USB\VID_046D&PID_C534\6&6a9522f&0&2"
"25-06-2026 09:31:59","400","Information","Microsoft-Windows-Kernel-PnP","Device USB\VID_046D&PID_C534&MI_00\7&385f5720&0&0000 was configured.

Driver Name: input.inf
Driver Package ID: input.inf_amd64_5ef322c8291a38ce
Class GUID: {745a17a0-74d3-11d0-b6fe-00a0c90f57da}
Driver Date: 06/21/2006
Driver Version: 10.0.26100.8521
Driver Provider: Microsoft
Driver Section: HID_Inst.NT
Driver Rank: 0xFF3104
Matching Device ID: USB\Class_03&SubClass_01
Outranked Drivers: input.inf:USB\Class_03:00FF3205
Device Updated: false
Parent Device: USB\VID_046D&PID_C534\6&6a9522f&0&2"
"25-06-2026 09:31:59","410","Information","Microsoft-Windows-Kernel-PnP","Device USB\VID_046D&PID_C534\6&6a9522f&0&2 was started.

Driver Name: usb.inf
Class GUID: {36fc9e60-c465-11cf-8056-444553540000}
Service: usbccgp
Lower Filters: 
Upper Filters: "
"25-06-2026 09:31:57","400","Information","Microsoft-Windows-Kernel-PnP","Device USB\VID_046D&PID_C534\6&6a9522f&0&2 was configured.

Driver Name: usb.inf
Driver Package ID: usb.inf_amd64_a10c4ca0f120b7f5
Class GUID: {36fc9e60-c465-11cf-8056-444553540000}
Driver Date: 06/21/2006
Driver Version: 10.0.26100.8521
Driver Provider: Microsoft
Driver Section: Composite.Dev.NT
Driver Rank: 0xFF2006
Matching Device ID: USB\COMPOSITE
Outranked Drivers: 
Device Updated: false
Parent Device: USB\VID_1D5C&PID_5510\5&2dc84fba&0&2"
"25-06-2026 09:31:56","410","Information","Microsoft-Windows-Kernel-PnP","Device DISPLAY\HWP3183\4&20b8d095&0&UID24648 was started.

Driver Name: monitor.inf
Class GUID: {4d36e96e-e325-11ce-bfc1-08002be10318}
Service: monitor
Lower Filters: 
Upper Filters: "
"25-06-2026 09:31:50","400","Information","Microsoft-Windows-Kernel-PnP","Device DISPLAY\HWP3183\4&20b8d095&0&UID24648 was configured.

Driver Name: monitor.inf
Driver Package ID: monitor.inf_amd64_5ec6500792d2b4b4
Class GUID: {4d36e96e-e325-11ce-bfc1-08002be10318}
Driver Date: 06/21/2006
Driver Version: 10.0.26100.8521
Driver Provider: Microsoft
Driver Section: PnPMonitor.Install
Driver Rank: 0xFF2000
Matching Device ID: *PNP09FF
Outranked Drivers: 
Device Updated: false
Parent Device: PCI\VEN_8086&DEV_7D41&SUBSYS_0CE81028&REV_00\3&11583659&0&10"
"24-06-2026 15:28:08","410","Information","Microsoft-Windows-Kernel-PnP","Device HID\VID_046D&PID_C534&MI_01&Col01\8&17ca6af0&0&0000 was started.

Driver Name: msmouse.inf
Class GUID: {4d36e96f-e325-11ce-bfc1-08002be10318}
Service: mouhid
Lower Filters: 
Upper Filters: "
"24-06-2026 15:28:08","410","Information","Microsoft-Windows-Kernel-PnP","Device HID\VID_046D&PID_C534&MI_00\8&2f8df735&0&0000 was started.

Driver Name: keyboard.inf
Class GUID: {4d36e96b-e325-11ce-bfc1-08002be10318}
Service: kbdhid
Lower Filters: 
Upper Filters: "
"24-06-2026 15:28:08","410","Information","Microsoft-Windows-Kernel-PnP","Device HID\VID_046D&PID_C534&MI_01&Col05\8&17ca6af0&0&0004 was started.

Driver Name: input.inf
Class GUID: {745a17a0-74d3-11d0-b6fe-00a0c90f57da}
Service: 
Lower Filters: 
Upper Filters: "
"24-06-2026 15:28:08","410","Information","Microsoft-Windows-Kernel-PnP","Device HID\VID_046D&PID_C534&MI_01&Col04\8&17ca6af0&0&0003 was started.

Driver Name: input.inf
Class GUID: {745a17a0-74d3-11d0-b6fe-00a0c90f57da}
Service: 
Lower Filters: 
Upper Filters: "
"24-06-2026 15:28:08","410","Information","Microsoft-Windows-Kernel-PnP","Device HID\VID_046D&PID_C534&MI_01&Col03\8&17ca6af0&0&0002 was started.

Driver Name: input.inf
Class GUID: {745a17a0-74d3-11d0-b6fe-00a0c90f57da}
Service: 
Lower Filters: 
Upper Filters: "
"24-06-2026 15:28:08","410","Information","Microsoft-Windows-Kernel-PnP","Device HID\VID_046D&PID_C534&MI_01&Col02\8&17ca6af0&0&0001 was started.

Driver Name: hidserv.inf
Class GUID: {745a17a0-74d3-11d0-b6fe-00a0c90f57da}
Service: 
Lower Filters: 
Upper Filters: "
"24-06-2026 15:28:08","400","Information","Microsoft-Windows-Kernel-PnP","Device HID\VID_046D&PID_C534&MI_01&Col05\8&17ca6af0&0&0004 was configured.

Driver Name: input.inf
Driver Package ID: input.inf_amd64_5ef322c8291a38ce
Class GUID: {745a17a0-74d3-11d0-b6fe-00a0c90f57da}
Driver Date: 06/21/2006
Driver Version: 10.0.26100.8521
Driver Provider: Microsoft
Driver Section: HID_Raw_Inst.NT
Driver Rank: 0xFF1004
Matching Device ID: HID_DEVICE_UPR:FF00-FFFF
Outranked Drivers: input.inf:HID_DEVICE:00FF1005
Device Updated: false
Parent Device: USB\VID_046D&PID_C534&MI_01\7&1e4ce273&0&0001"
"24-06-2026 15:28:08","400","Information","Microsoft-Windows-Kernel-PnP","Device HID\VID_046D&PID_C534&MI_01&Col04\8&17ca6af0&0&0003 was configured.

Driver Name: input.inf
Driver Package ID: input.inf_amd64_5ef322c8291a38ce
Class GUID: {745a17a0-74d3-11d0-b6fe-00a0c90f57da}
Driver Date: 06/21/2006
Driver Version: 10.0.26100.8521
Driver Provider: Microsoft
Driver Section: HID_Raw_Inst.NT
Driver Rank: 0xFF1004
Matching Device ID: HID_DEVICE_UPR:FF00-FFFF
Outranked Drivers: input.inf:HID_DEVICE:00FF1005
Device Updated: false
Parent Device: USB\VID_046D&PID_C534&MI_01\7&1e4ce273&0&0001"
"24-06-2026 15:28:08","400","Information","Microsoft-Windows-Kernel-PnP","Device HID\VID_046D&PID_C534&MI_01&Col03\8&17ca6af0&0&0002 was configured.

Driver Name: input.inf
Driver Package ID: input.inf_amd64_5ef322c8291a38ce
Class GUID: {745a17a0-74d3-11d0-b6fe-00a0c90f57da}
Driver Date: 06/21/2006
Driver Version: 10.0.26100.8521
Driver Provider: Microsoft
Driver Section: HID_Raw_Inst.NT
Driver Rank: 0xFF1004
Matching Device ID: HID_DEVICE_UP:0001_U:0080
Outranked Drivers: input.inf:HID_DEVICE:00FF1005
Device Updated: false
Parent Device: USB\VID_046D&PID_C534&MI_01\7&1e4ce273&0&0001"
"24-06-2026 15:28:08","400","Information","Microsoft-Windows-Kernel-PnP","Device HID\VID_046D&PID_C534&MI_01&Col02\8&17ca6af0&0&0001 was configured.

Driver Name: hidserv.inf
Driver Package ID: hidserv.inf_amd64_3111b4bfb553788d
Class GUID: {745a17a0-74d3-11d0-b6fe-00a0c90f57da}
Driver Date: 06/21/2006
Driver Version: 10.0.26100.1
Driver Provider: Microsoft
Driver Section: HIDSystemConsumerDevice
Driver Rank: 0xFF0004
Matching Device ID: HID_DEVICE_UP:000C_U:0001
Outranked Drivers: input.inf:HID_DEVICE:00FF1005
Device Updated: false
Parent Device: USB\VID_046D&PID_C534&MI_01\7&1e4ce273&0&0001"
"24-06-2026 15:28:08","400","Information","Microsoft-Windows-Kernel-PnP","Device HID\VID_046D&PID_C534&MI_01&Col01\8&17ca6af0&0&0000 was configured.

Driver Name: msmouse.inf
Driver Package ID: msmouse.inf_amd64_097bbd709f0c4972
Class GUID: {4d36e96f-e325-11ce-bfc1-08002be10318}
Driver Date: 06/21/2006
Driver Version: 10.0.26100.1150
Driver Provider: Microsoft
Driver Section: HID_Mouse_Inst.NT
Driver Rank: 0xFF1003
Matching Device ID: HID_DEVICE_SYSTEM_MOUSE
Outranked Drivers: input.inf:HID_DEVICE:00FF1005
Device Updated: false
Parent Device: USB\VID_046D&PID_C534&MI_01\7&1e4ce273&0&0001"
"24-06-2026 15:28:08","410","Information","Microsoft-Windows-Kernel-PnP","Device USB\VID_046D&PID_C534&MI_01\7&1e4ce273&0&0001 was started.

Driver Name: input.inf
Class GUID: {745a17a0-74d3-11d0-b6fe-00a0c90f57da}
Service: HidUsb
Lower Filters: 
Upper Filters: "
"24-06-2026 15:28:08","400","Information","Microsoft-Windows-Kernel-PnP","Device HID\VID_046D&PID_C534&MI_00\8&2f8df735&0&0000 was configured.

Driver Name: keyboard.inf
Driver Package ID: keyboard.inf_amd64_b080cf0dd47fca65
Class GUID: {4d36e96b-e325-11ce-bfc1-08002be10318}
Driver Date: 06/21/2006
Driver Version: 10.0.26100.8521
Driver Provider: Microsoft
Driver Section: HID_Keyboard_Inst.NT
Driver Rank: 0xFF1003
Matching Device ID: HID_DEVICE_SYSTEM_KEYBOARD
Outranked Drivers: input.inf:HID_DEVICE:00FF1005
Device Updated: false
Parent Device: USB\VID_046D&PID_C534&MI_00\7&1e4ce273&0&0000"
"24-06-2026 15:28:08","410","Information","Microsoft-Windows-Kernel-PnP","Device USB\VID_046D&PID_C534&MI_00\7&1e4ce273&0&0000 was started.

Driver Name: input.inf
Class GUID: {745a17a0-74d3-11d0-b6fe-00a0c90f57da}
Service: HidUsb
Lower Filters: 
Upper Filters: "
"24-06-2026 15:28:08","400","Information","Microsoft-Windows-Kernel-PnP","Device USB\VID_046D&PID_C534&MI_01\7&1e4ce273&0&0001 was configured.

Driver Name: input.inf
Driver Package ID: input.inf_amd64_5ef322c8291a38ce
Class GUID: {745a17a0-74d3-11d0-b6fe-00a0c90f57da}
Driver Date: 06/21/2006
Driver Version: 10.0.26100.8521
Driver Provider: Microsoft
Driver Section: HID_Inst.NT
Driver Rank: 0xFF3104
Matching Device ID: USB\Class_03&SubClass_01
Outranked Drivers: input.inf:USB\Class_03:00FF3205
Device Updated: false
Parent Device: USB\VID_046D&PID_C534\6&196302d4&0&2"
"24-06-2026 15:28:08","400","Information","Microsoft-Windows-Kernel-PnP","Device USB\VID_046D&PID_C534&MI_00\7&1e4ce273&0&0000 was configured.

Driver Name: input.inf
Driver Package ID: input.inf_amd64_5ef322c8291a38ce
Class GUID: {745a17a0-74d3-11d0-b6fe-00a0c90f57da}
Driver Date: 06/21/2006
Driver Version: 10.0.26100.8521
Driver Provider: Microsoft
Driver Section: HID_Inst.NT
Driver Rank: 0xFF3104
Matching Device ID: USB\Class_03&SubClass_01
Outranked Drivers: input.inf:USB\Class_03:00FF3205
Device Updated: false
Parent Device: USB\VID_046D&PID_C534\6&196302d4&0&2"
"24-06-2026 15:28:08","410","Information","Microsoft-Windows-Kernel-PnP","Device USB\VID_046D&PID_C534\6&196302d4&0&2 was started.

Driver Name: usb.inf
Class GUID: {36fc9e60-c465-11cf-8056-444553540000}
Service: usbccgp
Lower Filters: 
Upper Filters: "
"24-06-2026 15:28:08","400","Information","Microsoft-Windows-Kernel-PnP","Device USB\VID_046D&PID_C534\6&196302d4&0&2 was configured.

Driver Name: usb.inf
Driver Package ID: usb.inf_amd64_a10c4ca0f120b7f5
Class GUID: {36fc9e60-c465-11cf-8056-444553540000}
Driver Date: 06/21/2006
Driver Version: 10.0.26100.8521
Driver Provider: Microsoft
Driver Section: Composite.Dev.NT
Driver Rank: 0xFF2006
Matching Device ID: USB\COMPOSITE
Outranked Drivers: 
Device Updated: false
Parent Device: USB\VID_1D5C&PID_5510\5&2dc84fba&0&1"
"24-06-2026 15:18:08","410","Information","Microsoft-Windows-Kernel-PnP","Device DISPLAY\HWP3183\4&20b8d095&0&UID8263 was started.

Driver Name: monitor.inf
Class GUID: {4d36e96e-e325-11ce-bfc1-08002be10318}
Service: monitor
Lower Filters: 
Upper Filters: "
"24-06-2026 15:18:08","400","Information","Microsoft-Windows-Kernel-PnP","Device DISPLAY\HWP3183\4&20b8d095&0&UID8263 was configured.

Driver Name: monitor.inf
Driver Package ID: monitor.inf_amd64_5ec6500792d2b4b4
Class GUID: {4d36e96e-e325-11ce-bfc1-08002be10318}
Driver Date: 06/21/2006
Driver Version: 10.0.26100.8521
Driver Provider: Microsoft
Driver Section: PnPMonitor.Install
Driver Rank: 0xFF2000
Matching Device ID: *PNP09FF
Outranked Drivers: 
Device Updated: false
Parent Device: PCI\VEN_8086&DEV_7D41&SUBSYS_0CE81028&REV_00\3&11583659&0&10"
"24-06-2026 15:17:05","410","Information","Microsoft-Windows-Kernel-PnP","Device HID\VID_046D&PID_C534&MI_01&Col01\8&1dfcdef3&0&0000 was started.

Driver Name: msmouse.inf
Class GUID: {4d36e96f-e325-11ce-bfc1-08002be10318}
Service: mouhid
Lower Filters: 
Upper Filters: "
"24-06-2026 15:17:05","400","Information","Microsoft-Windows-Kernel-PnP","Device HID\VID_046D&PID_C534&MI_01&Col01\8&1dfcdef3&0&0000 was configured.

Driver Name: msmouse.inf
Driver Package ID: msmouse.inf_amd64_097bbd709f0c4972
Class GUID: {4d36e96f-e325-11ce-bfc1-08002be10318}
Driver Date: 06/21/2006
Driver Version: 10.0.26100.1150
Driver Provider: Microsoft
Driver Section: HID_Mouse_Inst.NT
Driver Rank: 0xFF1003
Matching Device ID: HID_DEVICE_SYSTEM_MOUSE
Outranked Drivers: input.inf:HID_DEVICE:00FF1005
Device Updated: false
Parent Device: USB\VID_046D&PID_C534&MI_01\7&b9331ce&0&0001"
"24-06-2026 15:17:04","410","Information","Microsoft-Windows-Kernel-PnP","Device HID\VID_046D&PID_C534&MI_00\8&accc2b5&0&0000 was started.

Driver Name: keyboard.inf
Class GUID: {4d36e96b-e325-11ce-bfc1-08002be10318}
Service: kbdhid
Lower Filters: 
Upper Filters: "
"24-06-2026 15:17:04","410","Information","Microsoft-Windows-Kernel-PnP","Device HID\VID_046D&PID_C534&MI_01&Col05\8&1dfcdef3&0&0004 was started.

Driver Name: input.inf
Class GUID: {745a17a0-74d3-11d0-b6fe-00a0c90f57da}
Service: 
Lower Filters: 
Upper Filters: "
"24-06-2026 15:17:04","410","Information","Microsoft-Windows-Kernel-PnP","Device HID\VID_046D&PID_C534&MI_01&Col04\8&1dfcdef3&0&0003 was started.

Driver Name: input.inf
Class GUID: {745a17a0-74d3-11d0-b6fe-00a0c90f57da}
Service: 
Lower Filters: 
Upper Filters: "
"24-06-2026 15:17:04","410","Information","Microsoft-Windows-Kernel-PnP","Device HID\VID_046D&PID_C534&MI_01&Col03\8&1dfcdef3&0&0002 was started.

Driver Name: input.inf
Class GUID: {745a17a0-74d3-11d0-b6fe-00a0c90f57da}
Service: 
Lower Filters: 
Upper Filters: "
"24-06-2026 15:17:04","410","Information","Microsoft-Windows-Kernel-PnP","Device HID\VID_046D&PID_C534&MI_01&Col02\8&1dfcdef3&0&0001 was started.

Driver Name: hidserv.inf
Class GUID: {745a17a0-74d3-11d0-b6fe-00a0c90f57da}
Service: 
Lower Filters: 
Upper Filters: "
"24-06-2026 15:17:04","400","Information","Microsoft-Windows-Kernel-PnP","Device HID\VID_046D&PID_C534&MI_01&Col05\8&1dfcdef3&0&0004 was configured.

Driver Name: input.inf
Driver Package ID: input.inf_amd64_5ef322c8291a38ce
Class GUID: {745a17a0-74d3-11d0-b6fe-00a0c90f57da}
Driver Date: 06/21/2006
Driver Version: 10.0.26100.8521
Driver Provider: Microsoft
Driver Section: HID_Raw_Inst.NT
Driver Rank: 0xFF1004
Matching Device ID: HID_DEVICE_UPR:FF00-FFFF
Outranked Drivers: input.inf:HID_DEVICE:00FF1005
Device Updated: false
Parent Device: USB\VID_046D&PID_C534&MI_01\7&b9331ce&0&0001"
"24-06-2026 15:17:04","400","Information","Microsoft-Windows-Kernel-PnP","Device HID\VID_046D&PID_C534&MI_01&Col04\8&1dfcdef3&0&0003 was configured.

Driver Name: input.inf
Driver Package ID: input.inf_amd64_5ef322c8291a38ce
Class GUID: {745a17a0-74d3-11d0-b6fe-00a0c90f57da}
Driver Date: 06/21/2006
Driver Version: 10.0.26100.8521
Driver Provider: Microsoft
Driver Section: HID_Raw_Inst.NT
Driver Rank: 0xFF1004
Matching Device ID: HID_DEVICE_UPR:FF00-FFFF
Outranked Drivers: input.inf:HID_DEVICE:00FF1005
Device Updated: false
Parent Device: USB\VID_046D&PID_C534&MI_01\7&b9331ce&0&0001"
"24-06-2026 15:17:04","400","Information","Microsoft-Windows-Kernel-PnP","Device HID\VID_046D&PID_C534&MI_01&Col03\8&1dfcdef3&0&0002 was configured.

Driver Name: input.inf
Driver Package ID: input.inf_amd64_5ef322c8291a38ce
Class GUID: {745a17a0-74d3-11d0-b6fe-00a0c90f57da}
Driver Date: 06/21/2006
Driver Version: 10.0.26100.8521
Driver Provider: Microsoft
Driver Section: HID_Raw_Inst.NT
Driver Rank: 0xFF1004
Matching Device ID: HID_DEVICE_UP:0001_U:0080
Outranked Drivers: input.inf:HID_DEVICE:00FF1005
Device Updated: false
Parent Device: USB\VID_046D&PID_C534&MI_01\7&b9331ce&0&0001"
"24-06-2026 15:17:04","400","Information","Microsoft-Windows-Kernel-PnP","Device HID\VID_046D&PID_C534&MI_01&Col02\8&1dfcdef3&0&0001 was configured.

Driver Name: hidserv.inf
Driver Package ID: hidserv.inf_amd64_3111b4bfb553788d
Class GUID: {745a17a0-74d3-11d0-b6fe-00a0c90f57da}
Driver Date: 06/21/2006
Driver Version: 10.0.26100.1
Driver Provider: Microsoft
Driver Section: HIDSystemConsumerDevice
Driver Rank: 0xFF0004
Matching Device ID: HID_DEVICE_UP:000C_U:0001
Outranked Drivers: input.inf:HID_DEVICE:00FF1005
Device Updated: false
Parent Device: USB\VID_046D&PID_C534&MI_01\7&b9331ce&0&0001"
"24-06-2026 15:17:04","430","Information","Microsoft-Windows-Kernel-PnP","Device HID\VID_046D&PID_C534&MI_01&Col01\8&1dfcdef3&0&0000 requires further installation."
"24-06-2026 15:17:04","410","Information","Microsoft-Windows-Kernel-PnP","Device USB\VID_046D&PID_C534&MI_01\7&b9331ce&0&0001 was started.

Driver Name: input.inf
Class GUID: {745a17a0-74d3-11d0-b6fe-00a0c90f57da}
Service: HidUsb
Lower Filters: 
Upper Filters: "
"24-06-2026 15:17:04","400","Information","Microsoft-Windows-Kernel-PnP","Device HID\VID_046D&PID_C534&MI_00\8&accc2b5&0&0000 was configured.

Driver Name: keyboard.inf
Driver Package ID: keyboard.inf_amd64_b080cf0dd47fca65
Class GUID: {4d36e96b-e325-11ce-bfc1-08002be10318}
Driver Date: 06/21/2006
Driver Version: 10.0.26100.8521
Driver Provider: Microsoft
Driver Section: HID_Keyboard_Inst.NT
Driver Rank: 0xFF1003
Matching Device ID: HID_DEVICE_SYSTEM_KEYBOARD
Outranked Drivers: input.inf:HID_DEVICE:00FF1005
Device Updated: false
Parent Device: USB\VID_046D&PID_C534&MI_00\7&b9331ce&0&0000"
"24-06-2026 15:17:04","410","Information","Microsoft-Windows-Kernel-PnP","Device USB\VID_046D&PID_C534&MI_00\7&b9331ce&0&0000 was started.

Driver Name: input.inf
Class GUID: {745a17a0-74d3-11d0-b6fe-00a0c90f57da}
Service: HidUsb
Lower Filters: 
Upper Filters: "
"24-06-2026 15:17:04","400","Information","Microsoft-Windows-Kernel-PnP","Device USB\VID_046D&PID_C534&MI_01\7&b9331ce&0&0001 was configured.

Driver Name: input.inf
Driver Package ID: input.inf_amd64_5ef322c8291a38ce
Class GUID: {745a17a0-74d3-11d0-b6fe-00a0c90f57da}
Driver Date: 06/21/2006
Driver Version: 10.0.26100.8521
Driver Provider: Microsoft
Driver Section: HID_Inst.NT
Driver Rank: 0xFF3104
Matching Device ID: USB\Class_03&SubClass_01
Outranked Drivers: input.inf:USB\Class_03:00FF3205
Device Updated: false
Parent Device: USB\VID_046D&PID_C534\6&196302d4&0&3"
"24-06-2026 15:17:04","400","Information","Microsoft-Windows-Kernel-PnP","Device USB\VID_046D&PID_C534&MI_00\7&b9331ce&0&0000 was configured.

Driver Name: input.inf
Driver Package ID: input.inf_amd64_5ef322c8291a38ce
Class GUID: {745a17a0-74d3-11d0-b6fe-00a0c90f57da}
Driver Date: 06/21/2006
Driver Version: 10.0.26100.8521
Driver Provider: Microsoft
Driver Section: HID_Inst.NT
Driver Rank: 0xFF3104
Matching Device ID: USB\Class_03&SubClass_01
Outranked Drivers: input.inf:USB\Class_03:00FF3205
Device Updated: false
Parent Device: USB\VID_046D&PID_C534\6&196302d4&0&3"
"24-06-2026 15:17:04","410","Information","Microsoft-Windows-Kernel-PnP","Device USB\VID_046D&PID_C534\6&196302d4&0&3 was started.

Driver Name: usb.inf
Class GUID: {36fc9e60-c465-11cf-8056-444553540000}
Service: usbccgp
Lower Filters: 
Upper Filters: "
"24-06-2026 15:17:04","400","Information","Microsoft-Windows-Kernel-PnP","Device USB\VID_046D&PID_C534\6&196302d4&0&3 was configured.

Driver Name: usb.inf
Driver Package ID: usb.inf_amd64_a10c4ca0f120b7f5
Class GUID: {36fc9e60-c465-11cf-8056-444553540000}
Driver Date: 06/21/2006
Driver Version: 10.0.26100.8521
Driver Provider: Microsoft
Driver Section: Composite.Dev.NT
Driver Rank: 0xFF2006
Matching Device ID: USB\COMPOSITE
Outranked Drivers: 
Device Updated: false
Parent Device: USB\VID_1D5C&PID_5510\5&2dc84fba&0&1"
"24-06-2026 15:17:03","410","Information","Microsoft-Windows-Kernel-PnP","Device USB\VID_413C&PID_C010&MI_01\7&219a59ca&0&0001 was started.

Driver Name: winusb.inf
Class GUID: {88bae032-5a81-49f0-bc3d-a4ff138216d6}
Service: WINUSB
Lower Filters: 
Upper Filters: "
"24-06-2026 15:17:03","410","Information","Microsoft-Windows-Kernel-PnP","Device USB\VID_413C&PID_C010&MI_00\7&219a59ca&0&0000 was started.

Driver Name: winusb.inf
Class GUID: {88bae032-5a81-49f0-bc3d-a4ff138216d6}
Service: WINUSB
Lower Filters: 
Upper Filters: "
"24-06-2026 15:17:03","400","Information","Microsoft-Windows-Kernel-PnP","Device USB\VID_413C&PID_C010&MI_01\7&219a59ca&0&0001 was configured.

Driver Name: winusb.inf
Driver Package ID: winusb.inf_amd64_e3d2ed0c43a36b9a
Class GUID: {88bae032-5a81-49f0-bc3d-a4ff138216d6}
Driver Date: 06/21/2006
Driver Version: 10.0.26100.1150
Driver Provider: Microsoft
Driver Section: WINUSB.NT
Driver Rank: 0xFF2000
Matching Device ID: USB\MS_COMP_WINUSB
Outranked Drivers: 
Device Updated: false
Parent Device: USB\VID_413C&PID_C010\11AD1D0A92AE3E18402F0B00"
"24-06-2026 15:17:03","400","Information","Microsoft-Windows-Kernel-PnP","Device USB\VID_413C&PID_C010&MI_00\7&219a59ca&0&0000 was configured.

Driver Name: winusb.inf
Driver Package ID: winusb.inf_amd64_e3d2ed0c43a36b9a
Class GUID: {88bae032-5a81-49f0-bc3d-a4ff138216d6}
Driver Date: 06/21/2006
Driver Version: 10.0.26100.1150
Driver Provider: Microsoft
Driver Section: BILLBOARD.NT
Driver Rank: 0xFF2003
Matching Device ID: USB\Class_11&SubClass_00&Prot_00
Outranked Drivers: 
Device Updated: false
Parent Device: USB\VID_413C&PID_C010\11AD1D0A92AE3E18402F0B00"
"24-06-2026 15:17:03","410","Information","Microsoft-Windows-Kernel-PnP","Device USB\VID_413C&PID_C010\11AD1D0A92AE3E18402F0B00 was started.

Driver Name: usb.inf
Class GUID: {36fc9e60-c465-11cf-8056-444553540000}
Service: usbccgp
Lower Filters: 
Upper Filters: "
"24-06-2026 15:17:03","400","Information","Microsoft-Windows-Kernel-PnP","Device USB\VID_413C&PID_C010\11AD1D0A92AE3E18402F0B00 was configured.

Driver Name: usb.inf
Driver Package ID: usb.inf_amd64_a10c4ca0f120b7f5
Class GUID: {36fc9e60-c465-11cf-8056-444553540000}
Driver Date: 06/21/2006
Driver Version: 10.0.26100.8521
Driver Provider: Microsoft
Driver Section: Composite.Dev.NT
Driver Rank: 0xFF2006
Matching Device ID: USB\COMPOSITE
Outranked Drivers: 
Device Updated: false
Parent Device: USB\VID_1D5C&PID_5510\5&2dc84fba&0&1"
"24-06-2026 13:32:55","410","Information","Microsoft-Windows-Kernel-PnP","Device PCI\VEN_8086&DEV_7D1D&SUBSYS_0CE81028&REV_05\3&11583659&0&58 was started.

Driver Name: oem483.inf
Class GUID: {f01a9d53-3ff6-48d2-9f97-c8a7004be10c}
Service: npu
Lower Filters: 
Upper Filters: "
"24-06-2026 13:32:54","400","Information","Microsoft-Windows-Kernel-PnP","Device PCI\VEN_8086&DEV_7D1D&SUBSYS_0CE81028&REV_05\3&11583659&0&58 was configured.

Driver Name: oem529.inf
Driver Package ID: npu_extension.inf_amd64_4231a860fc138d5e
Class GUID: {e2f84ce7-8efa-411c-aa69-97454ca4cb57}
Driver Date: 03/19/2026
Driver Version: 32.0.100.4724
Driver Provider: Intel Corporation
Driver Section: NPU_7D1D_w11_Extension_Install
Driver Rank: 0xFF0001
Matching Device ID: PCI\VEN_8086&DEV_7D1D&SUBSYS_0CE81028
Outranked Drivers: 
Device Updated: true
Parent Device: ACPI\PNP0A08\0"
"24-06-2026 13:32:54","400","Information","Microsoft-Windows-Kernel-PnP","Device PCI\VEN_8086&DEV_7D1D&SUBSYS_0CE81028&REV_05\3&11583659&0&58 was configured.

Driver Name: oem439.inf
Driver Package ID: npu_extension.inf_amd64_94e59c10d33bc0d0
Class GUID: {e2f84ce7-8efa-411c-aa69-97454ca4cb57}
Driver Date: 02/06/2025
Driver Version: 32.0.100.3717
Driver Provider: Intel Corporation
Driver Section: NPU_7D1D_w11_Extension_Install
Driver Rank: 0xFF0001
Matching Device ID: PCI\VEN_8086&DEV_7D1D&SUBSYS_0CE81028
Outranked Drivers: 
Device Updated: true
Parent Device: ACPI\PNP0A08\0"
"24-06-2026 13:32:54","400","Information","Microsoft-Windows-Kernel-PnP","Device PCI\VEN_8086&DEV_7D1D&SUBSYS_0CE81028&REV_05\3&11583659&0&58 was configured.

Driver Name: oem483.inf
Driver Package ID: npu.inf_amd64_08aa998631b6cdd8
Class GUID: {f01a9d53-3ff6-48d2-9f97-c8a7004be10c}
Driver Date: 12/09/2025
Driver Version: 32.0.100.4512
Driver Provider: Intel Corporation
Driver Section: NPU2_7_w11_26100_DS
Driver Rank: 0xFF2001
Matching Device ID: PCI\VEN_8086&DEV_7D1D
Outranked Drivers: oem55.inf:PCI\VEN_8086&DEV_7D1D:00FF2001 oem108.inf:PCI\VEN_8086&DEV_7D1D:00FF2001 oem156.inf:PCI\VEN_8086&DEV_7D1D:00FF2001 oem392.inf:PCI\VEN_8086&DEV_7D1D:00FF2001
Device Updated: true
Parent Device: ACPI\PNP0A08\0"
"23-06-2026 08:59:52","410","Information","Microsoft-Windows-Kernel-PnP","Device SWD\ScDeviceEnum\4_Windows_Hello_for_Business_1 was started.

Driver Name: c_swdevice.inf
Class GUID: {62f9c741-b25a-46ce-b54c-9bccce08b6f2}
Service: 
Lower Filters: 
Upper Filters: "
"23-06-2026 08:59:52","400","Information","Microsoft-Windows-Kernel-PnP","Device SWD\ScDeviceEnum\4_Windows_Hello_for_Business_1 was configured.

Driver Name: c_swdevice.inf
Driver Package ID: c_swdevice.inf_amd64_845d51425d14f98b
Class GUID: {62f9c741-b25a-46ce-b54c-9bccce08b6f2}
Driver Date: 06/21/2006
Driver Version: 10.0.26100.1
Driver Provider: Microsoft
Driver Section: SoftwareDevice
Driver Rank: 0xFF3000
Matching Device ID: SWD\GenericRaw
Outranked Drivers: 
Device Updated: false
Parent Device: SWD\ScDeviceEnumBus\0"
"22-06-2026 08:51:40","410","Information","Microsoft-Windows-Kernel-PnP","Device SWD\MMDEVAPI\{0.0.0.00000000}.{0b8bdbe8-bfbb-41b3-b959-eb697b0ea1de} was started.

Driver Name: audioendpoint.inf
Class GUID: {c166523c-fe0c-4a94-a586-f1a80cfbbf3e}
Service: 
Lower Filters: 
Upper Filters: "
"22-06-2026 08:51:40","400","Information","Microsoft-Windows-Kernel-PnP","Device SWD\MMDEVAPI\{0.0.0.00000000}.{0b8bdbe8-bfbb-41b3-b959-eb697b0ea1de} was configured.

Driver Name: audioendpoint.inf
Driver Package ID: audioendpoint.inf_amd64_271c4d03bad18da8
Class GUID: {c166523c-fe0c-4a94-a586-f1a80cfbbf3e}
Driver Date: 03/31/2024
Driver Version: 10.0.26100.1
Driver Provider: Microsoft
Driver Section: NO_DRV
Driver Rank: 0xFF0000
Matching Device ID: MMDEVAPI\AudioEndpoints
Outranked Drivers: c_swdevice.inf:SWD\GenericRaw:00FF3001
Device Updated: false
Parent Device: HDAUDIO\SUBFUNC_01&VEN_8086&DEV_281D&NID_0001&SUBSYS_00000000&REV_1000\6&15d34dff&0&0002&00000025"
"22-06-2026 08:51:39","410","Information","Microsoft-Windows-Kernel-PnP","Device HID\VID_046D&PID_C538&MI_00\8&2cbebca7&0&0000 was started.

Driver Name: keyboard.inf
Class GUID: {4d36e96b-e325-11ce-bfc1-08002be10318}
Service: kbdhid
Lower Filters: 
Upper Filters: "
"22-06-2026 08:51:39","410","Information","Microsoft-Windows-Kernel-PnP","Device HID\VID_046D&PID_C538&MI_01&Col03\8&198ea069&0&0002 was started.

Driver Name: input.inf
Class GUID: {745a17a0-74d3-11d0-b6fe-00a0c90f57da}
Service: 
Lower Filters: 
Upper Filters: "
"22-06-2026 08:51:39","410","Information","Microsoft-Windows-Kernel-PnP","Device HID\VID_046D&PID_C538&MI_01&Col02\8&198ea069&0&0001 was started.

Driver Name: input.inf
Class GUID: {745a17a0-74d3-11d0-b6fe-00a0c90f57da}
Service: 
Lower Filters: 
Upper Filters: "
"22-06-2026 08:51:39","410","Information","Microsoft-Windows-Kernel-PnP","Device HID\VID_046D&PID_C538&MI_01&Col01\8&198ea069&0&0000 was started.

Driver Name: input.inf
Class GUID: {745a17a0-74d3-11d0-b6fe-00a0c90f57da}
Service: 
Lower Filters: 
Upper Filters: "
"22-06-2026 08:51:39","400","Information","Microsoft-Windows-Kernel-PnP","Device HID\VID_046D&PID_C538&MI_01&Col03\8&198ea069&0&0002 was configured.

Driver Name: input.inf
Driver Package ID: input.inf_amd64_5ef322c8291a38ce
Class GUID: {745a17a0-74d3-11d0-b6fe-00a0c90f57da}
Driver Date: 06/21/2006
Driver Version: 10.0.26100.8521
Driver Provider: Microsoft
Driver Section: HID_Raw_Inst.NT
Driver Rank: 0xFF1004
Matching Device ID: HID_DEVICE_UPR:FF00-FFFF
Outranked Drivers: input.inf:HID_DEVICE:00FF1005
Device Updated: false
Parent Device: USB\VID_046D&PID_C538&MI_01\7&be57b28&0&0001"
"22-06-2026 08:51:39","400","Information","Microsoft-Windows-Kernel-PnP","Device HID\VID_046D&PID_C538&MI_01&Col02\8&198ea069&0&0001 was configured.

Driver Name: input.inf
Driver Package ID: input.inf_amd64_5ef322c8291a38ce
Class GUID: {745a17a0-74d3-11d0-b6fe-00a0c90f57da}
Driver Date: 06/21/2006
Driver Version: 10.0.26100.8521
Driver Provider: Microsoft
Driver Section: HID_Raw_Inst.NT
Driver Rank: 0xFF1004
Matching Device ID: HID_DEVICE_UPR:FF00-FFFF
Outranked Drivers: input.inf:HID_DEVICE:00FF1005
Device Updated: false
Parent Device: USB\VID_046D&PID_C538&MI_01\7&be57b28&0&0001"
"22-06-2026 08:51:39","400","Information","Microsoft-Windows-Kernel-PnP","Device HID\VID_046D&PID_C538&MI_01&Col01\8&198ea069&0&0000 was configured.

Driver Name: input.inf
Driver Package ID: input.inf_amd64_5ef322c8291a38ce
Class GUID: {745a17a0-74d3-11d0-b6fe-00a0c90f57da}
Driver Date: 06/21/2006
Driver Version: 10.0.26100.8521
Driver Provider: Microsoft
Driver Section: HID_Raw_Inst.NT
Driver Rank: 0xFF1004
Matching Device ID: HID_DEVICE_UPR:FF00-FFFF
Outranked Drivers: input.inf:HID_DEVICE:00FF1005
Device Updated: false
Parent Device: USB\VID_046D&PID_C538&MI_01\7&be57b28&0&0001"
"22-06-2026 08:51:39","410","Information","Microsoft-Windows-Kernel-PnP","Device USB\VID_046D&PID_C538&MI_01\7&be57b28&0&0001 was started.

Driver Name: input.inf
Class GUID: {745a17a0-74d3-11d0-b6fe-00a0c90f57da}
Service: HidUsb
Lower Filters: 
Upper Filters: "
"22-06-2026 08:51:39","400","Information","Microsoft-Windows-Kernel-PnP","Device HID\VID_046D&PID_C538&MI_00\8&2cbebca7&0&0000 was configured.

Driver Name: keyboard.inf
Driver Package ID: keyboard.inf_amd64_b080cf0dd47fca65
Class GUID: {4d36e96b-e325-11ce-bfc1-08002be10318}
Driver Date: 06/21/2006
Driver Version: 10.0.26100.8521
Driver Provider: Microsoft
Driver Section: HID_Keyboard_Inst.NT
Driver Rank: 0xFF1003
Matching Device ID: HID_DEVICE_SYSTEM_KEYBOARD
Outranked Drivers: input.inf:HID_DEVICE:00FF1005
Device Updated: false
Parent Device: USB\VID_046D&PID_C538&MI_00\7&be57b28&0&0000"
"22-06-2026 08:51:39","410","Information","Microsoft-Windows-Kernel-PnP","Device USB\VID_046D&PID_C538&MI_00\7&be57b28&0&0000 was started.

Driver Name: input.inf
Class GUID: {745a17a0-74d3-11d0-b6fe-00a0c90f57da}
Service: HidUsb
Lower Filters: 
Upper Filters: "
"22-06-2026 08:51:39","400","Information","Microsoft-Windows-Kernel-PnP","Device USB\VID_046D&PID_C538&MI_01\7&be57b28&0&0001 was configured.

Driver Name: input.inf
Driver Package ID: input.inf_amd64_5ef322c8291a38ce
Class GUID: {745a17a0-74d3-11d0-b6fe-00a0c90f57da}
Driver Date: 06/21/2006
Driver Version: 10.0.26100.8521
Driver Provider: Microsoft
Driver Section: HID_Inst.NT
Driver Rank: 0xFF3205
Matching Device ID: USB\Class_03
Outranked Drivers: 
Device Updated: false
Parent Device: USB\VID_046D&PID_C538\6&196302d4&0&3"
"22-06-2026 08:51:39","400","Information","Microsoft-Windows-Kernel-PnP","Device USB\VID_046D&PID_C538&MI_00\7&be57b28&0&0000 was configured.

Driver Name: input.inf
Driver Package ID: input.inf_amd64_5ef322c8291a38ce
Class GUID: {745a17a0-74d3-11d0-b6fe-00a0c90f57da}
Driver Date: 06/21/2006
Driver Version: 10.0.26100.8521
Driver Provider: Microsoft
Driver Section: HID_Inst.NT
Driver Rank: 0xFF3205
Matching Device ID: USB\Class_03
Outranked Drivers: 
Device Updated: false
Parent Device: USB\VID_046D&PID_C538\6&196302d4&0&3"
"22-06-2026 08:51:39","410","Information","Microsoft-Windows-Kernel-PnP","Device USB\VID_046D&PID_C538\6&196302d4&0&3 was started.

Driver Name: usb.inf
Class GUID: {36fc9e60-c465-11cf-8056-444553540000}
Service: usbccgp
Lower Filters: 
Upper Filters: "
"22-06-2026 08:51:39","400","Information","Microsoft-Windows-Kernel-PnP","Device USB\VID_046D&PID_C538\6&196302d4&0&3 was configured.

Driver Name: usb.inf
Driver Package ID: usb.inf_amd64_a10c4ca0f120b7f5
Class GUID: {36fc9e60-c465-11cf-8056-444553540000}
Driver Date: 06/21/2006
Driver Version: 10.0.26100.8521
Driver Provider: Microsoft
Driver Section: Composite.Dev.NT
Driver Rank: 0xFF2006
Matching Device ID: USB\COMPOSITE
Outranked Drivers: 
Device Updated: false
Parent Device: USB\VID_1D5C&PID_5510\5&2dc84fba&0&1"
"22-06-2026 08:51:38","410","Information","Microsoft-Windows-Kernel-PnP","Device USB\VID_413C&PID_C010&MI_01\7&3b213aae&0&0001 was started.

Driver Name: winusb.inf
Class GUID: {88bae032-5a81-49f0-bc3d-a4ff138216d6}
Service: WINUSB
Lower Filters: 
Upper Filters: "
"22-06-2026 08:51:38","410","Information","Microsoft-Windows-Kernel-PnP","Device USB\VID_413C&PID_C010&MI_00\7&3b213aae&0&0000 was started.

Driver Name: winusb.inf
Class GUID: {88bae032-5a81-49f0-bc3d-a4ff138216d6}
Service: WINUSB
Lower Filters: 
Upper Filters: "
"22-06-2026 08:51:38","400","Information","Microsoft-Windows-Kernel-PnP","Device USB\VID_413C&PID_C010&MI_01\7&3b213aae&0&0001 was configured.

Driver Name: winusb.inf
Driver Package ID: winusb.inf_amd64_e3d2ed0c43a36b9a
Class GUID: {88bae032-5a81-49f0-bc3d-a4ff138216d6}
Driver Date: 06/21/2006
Driver Version: 10.0.26100.1150
Driver Provider: Microsoft
Driver Section: WINUSB.NT
Driver Rank: 0xFF2000
Matching Device ID: USB\MS_COMP_WINUSB
Outranked Drivers: 
Device Updated: false
Parent Device: USB\VID_413C&PID_C010\11AD1D0A92AE3E01290A0B00"
"22-06-2026 08:51:38","400","Information","Microsoft-Windows-Kernel-PnP","Device USB\VID_413C&PID_C010&MI_00\7&3b213aae&0&0000 was configured.

Driver Name: winusb.inf
Driver Package ID: winusb.inf_amd64_e3d2ed0c43a36b9a
Class GUID: {88bae032-5a81-49f0-bc3d-a4ff138216d6}
Driver Date: 06/21/2006
Driver Version: 10.0.26100.1150
Driver Provider: Microsoft
Driver Section: BILLBOARD.NT
Driver Rank: 0xFF2003
Matching Device ID: USB\Class_11&SubClass_00&Prot_00
Outranked Drivers: 
Device Updated: false
Parent Device: USB\VID_413C&PID_C010\11AD1D0A92AE3E01290A0B00"
"22-06-2026 08:51:38","410","Information","Microsoft-Windows-Kernel-PnP","Device USB\VID_413C&PID_C010\11AD1D0A92AE3E01290A0B00 was started.

Driver Name: usb.inf
Class GUID: {36fc9e60-c465-11cf-8056-444553540000}
Service: usbccgp
Lower Filters: 
Upper Filters: "
"22-06-2026 08:51:38","400","Information","Microsoft-Windows-Kernel-PnP","Device USB\VID_413C&PID_C010\11AD1D0A92AE3E01290A0B00 was configured.

Driver Name: usb.inf
Driver Package ID: usb.inf_amd64_a10c4ca0f120b7f5
Class GUID: {36fc9e60-c465-11cf-8056-444553540000}
Driver Date: 06/21/2006
Driver Version: 10.0.26100.8521
Driver Provider: Microsoft
Driver Section: Composite.Dev.NT
Driver Rank: 0xFF2006
Matching Device ID: USB\COMPOSITE
Outranked Drivers: 
Device Updated: false
Parent Device: USB\VID_1D5C&PID_5510\5&2dc84fba&0&1"
"22-06-2026 08:51:38","410","Information","Microsoft-Windows-Kernel-PnP","Device DISPLAY\TSB2345\4&20b8d095&0&UID8263 was started.

Driver Name: monitor.inf
Class GUID: {4d36e96e-e325-11ce-bfc1-08002be10318}
Service: monitor
Lower Filters: 
Upper Filters: "
"22-06-2026 08:51:37","400","Information","Microsoft-Windows-Kernel-PnP","Device DISPLAY\TSB2345\4&20b8d095&0&UID8263 was configured.

Driver Name: monitor.inf
Driver Package ID: monitor.inf_amd64_5ec6500792d2b4b4
Class GUID: {4d36e96e-e325-11ce-bfc1-08002be10318}
Driver Date: 06/21/2006
Driver Version: 10.0.26100.8521
Driver Provider: Microsoft
Driver Section: PnPMonitor.Install
Driver Rank: 0xFF2000
Matching Device ID: *PNP09FF
Outranked Drivers: 
Device Updated: false
Parent Device: PCI\VEN_8086&DEV_7D41&SUBSYS_0CE81028&REV_00\3&11583659&0&10"
"22-06-2026 08:45:30","410","Information","Microsoft-Windows-Kernel-PnP","Device SWD\MMDEVAPI\{0.0.1.00000000}.{a876e368-4cfb-440b-a9b1-ce5addb4ccb4} was started.

Driver Name: audioendpoint.inf
Class GUID: {c166523c-fe0c-4a94-a586-f1a80cfbbf3e}
Service: 
Lower Filters: 
Upper Filters: "
"22-06-2026 08:45:30","410","Information","Microsoft-Windows-Kernel-PnP","Device SWD\MMDEVAPI\{0.0.0.00000000}.{3ca696a4-bc21-463a-8694-b304e86c6ed3} was started.

Driver Name: audioendpoint.inf
Class GUID: {c166523c-fe0c-4a94-a586-f1a80cfbbf3e}
Service: 
Lower Filters: 
Upper Filters: "
"22-06-2026 08:45:30","400","Information","Microsoft-Windows-Kernel-PnP","Device SWD\MMDEVAPI\{0.0.1.00000000}.{a876e368-4cfb-440b-a9b1-ce5addb4ccb4} was configured.

Driver Name: audioendpoint.inf
Driver Package ID: audioendpoint.inf_amd64_271c4d03bad18da8
Class GUID: {c166523c-fe0c-4a94-a586-f1a80cfbbf3e}
Driver Date: 03/31/2024
Driver Version: 10.0.26100.1
Driver Provider: Microsoft
Driver Section: NO_DRV
Driver Rank: 0xFF0000
Matching Device ID: MMDEVAPI\AudioEndpoints
Outranked Drivers: c_swdevice.inf:SWD\GenericRaw:00FF3001
Device Updated: false
Parent Device: USB\VID_047F&PID_C058&MI_00\6&ba27757&0&0000"
"22-06-2026 08:45:30","400","Information","Microsoft-Windows-Kernel-PnP","Device SWD\MMDEVAPI\{0.0.0.00000000}.{3ca696a4-bc21-463a-8694-b304e86c6ed3} was configured.

Driver Name: audioendpoint.inf
Driver Package ID: audioendpoint.inf_amd64_271c4d03bad18da8
Class GUID: {c166523c-fe0c-4a94-a586-f1a80cfbbf3e}
Driver Date: 03/31/2024
Driver Version: 10.0.26100.1
Driver Provider: Microsoft
Driver Section: NO_DRV
Driver Rank: 0xFF0000
Matching Device ID: MMDEVAPI\AudioEndpoints
Outranked Drivers: c_swdevice.inf:SWD\GenericRaw:00FF3001
Device Updated: false
Parent Device: USB\VID_047F&PID_C058&MI_00\6&ba27757&0&0000"
"20-06-2026 05:22:59","410","Information","Microsoft-Windows-Kernel-PnP","Device SWD\MMDEVAPI\{0.0.0.00000000}.{462b4d51-396d-45b0-ae15-5b0bc58f4fb9} was started.

Driver Name: audioendpoint.inf
Class GUID: {c166523c-fe0c-4a94-a586-f1a80cfbbf3e}
Service: 
Lower Filters: 
Upper Filters: "
"20-06-2026 05:22:59","400","Information","Microsoft-Windows-Kernel-PnP","Device SWD\MMDEVAPI\{0.0.0.00000000}.{462b4d51-396d-45b0-ae15-5b0bc58f4fb9} was configured.

Driver Name: audioendpoint.inf
Driver Package ID: audioendpoint.inf_amd64_271c4d03bad18da8
Class GUID: {c166523c-fe0c-4a94-a586-f1a80cfbbf3e}
Driver Date: 03/31/2024
Driver Version: 10.0.26100.1
Driver Provider: Microsoft
Driver Section: NO_DRV
Driver Rank: 0xFF0000
Matching Device ID: MMDEVAPI\AudioEndpoints
Outranked Drivers: c_swdevice.inf:SWD\GenericRaw:00FF3001
Device Updated: false
Parent Device: USB\VID_047F&PID_C058&MI_00\6&ba27757&0&0000"
"20-06-2026 05:22:59","420","Information","Microsoft-Windows-Kernel-PnP","Device SWD\MMDEVAPI\{0.0.0.00000000}.{A7E3229C-A2F4-45DA-BA8B-EAFB9526B00D} was deleted.

Class GUID: {c166523c-fe0c-4a94-a586-f1a80cfbbf3e}"
"20-06-2026 05:22:59","410","Information","Microsoft-Windows-Kernel-PnP","Device SWD\MMDEVAPI\{0.0.1.00000000}.{3412e711-8786-449d-9d5b-f1e0ec48fdbd} was started.

Driver Name: audioendpoint.inf
Class GUID: {c166523c-fe0c-4a94-a586-f1a80cfbbf3e}
Service: 
Lower Filters: 
Upper Filters: "
"20-06-2026 05:22:59","400","Information","Microsoft-Windows-Kernel-PnP","Device SWD\MMDEVAPI\{0.0.1.00000000}.{3412e711-8786-449d-9d5b-f1e0ec48fdbd} was configured.

Driver Name: audioendpoint.inf
Driver Package ID: audioendpoint.inf_amd64_271c4d03bad18da8
Class GUID: {c166523c-fe0c-4a94-a586-f1a80cfbbf3e}
Driver Date: 03/31/2024
Driver Version: 10.0.26100.1
Driver Provider: Microsoft
Driver Section: NO_DRV
Driver Rank: 0xFF0000
Matching Device ID: MMDEVAPI\AudioEndpoints
Outranked Drivers: c_swdevice.inf:SWD\GenericRaw:00FF3001
Device Updated: false
Parent Device: USB\VID_047F&PID_C058&MI_00\6&ba27757&0&0000"
"20-06-2026 05:22:59","420","Information","Microsoft-Windows-Kernel-PnP","Device SWD\MMDEVAPI\{0.0.1.00000000}.{A0CA9B06-7C8B-4C05-8296-355E5A3C8095} was deleted.

Class GUID: {c166523c-fe0c-4a94-a586-f1a80cfbbf3e}"
"19-06-2026 09:40:07","410","Information","Microsoft-Windows-Kernel-PnP","Device USB\VID_0424&PID_2840\6&8542bea&0&6 was started.

Driver Name: winusb.inf
Class GUID: {88bae032-5a81-49f0-bc3d-a4ff138216d6}
Service: WINUSB
Lower Filters: 
Upper Filters: "
"19-06-2026 09:40:07","400","Information","Microsoft-Windows-Kernel-PnP","Device USB\VID_0424&PID_2840\6&8542bea&0&6 was configured.

Driver Name: winusb.inf
Driver Package ID: winusb.inf_amd64_e3d2ed0c43a36b9a
Class GUID: {88bae032-5a81-49f0-bc3d-a4ff138216d6}
Driver Date: 06/21/2006
Driver Version: 10.0.26100.1150
Driver Provider: Microsoft
Driver Section: BILLBOARD.NT
Driver Rank: 0xFF2000
Matching Device ID: USB\Class_11&SubClass_00&Prot_00
Outranked Drivers: 
Device Updated: false
Parent Device: USB\VID_0424&PID_2806\5&2dc84fba&0&1"
"19-06-2026 09:00:32","410","Information","Microsoft-Windows-Kernel-PnP","Device SWD\ScDeviceEnum\3_Windows_Hello_for_Business_1 was started.

Driver Name: c_swdevice.inf
Class GUID: {62f9c741-b25a-46ce-b54c-9bccce08b6f2}
Service: 
Lower Filters: 
Upper Filters: "
"19-06-2026 09:00:32","400","Information","Microsoft-Windows-Kernel-PnP","Device SWD\ScDeviceEnum\3_Windows_Hello_for_Business_1 was configured.

Driver Name: c_swdevice.inf
Driver Package ID: c_swdevice.inf_amd64_845d51425d14f98b
Class GUID: {62f9c741-b25a-46ce-b54c-9bccce08b6f2}
Driver Date: 06/21/2006
Driver Version: 10.0.26100.1
Driver Provider: Microsoft
Driver Section: SoftwareDevice
Driver Rank: 0xFF3000
Matching Device ID: SWD\GenericRaw
Outranked Drivers: 
Device Updated: false
Parent Device: SWD\ScDeviceEnumBus\0"
"18-06-2026 09:22:46","410","Information","Microsoft-Windows-Kernel-PnP","Device SWD\DRIVERENUM\{96bedf2c-18cb-4a15-b821-5e95ed0fea61}#VocaEffectPack&1&2382dedd&0 was started.

Driver Name: oem528.inf
Class GUID: {5989fce8-9cd0-467d-8a6a-5419e31529d4}
Service: 
Lower Filters: 
Upper Filters: "
"18-06-2026 09:22:46","400","Information","Microsoft-Windows-Kernel-PnP","Device SWD\DRIVERENUM\{96bedf2c-18cb-4a15-b821-5e95ed0fea61}#VocaEffectPack&1&2382dedd&0 was configured.

Driver Name: oem528.inf
Driver Package ID: voiceclarityep_audio_component.inf_amd64_5a6ea83e80379bce
Class GUID: {5989fce8-9cd0-467d-8a6a-5419e31529d4}
Driver Date: 05/04/2026
Driver Version: 1.0.3.56670
Driver Provider: Microsoft Corporation
Driver Section: MSVoiceClarityComponentAPO_Install.NTamd64
Driver Rank: 0xFF0000
Matching Device ID: SWC\VEN_MSFT&AUDIO_EFFECTPACK_VOICECLARITY
Outranked Drivers: oem212.inf:SWC\VEN_MSFT&AUDIO_EFFECTPACK_VOICECLARITY:00FF0000 oem217.inf:SWC\VEN_MSFT&AUDIO_EFFECTPACK_VOICECLARITY:00FF0000 c_swcomponent.inf:SWC\Generic:00FF3000 c_swdevice.inf:SWD\GenericRaw:00FF3001
Device Updated: true
Parent Device: SWD\COMPUTER\MFG_Dell_Inc.&FAM_Dell_Pro_Laptops&PROD_Dell_Pro_14_Plus_PB14250&SKU_0CE8"
"17-06-2026 19:13:36","410","Information","Microsoft-Windows-Kernel-PnP","Device SWD\MMDEVAPI\{0.0.1.00000000}.{09dfa0d1-cc45-493b-929e-f589428755cb} was started.

Driver Name: audioendpoint.inf
Class GUID: {c166523c-fe0c-4a94-a586-f1a80cfbbf3e}
Service: 
Lower Filters: 
Upper Filters: "
"17-06-2026 19:13:36","400","Information","Microsoft-Windows-Kernel-PnP","Device SWD\MMDEVAPI\{0.0.1.00000000}.{09dfa0d1-cc45-493b-929e-f589428755cb} was configured.

Driver Name: audioendpoint.inf
Driver Package ID: audioendpoint.inf_amd64_271c4d03bad18da8
Class GUID: {c166523c-fe0c-4a94-a586-f1a80cfbbf3e}
Driver Date: 03/31/2024
Driver Version: 10.0.26100.1
Driver Provider: Microsoft
Driver Section: NO_DRV
Driver Rank: 0xFF0000
Matching Device ID: MMDEVAPI\AudioEndpoints
Outranked Drivers: c_swdevice.inf:SWD\GenericRaw:00FF3001
Device Updated: false
Parent Device: SOUNDWIRE\SDCA_06&MAN_01FA&FUNC_4243&TYPE_03&VER_01&ADR_02&LID_00&UID_00&SUBSYS_0CE81028&DynamicEnumMicrophone0\8&b76481&0&00000400"
"17-06-2026 19:13:36","420","Information","Microsoft-Windows-Kernel-PnP","Device SWD\MMDEVAPI\{0.0.1.00000000}.{633E2946-DF1B-4754-80BF-DDD69F48C096} was deleted.

Class GUID: {c166523c-fe0c-4a94-a586-f1a80cfbbf3e}"
"17-06-2026 19:13:35","410","Information","Microsoft-Windows-Kernel-PnP","Device ROOT\KDNIC\0000 was started.

Driver Name: kdnic.inf
Class GUID: {4d36e972-e325-11ce-bfc1-08002be10318}
Service: kdnic
Lower Filters: 
Upper Filters: "
"17-06-2026 19:13:33","411","Error","Microsoft-Windows-Kernel-PnP","Device HID\Vid_8087&Pid_0AC2\7&1b7be250&0&0000 had a problem starting.

Driver Name: sensorshidclassdriver.inf
Class GUID: {5175d334-c371-4806-b3ba-71fd53c9258d}
Service: WUDFRd
Lower Filters: 
Upper Filters: 
Problem: 0x25
Problem Status: 0xC0000034"
"17-06-2026 19:13:33","400","Information","Microsoft-Windows-Kernel-PnP","Device HID\Vid_8087&Pid_0AC2\7&1b7be250&0&0000 was configured.

Driver Name: sensorshidclassdriver.inf
Driver Package ID: sensorshidclassdriver.inf_amd64_5add00e9b9a2146b
Class GUID: {5175d334-c371-4806-b3ba-71fd53c9258d}
Driver Date: 04/21/2009
Driver Version: 10.0.26100.8521
Driver Provider: Microsoft
Driver Section: SensorsHIDClassDriver_Install.NT
Driver Rank: 0xFF0002
Matching Device ID: HID_DEVICE_UP:0020_U:0001
Outranked Drivers: input.inf:HID_DEVICE:00FF1003
Device Updated: true
Parent Device: {DEA5AE2A-D1FD-438A-A091-CBD484788436}\Vid_8087&Pid_0AC2\6&1c25c748&0&00"
"17-06-2026 19:13:32","400","Information","Microsoft-Windows-Kernel-PnP","Device ROOT\KDNIC\0000 was configured.

Driver Name: kdnic.inf
Driver Package ID: kdnic.inf_amd64_48e1ded899766877
Class GUID: {4d36e972-e325-11ce-bfc1-08002be10318}
Driver Date: 06/21/2006
Driver Version: 10.0.26100.8521
Driver Provider: Microsoft
Driver Section: KdNic.ndi
Driver Rank: 0xFF0000
Matching Device ID: root\kdnic
Outranked Drivers: 
Device Updated: true
Parent Device: HTREE\ROOT\0"
"17-06-2026 19:13:29","410","Information","Microsoft-Windows-Kernel-PnP","Device USB4\ROOT_DEVICE_ROUTER&VID_8086&PID_7EC3\4&2b9867fe&0&0 was started.

Driver Name: usb4devicerouter.inf
Class GUID: {36fc9e60-c465-11cf-8056-444553540000}
Service: Usb4DeviceRouter
Lower Filters: 
Upper Filters: "
"17-06-2026 19:13:28","400","Information","Microsoft-Windows-Kernel-PnP","Device USB4\ROOT_DEVICE_ROUTER&VID_8086&PID_7EC3\4&2b9867fe&0&0 was configured.

Driver Name: usb4devicerouter.inf
Driver Package ID: usb4devicerouter.inf_amd64_15dff54fb90cc475
Class GUID: {36fc9e60-c465-11cf-8056-444553540000}
Driver Date: 05/16/2026
Driver Version: 10.0.26100.8521
Driver Provider: Microsoft
Driver Section: Usb4DeviceRouter_Device.NT
Driver Rank: 0xFF2000
Matching Device ID: USB4\ROOT_DEVICE_ROUTER
Outranked Drivers: usb4devicerouter.inf:USB4\DEVICE_ROUTER:00FF2001
Device Updated: true
Parent Device: PCI\VEN_8086&DEV_7EC3&SUBSYS_0CE81028&REV_10&USB4_MS_CM\3&11583659&0&6B"
"17-06-2026 19:13:28","410","Information","Microsoft-Windows-Kernel-PnP","Device PCI\VEN_8086&DEV_7EC3&SUBSYS_0CE81028&REV_10&USB4_MS_CM\3&11583659&0&6B was started.

Driver Name: usb4hostrouter.inf
Class GUID: {36fc9e60-c465-11cf-8056-444553540000}
Service: Usb4HostRouter
Lower Filters: 
Upper Filters: "
"17-06-2026 19:13:28","410","Information","Microsoft-Windows-Kernel-PnP","Device ROOT\BasicRender\0000 was started.

Driver Name: basicrender.inf
Class GUID: {4d36e97d-e325-11ce-bfc1-08002be10318}
Service: BasicRender
Lower Filters: 
Upper Filters: "
"17-06-2026 19:13:28","410","Information","Microsoft-Windows-Kernel-PnP","Device ACPI_HAL\UEFI\0 was started.

Driver Name: uefi.inf
Class GUID: {4d36e97d-e325-11ce-bfc1-08002be10318}
Service: UEFI
Lower Filters: 
Upper Filters: "
"17-06-2026 19:13:28","410","Information","Microsoft-Windows-Kernel-PnP","Device ROOT\BasicDisplay\0000 was started.

Driver Name: basicdisplay.inf
Class GUID: {4d36e97d-e325-11ce-bfc1-08002be10318}
Service: BasicDisplay
Lower Filters: 
Upper Filters: "
"17-06-2026 19:13:23","400","Information","Microsoft-Windows-Kernel-PnP","Device PCI\VEN_8086&DEV_7EC3&SUBSYS_0CE81028&REV_10&USB4_MS_CM\3&11583659&0&6B was configured.

Driver Name: usb4hostrouter.inf
Driver Package ID: usb4hostrouter.inf_amd64_594d55940f637a67
Class GUID: {36fc9e60-c465-11cf-8056-444553540000}
Driver Date: 05/16/2026
Driver Version: 10.0.26100.8521
Driver Provider: Microsoft
Driver Section: Usb4HostRouter_Device.NT
Driver Rank: 0xFF0000
Matching Device ID: PCI\USB4_MS_CM
Outranked Drivers: 
Device Updated: true
Parent Device: ACPI\PNP0A08\0"
"17-06-2026 19:13:22","410","Information","Microsoft-Windows-Kernel-PnP","Device SWD\COMPUTER\MFG_Dell_Inc.&FAM_Dell_Pro_Laptops&PROD_Dell_Pro_14_Plus_PB14250&SKU_0CE8 was started.

Driver Name: compdev.inf
Class GUID: {4d36e966-e325-11ce-bfc1-08002be10318}
Service: 
Lower Filters: 
Upper Filters: "
"17-06-2026 19:13:22","400","Information","Microsoft-Windows-Kernel-PnP","Device SWD\COMPUTER\MFG_Dell_Inc.&FAM_Dell_Pro_Laptops&PROD_Dell_Pro_14_Plus_PB14250&SKU_0CE8 was configured.

Driver Name: VocaEffectPack-Extension.inf
Driver Package ID: vocaeffectpack-extension.inf_amd64_f5c05f211f36176c
Class GUID: {e2f84ce7-8efa-411c-aa69-97454ca4cb57}
Driver Date: 06/21/2006
Driver Version: 10.0.26100.8524
Driver Provider: Microsoft
Driver Section: VocaExtension_Install
Driver Rank: 0xFF2000
Matching Device ID: COMPUTER\Generic
Outranked Drivers: 
Device Updated: true
Parent Device: HTREE\ROOT\0"
"17-06-2026 19:13:22","400","Information","Microsoft-Windows-Kernel-PnP","Device SWD\COMPUTER\MFG_Dell_Inc.&FAM_Dell_Pro_Laptops&PROD_Dell_Pro_14_Plus_PB14250&SKU_0CE8 was configured.

Driver Name: compdev.inf
Driver Package ID: compdev.inf_amd64_bea70980d0aa2315
Class GUID: {4d36e966-e325-11ce-bfc1-08002be10318}
Driver Date: 06/21/2006
Driver Version: 10.0.26100.1
Driver Provider: Microsoft
Driver Section: CompDev_Install
Driver Rank: 0x2000
Matching Device ID: COMPUTER\Generic
Outranked Drivers: 
Device Updated: true
Parent Device: HTREE\ROOT\0"
"17-06-2026 19:13:22","400","Information","Microsoft-Windows-Kernel-PnP","Device ACPI_HAL\UEFI\0 was configured.

Driver Name: uefi.inf
Driver Package ID: uefi.inf_amd64_778c5456cc4d14ac
Class GUID: {4d36e97d-e325-11ce-bfc1-08002be10318}
Driver Date: 06/21/2006
Driver Version: 10.0.26100.8521
Driver Provider: Microsoft
Driver Section: UEFI_Inst.NT
Driver Rank: 0xFF0000
Matching Device ID: ACPI_HAL\UEFI
Outranked Drivers: 
Device Updated: true
Parent Device: ROOT\ACPI_HAL\0000"
"17-06-2026 18:20:40","410","Information","Microsoft-Windows-Kernel-PnP","Device SWD\MMDEVAPI\{0.0.0.00000000}.{c78b6291-923b-4734-b0e3-cb3790d7950e} was started.

Driver Name: audioendpoint.inf
Class GUID: {c166523c-fe0c-4a94-a586-f1a80cfbbf3e}
Service: 
Lower Filters: 
Upper Filters: "
"17-06-2026 18:20:40","400","Information","Microsoft-Windows-Kernel-PnP","Device SWD\MMDEVAPI\{0.0.0.00000000}.{c78b6291-923b-4734-b0e3-cb3790d7950e} was configured.

Driver Name: audioendpoint.inf
Driver Package ID: audioendpoint.inf_amd64_271c4d03bad18da8
Class GUID: {c166523c-fe0c-4a94-a586-f1a80cfbbf3e}
Driver Date: 03/31/2024
Driver Version: 10.0.26100.1
Driver Provider: Microsoft
Driver Section: NO_DRV
Driver Rank: 0xFF0000
Matching Device ID: MMDEVAPI\AudioEndpoints
Outranked Drivers: c_swdevice.inf:SWD\GenericRaw:00FF3001
Device Updated: false
Parent Device: HDAUDIO\SUBFUNC_01&VEN_8086&DEV_281D&NID_0001&SUBSYS_00000000&REV_1000\6&15d34dff&0&0002&00000029"
"17-06-2026 18:20:40","410","Information","Microsoft-Windows-Kernel-PnP","Device HDAUDIO\SUBFUNC_01&VEN_8086&DEV_281D&NID_0001&SUBSYS_00000000&REV_1000\6&15d34dff&0&0002&00000029 was started.

Driver Name: oem346.inf
Class GUID: {4d36e96c-e325-11ce-bfc1-08002be10318}
Service: 
Lower Filters: 
Upper Filters: "
"17-06-2026 18:20:40","400","Information","Microsoft-Windows-Kernel-PnP","Device HDAUDIO\SUBFUNC_01&VEN_8086&DEV_281D&NID_0001&SUBSYS_00000000&REV_1000\6&15d34dff&0&0002&00000029 was configured.

Driver Name: oem346.inf
Driver Package ID: mshdadac.inf_amd64_a75c1fc7e527ee75
Class GUID: {4d36e96c-e325-11ce-bfc1-08002be10318}
Driver Date: 04/16/2026
Driver Version: 32.0.101.8724
Driver Provider: Intel Corporation
Driver Section: Audio_Child_Device_Wrapper.NT
Driver Rank: 0xFF3008
Matching Device ID: HDAUDIO\SUBFUNC_01&VEN_8086&DEV_281D
Outranked Drivers: oem484.inf:HDAUDIO\SUBFUNC_01&VEN_8086&DEV_281D:00FF3008
Device Updated: false
Parent Device: INTELAUDIO\SGPC_FUNC_01&VEN_8086&DEV_281D&SUBSYS_80860101&REV_1000\5&32640736&1&0201DIF_000B&UIF_0000"
"17-06-2026 16:44:45","410","Information","Microsoft-Windows-Kernel-PnP","Device SWD\MMDEVAPI\{0.0.0.00000000}.{987c4194-3282-4af6-8fd6-883392922465} was started.

Driver Name: audioendpoint.inf
Class GUID: {c166523c-fe0c-4a94-a586-f1a80cfbbf3e}
Service: 
Lower Filters: 
Upper Filters: "
"17-06-2026 16:44:44","400","Information","Microsoft-Windows-Kernel-PnP","Device SWD\MMDEVAPI\{0.0.0.00000000}.{987c4194-3282-4af6-8fd6-883392922465} was configured.

Driver Name: audioendpoint.inf
Driver Package ID: audioendpoint.inf_amd64_271c4d03bad18da8
Class GUID: {c166523c-fe0c-4a94-a586-f1a80cfbbf3e}
Driver Date: 03/31/2024
Driver Version: 10.0.26100.1
Driver Provider: Microsoft
Driver Section: NO_DRV
Driver Rank: 0xFF0000
Matching Device ID: MMDEVAPI\AudioEndpoints
Outranked Drivers: c_swdevice.inf:SWD\GenericRaw:00FF3001
Device Updated: false
Parent Device: SOUNDWIRE\SDCA_06&MAN_01FA&FUNC_4243&TYPE_06&VER_01&ADR_03&LID_00&UID_00&SUBSYS_0CE81028&DynamicEnumSpeaker0\8&b098aae&0&00001300"
"17-06-2026 16:44:42","410","Information","Microsoft-Windows-Kernel-PnP","Device {F67B0BEA-BDB7-47D3-9131-75877CDE0ED4}\Streaming_Headphones&CP_{a91aefc4-6a26-11f1-a27a-54582d32ed0c}\6&c603bdd&0 was started.

Driver Name: oem43.inf
Class GUID: {4d36e96c-e325-11ce-bfc1-08002be10318}
Service: 
Lower Filters: 
Upper Filters: "
"17-06-2026 16:44:42","400","Information","Microsoft-Windows-Kernel-PnP","Device {F67B0BEA-BDB7-47D3-9131-75877CDE0ED4}\Streaming_Headphones&CP_{a91aefc4-6a26-11f1-a27a-54582d32ed0c}\6&c603bdd&0 was configured.

Driver Name: oem43.inf
Driver Package ID: intcstreaming.inf_amd64_3bbf9e64932d4b89
Class GUID: {4d36e96c-e325-11ce-bfc1-08002be10318}
Driver Date: 03/30/2026
Driver Version: 20.40.12690.2
Driver Provider: Intel(R) Corporation
Driver Section: Audio_Child_Device.NT
Driver Rank: 0xFF0001
Matching Device ID: {F67B0BEA-BDB7-47D3-9131-75877CDE0ED4}\Streaming_Headphones
Outranked Drivers: 
Device Updated: false
Parent Device: INTELAUDIO\DIF_0001&UIF_0001&CTLR_DEV_7728&LINKTYPE_05&DEVTYPE_05&VEN_8086&DEV_AE35&SUBSYS_0CE81028&REV_0001\5&32640736&1&0500DIF_000B&UIF_0001"
"17-06-2026 16:44:42","430","Information","Microsoft-Windows-Kernel-PnP","Device {F67B0BEA-BDB7-47D3-9131-75877CDE0ED4}\Streaming_Headphones&CP_{a91aefc4-6a26-11f1-a27a-54582d32ed0c}\6&c603bdd&0 requires further installation."
"17-06-2026 16:44:42","410","Information","Microsoft-Windows-Kernel-PnP","Device SWD\DRIVERENUM\{dc0701e7-e54b-442a-b70c-ef640f28c5de}#EnhanceAPO&9&200d8058&0 was started.

Driver Name: oem174.inf
Class GUID: {5989fce8-9cd0-467d-8a6a-5419e31529d4}
Service: 
Lower Filters: 
Upper Filters: "
"17-06-2026 16:44:42","410","Information","Microsoft-Windows-Kernel-PnP","Device SWD\DRIVERENUM\{b40146ed-d625-48cd-8dcb-36441ab5a116}#clabpsrv&9&200d8058&0 was started.

Driver Name: oem443.inf
Class GUID: {5c4c3332-344d-483c-8739-259e934c9cc8}
Service: 
Lower Filters: 
Upper Filters: "
"17-06-2026 16:44:42","400","Information","Microsoft-Windows-Kernel-PnP","Device SWD\DRIVERENUM\{dc0701e7-e54b-442a-b70c-ef640f28c5de}#EnhanceAPO&9&200d8058&0 was configured.

Driver Name: oem174.inf
Driver Package ID: cl01002_apo.inf_amd64_e619acf00d98d76a
Class GUID: {5989fce8-9cd0-467d-8a6a-5419e31529d4}
Driver Date: 12/17/2024
Driver Version: 1.13.6.313
Driver Provider: Cirrus Logic, Inc.
Driver Section: APOComponent_Install
Driver Rank: 0xFF0000
Matching Device ID: SWC\VEN_CRUS&ENH_APO
Outranked Drivers: c_swcomponent.inf:SWC\Generic:00FF3000 c_swdevice.inf:SWD\GenericRaw:00FF3001
Device Updated: false
Parent Device: SOUNDWIRE\SDCA_06&MAN_01FA&FUNC_4243&TYPE_06&VER_01&ADR_03&LID_00&UID_00&SUBSYS_0CE81028&DynamicEnumSpeaker0\8&b098aae&0&00001300"
"17-06-2026 16:44:42","400","Information","Microsoft-Windows-Kernel-PnP","Device SWD\DRIVERENUM\{b40146ed-d625-48cd-8dcb-36441ab5a116}#clabpsrv&9&200d8058&0 was configured.

Driver Name: oem443.inf
Driver Package ID: clabpsvc_x64.inf_amd64_a85e7c8fcd024a39
Class GUID: {5c4c3332-344d-483c-8739-259e934c9cc8}
Driver Date: 02/11/2026
Driver Version: 2026.4.0.0
Driver Provider: Cirrus Logic, Inc.
Driver Section: CLABPInstall_amd64
Driver Rank: 0xFF0000
Matching Device ID: SWC\VEN_CRUS&DEV_CLABP
Outranked Drivers: c_swcomponent.inf:SWC\Generic:00FF3000 c_swdevice.inf:SWD\GenericRaw:00FF3001
Device Updated: false
Parent Device: SOUNDWIRE\SDCA_06&MAN_01FA&FUNC_4243&TYPE_06&VER_01&ADR_03&LID_00&UID_00&SUBSYS_0CE81028&DynamicEnumSpeaker0\8&b098aae&0&00001300"
"17-06-2026 16:44:42","410","Information","Microsoft-Windows-Kernel-PnP","Device SOUNDWIRE\SDCA_06&MAN_01FA&FUNC_4243&TYPE_06&VER_01&ADR_03&LID_00&UID_00&SUBSYS_0CE81028&DynamicEnumSpeaker0\8&b098aae&0&00001300 was started.

Driver Name: oem66.inf
Class GUID: {4d36e96c-e325-11ce-bfc1-08002be10318}
Service: 
Lower Filters: 
Upper Filters: "
"17-06-2026 16:44:42","400","Information","Microsoft-Windows-Kernel-PnP","Device SOUNDWIRE\SDCA_06&MAN_01FA&FUNC_4243&TYPE_06&VER_01&ADR_03&LID_00&UID_00&SUBSYS_0CE81028&DynamicEnumSpeaker0\8&b098aae&0&00001300 was configured.

Driver Name: oem139.inf
Driver Package ID: xucsme.inf_amd64_2fc0303188b44c4c
Class GUID: {e2f84ce7-8efa-411c-aa69-97454ca4cb57}
Driver Date: 04/06/2026
Driver Version: 1.0.709.49429
Driver Provider: Cirrus Logic, Inc.
Driver Section: Endpoint.NT
Driver Rank: 0xFF0002
Matching Device ID: SOUNDWIRE\SDCA_06&MAN_01FA&FUNC_4243&TYPE_06&VER_01&ADR_03&DynamicEnumSpeaker0
Outranked Drivers: 
Device Updated: false
Parent Device: SOUNDWIRE\SDCA_06&MAN_01FA&FUNC_4243&TYPE_06&VER_01&ADR_03&LID_00&UID_00&SUBSYS_0CE81028\7&2796ba65&0&0000000000000003"
"17-06-2026 16:44:42","400","Information","Microsoft-Windows-Kernel-PnP","Device SOUNDWIRE\SDCA_06&MAN_01FA&FUNC_4243&TYPE_06&VER_01&ADR_03&LID_00&UID_00&SUBSYS_0CE81028&DynamicEnumSpeaker0\8&b098aae&0&00001300 was configured.

Driver Name: oem124.inf
Driver Package ID: cl01002_audio_extension.inf_amd64_d8538d29951b9428
Class GUID: {e2f84ce7-8efa-411c-aa69-97454ca4cb57}
Driver Date: 12/17/2024
Driver Version: 1.13.6.313
Driver Provider: Cirrus Logic, Inc.
Driver Section: Speaker_Install
Driver Rank: 0xFF0000
Matching Device ID: SOUNDWIRE\SDCA_06&MAN_01FA&FUNC_4243&TYPE_06&VER_01&ADR_03&LID_00&UID_00&SUBSYS_0CE81028&DynamicEnumSpeaker0
Outranked Drivers: 
Device Updated: false
Parent Device: SOUNDWIRE\SDCA_06&MAN_01FA&FUNC_4243&TYPE_06&VER_01&ADR_03&LID_00&UID_00&SUBSYS_0CE81028\7&2796ba65&0&0000000000000003"
"17-06-2026 16:44:42","400","Information","Microsoft-Windows-Kernel-PnP","Device SOUNDWIRE\SDCA_06&MAN_01FA&FUNC_4243&TYPE_06&VER_01&ADR_03&LID_00&UID_00&SUBSYS_0CE81028&DynamicEnumSpeaker0\8&b098aae&0&00001300 was configured.

Driver Name: oem429.inf
Driver Package ID: clabpsvcext.inf_amd64_15c23e3180aaa3e7
Class GUID: {e2f84ce7-8efa-411c-aa69-97454ca4cb57}
Driver Date: 04/12/2026
Driver Version: 2025.6.0.28
Driver Provider: Cirrus Logic, Inc.
Driver Section: CLABPExt_Install
Driver Rank: 0xFF0000
Matching Device ID: SOUNDWIRE\SDCA_06&MAN_01FA&FUNC_4243&TYPE_06&VER_01&ADR_03&LID_00&UID_00&SUBSYS_0CE81028&DynamicEnumSpeaker0
Outranked Drivers: 
Device Updated: false
Parent Device: SOUNDWIRE\SDCA_06&MAN_01FA&FUNC_4243&TYPE_06&VER_01&ADR_03&LID_00&UID_00&SUBSYS_0CE81028\7&2796ba65&0&0000000000000003"
"17-06-2026 16:44:42","400","Information","Microsoft-Windows-Kernel-PnP","Device SOUNDWIRE\SDCA_06&MAN_01FA&FUNC_4243&TYPE_06&VER_01&ADR_03&LID_00&UID_00&SUBSYS_0CE81028&DynamicEnumSpeaker0\8&b098aae&0&00001300 was configured.

Driver Name: oem252.inf
Driver Package ID: cl_hs_0ce8.inf_amd64_00489d0666dfdce2
Class GUID: {e2f84ce7-8efa-411c-aa69-97454ca4cb57}
Driver Date: 02/14/2025
Driver Version: 1.13.6.313
Driver Provider: Cirrus Logic, Inc.
Driver Section: Tuning_Install.UAJ.Win11
Driver Rank: 0xFF0000
Matching Device ID: SOUNDWIRE\SDCA_06&MAN_01FA&FUNC_4243&TYPE_06&VER_01&ADR_03&LID_00&UID_00&SUBSYS_0CE81028&DynamicEnumSpeaker0
Outranked Drivers: 
Device Updated: false
Parent Device: SOUNDWIRE\SDCA_06&MAN_01FA&FUNC_4243&TYPE_06&VER_01&ADR_03&LID_00&UID_00&SUBSYS_0CE81028\7&2796ba65&0&0000000000000003"
"17-06-2026 16:44:42","400","Information","Microsoft-Windows-Kernel-PnP","Device SOUNDWIRE\SDCA_06&MAN_01FA&FUNC_4243&TYPE_06&VER_01&ADR_03&LID_00&UID_00&SUBSYS_0CE81028&DynamicEnumSpeaker0\8&b098aae&0&00001300 was configured.

Driver Name: oem249.inf
Driver Package ID: cl_hp_0ce8.inf_amd64_58ad831ab1f1584e
Class GUID: {e2f84ce7-8efa-411c-aa69-97454ca4cb57}
Driver Date: 02/14/2025
Driver Version: 1.13.6.313
Driver Provider: Cirrus Logic, Inc.
Driver Section: Tuning_Install.UAJ.Win11
Driver Rank: 0xFF0000
Matching Device ID: SOUNDWIRE\SDCA_06&MAN_01FA&FUNC_4243&TYPE_06&VER_01&ADR_03&LID_00&UID_00&SUBSYS_0CE81028&DynamicEnumSpeaker0
Outranked Drivers: 
Device Updated: false
Parent Device: SOUNDWIRE\SDCA_06&MAN_01FA&FUNC_4243&TYPE_06&VER_01&ADR_03&LID_00&UID_00&SUBSYS_0CE81028\7&2796ba65&0&0000000000000003"
"17-06-2026 16:44:42","400","Information","Microsoft-Windows-Kernel-PnP","Device SOUNDWIRE\SDCA_06&MAN_01FA&FUNC_4243&TYPE_06&VER_01&ADR_03&LID_00&UID_00&SUBSYS_0CE81028&DynamicEnumSpeaker0\8&b098aae&0&00001300 was configured.

Driver Name: oem66.inf
Driver Package ID: sdcaclass.inf_amd64_0b2f30007e05e98a
Class GUID: {4d36e96c-e325-11ce-bfc1-08002be10318}
Driver Date: 01/17/2025
Driver Version: 10.0.2410.7
Driver Provider: Microsoft
Driver Section: SoundwireClass_Device_Child.NT
Driver Rank: 0xFF2000
Matching Device ID: SOUNDWIRE\DynamicEnumChild
Outranked Drivers: 
Device Updated: false
Parent Device: SOUNDWIRE\SDCA_06&MAN_01FA&FUNC_4243&TYPE_06&VER_01&ADR_03&LID_00&UID_00&SUBSYS_0CE81028\7&2796ba65&0&0000000000000003"
"17-06-2026 15:04:29","410","Information","Microsoft-Windows-Kernel-PnP","Device SWD\MMDEVAPI\{0.0.0.00000000}.{6522b6a3-dc84-46cf-b6e4-015096066078} was started.

Driver Name: audioendpoint.inf
Class GUID: {c166523c-fe0c-4a94-a586-f1a80cfbbf3e}
Service: 
Lower Filters: 
Upper Filters: "
"17-06-2026 15:04:29","400","Information","Microsoft-Windows-Kernel-PnP","Device SWD\MMDEVAPI\{0.0.0.00000000}.{6522b6a3-dc84-46cf-b6e4-015096066078} was configured.

Driver Name: audioendpoint.inf
Driver Package ID: audioendpoint.inf_amd64_271c4d03bad18da8
Class GUID: {c166523c-fe0c-4a94-a586-f1a80cfbbf3e}
Driver Date: 03/31/2024
Driver Version: 10.0.26100.1
Driver Provider: Microsoft
Driver Section: NO_DRV
Driver Rank: 0xFF0000
Matching Device ID: MMDEVAPI\AudioEndpoints
Outranked Drivers: c_swdevice.inf:SWD\GenericRaw:00FF3001
Device Updated: false
Parent Device: HDAUDIO\SUBFUNC_01&VEN_8086&DEV_281D&NID_0001&SUBSYS_00000000&REV_1000\6&15d34dff&0&0002&00000015"
"17-06-2026 15:04:25","410","Information","Microsoft-Windows-Kernel-PnP","Device HDAUDIO\SUBFUNC_01&VEN_8086&DEV_281D&NID_0001&SUBSYS_00000000&REV_1000\6&15d34dff&0&0002&00000015 was started.

Driver Name: oem346.inf
Class GUID: {4d36e96c-e325-11ce-bfc1-08002be10318}
Service: 
Lower Filters: 
Upper Filters: "
"17-06-2026 15:04:24","400","Information","Microsoft-Windows-Kernel-PnP","Device HDAUDIO\SUBFUNC_01&VEN_8086&DEV_281D&NID_0001&SUBSYS_00000000&REV_1000\6&15d34dff&0&0002&00000015 was configured.

Driver Name: oem346.inf
Driver Package ID: mshdadac.inf_amd64_a75c1fc7e527ee75
Class GUID: {4d36e96c-e325-11ce-bfc1-08002be10318}
Driver Date: 04/16/2026
Driver Version: 32.0.101.8724
Driver Provider: Intel Corporation
Driver Section: Audio_Child_Device_Wrapper.NT
Driver Rank: 0xFF3008
Matching Device ID: HDAUDIO\SUBFUNC_01&VEN_8086&DEV_281D
Outranked Drivers: oem484.inf:HDAUDIO\SUBFUNC_01&VEN_8086&DEV_281D:00FF3008
Device Updated: false
Parent Device: INTELAUDIO\SGPC_FUNC_01&VEN_8086&DEV_281D&SUBSYS_80860101&REV_1000\5&32640736&1&0201DIF_000B&UIF_0000"
"17-06-2026 10:12:03","410","Information","Microsoft-Windows-Kernel-PnP","Device SWD\DRIVERENUM\{dc0701e7-e54b-442a-b70c-ef640f28c5de}#EnhanceAPO&9&18512c2d&0 was started.

Driver Name: oem174.inf
Class GUID: {5989fce8-9cd0-467d-8a6a-5419e31529d4}
Service: 
Lower Filters: 
Upper Filters: "
"17-06-2026 10:12:03","400","Information","Microsoft-Windows-Kernel-PnP","Device SWD\DRIVERENUM\{dc0701e7-e54b-442a-b70c-ef640f28c5de}#EnhanceAPO&9&18512c2d&0 was configured.

Driver Name: oem174.inf
Driver Package ID: cl01002_apo.inf_amd64_e619acf00d98d76a
Class GUID: {5989fce8-9cd0-467d-8a6a-5419e31529d4}
Driver Date: 12/17/2024
Driver Version: 1.13.6.313
Driver Provider: Cirrus Logic, Inc.
Driver Section: APOComponent_Install
Driver Rank: 0xFF0000
Matching Device ID: SWC\VEN_CRUS&ENH_APO
Outranked Drivers: c_swcomponent.inf:SWC\Generic:00FF3000 c_swdevice.inf:SWD\GenericRaw:00FF3001
Device Updated: false
Parent Device: SOUNDWIRE\SDCA_06&MAN_01FA&FUNC_4243&TYPE_06&VER_01&ADR_03&LID_00&UID_00&SUBSYS_0CE81028&DynamicEnumSpeaker0\8&b098aae&0&00001700"
"17-06-2026 10:12:03","410","Information","Microsoft-Windows-Kernel-PnP","Device SOUNDWIRE\SDCA_06&MAN_01FA&FUNC_4243&TYPE_06&VER_01&ADR_03&LID_00&UID_00&SUBSYS_0CE81028&DynamicEnumSpeaker0\8&b098aae&0&00001700 was started.

Driver Name: oem66.inf
Class GUID: {4d36e96c-e325-11ce-bfc1-08002be10318}
Service: 
Lower Filters: 
Upper Filters: "
"17-06-2026 10:12:03","400","Information","Microsoft-Windows-Kernel-PnP","Device SOUNDWIRE\SDCA_06&MAN_01FA&FUNC_4243&TYPE_06&VER_01&ADR_03&LID_00&UID_00&SUBSYS_0CE81028&DynamicEnumSpeaker0\8&b098aae&0&00001700 was configured.

Driver Name: oem139.inf
Driver Package ID: xucsme.inf_amd64_2fc0303188b44c4c
Class GUID: {e2f84ce7-8efa-411c-aa69-97454ca4cb57}
Driver Date: 04/06/2026
Driver Version: 1.0.709.49429
Driver Provider: Cirrus Logic, Inc.
Driver Section: Endpoint.NT
Driver Rank: 0xFF0002
Matching Device ID: SOUNDWIRE\SDCA_06&MAN_01FA&FUNC_4243&TYPE_06&VER_01&ADR_03&DynamicEnumSpeaker0
Outranked Drivers: 
Device Updated: true
Parent Device: SOUNDWIRE\SDCA_06&MAN_01FA&FUNC_4243&TYPE_06&VER_01&ADR_03&LID_00&UID_00&SUBSYS_0CE81028\7&2796ba65&0&0000000000000003"
"17-06-2026 10:12:03","400","Information","Microsoft-Windows-Kernel-PnP","Device SOUNDWIRE\SDCA_06&MAN_01FA&FUNC_4243&TYPE_06&VER_01&ADR_03&LID_00&UID_00&SUBSYS_0CE81028&DynamicEnumSpeaker0\8&b098aae&0&00001700 was configured.

Driver Name: oem124.inf
Driver Package ID: cl01002_audio_extension.inf_amd64_d8538d29951b9428
Class GUID: {e2f84ce7-8efa-411c-aa69-97454ca4cb57}
Driver Date: 12/17/2024
Driver Version: 1.13.6.313
Driver Provider: Cirrus Logic, Inc.
Driver Section: Speaker_Install
Driver Rank: 0xFF0000
Matching Device ID: SOUNDWIRE\SDCA_06&MAN_01FA&FUNC_4243&TYPE_06&VER_01&ADR_03&LID_00&UID_00&SUBSYS_0CE81028&DynamicEnumSpeaker0
Outranked Drivers: 
Device Updated: true
Parent Device: SOUNDWIRE\SDCA_06&MAN_01FA&FUNC_4243&TYPE_06&VER_01&ADR_03&LID_00&UID_00&SUBSYS_0CE81028\7&2796ba65&0&0000000000000003"
"17-06-2026 10:12:03","400","Information","Microsoft-Windows-Kernel-PnP","Device SOUNDWIRE\SDCA_06&MAN_01FA&FUNC_4243&TYPE_06&VER_01&ADR_03&LID_00&UID_00&SUBSYS_0CE81028&DynamicEnumSpeaker0\8&b098aae&0&00001700 was configured.

Driver Name: oem429.inf
Driver Package ID: clabpsvcext.inf_amd64_15c23e3180aaa3e7
Class GUID: {e2f84ce7-8efa-411c-aa69-97454ca4cb57}
Driver Date: 04/12/2026
Driver Version: 2025.6.0.28
Driver Provider: Cirrus Logic, Inc.
Driver Section: CLABPExt_Install
Driver Rank: 0xFF0000
Matching Device ID: SOUNDWIRE\SDCA_06&MAN_01FA&FUNC_4243&TYPE_06&VER_01&ADR_03&LID_00&UID_00&SUBSYS_0CE81028&DynamicEnumSpeaker0
Outranked Drivers: 
Device Updated: true
Parent Device: SOUNDWIRE\SDCA_06&MAN_01FA&FUNC_4243&TYPE_06&VER_01&ADR_03&LID_00&UID_00&SUBSYS_0CE81028\7&2796ba65&0&0000000000000003"
"17-06-2026 10:12:03","400","Information","Microsoft-Windows-Kernel-PnP","Device SOUNDWIRE\SDCA_06&MAN_01FA&FUNC_4243&TYPE_06&VER_01&ADR_03&LID_00&UID_00&SUBSYS_0CE81028&DynamicEnumSpeaker0\8&b098aae&0&00001700 was configured.

Driver Name: oem252.inf
Driver Package ID: cl_hs_0ce8.inf_amd64_00489d0666dfdce2
Class GUID: {e2f84ce7-8efa-411c-aa69-97454ca4cb57}
Driver Date: 02/14/2025
Driver Version: 1.13.6.313
Driver Provider: Cirrus Logic, Inc.
Driver Section: Tuning_Install.UAJ.Win11
Driver Rank: 0xFF0000
Matching Device ID: SOUNDWIRE\SDCA_06&MAN_01FA&FUNC_4243&TYPE_06&VER_01&ADR_03&LID_00&UID_00&SUBSYS_0CE81028&DynamicEnumSpeaker0
Outranked Drivers: 
Device Updated: true
Parent Device: SOUNDWIRE\SDCA_06&MAN_01FA&FUNC_4243&TYPE_06&VER_01&ADR_03&LID_00&UID_00&SUBSYS_0CE81028\7&2796ba65&0&0000000000000003"
"17-06-2026 10:12:03","400","Information","Microsoft-Windows-Kernel-PnP","Device SOUNDWIRE\SDCA_06&MAN_01FA&FUNC_4243&TYPE_06&VER_01&ADR_03&LID_00&UID_00&SUBSYS_0CE81028&DynamicEnumSpeaker0\8&b098aae&0&00001700 was configured.

Driver Name: oem249.inf
Driver Package ID: cl_hp_0ce8.inf_amd64_58ad831ab1f1584e
Class GUID: {e2f84ce7-8efa-411c-aa69-97454ca4cb57}
Driver Date: 02/14/2025
Driver Version: 1.13.6.313
Driver Provider: Cirrus Logic, Inc.
Driver Section: Tuning_Install.UAJ.Win11
Driver Rank: 0xFF0000
Matching Device ID: SOUNDWIRE\SDCA_06&MAN_01FA&FUNC_4243&TYPE_06&VER_01&ADR_03&LID_00&UID_00&SUBSYS_0CE81028&DynamicEnumSpeaker0
Outranked Drivers: 
Device Updated: true
Parent Device: SOUNDWIRE\SDCA_06&MAN_01FA&FUNC_4243&TYPE_06&VER_01&ADR_03&LID_00&UID_00&SUBSYS_0CE81028\7&2796ba65&0&0000000000000003"
"17-06-2026 10:12:03","400","Information","Microsoft-Windows-Kernel-PnP","Device SOUNDWIRE\SDCA_06&MAN_01FA&FUNC_4243&TYPE_06&VER_01&ADR_03&LID_00&UID_00&SUBSYS_0CE81028&DynamicEnumSpeaker0\8&b098aae&0&00001700 was configured.

Driver Name: oem66.inf
Driver Package ID: sdcaclass.inf_amd64_0b2f30007e05e98a
Class GUID: {4d36e96c-e325-11ce-bfc1-08002be10318}
Driver Date: 01/17/2025
Driver Version: 10.0.2410.7
Driver Provider: Microsoft
Driver Section: SoundwireClass_Device_Child.NT
Driver Rank: 0xFF2000
Matching Device ID: SOUNDWIRE\DynamicEnumChild
Outranked Drivers: 
Device Updated: true
Parent Device: SOUNDWIRE\SDCA_06&MAN_01FA&FUNC_4243&TYPE_06&VER_01&ADR_03&LID_00&UID_00&SUBSYS_0CE81028\7&2796ba65&0&0000000000000003"
"17-06-2026 09:34:46","410","Information","Microsoft-Windows-Kernel-PnP","Device SWD\DRIVERENUM\DPMAutoInstallDriver_Device_component&9&15273fe1&0 was started.

Driver Name: oem425.inf
Class GUID: {5c4c3332-344d-483c-8739-259e934c9cc8}
Service: 
Lower Filters: 
Upper Filters: "
"17-06-2026 09:34:46","410","Information","Microsoft-Windows-Kernel-PnP","Device HID\VID_413C&PID_4503&MI_01&Col01\8&29f3806e&0&0000 was started.

Driver Name: msmouse.inf
Class GUID: {4d36e96f-e325-11ce-bfc1-08002be10318}
Service: mouhid
Lower Filters: 
Upper Filters: "
"17-06-2026 09:34:46","410","Information","Microsoft-Windows-Kernel-PnP","Device HID\VID_413C&PID_4503&MI_00\8&61c42ac&0&0000 was started.

Driver Name: keyboard.inf
Class GUID: {4d36e96b-e325-11ce-bfc1-08002be10318}
Service: kbdhid
Lower Filters: 
Upper Filters: "
"17-06-2026 09:34:46","400","Information","Microsoft-Windows-Kernel-PnP","Device SWD\DRIVERENUM\DPMAutoInstallDriver_Device_component&9&15273fe1&0 was configured.

Driver Name: oem425.inf
Driver Package ID: ddpmsoftwareinstall_component.inf_amd64_3d39f607b80ee919
Class GUID: {5c4c3332-344d-483c-8739-259e934c9cc8}
Driver Date: 03/03/2025
Driver Version: 1.0.0.8
Driver Provider: Dell Technologies Inc.
Driver Section: DDPMSoftwareInstall_Device_component.NTamd64
Driver Rank: 0xFF0000
Matching Device ID: SWC\DELL_DDPM0001
Outranked Drivers: c_swcomponent.inf:SWC\Generic:00FF3000 c_swdevice.inf:SWD\GenericRaw:00FF3001
Device Updated: false
Parent Device: HID\VID_413C&PID_4503&MI_02&Col02\8&3affadc2&0&0001"
"17-06-2026 09:34:46","410","Information","Microsoft-Windows-Kernel-PnP","Device HID\VID_413C&PID_4503&MI_02&Col02\8&3affadc2&0&0001 was started.

Driver Name: oem135.inf
Class GUID: {745a17a0-74d3-11d0-b6fe-00a0c90f57da}
Service: 
Lower Filters: 
Upper Filters: "
"17-06-2026 09:34:46","410","Information","Microsoft-Windows-Kernel-PnP","Device HID\VID_413C&PID_4503&MI_02&Col01\8&3affadc2&0&0000 was started.

Driver Name: input.inf
Class GUID: {745a17a0-74d3-11d0-b6fe-00a0c90f57da}
Service: 
Lower Filters: 
Upper Filters: "
"17-06-2026 09:34:46","410","Information","Microsoft-Windows-Kernel-PnP","Device HID\VID_413C&PID_4503&MI_01&Col03\8&29f3806e&0&0002 was started.

Driver Name: input.inf
Class GUID: {745a17a0-74d3-11d0-b6fe-00a0c90f57da}
Service: 
Lower Filters: 
Upper Filters: "
"17-06-2026 09:34:46","410","Information","Microsoft-Windows-Kernel-PnP","Device HID\VID_413C&PID_4503&MI_01&Col02\8&29f3806e&0&0001 was started.

Driver Name: hidserv.inf
Class GUID: {745a17a0-74d3-11d0-b6fe-00a0c90f57da}
Service: 
Lower Filters: 
Upper Filters: "
"17-06-2026 09:34:46","400","Information","Microsoft-Windows-Kernel-PnP","Device HID\VID_413C&PID_4503&MI_02&Col02\8&3affadc2&0&0001 was configured.

Driver Name: oem135.inf
Driver Package ID: dpmautoinstalldriver.inf_amd64_412d7d28a0358c95
Class GUID: {745a17a0-74d3-11d0-b6fe-00a0c90f57da}
Driver Date: 12/03/2025
Driver Version: 2.2.0.0
Driver Provider: Dell Inc.
Driver Section: DPMAutoInstallDriver_Device.NT
Driver Rank: 0xFF0001
Matching Device ID: HID\VID_413C&PID_4503&MI_02&Col02
Outranked Drivers: oem68.inf:HID\VID_413C&PID_4503&MI_02&Col02:00FF0001 input.inf:HID_DEVICE_UPR:FF00-FFFF:00FF1004 input.inf:HID_DEVICE:00FF1005
Device Updated: false
Parent Device: USB\VID_413C&PID_4503&MI_02\7&17dfca00&0&0002"
"17-06-2026 09:34:46","400","Information","Microsoft-Windows-Kernel-PnP","Device HID\VID_413C&PID_4503&MI_02&Col01\8&3affadc2&0&0000 was configured.

Driver Name: input.inf
Driver Package ID: input.inf_amd64_b70b241e639b0256
Class GUID: {745a17a0-74d3-11d0-b6fe-00a0c90f57da}
Driver Date: 06/21/2006
Driver Version: 10.0.26100.8115
Driver Provider: Microsoft
Driver Section: HID_Raw_Inst.NT
Driver Rank: 0xFF1004
Matching Device ID: HID_DEVICE_UPR:FF00-FFFF
Outranked Drivers: input.inf:HID_DEVICE:00FF1005
Device Updated: false
Parent Device: USB\VID_413C&PID_4503&MI_02\7&17dfca00&0&0002"
"17-06-2026 09:34:46","410","Information","Microsoft-Windows-Kernel-PnP","Device USB\VID_413C&PID_4503&MI_02\7&17dfca00&0&0002 was started.

Driver Name: input.inf
Class GUID: {745a17a0-74d3-11d0-b6fe-00a0c90f57da}
Service: HidUsb
Lower Filters: 
Upper Filters: "
"17-06-2026 09:34:46","400","Information","Microsoft-Windows-Kernel-PnP","Device HID\VID_413C&PID_4503&MI_01&Col03\8&29f3806e&0&0002 was configured.

Driver Name: input.inf
Driver Package ID: input.inf_amd64_b70b241e639b0256
Class GUID: {745a17a0-74d3-11d0-b6fe-00a0c90f57da}
Driver Date: 06/21/2006
Driver Version: 10.0.26100.8115
Driver Provider: Microsoft
Driver Section: HID_Raw_Inst.NT
Driver Rank: 0xFF1004
Matching Device ID: HID_DEVICE_UP:0001_U:0080
Outranked Drivers: input.inf:HID_DEVICE:00FF1005
Device Updated: false
Parent Device: USB\VID_413C&PID_4503&MI_01\7&17dfca00&0&0001"
"17-06-2026 09:34:46","400","Information","Microsoft-Windows-Kernel-PnP","Device HID\VID_413C&PID_4503&MI_01&Col02\8&29f3806e&0&0001 was configured.

Driver Name: hidserv.inf
Driver Package ID: hidserv.inf_amd64_3111b4bfb553788d
Class GUID: {745a17a0-74d3-11d0-b6fe-00a0c90f57da}
Driver Date: 06/21/2006
Driver Version: 10.0.26100.1
Driver Provider: Microsoft
Driver Section: HIDSystemConsumerDevice
Driver Rank: 0xFF0004
Matching Device ID: HID_DEVICE_UP:000C_U:0001
Outranked Drivers: input.inf:HID_DEVICE:00FF1005
Device Updated: false
Parent Device: USB\VID_413C&PID_4503&MI_01\7&17dfca00&0&0001"
"17-06-2026 09:34:46","400","Information","Microsoft-Windows-Kernel-PnP","Device HID\VID_413C&PID_4503&MI_01&Col01\8&29f3806e&0&0000 was configured.

Driver Name: msmouse.inf
Driver Package ID: msmouse.inf_amd64_097bbd709f0c4972
Class GUID: {4d36e96f-e325-11ce-bfc1-08002be10318}
Driver Date: 06/21/2006
Driver Version: 10.0.26100.1150
Driver Provider: Microsoft
Driver Section: HID_Mouse_Inst.NT
Driver Rank: 0xFF1003
Matching Device ID: HID_DEVICE_SYSTEM_MOUSE
Outranked Drivers: input.inf:HID_DEVICE:00FF1005
Device Updated: false
Parent Device: USB\VID_413C&PID_4503&MI_01\7&17dfca00&0&0001"
"17-06-2026 09:34:46","410","Information","Microsoft-Windows-Kernel-PnP","Device USB\VID_413C&PID_4503&MI_01\7&17dfca00&0&0001 was started.

Driver Name: input.inf
Class GUID: {745a17a0-74d3-11d0-b6fe-00a0c90f57da}
Service: HidUsb
Lower Filters: 
Upper Filters: "
"17-06-2026 09:34:46","400","Information","Microsoft-Windows-Kernel-PnP","Device HID\VID_413C&PID_4503&MI_00\8&61c42ac&0&0000 was configured.

Driver Name: keyboard.inf
Driver Package ID: keyboard.inf_amd64_c56788078819b951
Class GUID: {4d36e96b-e325-11ce-bfc1-08002be10318}
Driver Date: 06/21/2006
Driver Version: 10.0.26100.1882
Driver Provider: Microsoft
Driver Section: HID_Keyboard_Inst.NT
Driver Rank: 0xFF1003
Matching Device ID: HID_DEVICE_SYSTEM_KEYBOARD
Outranked Drivers: input.inf:HID_DEVICE:00FF1005
Device Updated: false
Parent Device: USB\VID_413C&PID_4503&MI_00\7&17dfca00&0&0000"
"17-06-2026 09:34:46","410","Information","Microsoft-Windows-Kernel-PnP","Device USB\VID_413C&PID_4503&MI_00\7&17dfca00&0&0000 was started.

Driver Name: input.inf
Class GUID: {745a17a0-74d3-11d0-b6fe-00a0c90f57da}
Service: HidUsb
Lower Filters: 
Upper Filters: "
"17-06-2026 09:34:46","400","Information","Microsoft-Windows-Kernel-PnP","Device USB\VID_413C&PID_4503&MI_02\7&17dfca00&0&0002 was configured.

Driver Name: input.inf
Driver Package ID: input.inf_amd64_b70b241e639b0256
Class GUID: {745a17a0-74d3-11d0-b6fe-00a0c90f57da}
Driver Date: 06/21/2006
Driver Version: 10.0.26100.8115
Driver Provider: Microsoft
Driver Section: HID_Inst.NT
Driver Rank: 0xFF3205
Matching Device ID: USB\Class_03
Outranked Drivers: 
Device Updated: false
Parent Device: USB\VID_413C&PID_4503\6&8542bea&0&4"
"17-06-2026 09:34:45","400","Information","Microsoft-Windows-Kernel-PnP","Device USB\VID_413C&PID_4503&MI_01\7&17dfca00&0&0001 was configured.

Driver Name: input.inf
Driver Package ID: input.inf_amd64_b70b241e639b0256
Class GUID: {745a17a0-74d3-11d0-b6fe-00a0c90f57da}
Driver Date: 06/21/2006
Driver Version: 10.0.26100.8115
Driver Provider: Microsoft
Driver Section: HID_Inst.NT
Driver Rank: 0xFF3104
Matching Device ID: USB\Class_03&SubClass_01
Outranked Drivers: input.inf:USB\Class_03:00FF3205
Device Updated: false
Parent Device: USB\VID_413C&PID_4503\6&8542bea&0&4"
"17-06-2026 09:34:45","400","Information","Microsoft-Windows-Kernel-PnP","Device USB\VID_413C&PID_4503&MI_00\7&17dfca00&0&0000 was configured.

Driver Name: input.inf
Driver Package ID: input.inf_amd64_b70b241e639b0256
Class GUID: {745a17a0-74d3-11d0-b6fe-00a0c90f57da}
Driver Date: 06/21/2006
Driver Version: 10.0.26100.8115
Driver Provider: Microsoft
Driver Section: HID_Inst.NT
Driver Rank: 0xFF3104
Matching Device ID: USB\Class_03&SubClass_01
Outranked Drivers: input.inf:USB\Class_03:00FF3205
Device Updated: false
Parent Device: USB\VID_413C&PID_4503\6&8542bea&0&4"
"17-06-2026 09:34:45","410","Information","Microsoft-Windows-Kernel-PnP","Device USB\VID_413C&PID_4503\6&8542bea&0&4 was started.

Driver Name: usb.inf
Class GUID: {36fc9e60-c465-11cf-8056-444553540000}
Service: usbccgp
Lower Filters: 
Upper Filters: "
"17-06-2026 09:34:45","400","Information","Microsoft-Windows-Kernel-PnP","Device USB\VID_413C&PID_4503\6&8542bea&0&4 was configured.

Driver Name: usb.inf
Driver Package ID: usb.inf_amd64_ca05aed6371fe9f7
Class GUID: {36fc9e60-c465-11cf-8056-444553540000}
Driver Date: 06/21/2006
Driver Version: 10.0.26100.8115
Driver Provider: Microsoft
Driver Section: Composite.Dev.NT
Driver Rank: 0xFF2006
Matching Device ID: USB\COMPOSITE
Outranked Drivers: 
Device Updated: false
Parent Device: USB\VID_0424&PID_2806\5&2dc84fba&0&1"
"16-06-2026 16:32:37","410","Information","Microsoft-Windows-Kernel-PnP","Device SWD\MMDEVAPI\{0.0.0.00000000}.{a7e3229c-a2f4-45da-ba8b-eafb9526b00d} was started.

Driver Name: audioendpoint.inf
Class GUID: {c166523c-fe0c-4a94-a586-f1a80cfbbf3e}
Service: 
Lower Filters: 
Upper Filters: "
"16-06-2026 16:32:36","400","Information","Microsoft-Windows-Kernel-PnP","Device SWD\MMDEVAPI\{0.0.0.00000000}.{a7e3229c-a2f4-45da-ba8b-eafb9526b00d} was configured.

Driver Name: audioendpoint.inf
Driver Package ID: audioendpoint.inf_amd64_271c4d03bad18da8
Class GUID: {c166523c-fe0c-4a94-a586-f1a80cfbbf3e}
Driver Date: 03/31/2024
Driver Version: 10.0.26100.1
Driver Provider: Microsoft
Driver Section: NO_DRV
Driver Rank: 0xFF0000
Matching Device ID: MMDEVAPI\AudioEndpoints
Outranked Drivers: c_swdevice.inf:SWD\GenericRaw:00FF3001
Device Updated: false
Parent Device: USB\VID_047F&PID_C058&MI_00\6&ba27757&0&0000"
"16-06-2026 16:32:36","410","Information","Microsoft-Windows-Kernel-PnP","Device SWD\MMDEVAPI\{0.0.1.00000000}.{a0ca9b06-7c8b-4c05-8296-355e5a3c8095} was started.

Driver Name: audioendpoint.inf
Class GUID: {c166523c-fe0c-4a94-a586-f1a80cfbbf3e}
Service: 
Lower Filters: 
Upper Filters: "
"16-06-2026 16:32:36","400","Information","Microsoft-Windows-Kernel-PnP","Device SWD\MMDEVAPI\{0.0.1.00000000}.{a0ca9b06-7c8b-4c05-8296-355e5a3c8095} was configured.

Driver Name: audioendpoint.inf
Driver Package ID: audioendpoint.inf_amd64_271c4d03bad18da8
Class GUID: {c166523c-fe0c-4a94-a586-f1a80cfbbf3e}
Driver Date: 03/31/2024
Driver Version: 10.0.26100.1
Driver Provider: Microsoft
Driver Section: NO_DRV
Driver Rank: 0xFF0000
Matching Device ID: MMDEVAPI\AudioEndpoints
Outranked Drivers: c_swdevice.inf:SWD\GenericRaw:00FF3001
Device Updated: false
Parent Device: USB\VID_047F&PID_C058&MI_00\6&ba27757&0&0000"
"16-06-2026 16:24:21","410","Information","Microsoft-Windows-Kernel-PnP","Device SWD\MMDEVAPI\{0.0.0.00000000}.{bf0f88ac-f38b-44df-b277-c478d4972835} was started.

Driver Name: audioendpoint.inf
Class GUID: {c166523c-fe0c-4a94-a586-f1a80cfbbf3e}
Service: 
Lower Filters: 
Upper Filters: "
"16-06-2026 16:24:21","400","Information","Microsoft-Windows-Kernel-PnP","Device SWD\MMDEVAPI\{0.0.0.00000000}.{bf0f88ac-f38b-44df-b277-c478d4972835} was configured.

Driver Name: audioendpoint.inf
Driver Package ID: audioendpoint.inf_amd64_271c4d03bad18da8
Class GUID: {c166523c-fe0c-4a94-a586-f1a80cfbbf3e}
Driver Date: 03/31/2024
Driver Version: 10.0.26100.1
Driver Provider: Microsoft
Driver Section: NO_DRV
Driver Rank: 0xFF0000
Matching Device ID: MMDEVAPI\AudioEndpoints
Outranked Drivers: c_swdevice.inf:SWD\GenericRaw:00FF3001
Device Updated: false
Parent Device: HDAUDIO\SUBFUNC_01&VEN_8086&DEV_281D&NID_0001&SUBSYS_00000000&REV_1000\6&15d34dff&0&0002&00000025"
"16-06-2026 16:24:20","410","Information","Microsoft-Windows-Kernel-PnP","Device HDAUDIO\SUBFUNC_01&VEN_8086&DEV_281D&NID_0001&SUBSYS_00000000&REV_1000\6&15d34dff&0&0002&00000025 was started.

Driver Name: oem346.inf
Class GUID: {4d36e96c-e325-11ce-bfc1-08002be10318}
Service: 
Lower Filters: 
Upper Filters: "
"16-06-2026 16:24:20","400","Information","Microsoft-Windows-Kernel-PnP","Device HDAUDIO\SUBFUNC_01&VEN_8086&DEV_281D&NID_0001&SUBSYS_00000000&REV_1000\6&15d34dff&0&0002&00000025 was configured.

Driver Name: oem346.inf
Driver Package ID: mshdadac.inf_amd64_a75c1fc7e527ee75
Class GUID: {4d36e96c-e325-11ce-bfc1-08002be10318}
Driver Date: 04/16/2026
Driver Version: 32.0.101.8724
Driver Provider: Intel Corporation
Driver Section: Audio_Child_Device_Wrapper.NT
Driver Rank: 0xFF3008
Matching Device ID: HDAUDIO\SUBFUNC_01&VEN_8086&DEV_281D
Outranked Drivers: oem484.inf:HDAUDIO\SUBFUNC_01&VEN_8086&DEV_281D:00FF3008
Device Updated: false
Parent Device: INTELAUDIO\SGPC_FUNC_01&VEN_8086&DEV_281D&SUBSYS_80860101&REV_1000\5&32640736&1&0201DIF_000B&UIF_0000"
"16-06-2026 16:24:20","410","Information","Microsoft-Windows-Kernel-PnP","Device INTELAUDIO\SGPC_FUNC_01&VEN_8086&DEV_281D&SUBSYS_80860101&REV_1000\5&32640736&1&0201DIF_000B&UIF_0000 was started.

Driver Name: oem346.inf
Class GUID: {4d36e96c-e325-11ce-bfc1-08002be10318}
Service: AcxHdAudio
Lower Filters: 
Upper Filters: "
"16-06-2026 16:24:20","400","Information","Microsoft-Windows-Kernel-PnP","Device INTELAUDIO\SGPC_FUNC_01&VEN_8086&DEV_281D&SUBSYS_80860101&REV_1000\5&32640736&1&0201DIF_000B&UIF_0000 was configured.

Driver Name: oem346.inf
Driver Package ID: mshdadac.inf_amd64_a75c1fc7e527ee75
Class GUID: {4d36e96c-e325-11ce-bfc1-08002be10318}
Driver Date: 04/16/2026
Driver Version: 32.0.101.8724
Driver Provider: Intel Corporation
Driver Section: Audio_Device_Wrapper.NT
Driver Rank: 0xF00001
Matching Device ID: INTELAUDIO\SGPC_FUNC_01&VEN_8086&DEV_281D&SUBSYS_80860101
Outranked Drivers: oem484.inf:INTELAUDIO\SGPC_FUNC_01&VEN_8086&DEV_281D&SUBSYS_80860101:00F00001 oem484.inf:INTELAUDIO\SGPC_FUNC_01&VEN_8086&DEV_281D:00F01003 oem346.inf:INTELAUDIO\SGPC_FUNC_01&VEN_8086&DEV_281D:00F01003
Device Updated: false
Parent Device: INTELAUDIO\DSP_CTLR_DEV_7728&VEN_8086&DEV_0222&SUBSYS_0CE81028&REV_0000\4&417d3cc&0&0800DIF_000B&UIF_0000"
"16-06-2026 10:00:07","410","Information","Microsoft-Windows-Kernel-PnP","Device SWD\DRIVERENUM\{ceddd3b4-1c8d-4834-805d-9dcefa53921f}#intelliGoAPOSvc&9&1ea0a8e3&0 was started.

Driver Name: oem525.inf
Class GUID: {5c4c3332-344d-483c-8739-259e934c9cc8}
Service: 
Lower Filters: 
Upper Filters: "
"16-06-2026 10:00:07","410","Information","Microsoft-Windows-Kernel-PnP","Device SWD\DRIVERENUM\{ceddd3b4-1c8d-4834-805d-9dcefa53921f}#intelliGoAPOBase&9&1ea0a8e3&0 was started.

Driver Name: oem457.inf
Class GUID: {5989fce8-9cd0-467d-8a6a-5419e31529d4}
Service: 
Lower Filters: 
Upper Filters: "
"16-06-2026 10:00:07","410","Information","Microsoft-Windows-Kernel-PnP","Device SWD\DRIVERENUM\{ceddd3b4-1c8d-4834-805d-9dcefa53921f}#intelliGoAPOSvc&9&2d1483df&0 was started.

Driver Name: oem525.inf
Class GUID: {5c4c3332-344d-483c-8739-259e934c9cc8}
Service: 
Lower Filters: 
Upper Filters: "
"16-06-2026 10:00:07","410","Information","Microsoft-Windows-Kernel-PnP","Device SWD\DRIVERENUM\{ceddd3b4-1c8d-4834-805d-9dcefa53921f}#intelliGoAPOBase&9&2d1483df&0 was started.

Driver Name: oem457.inf
Class GUID: {5989fce8-9cd0-467d-8a6a-5419e31529d4}
Service: 
Lower Filters: 
Upper Filters: "
"16-06-2026 09:59:41","410","Information","Microsoft-Windows-Kernel-PnP","Device SWD\MMDEVAPI\{0.0.0.00000000}.{45d28dc2-5526-4063-98de-2b18fc40ed90} was started.

Driver Name: audioendpoint.inf
Class GUID: {c166523c-fe0c-4a94-a586-f1a80cfbbf3e}
Service: 
Lower Filters: 
Upper Filters: "
"16-06-2026 09:59:41","400","Information","Microsoft-Windows-Kernel-PnP","Device SWD\MMDEVAPI\{0.0.0.00000000}.{45d28dc2-5526-4063-98de-2b18fc40ed90} was configured.

Driver Name: audioendpoint.inf
Driver Package ID: audioendpoint.inf_amd64_271c4d03bad18da8
Class GUID: {c166523c-fe0c-4a94-a586-f1a80cfbbf3e}
Driver Date: 03/31/2024
Driver Version: 10.0.26100.1
Driver Provider: Microsoft
Driver Section: NO_DRV
Driver Rank: 0xFF0000
Matching Device ID: MMDEVAPI\AudioEndpoints
Outranked Drivers: c_swdevice.inf:SWD\GenericRaw:00FF3001
Device Updated: false
Parent Device: SOUNDWIRE\SDCA_06&MAN_01FA&FUNC_4243&TYPE_01&VER_01&ADR_01&LID_00&UID_00&SUBSYS_0CE81028&DynamicEnumSpeaker0\8&b83798c&0&00000c00"
"16-06-2026 09:59:41","420","Information","Microsoft-Windows-Kernel-PnP","Device SWD\MMDEVAPI\{0.0.0.00000000}.{613FE215-74EE-47A4-967F-2BB633E6489E} was deleted.

Class GUID: {c166523c-fe0c-4a94-a586-f1a80cfbbf3e}"
"16-06-2026 09:59:41","410","Information","Microsoft-Windows-Kernel-PnP","Device SWD\DRIVERENUM\{dc0701e7-e54b-442a-b70c-ef640f28c5de}#EnhanceAPO&9&1ab69cbc&0 was started.

Driver Name: oem174.inf
Class GUID: {5989fce8-9cd0-467d-8a6a-5419e31529d4}
Service: 
Lower Filters: 
Upper Filters: "
"16-06-2026 09:59:41","400","Information","Microsoft-Windows-Kernel-PnP","Device SWD\DRIVERENUM\{dc0701e7-e54b-442a-b70c-ef640f28c5de}#EnhanceAPO&9&1ab69cbc&0 was configured.

Driver Name: oem174.inf
Driver Package ID: cl01002_apo.inf_amd64_e619acf00d98d76a
Class GUID: {5989fce8-9cd0-467d-8a6a-5419e31529d4}
Driver Date: 12/17/2024
Driver Version: 1.13.6.313
Driver Provider: Cirrus Logic, Inc.
Driver Section: APOComponent_Install
Driver Rank: 0xFF0000
Matching Device ID: SWC\VEN_CRUS&ENH_APO
Outranked Drivers: c_swcomponent.inf:SWC\Generic:00FF3000 c_swdevice.inf:SWD\GenericRaw:00FF3001
Device Updated: false
Parent Device: SOUNDWIRE\SDCA_06&MAN_01FA&FUNC_4243&TYPE_01&VER_01&ADR_01&LID_00&UID_00&SUBSYS_0CE81028&DynamicEnumSpeaker0\8&b83798c&0&00000c00"
"16-06-2026 09:59:40","410","Information","Microsoft-Windows-Kernel-PnP","Device SWD\DRIVERENUM\{b40146ed-d625-48cd-8dcb-36441ab5a116}#clabpsrv&9&1ab69cbc&0 was started.

Driver Name: oem443.inf
Class GUID: {5c4c3332-344d-483c-8739-259e934c9cc8}
Service: 
Lower Filters: 
Upper Filters: "
"16-06-2026 09:59:40","400","Information","Microsoft-Windows-Kernel-PnP","Device SWD\DRIVERENUM\{b40146ed-d625-48cd-8dcb-36441ab5a116}#clabpsrv&9&1ab69cbc&0 was configured.

Driver Name: oem443.inf
Driver Package ID: clabpsvc_x64.inf_amd64_a85e7c8fcd024a39
Class GUID: {5c4c3332-344d-483c-8739-259e934c9cc8}
Driver Date: 02/11/2026
Driver Version: 2026.4.0.0
Driver Provider: Cirrus Logic, Inc.
Driver Section: CLABPInstall_amd64
Driver Rank: 0xFF0000
Matching Device ID: SWC\VEN_CRUS&DEV_CLABP
Outranked Drivers: c_swcomponent.inf:SWC\Generic:00FF3000 c_swdevice.inf:SWD\GenericRaw:00FF3001
Device Updated: false
Parent Device: SOUNDWIRE\SDCA_06&MAN_01FA&FUNC_4243&TYPE_01&VER_01&ADR_01&LID_00&UID_00&SUBSYS_0CE81028&DynamicEnumSpeaker0\8&b83798c&0&00000c00"
"16-06-2026 09:59:40","403","Warning","Microsoft-Windows-Kernel-PnP","Device SWD\DRIVERENUM\{ceddd3b4-1c8d-4834-805d-9dcefa53921f}#intelliGoAPOSvc&9&1ea0a8e3&0 requires a system reboot to complete configuration.

Driver Name: oem525.inf
Driver Package ID: igoaudioservice.inf_amd64_f4165b132d250bca
Class GUID: {5c4c3332-344d-483c-8739-259e934c9cc8}
Driver Date: 04/09/2026
Driver Version: 100.1.4.2740
Driver Provider: intelliGo
Driver Section: ServiceComponent_Install
Driver Rank: 0xFF0000
Matching Device ID: SWC\VEN_IGO&AUDIOSERVICE
Outranked Drivers: c_swcomponent.inf:SWC\Generic:00FF3000 c_swdevice.inf:SWD\GenericRaw:00FF3001
Device Updated: false
Status: 0x0
Parent Device: SOUNDWIRE\SDCA_06&MAN_01FA&FUNC_4243&TYPE_06&VER_01&ADR_03&LID_00&UID_00&SUBSYS_0CE81028&DynamicEnumMicrophone0\8&b098aae&0&00000b00"
"16-06-2026 09:59:40","403","Warning","Microsoft-Windows-Kernel-PnP","Device SWD\DRIVERENUM\{ceddd3b4-1c8d-4834-805d-9dcefa53921f}#intelliGoAPOBase&9&1ea0a8e3&0 requires a system reboot to complete configuration.

Driver Name: oem457.inf
Driver Package ID: igoapo.inf_amd64_af12c595a34cd76c
Class GUID: {5989fce8-9cd0-467d-8a6a-5419e31529d4}
Driver Date: 04/09/2026
Driver Version: 100.1.4.2740
Driver Provider: intelliGo
Driver Section: ApoComponent_Install_11
Driver Rank: 0xFF0000
Matching Device ID: SWC\VEN_IGO&CID_APO
Outranked Drivers: c_swcomponent.inf:SWC\Generic:00FF3000 c_swdevice.inf:SWD\GenericRaw:00FF3001
Device Updated: false
Status: 0x0
Parent Device: SOUNDWIRE\SDCA_06&MAN_01FA&FUNC_4243&TYPE_06&VER_01&ADR_03&LID_00&UID_00&SUBSYS_0CE81028&DynamicEnumMicrophone0\8&b098aae&0&00000b00"
"16-06-2026 09:59:40","410","Information","Microsoft-Windows-Kernel-PnP","Device SWD\DRIVERENUM\{b40146ed-d625-48cd-8dcb-36441ab5a116}#clabpsrv&9&18512c2d&0 was started.

Driver Name: oem443.inf
Class GUID: {5c4c3332-344d-483c-8739-259e934c9cc8}
Service: 
Lower Filters: 
Upper Filters: "
"16-06-2026 09:59:40","400","Information","Microsoft-Windows-Kernel-PnP","Device SWD\DRIVERENUM\{b40146ed-d625-48cd-8dcb-36441ab5a116}#clabpsrv&9&18512c2d&0 was configured.

Driver Name: oem443.inf
Driver Package ID: clabpsvc_x64.inf_amd64_a85e7c8fcd024a39
Class GUID: {5c4c3332-344d-483c-8739-259e934c9cc8}
Driver Date: 02/11/2026
Driver Version: 2026.4.0.0
Driver Provider: Cirrus Logic, Inc.
Driver Section: CLABPInstall_amd64
Driver Rank: 0xFF0000
Matching Device ID: SWC\VEN_CRUS&DEV_CLABP
Outranked Drivers: c_swcomponent.inf:SWC\Generic:00FF3000 c_swdevice.inf:SWD\GenericRaw:00FF3001
Device Updated: false
Parent Device: SOUNDWIRE\SDCA_06&MAN_01FA&FUNC_4243&TYPE_06&VER_01&ADR_03&LID_00&UID_00&SUBSYS_0CE81028&DynamicEnumSpeaker0\8&b098aae&0&00001700"
"16-06-2026 09:59:39","403","Warning","Microsoft-Windows-Kernel-PnP","Device SWD\DRIVERENUM\{ceddd3b4-1c8d-4834-805d-9dcefa53921f}#intelliGoAPOBase&9&2d1483df&0 requires a system reboot to complete configuration.

Driver Name: oem457.inf
Driver Package ID: igoapo.inf_amd64_af12c595a34cd76c
Class GUID: {5989fce8-9cd0-467d-8a6a-5419e31529d4}
Driver Date: 04/09/2026
Driver Version: 100.1.4.2740
Driver Provider: intelliGo
Driver Section: ApoComponent_Install_11
Driver Rank: 0xFF0000
Matching Device ID: SWC\VEN_IGO&CID_APO
Outranked Drivers: c_swcomponent.inf:SWC\Generic:00FF3000 c_swdevice.inf:SWD\GenericRaw:00FF3001
Device Updated: false
Status: 0x0
Parent Device: SOUNDWIRE\SDCA_06&MAN_01FA&FUNC_4243&TYPE_03&VER_01&ADR_02&LID_00&UID_00&SUBSYS_0CE81028&DynamicEnumMicrophone0\8&b76481&0&00000400"
"16-06-2026 09:59:39","403","Warning","Microsoft-Windows-Kernel-PnP","Device SWD\DRIVERENUM\{ceddd3b4-1c8d-4834-805d-9dcefa53921f}#intelliGoAPOSvc&9&2d1483df&0 requires a system reboot to complete configuration.

Driver Name: oem525.inf
Driver Package ID: igoaudioservice.inf_amd64_f4165b132d250bca
Class GUID: {5c4c3332-344d-483c-8739-259e934c9cc8}
Driver Date: 04/09/2026
Driver Version: 100.1.4.2740
Driver Provider: intelliGo
Driver Section: ServiceComponent_Install
Driver Rank: 0xFF0000
Matching Device ID: SWC\VEN_IGO&AUDIOSERVICE
Outranked Drivers: c_swcomponent.inf:SWC\Generic:00FF3000 c_swdevice.inf:SWD\GenericRaw:00FF3001
Device Updated: false
Status: 0x0
Parent Device: SOUNDWIRE\SDCA_06&MAN_01FA&FUNC_4243&TYPE_03&VER_01&ADR_02&LID_00&UID_00&SUBSYS_0CE81028&DynamicEnumMicrophone0\8&b76481&0&00000400"
"16-06-2026 09:59:38","410","Information","Microsoft-Windows-Kernel-PnP","Device SWD\MMDEVAPI\{0.0.0.00000000}.{613fe215-74ee-47a4-967f-2bb633e6489e} was started.

Driver Name: audioendpoint.inf
Class GUID: {c166523c-fe0c-4a94-a586-f1a80cfbbf3e}
Service: 
Lower Filters: 
Upper Filters: "
"16-06-2026 09:59:38","400","Information","Microsoft-Windows-Kernel-PnP","Device SWD\MMDEVAPI\{0.0.0.00000000}.{613fe215-74ee-47a4-967f-2bb633e6489e} was configured.

Driver Name: audioendpoint.inf
Driver Package ID: audioendpoint.inf_amd64_271c4d03bad18da8
Class GUID: {c166523c-fe0c-4a94-a586-f1a80cfbbf3e}
Driver Date: 03/31/2024
Driver Version: 10.0.26100.1
Driver Provider: Microsoft
Driver Section: NO_DRV
Driver Rank: 0xFF0000
Matching Device ID: MMDEVAPI\AudioEndpoints
Outranked Drivers: c_swdevice.inf:SWD\GenericRaw:00FF3001
Device Updated: false
Parent Device: SOUNDWIRE\SDCA_06&MAN_01FA&FUNC_4243&TYPE_01&VER_01&ADR_01&LID_00&UID_00&SUBSYS_0CE81028&DynamicEnumSpeaker0\8&b83798c&0&00000c00"
"16-06-2026 09:59:38","430","Information","Microsoft-Windows-Kernel-PnP","Device SWD\DRIVERENUM\{dc0701e7-e54b-442a-b70c-ef640f28c5de}#EnhanceAPO&9&1ab69cbc&0 requires further installation."
"16-06-2026 09:59:38","430","Information","Microsoft-Windows-Kernel-PnP","Device SWD\DRIVERENUM\{b40146ed-d625-48cd-8dcb-36441ab5a116}#clabpsrv&9&1ab69cbc&0 requires further installation."
"16-06-2026 09:59:38","410","Information","Microsoft-Windows-Kernel-PnP","Device SOUNDWIRE\SDCA_06&MAN_01FA&FUNC_4243&TYPE_01&VER_01&ADR_01&LID_00&UID_00&SUBSYS_0CE81028&DynamicEnumSpeaker0\8&b83798c&0&00000c00 was started.

Driver Name: oem66.inf
Class GUID: {4d36e96c-e325-11ce-bfc1-08002be10318}
Service: 
Lower Filters: 
Upper Filters: "
"16-06-2026 09:59:38","400","Information","Microsoft-Windows-Kernel-PnP","Device SOUNDWIRE\SDCA_06&MAN_01FA&FUNC_4243&TYPE_01&VER_01&ADR_01&LID_00&UID_00&SUBSYS_0CE81028&DynamicEnumSpeaker0\8&b83798c&0&00000c00 was configured.

Driver Name: oem139.inf
Driver Package ID: xucsme.inf_amd64_2fc0303188b44c4c
Class GUID: {e2f84ce7-8efa-411c-aa69-97454ca4cb57}
Driver Date: 04/06/2026
Driver Version: 1.0.709.49429
Driver Provider: Cirrus Logic, Inc.
Driver Section: Endpoint.NT
Driver Rank: 0xFF0002
Matching Device ID: SOUNDWIRE\SDCA_06&MAN_01FA&FUNC_4243&TYPE_01&VER_01&ADR_01&DynamicEnumSpeaker0
Outranked Drivers: 
Device Updated: false
Parent Device: SOUNDWIRE\SDCA_06&MAN_01FA&FUNC_4243&TYPE_01&VER_01&ADR_01&LID_00&UID_00&SUBSYS_0CE81028\7&2796ba65&0&0000000000000001"
"16-06-2026 09:59:38","400","Information","Microsoft-Windows-Kernel-PnP","Device SOUNDWIRE\SDCA_06&MAN_01FA&FUNC_4243&TYPE_01&VER_01&ADR_01&LID_00&UID_00&SUBSYS_0CE81028&DynamicEnumSpeaker0\8&b83798c&0&00000c00 was configured.

Driver Name: oem429.inf
Driver Package ID: clabpsvcext.inf_amd64_15c23e3180aaa3e7
Class GUID: {e2f84ce7-8efa-411c-aa69-97454ca4cb57}
Driver Date: 04/12/2026
Driver Version: 2025.6.0.28
Driver Provider: Cirrus Logic, Inc.
Driver Section: CLABPExt_Install
Driver Rank: 0xFF0000
Matching Device ID: SOUNDWIRE\SDCA_06&MAN_01FA&FUNC_4243&TYPE_01&VER_01&ADR_01&LID_00&UID_00&SUBSYS_0CE81028&DynamicEnumSpeaker0
Outranked Drivers: 
Device Updated: false
Parent Device: SOUNDWIRE\SDCA_06&MAN_01FA&FUNC_4243&TYPE_01&VER_01&ADR_01&LID_00&UID_00&SUBSYS_0CE81028\7&2796ba65&0&0000000000000001"
"16-06-2026 09:59:38","400","Information","Microsoft-Windows-Kernel-PnP","Device SOUNDWIRE\SDCA_06&MAN_01FA&FUNC_4243&TYPE_01&VER_01&ADR_01&LID_00&UID_00&SUBSYS_0CE81028&DynamicEnumSpeaker0\8&b83798c&0&00000c00 was configured.

Driver Name: oem260.inf
Driver Package ID: cl_spk_0ce8.inf_amd64_0cad111e74d14b25
Class GUID: {e2f84ce7-8efa-411c-aa69-97454ca4cb57}
Driver Date: 02/14/2025
Driver Version: 1.13.6.313
Driver Provider: Cirrus Logic, Inc.
Driver Section: Tuning_Install.Speaker.Win11
Driver Rank: 0xFF0000
Matching Device ID: SOUNDWIRE\SDCA_06&MAN_01FA&FUNC_4243&TYPE_01&VER_01&ADR_01&LID_00&UID_00&SUBSYS_0CE81028&DynamicEnumSpeaker0
Outranked Drivers: 
Device Updated: false
Parent Device: SOUNDWIRE\SDCA_06&MAN_01FA&FUNC_4243&TYPE_01&VER_01&ADR_01&LID_00&UID_00&SUBSYS_0CE81028\7&2796ba65&0&0000000000000001"
"16-06-2026 09:59:38","400","Information","Microsoft-Windows-Kernel-PnP","Device SOUNDWIRE\SDCA_06&MAN_01FA&FUNC_4243&TYPE_01&VER_01&ADR_01&LID_00&UID_00&SUBSYS_0CE81028&DynamicEnumSpeaker0\8&b83798c&0&00000c00 was configured.

Driver Name: oem189.inf
Driver Package ID: cl01002_audio_extension.inf_amd64_3f29204c5107e520
Class GUID: {e2f84ce7-8efa-411c-aa69-97454ca4cb57}
Driver Date: 12/09/2025
Driver Version: 1.13.6.1
Driver Provider: Cirrus Logic, Inc.
Driver Section: Speaker_Install
Driver Rank: 0xFF0000
Matching Device ID: SOUNDWIRE\SDCA_06&MAN_01FA&FUNC_4243&TYPE_01&VER_01&ADR_01&LID_00&UID_00&SUBSYS_0CE81028&DynamicEnumSpeaker0
Outranked Drivers: 
Device Updated: false
Parent Device: SOUNDWIRE\SDCA_06&MAN_01FA&FUNC_4243&TYPE_01&VER_01&ADR_01&LID_00&UID_00&SUBSYS_0CE81028\7&2796ba65&0&0000000000000001"
"16-06-2026 09:59:38","400","Information","Microsoft-Windows-Kernel-PnP","Device SOUNDWIRE\SDCA_06&MAN_01FA&FUNC_4243&TYPE_01&VER_01&ADR_01&LID_00&UID_00&SUBSYS_0CE81028&DynamicEnumSpeaker0\8&b83798c&0&00000c00 was configured.

Driver Name: oem66.inf
Driver Package ID: sdcaclass.inf_amd64_0b2f30007e05e98a
Class GUID: {4d36e96c-e325-11ce-bfc1-08002be10318}
Driver Date: 01/17/2025
Driver Version: 10.0.2410.7
Driver Provider: Microsoft
Driver Section: SoundwireClass_Device_Child.NT
Driver Rank: 0xFF2000
Matching Device ID: SOUNDWIRE\DynamicEnumChild
Outranked Drivers: 
Device Updated: false
Parent Device: SOUNDWIRE\SDCA_06&MAN_01FA&FUNC_4243&TYPE_01&VER_01&ADR_01&LID_00&UID_00&SUBSYS_0CE81028\7&2796ba65&0&0000000000000001"
"16-06-2026 09:59:37","410","Information","Microsoft-Windows-Kernel-PnP","Device {F67B0BEA-BDB7-47D3-9131-75877CDE0ED4}\Streaming_Speaker&CP_{ebfc0f98-693b-11f1-a27a-54582d32ed0c}\6&c603bdd&0 was started.

Driver Name: oem43.inf
Class GUID: {4d36e96c-e325-11ce-bfc1-08002be10318}
Service: 
Lower Filters: 
Upper Filters: "
"16-06-2026 09:59:37","400","Information","Microsoft-Windows-Kernel-PnP","Device {F67B0BEA-BDB7-47D3-9131-75877CDE0ED4}\Streaming_Speaker&CP_{ebfc0f98-693b-11f1-a27a-54582d32ed0c}\6&c603bdd&0 was configured.

Driver Name: oem43.inf
Driver Package ID: intcstreaming.inf_amd64_3bbf9e64932d4b89
Class GUID: {4d36e96c-e325-11ce-bfc1-08002be10318}
Driver Date: 03/30/2026
Driver Version: 20.40.12690.2
Driver Provider: Intel(R) Corporation
Driver Section: Audio_Child_Device.NT
Driver Rank: 0xFF0001
Matching Device ID: {F67B0BEA-BDB7-47D3-9131-75877CDE0ED4}\Streaming_Speaker
Outranked Drivers: 
Device Updated: false
Parent Device: INTELAUDIO\DIF_0001&UIF_0001&CTLR_DEV_7728&LINKTYPE_05&DEVTYPE_05&VEN_8086&DEV_AE35&SUBSYS_0CE81028&REV_0001\5&32640736&1&0500DIF_000B&UIF_0001"
"16-06-2026 09:59:37","410","Information","Microsoft-Windows-Kernel-PnP","Device XuCsMe\ExtensionSpeaker\8&b83798c&0&00 was started.

Driver Name: oem147.inf
Class GUID: {4d36e97d-e325-11ce-bfc1-08002be10318}
Service: 
Lower Filters: 
Upper Filters: "
"16-06-2026 09:59:37","400","Information","Microsoft-Windows-Kernel-PnP","Device XuCsMe\ExtensionSpeaker\8&b83798c&0&00 was configured.

Driver Name: oem147.inf
Driver Package ID: xucsmeext_jackretasking_audiomodule.inf_amd64_a15ad5ea2cce4fb8
Class GUID: {4d36e97d-e325-11ce-bfc1-08002be10318}
Driver Date: 04/19/2025
Driver Version: 1.0.435.18044
Driver Provider: Cirrus Logic, Inc.
Driver Section: CirrusJackRetaskingAudioModule.NT
Driver Rank: 0xFF0000
Matching Device ID: XuCsMe\ExtensionSpeaker
Outranked Drivers: 
Device Updated: false
Parent Device: SOUNDWIRE\SDCA_06&MAN_01FA&FUNC_4243&TYPE_01&VER_01&ADR_01&LID_00&UID_00&SUBSYS_0CE81028\7&2796ba65&0&0000000000000001"
"16-06-2026 09:59:37","410","Information","Microsoft-Windows-Kernel-PnP","Device XuCsMe\ExtensionMicrophone\8&b098aae&0&00 was started.

Driver Name: oem147.inf
Class GUID: {4d36e97d-e325-11ce-bfc1-08002be10318}
Service: 
Lower Filters: 
Upper Filters: "
"16-06-2026 09:59:36","400","Information","Microsoft-Windows-Kernel-PnP","Device XuCsMe\ExtensionMicrophone\8&b098aae&0&00 was configured.

Driver Name: oem147.inf
Driver Package ID: xucsmeext_jackretasking_audiomodule.inf_amd64_a15ad5ea2cce4fb8
Class GUID: {4d36e97d-e325-11ce-bfc1-08002be10318}
Driver Date: 04/19/2025
Driver Version: 1.0.435.18044
Driver Provider: Cirrus Logic, Inc.
Driver Section: CirrusJackRetaskingAudioModule.NT
Driver Rank: 0xFF0000
Matching Device ID: XuCsMe\ExtensionMicrophone
Outranked Drivers: 
Device Updated: false
Parent Device: SOUNDWIRE\SDCA_06&MAN_01FA&FUNC_4243&TYPE_06&VER_01&ADR_03&LID_00&UID_00&SUBSYS_0CE81028\7&2796ba65&0&0000000000000003"
"16-06-2026 09:59:36","410","Information","Microsoft-Windows-Kernel-PnP","Device XuCsMe\ExtensionSpeaker\8&b098aae&0&00 was started.

Driver Name: oem147.inf
Class GUID: {4d36e97d-e325-11ce-bfc1-08002be10318}
Service: 
Lower Filters: 
Upper Filters: "
"16-06-2026 09:59:36","400","Information","Microsoft-Windows-Kernel-PnP","Device XuCsMe\ExtensionSpeaker\8&b098aae&0&00 was configured.

Driver Name: oem147.inf
Driver Package ID: xucsmeext_jackretasking_audiomodule.inf_amd64_a15ad5ea2cce4fb8
Class GUID: {4d36e97d-e325-11ce-bfc1-08002be10318}
Driver Date: 04/19/2025
Driver Version: 1.0.435.18044
Driver Provider: Cirrus Logic, Inc.
Driver Section: CirrusJackRetaskingAudioModule.NT
Driver Rank: 0xFF0000
Matching Device ID: XuCsMe\ExtensionSpeaker
Outranked Drivers: 
Device Updated: false
Parent Device: SOUNDWIRE\SDCA_06&MAN_01FA&FUNC_4243&TYPE_06&VER_01&ADR_03&LID_00&UID_00&SUBSYS_0CE81028\7&2796ba65&0&0000000000000003"
"16-06-2026 09:59:36","430","Information","Microsoft-Windows-Kernel-PnP","Device SWD\DRIVERENUM\{ceddd3b4-1c8d-4834-805d-9dcefa53921f}#intelliGoAPOSvc&9&1ea0a8e3&0 requires further installation."
"16-06-2026 09:59:36","430","Information","Microsoft-Windows-Kernel-PnP","Device SWD\DRIVERENUM\{ceddd3b4-1c8d-4834-805d-9dcefa53921f}#intelliGoAPOBase&9&1ea0a8e3&0 requires further installation."
"16-06-2026 09:59:36","410","Information","Microsoft-Windows-Kernel-PnP","Device SOUNDWIRE\SDCA_06&MAN_01FA&FUNC_4243&TYPE_06&VER_01&ADR_03&LID_00&UID_00&SUBSYS_0CE81028&DynamicEnumMicrophone0\8&b098aae&0&00000b00 was started.

Driver Name: oem66.inf
Class GUID: {4d36e96c-e325-11ce-bfc1-08002be10318}
Service: 
Lower Filters: 
Upper Filters: "
"16-06-2026 09:59:36","400","Information","Microsoft-Windows-Kernel-PnP","Device SOUNDWIRE\SDCA_06&MAN_01FA&FUNC_4243&TYPE_06&VER_01&ADR_03&LID_00&UID_00&SUBSYS_0CE81028&DynamicEnumMicrophone0\8&b098aae&0&00000b00 was configured.

Driver Name: oem139.inf
Driver Package ID: xucsme.inf_amd64_2fc0303188b44c4c
Class GUID: {e2f84ce7-8efa-411c-aa69-97454ca4cb57}
Driver Date: 04/06/2026
Driver Version: 1.0.709.49429
Driver Provider: Cirrus Logic, Inc.
Driver Section: Endpoint.NT
Driver Rank: 0xFF0002
Matching Device ID: SOUNDWIRE\SDCA_06&MAN_01FA&FUNC_4243&TYPE_06&VER_01&ADR_03&DynamicEnumMicrophone0
Outranked Drivers: 
Device Updated: false
Parent Device: SOUNDWIRE\SDCA_06&MAN_01FA&FUNC_4243&TYPE_06&VER_01&ADR_03&LID_00&UID_00&SUBSYS_0CE81028\7&2796ba65&0&0000000000000003"
"16-06-2026 09:59:36","400","Information","Microsoft-Windows-Kernel-PnP","Device SOUNDWIRE\SDCA_06&MAN_01FA&FUNC_4243&TYPE_06&VER_01&ADR_03&LID_00&UID_00&SUBSYS_0CE81028&DynamicEnumMicrophone0\8&b098aae&0&00000b00 was configured.

Driver Name: oem479.inf
Driver Package ID: hdx_cirrusext_dell_igo_cust.inf_amd64_0cb905b16f72f814
Class GUID: {e2f84ce7-8efa-411c-aa69-97454ca4cb57}
Driver Date: 04/09/2026
Driver Version: 100.1.4.2740
Driver Provider: intelliGo
Driver Section: HDXAudModel_Cust_11
Driver Rank: 0xFF0000
Matching Device ID: SOUNDWIRE\SDCA_06&MAN_01FA&FUNC_4243&TYPE_06&VER_01&ADR_03&LID_00&UID_00&SUBSYS_0CE81028&DynamicEnumMicrophone0
Outranked Drivers: 
Device Updated: false
Parent Device: SOUNDWIRE\SDCA_06&MAN_01FA&FUNC_4243&TYPE_06&VER_01&ADR_03&LID_00&UID_00&SUBSYS_0CE81028\7&2796ba65&0&0000000000000003"
"16-06-2026 09:59:36","400","Information","Microsoft-Windows-Kernel-PnP","Device SOUNDWIRE\SDCA_06&MAN_01FA&FUNC_4243&TYPE_06&VER_01&ADR_03&LID_00&UID_00&SUBSYS_0CE81028&DynamicEnumMicrophone0\8&b098aae&0&00000b00 was configured.

Driver Name: oem448.inf
Driver Package ID: hdx_cirrusext_dell_igo.inf_amd64_932d7266fce6ce66
Class GUID: {e2f84ce7-8efa-411c-aa69-97454ca4cb57}
Driver Date: 04/09/2026
Driver Version: 100.1.4.2740
Driver Provider: intelliGo
Driver Section: HDXAudModel_11
Driver Rank: 0xFF0000
Matching Device ID: SOUNDWIRE\SDCA_06&MAN_01FA&FUNC_4243&TYPE_06&VER_01&ADR_03&LID_00&UID_00&SUBSYS_0CE81028&DynamicEnumMicrophone0
Outranked Drivers: 
Device Updated: false
Parent Device: SOUNDWIRE\SDCA_06&MAN_01FA&FUNC_4243&TYPE_06&VER_01&ADR_03&LID_00&UID_00&SUBSYS_0CE81028\7&2796ba65&0&0000000000000003"
"16-06-2026 09:59:36","400","Information","Microsoft-Windows-Kernel-PnP","Device SOUNDWIRE\SDCA_06&MAN_01FA&FUNC_4243&TYPE_06&VER_01&ADR_03&LID_00&UID_00&SUBSYS_0CE81028&DynamicEnumMicrophone0\8&b098aae&0&00000b00 was configured.

Driver Name: oem157.inf
Driver Package ID: xucsmeext_intelligo.inf_amd64_91e23bd3e9f84369
Class GUID: {e2f84ce7-8efa-411c-aa69-97454ca4cb57}
Driver Date: 06/29/2025
Driver Version: 1.0.2.0
Driver Provider: Cirrus Logic, Inc.
Driver Section: APO_Capture.NT
Driver Rank: 0xFF0000
Matching Device ID: SOUNDWIRE\SDCA_06&MAN_01FA&FUNC_4243&TYPE_06&VER_01&ADR_03&LID_00&UID_00&SUBSYS_0CE81028&DynamicEnumMicrophone0
Outranked Drivers: 
Device Updated: false
Parent Device: SOUNDWIRE\SDCA_06&MAN_01FA&FUNC_4243&TYPE_06&VER_01&ADR_03&LID_00&UID_00&SUBSYS_0CE81028\7&2796ba65&0&0000000000000003"
"16-06-2026 09:59:36","400","Information","Microsoft-Windows-Kernel-PnP","Device SOUNDWIRE\SDCA_06&MAN_01FA&FUNC_4243&TYPE_06&VER_01&ADR_03&LID_00&UID_00&SUBSYS_0CE81028&DynamicEnumMicrophone0\8&b098aae&0&00000b00 was configured.

Driver Name: oem66.inf
Driver Package ID: sdcaclass.inf_amd64_0b2f30007e05e98a
Class GUID: {4d36e96c-e325-11ce-bfc1-08002be10318}
Driver Date: 01/17/2025
Driver Version: 10.0.2410.7
Driver Provider: Microsoft
Driver Section: SoundwireClass_Device_Child.NT
Driver Rank: 0xFF2000
Matching Device ID: SOUNDWIRE\DynamicEnumChild
Outranked Drivers: 
Device Updated: false
Parent Device: SOUNDWIRE\SDCA_06&MAN_01FA&FUNC_4243&TYPE_06&VER_01&ADR_03&LID_00&UID_00&SUBSYS_0CE81028\7&2796ba65&0&0000000000000003"
"16-06-2026 09:59:35","400","Information","Microsoft-Windows-Kernel-PnP","Device {F67B0BEA-BDB7-47D3-9131-75877CDE0ED4}\Streaming_HeadsetOutput&CP_{ebfc0f91-693b-11f1-a27a-54582d32ed0c}\6&c603bdd&0 was configured.

Driver Name: oem43.inf
Driver Package ID: intcstreaming.inf_amd64_3bbf9e64932d4b89
Class GUID: {4d36e96c-e325-11ce-bfc1-08002be10318}
Driver Date: 03/30/2026
Driver Version: 20.40.12690.2
Driver Provider: Intel(R) Corporation
Driver Section: Audio_Child_Device.NT
Driver Rank: 0xFF0001
Matching Device ID: {F67B0BEA-BDB7-47D3-9131-75877CDE0ED4}\Streaming_HeadsetOutput
Outranked Drivers: 
Device Updated: false
Parent Device: INTELAUDIO\DIF_0001&UIF_0001&CTLR_DEV_7728&LINKTYPE_05&DEVTYPE_05&VEN_8086&DEV_AE35&SUBSYS_0CE81028&REV_0001\5&32640736&1&0500DIF_000B&UIF_0001"
"16-06-2026 09:59:35","430","Information","Microsoft-Windows-Kernel-PnP","Device SWD\DRIVERENUM\{b40146ed-d625-48cd-8dcb-36441ab5a116}#clabpsrv&9&18512c2d&0 requires further installation."
"16-06-2026 09:59:35","410","Information","Microsoft-Windows-Kernel-PnP","Device SOUNDWIRE\SDCA_06&MAN_01FA&FUNC_4243&TYPE_06&VER_01&ADR_03&LID_00&UID_00&SUBSYS_0CE81028&DynamicEnumSpeaker0\8&b098aae&0&00001700 was started.

Driver Name: oem66.inf
Class GUID: {4d36e96c-e325-11ce-bfc1-08002be10318}
Service: 
Lower Filters: 
Upper Filters: "
"16-06-2026 09:59:35","400","Information","Microsoft-Windows-Kernel-PnP","Device SOUNDWIRE\SDCA_06&MAN_01FA&FUNC_4243&TYPE_06&VER_01&ADR_03&LID_00&UID_00&SUBSYS_0CE81028&DynamicEnumSpeaker0\8&b098aae&0&00001700 was configured.

Driver Name: oem139.inf
Driver Package ID: xucsme.inf_amd64_2fc0303188b44c4c
Class GUID: {e2f84ce7-8efa-411c-aa69-97454ca4cb57}
Driver Date: 04/06/2026
Driver Version: 1.0.709.49429
Driver Provider: Cirrus Logic, Inc.
Driver Section: Endpoint.NT
Driver Rank: 0xFF0002
Matching Device ID: SOUNDWIRE\SDCA_06&MAN_01FA&FUNC_4243&TYPE_06&VER_01&ADR_03&DynamicEnumSpeaker0
Outranked Drivers: 
Device Updated: false
Parent Device: SOUNDWIRE\SDCA_06&MAN_01FA&FUNC_4243&TYPE_06&VER_01&ADR_03&LID_00&UID_00&SUBSYS_0CE81028\7&2796ba65&0&0000000000000003"
"16-06-2026 09:59:35","400","Information","Microsoft-Windows-Kernel-PnP","Device SOUNDWIRE\SDCA_06&MAN_01FA&FUNC_4243&TYPE_06&VER_01&ADR_03&LID_00&UID_00&SUBSYS_0CE81028&DynamicEnumSpeaker0\8&b098aae&0&00001700 was configured.

Driver Name: oem429.inf
Driver Package ID: clabpsvcext.inf_amd64_15c23e3180aaa3e7
Class GUID: {e2f84ce7-8efa-411c-aa69-97454ca4cb57}
Driver Date: 04/12/2026
Driver Version: 2025.6.0.28
Driver Provider: Cirrus Logic, Inc.
Driver Section: CLABPExt_Install
Driver Rank: 0xFF0000
Matching Device ID: SOUNDWIRE\SDCA_06&MAN_01FA&FUNC_4243&TYPE_06&VER_01&ADR_03&LID_00&UID_00&SUBSYS_0CE81028&DynamicEnumSpeaker0
Outranked Drivers: 
Device Updated: false
Parent Device: SOUNDWIRE\SDCA_06&MAN_01FA&FUNC_4243&TYPE_06&VER_01&ADR_03&LID_00&UID_00&SUBSYS_0CE81028\7&2796ba65&0&0000000000000003"
"16-06-2026 09:59:35","400","Information","Microsoft-Windows-Kernel-PnP","Device SOUNDWIRE\SDCA_06&MAN_01FA&FUNC_4243&TYPE_06&VER_01&ADR_03&LID_00&UID_00&SUBSYS_0CE81028&DynamicEnumSpeaker0\8&b098aae&0&00001700 was configured.

Driver Name: oem252.inf
Driver Package ID: cl_hs_0ce8.inf_amd64_00489d0666dfdce2
Class GUID: {e2f84ce7-8efa-411c-aa69-97454ca4cb57}
Driver Date: 02/14/2025
Driver Version: 1.13.6.313
Driver Provider: Cirrus Logic, Inc.
Driver Section: Tuning_Install.UAJ.Win11
Driver Rank: 0xFF0000
Matching Device ID: SOUNDWIRE\SDCA_06&MAN_01FA&FUNC_4243&TYPE_06&VER_01&ADR_03&LID_00&UID_00&SUBSYS_0CE81028&DynamicEnumSpeaker0
Outranked Drivers: 
Device Updated: false
Parent Device: SOUNDWIRE\SDCA_06&MAN_01FA&FUNC_4243&TYPE_06&VER_01&ADR_03&LID_00&UID_00&SUBSYS_0CE81028\7&2796ba65&0&0000000000000003"
"16-06-2026 09:59:35","400","Information","Microsoft-Windows-Kernel-PnP","Device SOUNDWIRE\SDCA_06&MAN_01FA&FUNC_4243&TYPE_06&VER_01&ADR_03&LID_00&UID_00&SUBSYS_0CE81028&DynamicEnumSpeaker0\8&b098aae&0&00001700 was configured.

Driver Name: oem249.inf
Driver Package ID: cl_hp_0ce8.inf_amd64_58ad831ab1f1584e
Class GUID: {e2f84ce7-8efa-411c-aa69-97454ca4cb57}
Driver Date: 02/14/2025
Driver Version: 1.13.6.313
Driver Provider: Cirrus Logic, Inc.
Driver Section: Tuning_Install.UAJ.Win11
Driver Rank: 0xFF0000
Matching Device ID: SOUNDWIRE\SDCA_06&MAN_01FA&FUNC_4243&TYPE_06&VER_01&ADR_03&LID_00&UID_00&SUBSYS_0CE81028&DynamicEnumSpeaker0
Outranked Drivers: 
Device Updated: false
Parent Device: SOUNDWIRE\SDCA_06&MAN_01FA&FUNC_4243&TYPE_06&VER_01&ADR_03&LID_00&UID_00&SUBSYS_0CE81028\7&2796ba65&0&0000000000000003"
"16-06-2026 09:59:35","400","Information","Microsoft-Windows-Kernel-PnP","Device SOUNDWIRE\SDCA_06&MAN_01FA&FUNC_4243&TYPE_06&VER_01&ADR_03&LID_00&UID_00&SUBSYS_0CE81028&DynamicEnumSpeaker0\8&b098aae&0&00001700 was configured.

Driver Name: oem66.inf
Driver Package ID: sdcaclass.inf_amd64_0b2f30007e05e98a
Class GUID: {4d36e96c-e325-11ce-bfc1-08002be10318}
Driver Date: 01/17/2025
Driver Version: 10.0.2410.7
Driver Provider: Microsoft
Driver Section: SoundwireClass_Device_Child.NT
Driver Rank: 0xFF2000
Matching Device ID: SOUNDWIRE\DynamicEnumChild
Outranked Drivers: 
Device Updated: false
Parent Device: SOUNDWIRE\SDCA_06&MAN_01FA&FUNC_4243&TYPE_06&VER_01&ADR_03&LID_00&UID_00&SUBSYS_0CE81028\7&2796ba65&0&0000000000000003"
"16-06-2026 09:59:35","400","Information","Microsoft-Windows-Kernel-PnP","Device {F67B0BEA-BDB7-47D3-9131-75877CDE0ED4}\Streaming_HeadsetMic&CP_{ebfc0f92-693b-11f1-a27a-54582d32ed0c}\6&c603bdd&0 was configured.

Driver Name: oem43.inf
Driver Package ID: intcstreaming.inf_amd64_3bbf9e64932d4b89
Class GUID: {4d36e96c-e325-11ce-bfc1-08002be10318}
Driver Date: 03/30/2026
Driver Version: 20.40.12690.2
Driver Provider: Intel(R) Corporation
Driver Section: Audio_Child_Device.NT
Driver Rank: 0xFF0001
Matching Device ID: {F67B0BEA-BDB7-47D3-9131-75877CDE0ED4}\Streaming_HeadsetMic
Outranked Drivers: 
Device Updated: false
Parent Device: INTELAUDIO\DIF_0001&UIF_0001&CTLR_DEV_7728&LINKTYPE_05&DEVTYPE_05&VEN_8086&DEV_AE35&SUBSYS_0CE81028&REV_0001\5&32640736&1&0500DIF_000B&UIF_0001"
"16-06-2026 09:59:35","410","Information","Microsoft-Windows-Kernel-PnP","Device XuCsMe\JackRetaskingAudioModule\8&b098aae&0&00 was started.

Driver Name: oem147.inf
Class GUID: {4d36e97d-e325-11ce-bfc1-08002be10318}
Service: 
Lower Filters: 
Upper Filters: "
"16-06-2026 09:59:35","400","Information","Microsoft-Windows-Kernel-PnP","Device XuCsMe\JackRetaskingAudioModule\8&b098aae&0&00 was configured.

Driver Name: oem147.inf
Driver Package ID: xucsmeext_jackretasking_audiomodule.inf_amd64_a15ad5ea2cce4fb8
Class GUID: {4d36e97d-e325-11ce-bfc1-08002be10318}
Driver Date: 04/19/2025
Driver Version: 1.0.435.18044
Driver Provider: Cirrus Logic, Inc.
Driver Section: CirrusJackRetaskingAudioModule.NT
Driver Rank: 0xFF0000
Matching Device ID: XuCsMe\JackRetaskingAudioModule
Outranked Drivers: 
Device Updated: false
Parent Device: SOUNDWIRE\SDCA_06&MAN_01FA&FUNC_4243&TYPE_06&VER_01&ADR_03&LID_00&UID_00&SUBSYS_0CE81028\7&2796ba65&0&0000000000000003"
"16-06-2026 09:59:35","400","Information","Microsoft-Windows-Kernel-PnP","Device {F67B0BEA-BDB7-47D3-9131-75877CDE0ED4}\Streaming_MicrophoneArray&CP_{ebfc0f79-693b-11f1-a27a-54582d32ed0c}\6&c603bdd&0 was configured.

Driver Name: oem43.inf
Driver Package ID: intcstreaming.inf_amd64_3bbf9e64932d4b89
Class GUID: {4d36e96c-e325-11ce-bfc1-08002be10318}
Driver Date: 03/30/2026
Driver Version: 20.40.12690.2
Driver Provider: Intel(R) Corporation
Driver Section: Audio_Child_Device.NT
Driver Rank: 0xFF0001
Matching Device ID: {F67B0BEA-BDB7-47D3-9131-75877CDE0ED4}\Streaming_MicrophoneArray
Outranked Drivers: 
Device Updated: false
Parent Device: INTELAUDIO\DIF_0001&UIF_0001&CTLR_DEV_7728&LINKTYPE_05&DEVTYPE_05&VEN_8086&DEV_AE35&SUBSYS_0CE81028&REV_0001\5&32640736&1&0500DIF_000B&UIF_0001"
"16-06-2026 09:59:35","410","Information","Microsoft-Windows-Kernel-PnP","Device XuCsMe\ExtensionMicrophone\8&b76481&0&00 was started.

Driver Name: oem147.inf
Class GUID: {4d36e97d-e325-11ce-bfc1-08002be10318}
Service: 
Lower Filters: 
Upper Filters: "
"16-06-2026 09:59:35","410","Information","Microsoft-Windows-Kernel-PnP","Device SWD\MMDEVAPI\{0.0.1.00000000}.{633e2946-df1b-4754-80bf-ddd69f48c096} was started.

Driver Name: audioendpoint.inf
Class GUID: {c166523c-fe0c-4a94-a586-f1a80cfbbf3e}
Service: 
Lower Filters: 
Upper Filters: "
"16-06-2026 09:59:35","400","Information","Microsoft-Windows-Kernel-PnP","Device SWD\MMDEVAPI\{0.0.1.00000000}.{633e2946-df1b-4754-80bf-ddd69f48c096} was configured.

Driver Name: audioendpoint.inf
Driver Package ID: audioendpoint.inf_amd64_271c4d03bad18da8
Class GUID: {c166523c-fe0c-4a94-a586-f1a80cfbbf3e}
Driver Date: 03/31/2024
Driver Version: 10.0.26100.1
Driver Provider: Microsoft
Driver Section: NO_DRV
Driver Rank: 0xFF0000
Matching Device ID: MMDEVAPI\AudioEndpoints
Outranked Drivers: c_swdevice.inf:SWD\GenericRaw:00FF3001
Device Updated: false
Parent Device: SOUNDWIRE\SDCA_06&MAN_01FA&FUNC_4243&TYPE_03&VER_01&ADR_02&LID_00&UID_00&SUBSYS_0CE81028&DynamicEnumMicrophone0\8&b76481&0&00000400"
"16-06-2026 09:59:35","400","Information","Microsoft-Windows-Kernel-PnP","Device XuCsMe\ExtensionMicrophone\8&b76481&0&00 was configured.

Driver Name: oem147.inf
Driver Package ID: xucsmeext_jackretasking_audiomodule.inf_amd64_a15ad5ea2cce4fb8
Class GUID: {4d36e97d-e325-11ce-bfc1-08002be10318}
Driver Date: 04/19/2025
Driver Version: 1.0.435.18044
Driver Provider: Cirrus Logic, Inc.
Driver Section: CirrusJackRetaskingAudioModule.NT
Driver Rank: 0xFF0000
Matching Device ID: XuCsMe\ExtensionMicrophone
Outranked Drivers: 
Device Updated: false
Parent Device: SOUNDWIRE\SDCA_06&MAN_01FA&FUNC_4243&TYPE_03&VER_01&ADR_02&LID_00&UID_00&SUBSYS_0CE81028\7&2796ba65&0&0000000000000002"
"16-06-2026 09:59:34","430","Information","Microsoft-Windows-Kernel-PnP","Device SWD\DRIVERENUM\{ceddd3b4-1c8d-4834-805d-9dcefa53921f}#intelliGoAPOSvc&9&2d1483df&0 requires further installation."
"16-06-2026 09:59:34","430","Information","Microsoft-Windows-Kernel-PnP","Device SWD\DRIVERENUM\{ceddd3b4-1c8d-4834-805d-9dcefa53921f}#intelliGoAPOBase&9&2d1483df&0 requires further installation."
"16-06-2026 09:59:34","410","Information","Microsoft-Windows-Kernel-PnP","Device SOUNDWIRE\SDCA_06&MAN_01FA&FUNC_4243&TYPE_03&VER_01&ADR_02&LID_00&UID_00&SUBSYS_0CE81028&DynamicEnumMicrophone0\8&b76481&0&00000400 was started.

Driver Name: oem66.inf
Class GUID: {4d36e96c-e325-11ce-bfc1-08002be10318}
Service: 
Lower Filters: 
Upper Filters: "
"16-06-2026 09:59:34","400","Information","Microsoft-Windows-Kernel-PnP","Device SOUNDWIRE\SDCA_06&MAN_01FA&FUNC_4243&TYPE_03&VER_01&ADR_02&LID_00&UID_00&SUBSYS_0CE81028&DynamicEnumMicrophone0\8&b76481&0&00000400 was configured.

Driver Name: oem139.inf
Driver Package ID: xucsme.inf_amd64_2fc0303188b44c4c
Class GUID: {e2f84ce7-8efa-411c-aa69-97454ca4cb57}
Driver Date: 04/06/2026
Driver Version: 1.0.709.49429
Driver Provider: Cirrus Logic, Inc.
Driver Section: Endpoint.NT
Driver Rank: 0xFF0002
Matching Device ID: SOUNDWIRE\SDCA_06&MAN_01FA&FUNC_4243&TYPE_03&VER_01&ADR_02&DynamicEnumMicrophone0
Outranked Drivers: 
Device Updated: false
Parent Device: SOUNDWIRE\SDCA_06&MAN_01FA&FUNC_4243&TYPE_03&VER_01&ADR_02&LID_00&UID_00&SUBSYS_0CE81028\7&2796ba65&0&0000000000000002"
"16-06-2026 09:59:34","400","Information","Microsoft-Windows-Kernel-PnP","Device SOUNDWIRE\SDCA_06&MAN_01FA&FUNC_4243&TYPE_03&VER_01&ADR_02&LID_00&UID_00&SUBSYS_0CE81028&DynamicEnumMicrophone0\8&b76481&0&00000400 was configured.

Driver Name: oem520.inf
Driver Package ID: hdx_cirrusext_dell_igo_gc_cust.inf_amd64_f2e61145a866ce4a
Class GUID: {e2f84ce7-8efa-411c-aa69-97454ca4cb57}
Driver Date: 04/09/2026
Driver Version: 100.1.4.2740
Driver Provider: intelliGo
Driver Section: HDXAudModel_Cust_11_0CE8
Driver Rank: 0xFF0000
Matching Device ID: SOUNDWIRE\SDCA_06&MAN_01FA&FUNC_4243&TYPE_03&VER_01&ADR_02&LID_00&UID_00&SUBSYS_0CE81028&DynamicEnumMicrophone0
Outranked Drivers: 
Device Updated: false
Parent Device: SOUNDWIRE\SDCA_06&MAN_01FA&FUNC_4243&TYPE_03&VER_01&ADR_02&LID_00&UID_00&SUBSYS_0CE81028\7&2796ba65&0&0000000000000002"
"16-06-2026 09:59:34","400","Information","Microsoft-Windows-Kernel-PnP","Device SOUNDWIRE\SDCA_06&MAN_01FA&FUNC_4243&TYPE_03&VER_01&ADR_02&LID_00&UID_00&SUBSYS_0CE81028&DynamicEnumMicrophone0\8&b76481&0&00000400 was configured.

Driver Name: oem479.inf
Driver Package ID: hdx_cirrusext_dell_igo_cust.inf_amd64_0cb905b16f72f814
Class GUID: {e2f84ce7-8efa-411c-aa69-97454ca4cb57}
Driver Date: 04/09/2026
Driver Version: 100.1.4.2740
Driver Provider: intelliGo
Driver Section: HDXAudModel_Cust_11
Driver Rank: 0xFF0000
Matching Device ID: SOUNDWIRE\SDCA_06&MAN_01FA&FUNC_4243&TYPE_03&VER_01&ADR_02&LID_00&UID_00&SUBSYS_0CE81028&DynamicEnumMicrophone0
Outranked Drivers: 
Device Updated: false
Parent Device: SOUNDWIRE\SDCA_06&MAN_01FA&FUNC_4243&TYPE_03&VER_01&ADR_02&LID_00&UID_00&SUBSYS_0CE81028\7&2796ba65&0&0000000000000002"
"16-06-2026 09:59:34","400","Information","Microsoft-Windows-Kernel-PnP","Device SOUNDWIRE\SDCA_06&MAN_01FA&FUNC_4243&TYPE_03&VER_01&ADR_02&LID_00&UID_00&SUBSYS_0CE81028&DynamicEnumMicrophone0\8&b76481&0&00000400 was configured.

Driver Name: oem448.inf
Driver Package ID: hdx_cirrusext_dell_igo.inf_amd64_932d7266fce6ce66
Class GUID: {e2f84ce7-8efa-411c-aa69-97454ca4cb57}
Driver Date: 04/09/2026
Driver Version: 100.1.4.2740
Driver Provider: intelliGo
Driver Section: HDXAudModel_11
Driver Rank: 0xFF0000
Matching Device ID: SOUNDWIRE\SDCA_06&MAN_01FA&FUNC_4243&TYPE_03&VER_01&ADR_02&LID_00&UID_00&SUBSYS_0CE81028&DynamicEnumMicrophone0
Outranked Drivers: 
Device Updated: false
Parent Device: SOUNDWIRE\SDCA_06&MAN_01FA&FUNC_4243&TYPE_03&VER_01&ADR_02&LID_00&UID_00&SUBSYS_0CE81028\7&2796ba65&0&0000000000000002"
"16-06-2026 09:59:34","400","Information","Microsoft-Windows-Kernel-PnP","Device SOUNDWIRE\SDCA_06&MAN_01FA&FUNC_4243&TYPE_03&VER_01&ADR_02&LID_00&UID_00&SUBSYS_0CE81028&DynamicEnumMicrophone0\8&b76481&0&00000400 was configured.

Driver Name: oem157.inf
Driver Package ID: xucsmeext_intelligo.inf_amd64_91e23bd3e9f84369
Class GUID: {e2f84ce7-8efa-411c-aa69-97454ca4cb57}
Driver Date: 06/29/2025
Driver Version: 1.0.2.0
Driver Provider: Cirrus Logic, Inc.
Driver Section: APO_Capture.NT
Driver Rank: 0xFF0000
Matching Device ID: SOUNDWIRE\SDCA_06&MAN_01FA&FUNC_4243&TYPE_03&VER_01&ADR_02&LID_00&UID_00&SUBSYS_0CE81028&DynamicEnumMicrophone0
Outranked Drivers: 
Device Updated: false
Parent Device: SOUNDWIRE\SDCA_06&MAN_01FA&FUNC_4243&TYPE_03&VER_01&ADR_02&LID_00&UID_00&SUBSYS_0CE81028\7&2796ba65&0&0000000000000002"
"16-06-2026 09:59:34","400","Information","Microsoft-Windows-Kernel-PnP","Device SOUNDWIRE\SDCA_06&MAN_01FA&FUNC_4243&TYPE_03&VER_01&ADR_02&LID_00&UID_00&SUBSYS_0CE81028&DynamicEnumMicrophone0\8&b76481&0&00000400 was configured.

Driver Name: oem66.inf
Driver Package ID: sdcaclass.inf_amd64_0b2f30007e05e98a
Class GUID: {4d36e96c-e325-11ce-bfc1-08002be10318}
Driver Date: 01/17/2025
Driver Version: 10.0.2410.7
Driver Provider: Microsoft
Driver Section: SoundwireClass_Device_Child.NT
Driver Rank: 0xFF2000
Matching Device ID: SOUNDWIRE\DynamicEnumChild
Outranked Drivers: 
Device Updated: false
Parent Device: SOUNDWIRE\SDCA_06&MAN_01FA&FUNC_4243&TYPE_03&VER_01&ADR_02&LID_00&UID_00&SUBSYS_0CE81028\7&2796ba65&0&0000000000000002"
"16-06-2026 09:59:34","410","Information","Microsoft-Windows-Kernel-PnP","Device SWD\DRIVERENUM\{a41c0e73-385f-43f3-9abe-4455c4e152ef}#CLoggerSrv&7&2796ba65&0 was started.

Driver Name: oem170.inf
Class GUID: {5c4c3332-344d-483c-8739-259e934c9cc8}
Service: 
Lower Filters: 
Upper Filters: "
"16-06-2026 09:59:34","400","Information","Microsoft-Windows-Kernel-PnP","Device SWD\DRIVERENUM\{a41c0e73-385f-43f3-9abe-4455c4e152ef}#CLoggerSrv&7&2796ba65&0 was configured.

Driver Name: oem170.inf
Driver Package ID: cloggersrv.inf_amd64_1d2eaf71cda0f8e7
Class GUID: {5c4c3332-344d-483c-8739-259e934c9cc8}
Driver Date: 11/01/2025
Driver Version: 15.23.33.748
Driver Provider: Cirrus Logic, Inc.
Driver Section: CLoggerSrv_Install.NT
Driver Rank: 0xFF0000
Matching Device ID: SWC\VEN_CSC&HID_9012
Outranked Drivers: c_swcomponent.inf:SWC\Generic:00FF3000 c_swdevice.inf:SWD\GenericRaw:00FF3001
Device Updated: false
Parent Device: SOUNDWIRE\SDCA&MAN_01FA&PART_4243&VER_03&CID_00&LID_00&UID_00&SUBSYS_0CE81028\6&6ff7181&0&01424301FA000300"
"16-06-2026 09:59:33","430","Information","Microsoft-Windows-Kernel-PnP","Device {F67B0BEA-BDB7-47D3-9131-75877CDE0ED4}\Streaming_Speaker&CP_{ebfc0f98-693b-11f1-a27a-54582d32ed0c}\6&c603bdd&0 requires further installation."
"16-06-2026 09:59:33","430","Information","Microsoft-Windows-Kernel-PnP","Device XuCsMe\ExtensionSpeaker\8&b83798c&0&00 requires further installation."
"16-06-2026 09:59:33","430","Information","Microsoft-Windows-Kernel-PnP","Device SOUNDWIRE\SDCA_06&MAN_01FA&FUNC_4243&TYPE_01&VER_01&ADR_01&LID_00&UID_00&SUBSYS_0CE81028&DynamicEnumSpeaker0\8&b83798c&0&00000c00 requires further installation."
"16-06-2026 09:59:33","410","Information","Microsoft-Windows-Kernel-PnP","Device SOUNDWIRE\SDCA_06&MAN_01FA&FUNC_4243&TYPE_01&VER_01&ADR_01&LID_00&UID_00&SUBSYS_0CE81028\7&2796ba65&0&0000000000000001 was started.

Driver Name: oem66.inf
Class GUID: {4d36e96c-e325-11ce-bfc1-08002be10318}
Service: SdcaClass
Lower Filters: 
Upper Filters: "
"16-06-2026 09:59:33","400","Information","Microsoft-Windows-Kernel-PnP","Device SOUNDWIRE\SDCA_06&MAN_01FA&FUNC_4243&TYPE_01&VER_01&ADR_01&LID_00&UID_00&SUBSYS_0CE81028\7&2796ba65&0&0000000000000001 was configured.

Driver Name: oem139.inf
Driver Package ID: xucsme.inf_amd64_2fc0303188b44c4c
Class GUID: {e2f84ce7-8efa-411c-aa69-97454ca4cb57}
Driver Date: 04/06/2026
Driver Version: 1.0.709.49429
Driver Provider: Cirrus Logic, Inc.
Driver Section: CS42L43_AMP.NT
Driver Rank: 0xFF0002
Matching Device ID: SOUNDWIRE\SDCA_06&MAN_01FA&FUNC_4243&TYPE_01&VER_01&ADR_01
Outranked Drivers: 
Device Updated: false
Parent Device: SOUNDWIRE\SDCA&MAN_01FA&PART_4243&VER_03&CID_00&LID_00&UID_00&SUBSYS_0CE81028\6&6ff7181&0&01424301FA000300"
"16-06-2026 09:59:33","400","Information","Microsoft-Windows-Kernel-PnP","Device SOUNDWIRE\SDCA_06&MAN_01FA&FUNC_4243&TYPE_01&VER_01&ADR_01&LID_00&UID_00&SUBSYS_0CE81028\7&2796ba65&0&0000000000000001 was configured.

Driver Name: oem136.inf
Driver Package ID: xucsmeext_0ce8.inf_amd64_da4b596c6bdc0c70
Class GUID: {e2f84ce7-8efa-411c-aa69-97454ca4cb57}
Driver Date: 04/12/2026
Driver Version: 1.0.0.17
Driver Provider: Cirrus Logic, Inc.
Driver Section: CS42L43_AMP_0CE81028.NT
Driver Rank: 0xFF0001
Matching Device ID: SOUNDWIRE\SDCA_06&MAN_01FA&FUNC_4243&TYPE_01&VER_01&ADR_01&SUBSYS_0CE81028
Outranked Drivers: 
Device Updated: false
Parent Device: SOUNDWIRE\SDCA&MAN_01FA&PART_4243&VER_03&CID_00&LID_00&UID_00&SUBSYS_0CE81028\6&6ff7181&0&01424301FA000300"
"16-06-2026 09:59:33","400","Information","Microsoft-Windows-Kernel-PnP","Device SOUNDWIRE\SDCA_06&MAN_01FA&FUNC_4243&TYPE_01&VER_01&ADR_01&LID_00&UID_00&SUBSYS_0CE81028\7&2796ba65&0&0000000000000001 was configured.

Driver Name: oem66.inf
Driver Package ID: sdcaclass.inf_amd64_0b2f30007e05e98a
Class GUID: {4d36e96c-e325-11ce-bfc1-08002be10318}
Driver Date: 01/17/2025
Driver Version: 10.0.2410.7
Driver Provider: Microsoft
Driver Section: SoundwireClass_Device.NT
Driver Rank: 0xFF2000
Matching Device ID: SOUNDWIRE\AUDIOFUNCTION
Outranked Drivers: 
Device Updated: false
Parent Device: SOUNDWIRE\SDCA&MAN_01FA&PART_4243&VER_03&CID_00&LID_00&UID_00&SUBSYS_0CE81028\6&6ff7181&0&01424301FA000300"
"16-06-2026 09:59:33","430","Information","Microsoft-Windows-Kernel-PnP","Device {F67B0BEA-BDB7-47D3-9131-75877CDE0ED4}\Streaming_HeadsetMic&CP_{ebfc0f92-693b-11f1-a27a-54582d32ed0c}\6&c603bdd&0 requires further installation."
"16-06-2026 09:59:33","430","Information","Microsoft-Windows-Kernel-PnP","Device {F67B0BEA-BDB7-47D3-9131-75877CDE0ED4}\Streaming_HeadsetOutput&CP_{ebfc0f91-693b-11f1-a27a-54582d32ed0c}\6&c603bdd&0 requires further installation."
"16-06-2026 09:59:33","430","Information","Microsoft-Windows-Kernel-PnP","Device XuCsMe\ExtensionMicrophone\8&b098aae&0&00 requires further installation."
"16-06-2026 09:59:33","430","Information","Microsoft-Windows-Kernel-PnP","Device XuCsMe\ExtensionSpeaker\8&b098aae&0&00 requires further installation."
"16-06-2026 09:59:33","430","Information","Microsoft-Windows-Kernel-PnP","Device XuCsMe\JackRetaskingAudioModule\8&b098aae&0&00 requires further installation."
"16-06-2026 09:59:33","430","Information","Microsoft-Windows-Kernel-PnP","Device SOUNDWIRE\SDCA_06&MAN_01FA&FUNC_4243&TYPE_06&VER_01&ADR_03&LID_00&UID_00&SUBSYS_0CE81028&DynamicEnumMicrophone0\8&b098aae&0&00000b00 requires further installation."
"16-06-2026 09:59:33","430","Information","Microsoft-Windows-Kernel-PnP","Device SOUNDWIRE\SDCA_06&MAN_01FA&FUNC_4243&TYPE_06&VER_01&ADR_03&LID_00&UID_00&SUBSYS_0CE81028&DynamicEnumSpeaker0\8&b098aae&0&00001700 requires further installation."
"16-06-2026 09:59:33","410","Information","Microsoft-Windows-Kernel-PnP","Device SOUNDWIRE\SDCA_06&MAN_01FA&FUNC_4243&TYPE_06&VER_01&ADR_03&LID_00&UID_00&SUBSYS_0CE81028\7&2796ba65&0&0000000000000003 was started.

Driver Name: oem66.inf
Class GUID: {4d36e96c-e325-11ce-bfc1-08002be10318}
Service: SdcaClass
Lower Filters: 
Upper Filters: "
"16-06-2026 09:59:33","400","Information","Microsoft-Windows-Kernel-PnP","Device SOUNDWIRE\SDCA_06&MAN_01FA&FUNC_4243&TYPE_06&VER_01&ADR_03&LID_00&UID_00&SUBSYS_0CE81028\7&2796ba65&0&0000000000000003 was configured.

Driver Name: oem139.inf
Driver Package ID: xucsme.inf_amd64_2fc0303188b44c4c
Class GUID: {e2f84ce7-8efa-411c-aa69-97454ca4cb57}
Driver Date: 04/06/2026
Driver Version: 1.0.709.49429
Driver Provider: Cirrus Logic, Inc.
Driver Section: CS42L43_UAJ.NT
Driver Rank: 0xFF0002
Matching Device ID: SOUNDWIRE\SDCA_06&MAN_01FA&FUNC_4243&TYPE_06&VER_01&ADR_03
Outranked Drivers: 
Device Updated: false
Parent Device: SOUNDWIRE\SDCA&MAN_01FA&PART_4243&VER_03&CID_00&LID_00&UID_00&SUBSYS_0CE81028\6&6ff7181&0&01424301FA000300"
"16-06-2026 09:59:33","400","Information","Microsoft-Windows-Kernel-PnP","Device SOUNDWIRE\SDCA_06&MAN_01FA&FUNC_4243&TYPE_06&VER_01&ADR_03&LID_00&UID_00&SUBSYS_0CE81028\7&2796ba65&0&0000000000000003 was configured.

Driver Name: oem136.inf
Driver Package ID: xucsmeext_0ce8.inf_amd64_da4b596c6bdc0c70
Class GUID: {e2f84ce7-8efa-411c-aa69-97454ca4cb57}
Driver Date: 04/12/2026
Driver Version: 1.0.0.17
Driver Provider: Cirrus Logic, Inc.
Driver Section: CS42L43_UAJ_0CE81028.NT
Driver Rank: 0xFF0001
Matching Device ID: SOUNDWIRE\SDCA_06&MAN_01FA&FUNC_4243&TYPE_06&VER_01&ADR_03&SUBSYS_0CE81028
Outranked Drivers: 
Device Updated: false
Parent Device: SOUNDWIRE\SDCA&MAN_01FA&PART_4243&VER_03&CID_00&LID_00&UID_00&SUBSYS_0CE81028\6&6ff7181&0&01424301FA000300"
"16-06-2026 09:59:33","400","Information","Microsoft-Windows-Kernel-PnP","Device SOUNDWIRE\SDCA_06&MAN_01FA&FUNC_4243&TYPE_06&VER_01&ADR_03&LID_00&UID_00&SUBSYS_0CE81028\7&2796ba65&0&0000000000000003 was configured.

Driver Name: oem66.inf
Driver Package ID: sdcaclass.inf_amd64_0b2f30007e05e98a
Class GUID: {4d36e96c-e325-11ce-bfc1-08002be10318}
Driver Date: 01/17/2025
Driver Version: 10.0.2410.7
Driver Provider: Microsoft
Driver Section: SoundwireClass_Device.NT
Driver Rank: 0xFF2000
Matching Device ID: SOUNDWIRE\AUDIOFUNCTION
Outranked Drivers: 
Device Updated: false
Parent Device: SOUNDWIRE\SDCA&MAN_01FA&PART_4243&VER_03&CID_00&LID_00&UID_00&SUBSYS_0CE81028\6&6ff7181&0&01424301FA000300"
"16-06-2026 09:59:32","410","Information","Microsoft-Windows-Kernel-PnP","Device HID\HID_DEVICE_SYSTEM_VHF&Col02\9&25542e13&0&0001 was started.

Driver Name: hidtelephonydriver.inf
Class GUID: {745a17a0-74d3-11d0-b6fe-00a0c90f57da}
Service: WUDFRd
Lower Filters: 
Upper Filters: "
"16-06-2026 09:59:32","410","Information","Microsoft-Windows-Kernel-PnP","Device HID\HID_DEVICE_SYSTEM_VHF&Col01\9&25542e13&0&0000 was started.

Driver Name: hidserv.inf
Class GUID: {745a17a0-74d3-11d0-b6fe-00a0c90f57da}
Service: 
Lower Filters: 
Upper Filters: "
"16-06-2026 09:59:32","400","Information","Microsoft-Windows-Kernel-PnP","Device HID\HID_DEVICE_SYSTEM_VHF&Col02\9&25542e13&0&0001 was configured.

Driver Name: hidtelephonydriver.inf
Driver Package ID: hidtelephonydriver.inf_amd64_4d87f0bd77d9889a
Class GUID: {745a17a0-74d3-11d0-b6fe-00a0c90f57da}
Driver Date: 04/21/2009
Driver Version: 10.0.26100.8115
Driver Provider: Microsoft
Driver Section: HidTelephony_Install.NT
Driver Rank: 0xFF0003
Matching Device ID: HID_DEVICE_UP:000B_U:0005
Outranked Drivers: input.inf:HID_DEVICE_UP:000B_U:0005:00FF1003 input.inf:HID_DEVICE:00FF1004
Device Updated: false
Parent Device: VHF\HID_DEVICE_SYSTEM_VHF\8&10e60204&0&{d782c0ef-b01f-531c-a36d-e539fe17560b}"
"16-06-2026 09:59:32","400","Information","Microsoft-Windows-Kernel-PnP","Device HID\HID_DEVICE_SYSTEM_VHF&Col01\9&25542e13&0&0000 was configured.

Driver Name: hidserv.inf
Driver Package ID: hidserv.inf_amd64_3111b4bfb553788d
Class GUID: {745a17a0-74d3-11d0-b6fe-00a0c90f57da}
Driver Date: 06/21/2006
Driver Version: 10.0.26100.1
Driver Provider: Microsoft
Driver Section: HIDSystemConsumerDevice
Driver Rank: 0xFF0004
Matching Device ID: HID_DEVICE_UP:000C_U:0001
Outranked Drivers: input.inf:HID_DEVICE:00FF1005
Device Updated: false
Parent Device: VHF\HID_DEVICE_SYSTEM_VHF\8&10e60204&0&{d782c0ef-b01f-531c-a36d-e539fe17560b}"
"16-06-2026 09:59:32","410","Information","Microsoft-Windows-Kernel-PnP","Device VHF\HID_DEVICE_SYSTEM_VHF\8&10e60204&0&{d782c0ef-b01f-531c-a36d-e539fe17560b} was started.

Driver Name: hidvhf.inf
Class GUID: {745a17a0-74d3-11d0-b6fe-00a0c90f57da}
Service: mshidkmdf
Lower Filters: 
Upper Filters: "
"16-06-2026 09:59:32","400","Information","Microsoft-Windows-Kernel-PnP","Device VHF\HID_DEVICE_SYSTEM_VHF\8&10e60204&0&{d782c0ef-b01f-531c-a36d-e539fe17560b} was configured.

Driver Name: hidvhf.inf
Driver Package ID: hidvhf.inf_amd64_97f422ffbe2be716
Class GUID: {745a17a0-74d3-11d0-b6fe-00a0c90f57da}
Driver Date: 06/21/2006
Driver Version: 10.0.26100.8115
Driver Provider: Microsoft
Driver Section: vhfdevice.NT
Driver Rank: 0xFF0000
Matching Device ID: HID_DEVICE_SYSTEM_VHF
Outranked Drivers: 
Device Updated: false
Parent Device: SOUNDWIRE\SDCA_06&MAN_01FA&FUNC_4243&TYPE_0A&VER_01&ADR_04&LID_00&UID_00&SUBSYS_0CE81028\7&2796ba65&0&0000000000000004"
"16-06-2026 09:59:32","410","Information","Microsoft-Windows-Kernel-PnP","Device SOUNDWIRE\SDCA_06&MAN_01FA&FUNC_4243&TYPE_0A&VER_01&ADR_04&LID_00&UID_00&SUBSYS_0CE81028\7&2796ba65&0&0000000000000004 was started.

Driver Name: oem64.inf
Class GUID: {745a17a0-74d3-11d0-b6fe-00a0c90f57da}
Service: SdcaHid
Lower Filters: vhf
Upper Filters: "
"16-06-2026 09:59:32","400","Information","Microsoft-Windows-Kernel-PnP","Device SOUNDWIRE\SDCA_06&MAN_01FA&FUNC_4243&TYPE_0A&VER_01&ADR_04&LID_00&UID_00&SUBSYS_0CE81028\7&2796ba65&0&0000000000000004 was configured.

Driver Name: oem139.inf
Driver Package ID: xucsme.inf_amd64_2fc0303188b44c4c
Class GUID: {e2f84ce7-8efa-411c-aa69-97454ca4cb57}
Driver Date: 04/06/2026
Driver Version: 1.0.709.49429
Driver Provider: Cirrus Logic, Inc.
Driver Section: CS42L43_HID.NT
Driver Rank: 0xFF0002
Matching Device ID: SOUNDWIRE\SDCA_06&MAN_01FA&FUNC_4243&TYPE_0A&VER_01&ADR_04
Outranked Drivers: 
Device Updated: false
Parent Device: SOUNDWIRE\SDCA&MAN_01FA&PART_4243&VER_03&CID_00&LID_00&UID_00&SUBSYS_0CE81028\6&6ff7181&0&01424301FA000300"
"16-06-2026 09:59:32","400","Information","Microsoft-Windows-Kernel-PnP","Device SOUNDWIRE\SDCA_06&MAN_01FA&FUNC_4243&TYPE_0A&VER_01&ADR_04&LID_00&UID_00&SUBSYS_0CE81028\7&2796ba65&0&0000000000000004 was configured.

Driver Name: oem136.inf
Driver Package ID: xucsmeext_0ce8.inf_amd64_da4b596c6bdc0c70
Class GUID: {e2f84ce7-8efa-411c-aa69-97454ca4cb57}
Driver Date: 04/12/2026
Driver Version: 1.0.0.17
Driver Provider: Cirrus Logic, Inc.
Driver Section: CS42L43_HID_0CE81028.NT
Driver Rank: 0xFF0001
Matching Device ID: SOUNDWIRE\SDCA_06&MAN_01FA&FUNC_4243&TYPE_0A&VER_01&ADR_04&SUBSYS_0CE81028
Outranked Drivers: 
Device Updated: false
Parent Device: SOUNDWIRE\SDCA&MAN_01FA&PART_4243&VER_03&CID_00&LID_00&UID_00&SUBSYS_0CE81028\6&6ff7181&0&01424301FA000300"
"16-06-2026 09:59:32","400","Information","Microsoft-Windows-Kernel-PnP","Device SOUNDWIRE\SDCA_06&MAN_01FA&FUNC_4243&TYPE_0A&VER_01&ADR_04&LID_00&UID_00&SUBSYS_0CE81028\7&2796ba65&0&0000000000000004 was configured.

Driver Name: oem64.inf
Driver Package ID: sdcahid.inf_amd64_4bdadfee563fc803
Class GUID: {745a17a0-74d3-11d0-b6fe-00a0c90f57da}
Driver Date: 01/17/2025
Driver Version: 10.0.2410.7
Driver Provider: Microsoft
Driver Section: SoundwireHid_Device.NT
Driver Rank: 0xFF2000
Matching Device ID: SOUNDWIRE\HIDFUNCTION
Outranked Drivers: 
Device Updated: false
Parent Device: SOUNDWIRE\SDCA&MAN_01FA&PART_4243&VER_03&CID_00&LID_00&UID_00&SUBSYS_0CE81028\6&6ff7181&0&01424301FA000300"
"16-06-2026 09:59:32","410","Information","Microsoft-Windows-Kernel-PnP","Device SWD\DRIVERENUM\{ebf04dfa-3a1b-4e2e-8cfa-5d2bdb215dca}#CsGMMuteSrv&7&2796ba65&0 was started.

Driver Name: oem166.inf
Class GUID: {5c4c3332-344d-483c-8739-259e934c9cc8}
Service: 
Lower Filters: 
Upper Filters: "
"16-06-2026 09:59:32","400","Information","Microsoft-Windows-Kernel-PnP","Device SWD\DRIVERENUM\{ebf04dfa-3a1b-4e2e-8cfa-5d2bdb215dca}#CsGMMuteSrv&7&2796ba65&0 was configured.

Driver Name: oem166.inf
Driver Package ID: csgmmutesrv.inf_amd64_4321d29898ae36f0
Class GUID: {5c4c3332-344d-483c-8739-259e934c9cc8}
Driver Date: 02/20/2026
Driver Version: 1.0.16.51
Driver Provider: Cirrus Logic, Inc.
Driver Section: CsGMMuteSrv_Install.NT
Driver Rank: 0xFF0000
Matching Device ID: SWC\VEN_CSC&HID_9011
Outranked Drivers: c_swcomponent.inf:SWC\Generic:00FF3000 c_swdevice.inf:SWD\GenericRaw:00FF3001
Device Updated: false
Parent Device: SOUNDWIRE\SDCA&MAN_01FA&PART_4243&VER_03&CID_00&LID_00&UID_00&SUBSYS_0CE81028\6&6ff7181&0&01424301FA000300"
"16-06-2026 09:59:32","430","Information","Microsoft-Windows-Kernel-PnP","Device {F67B0BEA-BDB7-47D3-9131-75877CDE0ED4}\Streaming_MicrophoneArray&CP_{ebfc0f79-693b-11f1-a27a-54582d32ed0c}\6&c603bdd&0 requires further installation."
"16-06-2026 09:59:32","430","Information","Microsoft-Windows-Kernel-PnP","Device XuCsMe\ExtensionMicrophone\8&b76481&0&00 requires further installation."
"16-06-2026 09:59:32","430","Information","Microsoft-Windows-Kernel-PnP","Device SOUNDWIRE\SDCA_06&MAN_01FA&FUNC_4243&TYPE_03&VER_01&ADR_02&LID_00&UID_00&SUBSYS_0CE81028&DynamicEnumMicrophone0\8&b76481&0&00000400 requires further installation."
"16-06-2026 09:59:32","410","Information","Microsoft-Windows-Kernel-PnP","Device SOUNDWIRE\SDCA_06&MAN_01FA&FUNC_4243&TYPE_03&VER_01&ADR_02&LID_00&UID_00&SUBSYS_0CE81028\7&2796ba65&0&0000000000000002 was started.

Driver Name: oem66.inf
Class GUID: {4d36e96c-e325-11ce-bfc1-08002be10318}
Service: SdcaClass
Lower Filters: 
Upper Filters: "
"16-06-2026 09:59:31","400","Information","Microsoft-Windows-Kernel-PnP","Device SOUNDWIRE\SDCA_06&MAN_01FA&FUNC_4243&TYPE_03&VER_01&ADR_02&LID_00&UID_00&SUBSYS_0CE81028\7&2796ba65&0&0000000000000002 was configured.

Driver Name: oem139.inf
Driver Package ID: xucsme.inf_amd64_2fc0303188b44c4c
Class GUID: {e2f84ce7-8efa-411c-aa69-97454ca4cb57}
Driver Date: 04/06/2026
Driver Version: 1.0.709.49429
Driver Provider: Cirrus Logic, Inc.
Driver Section: CS42L43_MIC.NT
Driver Rank: 0xFF0002
Matching Device ID: SOUNDWIRE\SDCA_06&MAN_01FA&FUNC_4243&TYPE_03&VER_01&ADR_02
Outranked Drivers: 
Device Updated: false
Parent Device: SOUNDWIRE\SDCA&MAN_01FA&PART_4243&VER_03&CID_00&LID_00&UID_00&SUBSYS_0CE81028\6&6ff7181&0&01424301FA000300"
"16-06-2026 09:59:31","400","Information","Microsoft-Windows-Kernel-PnP","Device SOUNDWIRE\SDCA_06&MAN_01FA&FUNC_4243&TYPE_03&VER_01&ADR_02&LID_00&UID_00&SUBSYS_0CE81028\7&2796ba65&0&0000000000000002 was configured.

Driver Name: oem136.inf
Driver Package ID: xucsmeext_0ce8.inf_amd64_da4b596c6bdc0c70
Class GUID: {e2f84ce7-8efa-411c-aa69-97454ca4cb57}
Driver Date: 04/12/2026
Driver Version: 1.0.0.17
Driver Provider: Cirrus Logic, Inc.
Driver Section: CS42L43_MIC_0CE81028.NT
Driver Rank: 0xFF0001
Matching Device ID: SOUNDWIRE\SDCA_06&MAN_01FA&FUNC_4243&TYPE_03&VER_01&ADR_02&SUBSYS_0CE81028
Outranked Drivers: 
Device Updated: false
Parent Device: SOUNDWIRE\SDCA&MAN_01FA&PART_4243&VER_03&CID_00&LID_00&UID_00&SUBSYS_0CE81028\6&6ff7181&0&01424301FA000300"
"16-06-2026 09:59:31","400","Information","Microsoft-Windows-Kernel-PnP","Device SOUNDWIRE\SDCA_06&MAN_01FA&FUNC_4243&TYPE_03&VER_01&ADR_02&LID_00&UID_00&SUBSYS_0CE81028\7&2796ba65&0&0000000000000002 was configured.

Driver Name: oem66.inf
Driver Package ID: sdcaclass.inf_amd64_0b2f30007e05e98a
Class GUID: {4d36e96c-e325-11ce-bfc1-08002be10318}
Driver Date: 01/17/2025
Driver Version: 10.0.2410.7
Driver Provider: Microsoft
Driver Section: SoundwireClass_Device.NT
Driver Rank: 0xFF2000
Matching Device ID: SOUNDWIRE\AUDIOFUNCTION
Outranked Drivers: 
Device Updated: false
Parent Device: SOUNDWIRE\SDCA&MAN_01FA&PART_4243&VER_03&CID_00&LID_00&UID_00&SUBSYS_0CE81028\6&6ff7181&0&01424301FA000300"
"16-06-2026 09:59:31","430","Information","Microsoft-Windows-Kernel-PnP","Device SWD\DRIVERENUM\{ebf04dfa-3a1b-4e2e-8cfa-5d2bdb215dca}#CsGMMuteSrv&7&2796ba65&0 requires further installation."
"16-06-2026 09:59:31","430","Information","Microsoft-Windows-Kernel-PnP","Device SWD\DRIVERENUM\{a41c0e73-385f-43f3-9abe-4455c4e152ef}#CLoggerSrv&7&2796ba65&0 requires further installation."
"16-06-2026 09:59:31","430","Information","Microsoft-Windows-Kernel-PnP","Device SOUNDWIRE\SDCA_06&MAN_01FA&FUNC_4243&TYPE_0A&VER_01&ADR_04&LID_00&UID_00&SUBSYS_0CE81028\7&2796ba65&0&0000000000000004 requires further installation."
"16-06-2026 09:59:31","430","Information","Microsoft-Windows-Kernel-PnP","Device SOUNDWIRE\SDCA_06&MAN_01FA&FUNC_4243&TYPE_06&VER_01&ADR_03&LID_00&UID_00&SUBSYS_0CE81028\7&2796ba65&0&0000000000000003 requires further installation."
"16-06-2026 09:59:31","430","Information","Microsoft-Windows-Kernel-PnP","Device SOUNDWIRE\SDCA_06&MAN_01FA&FUNC_4243&TYPE_03&VER_01&ADR_02&LID_00&UID_00&SUBSYS_0CE81028\7&2796ba65&0&0000000000000002 requires further installation."
"16-06-2026 09:59:31","430","Information","Microsoft-Windows-Kernel-PnP","Device SOUNDWIRE\SDCA_06&MAN_01FA&FUNC_4243&TYPE_01&VER_01&ADR_01&LID_00&UID_00&SUBSYS_0CE81028\7&2796ba65&0&0000000000000001 requires further installation."
"16-06-2026 09:59:31","410","Information","Microsoft-Windows-Kernel-PnP","Device SOUNDWIRE\SDCA&MAN_01FA&PART_4243&VER_03&CID_00&LID_00&UID_00&SUBSYS_0CE81028\6&6ff7181&0&01424301FA000300 was started.

Driver Name: oem58.inf
Class GUID: {4d36e97d-e325-11ce-bfc1-08002be10318}
Service: SdcaMfd
Lower Filters: 
Upper Filters: "
"16-06-2026 09:59:31","400","Information","Microsoft-Windows-Kernel-PnP","Device SOUNDWIRE\SDCA&MAN_01FA&PART_4243&VER_03&CID_00&LID_00&UID_00&SUBSYS_0CE81028\6&6ff7181&0&01424301FA000300 was configured.

Driver Name: oem169.inf
Driver Package ID: cloggerext.inf_amd64_c1a5e80d3f613a78
Class GUID: {e2f84ce7-8efa-411c-aa69-97454ca4cb57}
Driver Date: 04/12/2026
Driver Version: 1.0.0.11
Driver Provider: Cirrus Logic, Inc.
Driver Section: DeviceExtension_Install_CLoggerSrv
Driver Rank: 0xFF0000
Matching Device ID: SOUNDWIRE\SDCA&MAN_01FA&PART_4243&VER_03&CID_00&LID_00&UID_00&SUBSYS_0CE81028
Outranked Drivers: 
Device Updated: false
Parent Device: INTELAUDIO\SDW_CTLR_DEV_7728&VEN_8086&DEV_0333\5&32640736&1"
"16-06-2026 09:59:31","400","Information","Microsoft-Windows-Kernel-PnP","Device SOUNDWIRE\SDCA&MAN_01FA&PART_4243&VER_03&CID_00&LID_00&UID_00&SUBSYS_0CE81028\6&6ff7181&0&01424301FA000300 was configured.

Driver Name: oem168.inf
Driver Package ID: csgmmuteext.inf_amd64_3330b2c7aeac533d
Class GUID: {e2f84ce7-8efa-411c-aa69-97454ca4cb57}
Driver Date: 04/12/2026
Driver Version: 1.0.0.21
Driver Provider: Cirrus Logic, Inc.
Driver Section: DeviceExtension_Install_GMMuteSrv
Driver Rank: 0xFF0000
Matching Device ID: SOUNDWIRE\SDCA&MAN_01FA&PART_4243&VER_03&CID_00&LID_00&UID_00&SUBSYS_0CE81028
Outranked Drivers: 
Device Updated: false
Parent Device: INTELAUDIO\SDW_CTLR_DEV_7728&VEN_8086&DEV_0333\5&32640736&1"
"16-06-2026 09:59:31","400","Information","Microsoft-Windows-Kernel-PnP","Device SOUNDWIRE\SDCA&MAN_01FA&PART_4243&VER_03&CID_00&LID_00&UID_00&SUBSYS_0CE81028\6&6ff7181&0&01424301FA000300 was configured.

Driver Name: oem136.inf
Driver Package ID: xucsmeext_0ce8.inf_amd64_da4b596c6bdc0c70
Class GUID: {e2f84ce7-8efa-411c-aa69-97454ca4cb57}
Driver Date: 04/12/2026
Driver Version: 1.0.0.17
Driver Provider: Cirrus Logic, Inc.
Driver Section: CS42L43_DEV.NT
Driver Rank: 0xFF0000
Matching Device ID: SOUNDWIRE\SDCA&MAN_01FA&PART_4243&VER_03&CID_00&LID_00&UID_00&SUBSYS_0CE81028
Outranked Drivers: 
Device Updated: false
Parent Device: INTELAUDIO\SDW_CTLR_DEV_7728&VEN_8086&DEV_0333\5&32640736&1"
"16-06-2026 09:59:31","400","Information","Microsoft-Windows-Kernel-PnP","Device SOUNDWIRE\SDCA&MAN_01FA&PART_4243&VER_03&CID_00&LID_00&UID_00&SUBSYS_0CE81028\6&6ff7181&0&01424301FA000300 was configured.

Driver Name: oem58.inf
Driver Package ID: sdcamfd.inf_amd64_1b7148aae26a55fd
Class GUID: {4d36e97d-e325-11ce-bfc1-08002be10318}
Driver Date: 01/17/2025
Driver Version: 10.0.2410.7
Driver Provider: Microsoft
Driver Section: SdcaMfd_Device.NT
Driver Rank: 0xFF2000
Matching Device ID: SOUNDWIRE\SDCA
Outranked Drivers: 
Device Updated: false
Parent Device: INTELAUDIO\SDW_CTLR_DEV_7728&VEN_8086&DEV_0333\5&32640736&1"
"16-06-2026 09:59:31","410","Information","Microsoft-Windows-Kernel-PnP","Device SOUNDWIRE\AGGREGATOR\6&6ff7181&0 was started.

Driver Name: oem80.inf
Class GUID: {4d36e96c-e325-11ce-bfc1-08002be10318}
Service: SdcaAggregator
Lower Filters: 
Upper Filters: "
"16-06-2026 09:59:31","400","Information","Microsoft-Windows-Kernel-PnP","Device SOUNDWIRE\AGGREGATOR\6&6ff7181&0 was configured.

Driver Name: oem80.inf
Driver Package ID: sdcaaggregator.inf_amd64_f61c04c20db43fa5
Class GUID: {4d36e96c-e325-11ce-bfc1-08002be10318}
Driver Date: 01/17/2025
Driver Version: 10.0.2410.7
Driver Provider: Microsoft
Driver Section: SdcaAggregator_Device.NT
Driver Rank: 0xFF0000
Matching Device ID: SOUNDWIRE\AGGREGATOR
Outranked Drivers: oem80.inf:SOUNDWIRE\AGGREGATOR:00FF2000
Device Updated: false
Parent Device: INTELAUDIO\SDW_CTLR_DEV_7728&VEN_8086&DEV_0333\5&32640736&1"
"16-06-2026 09:59:30","410","Information","Microsoft-Windows-Kernel-PnP","Device INTELAUDIO\CTLR_DEV_7728&LINKTYPE_03&DEVTYPE_03&VEN_8086&DEV_AE33&SUBSYS_0CE81028&REV_0001\5&32640736&1&0301DIF_000B&UIF_0000 was started.

Driver Name: oem51.inf
Class GUID: {4d36e96c-e325-11ce-bfc1-08002be10318}
Service: IntcBtLE
Lower Filters: 
Upper Filters: "
"16-06-2026 09:59:30","400","Information","Microsoft-Windows-Kernel-PnP","Device INTELAUDIO\CTLR_DEV_7728&LINKTYPE_03&DEVTYPE_03&VEN_8086&DEV_AE33&SUBSYS_0CE81028&REV_0001\5&32640736&1&0301DIF_000B&UIF_0000 was configured.

Driver Name: oem51.inf
Driver Package ID: intcbtle.inf_amd64_f206ea2c036c53d6
Class GUID: {4d36e96c-e325-11ce-bfc1-08002be10318}
Driver Date: 03/30/2026
Driver Version: 20.40.12690.2
Driver Provider: Intel(R) Corporation
Driver Section: IntcBtLE_Device.NT
Driver Rank: 0xFF2000
Matching Device ID: INTELAUDIO\DIF_0001&UIF_0000&CTLR_DEV_7728&LINKTYPE_03&DEVTYPE_03&VEN_8086&DEV_AE33
Outranked Drivers: 
Device Updated: false
Parent Device: INTELAUDIO\DSP_CTLR_DEV_7728&VEN_8086&DEV_0222&SUBSYS_0CE81028&REV_0000\4&417d3cc&0&0800DIF_000B&UIF_0000"
"16-06-2026 09:59:30","410","Information","Microsoft-Windows-Kernel-PnP","Device INTELAUDIO\CTLR_DEV_7728&LINKTYPE_03&DEVTYPE_00&VEN_8086&DEV_AE30&SUBSYS_0CE81028&REV_0001\5&32640736&1&0000DIF_000B&UIF_0000 was started.

Driver Name: oem32.inf
Class GUID: {4d36e96c-e325-11ce-bfc1-08002be10318}
Service: IntcBTAu
Lower Filters: 
Upper Filters: "
"16-06-2026 09:59:30","400","Information","Microsoft-Windows-Kernel-PnP","Device INTELAUDIO\CTLR_DEV_7728&LINKTYPE_03&DEVTYPE_00&VEN_8086&DEV_AE30&SUBSYS_0CE81028&REV_0001\5&32640736&1&0000DIF_000B&UIF_0000 was configured.

Driver Name: oem32.inf
Driver Package ID: intcbtau.inf_amd64_120402337c541b2c
Class GUID: {4d36e96c-e325-11ce-bfc1-08002be10318}
Driver Date: 03/30/2026
Driver Version: 20.40.12690.2
Driver Provider: Intel(R) Corporation
Driver Section: IntcAudModel.NT
Driver Rank: 0xFF2000
Matching Device ID: INTELAUDIO\DIF_0001&UIF_0000&CTLR_DEV_7728&LINKTYPE_03&DEVTYPE_00&VEN_8086&DEV_AE30
Outranked Drivers: 
Device Updated: false
Parent Device: INTELAUDIO\DSP_CTLR_DEV_7728&VEN_8086&DEV_0222&SUBSYS_0CE81028&REV_0000\4&417d3cc&0&0800DIF_000B&UIF_0000"
"16-06-2026 09:59:29","430","Information","Microsoft-Windows-Kernel-PnP","Device SOUNDWIRE\SDCA&MAN_01FA&PART_4243&VER_03&CID_00&LID_00&UID_00&SUBSYS_0CE81028\6&6ff7181&0&01424301FA000300 requires further installation."
"16-06-2026 09:59:29","410","Information","Microsoft-Windows-Kernel-PnP","Device INTELAUDIO\DIF_0001&UIF_0001&CTLR_DEV_7728&LINKTYPE_05&DEVTYPE_05&VEN_8086&DEV_AE35&SUBSYS_0CE81028&REV_0001\5&32640736&1&0500DIF_000B&UIF_0001 was started.

Driver Name: oem43.inf
Class GUID: {4d36e96c-e325-11ce-bfc1-08002be10318}
Service: IntcStreaming
Lower Filters: 
Upper Filters: "
"16-06-2026 09:59:29","400","Information","Microsoft-Windows-Kernel-PnP","Device INTELAUDIO\DIF_0001&UIF_0001&CTLR_DEV_7728&LINKTYPE_05&DEVTYPE_05&VEN_8086&DEV_AE35&SUBSYS_0CE81028&REV_0001\5&32640736&1&0500DIF_000B&UIF_0001 was configured.

Driver Name: oem155.inf
Driver Package ID: intelstreamingext_cirrus.inf_amd64_682f7a5b7f55914d
Class GUID: {e2f84ce7-8efa-411c-aa69-97454ca4cb57}
Driver Date: 12/17/2024
Driver Version: 1.13.6.313
Driver Provider: Cirrus Logic, Inc.
Driver Section: IntelACXExt
Driver Rank: 0xFF0000
Matching Device ID: INTELAUDIO\DIF_0001&UIF_0001&CTLR_DEV_7728&LINKTYPE_05&DEVTYPE_05&VEN_8086&DEV_AE35&SUBSYS_0CE81028&REV_0001
Outranked Drivers: 
Device Updated: false
Parent Device: INTELAUDIO\DSP_CTLR_DEV_7728&VEN_8086&DEV_0222&SUBSYS_0CE81028&REV_0000\4&417d3cc&0&0800DIF_000B&UIF_0000"
"16-06-2026 09:59:29","400","Information","Microsoft-Windows-Kernel-PnP","Device INTELAUDIO\DIF_0001&UIF_0001&CTLR_DEV_7728&LINKTYPE_05&DEVTYPE_05&VEN_8086&DEV_AE35&SUBSYS_0CE81028&REV_0001\5&32640736&1&0500DIF_000B&UIF_0001 was configured.

Driver Name: oem43.inf
Driver Package ID: intcstreaming.inf_amd64_3bbf9e64932d4b89
Class GUID: {4d36e96c-e325-11ce-bfc1-08002be10318}
Driver Date: 03/30/2026
Driver Version: 20.40.12690.2
Driver Provider: Intel(R) Corporation
Driver Section: Audio_Device.NT
Driver Rank: 0xFF2000
Matching Device ID: INTELAUDIO\DIF_0001&UIF_0001&CTLR_DEV_7728&LINKTYPE_05&DEVTYPE_05&VEN_8086&DEV_AE35
Outranked Drivers: 
Device Updated: false
Parent Device: INTELAUDIO\DSP_CTLR_DEV_7728&VEN_8086&DEV_0222&SUBSYS_0CE81028&REV_0000\4&417d3cc&0&0800DIF_000B&UIF_0000"
"16-06-2026 09:59:29","430","Information","Microsoft-Windows-Kernel-PnP","Device SOUNDWIRE\AGGREGATOR\6&6ff7181&0 requires further installation."
"16-06-2026 09:59:29","410","Information","Microsoft-Windows-Kernel-PnP","Device INTELAUDIO\SDW_CTLR_DEV_7728&VEN_8086&DEV_0333\5&32640736&1 was started.

Driver Name: oem41.inf
Class GUID: {4d36e97d-e325-11ce-bfc1-08002be10318}
Service: IntcSdwBus
Lower Filters: 
Upper Filters: "
"16-06-2026 09:59:29","400","Information","Microsoft-Windows-Kernel-PnP","Device INTELAUDIO\SDW_CTLR_DEV_7728&VEN_8086&DEV_0333\5&32640736&1 was configured.

Driver Name: oem41.inf
Driver Package ID: intcsdwbus.inf_amd64_9d9f8854a71dfa28
Class GUID: {4d36e97d-e325-11ce-bfc1-08002be10318}
Driver Date: 03/30/2026
Driver Version: 20.40.12690.2
Driver Provider: Intel(R) Corporation
Driver Section: IntcSdwBus.NT
Driver Rank: 0xFF2000
Matching Device ID: INTELAUDIO\DIF_0005&UIF_0000&SDW_CTLR_DEV_7728&VEN_8086&DEV_0333
Outranked Drivers: oem41.inf:INTELAUDIO\SDW_CTLR_DEV_7728&VEN_8086&DEV_0333:00FF2001
Device Updated: false
Parent Device: INTELAUDIO\DSP_CTLR_DEV_7728&VEN_8086&DEV_0222&SUBSYS_0CE81028&REV_0000\4&417d3cc&0&0800DIF_000B&UIF_0000"
"16-06-2026 09:59:29","410","Information","Microsoft-Windows-Kernel-PnP","Device INTELAUDIO\DIF_0000&UIF_0000&CTLR_DEV_7728&VEN_8086&DetectionVerification\5&32640736&1&DIF_0000&UIF_0000 was started.

Driver Name: oem37.inf
Class GUID: {4d36e97d-e325-11ce-bfc1-08002be10318}
Service: WUDFRd
Lower Filters: 
Upper Filters: "
"16-06-2026 09:59:29","400","Information","Microsoft-Windows-Kernel-PnP","Device INTELAUDIO\DIF_0000&UIF_0000&CTLR_DEV_7728&VEN_8086&DetectionVerification\5&32640736&1&DIF_0000&UIF_0000 was configured.

Driver Name: oem37.inf
Driver Package ID: detectionverificationdrv.inf_amd64_7277df069e531e5c
Class GUID: {4d36e97d-e325-11ce-bfc1-08002be10318}
Driver Date: 02/02/2026
Driver Version: 1.0.4138.0
Driver Provider: Intel(R) Corporation
Driver Section: IntcDVWin11.NT
Driver Rank: 0xFC0000
Matching Device ID: INTELAUDIO\DIF_0000&UIF_0000&CTLR_DEV_7728&VEN_8086&DetectionVerification
Outranked Drivers: 
Device Updated: false
Parent Device: INTELAUDIO\DSP_CTLR_DEV_7728&VEN_8086&DEV_0222&SUBSYS_0CE81028&REV_0000\4&417d3cc&0&0800DIF_000B&UIF_0000"
"16-06-2026 09:59:29","410","Information","Microsoft-Windows-Kernel-PnP","Device INTELAUDIO\CTLR_DEV_7728&LINKTYPE_06&DEVTYPE_06&VEN_8086&DEV_AE50&SUBSYS_0CE81028&REV_0001\5&32640736&1&0604DIF_000B&UIF_0000 was started.

Driver Name: oem15.inf
Class GUID: {4d36e96c-e325-11ce-bfc1-08002be10318}
Service: IntcUSB
Lower Filters: 
Upper Filters: "
"16-06-2026 09:59:28","400","Information","Microsoft-Windows-Kernel-PnP","Device INTELAUDIO\CTLR_DEV_7728&LINKTYPE_06&DEVTYPE_06&VEN_8086&DEV_AE50&SUBSYS_0CE81028&REV_0001\5&32640736&1&0604DIF_000B&UIF_0000 was configured.

Driver Name: oem15.inf
Driver Package ID: intcusb.inf_amd64_53083fdb62c4c818
Class GUID: {4d36e96c-e325-11ce-bfc1-08002be10318}
Driver Date: 03/30/2026
Driver Version: 20.40.12690.2
Driver Provider: Intel(R) Corporation
Driver Section: IntcAudModel.NT
Driver Rank: 0xFF2000
Matching Device ID: INTELAUDIO\DIF_0001&UIF_0000&CTLR_DEV_7728&LINKTYPE_06&DEVTYPE_06&VEN_8086&DEV_AE50
Outranked Drivers: 
Device Updated: false
Parent Device: INTELAUDIO\DSP_CTLR_DEV_7728&VEN_8086&DEV_0222&SUBSYS_0CE81028&REV_0000\4&417d3cc&0&0800DIF_000B&UIF_0000"
"16-06-2026 09:59:17","430","Information","Microsoft-Windows-Kernel-PnP","Device INTELAUDIO\CTLR_DEV_7728&LINKTYPE_03&DEVTYPE_03&VEN_8086&DEV_AE33&SUBSYS_0CE81028&REV_0001\5&32640736&1&0301DIF_000B&UIF_0000 requires further installation."
"16-06-2026 09:59:17","430","Information","Microsoft-Windows-Kernel-PnP","Device INTELAUDIO\CTLR_DEV_7728&LINKTYPE_03&DEVTYPE_00&VEN_8086&DEV_AE30&SUBSYS_0CE81028&REV_0001\5&32640736&1&0000DIF_000B&UIF_0000 requires further installation."
"16-06-2026 09:59:17","430","Information","Microsoft-Windows-Kernel-PnP","Device INTELAUDIO\DIF_0001&UIF_0001&CTLR_DEV_7728&LINKTYPE_05&DEVTYPE_05&VEN_8086&DEV_AE35&SUBSYS_0CE81028&REV_0001\5&32640736&1&0500DIF_000B&UIF_0001 requires further installation."
"16-06-2026 09:59:17","430","Information","Microsoft-Windows-Kernel-PnP","Device INTELAUDIO\CTLR_DEV_7728&LINKTYPE_06&DEVTYPE_06&VEN_8086&DEV_AE50&SUBSYS_0CE81028&REV_0001\5&32640736&1&0604DIF_000B&UIF_0000 requires further installation."
"16-06-2026 09:59:17","430","Information","Microsoft-Windows-Kernel-PnP","Device INTELAUDIO\SDW_CTLR_DEV_7728&VEN_8086&DEV_0333\5&32640736&1 requires further installation."
"16-06-2026 09:59:17","430","Information","Microsoft-Windows-Kernel-PnP","Device INTELAUDIO\DIF_0000&UIF_0000&CTLR_DEV_7728&VEN_8086&DetectionVerification\5&32640736&1&DIF_0000&UIF_0000 requires further installation."
"16-06-2026 09:45:28","420","Information","Microsoft-Windows-Kernel-PnP","Device ROOT\DELLUTILS\0000 was deleted.

Class GUID: {e0def58b-33e8-4ff0-a75d-f20e1f68e5d7}"
"16-06-2026 09:45:19","410","Information","Microsoft-Windows-Kernel-PnP","Device ROOT\DELLUTILS\0000 was started.

Driver Name: oem124.inf
Class GUID: {e0def58b-33e8-4ff0-a75d-f20e1f68e5d7}
Service: DBUtilDrv2
Lower Filters: 
Upper Filters: "
"16-06-2026 09:45:19","400","Information","Microsoft-Windows-Kernel-PnP","Device ROOT\DELLUTILS\0000 was configured.

Driver Name: oem124.inf
Driver Package ID: dbutildrv2.inf_amd64_a0b1fbed976d2b5b
Class GUID: {e0def58b-33e8-4ff0-a75d-f20e1f68e5d7}
Driver Date: 10/28/2025
Driver Version: 2.7.4.0
Driver Provider: Dell Technologies
Driver Section: DBUtilDrv2_Device.NT
Driver Rank: 0xFF0000
Matching Device ID: ROOT\DBUtilDrv2
Outranked Drivers: 
Device Updated: true
Parent Device: HTREE\ROOT\0"
"16-06-2026 09:44:56","410","Information","Microsoft-Windows-Kernel-PnP","Device ACPI\INTC1077\2&daba3ff&0 was started.

Driver Name: oem526.inf
Class GUID: {745a17a0-74d3-11d0-b6fe-00a0c90f57da}
Service: HidEventFilter
Lower Filters: 
Upper Filters: mshidkmdf"
"16-06-2026 09:44:55","400","Information","Microsoft-Windows-Kernel-PnP","Device ACPI\INTC1077\2&daba3ff&0 was configured.

Driver Name: oem526.inf
Driver Package ID: hideventfilter.inf_amd64_fe647780965d118d
Class GUID: {745a17a0-74d3-11d0-b6fe-00a0c90f57da}
Driver Date: 11/19/2025
Driver Version: 2.2.2.18
Driver Provider: Intel(R) Corporation
Driver Section: HidEventFilter.NTamd64
Driver Rank: 0xFF0001
Matching Device ID: ACPI\INTC1077
Outranked Drivers: oem137.inf:ACPI\INTC1077:00FF0001 oem258.inf:ACPI\INTC1077:00FF0001 oem286.inf:ACPI\INTC1077:00FF0001
Device Updated: true
Parent Device: ACPI_HAL\PNP0C08\0"
"16-06-2026 09:40:45","411","Error","Microsoft-Windows-Kernel-PnP","Device INTELAUDIO\DSP_CTLR_DEV_7728&VEN_8086&DEV_0222&SUBSYS_0CE81028&REV_0000\4&417d3cc&0&0800DIF_000B&UIF_0000 had a problem starting.

Driver Name: oem10.inf
Class GUID: {4d36e97d-e325-11ce-bfc1-08002be10318}
Service: IntcOED
Lower Filters: 
Upper Filters: 
Problem: 0xA
Problem Status: 0xC0000365"
"16-06-2026 09:40:45","400","Information","Microsoft-Windows-Kernel-PnP","Device INTELAUDIO\DSP_CTLR_DEV_7728&VEN_8086&DEV_0222&SUBSYS_0CE81028&REV_0000\4&417d3cc&0&0800DIF_000B&UIF_0000 was configured.

Driver Name: oem52.inf
Driver Package ID: intelmvaextension.inf_amd64_86623c218d777ae9
Class GUID: {e2f84ce7-8efa-411c-aa69-97454ca4cb57}
Driver Date: 02/02/2026
Driver Version: 1.0.4138.0
Driver Provider: Intel(R) Corporation
Driver Section: IntelMva.NT
Driver Rank: 0xFF2002
Matching Device ID: INTELAUDIO\DSP_CTLR_DEV_EXT_7728&VEN_8086&DEV_0222
Outranked Drivers: 
Device Updated: true
Parent Device: PCI\VEN_8086&DEV_7728&SUBSYS_0CE81028&REV_00\3&11583659&0&FB"
"16-06-2026 09:40:45","400","Information","Microsoft-Windows-Kernel-PnP","Device INTELAUDIO\DSP_CTLR_DEV_7728&VEN_8086&DEV_0222&SUBSYS_0CE81028&REV_0000\4&417d3cc&0&0800DIF_000B&UIF_0000 was configured.

Driver Name: oem149.inf
Driver Package ID: intcoed_oemlibpath_cirrus.inf_amd64_11b19b14b736837d
Class GUID: {e2f84ce7-8efa-411c-aa69-97454ca4cb57}
Driver Date: 12/17/2024
Driver Version: 1.13.6.313
Driver Provider: Cirrus Logic, Inc.
Driver Section: IntcOEDExt_Cirrus_MTL
Driver Rank: 0xFF0001
Matching Device ID: INTELAUDIO\DSP_CTLR_DEV_7728&VEN_8086&DEV_0222&SUBSYS_0CE81028
Outranked Drivers: 
Device Updated: true
Parent Device: PCI\VEN_8086&DEV_7728&SUBSYS_0CE81028&REV_00\3&11583659&0&FB"
"16-06-2026 09:40:45","400","Information","Microsoft-Windows-Kernel-PnP","Device INTELAUDIO\DSP_CTLR_DEV_7728&VEN_8086&DEV_0222&SUBSYS_0CE81028&REV_0000\4&417d3cc&0&0800DIF_000B&UIF_0000 was configured.

Driver Name: oem10.inf
Driver Package ID: intcoed.inf_amd64_9c2507cd1e59b188
Class GUID: {4d36e97d-e325-11ce-bfc1-08002be10318}
Driver Date: 03/30/2026
Driver Version: 20.40.12690.2
Driver Provider: Intel(R) Corporation
Driver Section: IntcOED_MTL_11.NT
Driver Rank: 0xFF2000
Matching Device ID: INTELAUDIO\DIF_000B&UIF_0000&DSP_CTLR_DEV_7728&VEN_8086&DEV_0222
Outranked Drivers: 
Device Updated: true
Parent Device: PCI\VEN_8086&DEV_7728&SUBSYS_0CE81028&REV_00\3&11583659&0&FB"
"16-06-2026 09:40:28","410","Information","Microsoft-Windows-Kernel-PnP","Device ACPI\ACPI0018\2&daba3ff&0 was started.

Driver Name: oem84.inf
Class GUID: {4d36e97d-e325-11ce-bfc1-08002be10318}
Service: AcpiAudioCompositor
Lower Filters: 
Upper Filters: "
"16-06-2026 09:40:28","400","Information","Microsoft-Windows-Kernel-PnP","Device ACPI\ACPI0018\2&daba3ff&0 was configured.

Driver Name: oem84.inf
Driver Package ID: acpiaudiocompositor.inf_amd64_3680293e2ff971e9
Class GUID: {4d36e97d-e325-11ce-bfc1-08002be10318}
Driver Date: 01/17/2025
Driver Version: 10.0.2410.7
Driver Provider: Microsoft
Driver Section: AcpiAudioCompositor_Device.NT
Driver Rank: 0xFF0002
Matching Device ID: *ACPI0018
Outranked Drivers: acpiaudiocompositor.inf:*ACPI0018:00FF1002
Device Updated: true
Parent Device: ACPI_HAL\PNP0C08\0"
"16-06-2026 09:40:25","410","Information","Microsoft-Windows-Kernel-PnP","Device PCI\VEN_8086&DEV_774C&SUBSYS_0CE81028&REV_00\3&11583659&0&40 was started.

Driver Name: oem54.inf
Class GUID: {4d36e97d-e325-11ce-bfc1-08002be10318}
Service: IntelGNA
Lower Filters: 
Upper Filters: "
"16-06-2026 09:40:25","400","Information","Microsoft-Windows-Kernel-PnP","Device PCI\VEN_8086&DEV_774C&SUBSYS_0CE81028&REV_00\3&11583659&0&40 was configured.

Driver Name: oem54.inf
Driver Package ID: gna.inf_amd64_8e2f374849f1eba9
Class GUID: {4d36e97d-e325-11ce-bfc1-08002be10318}
Driver Date: 11/14/2023
Driver Version: 3.5.0.1578
Driver Provider: Intel Corporation
Driver Section: IntelGNA_Install.NT
Driver Rank: 0xFF2001
Matching Device ID: PCI\VEN_8086&DEV_774C
Outranked Drivers: 
Device Updated: false
Parent Device: ACPI\PNP0A08\0"
"16-06-2026 09:40:23","411","Error","Microsoft-Windows-Kernel-PnP","Device INTELAUDIO\DSP_CTLR_DEV_7728&VEN_8086&DEV_0222&SUBSYS_0CE81028&REV_0000\4&417d3cc&0&0800DIF_000B&UIF_0000 had a problem starting.

Driver Name: oem10.inf
Class GUID: {4d36e97d-e325-11ce-bfc1-08002be10318}
Service: IntcOED
Lower Filters: 
Upper Filters: 
Problem: 0xA
Problem Status: 0xC0000365"
"16-06-2026 09:40:23","400","Information","Microsoft-Windows-Kernel-PnP","Device INTELAUDIO\DSP_CTLR_DEV_7728&VEN_8086&DEV_0222&SUBSYS_0CE81028&REV_0000\4&417d3cc&0&0800DIF_000B&UIF_0000 was configured.

Driver Name: oem52.inf
Driver Package ID: intelmvaextension.inf_amd64_86623c218d777ae9
Class GUID: {e2f84ce7-8efa-411c-aa69-97454ca4cb57}
Driver Date: 02/02/2026
Driver Version: 1.0.4138.0
Driver Provider: Intel(R) Corporation
Driver Section: IntelMva.NT
Driver Rank: 0xFF2002
Matching Device ID: INTELAUDIO\DSP_CTLR_DEV_EXT_7728&VEN_8086&DEV_0222
Outranked Drivers: 
Device Updated: true
Parent Device: PCI\VEN_8086&DEV_7728&SUBSYS_0CE81028&REV_00\3&11583659&0&FB"
"16-06-2026 09:40:23","400","Information","Microsoft-Windows-Kernel-PnP","Device INTELAUDIO\DSP_CTLR_DEV_7728&VEN_8086&DEV_0222&SUBSYS_0CE81028&REV_0000\4&417d3cc&0&0800DIF_000B&UIF_0000 was configured.

Driver Name: oem10.inf
Driver Package ID: intcoed.inf_amd64_9c2507cd1e59b188
Class GUID: {4d36e97d-e325-11ce-bfc1-08002be10318}
Driver Date: 03/30/2026
Driver Version: 20.40.12690.2
Driver Provider: Intel(R) Corporation
Driver Section: IntcOED_MTL_11.NT
Driver Rank: 0xFF2000
Matching Device ID: INTELAUDIO\DIF_000B&UIF_0000&DSP_CTLR_DEV_7728&VEN_8086&DEV_0222
Outranked Drivers: 
Device Updated: true
Parent Device: PCI\VEN_8086&DEV_7728&SUBSYS_0CE81028&REV_00\3&11583659&0&FB"
"16-06-2026 09:40:17","411","Error","Microsoft-Windows-Kernel-PnP","Device INTELAUDIO\DSP_CTLR_DEV_7728&VEN_8086&DEV_0222&SUBSYS_0CE81028&REV_0000\4&417d3cc&0&0800DIF_000B&UIF_0000 had a problem starting.

Driver Name: oem10.inf
Class GUID: {4d36e97d-e325-11ce-bfc1-08002be10318}
Service: IntcOED
Lower Filters: 
Upper Filters: 
Problem: 0xA
Problem Status: 0xC0000365"
"16-06-2026 09:40:17","400","Information","Microsoft-Windows-Kernel-PnP","Device INTELAUDIO\DSP_CTLR_DEV_7728&VEN_8086&DEV_0222&SUBSYS_0CE81028&REV_0000\4&417d3cc&0&0800DIF_000B&UIF_0000 was configured.

Driver Name: oem10.inf
Driver Package ID: intcoed.inf_amd64_9c2507cd1e59b188
Class GUID: {4d36e97d-e325-11ce-bfc1-08002be10318}
Driver Date: 03/30/2026
Driver Version: 20.40.12690.2
Driver Provider: Intel(R) Corporation
Driver Section: IntcOED_MTL_11.NT
Driver Rank: 0xFF2000
Matching Device ID: INTELAUDIO\DIF_000B&UIF_0000&DSP_CTLR_DEV_7728&VEN_8086&DEV_0222
Outranked Drivers: 
Device Updated: true
Parent Device: PCI\VEN_8086&DEV_7728&SUBSYS_0CE81028&REV_00\3&11583659&0&FB"
"16-06-2026 09:40:16","411","Error","Microsoft-Windows-Kernel-PnP","Device INTELAUDIO\DSP_CTLR_DEV_7728&VEN_8086&DEV_0222&SUBSYS_0CE81028&REV_0000\4&417d3cc&0&0800DIF_000B&UIF_0000 had a problem starting.

Driver Name: oem10.inf
Class GUID: {4d36e97d-e325-11ce-bfc1-08002be10318}
Service: IntcOED
Lower Filters: 
Upper Filters: 
Problem: 0xA
Problem Status: 0xC0000365"
"16-06-2026 09:40:16","400","Information","Microsoft-Windows-Kernel-PnP","Device INTELAUDIO\DSP_CTLR_DEV_7728&VEN_8086&DEV_0222&SUBSYS_0CE81028&REV_0000\4&417d3cc&0&0800DIF_000B&UIF_0000 was configured.

Driver Name: oem10.inf
Driver Package ID: intcoed.inf_amd64_9c2507cd1e59b188
Class GUID: {4d36e97d-e325-11ce-bfc1-08002be10318}
Driver Date: 03/30/2026
Driver Version: 20.40.12690.2
Driver Provider: Intel(R) Corporation
Driver Section: IntcOED_MTL_11.NT
Driver Rank: 0xFF2000
Matching Device ID: INTELAUDIO\DIF_000B&UIF_0000&DSP_CTLR_DEV_7728&VEN_8086&DEV_0222
Outranked Drivers: 
Device Updated: false
Parent Device: PCI\VEN_8086&DEV_7728&SUBSYS_0CE81028&REV_00\3&11583659&0&FB"
"16-06-2026 09:40:15","430","Information","Microsoft-Windows-Kernel-PnP","Device INTELAUDIO\DSP_CTLR_DEV_7728&VEN_8086&DEV_0222&SUBSYS_0CE81028&REV_0000\4&417d3cc&0&0800DIF_000B&UIF_0000 requires further installation."
"16-06-2026 09:40:15","410","Information","Microsoft-Windows-Kernel-PnP","Device PCI\VEN_8086&DEV_7728&SUBSYS_0CE81028&REV_00\3&11583659&0&FB was started.

Driver Name: oem2.inf
Class GUID: {4d36e97d-e325-11ce-bfc1-08002be10318}
Service: IntcAudioBus
Lower Filters: 
Upper Filters: "
"16-06-2026 09:40:15","400","Information","Microsoft-Windows-Kernel-PnP","Device PCI\VEN_8086&DEV_7728&SUBSYS_0CE81028&REV_00\3&11583659&0&FB was configured.

Driver Name: oem501.inf
Driver Package ID: hdbusext.inf_amd64_fa3aaa1a353259f9
Class GUID: {e2f84ce7-8efa-411c-aa69-97454ca4cb57}
Driver Date: 04/16/2026
Driver Version: 32.0.101.8724
Driver Provider: Intel Corporation
Driver Section: iAUDIO_w10_SGPC_DS
Driver Rank: 0xFF2001
Matching Device ID: PCI\VEN_8086&DEV_7728
Outranked Drivers: 
Device Updated: true
Parent Device: ACPI\PNP0A08\0"
"16-06-2026 09:40:15","400","Information","Microsoft-Windows-Kernel-PnP","Device PCI\VEN_8086&DEV_7728&SUBSYS_0CE81028&REV_00\3&11583659&0&FB was configured.

Driver Name: oem2.inf
Driver Package ID: intcaudiobus.inf_amd64_8daf4914e5cc2b90
Class GUID: {4d36e97d-e325-11ce-bfc1-08002be10318}
Driver Date: 03/30/2026
Driver Version: 20.40.12690.2
Driver Provider: Intel(R) Corporation
Driver Section: IntcAudioBus.NT
Driver Rank: 0xFF0002
Matching Device ID: PCI\VEN_8086&DEV_7728&CC_040380
Outranked Drivers: hdaudbus.inf:PCI\CC_0403:00FF2006
Device Updated: true
Parent Device: ACPI\PNP0A08\0"
"16-06-2026 09:39:55","420","Information","Microsoft-Windows-Kernel-PnP","Device INTELAUDIO\DSP_CTLR_DEV_7728&VEN_8086&DEV_0222&SUBSYS_0CE81028&REV_0000\4&417D3CC&0&0800DIF_000B&UIF_0000 was deleted.

Class GUID: {00000000-0000-0000-0000-000000000000}"
"16-06-2026 09:39:55","420","Information","Microsoft-Windows-Kernel-PnP","Device INTELAUDIO\CTLR_DEV_7728&LINKTYPE_03&DEVTYPE_03&VEN_8086&DEV_AE33&SUBSYS_0CE81028&REV_0001\5&32640736&0&0301DIF_000B&UIF_0000 was deleted.

Class GUID: {00000000-0000-0000-0000-000000000000}"
"16-06-2026 09:39:54","420","Information","Microsoft-Windows-Kernel-PnP","Device INTELAUDIO\SGPC_FUNC_01&VEN_8086&DEV_281D&SUBSYS_80860101&REV_1000\5&32640736&0&0201DIF_000B&UIF_0000 was deleted.

Class GUID: {4d36e96c-e325-11ce-bfc1-08002be10318}"
"16-06-2026 09:39:53","420","Information","Microsoft-Windows-Kernel-PnP","Device INTELAUDIO\CTLR_DEV_7728&LINKTYPE_03&DEVTYPE_00&VEN_8086&DEV_AE30&SUBSYS_0CE81028&REV_0001\5&32640736&0&0000DIF_000B&UIF_0000 was deleted.

Class GUID: {00000000-0000-0000-0000-000000000000}"
"16-06-2026 09:39:53","420","Information","Microsoft-Windows-Kernel-PnP","Device INTELAUDIO\DIF_0000&UIF_0000&CTLR_DEV_7728&VEN_8086&DETECTIONVERIFICATION\5&32640736&0&DIF_0000&UIF_0000 was deleted.

Class GUID: {00000000-0000-0000-0000-000000000000}"
"16-06-2026 09:39:53","420","Information","Microsoft-Windows-Kernel-PnP","Device HDAUDIO\SUBFUNC_01&VEN_8086&DEV_281D&NID_0001&SUBSYS_00000000&REV_1000\6&2D9A5E4C&0&0002&00000015 was deleted.

Class GUID: {4d36e96c-e325-11ce-bfc1-08002be10318}"
"16-06-2026 09:39:52","420","Information","Microsoft-Windows-Kernel-PnP","Device HDAUDIO\SUBFUNC_01&VEN_8086&DEV_281D&NID_0001&SUBSYS_00000000&REV_1000\6&2D9A5E4C&0&0002&00000025 was deleted.

Class GUID: {4d36e96c-e325-11ce-bfc1-08002be10318}"
"16-06-2026 09:39:52","420","Information","Microsoft-Windows-Kernel-PnP","Device HDAUDIO\SUBFUNC_01&VEN_8086&DEV_281D&NID_0001&SUBSYS_00000000&REV_1000\6&2D9A5E4C&0&0002&00000029 was deleted.

Class GUID: {4d36e96c-e325-11ce-bfc1-08002be10318}"
"16-06-2026 09:39:52","420","Information","Microsoft-Windows-Kernel-PnP","Device SWD\MMDEVAPI\{0.0.0.00000000}.{0EC42EB5-FDDE-4461-BADB-C7A3B929D68C} was deleted.

Class GUID: {c166523c-fe0c-4a94-a586-f1a80cfbbf3e}"
"16-06-2026 09:39:51","420","Information","Microsoft-Windows-Kernel-PnP","Device SWD\MMDEVAPI\{0.0.0.00000000}.{9A1BF29B-FAC1-4738-A148-14E38C14A020} was deleted.

Class GUID: {c166523c-fe0c-4a94-a586-f1a80cfbbf3e}"
"16-06-2026 09:39:51","420","Information","Microsoft-Windows-Kernel-PnP","Device SWD\MMDEVAPI\{0.0.0.00000000}.{D9730B53-DE8F-416A-85F6-57EBF60C3B82} was deleted.

Class GUID: {c166523c-fe0c-4a94-a586-f1a80cfbbf3e}"
"16-06-2026 09:39:50","420","Information","Microsoft-Windows-Kernel-PnP","Device INTELAUDIO\CTLR_DEV_7728&LINKTYPE_06&DEVTYPE_06&VEN_8086&DEV_AE50&SUBSYS_0CE81028&REV_0001\0604DIF_000B&UIF_0000 was deleted.

Class GUID: {00000000-0000-0000-0000-000000000000}"
"16-06-2026 09:39:50","420","Information","Microsoft-Windows-Kernel-PnP","Device INTELAUDIO\DIF_0001&UIF_0001&CTLR_DEV_7728&LINKTYPE_05&DEVTYPE_05&VEN_8086&DEV_AE35&SUBSYS_0CE81028&REV_0001\5&32640736&0&0500DIF_000B&UIF_0001 was deleted.

Class GUID: {00000000-0000-0000-0000-000000000000}"
"16-06-2026 09:39:50","420","Information","Microsoft-Windows-Kernel-PnP","Device {F67B0BEA-BDB7-47D3-9131-75877CDE0ED4}\STREAMING_SPEAKER&CP_{315065C5-56D6-11F1-A26A-A95A57CE4523}\6&24274C2A&0 was deleted.

Class GUID: {4d36e96c-e325-11ce-bfc1-08002be10318}"
"16-06-2026 09:39:49","420","Information","Microsoft-Windows-Kernel-PnP","Device {F67B0BEA-BDB7-47D3-9131-75877CDE0ED4}\STREAMING_HEADSETOUTPUT&CP_{3150650C-56D6-11F1-A26A-A95A57CE4523}\6&24274C2A&0 was deleted.

Class GUID: {4d36e96c-e325-11ce-bfc1-08002be10318}"
"16-06-2026 09:39:49","420","Information","Microsoft-Windows-Kernel-PnP","Device {F67B0BEA-BDB7-47D3-9131-75877CDE0ED4}\STREAMING_MICROPHONEARRAY&CP_{315065BF-56D6-11F1-A26A-A95A57CE4523}\6&24274C2A&0 was deleted.

Class GUID: {4d36e96c-e325-11ce-bfc1-08002be10318}"
"16-06-2026 09:39:48","420","Information","Microsoft-Windows-Kernel-PnP","Device {F67B0BEA-BDB7-47D3-9131-75877CDE0ED4}\STREAMING_HEADSETMIC&CP_{3150650D-56D6-11F1-A26A-A95A57CE4523}\6&24274C2A&0 was deleted.

Class GUID: {4d36e96c-e325-11ce-bfc1-08002be10318}"
"16-06-2026 09:39:48","420","Information","Microsoft-Windows-Kernel-PnP","Device INTELAUDIO\SDW_CTLR_DEV_7728&VEN_8086&DEV_0333\5&32640736&0 was deleted.

Class GUID: {00000000-0000-0000-0000-000000000000}"
"16-06-2026 09:39:48","420","Information","Microsoft-Windows-Kernel-PnP","Device SOUNDWIRE\SDCA&MAN_01FA&PART_4243&VER_03&CID_00&LID_00&UID_00&SUBSYS_0CE81028\6&19B92226&0&01424301FA000300 was deleted.

Class GUID: {4d36e97d-e325-11ce-bfc1-08002be10318}"
"16-06-2026 09:39:47","420","Information","Microsoft-Windows-Kernel-PnP","Device SOUNDWIRE\AGGREGATOR\6&19B92226&0 was deleted.

Class GUID: {4d36e96c-e325-11ce-bfc1-08002be10318}"
"16-06-2026 09:39:47","420","Information","Microsoft-Windows-Kernel-PnP","Device SOUNDWIRE\SDCA_06&MAN_01FA&FUNC_4243&TYPE_06&VER_01&ADR_03&LID_00&UID_00&SUBSYS_0CE81028\7&1EC1788&0&0000000000000003 was deleted.

Class GUID: {4d36e96c-e325-11ce-bfc1-08002be10318}"
"16-06-2026 09:39:47","420","Information","Microsoft-Windows-Kernel-PnP","Device SWD\DRIVERENUM\{EBF04DFA-3A1B-4E2E-8CFA-5D2BDB215DCA}#CSGMMUTESRV&7&1EC1788&0 was deleted.

Class GUID: {5c4c3332-344d-483c-8739-259e934c9cc8}"
"16-06-2026 09:39:46","420","Information","Microsoft-Windows-Kernel-PnP","Device SOUNDWIRE\SDCA_06&MAN_01FA&FUNC_4243&TYPE_0A&VER_01&ADR_04&LID_00&UID_00&SUBSYS_0CE81028\7&1EC1788&0&0000000000000004 was deleted.

Class GUID: {745a17a0-74d3-11d0-b6fe-00a0c90f57da}"
"16-06-2026 09:39:46","420","Information","Microsoft-Windows-Kernel-PnP","Device SOUNDWIRE\SDCA_06&MAN_01FA&FUNC_4243&TYPE_01&VER_01&ADR_01&LID_00&UID_00&SUBSYS_0CE81028\7&1EC1788&0&0000000000000001 was deleted.

Class GUID: {4d36e96c-e325-11ce-bfc1-08002be10318}"
"16-06-2026 09:39:46","420","Information","Microsoft-Windows-Kernel-PnP","Device SOUNDWIRE\SDCA_06&MAN_01FA&FUNC_4243&TYPE_03&VER_01&ADR_02&LID_00&UID_00&SUBSYS_0CE81028\7&1EC1788&0&0000000000000002 was deleted.

Class GUID: {4d36e96c-e325-11ce-bfc1-08002be10318}"
"16-06-2026 09:39:45","420","Information","Microsoft-Windows-Kernel-PnP","Device SOUNDWIRE\SDCA_06&MAN_01FA&FUNC_4243&TYPE_06&VER_01&ADR_03&LID_00&UID_00&SUBSYS_0CE81028&DYNAMICENUMSPEAKER0\8&88B61C&0&00001700 was deleted.

Class GUID: {4d36e96c-e325-11ce-bfc1-08002be10318}"
"16-06-2026 09:39:45","420","Information","Microsoft-Windows-Kernel-PnP","Device SOUNDWIRE\SDCA_06&MAN_01FA&FUNC_4243&TYPE_06&VER_01&ADR_03&LID_00&UID_00&SUBSYS_0CE81028&DYNAMICENUMMICROPHONE0\8&88B61C&0&00000B00 was deleted.

Class GUID: {4d36e96c-e325-11ce-bfc1-08002be10318}"
"16-06-2026 09:39:44","420","Information","Microsoft-Windows-Kernel-PnP","Device XUCSME\EXTENSIONSPEAKER\8&88B61C&0&00 was deleted.

Class GUID: {4d36e97d-e325-11ce-bfc1-08002be10318}"
"16-06-2026 09:39:44","420","Information","Microsoft-Windows-Kernel-PnP","Device XUCSME\JACKRETASKINGAUDIOMODULE\8&88B61C&0&00 was deleted.

Class GUID: {4d36e97d-e325-11ce-bfc1-08002be10318}"
"16-06-2026 09:39:44","420","Information","Microsoft-Windows-Kernel-PnP","Device XUCSME\EXTENSIONMICROPHONE\8&88B61C&0&00 was deleted.

Class GUID: {4d36e97d-e325-11ce-bfc1-08002be10318}"
"16-06-2026 09:39:43","420","Information","Microsoft-Windows-Kernel-PnP","Device VHF\HID_DEVICE_SYSTEM_VHF\8&4F577FA&0&{D782C0EF-B01F-531C-A36D-E539FE17560B} was deleted.

Class GUID: {745a17a0-74d3-11d0-b6fe-00a0c90f57da}"
"16-06-2026 09:39:43","420","Information","Microsoft-Windows-Kernel-PnP","Device SOUNDWIRE\SDCA_06&MAN_01FA&FUNC_4243&TYPE_01&VER_01&ADR_01&LID_00&UID_00&SUBSYS_0CE81028&DYNAMICENUMSPEAKER0\8&6AADA1E&0&00000C00 was deleted.

Class GUID: {4d36e96c-e325-11ce-bfc1-08002be10318}"
"16-06-2026 09:39:43","420","Information","Microsoft-Windows-Kernel-PnP","Device XUCSME\EXTENSIONSPEAKER\8&6AADA1E&0&00 was deleted.

Class GUID: {4d36e97d-e325-11ce-bfc1-08002be10318}"
"16-06-2026 09:39:42","420","Information","Microsoft-Windows-Kernel-PnP","Device XUCSME\EXTENSIONMICROPHONE\8&499087D&0&00 was deleted.

Class GUID: {4d36e97d-e325-11ce-bfc1-08002be10318}"
"16-06-2026 09:39:42","420","Information","Microsoft-Windows-Kernel-PnP","Device SOUNDWIRE\SDCA_06&MAN_01FA&FUNC_4243&TYPE_03&VER_01&ADR_02&LID_00&UID_00&SUBSYS_0CE81028&DYNAMICENUMMICROPHONE0\8&499087D&0&00000400 was deleted.

Class GUID: {4d36e96c-e325-11ce-bfc1-08002be10318}"
"16-06-2026 09:39:42","420","Information","Microsoft-Windows-Kernel-PnP","Device SWD\DRIVERENUM\{DC0701E7-E54B-442A-B70C-EF640F28C5DE}#ENHANCEAPO&9&1E28A088&0 was deleted.

Class GUID: {5989fce8-9cd0-467d-8a6a-5419e31529d4}"
"16-06-2026 09:39:41","420","Information","Microsoft-Windows-Kernel-PnP","Device SWD\DRIVERENUM\{B40146ED-D625-48CD-8DCB-36441AB5A116}#CLABPSRV&9&1E28A088&0 was deleted.

Class GUID: {5c4c3332-344d-483c-8739-259e934c9cc8}"
"16-06-2026 09:39:41","420","Information","Microsoft-Windows-Kernel-PnP","Device SWD\DRIVERENUM\{CEDDD3B4-1C8D-4834-805D-9DCEFA53921F}#INTELLIGOAPOSVC&9&A812C6C&0 was deleted.

Class GUID: {5c4c3332-344d-483c-8739-259e934c9cc8}"
"16-06-2026 09:39:41","420","Information","Microsoft-Windows-Kernel-PnP","Device SWD\DRIVERENUM\{CEDDD3B4-1C8D-4834-805D-9DCEFA53921F}#INTELLIGOAPOBASE&9&A812C6C&0 was deleted.

Class GUID: {5989fce8-9cd0-467d-8a6a-5419e31529d4}"
"16-06-2026 09:39:40","420","Information","Microsoft-Windows-Kernel-PnP","Device HID\HID_DEVICE_SYSTEM_VHF&COL01\9&326357C6&0&0000 was deleted.

Class GUID: {745a17a0-74d3-11d0-b6fe-00a0c90f57da}"
"16-06-2026 09:39:40","420","Information","Microsoft-Windows-Kernel-PnP","Device HID\HID_DEVICE_SYSTEM_VHF&COL02\9&326357C6&0&0001 was deleted.

Class GUID: {745a17a0-74d3-11d0-b6fe-00a0c90f57da}"
"16-06-2026 09:39:40","420","Information","Microsoft-Windows-Kernel-PnP","Device SWD\DRIVERENUM\{DC0701E7-E54B-442A-B70C-EF640F28C5DE}#ENHANCEAPO&9&8193FC6&0 was deleted.

Class GUID: {5989fce8-9cd0-467d-8a6a-5419e31529d4}"
"16-06-2026 09:39:39","420","Information","Microsoft-Windows-Kernel-PnP","Device SWD\MMDEVAPI\{0.0.0.00000000}.{5C509850-DBC3-4E8A-A765-A65342C4F9A0} was deleted.

Class GUID: {c166523c-fe0c-4a94-a586-f1a80cfbbf3e}"
"16-06-2026 09:39:39","420","Information","Microsoft-Windows-Kernel-PnP","Device SWD\DRIVERENUM\{B40146ED-D625-48CD-8DCB-36441AB5A116}#CLABPSRV&9&8193FC6&0 was deleted.

Class GUID: {5c4c3332-344d-483c-8739-259e934c9cc8}"
"16-06-2026 09:39:39","420","Information","Microsoft-Windows-Kernel-PnP","Device SWD\DRIVERENUM\{CEDDD3B4-1C8D-4834-805D-9DCEFA53921F}#INTELLIGOAPOBASE&9&1C2367BB&0 was deleted.

Class GUID: {5989fce8-9cd0-467d-8a6a-5419e31529d4}"
"16-06-2026 09:39:38","420","Information","Microsoft-Windows-Kernel-PnP","Device SWD\MMDEVAPI\{0.0.1.00000000}.{775FCCF5-6A61-4486-AC68-82C2E48691CA} was deleted.

Class GUID: {c166523c-fe0c-4a94-a586-f1a80cfbbf3e}"
"16-06-2026 09:39:38","420","Information","Microsoft-Windows-Kernel-PnP","Device SWD\DRIVERENUM\{CEDDD3B4-1C8D-4834-805D-9DCEFA53921F}#INTELLIGOAPOSVC&9&1C2367BB&0 was deleted.

Class GUID: {5c4c3332-344d-483c-8739-259e934c9cc8}"
"16-06-2026 09:39:36","410","Information","Microsoft-Windows-Kernel-PnP","Device ACPI\ACPI0018\2&daba3ff&0 was started.

Driver Name: acpiaudiocompositor.inf
Class GUID: {4d36e97d-e325-11ce-bfc1-08002be10318}
Service: AcpiAudioCompositorInbox
Lower Filters: 
Upper Filters: "
"16-06-2026 09:39:36","400","Information","Microsoft-Windows-Kernel-PnP","Device ACPI\ACPI0018\2&daba3ff&0 was configured.

Driver Name: acpiaudiocompositor.inf
Driver Package ID: acpiaudiocompositor.inf_amd64_047f553a6f70b169
Class GUID: {4d36e97d-e325-11ce-bfc1-08002be10318}
Driver Date: 06/21/2006
Driver Version: 10.0.26100.5074
Driver Provider: Microsoft
Driver Section: AcpiAudioCompositor_Device.NT
Driver Rank: 0xFF1002
Matching Device ID: *ACPI0018
Outranked Drivers: oem54.inf:*ACPI0018:00FF0002
Device Updated: true
Parent Device: ACPI_HAL\PNP0C08\0"
"16-06-2026 09:37:59","410","Information","Microsoft-Windows-Kernel-PnP","Device PCI\VEN_8086&DEV_7728&SUBSYS_0CE81028&REV_00\3&11583659&0&FB was started.

Driver Name: hdaudbus.inf
Class GUID: {4d36e97d-e325-11ce-bfc1-08002be10318}
Service: HDAudBus
Lower Filters: 
Upper Filters: "
"16-06-2026 09:37:59","400","Information","Microsoft-Windows-Kernel-PnP","Device PCI\VEN_8086&DEV_7728&SUBSYS_0CE81028&REV_00\3&11583659&0&FB was configured.

Driver Name: oem501.inf
Driver Package ID: hdbusext.inf_amd64_fa3aaa1a353259f9
Class GUID: {e2f84ce7-8efa-411c-aa69-97454ca4cb57}
Driver Date: 04/16/2026
Driver Version: 32.0.101.8724
Driver Provider: Intel Corporation
Driver Section: iAUDIO_w10_SGPC_DS
Driver Rank: 0xFF2001
Matching Device ID: PCI\VEN_8086&DEV_7728
Outranked Drivers: 
Device Updated: true
Parent Device: ACPI\PNP0A08\0"
"16-06-2026 09:37:59","400","Information","Microsoft-Windows-Kernel-PnP","Device PCI\VEN_8086&DEV_7728&SUBSYS_0CE81028&REV_00\3&11583659&0&FB was configured.

Driver Name: hdaudbus.inf
Driver Package ID: hdaudbus.inf_amd64_b6ab0e067332d74c
Class GUID: {4d36e97d-e325-11ce-bfc1-08002be10318}
Driver Date: 03/21/2026
Driver Version: 10.0.26100.8115
Driver Provider: Microsoft
Driver Section: HDAudio_Device.NT
Driver Rank: 0xFF2006
Matching Device ID: PCI\CC_0403
Outranked Drivers: oem479.inf:PCI\VEN_8086&DEV_7728&CC_040380:00FF0002
Device Updated: true
Parent Device: ACPI\PNP0A08\0"
"16-06-2026 09:37:53","400","Information","Microsoft-Windows-Kernel-PnP","Device INTELAUDIO\DSP_CTLR_DEV_7728&VEN_8086&DEV_0222&SUBSYS_0CE81028&REV_0000\4&417d3cc&0&0800DIF_000B&UIF_0000 was configured.

Driver Name: null
Driver Package ID: null
Class GUID: {00000000-0000-0000-0000-000000000000}
Driver Date: 
Driver Version: 
Driver Provider: 
Driver Section: 
Driver Rank: 0x0
Matching Device ID: 
Outranked Drivers: 
Device Updated: true
Parent Device: PCI\VEN_8086&DEV_7728&SUBSYS_0CE81028&REV_00\3&11583659&0&FB"
"16-06-2026 09:37:49","420","Information","Microsoft-Windows-Kernel-PnP","Device SWD\MMDEVAPI\{0.0.1.00000000}.{98A19C9D-EFA0-40EB-8907-8DB9CD2F7D05} was deleted.

Class GUID: {c166523c-fe0c-4a94-a586-f1a80cfbbf3e}"
"16-06-2026 09:37:49","420","Information","Microsoft-Windows-Kernel-PnP","Device SWD\MMDEVAPI\{0.0.1.00000000}.{323F7B54-B30B-4D80-B3B5-240BB16692EF} was deleted.

Class GUID: {c166523c-fe0c-4a94-a586-f1a80cfbbf3e}"
"16-06-2026 09:37:49","420","Information","Microsoft-Windows-Kernel-PnP","Device SWD\MMDEVAPI\{0.0.0.00000000}.{F401B7EF-BD2A-4659-B59B-9219752DAB13} was deleted.

Class GUID: {c166523c-fe0c-4a94-a586-f1a80cfbbf3e}"
"16-06-2026 09:37:49","420","Information","Microsoft-Windows-Kernel-PnP","Device SWD\MMDEVAPI\{0.0.0.00000000}.{BDABF973-E957-482C-B18F-7EE0D853173B} was deleted.

Class GUID: {c166523c-fe0c-4a94-a586-f1a80cfbbf3e}"
"16-06-2026 09:37:49","400","Information","Microsoft-Windows-Kernel-PnP","Device INTELAUDIO\SDW_CTLR_DEV_7728&VEN_8086&DEV_0333\5&32640736&0 was configured.

Driver Name: null
Driver Package ID: null
Class GUID: {00000000-0000-0000-0000-000000000000}
Driver Date: 
Driver Version: 
Driver Provider: 
Driver Section: 
Driver Rank: 0x0
Matching Device ID: 
Outranked Drivers: 
Device Updated: true
Parent Device: INTELAUDIO\DSP_CTLR_DEV_7728&VEN_8086&DEV_0222&SUBSYS_0CE81028&REV_0000\4&417d3cc&0&0800DIF_000B&UIF_0000"
"16-06-2026 09:37:47","400","Information","Microsoft-Windows-Kernel-PnP","Device INTELAUDIO\CTLR_DEV_7728&LINKTYPE_06&DEVTYPE_06&VEN_8086&DEV_AE50&SUBSYS_0CE81028&REV_0001\0604DIF_000B&UIF_0000 was configured.

Driver Name: null
Driver Package ID: null
Class GUID: {00000000-0000-0000-0000-000000000000}
Driver Date: 
Driver Version: 
Driver Provider: 
Driver Section: 
Driver Rank: 0x0
Matching Device ID: 
Outranked Drivers: 
Device Updated: true
Parent Device: INTELAUDIO\DSP_CTLR_DEV_7728&VEN_8086&DEV_0222&SUBSYS_0CE81028&REV_0000\4&417d3cc&0&0800DIF_000B&UIF_0000"
"16-06-2026 09:37:44","410","Information","Microsoft-Windows-Kernel-PnP","Device INTELAUDIO\CTLR_DEV_7728&LINKTYPE_06&DEVTYPE_06&VEN_8086&DEV_AE50&SUBSYS_0CE81028&REV_0001\0604DIF_000B&UIF_0000 was started.

Driver Name: oem418.inf
Class GUID: {4d36e96c-e325-11ce-bfc1-08002be10318}
Service: IntcUSB
Lower Filters: 
Upper Filters: "
"16-06-2026 09:37:44","400","Information","Microsoft-Windows-Kernel-PnP","Device INTELAUDIO\CTLR_DEV_7728&LINKTYPE_06&DEVTYPE_06&VEN_8086&DEV_AE50&SUBSYS_0CE81028&REV_0001\0604DIF_000B&UIF_0000 was configured.

Driver Name: oem418.inf
Driver Package ID: intcusb.inf_amd64_964806e9d7d14796
Class GUID: {4d36e96c-e325-11ce-bfc1-08002be10318}
Driver Date: 12/18/2024
Driver Version: 20.40.11684.4
Driver Provider: Intel(R) Corporation
Driver Section: IntcAudModel.NT
Driver Rank: 0xFF2000
Matching Device ID: INTELAUDIO\DIF_0001&UIF_0000&CTLR_DEV_7728&LINKTYPE_06&DEVTYPE_06&VEN_8086&DEV_AE50
Outranked Drivers: oem376.inf:INTELAUDIO\DIF_0001&UIF_0000&CTLR_DEV_7728&LINKTYPE_06&DEVTYPE_06&VEN_8086&DEV_AE50:00FF2000
Device Updated: true
Parent Device: INTELAUDIO\DSP_CTLR_DEV_7728&VEN_8086&DEV_0222&SUBSYS_0CE81028&REV_0000\4&417d3cc&0&0800DIF_000B&UIF_0000"
"16-06-2026 09:37:41","400","Information","Microsoft-Windows-Kernel-PnP","Device INTELAUDIO\CTLR_DEV_7728&LINKTYPE_03&DEVTYPE_00&VEN_8086&DEV_AE30&SUBSYS_0CE81028&REV_0001\5&32640736&0&0000DIF_000B&UIF_0000 was configured.

Driver Name: null
Driver Package ID: null
Class GUID: {00000000-0000-0000-0000-000000000000}
Driver Date: 
Driver Version: 
Driver Provider: 
Driver Section: 
Driver Rank: 0x0
Matching Device ID: 
Outranked Drivers: 
Device Updated: true
Parent Device: INTELAUDIO\DSP_CTLR_DEV_7728&VEN_8086&DEV_0222&SUBSYS_0CE81028&REV_0000\4&417d3cc&0&0800DIF_000B&UIF_0000"
"16-06-2026 09:37:39","410","Information","Microsoft-Windows-Kernel-PnP","Device INTELAUDIO\CTLR_DEV_7728&LINKTYPE_03&DEVTYPE_00&VEN_8086&DEV_AE30&SUBSYS_0CE81028&REV_0001\5&32640736&0&0000DIF_000B&UIF_0000 was started.

Driver Name: oem37.inf
Class GUID: {4d36e96c-e325-11ce-bfc1-08002be10318}
Service: IntcBTAu
Lower Filters: 
Upper Filters: "
"16-06-2026 09:37:39","400","Information","Microsoft-Windows-Kernel-PnP","Device INTELAUDIO\CTLR_DEV_7728&LINKTYPE_03&DEVTYPE_00&VEN_8086&DEV_AE30&SUBSYS_0CE81028&REV_0001\5&32640736&0&0000DIF_000B&UIF_0000 was configured.

Driver Name: oem37.inf
Driver Package ID: intcbtau.inf_amd64_6f51b1ae1a075883
Class GUID: {4d36e96c-e325-11ce-bfc1-08002be10318}
Driver Date: 12/18/2024
Driver Version: 20.40.11684.4
Driver Provider: Intel(R) Corporation
Driver Section: IntcAudModel.NT
Driver Rank: 0xFF2000
Matching Device ID: INTELAUDIO\DIF_0001&UIF_0000&CTLR_DEV_7728&LINKTYPE_03&DEVTYPE_00&VEN_8086&DEV_AE30
Outranked Drivers: oem169.inf:INTELAUDIO\DIF_0001&UIF_0000&CTLR_DEV_7728&LINKTYPE_03&DEVTYPE_00&VEN_8086&DEV_AE30:00FF2000
Device Updated: true
Parent Device: INTELAUDIO\DSP_CTLR_DEV_7728&VEN_8086&DEV_0222&SUBSYS_0CE81028&REV_0000\4&417d3cc&0&0800DIF_000B&UIF_0000"
"16-06-2026 09:37:32","400","Information","Microsoft-Windows-Kernel-PnP","Device INTELAUDIO\DIF_0000&UIF_0000&CTLR_DEV_7728&VEN_8086&DetectionVerification\5&32640736&0&DIF_0000&UIF_0000 was configured.

Driver Name: null
Driver Package ID: null
Class GUID: {00000000-0000-0000-0000-000000000000}
Driver Date: 
Driver Version: 
Driver Provider: 
Driver Section: 
Driver Rank: 0x0
Matching Device ID: 
Outranked Drivers: 
Device Updated: true
Parent Device: INTELAUDIO\DSP_CTLR_DEV_7728&VEN_8086&DEV_0222&SUBSYS_0CE81028&REV_0000\4&417d3cc&0&0800DIF_000B&UIF_0000"
"16-06-2026 09:37:28","400","Information","Microsoft-Windows-Kernel-PnP","Device INTELAUDIO\DIF_0001&UIF_0001&CTLR_DEV_7728&LINKTYPE_05&DEVTYPE_05&VEN_8086&DEV_AE35&SUBSYS_0CE81028&REV_0001\5&32640736&0&0500DIF_000B&UIF_0001 was configured.

Driver Name: null
Driver Package ID: null
Class GUID: {00000000-0000-0000-0000-000000000000}
Driver Date: 
Driver Version: 
Driver Provider: 
Driver Section: 
Driver Rank: 0x0
Matching Device ID: 
Outranked Drivers: 
Device Updated: true
Parent Device: INTELAUDIO\DSP_CTLR_DEV_7728&VEN_8086&DEV_0222&SUBSYS_0CE81028&REV_0000\4&417d3cc&0&0800DIF_000B&UIF_0000"
"16-06-2026 09:37:26","410","Information","Microsoft-Windows-Kernel-PnP","Device {F67B0BEA-BDB7-47D3-9131-75877CDE0ED4}\Streaming_HeadsetMic&CP_{3150650d-56d6-11f1-a26a-a95a57ce4523}\6&24274c2a&0 was started.

Driver Name: oem249.inf
Class GUID: {4d36e96c-e325-11ce-bfc1-08002be10318}
Service: 
Lower Filters: 
Upper Filters: "
"16-06-2026 09:37:25","400","Information","Microsoft-Windows-Kernel-PnP","Device {F67B0BEA-BDB7-47D3-9131-75877CDE0ED4}\Streaming_HeadsetMic&CP_{3150650d-56d6-11f1-a26a-a95a57ce4523}\6&24274c2a&0 was configured.

Driver Name: oem249.inf
Driver Package ID: intcstreaming.inf_amd64_1eb6a4b7cbddf431
Class GUID: {4d36e96c-e325-11ce-bfc1-08002be10318}
Driver Date: 12/18/2024
Driver Version: 20.40.11684.4
Driver Provider: Intel
Driver Section: Audio_Child_Device.NT
Driver Rank: 0xFF0001
Matching Device ID: {F67B0BEA-BDB7-47D3-9131-75877CDE0ED4}\Streaming_HeadsetMic
Outranked Drivers: oem100.inf:{F67B0BEA-BDB7-47D3-9131-75877CDE0ED4}\Streaming_HeadsetMic:00FF0001
Device Updated: true
Parent Device: INTELAUDIO\DIF_0001&UIF_0001&CTLR_DEV_7728&LINKTYPE_05&DEVTYPE_05&VEN_8086&DEV_AE35&SUBSYS_0CE81028&REV_0001\5&32640736&0&0500DIF_000B&UIF_0001"
"16-06-2026 09:37:25","410","Information","Microsoft-Windows-Kernel-PnP","Device {F67B0BEA-BDB7-47D3-9131-75877CDE0ED4}\Streaming_MicrophoneArray&CP_{315065bf-56d6-11f1-a26a-a95a57ce4523}\6&24274c2a&0 was started.

Driver Name: oem249.inf
Class GUID: {4d36e96c-e325-11ce-bfc1-08002be10318}
Service: 
Lower Filters: 
Upper Filters: "
"16-06-2026 09:37:25","400","Information","Microsoft-Windows-Kernel-PnP","Device {F67B0BEA-BDB7-47D3-9131-75877CDE0ED4}\Streaming_MicrophoneArray&CP_{315065bf-56d6-11f1-a26a-a95a57ce4523}\6&24274c2a&0 was configured.

Driver Name: oem249.inf
Driver Package ID: intcstreaming.inf_amd64_1eb6a4b7cbddf431
Class GUID: {4d36e96c-e325-11ce-bfc1-08002be10318}
Driver Date: 12/18/2024
Driver Version: 20.40.11684.4
Driver Provider: Intel
Driver Section: Audio_Child_Device.NT
Driver Rank: 0xFF0001
Matching Device ID: {F67B0BEA-BDB7-47D3-9131-75877CDE0ED4}\Streaming_MicrophoneArray
Outranked Drivers: oem100.inf:{F67B0BEA-BDB7-47D3-9131-75877CDE0ED4}\Streaming_MicrophoneArray:00FF0001
Device Updated: true
Parent Device: INTELAUDIO\DIF_0001&UIF_0001&CTLR_DEV_7728&LINKTYPE_05&DEVTYPE_05&VEN_8086&DEV_AE35&SUBSYS_0CE81028&REV_0001\5&32640736&0&0500DIF_000B&UIF_0001"
"16-06-2026 09:37:24","410","Information","Microsoft-Windows-Kernel-PnP","Device {F67B0BEA-BDB7-47D3-9131-75877CDE0ED4}\Streaming_HeadsetOutput&CP_{3150650c-56d6-11f1-a26a-a95a57ce4523}\6&24274c2a&0 was started.

Driver Name: oem249.inf
Class GUID: {4d36e96c-e325-11ce-bfc1-08002be10318}
Service: 
Lower Filters: 
Upper Filters: "
"16-06-2026 09:37:24","400","Information","Microsoft-Windows-Kernel-PnP","Device {F67B0BEA-BDB7-47D3-9131-75877CDE0ED4}\Streaming_HeadsetOutput&CP_{3150650c-56d6-11f1-a26a-a95a57ce4523}\6&24274c2a&0 was configured.

Driver Name: oem249.inf
Driver Package ID: intcstreaming.inf_amd64_1eb6a4b7cbddf431
Class GUID: {4d36e96c-e325-11ce-bfc1-08002be10318}
Driver Date: 12/18/2024
Driver Version: 20.40.11684.4
Driver Provider: Intel
Driver Section: Audio_Child_Device.NT
Driver Rank: 0xFF0001
Matching Device ID: {F67B0BEA-BDB7-47D3-9131-75877CDE0ED4}\Streaming_HeadsetOutput
Outranked Drivers: oem100.inf:{F67B0BEA-BDB7-47D3-9131-75877CDE0ED4}\Streaming_HeadsetOutput:00FF0001
Device Updated: true
Parent Device: INTELAUDIO\DIF_0001&UIF_0001&CTLR_DEV_7728&LINKTYPE_05&DEVTYPE_05&VEN_8086&DEV_AE35&SUBSYS_0CE81028&REV_0001\5&32640736&0&0500DIF_000B&UIF_0001"
"16-06-2026 09:37:23","410","Information","Microsoft-Windows-Kernel-PnP","Device {F67B0BEA-BDB7-47D3-9131-75877CDE0ED4}\Streaming_Speaker&CP_{315065c5-56d6-11f1-a26a-a95a57ce4523}\6&24274c2a&0 was started.

Driver Name: oem249.inf
Class GUID: {4d36e96c-e325-11ce-bfc1-08002be10318}
Service: 
Lower Filters: 
Upper Filters: "
"16-06-2026 09:37:23","400","Information","Microsoft-Windows-Kernel-PnP","Device {F67B0BEA-BDB7-47D3-9131-75877CDE0ED4}\Streaming_Speaker&CP_{315065c5-56d6-11f1-a26a-a95a57ce4523}\6&24274c2a&0 was configured.

Driver Name: oem249.inf
Driver Package ID: intcstreaming.inf_amd64_1eb6a4b7cbddf431
Class GUID: {4d36e96c-e325-11ce-bfc1-08002be10318}
Driver Date: 12/18/2024
Driver Version: 20.40.11684.4
Driver Provider: Intel
Driver Section: Audio_Child_Device.NT
Driver Rank: 0xFF0001
Matching Device ID: {F67B0BEA-BDB7-47D3-9131-75877CDE0ED4}\Streaming_Speaker
Outranked Drivers: oem100.inf:{F67B0BEA-BDB7-47D3-9131-75877CDE0ED4}\Streaming_Speaker:00FF0001
Device Updated: true
Parent Device: INTELAUDIO\DIF_0001&UIF_0001&CTLR_DEV_7728&LINKTYPE_05&DEVTYPE_05&VEN_8086&DEV_AE35&SUBSYS_0CE81028&REV_0001\5&32640736&0&0500DIF_000B&UIF_0001"
"16-06-2026 09:37:23","410","Information","Microsoft-Windows-Kernel-PnP","Device INTELAUDIO\DIF_0001&UIF_0001&CTLR_DEV_7728&LINKTYPE_05&DEVTYPE_05&VEN_8086&DEV_AE35&SUBSYS_0CE81028&REV_0001\5&32640736&0&0500DIF_000B&UIF_0001 was started.

Driver Name: oem249.inf
Class GUID: {4d36e96c-e325-11ce-bfc1-08002be10318}
Service: IntcStreaming
Lower Filters: 
Upper Filters: "
"16-06-2026 09:37:23","400","Information","Microsoft-Windows-Kernel-PnP","Device INTELAUDIO\DIF_0001&UIF_0001&CTLR_DEV_7728&LINKTYPE_05&DEVTYPE_05&VEN_8086&DEV_AE35&SUBSYS_0CE81028&REV_0001\5&32640736&0&0500DIF_000B&UIF_0001 was configured.

Driver Name: oem260.inf
Driver Package ID: intelstreamingext_cirrus.inf_amd64_682f7a5b7f55914d
Class GUID: {e2f84ce7-8efa-411c-aa69-97454ca4cb57}
Driver Date: 12/17/2024
Driver Version: 1.13.6.313
Driver Provider: Cirrus Logic, Inc.
Driver Section: IntelACXExt
Driver Rank: 0xFF0000
Matching Device ID: INTELAUDIO\DIF_0001&UIF_0001&CTLR_DEV_7728&LINKTYPE_05&DEVTYPE_05&VEN_8086&DEV_AE35&SUBSYS_0CE81028&REV_0001
Outranked Drivers: 
Device Updated: true
Parent Device: INTELAUDIO\DSP_CTLR_DEV_7728&VEN_8086&DEV_0222&SUBSYS_0CE81028&REV_0000\4&417d3cc&0&0800DIF_000B&UIF_0000"
"16-06-2026 09:37:23","400","Information","Microsoft-Windows-Kernel-PnP","Device INTELAUDIO\DIF_0001&UIF_0001&CTLR_DEV_7728&LINKTYPE_05&DEVTYPE_05&VEN_8086&DEV_AE35&SUBSYS_0CE81028&REV_0001\5&32640736&0&0500DIF_000B&UIF_0001 was configured.

Driver Name: oem249.inf
Driver Package ID: intcstreaming.inf_amd64_1eb6a4b7cbddf431
Class GUID: {4d36e96c-e325-11ce-bfc1-08002be10318}
Driver Date: 12/18/2024
Driver Version: 20.40.11684.4
Driver Provider: Intel
Driver Section: Audio_Device.NT
Driver Rank: 0xFF2000
Matching Device ID: INTELAUDIO\DIF_0001&UIF_0001&CTLR_DEV_7728&LINKTYPE_05&DEVTYPE_05&VEN_8086&DEV_AE35
Outranked Drivers: oem100.inf:INTELAUDIO\DIF_0001&UIF_0001&CTLR_DEV_7728&LINKTYPE_05&DEVTYPE_05&VEN_8086&DEV_AE35:00FF2000
Device Updated: true
Parent Device: INTELAUDIO\DSP_CTLR_DEV_7728&VEN_8086&DEV_0222&SUBSYS_0CE81028&REV_0000\4&417d3cc&0&0800DIF_000B&UIF_0000"
"16-06-2026 09:37:20","400","Information","Microsoft-Windows-Kernel-PnP","Device INTELAUDIO\CTLR_DEV_7728&LINKTYPE_03&DEVTYPE_03&VEN_8086&DEV_AE33&SUBSYS_0CE81028&REV_0001\5&32640736&0&0301DIF_000B&UIF_0000 was configured.

Driver Name: null
Driver Package ID: null
Class GUID: {00000000-0000-0000-0000-000000000000}
Driver Date: 
Driver Version: 
Driver Provider: 
Driver Section: 
Driver Rank: 0x0
Matching Device ID: 
Outranked Drivers: 
Device Updated: true
Parent Device: INTELAUDIO\DSP_CTLR_DEV_7728&VEN_8086&DEV_0222&SUBSYS_0CE81028&REV_0000\4&417d3cc&0&0800DIF_000B&UIF_0000"
"16-06-2026 09:37:18","410","Information","Microsoft-Windows-Kernel-PnP","Device INTELAUDIO\CTLR_DEV_7728&LINKTYPE_03&DEVTYPE_03&VEN_8086&DEV_AE33&SUBSYS_0CE81028&REV_0001\5&32640736&0&0301DIF_000B&UIF_0000 was started.

Driver Name: oem51.inf
Class GUID: {4d36e96c-e325-11ce-bfc1-08002be10318}
Service: IntcBtLE
Lower Filters: 
Upper Filters: "
"16-06-2026 09:37:18","400","Information","Microsoft-Windows-Kernel-PnP","Device INTELAUDIO\CTLR_DEV_7728&LINKTYPE_03&DEVTYPE_03&VEN_8086&DEV_AE33&SUBSYS_0CE81028&REV_0001\5&32640736&0&0301DIF_000B&UIF_0000 was configured.

Driver Name: oem51.inf
Driver Package ID: intcbtle.inf_amd64_ff9509b5cd68aeea
Class GUID: {4d36e96c-e325-11ce-bfc1-08002be10318}
Driver Date: 12/18/2024
Driver Version: 20.40.11684.4
Driver Provider: Intel(R) Corporation
Driver Section: IntcBtLE_Device.NT
Driver Rank: 0xFF2000
Matching Device ID: INTELAUDIO\DIF_0001&UIF_0000&CTLR_DEV_7728&LINKTYPE_03&DEVTYPE_03&VEN_8086&DEV_AE33
Outranked Drivers: oem155.inf:INTELAUDIO\DIF_0001&UIF_0000&CTLR_DEV_7728&LINKTYPE_03&DEVTYPE_03&VEN_8086&DEV_AE33:00FF2000
Device Updated: true
Parent Device: INTELAUDIO\DSP_CTLR_DEV_7728&VEN_8086&DEV_0222&SUBSYS_0CE81028&REV_0000\4&417d3cc&0&0800DIF_000B&UIF_0000"
"16-06-2026 09:37:16","410","Information","Microsoft-Windows-Kernel-PnP","Device INTELAUDIO\DSP_CTLR_DEV_7728&VEN_8086&DEV_0222&SUBSYS_0CE81028&REV_0000\4&417d3cc&0&0800DIF_000B&UIF_0000 was started.

Driver Name: oem58.inf
Class GUID: {4d36e97d-e325-11ce-bfc1-08002be10318}
Service: IntcOED
Lower Filters: 
Upper Filters: "
"16-06-2026 09:37:15","400","Information","Microsoft-Windows-Kernel-PnP","Device INTELAUDIO\DSP_CTLR_DEV_7728&VEN_8086&DEV_0222&SUBSYS_0CE81028&REV_0000\4&417d3cc&0&0800DIF_000B&UIF_0000 was configured.

Driver Name: oem443.inf
Driver Package ID: intcoed_oemlibpath_cirrus.inf_amd64_11b19b14b736837d
Class GUID: {e2f84ce7-8efa-411c-aa69-97454ca4cb57}
Driver Date: 12/17/2024
Driver Version: 1.13.6.313
Driver Provider: Cirrus Logic, Inc.
Driver Section: IntcOEDExt_Cirrus_MTL
Driver Rank: 0xFF0001
Matching Device ID: INTELAUDIO\DSP_CTLR_DEV_7728&VEN_8086&DEV_0222&SUBSYS_0CE81028
Outranked Drivers: 
Device Updated: true
Parent Device: PCI\VEN_8086&DEV_7728&SUBSYS_0CE81028&REV_00\3&11583659&0&FB"
"16-06-2026 09:37:15","400","Information","Microsoft-Windows-Kernel-PnP","Device INTELAUDIO\DSP_CTLR_DEV_7728&VEN_8086&DEV_0222&SUBSYS_0CE81028&REV_0000\4&417d3cc&0&0800DIF_000B&UIF_0000 was configured.

Driver Name: oem58.inf
Driver Package ID: intcoed.inf_amd64_7dc2fb71793c1221
Class GUID: {4d36e97d-e325-11ce-bfc1-08002be10318}
Driver Date: 11/24/2025
Driver Version: 20.40.12446.9
Driver Provider: Intel(R) Corporation
Driver Section: IntcOED_MTL_11.NT
Driver Rank: 0xFF2000
Matching Device ID: INTELAUDIO\DIF_000B&UIF_0000&DSP_CTLR_DEV_7728&VEN_8086&DEV_0222
Outranked Drivers: oem337.inf:INTELAUDIO\DIF_000B&UIF_0000&DSP_CTLR_DEV_7728&VEN_8086&DEV_0222:00FF2000
Device Updated: true
Parent Device: PCI\VEN_8086&DEV_7728&SUBSYS_0CE81028&REV_00\3&11583659&0&FB"
"16-06-2026 09:37:10","400","Information","Microsoft-Windows-Kernel-PnP","Device PCI\VEN_8086&DEV_774C&SUBSYS_0CE81028&REV_00\3&11583659&0&40 was configured.

Driver Name: null
Driver Package ID: null
Class GUID: {00000000-0000-0000-0000-000000000000}
Driver Date: 
Driver Version: 
Driver Provider: 
Driver Section: 
Driver Rank: 0x0
Matching Device ID: 
Outranked Drivers: 
Device Updated: true
Parent Device: ACPI\PNP0A08\0"
"15-06-2026 18:52:09","410","Information","Microsoft-Windows-Kernel-PnP","Device USB\VID_0BDA&PID_8153\001000001 was started.

Driver Name: oem516.inf
Class GUID: {4d36e972-e325-11ce-bfc1-08002be10318}
Service: rtu53cx22x64
Lower Filters: 
Upper Filters: "
"15-06-2026 18:52:08","410","Information","Microsoft-Windows-Kernel-PnP","Device DISPLAY\DELA1C6\4&20b8d095&0&UID24648 was started.

Driver Name: oem181.inf
Class GUID: {4d36e96e-e325-11ce-bfc1-08002be10318}
Service: monitor
Lower Filters: 
Upper Filters: "
"15-06-2026 18:52:08","400","Information","Microsoft-Windows-Kernel-PnP","Device DISPLAY\DELA1C6\4&20b8d095&0&UID24648 was configured.

Driver Name: oem181.inf
Driver Package ID: p2422he.inf_amd64_a24c8afa3c6a0ece
Class GUID: {4d36e96e-e325-11ce-bfc1-08002be10318}
Driver Date: 01/28/2021
Driver Version: 1.0.0.0
Driver Provider: Dell Inc.
Driver Section: P2422HE_USB_TypeC.Install
Driver Rank: 0xFF0000
Matching Device ID: MONITOR\DELA1C6
Outranked Drivers: monitor.inf:*PNP09FF:00FF2000
Device Updated: false
Parent Device: PCI\VEN_8086&DEV_7D41&SUBSYS_0CE81028&REV_00\3&11583659&0&10"
"15-06-2026 18:52:08","410","Information","Microsoft-Windows-Kernel-PnP","Device HID\VID_0424&PID_284C&MI_01\8&2dc08571&0&0000 was started.

Driver Name: input.inf
Class GUID: {745a17a0-74d3-11d0-b6fe-00a0c90f57da}
Service: 
Lower Filters: 
Upper Filters: "
"15-06-2026 18:52:08","410","Information","Microsoft-Windows-Kernel-PnP","Device USB\VID_0424&PID_284C&MI_00\7&1839e01b&0&0000 was started.

Driver Name: winusb.inf
Class GUID: {88bae032-5a81-49f0-bc3d-a4ff138216d6}
Service: WINUSB
Lower Filters: 
Upper Filters: "
"15-06-2026 18:52:08","400","Information","Microsoft-Windows-Kernel-PnP","Device HID\VID_0424&PID_284C&MI_01\8&2dc08571&0&0000 was configured.

Driver Name: input.inf
Driver Package ID: input.inf_amd64_b70b241e639b0256
Class GUID: {745a17a0-74d3-11d0-b6fe-00a0c90f57da}
Driver Date: 06/21/2006
Driver Version: 10.0.26100.8115
Driver Provider: Microsoft
Driver Section: HID_Raw_Inst.NT
Driver Rank: 0xFF1004
Matching Device ID: HID_DEVICE_UPR:FF00-FFFF
Outranked Drivers: input.inf:HID_DEVICE:00FF1005
Device Updated: false
Parent Device: USB\VID_0424&PID_284C&MI_01\7&1839e01b&0&0001"
"15-06-2026 18:52:08","410","Information","Microsoft-Windows-Kernel-PnP","Device USB\VID_0424&PID_284C&MI_01\7&1839e01b&0&0001 was started.

Driver Name: input.inf
Class GUID: {745a17a0-74d3-11d0-b6fe-00a0c90f57da}
Service: HidUsb
Lower Filters: 
Upper Filters: "
"15-06-2026 18:52:08","400","Information","Microsoft-Windows-Kernel-PnP","Device USB\VID_0424&PID_284C&MI_01\7&1839e01b&0&0001 was configured.

Driver Name: input.inf
Driver Package ID: input.inf_amd64_b70b241e639b0256
Class GUID: {745a17a0-74d3-11d0-b6fe-00a0c90f57da}
Driver Date: 06/21/2006
Driver Version: 10.0.26100.8115
Driver Provider: Microsoft
Driver Section: HID_Inst.NT
Driver Rank: 0xFF3205
Matching Device ID: USB\Class_03
Outranked Drivers: 
Device Updated: false
Parent Device: USB\VID_0424&PID_284C\6&1b0ddc8f&0&6"
"15-06-2026 18:52:08","400","Information","Microsoft-Windows-Kernel-PnP","Device USB\VID_0424&PID_284C&MI_00\7&1839e01b&0&0000 was configured.

Driver Name: winusb.inf
Driver Package ID: winusb.inf_amd64_e3d2ed0c43a36b9a
Class GUID: {88bae032-5a81-49f0-bc3d-a4ff138216d6}
Driver Date: 06/21/2006
Driver Version: 10.0.26100.1150
Driver Provider: Microsoft
Driver Section: WINUSB.NT
Driver Rank: 0xFF2000
Matching Device ID: USB\MS_COMP_WINUSB
Outranked Drivers: 
Device Updated: false
Parent Device: USB\VID_0424&PID_284C\6&1b0ddc8f&0&6"
"15-06-2026 18:52:08","410","Information","Microsoft-Windows-Kernel-PnP","Device USB\VID_0424&PID_284C\6&1b0ddc8f&0&6 was started.

Driver Name: usb.inf
Class GUID: {36fc9e60-c465-11cf-8056-444553540000}
Service: usbccgp
Lower Filters: 
Upper Filters: "
"15-06-2026 18:52:08","400","Information","Microsoft-Windows-Kernel-PnP","Device USB\VID_0424&PID_284C\6&1b0ddc8f&0&6 was configured.

Driver Name: usb.inf
Driver Package ID: usb.inf_amd64_ca05aed6371fe9f7
Class GUID: {36fc9e60-c465-11cf-8056-444553540000}
Driver Date: 06/21/2006
Driver Version: 10.0.26100.8115
Driver Provider: Microsoft
Driver Section: Composite.Dev.NT
Driver Rank: 0xFF2006
Matching Device ID: USB\COMPOSITE
Outranked Drivers: 
Device Updated: false
Parent Device: USB\VID_0424&PID_2806\5&2dc84fba&0&2"
"15-06-2026 18:52:08","400","Information","Microsoft-Windows-Kernel-PnP","Device USB\VID_0BDA&PID_8153\001000001 was configured.

Driver Name: oem516.inf
Driver Package ID: rtu53cx22x64sta.inf_amd64_c3c6ed4c6c05d323
Class GUID: {4d36e972-e325-11ce-bfc1-08002be10318}
Driver Date: 01/13/2026
Driver Version: 1153.22.20.113
Driver Provider: Realtek
Driver Section: RTL8153BCx64.ndi.NT
Driver Rank: 0xFF0000
Matching Device ID: USB\VID_0BDA&PID_8153&REV_3100
Outranked Drivers: rtux64w10.inf:USB\VID_0BDA&PID_8153&REV_3100:00FF1000 rtucx21x64.inf:USB\VID_0BDA&PID_8153&REV_3100:00FF1000 oem105.inf:USB\VID_0BDA&PID_8153&REV_3100:00FF0000 oem383.inf:USB\VID_0BDA&PID_8153&REV_3100:00FF0000 oem262.inf:USB\VID_0BDA&PID_8153&REV_3100:00FF0000 rtucx21x64.inf:USB\VID_0BDA&PID_8153:00FF1001 rtux64w10.inf:USB\VID_0BDA&PID_8153:00FF1001 oem105.inf:USB\VID_0BDA&PID_8153:00FF0001 oem262.inf:USB\VID_0BDA&PID_8153:00FF0001 oem383.inf:USB\VID_0BDA&PID_8153:00FF0001 oem516.inf:USB\VID_0BDA&PID_8153:00FF0001
Device Updated: true
Parent Device: USB\VID_0424&PID_5806\5&266331bc&0&5"
"15-06-2026 18:52:08","410","Information","Microsoft-Windows-Kernel-PnP","Device USB\VID_0424&PID_2806\5&2dc84fba&0&2 was started.

Driver Name: usbhub3.inf
Class GUID: {36fc9e60-c465-11cf-8056-444553540000}
Service: USBHUB3
Lower Filters: 
Upper Filters: "
"15-06-2026 18:52:07","400","Information","Microsoft-Windows-Kernel-PnP","Device USB\VID_0424&PID_2806\5&2dc84fba&0&2 was configured.

Driver Name: usbhub3.inf
Driver Package ID: usbhub3.inf_amd64_df35544dedc4d060
Class GUID: {36fc9e60-c465-11cf-8056-444553540000}
Driver Date: 03/20/2026
Driver Version: 10.0.26100.8115
Driver Provider: Microsoft
Driver Section: Generic.Install.NT
Driver Rank: 0x802000
Matching Device ID: USB\USB20_HUB
Outranked Drivers: 
Device Updated: false
Parent Device: USB\ROOT_HUB30\4&2169287b&0&0"
"15-06-2026 18:52:07","411","Error","Microsoft-Windows-Kernel-PnP","Device USB\VID_0424&PID_5806\5&266331bc&0&5 had a problem starting.

Driver Name: usbhub3.inf
Class GUID: {36fc9e60-c465-11cf-8056-444553540000}
Service: USBHUB3
Lower Filters: 
Upper Filters: 
Problem: 0xA
Problem Status: 0xC0000001"
"15-06-2026 18:52:07","400","Information","Microsoft-Windows-Kernel-PnP","Device USB\VID_0424&PID_5806\5&266331bc&0&5 was configured.

Driver Name: usbhub3.inf
Driver Package ID: usbhub3.inf_amd64_df35544dedc4d060
Class GUID: {36fc9e60-c465-11cf-8056-444553540000}
Driver Date: 03/20/2026
Driver Version: 10.0.26100.8115
Driver Provider: Microsoft
Driver Section: Generic.Install.NT
Driver Rank: 0x802000
Matching Device ID: USB\USB30_HUB
Outranked Drivers: 
Device Updated: false
Parent Device: USB\ROOT_HUB30\4&2855494a&0&0"
"15-06-2026 11:30:00","410","Information","Microsoft-Windows-Kernel-PnP","Device SWD\PRINTENUM\{82F6BACE-4071-4A3C-8BEA-0425E01E8029} was started.

Driver Name: printqueue.inf
Class GUID: {1ed2bbf9-11f0-4084-b21f-ad83a8e6dcdc}
Service: 
Lower Filters: 
Upper Filters: "
"15-06-2026 11:30:00","400","Information","Microsoft-Windows-Kernel-PnP","Device SWD\PRINTENUM\{82F6BACE-4071-4A3C-8BEA-0425E01E8029} was configured.

Driver Name: printqueue.inf
Driver Package ID: printqueue.inf_amd64_044b5f13f940e7c8
Class GUID: {1ed2bbf9-11f0-4084-b21f-ad83a8e6dcdc}
Driver Date: 06/21/2006
Driver Version: 10.0.26100.1
Driver Provider: Microsoft
Driver Section: NO_DRV_LOCAL
Driver Rank: 0x1
Matching Device ID: PRINTENUM\LocalPrintQueue
Outranked Drivers: oem455.inf:{3ee39114-30b4-45a4-a109-19d4a40fcc22}:00FF0002 c_swdevice.inf:SWD\GenericRaw:00FF3001
Device Updated: false
Parent Device: SWD\PRINTENUM\PrintQueues"
"15-06-2026 11:29:59","420","Information","Microsoft-Windows-Kernel-PnP","Device SWD\PRINTENUM\{85E2E57D-8517-48E9-9C9B-352E95CCE8E2} was deleted.

Class GUID: {1ed2bbf9-11f0-4084-b21f-ad83a8e6dcdc}"
"15-06-2026 10:50:44","410","Information","Microsoft-Windows-Kernel-PnP","Device USB\VID_0BDA&PID_8153\0013000001 was started.

Driver Name: oem516.inf
Class GUID: {4d36e972-e325-11ce-bfc1-08002be10318}
Service: rtu53cx22x64
Lower Filters: 
Upper Filters: "
"15-06-2026 10:50:43","400","Information","Microsoft-Windows-Kernel-PnP","Device USB\VID_0BDA&PID_8153\0013000001 was configured.

Driver Name: oem516.inf
Driver Package ID: rtu53cx22x64sta.inf_amd64_c3c6ed4c6c05d323
Class GUID: {4d36e972-e325-11ce-bfc1-08002be10318}
Driver Date: 01/13/2026
Driver Version: 1153.22.20.113
Driver Provider: Realtek
Driver Section: RTL8153BCx64.ndi.NT
Driver Rank: 0xFF0000
Matching Device ID: USB\VID_0BDA&PID_8153&REV_3100
Outranked Drivers: rtucx21x64.inf:USB\VID_0BDA&PID_8153&REV_3100:00FF1000 rtux64w10.inf:USB\VID_0BDA&PID_8153&REV_3100:00FF1000 oem105.inf:USB\VID_0BDA&PID_8153&REV_3100:00FF0000 oem262.inf:USB\VID_0BDA&PID_8153&REV_3100:00FF0000 oem383.inf:USB\VID_0BDA&PID_8153&REV_3100:00FF0000 rtucx21x64.inf:USB\VID_0BDA&PID_8153:00FF1001 rtux64w10.inf:USB\VID_0BDA&PID_8153:00FF1001 oem105.inf:USB\VID_0BDA&PID_8153:00FF0001 oem262.inf:USB\VID_0BDA&PID_8153:00FF0001 oem383.inf:USB\VID_0BDA&PID_8153:00FF0001 oem516.inf:USB\VID_0BDA&PID_8153:00FF0001
Device Updated: false
Parent Device: USB\VID_0424&PID_2806\5&2dc84fba&0&1"
"15-06-2026 10:50:42","430","Information","Microsoft-Windows-Kernel-PnP","Device USB\VID_0BDA&PID_8153\0013000001 requires further installation."
"15-06-2026 09:08:29","410","Information","Microsoft-Windows-Kernel-PnP","Device INTELAUDIO\DSP_CTLR_DEV_7728&VEN_8086&DEV_0222&SUBSYS_0CE81028&REV_0000\4&417d3cc&0&0800DIF_000B&UIF_0000 was started.

Driver Name: oem58.inf
Class GUID: {4d36e97d-e325-11ce-bfc1-08002be10318}
Service: IntcOED
Lower Filters: 
Upper Filters: "
"15-06-2026 09:08:28","430","Information","Microsoft-Windows-Kernel-PnP","Device HDAUDIO\SGPC_FUNC_01&VEN_8086&DEV_281D&SUBSYS_80860101&REV_1000\4&417d3cc&0&0201DIF_000B&UIF_0000 requires further installation."
"15-06-2026 09:08:28","400","Information","Microsoft-Windows-Kernel-PnP","Device INTELAUDIO\DSP_CTLR_DEV_7728&VEN_8086&DEV_0222&SUBSYS_0CE81028&REV_0000\4&417d3cc&0&0800DIF_000B&UIF_0000 was configured.

Driver Name: oem520.inf
Driver Package ID: intelmvaextension.inf_amd64_86623c218d777ae9
Class GUID: {e2f84ce7-8efa-411c-aa69-97454ca4cb57}
Driver Date: 02/02/2026
Driver Version: 1.0.4138.0
Driver Provider: Intel(R) Corporation
Driver Section: IntelMva.NT
Driver Rank: 0xFF2002
Matching Device ID: INTELAUDIO\DSP_CTLR_DEV_EXT_7728&VEN_8086&DEV_0222
Outranked Drivers: 
Device Updated: true
Parent Device: PCI\VEN_8086&DEV_7728&SUBSYS_0CE81028&REV_00\3&11583659&0&FB"
"15-06-2026 09:08:28","400","Information","Microsoft-Windows-Kernel-PnP","Device INTELAUDIO\DSP_CTLR_DEV_7728&VEN_8086&DEV_0222&SUBSYS_0CE81028&REV_0000\4&417d3cc&0&0800DIF_000B&UIF_0000 was configured.

Driver Name: oem443.inf
Driver Package ID: intcoed_oemlibpath_cirrus.inf_amd64_11b19b14b736837d
Class GUID: {e2f84ce7-8efa-411c-aa69-97454ca4cb57}
Driver Date: 12/17/2024
Driver Version: 1.13.6.313
Driver Provider: Cirrus Logic, Inc.
Driver Section: IntcOEDExt_Cirrus_MTL
Driver Rank: 0xFF0001
Matching Device ID: INTELAUDIO\DSP_CTLR_DEV_7728&VEN_8086&DEV_0222&SUBSYS_0CE81028
Outranked Drivers: 
Device Updated: true
Parent Device: PCI\VEN_8086&DEV_7728&SUBSYS_0CE81028&REV_00\3&11583659&0&FB"
"15-06-2026 09:08:28","400","Information","Microsoft-Windows-Kernel-PnP","Device INTELAUDIO\DSP_CTLR_DEV_7728&VEN_8086&DEV_0222&SUBSYS_0CE81028&REV_0000\4&417d3cc&0&0800DIF_000B&UIF_0000 was configured.

Driver Name: oem58.inf
Driver Package ID: intcoed.inf_amd64_7dc2fb71793c1221
Class GUID: {4d36e97d-e325-11ce-bfc1-08002be10318}
Driver Date: 11/24/2025
Driver Version: 20.40.12446.9
Driver Provider: Intel(R) Corporation
Driver Section: IntcOED_MTL_11.NT
Driver Rank: 0xFF2000
Matching Device ID: INTELAUDIO\DIF_000B&UIF_0000&DSP_CTLR_DEV_7728&VEN_8086&DEV_0222
Outranked Drivers: oem337.inf:INTELAUDIO\DIF_000B&UIF_0000&DSP_CTLR_DEV_7728&VEN_8086&DEV_0222:00FF2000
Device Updated: true
Parent Device: PCI\VEN_8086&DEV_7728&SUBSYS_0CE81028&REV_00\3&11583659&0&FB"
"09-06-2026 15:00:09","411","Error","Microsoft-Windows-Kernel-PnP","Device USB\VID_0000&PID_0002\5&2dc84fba&0&7 had a problem starting.

Driver Name: usb.inf
Class GUID: {36fc9e60-c465-11cf-8056-444553540000}
Service: 
Lower Filters: 
Upper Filters: 
Problem: 0x2B
Problem Status: 0x0"
"09-06-2026 15:00:09","400","Information","Microsoft-Windows-Kernel-PnP","Device USB\VID_0000&PID_0002\5&2dc84fba&0&7 was configured.

Driver Name: usb.inf
Driver Package ID: usb.inf_amd64_ca05aed6371fe9f7
Class GUID: {36fc9e60-c465-11cf-8056-444553540000}
Driver Date: 06/21/2006
Driver Version: 10.0.26100.8115
Driver Provider: Microsoft
Driver Section: BADDEVICE.Dev.NT
Driver Rank: 0xFF0000
Matching Device ID: USB\DEVICE_DESCRIPTOR_FAILURE
Outranked Drivers: usb.inf:USB\DEVICE_DESCRIPTOR_FAILURE:00FF2000
Device Updated: false
Parent Device: USB\ROOT_HUB30\4&2169287b&0&0"
"09-06-2026 11:14:48","410","Information","Microsoft-Windows-Kernel-PnP","Device SWD\MMDEVAPI\{0.0.0.00000000}.{0ec42eb5-fdde-4461-badb-c7a3b929d68c} was started.

Driver Name: audioendpoint.inf
Class GUID: {c166523c-fe0c-4a94-a586-f1a80cfbbf3e}
Service: 
Lower Filters: 
Upper Filters: "
"09-06-2026 11:14:48","400","Information","Microsoft-Windows-Kernel-PnP","Device SWD\MMDEVAPI\{0.0.0.00000000}.{0ec42eb5-fdde-4461-badb-c7a3b929d68c} was configured.

Driver Name: audioendpoint.inf
Driver Package ID: audioendpoint.inf_amd64_271c4d03bad18da8
Class GUID: {c166523c-fe0c-4a94-a586-f1a80cfbbf3e}
Driver Date: 03/31/2024
Driver Version: 10.0.26100.1
Driver Provider: Microsoft
Driver Section: NO_DRV
Driver Rank: 0xFF0000
Matching Device ID: MMDEVAPI\AudioEndpoints
Outranked Drivers: c_swdevice.inf:SWD\GenericRaw:00FF3001
Device Updated: false
Parent Device: HDAUDIO\SUBFUNC_01&VEN_8086&DEV_281D&NID_0001&SUBSYS_00000000&REV_1000\6&2d9a5e4c&0&0002&00000015"
"09-06-2026 11:14:47","410","Information","Microsoft-Windows-Kernel-PnP","Device HDAUDIO\SUBFUNC_01&VEN_8086&DEV_281D&NID_0001&SUBSYS_00000000&REV_1000\6&2d9a5e4c&0&0002&00000015 was started.

Driver Name: oem346.inf
Class GUID: {4d36e96c-e325-11ce-bfc1-08002be10318}
Service: 
Lower Filters: 
Upper Filters: "
"09-06-2026 11:14:47","400","Information","Microsoft-Windows-Kernel-PnP","Device HDAUDIO\SUBFUNC_01&VEN_8086&DEV_281D&NID_0001&SUBSYS_00000000&REV_1000\6&2d9a5e4c&0&0002&00000015 was configured.

Driver Name: oem346.inf
Driver Package ID: mshdadac.inf_amd64_a75c1fc7e527ee75
Class GUID: {4d36e96c-e325-11ce-bfc1-08002be10318}
Driver Date: 04/16/2026
Driver Version: 32.0.101.8724
Driver Provider: Intel Corporation
Driver Section: Audio_Child_Device_Wrapper.NT
Driver Rank: 0xFF3008
Matching Device ID: HDAUDIO\SUBFUNC_01&VEN_8086&DEV_281D
Outranked Drivers: oem484.inf:HDAUDIO\SUBFUNC_01&VEN_8086&DEV_281D:00FF3008
Device Updated: false
Parent Device: INTELAUDIO\SGPC_FUNC_01&VEN_8086&DEV_281D&SUBSYS_80860101&REV_1000\5&32640736&0&0201DIF_000B&UIF_0000"
"09-06-2026 11:14:47","410","Information","Microsoft-Windows-Kernel-PnP","Device DISPLAY\TSB2345\4&20b8d095&0&UID4145 was started.

Driver Name: monitor.inf
Class GUID: {4d36e96e-e325-11ce-bfc1-08002be10318}
Service: monitor
Lower Filters: 
Upper Filters: "
"09-06-2026 11:14:47","400","Information","Microsoft-Windows-Kernel-PnP","Device DISPLAY\TSB2345\4&20b8d095&0&UID4145 was configured.

Driver Name: monitor.inf
Driver Package ID: monitor.inf_amd64_f34c845bb3958726
Class GUID: {4d36e96e-e325-11ce-bfc1-08002be10318}
Driver Date: 06/21/2006
Driver Version: 10.0.26100.7309
Driver Provider: Microsoft
Driver Section: PnPMonitor.Install
Driver Rank: 0xFF2000
Matching Device ID: *PNP09FF
Outranked Drivers: 
Device Updated: false
Parent Device: PCI\VEN_8086&DEV_7D41&SUBSYS_0CE81028&REV_00\3&11583659&0&10"
"08-06-2026 19:03:42","410","Information","Microsoft-Windows-Kernel-PnP","Device HID\VID_248D&PID_8003\8&e289f5c&0&0000 was started.

Driver Name: keyboard.inf
Class GUID: {4d36e96b-e325-11ce-bfc1-08002be10318}
Service: kbdhid
Lower Filters: 
Upper Filters: "
"08-06-2026 19:03:42","400","Information","Microsoft-Windows-Kernel-PnP","Device HID\VID_248D&PID_8003\8&e289f5c&0&0000 was configured.

Driver Name: keyboard.inf
Driver Package ID: keyboard.inf_amd64_c56788078819b951
Class GUID: {4d36e96b-e325-11ce-bfc1-08002be10318}
Driver Date: 06/21/2006
Driver Version: 10.0.26100.1882
Driver Provider: Microsoft
Driver Section: HID_Keyboard_Inst.NT
Driver Rank: 0xFF1003
Matching Device ID: HID_DEVICE_SYSTEM_KEYBOARD
Outranked Drivers: input.inf:HID_DEVICE:00FF1005
Device Updated: false
Parent Device: USB\VID_248D&PID_8003\7&a758d7d&0&3"
"08-06-2026 19:03:42","410","Information","Microsoft-Windows-Kernel-PnP","Device USB\VID_248D&PID_8003\7&a758d7d&0&3 was started.

Driver Name: input.inf
Class GUID: {745a17a0-74d3-11d0-b6fe-00a0c90f57da}
Service: HidUsb
Lower Filters: 
Upper Filters: "
"08-06-2026 19:03:42","400","Information","Microsoft-Windows-Kernel-PnP","Device USB\VID_248D&PID_8003\7&a758d7d&0&3 was configured.

Driver Name: input.inf
Driver Package ID: input.inf_amd64_b70b241e639b0256
Class GUID: {745a17a0-74d3-11d0-b6fe-00a0c90f57da}
Driver Date: 06/21/2006
Driver Version: 10.0.26100.8115
Driver Provider: Microsoft
Driver Section: HID_Inst.NT
Driver Rank: 0xFF3104
Matching Device ID: USB\Class_03&SubClass_01
Outranked Drivers: input.inf:USB\Class_03:00FF3205
Device Updated: false
Parent Device: USB\VID_0424&PID_4216\6&27c8c08e&0&4"
"08-06-2026 18:44:39","410","Information","Microsoft-Windows-Kernel-PnP","Device USB\VID_0BDA&PID_8153\0033000001 was started.

Driver Name: oem518.inf
Class GUID: {4d36e972-e325-11ce-bfc1-08002be10318}
Service: rtu56cx22x64
Lower Filters: 
Upper Filters: "
"08-06-2026 18:44:36","400","Information","Microsoft-Windows-Kernel-PnP","Device USB\VID_0BDA&PID_8153\0033000001 was configured.

Driver Name: oem518.inf
Driver Package ID: rtu56cx22x64sta.inf_amd64_4630334b9b0b982d
Class GUID: {4d36e972-e325-11ce-bfc1-08002be10318}
Driver Date: 01/13/2026
Driver Version: 1156.22.20.113
Driver Provider: Realtek
Driver Section: RTL8153Dx64.ndi.NT
Driver Rank: 0xFF0000
Matching Device ID: USB\VID_0BDA&PID_8153&REV_3300
Outranked Drivers: rtucx21x64.inf:USB\VID_0BDA&PID_8153&REV_3300:00FF1000 oem78.inf:USB\VID_0BDA&PID_8153&REV_3300:00FF0000 oem238.inf:USB\VID_0BDA&PID_8153&REV_3300:00FF0000 oem275.inf:USB\VID_0BDA&PID_8153&REV_3300:00FF0000 rtucx21x64.inf:USB\VID_0BDA&PID_8153:00FF1001 rtux64w10.inf:USB\VID_0BDA&PID_8153:00FF1001 oem105.inf:USB\VID_0BDA&PID_8153:00FF0001 oem262.inf:USB\VID_0BDA&PID_8153:00FF0001 oem383.inf:USB\VID_0BDA&PID_8153:00FF0001 oem516.inf:USB\VID_0BDA&PID_8153:00FF0001
Device Updated: true
Parent Device: USB\VID_0424&PID_7216\6&2f275b41&0&4"
"08-06-2026 18:44:35","430","Information","Microsoft-Windows-Kernel-PnP","Device USB\VID_0BDA&PID_8153\0033000001 requires further installation."
"08-06-2026 17:04:21","410","Information","Microsoft-Windows-Kernel-PnP","Device PCI\VEN_8086&DEV_7D0B&SUBSYS_0CE81028&REV_00\3&11583659&0&70 was started.

Driver Name: oem512.inf
Class GUID: {4d36e97b-e325-11ce-bfc1-08002be10318}
Service: iaStorVD
Lower Filters: 
Upper Filters: "
"08-06-2026 17:04:16","410","Information","Microsoft-Windows-Kernel-PnP","Device SWD\DRIVERENUM\{8541b81c-193b-4f91-a86b-53df20c1974b}#RstHsa&4&2f520e81&0 was started.

Driver Name: oem514.inf
Class GUID: {5c4c3332-344d-483c-8739-259e934c9cc8}
Service: 
Lower Filters: 
Upper Filters: "
"08-06-2026 17:04:15","400","Information","Microsoft-Windows-Kernel-PnP","Device SWD\DRIVERENUM\{8541b81c-193b-4f91-a86b-53df20c1974b}#RstHsa&4&2f520e81&0 was configured.

Driver Name: oem514.inf
Driver Package ID: iastorhsacomponent.inf_amd64_495314391ea47070
Class GUID: {5c4c3332-344d-483c-8739-259e934c9cc8}
Driver Date: 04/02/2026
Driver Version: 20.2.13.1038
Driver Provider: Intel Corporation
Driver Section: RstHsaComponent_install.NTamd64
Driver Rank: 0xFF0000
Matching Device ID: SWC\VID8086&SW_RstHSA_19_0
Outranked Drivers: oem153.inf:SWC\VID8086&SW_RstHSA_19_0:00FF0000 oem365.inf:SWC\VID8086&SW_RstHSA_19_0:00FF0000 oem441.inf:SWC\VID8086&SW_RstHSA_19_0:00FF0000 c_swcomponent.inf:SWC\Generic:00FF3000 c_swdevice.inf:SWD\GenericRaw:00FF3001
Device Updated: true
Parent Device: PCI\VEN_8086&DEV_7D0B&SUBSYS_0CE81028&REV_00\3&11583659&0&70"
"08-06-2026 17:04:09","400","Information","Microsoft-Windows-Kernel-PnP","Device PCI\VEN_8086&DEV_7D0B&SUBSYS_0CE81028&REV_00\3&11583659&0&70 was configured.

Driver Name: oem513.inf
Driver Package ID: iastorhsa_ext.inf_amd64_28ae542658c3637b
Class GUID: {e2f84ce7-8efa-411c-aa69-97454ca4cb57}
Driver Date: 04/02/2026
Driver Version: 20.2.13.1038
Driver Provider: Intel Corporation
Driver Section: RstHsaExtension_install.NTamd64
Driver Rank: 0xFF2001
Matching Device ID: PCI\VEN_8086&DEV_7D0B
Outranked Drivers: 
Device Updated: true
Parent Device: ACPI\PNP0A08\0"
"08-06-2026 17:04:09","400","Information","Microsoft-Windows-Kernel-PnP","Device PCI\VEN_8086&DEV_7D0B&SUBSYS_0CE81028&REV_00\3&11583659&0&70 was configured.

Driver Name: oem512.inf
Driver Package ID: iastorvd.inf_amd64_dca58e6fa5e6b1d9
Class GUID: {4d36e97b-e325-11ce-bfc1-08002be10318}
Driver Date: 04/02/2026
Driver Version: 20.2.13.1038
Driver Provider: Intel Corporation
Driver Section: VMD_inst.NTamd64
Driver Rank: 0x802001
Matching Device ID: PCI\VEN_8086&DEV_7D0B
Outranked Drivers: oem248.inf:PCI\VEN_8086&DEV_7D0B:00802001 oem270.inf:PCI\VEN_8086&DEV_7D0B:00802001 oem478.inf:PCI\VEN_8086&DEV_7D0B:00802001
Device Updated: true
Parent Device: ACPI\PNP0A08\0"
"08-06-2026 17:03:50","400","Information","Microsoft-Windows-Kernel-PnP","Device PCI\VEN_8086&DEV_09AB&SUBSYS_0CE81028&REV_00\3&11583659&0&30 was configured.

Driver Name: oem512.inf
Driver Package ID: iastorvd.inf_amd64_dca58e6fa5e6b1d9
Class GUID: {4d36e97b-e325-11ce-bfc1-08002be10318}
Driver Date: 04/02/2026
Driver Version: 20.2.13.1038
Driver Provider: Intel Corporation
Driver Section: VMD_dummy_function_inst.NTamd64
Driver Rank: 0xFF2001
Matching Device ID: PCI\VEN_8086&DEV_09AB
Outranked Drivers: oem248.inf:PCI\VEN_8086&DEV_09AB:00FF2001 oem270.inf:PCI\VEN_8086&DEV_09AB:00FF2001 oem478.inf:PCI\VEN_8086&DEV_09AB:00FF2001
Device Updated: true
Parent Device: ACPI\PNP0A08\0"
"08-06-2026 17:03:46","400","Information","Microsoft-Windows-Kernel-PnP","Device PCI\VEN_8086&DEV_7D0B&SUBSYS_0CE81028&REV_00\3&11583659&0&70 was configured.

Driver Name: oem431.inf
Driver Package ID: iastorhsa_ext.inf_amd64_ee31d42270f0a9b0
Class GUID: {e2f84ce7-8efa-411c-aa69-97454ca4cb57}
Driver Date: 04/11/2025
Driver Version: 20.2.6.1025
Driver Provider: Intel Corporation
Driver Section: RstHsaExtension_install.NTamd64
Driver Rank: 0xFF2001
Matching Device ID: PCI\VEN_8086&DEV_7D0B
Outranked Drivers: 
Device Updated: true
Parent Device: ACPI\PNP0A08\0"
"08-06-2026 17:03:46","400","Information","Microsoft-Windows-Kernel-PnP","Device PCI\VEN_8086&DEV_7D0B&SUBSYS_0CE81028&REV_00\3&11583659&0&70 was configured.

Driver Name: oem512.inf
Driver Package ID: iastorvd.inf_amd64_dca58e6fa5e6b1d9
Class GUID: {4d36e97b-e325-11ce-bfc1-08002be10318}
Driver Date: 04/02/2026
Driver Version: 20.2.13.1038
Driver Provider: Intel Corporation
Driver Section: VMD_inst.NTamd64
Driver Rank: 0x802001
Matching Device ID: PCI\VEN_8086&DEV_7D0B
Outranked Drivers: oem248.inf:PCI\VEN_8086&DEV_7D0B:00802001 oem270.inf:PCI\VEN_8086&DEV_7D0B:00802001 oem478.inf:PCI\VEN_8086&DEV_7D0B:00802001
Device Updated: true
Parent Device: ACPI\PNP0A08\0"
"08-06-2026 16:59:33","410","Information","Microsoft-Windows-Kernel-PnP","Device SWD\DRIVERENUM\{03849b83-de07-4366-addd-7b5dbb16ecfc}#IpfEfProviderComponent&4&23556e4&0 was started.

Driver Name: oem510.inf
Class GUID: {5c4c3332-344d-483c-8739-259e934c9cc8}
Service: PRI-Driver
Lower Filters: 
Upper Filters: "
"08-06-2026 16:59:33","410","Information","Microsoft-Windows-Kernel-PnP","Device SWD\DRIVERENUM\{f7bc2682-70eb-4557-b9e0-86b069b3709c}#IpfEfProviderComponent&5&2c393730&0 was started.

Driver Name: oem508.inf
Class GUID: {5c4c3332-344d-483c-8739-259e934c9cc8}
Service: PRI-Driver
Lower Filters: 
Upper Filters: "
"08-06-2026 16:59:32","410","Information","Microsoft-Windows-Kernel-PnP","Device SWD\DRIVERENUM\{943855cc-edb2-421e-bf96-9d11d12e7430}#IpfEfPMTProviderComponent&4&22e119fc&0 was started.

Driver Name: oem509.inf
Class GUID: {5c4c3332-344d-483c-8739-259e934c9cc8}
Service: IntelTACD
Lower Filters: 
Upper Filters: "
"08-06-2026 16:59:30","410","Information","Microsoft-Windows-Kernel-PnP","Device SWD\DRIVERENUM\{f2d8c2cd-6407-49ee-8bd1-7213a57b87f6}#IpfEfProviderComponent&5&2c393730&0 was started.

Driver Name: oem511.inf
Class GUID: {5c4c3332-344d-483c-8739-259e934c9cc8}
Service: 
Lower Filters: 
Upper Filters: "
"08-06-2026 16:59:30","400","Information","Microsoft-Windows-Kernel-PnP","Device SWD\DRIVERENUM\{f2d8c2cd-6407-49ee-8bd1-7213a57b87f6}#IpfEfProviderComponent&5&2c393730&0 was configured.

Driver Name: oem511.inf
Driver Package ID: systemconfigprovider_sw.inf_amd64_bdf14616d65c80ae
Class GUID: {5c4c3332-344d-483c-8739-259e934c9cc8}
Driver Date: 01/17/2026
Driver Version: 3.4.1005.0
Driver Provider: Intel
Driver Section: IpfEfProviderInstall.NTamd64
Driver Rank: 0xFF0000
Matching Device ID: SWC\VID8086_IPFEF_SYSCONFIG_PROVIDER_1.0
Outranked Drivers: oem228.inf:SWC\VID8086_IPFEF_SYSCONFIG_PROVIDER_1.0:00FF0000 c_swcomponent.inf:SWC\Generic:00FF3000 c_swdevice.inf:SWD\GenericRaw:00FF3001
Device Updated: true
Parent Device: SWD\DRIVERENUM\IpfEfExtComponent&4&23556e4&0"
"08-06-2026 16:59:28","400","Information","Microsoft-Windows-Kernel-PnP","Device SWD\DRIVERENUM\{03849b83-de07-4366-addd-7b5dbb16ecfc}#IpfEfProviderComponent&4&23556e4&0 was configured.

Driver Name: oem510.inf
Driver Package ID: socthermalprovider_sw.inf_amd64_082d6c58316f87b7
Class GUID: {5c4c3332-344d-483c-8739-259e934c9cc8}
Driver Date: 02/16/2026
Driver Version: 3.4.1006.0
Driver Provider: Intel
Driver Section: IpfEfProviderInstall.NTamd64
Driver Rank: 0xFF0000
Matching Device ID: SWC\VID8086_IPFEF_SOCTHERMAL_PROVIDER_1.0
Outranked Drivers: oem50.inf:SWC\VID8086_IPFEF_SOCTHERMAL_PROVIDER_1.0:00FF0000 c_swcomponent.inf:SWC\Generic:00FF3000 c_swdevice.inf:SWD\GenericRaw:00FF3001
Device Updated: true
Parent Device: PCI\VEN_8086&DEV_7D03&SUBSYS_0CE81028&REV_05\3&11583659&0&20"
"08-06-2026 16:59:25","400","Information","Microsoft-Windows-Kernel-PnP","Device SWD\DRIVERENUM\{943855cc-edb2-421e-bf96-9d11d12e7430}#IpfEfPMTProviderComponent&4&22e119fc&0 was configured.

Driver Name: oem509.inf
Driver Package ID: pmtprovider_sw.inf_amd64_0e480ce4aa7bc932
Class GUID: {5c4c3332-344d-483c-8739-259e934c9cc8}
Driver Date: 02/16/2026
Driver Version: 3.4.1006.0
Driver Provider: Intel
Driver Section: IpfEfProviderInstall.NTamd64
Driver Rank: 0xFF0000
Matching Device ID: SWC\VID8086_IPFEF_PMT_PROVIDER_1.0
Outranked Drivers: oem104.inf:SWC\VID8086_IPFEF_PMT_PROVIDER_1.0:00FF0000 c_swcomponent.inf:SWC\Generic:00FF3000 c_swdevice.inf:SWD\GenericRaw:00FF3001
Device Updated: true
Parent Device: PCI\VEN_8086&DEV_7D0D&SUBSYS_0CE81028&REV_01\3&11583659&0&50"
"08-06-2026 16:59:12","400","Information","Microsoft-Windows-Kernel-PnP","Device SWD\DRIVERENUM\{f7bc2682-70eb-4557-b9e0-86b069b3709c}#IpfEfProviderComponent&5&2c393730&0 was configured.

Driver Name: oem508.inf
Driver Package ID: perfmonprovider_sw.inf_amd64_7a66cdc277dfdd8f
Class GUID: {5c4c3332-344d-483c-8739-259e934c9cc8}
Driver Date: 01/17/2026
Driver Version: 3.4.1005.0
Driver Provider: Intel
Driver Section: IpfEfProviderInstall.NTamd64
Driver Rank: 0xFF0000
Matching Device ID: SWC\VID8086_IPFEF_PERFMON_PROVIDER_1.0
Outranked Drivers: oem440.inf:SWC\VID8086_IPFEF_PERFMON_PROVIDER_1.0:00FF0000 c_swcomponent.inf:SWC\Generic:00FF3000 c_swdevice.inf:SWD\GenericRaw:00FF3001
Device Updated: true
Parent Device: SWD\DRIVERENUM\IpfEfExtComponent&4&23556e4&0"
"08-06-2026 16:59:10","410","Information","Microsoft-Windows-Kernel-PnP","Device SWD\DRIVERENUM\{d10bfa0c-8cb5-4674-8428-3633604b8c33}#IpfEfProviderComponent&5&2c393730&0 was started.

Driver Name: oem507.inf
Class GUID: {5c4c3332-344d-483c-8739-259e934c9cc8}
Service: PRI-Driver
Lower Filters: 
Upper Filters: "
"08-06-2026 16:59:10","400","Information","Microsoft-Windows-Kernel-PnP","Device SWD\DRIVERENUM\{d10bfa0c-8cb5-4674-8428-3633604b8c33}#IpfEfProviderComponent&5&2c393730&0 was configured.

Driver Name: oem507.inf
Driver Package ID: pcdtelemetryprovider_sw.inf_amd64_bc364fd1a1d26ebc
Class GUID: {5c4c3332-344d-483c-8739-259e934c9cc8}
Driver Date: 10/28/2025
Driver Version: 1.2.1001.0
Driver Provider: Intel
Driver Section: IpfEfProviderInstall.NTamd64
Driver Rank: 0xFF0000
Matching Device ID: SWC\VID8086_IPFEF_PCDTELEMETRY_PROVIDER_1.0
Outranked Drivers: c_swcomponent.inf:SWC\Generic:00FF3000 c_swdevice.inf:SWD\GenericRaw:00FF3001
Device Updated: true
Parent Device: SWD\DRIVERENUM\IpfEfExtComponent&4&23556e4&0"
"08-06-2026 16:59:07","410","Information","Microsoft-Windows-Kernel-PnP","Device SWD\DRIVERENUM\{322d459e-4d85-49b2-a700-b7df5808268c}#IpfEfProviderComponent&5&2c393730&0 was started.

Driver Name: oem506.inf
Class GUID: {5c4c3332-344d-483c-8739-259e934c9cc8}
Service: 
Lower Filters: 
Upper Filters: "
"08-06-2026 16:59:07","400","Information","Microsoft-Windows-Kernel-PnP","Device SWD\DRIVERENUM\{322d459e-4d85-49b2-a700-b7df5808268c}#IpfEfProviderComponent&5&2c393730&0 was configured.

Driver Name: oem506.inf
Driver Package ID: modsprovider_sw.inf_amd64_fc7b0b8d524470a8
Class GUID: {5c4c3332-344d-483c-8739-259e934c9cc8}
Driver Date: 01/17/2026
Driver Version: 3.4.1005.0
Driver Provider: Intel
Driver Section: IpfEfProviderInstall.NTamd64
Driver Rank: 0xFF0000
Matching Device ID: SWC\VID8086_IPEF_MODERN_STANDBY_PROVIDER_1.0
Outranked Drivers: oem186.inf:SWC\VID8086_IPEF_MODERN_STANDBY_PROVIDER_1.0:00FF0000 c_swcomponent.inf:SWC\Generic:00FF3000 c_swdevice.inf:SWD\GenericRaw:00FF3001
Device Updated: true
Parent Device: SWD\DRIVERENUM\IpfEfExtComponent&4&23556e4&0"
"08-06-2026 16:59:04","410","Information","Microsoft-Windows-Kernel-PnP","Device SWD\DRIVERENUM\{24016f90-83d3-41b2-a8cf-5acfad05b529}#IpfEfProviderComponent&5&2c393730&0 was started.

Driver Name: oem505.inf
Class GUID: {5c4c3332-344d-483c-8739-259e934c9cc8}
Service: 
Lower Filters: 
Upper Filters: "
"08-06-2026 16:59:04","400","Information","Microsoft-Windows-Kernel-PnP","Device SWD\DRIVERENUM\{24016f90-83d3-41b2-a8cf-5acfad05b529}#IpfEfProviderComponent&5&2c393730&0 was configured.

Driver Name: oem505.inf
Driver Package ID: igcl_ipf_provider_sw.inf_amd64_4a41ffeba2dc67d0
Class GUID: {5c4c3332-344d-483c-8739-259e934c9cc8}
Driver Date: 08/05/2025
Driver Version: 16.1.0.257
Driver Provider: Intel
Driver Section: IpfEfProviderInstall.NTamd64
Driver Rank: 0xFF0000
Matching Device ID: SWC\VID8086_IPFEF_IGCL_PROVIDER_1.0
Outranked Drivers: oem250.inf:SWC\VID8086_IPFEF_IGCL_PROVIDER_1.0:00FF0000 c_swcomponent.inf:SWC\Generic:00FF3000 c_swdevice.inf:SWD\GenericRaw:00FF3001
Device Updated: true
Parent Device: SWD\DRIVERENUM\IpfEfExtComponent&4&23556e4&0"
"08-06-2026 16:58:35","410","Information","Microsoft-Windows-Kernel-PnP","Device SWD\DRIVERENUM\IpfEfExtComponent&4&23556e4&0 was started.

Driver Name: oem503.inf
Class GUID: {4d36e97d-e325-11ce-bfc1-08002be10318}
Service: 
Lower Filters: 
Upper Filters: "
"08-06-2026 16:58:33","410","Information","Microsoft-Windows-Kernel-PnP","Device PCI\VEN_8086&DEV_7D03&SUBSYS_0CE81028&REV_05\3&11583659&0&20 was started.

Driver Name: oem503.inf
Class GUID: {4d36e97d-e325-11ce-bfc1-08002be10318}
Service: ipf_cpu
Lower Filters: 
Upper Filters: WUDFRd"
"08-06-2026 16:58:11","400","Information","Microsoft-Windows-Kernel-PnP","Device SWD\DRIVERENUM\IpfEfExtComponent&4&23556e4&0 was configured.

Driver Name: oem494.inf
Driver Package ID: pcdtelemetryprovider_ext.inf_amd64_0e67c963f1432d75
Class GUID: {e2f84ce7-8efa-411c-aa69-97454ca4cb57}
Driver Date: 10/28/2025
Driver Version: 1.2.1001.0
Driver Provider: Intel
Driver Section: IpfEfProviderInstall.NTamd64
Driver Rank: 0xFF0000
Matching Device ID: SWC\VID8086_IPFEF_1.0
Outranked Drivers: 
Device Updated: true
Parent Device: PCI\VEN_8086&DEV_7D03&SUBSYS_0CE81028&REV_05\3&11583659&0&20"
"08-06-2026 16:58:11","400","Information","Microsoft-Windows-Kernel-PnP","Device SWD\DRIVERENUM\IpfEfExtComponent&4&23556e4&0 was configured.

Driver Name: oem492.inf
Driver Package ID: modsprovider_ext.inf_amd64_b8da4a57908389ff
Class GUID: {e2f84ce7-8efa-411c-aa69-97454ca4cb57}
Driver Date: 01/17/2026
Driver Version: 3.4.1005.0
Driver Provider: Intel
Driver Section: IpfEfProviderInstall.NTamd64
Driver Rank: 0xFF0000
Matching Device ID: SWC\VID8086_IPFEF_1.0
Outranked Drivers: 
Device Updated: true
Parent Device: PCI\VEN_8086&DEV_7D03&SUBSYS_0CE81028&REV_05\3&11583659&0&20"
"08-06-2026 16:58:11","400","Information","Microsoft-Windows-Kernel-PnP","Device SWD\DRIVERENUM\IpfEfExtComponent&4&23556e4&0 was configured.

Driver Name: oem491.inf
Driver Package ID: systemconfigprovider_ext.inf_amd64_860761b962066acf
Class GUID: {e2f84ce7-8efa-411c-aa69-97454ca4cb57}
Driver Date: 01/17/2026
Driver Version: 3.4.1005.0
Driver Provider: Intel
Driver Section: IpfEfProviderInstall.NTamd64
Driver Rank: 0xFF0000
Matching Device ID: SWC\VID8086_IPFEF_1.0
Outranked Drivers: 
Device Updated: true
Parent Device: PCI\VEN_8086&DEV_7D03&SUBSYS_0CE81028&REV_05\3&11583659&0&20"
"08-06-2026 16:58:11","400","Information","Microsoft-Windows-Kernel-PnP","Device SWD\DRIVERENUM\IpfEfExtComponent&4&23556e4&0 was configured.

Driver Name: oem489.inf
Driver Package ID: perfmonprovider_ext.inf_amd64_956a25d81dae6813
Class GUID: {e2f84ce7-8efa-411c-aa69-97454ca4cb57}
Driver Date: 01/17/2026
Driver Version: 3.4.1005.0
Driver Provider: Intel
Driver Section: IpfEfProviderInstall.NTamd64
Driver Rank: 0xFF0000
Matching Device ID: SWC\VID8086_IPFEF_1.0
Outranked Drivers: 
Device Updated: true
Parent Device: PCI\VEN_8086&DEV_7D03&SUBSYS_0CE81028&REV_05\3&11583659&0&20"
"08-06-2026 16:58:11","400","Information","Microsoft-Windows-Kernel-PnP","Device SWD\DRIVERENUM\IpfEfExtComponent&4&23556e4&0 was configured.

Driver Name: oem488.inf
Driver Package ID: igcl_ipf_provider_ext.inf_amd64_3d8f0106e17ff721
Class GUID: {e2f84ce7-8efa-411c-aa69-97454ca4cb57}
Driver Date: 08/05/2025
Driver Version: 16.1.0.257
Driver Provider: Intel
Driver Section: IpfEfProviderInstall.NTamd64
Driver Rank: 0xFF0000
Matching Device ID: SWC\VID8086_IPFEF_1.0
Outranked Drivers: 
Device Updated: true
Parent Device: PCI\VEN_8086&DEV_7D03&SUBSYS_0CE81028&REV_05\3&11583659&0&20"
"08-06-2026 16:58:11","400","Information","Microsoft-Windows-Kernel-PnP","Device SWD\DRIVERENUM\IpfEfExtComponent&4&23556e4&0 was configured.

Driver Name: oem503.inf
Driver Package ID: ipf_cpu.inf_amd64_5fe37e024ff302b0
Class GUID: {4d36e97d-e325-11ce-bfc1-08002be10318}
Driver Date: 01/14/2026
Driver Version: 2.3.20303.5058
Driver Provider: Intel
Driver Section: IpfEfInstall.NTamd64
Driver Rank: 0xFF0000
Matching Device ID: SWC\VID8086_IPFEF_1.0
Outranked Drivers: oem144.inf:SWC\VID8086_IPFEF_1.0:00FF0000 oem451.inf:SWC\VID8086_IPFEF_1.0:00FF0000 c_swcomponent.inf:SWC\Generic:00FF3000 c_swdevice.inf:SWD\GenericRaw:00FF3001
Device Updated: true
Parent Device: PCI\VEN_8086&DEV_7D03&SUBSYS_0CE81028&REV_05\3&11583659&0&20"
"08-06-2026 16:58:05","400","Information","Microsoft-Windows-Kernel-PnP","Device PCI\VEN_8086&DEV_7D03&SUBSYS_0CE81028&REV_05\3&11583659&0&20 was configured.

Driver Name: oem495.inf
Driver Package ID: dtt_ext.inf_amd64_63332b0a44b6cf39
Class GUID: {e2f84ce7-8efa-411c-aa69-97454ca4cb57}
Driver Date: 03/11/2026
Driver Version: 9.1.10009.1745
Driver Provider: Intel
Driver Section: DttExtInstall.NTamd64
Driver Rank: 0xFF2001
Matching Device ID: PCI\VEN_8086&DEV_7D03
Outranked Drivers: 
Device Updated: true
Parent Device: ACPI\PNP0A08\0"
"08-06-2026 16:58:05","400","Information","Microsoft-Windows-Kernel-PnP","Device PCI\VEN_8086&DEV_7D03&SUBSYS_0CE81028&REV_05\3&11583659&0&20 was configured.

Driver Name: oem490.inf
Driver Package ID: socthermalprovider_ext.inf_amd64_5d11dab2092bf2b7
Class GUID: {e2f84ce7-8efa-411c-aa69-97454ca4cb57}
Driver Date: 02/16/2026
Driver Version: 3.4.1006.0
Driver Provider: Intel
Driver Section: IpfEfSOCThermalProviderInstall.NTamd64
Driver Rank: 0xFF2001
Matching Device ID: PCI\VEN_8086&DEV_7D03
Outranked Drivers: 
Device Updated: true
Parent Device: ACPI\PNP0A08\0"
"08-06-2026 16:58:05","400","Information","Microsoft-Windows-Kernel-PnP","Device PCI\VEN_8086&DEV_7D03&SUBSYS_0CE81028&REV_05\3&11583659&0&20 was configured.

Driver Name: oem503.inf
Driver Package ID: ipf_cpu.inf_amd64_5fe37e024ff302b0
Class GUID: {4d36e97d-e325-11ce-bfc1-08002be10318}
Driver Date: 01/14/2026
Driver Version: 2.3.20303.5058
Driver Provider: Intel
Driver Section: IpfInstall_EF.NTamd64
Driver Rank: 0xFF2001
Matching Device ID: PCI\VEN_8086&DEV_7D03
Outranked Drivers: oem144.inf:PCI\VEN_8086&DEV_7D03:00FF2001 oem451.inf:PCI\VEN_8086&DEV_7D03:00FF2001
Device Updated: true
Parent Device: ACPI\PNP0A08\0"
"08-06-2026 16:57:59","410","Information","Microsoft-Windows-Kernel-PnP","Device ACPI\INTC1042\IETM was started.

Driver Name: oem502.inf
Class GUID: {4d36e97d-e325-11ce-bfc1-08002be10318}
Service: ipf_acpi
Lower Filters: 
Upper Filters: "
"08-06-2026 16:57:59","400","Information","Microsoft-Windows-Kernel-PnP","Device ACPI\INTC1042\IETM was configured.

Driver Name: oem502.inf
Driver Package ID: ipf_acpi.inf_amd64_f5073569ebfc3cd9
Class GUID: {4d36e97d-e325-11ce-bfc1-08002be10318}
Driver Date: 01/14/2026
Driver Version: 2.3.20303.5058
Driver Provider: Intel
Driver Section: IpfAcpi.NTamd64
Driver Rank: 0xFF0001
Matching Device ID: ACPI\INTC1042
Outranked Drivers: oem266.inf:ACPI\INTC1042:00FF0001 oem312.inf:ACPI\INTC1042:00FF0001
Device Updated: true
Parent Device: ACPI_HAL\PNP0C08\0"
"08-06-2026 16:57:58","410","Information","Microsoft-Windows-Kernel-PnP","Device ACPI\INTC1064\TPCH was started.

Driver Name: oem502.inf
Class GUID: {4d36e97d-e325-11ce-bfc1-08002be10318}
Service: ipf_acpi
Lower Filters: 
Upper Filters: "
"08-06-2026 16:57:58","400","Information","Microsoft-Windows-Kernel-PnP","Device ACPI\INTC1064\TPCH was configured.

Driver Name: oem502.inf
Driver Package ID: ipf_acpi.inf_amd64_f5073569ebfc3cd9
Class GUID: {4d36e97d-e325-11ce-bfc1-08002be10318}
Driver Date: 01/14/2026
Driver Version: 2.3.20303.5058
Driver Provider: Intel
Driver Section: IpfAcpi.NTamd64
Driver Rank: 0xFF0001
Matching Device ID: ACPI\INTC1064
Outranked Drivers: oem266.inf:ACPI\INTC1064:00FF0001 oem312.inf:ACPI\INTC1064:00FF0001
Device Updated: true
Parent Device: ACPI\INTC1042\IETM"
"08-06-2026 16:57:56","410","Information","Microsoft-Windows-Kernel-PnP","Device ACPI\INTC1062\SEN6 was started.

Driver Name: oem502.inf
Class GUID: {4d36e97d-e325-11ce-bfc1-08002be10318}
Service: ipf_acpi
Lower Filters: 
Upper Filters: "
"08-06-2026 16:57:56","400","Information","Microsoft-Windows-Kernel-PnP","Device ACPI\INTC1062\SEN6 was configured.

Driver Name: oem502.inf
Driver Package ID: ipf_acpi.inf_amd64_f5073569ebfc3cd9
Class GUID: {4d36e97d-e325-11ce-bfc1-08002be10318}
Driver Date: 01/14/2026
Driver Version: 2.3.20303.5058
Driver Provider: Intel
Driver Section: IpfAcpi.NTamd64
Driver Rank: 0xFF0001
Matching Device ID: ACPI\INTC1062
Outranked Drivers: oem266.inf:ACPI\INTC1062:00FF0001 oem312.inf:ACPI\INTC1062:00FF0001
Device Updated: true
Parent Device: ACPI\INTC1042\IETM"
"08-06-2026 16:57:55","410","Information","Microsoft-Windows-Kernel-PnP","Device ACPI\INTC1062\SEN5 was started.

Driver Name: oem502.inf
Class GUID: {4d36e97d-e325-11ce-bfc1-08002be10318}
Service: ipf_acpi
Lower Filters: 
Upper Filters: "
"08-06-2026 16:57:55","400","Information","Microsoft-Windows-Kernel-PnP","Device ACPI\INTC1062\SEN5 was configured.

Driver Name: oem502.inf
Driver Package ID: ipf_acpi.inf_amd64_f5073569ebfc3cd9
Class GUID: {4d36e97d-e325-11ce-bfc1-08002be10318}
Driver Date: 01/14/2026
Driver Version: 2.3.20303.5058
Driver Provider: Intel
Driver Section: IpfAcpi.NTamd64
Driver Rank: 0xFF0001
Matching Device ID: ACPI\INTC1062
Outranked Drivers: oem266.inf:ACPI\INTC1062:00FF0001 oem312.inf:ACPI\INTC1062:00FF0001
Device Updated: true
Parent Device: ACPI\INTC1042\IETM"
"08-06-2026 16:57:54","410","Information","Microsoft-Windows-Kernel-PnP","Device ACPI\INTC1062\SEN4 was started.

Driver Name: oem502.inf
Class GUID: {4d36e97d-e325-11ce-bfc1-08002be10318}
Service: ipf_acpi
Lower Filters: 
Upper Filters: "
"08-06-2026 16:57:54","400","Information","Microsoft-Windows-Kernel-PnP","Device ACPI\INTC1062\SEN4 was configured.

Driver Name: oem502.inf
Driver Package ID: ipf_acpi.inf_amd64_f5073569ebfc3cd9
Class GUID: {4d36e97d-e325-11ce-bfc1-08002be10318}
Driver Date: 01/14/2026
Driver Version: 2.3.20303.5058
Driver Provider: Intel
Driver Section: IpfAcpi.NTamd64
Driver Rank: 0xFF0001
Matching Device ID: ACPI\INTC1062
Outranked Drivers: oem266.inf:ACPI\INTC1062:00FF0001 oem312.inf:ACPI\INTC1062:00FF0001
Device Updated: true
Parent Device: ACPI\INTC1042\IETM"
"08-06-2026 16:57:52","410","Information","Microsoft-Windows-Kernel-PnP","Device ACPI\INTC1062\SEN3 was started.

Driver Name: oem502.inf
Class GUID: {4d36e97d-e325-11ce-bfc1-08002be10318}
Service: ipf_acpi
Lower Filters: 
Upper Filters: "
"08-06-2026 16:57:52","400","Information","Microsoft-Windows-Kernel-PnP","Device ACPI\INTC1062\SEN3 was configured.

Driver Name: oem502.inf
Driver Package ID: ipf_acpi.inf_amd64_f5073569ebfc3cd9
Class GUID: {4d36e97d-e325-11ce-bfc1-08002be10318}
Driver Date: 01/14/2026
Driver Version: 2.3.20303.5058
Driver Provider: Intel
Driver Section: IpfAcpi.NTamd64
Driver Rank: 0xFF0001
Matching Device ID: ACPI\INTC1062
Outranked Drivers: oem266.inf:ACPI\INTC1062:00FF0001 oem312.inf:ACPI\INTC1062:00FF0001
Device Updated: true
Parent Device: ACPI\INTC1042\IETM"
"08-06-2026 16:57:51","410","Information","Microsoft-Windows-Kernel-PnP","Device ACPI\INTC1062\SEN2 was started.

Driver Name: oem502.inf
Class GUID: {4d36e97d-e325-11ce-bfc1-08002be10318}
Service: ipf_acpi
Lower Filters: 
Upper Filters: "
"08-06-2026 16:57:51","400","Information","Microsoft-Windows-Kernel-PnP","Device ACPI\INTC1062\SEN2 was configured.

Driver Name: oem502.inf
Driver Package ID: ipf_acpi.inf_amd64_f5073569ebfc3cd9
Class GUID: {4d36e97d-e325-11ce-bfc1-08002be10318}
Driver Date: 01/14/2026
Driver Version: 2.3.20303.5058
Driver Provider: Intel
Driver Section: IpfAcpi.NTamd64
Driver Rank: 0xFF0001
Matching Device ID: ACPI\INTC1062
Outranked Drivers: oem266.inf:ACPI\INTC1062:00FF0001 oem312.inf:ACPI\INTC1062:00FF0001
Device Updated: true
Parent Device: ACPI\INTC1042\IETM"
"08-06-2026 16:57:49","400","Information","Microsoft-Windows-Kernel-PnP","Device ACPI\INTC1062\SEN1 was configured.

Driver Name: oem502.inf
Driver Package ID: ipf_acpi.inf_amd64_f5073569ebfc3cd9
Class GUID: {4d36e97d-e325-11ce-bfc1-08002be10318}
Driver Date: 01/14/2026
Driver Version: 2.3.20303.5058
Driver Provider: Intel
Driver Section: IpfAcpi.NTamd64
Driver Rank: 0xFF0001
Matching Device ID: ACPI\INTC1062
Outranked Drivers: oem266.inf:ACPI\INTC1062:00FF0001 oem312.inf:ACPI\INTC1062:00FF0001
Device Updated: true
Parent Device: ACPI\INTC1042\IETM"
"08-06-2026 16:56:27","410","Information","Microsoft-Windows-Kernel-PnP","Device SWD\MMDEVAPI\{0.0.0.00000000}.{9a1bf29b-fac1-4738-a148-14e38c14a020} was started.

Driver Name: audioendpoint.inf
Class GUID: {c166523c-fe0c-4a94-a586-f1a80cfbbf3e}
Service: 
Lower Filters: 
Upper Filters: "
"08-06-2026 16:56:27","400","Information","Microsoft-Windows-Kernel-PnP","Device SWD\MMDEVAPI\{0.0.0.00000000}.{9a1bf29b-fac1-4738-a148-14e38c14a020} was configured.

Driver Name: audioendpoint.inf
Driver Package ID: audioendpoint.inf_amd64_271c4d03bad18da8
Class GUID: {c166523c-fe0c-4a94-a586-f1a80cfbbf3e}
Driver Date: 03/31/2024
Driver Version: 10.0.26100.1
Driver Provider: Microsoft
Driver Section: NO_DRV
Driver Rank: 0xFF0000
Matching Device ID: MMDEVAPI\AudioEndpoints
Outranked Drivers: c_swdevice.inf:SWD\GenericRaw:00FF3001
Device Updated: false
Parent Device: HDAUDIO\SUBFUNC_01&VEN_8086&DEV_281D&NID_0001&SUBSYS_00000000&REV_1000\6&2d9a5e4c&0&0002&00000025"
"08-06-2026 16:56:27","420","Information","Microsoft-Windows-Kernel-PnP","Device SWD\MMDEVAPI\{0.0.0.00000000}.{D83774C7-2E18-459E-90FC-F680A8299BE6} was deleted.

Class GUID: {c166523c-fe0c-4a94-a586-f1a80cfbbf3e}"
"08-06-2026 16:56:26","410","Information","Microsoft-Windows-Kernel-PnP","Device HDAUDIO\SUBFUNC_01&VEN_8086&DEV_281D&NID_0001&SUBSYS_00000000&REV_1000\6&2d9a5e4c&0&0002&00000025 was started.

Driver Name: oem346.inf
Class GUID: {4d36e96c-e325-11ce-bfc1-08002be10318}
Service: 
Lower Filters: 
Upper Filters: "
"08-06-2026 16:56:26","400","Information","Microsoft-Windows-Kernel-PnP","Device HDAUDIO\SUBFUNC_01&VEN_8086&DEV_281D&NID_0001&SUBSYS_00000000&REV_1000\6&2d9a5e4c&0&0002&00000025 was configured.

Driver Name: oem346.inf
Driver Package ID: mshdadac.inf_amd64_a75c1fc7e527ee75
Class GUID: {4d36e96c-e325-11ce-bfc1-08002be10318}
Driver Date: 04/16/2026
Driver Version: 32.0.101.8724
Driver Provider: Intel Corporation
Driver Section: Audio_Child_Device_Wrapper.NT
Driver Rank: 0xFF3008
Matching Device ID: HDAUDIO\SUBFUNC_01&VEN_8086&DEV_281D
Outranked Drivers: oem484.inf:HDAUDIO\SUBFUNC_01&VEN_8086&DEV_281D:00FF3008
Device Updated: true
Parent Device: INTELAUDIO\SGPC_FUNC_01&VEN_8086&DEV_281D&SUBSYS_80860101&REV_1000\5&32640736&0&0201DIF_000B&UIF_0000"
"08-06-2026 16:56:26","410","Information","Microsoft-Windows-Kernel-PnP","Device INTELAUDIO\SGPC_FUNC_01&VEN_8086&DEV_281D&SUBSYS_80860101&REV_1000\5&32640736&0&0201DIF_000B&UIF_0000 was started.

Driver Name: oem346.inf
Class GUID: {4d36e96c-e325-11ce-bfc1-08002be10318}
Service: AcxHdAudio
Lower Filters: 
Upper Filters: "
"08-06-2026 16:56:25","400","Information","Microsoft-Windows-Kernel-PnP","Device INTELAUDIO\SGPC_FUNC_01&VEN_8086&DEV_281D&SUBSYS_80860101&REV_1000\5&32640736&0&0201DIF_000B&UIF_0000 was configured.

Driver Name: oem346.inf
Driver Package ID: mshdadac.inf_amd64_a75c1fc7e527ee75
Class GUID: {4d36e96c-e325-11ce-bfc1-08002be10318}
Driver Date: 04/16/2026
Driver Version: 32.0.101.8724
Driver Provider: Intel Corporation
Driver Section: Audio_Device_Wrapper.NT
Driver Rank: 0xF00001
Matching Device ID: INTELAUDIO\SGPC_FUNC_01&VEN_8086&DEV_281D&SUBSYS_80860101
Outranked Drivers: oem484.inf:INTELAUDIO\SGPC_FUNC_01&VEN_8086&DEV_281D&SUBSYS_80860101:00F00001 oem484.inf:INTELAUDIO\SGPC_FUNC_01&VEN_8086&DEV_281D:00F01003 oem346.inf:INTELAUDIO\SGPC_FUNC_01&VEN_8086&DEV_281D:00F01003
Device Updated: true
Parent Device: INTELAUDIO\DSP_CTLR_DEV_7728&VEN_8086&DEV_0222&SUBSYS_0CE81028&REV_0000\4&417d3cc&0&0800DIF_000B&UIF_0000"
"08-06-2026 16:56:21","411","Error","Microsoft-Windows-Kernel-PnP","Device PCI\VEN_8086&DEV_7D41&SUBSYS_0CE81028&REV_00\3&11583659&0&10 had a problem starting.

Driver Name: oem27.inf
Class GUID: {4d36e968-e325-11ce-bfc1-08002be10318}
Service: igfxn
Lower Filters: 
Upper Filters: 
Problem: 0x0
Problem Status: 0xC00000E5"
"08-06-2026 16:56:20","400","Information","Microsoft-Windows-Kernel-PnP","Device PCI\VEN_8086&DEV_7D41&SUBSYS_0CE81028&REV_00\3&11583659&0&10 was configured.

Driver Name: oem496.inf
Driver Package ID: iigd_ext.inf_amd64_9bc87952f8489989
Class GUID: {e2f84ce7-8efa-411c-aa69-97454ca4cb57}
Driver Date: 04/16/2026
Driver Version: 32.0.101.8724
Driver Provider: Intel Corporation
Driver Section: ARLH_IG_wNext_Taroko14 ARL
Driver Rank: 0xFF0001
Matching Device ID: PCI\VEN_8086&DEV_7D41&SUBSYS_0CE81028
Outranked Drivers: 
Device Updated: true
Parent Device: ACPI\PNP0A08\0"
"08-06-2026 16:56:20","400","Information","Microsoft-Windows-Kernel-PnP","Device PCI\VEN_8086&DEV_7D41&SUBSYS_0CE81028&REV_00\3&11583659&0&10 was configured.

Driver Name: oem470.inf
Driver Package ID: iigd_ext.inf_amd64_33dadd3f6fdfacbf
Class GUID: {e2f84ce7-8efa-411c-aa69-97454ca4cb57}
Driver Date: 04/28/2025
Driver Version: 32.0.101.6790
Driver Provider: Intel Corporation
Driver Section: ARLH_IG_wNext_Taroko14 ARL
Driver Rank: 0xFF0001
Matching Device ID: PCI\VEN_8086&DEV_7D41&SUBSYS_0CE81028
Outranked Drivers: 
Device Updated: true
Parent Device: ACPI\PNP0A08\0"
"08-06-2026 16:56:20","400","Information","Microsoft-Windows-Kernel-PnP","Device PCI\VEN_8086&DEV_7D41&SUBSYS_0CE81028&REV_00\3&11583659&0&10 was configured.

Driver Name: oem437.inf
Driver Package ID: iigd_ext.inf_amd64_185caa84bd185eb8
Class GUID: {e2f84ce7-8efa-411c-aa69-97454ca4cb57}
Driver Date: 10/22/2025
Driver Version: 32.0.101.8247
Driver Provider: Intel Corporation
Driver Section: ARLH_IG_wNext_Taroko14 ARL
Driver Rank: 0xFF0001
Matching Device ID: PCI\VEN_8086&DEV_7D41&SUBSYS_0CE81028
Outranked Drivers: 
Device Updated: true
Parent Device: ACPI\PNP0A08\0"
"08-06-2026 16:56:20","400","Information","Microsoft-Windows-Kernel-PnP","Device PCI\VEN_8086&DEV_7D41&SUBSYS_0CE81028&REV_00\3&11583659&0&10 was configured.

Driver Name: oem417.inf
Driver Package ID: iigd_ext.inf_amd64_9dfde9747ed41b37
Class GUID: {e2f84ce7-8efa-411c-aa69-97454ca4cb57}
Driver Date: 01/30/2026
Driver Version: 32.0.101.8508
Driver Provider: Intel Corporation
Driver Section: ARLH_IG_wNext_Taroko14 ARL
Driver Rank: 0xFF0001
Matching Device ID: PCI\VEN_8086&DEV_7D41&SUBSYS_0CE81028
Outranked Drivers: 
Device Updated: true
Parent Device: ACPI\PNP0A08\0"
"08-06-2026 16:56:20","400","Information","Microsoft-Windows-Kernel-PnP","Device PCI\VEN_8086&DEV_7D41&SUBSYS_0CE81028&REV_00\3&11583659&0&10 was configured.

Driver Name: oem364.inf
Driver Package ID: iigd_ext.inf_amd64_cc3fbc28de8c73ea
Class GUID: {e2f84ce7-8efa-411c-aa69-97454ca4cb57}
Driver Date: 06/04/2025
Driver Version: 32.0.101.6881
Driver Provider: Intel Corporation
Driver Section: ARLH_IG_wNext_Taroko14 ARL
Driver Rank: 0xFF0001
Matching Device ID: PCI\VEN_8086&DEV_7D41&SUBSYS_0CE81028
Outranked Drivers: 
Device Updated: true
Parent Device: ACPI\PNP0A08\0"
"08-06-2026 16:56:20","400","Information","Microsoft-Windows-Kernel-PnP","Device PCI\VEN_8086&DEV_7D41&SUBSYS_0CE81028&REV_00\3&11583659&0&10 was configured.

Driver Name: oem355.inf
Driver Package ID: iigd_ext.inf_amd64_93eb2b76c219becf
Class GUID: {e2f84ce7-8efa-411c-aa69-97454ca4cb57}
Driver Date: 07/29/2025
Driver Version: 32.0.101.6987
Driver Provider: Intel Corporation
Driver Section: ARLH_IG_wNext_Taroko14 ARL
Driver Rank: 0xFF0001
Matching Device ID: PCI\VEN_8086&DEV_7D41&SUBSYS_0CE81028
Outranked Drivers: 
Device Updated: true
Parent Device: ACPI\PNP0A08\0"
"08-06-2026 16:56:20","400","Information","Microsoft-Windows-Kernel-PnP","Device PCI\VEN_8086&DEV_7D41&SUBSYS_0CE81028&REV_00\3&11583659&0&10 was configured.

Driver Name: oem338.inf
Driver Package ID: iigd_ext.inf_amd64_dd56c8496788d08d
Class GUID: {e2f84ce7-8efa-411c-aa69-97454ca4cb57}
Driver Date: 03/18/2025
Driver Version: 32.0.101.6651
Driver Provider: Intel Corporation
Driver Section: ARLH_IG_wNext_Taroko14 ARL
Driver Rank: 0xFF0001
Matching Device ID: PCI\VEN_8086&DEV_7D41&SUBSYS_0CE81028
Outranked Drivers: 
Device Updated: true
Parent Device: ACPI\PNP0A08\0"
"08-06-2026 16:56:20","400","Information","Microsoft-Windows-Kernel-PnP","Device PCI\VEN_8086&DEV_7D41&SUBSYS_0CE81028&REV_00\3&11583659&0&10 was configured.

Driver Name: oem216.inf
Driver Package ID: iigd_ext.inf_amd64_dd6d17ba618ad518
Class GUID: {e2f84ce7-8efa-411c-aa69-97454ca4cb57}
Driver Date: 11/26/2024
Driver Version: 32.0.101.6313
Driver Provider: Intel Corporation
Driver Section: ARLH_IG_wNext_Taroko14 ARL
Driver Rank: 0xFF0001
Matching Device ID: PCI\VEN_8086&DEV_7D41&SUBSYS_0CE81028
Outranked Drivers: 
Device Updated: true
Parent Device: ACPI\PNP0A08\0"
"08-06-2026 16:56:20","400","Information","Microsoft-Windows-Kernel-PnP","Device PCI\VEN_8086&DEV_7D41&SUBSYS_0CE81028&REV_00\3&11583659&0&10 was configured.

Driver Name: oem183.inf
Driver Package ID: iigd_ext.inf_amd64_118c128ade056bcf
Class GUID: {e2f84ce7-8efa-411c-aa69-97454ca4cb57}
Driver Date: 09/19/2025
Driver Version: 32.0.101.8132
Driver Provider: Intel Corporation
Driver Section: ARLH_IG_wNext_Taroko14 ARL
Driver Rank: 0xFF0001
Matching Device ID: PCI\VEN_8086&DEV_7D41&SUBSYS_0CE81028
Outranked Drivers: 
Device Updated: true
Parent Device: ACPI\PNP0A08\0"
"08-06-2026 16:56:20","400","Information","Microsoft-Windows-Kernel-PnP","Device PCI\VEN_8086&DEV_7D41&SUBSYS_0CE81028&REV_00\3&11583659&0&10 was configured.

Driver Name: oem27.inf
Driver Package ID: iigd_dch.inf_amd64_890a08c3df64cf6a
Class GUID: {4d36e968-e325-11ce-bfc1-08002be10318}
Driver Date: 04/16/2026
Driver Version: 32.0.101.8724
Driver Provider: Intel Corporation
Driver Section: ARLH_IG_wNext
Driver Rank: 0xCF0001
Matching Device ID: PCI\VEN_8086&DEV_7D41&SUBSYS_0CE81028
Outranked Drivers: oem130.inf:PCI\VEN_8086&DEV_7D41&SUBSYS_0CE81028:00CF0001 oem130.inf:PCI\VEN_8086&DEV_7D41:00CF2001 oem27.inf:PCI\VEN_8086&DEV_7D41:00CF2001 display.inf:PCI\CC_0300:00FB2008
Device Updated: true
Parent Device: ACPI\PNP0A08\0"
"08-06-2026 16:56:10","410","Information","Microsoft-Windows-Kernel-PnP","Device INTELAUDIO\SGPC_FUNC_01&VEN_8086&DEV_281D&SUBSYS_80860101&REV_1000\5&32640736&0&0201DIF_000B&UIF_0000 was started.

Driver Name: oem346.inf
Class GUID: {4d36e96c-e325-11ce-bfc1-08002be10318}
Service: AcxHdAudio
Lower Filters: 
Upper Filters: "
"08-06-2026 16:56:09","400","Information","Microsoft-Windows-Kernel-PnP","Device INTELAUDIO\SGPC_FUNC_01&VEN_8086&DEV_281D&SUBSYS_80860101&REV_1000\5&32640736&0&0201DIF_000B&UIF_0000 was configured.

Driver Name: oem346.inf
Driver Package ID: mshdadac.inf_amd64_a75c1fc7e527ee75
Class GUID: {4d36e96c-e325-11ce-bfc1-08002be10318}
Driver Date: 04/16/2026
Driver Version: 32.0.101.8724
Driver Provider: Intel Corporation
Driver Section: Audio_Device_Wrapper.NT
Driver Rank: 0xF00001
Matching Device ID: INTELAUDIO\SGPC_FUNC_01&VEN_8086&DEV_281D&SUBSYS_80860101
Outranked Drivers: oem484.inf:INTELAUDIO\SGPC_FUNC_01&VEN_8086&DEV_281D&SUBSYS_80860101:00F00001 oem484.inf:INTELAUDIO\SGPC_FUNC_01&VEN_8086&DEV_281D:00F01003 oem346.inf:INTELAUDIO\SGPC_FUNC_01&VEN_8086&DEV_281D:00F01003
Device Updated: true
Parent Device: INTELAUDIO\DSP_CTLR_DEV_7728&VEN_8086&DEV_0222&SUBSYS_0CE81028&REV_0000\4&417d3cc&0&0800DIF_000B&UIF_0000"
"08-06-2026 16:56:06","410","Information","Microsoft-Windows-Kernel-PnP","Device SWD\MMDEVAPI\{0.0.0.00000000}.{d83774c7-2e18-459e-90fc-f680a8299be6} was started.

Driver Name: audioendpoint.inf
Class GUID: {c166523c-fe0c-4a94-a586-f1a80cfbbf3e}
Service: 
Lower Filters: 
Upper Filters: "
"08-06-2026 16:56:06","400","Information","Microsoft-Windows-Kernel-PnP","Device SWD\MMDEVAPI\{0.0.0.00000000}.{d83774c7-2e18-459e-90fc-f680a8299be6} was configured.

Driver Name: audioendpoint.inf
Driver Package ID: audioendpoint.inf_amd64_271c4d03bad18da8
Class GUID: {c166523c-fe0c-4a94-a586-f1a80cfbbf3e}
Driver Date: 03/31/2024
Driver Version: 10.0.26100.1
Driver Provider: Microsoft
Driver Section: NO_DRV
Driver Rank: 0xFF0000
Matching Device ID: MMDEVAPI\AudioEndpoints
Outranked Drivers: c_swdevice.inf:SWD\GenericRaw:00FF3001
Device Updated: false
Parent Device: HDAUDIO\SUBFUNC_01&VEN_8086&DEV_281D&NID_0001&SUBSYS_00000000&REV_1000\6&2d9a5e4c&0&0002&00000025"
"08-06-2026 16:56:06","420","Information","Microsoft-Windows-Kernel-PnP","Device SWD\MMDEVAPI\{0.0.0.00000000}.{D4C0D637-E785-4E7D-8537-761256AE3BE0} was deleted.

Class GUID: {c166523c-fe0c-4a94-a586-f1a80cfbbf3e}"
"08-06-2026 16:56:05","410","Information","Microsoft-Windows-Kernel-PnP","Device HDAUDIO\SUBFUNC_01&VEN_8086&DEV_281D&NID_0001&SUBSYS_00000000&REV_1000\6&2d9a5e4c&0&0002&00000025 was started.

Driver Name: oem346.inf
Class GUID: {4d36e96c-e325-11ce-bfc1-08002be10318}
Service: 
Lower Filters: 
Upper Filters: "
"08-06-2026 16:56:05","400","Information","Microsoft-Windows-Kernel-PnP","Device HDAUDIO\SUBFUNC_01&VEN_8086&DEV_281D&NID_0001&SUBSYS_00000000&REV_1000\6&2d9a5e4c&0&0002&00000025 was configured.

Driver Name: oem346.inf
Driver Package ID: mshdadac.inf_amd64_a75c1fc7e527ee75
Class GUID: {4d36e96c-e325-11ce-bfc1-08002be10318}
Driver Date: 04/16/2026
Driver Version: 32.0.101.8724
Driver Provider: Intel Corporation
Driver Section: Audio_Child_Device_Wrapper.NT
Driver Rank: 0xFF3008
Matching Device ID: HDAUDIO\SUBFUNC_01&VEN_8086&DEV_281D
Outranked Drivers: oem484.inf:HDAUDIO\SUBFUNC_01&VEN_8086&DEV_281D:00FF3008
Device Updated: true
Parent Device: INTELAUDIO\SGPC_FUNC_01&VEN_8086&DEV_281D&SUBSYS_80860101&REV_1000\5&32640736&0&0201DIF_000B&UIF_0000"
"08-06-2026 16:55:49","410","Information","Microsoft-Windows-Kernel-PnP","Device PCI\VEN_8086&DEV_7728&SUBSYS_0CE81028&REV_00\3&11583659&0&FB was started.

Driver Name: oem479.inf
Class GUID: {4d36e97d-e325-11ce-bfc1-08002be10318}
Service: IntcAudioBus
Lower Filters: 
Upper Filters: "
"08-06-2026 16:55:48","400","Information","Microsoft-Windows-Kernel-PnP","Device PCI\VEN_8086&DEV_7728&SUBSYS_0CE81028&REV_00\3&11583659&0&FB was configured.

Driver Name: oem501.inf
Driver Package ID: hdbusext.inf_amd64_fa3aaa1a353259f9
Class GUID: {e2f84ce7-8efa-411c-aa69-97454ca4cb57}
Driver Date: 04/16/2026
Driver Version: 32.0.101.8724
Driver Provider: Intel Corporation
Driver Section: iAUDIO_w10_SGPC_DS
Driver Rank: 0xFF2001
Matching Device ID: PCI\VEN_8086&DEV_7728
Outranked Drivers: 
Device Updated: true
Parent Device: ACPI\PNP0A08\0"
"08-06-2026 16:55:48","400","Information","Microsoft-Windows-Kernel-PnP","Device PCI\VEN_8086&DEV_7728&SUBSYS_0CE81028&REV_00\3&11583659&0&FB was configured.

Driver Name: oem479.inf
Driver Package ID: intcaudiobus.inf_amd64_8e41d747296b4a90
Class GUID: {4d36e97d-e325-11ce-bfc1-08002be10318}
Driver Date: 11/24/2025
Driver Version: 20.40.12446.9
Driver Provider: Intel(R) Corporation
Driver Section: IntcAudioBus.NT
Driver Rank: 0xFF0002
Matching Device ID: PCI\VEN_8086&DEV_7728&CC_040380
Outranked Drivers: oem382.inf:PCI\VEN_8086&DEV_7728&CC_040380:00FF0002 hdaudbus.inf:PCI\CC_0403:00FF2006
Device Updated: true
Parent Device: ACPI\PNP0A08\0"
"08-06-2026 16:55:46","410","Information","Microsoft-Windows-Kernel-PnP","Device SWD\DRIVERENUM\IGS&4&20b8d095&0 was started.

Driver Name: oem500.inf
Class GUID: {5c4c3332-344d-483c-8739-259e934c9cc8}
Service: 
Lower Filters: 
Upper Filters: "
"08-06-2026 16:55:46","400","Information","Microsoft-Windows-Kernel-PnP","Device SWD\DRIVERENUM\IGS&4&20b8d095&0 was configured.

Driver Name: oem500.inf
Driver Package ID: igs.inf_amd64_aafa83a4afc303a6
Class GUID: {5c4c3332-344d-483c-8739-259e934c9cc8}
Driver Date: 04/16/2026
Driver Version: 32.0.101.8724
Driver Provider: Intel Corporation
Driver Section: IGS_Component_Install
Driver Rank: 0xFF0000
Matching Device ID: SWC\32.0.101.8724_VEN8086_IGS
Outranked Drivers: c_swcomponent.inf:SWC\Generic:00FF3000 c_swdevice.inf:SWD\GenericRaw:00FF3001
Device Updated: true
Parent Device: PCI\VEN_8086&DEV_7D41&SUBSYS_0CE81028&REV_00\3&11583659&0&10"
"08-06-2026 16:55:44","410","Information","Microsoft-Windows-Kernel-PnP","Device SWD\MMDEVAPI\{0.0.0.00000000}.{d4c0d637-e785-4e7d-8537-761256ae3be0} was started.

Driver Name: audioendpoint.inf
Class GUID: {c166523c-fe0c-4a94-a586-f1a80cfbbf3e}
Service: 
Lower Filters: 
Upper Filters: "
"08-06-2026 16:55:44","400","Information","Microsoft-Windows-Kernel-PnP","Device SWD\MMDEVAPI\{0.0.0.00000000}.{d4c0d637-e785-4e7d-8537-761256ae3be0} was configured.

Driver Name: audioendpoint.inf
Driver Package ID: audioendpoint.inf_amd64_271c4d03bad18da8
Class GUID: {c166523c-fe0c-4a94-a586-f1a80cfbbf3e}
Driver Date: 03/31/2024
Driver Version: 10.0.26100.1
Driver Provider: Microsoft
Driver Section: NO_DRV
Driver Rank: 0xFF0000
Matching Device ID: MMDEVAPI\AudioEndpoints
Outranked Drivers: c_swdevice.inf:SWD\GenericRaw:00FF3001
Device Updated: false
Parent Device: HDAUDIO\SUBFUNC_01&VEN_8086&DEV_281D&NID_0001&SUBSYS_00000000&REV_1000\6&2d9a5e4c&0&0002&00000025"
"08-06-2026 16:55:43","410","Information","Microsoft-Windows-Kernel-PnP","Device PCI\VEN_8086&DEV_7728&SUBSYS_0CE81028&REV_00\3&11583659&0&FB was started.

Driver Name: oem479.inf
Class GUID: {4d36e97d-e325-11ce-bfc1-08002be10318}
Service: IntcAudioBus
Lower Filters: 
Upper Filters: "
"08-06-2026 16:55:42","420","Information","Microsoft-Windows-Kernel-PnP","Device SWD\MMDEVAPI\{0.0.0.00000000}.{6596372F-3207-4F21-9F3B-03157C68DA27} was deleted.

Class GUID: {c166523c-fe0c-4a94-a586-f1a80cfbbf3e}"
"08-06-2026 16:55:33","400","Information","Microsoft-Windows-Kernel-PnP","Device PCI\VEN_8086&DEV_7728&SUBSYS_0CE81028&REV_00\3&11583659&0&FB was configured.

Driver Name: oem501.inf
Driver Package ID: hdbusext.inf_amd64_fa3aaa1a353259f9
Class GUID: {e2f84ce7-8efa-411c-aa69-97454ca4cb57}
Driver Date: 04/16/2026
Driver Version: 32.0.101.8724
Driver Provider: Intel Corporation
Driver Section: iAUDIO_w10_SGPC_DS
Driver Rank: 0xFF2001
Matching Device ID: PCI\VEN_8086&DEV_7728
Outranked Drivers: 
Device Updated: true
Parent Device: ACPI\PNP0A08\0"
"08-06-2026 16:55:33","400","Information","Microsoft-Windows-Kernel-PnP","Device PCI\VEN_8086&DEV_7728&SUBSYS_0CE81028&REV_00\3&11583659&0&FB was configured.

Driver Name: oem479.inf
Driver Package ID: intcaudiobus.inf_amd64_8e41d747296b4a90
Class GUID: {4d36e97d-e325-11ce-bfc1-08002be10318}
Driver Date: 11/24/2025
Driver Version: 20.40.12446.9
Driver Provider: Intel(R) Corporation
Driver Section: IntcAudioBus.NT
Driver Rank: 0xFF0002
Matching Device ID: PCI\VEN_8086&DEV_7728&CC_040380
Outranked Drivers: oem382.inf:PCI\VEN_8086&DEV_7728&CC_040380:00FF0002 hdaudbus.inf:PCI\CC_0403:00FF2006
Device Updated: true
Parent Device: ACPI\PNP0A08\0"
"08-06-2026 16:55:31","410","Information","Microsoft-Windows-Kernel-PnP","Device SWD\DRIVERENUM\IGS&4&20b8d095&0 was started.

Driver Name: oem500.inf
Class GUID: {5c4c3332-344d-483c-8739-259e934c9cc8}
Service: 
Lower Filters: 
Upper Filters: "
"08-06-2026 16:55:31","400","Information","Microsoft-Windows-Kernel-PnP","Device SWD\DRIVERENUM\IGS&4&20b8d095&0 was configured.

Driver Name: oem500.inf
Driver Package ID: igs.inf_amd64_aafa83a4afc303a6
Class GUID: {5c4c3332-344d-483c-8739-259e934c9cc8}
Driver Date: 04/16/2026
Driver Version: 32.0.101.8724
Driver Provider: Intel Corporation
Driver Section: IGS_Component_Install
Driver Rank: 0xFF0000
Matching Device ID: SWC\32.0.101.8724_VEN8086_IGS
Outranked Drivers: c_swcomponent.inf:SWC\Generic:00FF3000 c_swdevice.inf:SWD\GenericRaw:00FF3001
Device Updated: true
Parent Device: PCI\VEN_8086&DEV_7D41&SUBSYS_0CE81028&REV_00\3&11583659&0&10"
"08-06-2026 16:55:31","410","Information","Microsoft-Windows-Kernel-PnP","Device HDAUDIO\SUBFUNC_01&VEN_8086&DEV_281D&NID_0001&SUBSYS_00000000&REV_1000\6&2d9a5e4c&0&0002&00000025 was started.

Driver Name: oem346.inf
Class GUID: {4d36e96c-e325-11ce-bfc1-08002be10318}
Service: 
Lower Filters: 
Upper Filters: "
"08-06-2026 16:55:31","400","Information","Microsoft-Windows-Kernel-PnP","Device HDAUDIO\SUBFUNC_01&VEN_8086&DEV_281D&NID_0001&SUBSYS_00000000&REV_1000\6&2d9a5e4c&0&0002&00000025 was configured.

Driver Name: oem346.inf
Driver Package ID: mshdadac.inf_amd64_a75c1fc7e527ee75
Class GUID: {4d36e96c-e325-11ce-bfc1-08002be10318}
Driver Date: 04/16/2026
Driver Version: 32.0.101.8724
Driver Provider: Intel Corporation
Driver Section: Audio_Child_Device_Wrapper.NT
Driver Rank: 0xFF3008
Matching Device ID: HDAUDIO\SUBFUNC_01&VEN_8086&DEV_281D
Outranked Drivers: oem484.inf:HDAUDIO\SUBFUNC_01&VEN_8086&DEV_281D:00FF3008
Device Updated: true
Parent Device: INTELAUDIO\SGPC_FUNC_01&VEN_8086&DEV_281D&SUBSYS_80860101&REV_1000\5&32640736&0&0201DIF_000B&UIF_0000"
"08-06-2026 16:55:30","410","Information","Microsoft-Windows-Kernel-PnP","Device INTELAUDIO\SGPC_FUNC_01&VEN_8086&DEV_281D&SUBSYS_80860101&REV_1000\5&32640736&0&0201DIF_000B&UIF_0000 was started.

Driver Name: oem346.inf
Class GUID: {4d36e96c-e325-11ce-bfc1-08002be10318}
Service: AcxHdAudio
Lower Filters: 
Upper Filters: "
"08-06-2026 16:55:30","400","Information","Microsoft-Windows-Kernel-PnP","Device INTELAUDIO\SGPC_FUNC_01&VEN_8086&DEV_281D&SUBSYS_80860101&REV_1000\5&32640736&0&0201DIF_000B&UIF_0000 was configured.

Driver Name: oem346.inf
Driver Package ID: mshdadac.inf_amd64_a75c1fc7e527ee75
Class GUID: {4d36e96c-e325-11ce-bfc1-08002be10318}
Driver Date: 04/16/2026
Driver Version: 32.0.101.8724
Driver Provider: Intel Corporation
Driver Section: Audio_Device_Wrapper.NT
Driver Rank: 0xF00001
Matching Device ID: INTELAUDIO\SGPC_FUNC_01&VEN_8086&DEV_281D&SUBSYS_80860101
Outranked Drivers: oem484.inf:INTELAUDIO\SGPC_FUNC_01&VEN_8086&DEV_281D&SUBSYS_80860101:00F00001 oem484.inf:INTELAUDIO\SGPC_FUNC_01&VEN_8086&DEV_281D:00F01003 oem346.inf:INTELAUDIO\SGPC_FUNC_01&VEN_8086&DEV_281D:00F01003
Device Updated: true
Parent Device: INTELAUDIO\DSP_CTLR_DEV_7728&VEN_8086&DEV_0222&SUBSYS_0CE81028&REV_0000\4&417d3cc&0&0800DIF_000B&UIF_0000"
"08-06-2026 16:55:26","430","Information","Microsoft-Windows-Kernel-PnP","Device SWD\DRIVERENUM\IGS&4&20b8d095&0 requires further installation."
"08-06-2026 16:55:25","411","Error","Microsoft-Windows-Kernel-PnP","Device PCI\VEN_8086&DEV_7D41&SUBSYS_0CE81028&REV_00\3&11583659&0&10 had a problem starting.

Driver Name: oem27.inf
Class GUID: {4d36e968-e325-11ce-bfc1-08002be10318}
Service: igfxn
Lower Filters: 
Upper Filters: 
Problem: 0x0
Problem Status: 0xC00000E5"
"08-06-2026 16:55:22","400","Information","Microsoft-Windows-Kernel-PnP","Device PCI\VEN_8086&DEV_7D41&SUBSYS_0CE81028&REV_00\3&11583659&0&10 was configured.

Driver Name: oem496.inf
Driver Package ID: iigd_ext.inf_amd64_9bc87952f8489989
Class GUID: {e2f84ce7-8efa-411c-aa69-97454ca4cb57}
Driver Date: 04/16/2026
Driver Version: 32.0.101.8724
Driver Provider: Intel Corporation
Driver Section: ARLH_IG_wNext_Taroko14 ARL
Driver Rank: 0xFF0001
Matching Device ID: PCI\VEN_8086&DEV_7D41&SUBSYS_0CE81028
Outranked Drivers: 
Device Updated: true
Parent Device: ACPI\PNP0A08\0"
"08-06-2026 16:55:22","400","Information","Microsoft-Windows-Kernel-PnP","Device PCI\VEN_8086&DEV_7D41&SUBSYS_0CE81028&REV_00\3&11583659&0&10 was configured.

Driver Name: oem470.inf
Driver Package ID: iigd_ext.inf_amd64_33dadd3f6fdfacbf
Class GUID: {e2f84ce7-8efa-411c-aa69-97454ca4cb57}
Driver Date: 04/28/2025
Driver Version: 32.0.101.6790
Driver Provider: Intel Corporation
Driver Section: ARLH_IG_wNext_Taroko14 ARL
Driver Rank: 0xFF0001
Matching Device ID: PCI\VEN_8086&DEV_7D41&SUBSYS_0CE81028
Outranked Drivers: 
Device Updated: true
Parent Device: ACPI\PNP0A08\0"
"08-06-2026 16:55:22","400","Information","Microsoft-Windows-Kernel-PnP","Device PCI\VEN_8086&DEV_7D41&SUBSYS_0CE81028&REV_00\3&11583659&0&10 was configured.

Driver Name: oem437.inf
Driver Package ID: iigd_ext.inf_amd64_185caa84bd185eb8
Class GUID: {e2f84ce7-8efa-411c-aa69-97454ca4cb57}
Driver Date: 10/22/2025
Driver Version: 32.0.101.8247
Driver Provider: Intel Corporation
Driver Section: ARLH_IG_wNext_Taroko14 ARL
Driver Rank: 0xFF0001
Matching Device ID: PCI\VEN_8086&DEV_7D41&SUBSYS_0CE81028
Outranked Drivers: 
Device Updated: true
Parent Device: ACPI\PNP0A08\0"
"08-06-2026 16:55:22","400","Information","Microsoft-Windows-Kernel-PnP","Device PCI\VEN_8086&DEV_7D41&SUBSYS_0CE81028&REV_00\3&11583659&0&10 was configured.

Driver Name: oem417.inf
Driver Package ID: iigd_ext.inf_amd64_9dfde9747ed41b37
Class GUID: {e2f84ce7-8efa-411c-aa69-97454ca4cb57}
Driver Date: 01/30/2026
Driver Version: 32.0.101.8508
Driver Provider: Intel Corporation
Driver Section: ARLH_IG_wNext_Taroko14 ARL
Driver Rank: 0xFF0001
Matching Device ID: PCI\VEN_8086&DEV_7D41&SUBSYS_0CE81028
Outranked Drivers: 
Device Updated: true
Parent Device: ACPI\PNP0A08\0"
"08-06-2026 16:55:22","400","Information","Microsoft-Windows-Kernel-PnP","Device PCI\VEN_8086&DEV_7D41&SUBSYS_0CE81028&REV_00\3&11583659&0&10 was configured.

Driver Name: oem364.inf
Driver Package ID: iigd_ext.inf_amd64_cc3fbc28de8c73ea
Class GUID: {e2f84ce7-8efa-411c-aa69-97454ca4cb57}
Driver Date: 06/04/2025
Driver Version: 32.0.101.6881
Driver Provider: Intel Corporation
Driver Section: ARLH_IG_wNext_Taroko14 ARL
Driver Rank: 0xFF0001
Matching Device ID: PCI\VEN_8086&DEV_7D41&SUBSYS_0CE81028
Outranked Drivers: 
Device Updated: true
Parent Device: ACPI\PNP0A08\0"
"08-06-2026 16:55:22","400","Information","Microsoft-Windows-Kernel-PnP","Device PCI\VEN_8086&DEV_7D41&SUBSYS_0CE81028&REV_00\3&11583659&0&10 was configured.

Driver Name: oem355.inf
Driver Package ID: iigd_ext.inf_amd64_93eb2b76c219becf
Class GUID: {e2f84ce7-8efa-411c-aa69-97454ca4cb57}
Driver Date: 07/29/2025
Driver Version: 32.0.101.6987
Driver Provider: Intel Corporation
Driver Section: ARLH_IG_wNext_Taroko14 ARL
Driver Rank: 0xFF0001
Matching Device ID: PCI\VEN_8086&DEV_7D41&SUBSYS_0CE81028
Outranked Drivers: 
Device Updated: true
Parent Device: ACPI\PNP0A08\0"
"08-06-2026 16:55:22","400","Information","Microsoft-Windows-Kernel-PnP","Device PCI\VEN_8086&DEV_7D41&SUBSYS_0CE81028&REV_00\3&11583659&0&10 was configured.

Driver Name: oem338.inf
Driver Package ID: iigd_ext.inf_amd64_dd56c8496788d08d
Class GUID: {e2f84ce7-8efa-411c-aa69-97454ca4cb57}
Driver Date: 03/18/2025
Driver Version: 32.0.101.6651
Driver Provider: Intel Corporation
Driver Section: ARLH_IG_wNext_Taroko14 ARL
Driver Rank: 0xFF0001
Matching Device ID: PCI\VEN_8086&DEV_7D41&SUBSYS_0CE81028
Outranked Drivers: 
Device Updated: true
Parent Device: ACPI\PNP0A08\0"
"08-06-2026 16:55:22","400","Information","Microsoft-Windows-Kernel-PnP","Device PCI\VEN_8086&DEV_7D41&SUBSYS_0CE81028&REV_00\3&11583659&0&10 was configured.

Driver Name: oem216.inf
Driver Package ID: iigd_ext.inf_amd64_dd6d17ba618ad518
Class GUID: {e2f84ce7-8efa-411c-aa69-97454ca4cb57}
Driver Date: 11/26/2024
Driver Version: 32.0.101.6313
Driver Provider: Intel Corporation
Driver Section: ARLH_IG_wNext_Taroko14 ARL
Driver Rank: 0xFF0001
Matching Device ID: PCI\VEN_8086&DEV_7D41&SUBSYS_0CE81028
Outranked Drivers: 
Device Updated: true
Parent Device: ACPI\PNP0A08\0"
"08-06-2026 16:55:22","400","Information","Microsoft-Windows-Kernel-PnP","Device PCI\VEN_8086&DEV_7D41&SUBSYS_0CE81028&REV_00\3&11583659&0&10 was configured.

Driver Name: oem183.inf
Driver Package ID: iigd_ext.inf_amd64_118c128ade056bcf
Class GUID: {e2f84ce7-8efa-411c-aa69-97454ca4cb57}
Driver Date: 09/19/2025
Driver Version: 32.0.101.8132
Driver Provider: Intel Corporation
Driver Section: ARLH_IG_wNext_Taroko14 ARL
Driver Rank: 0xFF0001
Matching Device ID: PCI\VEN_8086&DEV_7D41&SUBSYS_0CE81028
Outranked Drivers: 
Device Updated: true
Parent Device: ACPI\PNP0A08\0"
"08-06-2026 16:55:22","400","Information","Microsoft-Windows-Kernel-PnP","Device PCI\VEN_8086&DEV_7D41&SUBSYS_0CE81028&REV_00\3&11583659&0&10 was configured.

Driver Name: oem27.inf
Driver Package ID: iigd_dch.inf_amd64_890a08c3df64cf6a
Class GUID: {4d36e968-e325-11ce-bfc1-08002be10318}
Driver Date: 04/16/2026
Driver Version: 32.0.101.8724
Driver Provider: Intel Corporation
Driver Section: ARLH_IG_wNext
Driver Rank: 0xCF0001
Matching Device ID: PCI\VEN_8086&DEV_7D41&SUBSYS_0CE81028
Outranked Drivers: oem130.inf:PCI\VEN_8086&DEV_7D41&SUBSYS_0CE81028:00CF0001 oem130.inf:PCI\VEN_8086&DEV_7D41:00CF2001 oem27.inf:PCI\VEN_8086&DEV_7D41:00CF2001 display.inf:PCI\CC_0300:00FB2008
Device Updated: true
Parent Device: ACPI\PNP0A08\0"
"08-06-2026 16:55:17","410","Information","Microsoft-Windows-Kernel-PnP","Device INTELAUDIO\SGPC_FUNC_01&VEN_8086&DEV_281D&SUBSYS_80860101&REV_1000\5&32640736&0&0201DIF_000B&UIF_0000 was started.

Driver Name: oem346.inf
Class GUID: {4d36e96c-e325-11ce-bfc1-08002be10318}
Service: AcxHdAudio
Lower Filters: 
Upper Filters: "
"08-06-2026 16:55:16","400","Information","Microsoft-Windows-Kernel-PnP","Device INTELAUDIO\SGPC_FUNC_01&VEN_8086&DEV_281D&SUBSYS_80860101&REV_1000\5&32640736&0&0201DIF_000B&UIF_0000 was configured.

Driver Name: oem346.inf
Driver Package ID: mshdadac.inf_amd64_a75c1fc7e527ee75
Class GUID: {4d36e96c-e325-11ce-bfc1-08002be10318}
Driver Date: 04/16/2026
Driver Version: 32.0.101.8724
Driver Provider: Intel Corporation
Driver Section: Audio_Device_Wrapper.NT
Driver Rank: 0xF00001
Matching Device ID: INTELAUDIO\SGPC_FUNC_01&VEN_8086&DEV_281D&SUBSYS_80860101
Outranked Drivers: oem484.inf:INTELAUDIO\SGPC_FUNC_01&VEN_8086&DEV_281D&SUBSYS_80860101:00F00001 oem484.inf:INTELAUDIO\SGPC_FUNC_01&VEN_8086&DEV_281D:00F01003 oem346.inf:INTELAUDIO\SGPC_FUNC_01&VEN_8086&DEV_281D:00F01003
Device Updated: true
Parent Device: INTELAUDIO\DSP_CTLR_DEV_7728&VEN_8086&DEV_0222&SUBSYS_0CE81028&REV_0000\4&417d3cc&0&0800DIF_000B&UIF_0000"
"08-06-2026 16:55:15","410","Information","Microsoft-Windows-Kernel-PnP","Device SWD\MMDEVAPI\{0.0.0.00000000}.{6596372f-3207-4f21-9f3b-03157c68da27} was started.

Driver Name: audioendpoint.inf
Class GUID: {c166523c-fe0c-4a94-a586-f1a80cfbbf3e}
Service: 
Lower Filters: 
Upper Filters: "
"08-06-2026 16:55:15","400","Information","Microsoft-Windows-Kernel-PnP","Device SWD\MMDEVAPI\{0.0.0.00000000}.{6596372f-3207-4f21-9f3b-03157c68da27} was configured.

Driver Name: audioendpoint.inf
Driver Package ID: audioendpoint.inf_amd64_271c4d03bad18da8
Class GUID: {c166523c-fe0c-4a94-a586-f1a80cfbbf3e}
Driver Date: 03/31/2024
Driver Version: 10.0.26100.1
Driver Provider: Microsoft
Driver Section: NO_DRV
Driver Rank: 0xFF0000
Matching Device ID: MMDEVAPI\AudioEndpoints
Outranked Drivers: c_swdevice.inf:SWD\GenericRaw:00FF3001
Device Updated: false
Parent Device: HDAUDIO\SUBFUNC_01&VEN_8086&DEV_281D&NID_0001&SUBSYS_00000000&REV_1000\6&2d9a5e4c&0&0002&00000025"
"08-06-2026 16:55:14","420","Information","Microsoft-Windows-Kernel-PnP","Device SWD\MMDEVAPI\{0.0.0.00000000}.{D6BC8428-CF65-48FE-A3EE-5284246B7D12} was deleted.

Class GUID: {c166523c-fe0c-4a94-a586-f1a80cfbbf3e}"
"08-06-2026 16:55:13","410","Information","Microsoft-Windows-Kernel-PnP","Device HDAUDIO\SUBFUNC_01&VEN_8086&DEV_281D&NID_0001&SUBSYS_00000000&REV_1000\6&2d9a5e4c&0&0002&00000025 was started.

Driver Name: oem346.inf
Class GUID: {4d36e96c-e325-11ce-bfc1-08002be10318}
Service: 
Lower Filters: 
Upper Filters: "
"08-06-2026 16:55:13","400","Information","Microsoft-Windows-Kernel-PnP","Device HDAUDIO\SUBFUNC_01&VEN_8086&DEV_281D&NID_0001&SUBSYS_00000000&REV_1000\6&2d9a5e4c&0&0002&00000025 was configured.

Driver Name: oem346.inf
Driver Package ID: mshdadac.inf_amd64_a75c1fc7e527ee75
Class GUID: {4d36e96c-e325-11ce-bfc1-08002be10318}
Driver Date: 04/16/2026
Driver Version: 32.0.101.8724
Driver Provider: Intel Corporation
Driver Section: Audio_Child_Device_Wrapper.NT
Driver Rank: 0xFF3008
Matching Device ID: HDAUDIO\SUBFUNC_01&VEN_8086&DEV_281D
Outranked Drivers: oem484.inf:HDAUDIO\SUBFUNC_01&VEN_8086&DEV_281D:00FF3008
Device Updated: true
Parent Device: INTELAUDIO\SGPC_FUNC_01&VEN_8086&DEV_281D&SUBSYS_80860101&REV_1000\5&32640736&0&0201DIF_000B&UIF_0000"
"08-06-2026 16:50:04","410","Information","Microsoft-Windows-Kernel-PnP","Device SWD\DRIVERENUM\{bc7814a1-a80e-44b3-87c6-652eac676387}#DttExtComponent&4&23556e4&0 was started.

Driver Name: oem499.inf
Class GUID: {5c4c3332-344d-483c-8739-259e934c9cc8}
Service: WUDFRd
Lower Filters: 
Upper Filters: "
"08-06-2026 16:50:04","400","Information","Microsoft-Windows-Kernel-PnP","Device SWD\DRIVERENUM\{bc7814a1-a80e-44b3-87c6-652eac676387}#DttExtComponent&4&23556e4&0 was configured.

Driver Name: oem499.inf
Driver Package ID: dtt_sw.inf_amd64_4dcbabf4df6e73f7
Class GUID: {5c4c3332-344d-483c-8739-259e934c9cc8}
Driver Date: 03/11/2026
Driver Version: 9.1.10009.1745
Driver Provider: Intel
Driver Section: DttInstall_Win11_22621.NTamd64
Driver Rank: 0xFF0000
Matching Device ID: SWC\VID8086_DTT_1.0
Outranked Drivers: oem142.inf:SWC\VID8086_DTT_1.0:00FF0000 c_swcomponent.inf:SWC\Generic:00FF3000 c_swdevice.inf:SWD\GenericRaw:00FF3001
Device Updated: true
Parent Device: PCI\VEN_8086&DEV_7D03&SUBSYS_0CE81028&REV_05\3&11583659&0&20"
"08-06-2026 16:49:18","400","Information","Microsoft-Windows-Kernel-PnP","Device SWC\VID8086_PPM_Provisioning_B0650_1.0\00 was configured.

Driver Name: oem390.inf
Driver Package ID: ipfppm_sw.inf_amd64_020076bc4ee508ce
Class GUID: {5c4c3332-344d-483c-8739-259e934c9cc8}
Driver Date: 07/15/2025
Driver Version: 1.0.0.158
Driver Provider: Intel
Driver Section: IpfPpmInstall_Win11_24h2_ARL_H_U.NTamd64
Driver Rank: 0xFF0000
Matching Device ID: SWC\VID8086_PPM_Provisioning_B0650_1.0
Outranked Drivers: oem454.inf:SWC\VID8086_PPM_Provisioning_B0650_1.0:00FF0000
Device Updated: true
Parent Device: PCI\VEN_8086&DEV_7D03&SUBSYS_0CE81028&REV_05\3&11583659&0&20"
"08-06-2026 16:49:15","400","Information","Microsoft-Windows-Kernel-PnP","Device SWC\VID8086_PPM_Provisioning_B0650_1.0\00 was configured.

Driver Name: oem454.inf
Driver Package ID: ipfppm_sw.inf_amd64_ce63fd8b6da3decd
Class GUID: {5c4c3332-344d-483c-8739-259e934c9cc8}
Driver Date: 11/07/2024
Driver Version: 1.0.0.49
Driver Provider: Intel
Driver Section: IpfPpmInstall_Win11_24h2_ARL_ALL.NTamd64
Driver Rank: 0xFF0000
Matching Device ID: SWC\VID8086_PPM_Provisioning_B0650_1.0
Outranked Drivers: oem390.inf:SWC\VID8086_PPM_Provisioning_B0650_1.0:00FF0000
Device Updated: true
Parent Device: PCI\VEN_8086&DEV_7D03&SUBSYS_0CE81028&REV_05\3&11583659&0&20"
"08-06-2026 09:40:07","410","Information","Microsoft-Windows-Kernel-PnP","Device SWD\DRIVERENUM\{d10bfa0c-8cb5-4674-8428-3633604b8c33}#IpfEfProviderComponent&5&2c393730&0 was started.

Driver Name: c_swcomponent.inf
Class GUID: {5c4c3332-344d-483c-8739-259e934c9cc8}
Service: 
Lower Filters: 
Upper Filters: "
"08-06-2026 09:40:06","400","Information","Microsoft-Windows-Kernel-PnP","Device SWD\DRIVERENUM\{d10bfa0c-8cb5-4674-8428-3633604b8c33}#IpfEfProviderComponent&5&2c393730&0 was configured.

Driver Name: c_swcomponent.inf
Driver Package ID: c_swcomponent.inf_amd64_1536c854ab7bdc83
Class GUID: {5c4c3332-344d-483c-8739-259e934c9cc8}
Driver Date: 06/21/2006
Driver Version: 10.0.26100.1
Driver Provider: Microsoft
Driver Section: SoftwareComponent
Driver Rank: 0xFF3000
Matching Device ID: SWC\Generic
Outranked Drivers: c_swdevice.inf:SWD\GenericRaw:00FF3001
Device Updated: false
Parent Device: SWD\DRIVERENUM\IpfEfExtComponent&4&23556e4&0"
"05-06-2026 11:32:11","410","Information","Microsoft-Windows-Kernel-PnP","Device SWD\MMDEVAPI\{0.0.0.00000000}.{d6bc8428-cf65-48fe-a3ee-5284246b7d12} was started.

Driver Name: audioendpoint.inf
Class GUID: {c166523c-fe0c-4a94-a586-f1a80cfbbf3e}
Service: 
Lower Filters: 
Upper Filters: "
"05-06-2026 11:32:11","400","Information","Microsoft-Windows-Kernel-PnP","Device SWD\MMDEVAPI\{0.0.0.00000000}.{d6bc8428-cf65-48fe-a3ee-5284246b7d12} was configured.

Driver Name: audioendpoint.inf
Driver Package ID: audioendpoint.inf_amd64_271c4d03bad18da8
Class GUID: {c166523c-fe0c-4a94-a586-f1a80cfbbf3e}
Driver Date: 03/31/2024
Driver Version: 10.0.26100.1
Driver Provider: Microsoft
Driver Section: NO_DRV
Driver Rank: 0xFF0000
Matching Device ID: MMDEVAPI\AudioEndpoints
Outranked Drivers: c_swdevice.inf:SWD\GenericRaw:00FF3001
Device Updated: false
Parent Device: HDAUDIO\SUBFUNC_01&VEN_8086&DEV_281D&NID_0001&SUBSYS_00000000&REV_1000\6&2d9a5e4c&0&0002&00000025"
"05-06-2026 11:32:11","420","Information","Microsoft-Windows-Kernel-PnP","Device SWD\MMDEVAPI\{0.0.0.00000000}.{6444FE29-8655-4AEE-A4FE-5CF6B023032F} was deleted.

Class GUID: {c166523c-fe0c-4a94-a586-f1a80cfbbf3e}"
"05-06-2026 11:32:09","410","Information","Microsoft-Windows-Kernel-PnP","Device HDAUDIO\SUBFUNC_01&VEN_8086&DEV_281D&NID_0001&SUBSYS_00000000&REV_1000\6&2d9a5e4c&0&0002&00000025 was started.

Driver Name: oem484.inf
Class GUID: {4d36e96c-e325-11ce-bfc1-08002be10318}
Service: 
Lower Filters: 
Upper Filters: "
"05-06-2026 11:32:09","400","Information","Microsoft-Windows-Kernel-PnP","Device HDAUDIO\SUBFUNC_01&VEN_8086&DEV_281D&NID_0001&SUBSYS_00000000&REV_1000\6&2d9a5e4c&0&0002&00000025 was configured.

Driver Name: oem484.inf
Driver Package ID: mshdadac.inf_amd64_f90ac2a0d84df747
Class GUID: {4d36e96c-e325-11ce-bfc1-08002be10318}
Driver Date: 01/30/2026
Driver Version: 32.0.101.8508
Driver Provider: Intel Corporation
Driver Section: Audio_Child_Device_Wrapper.NT
Driver Rank: 0xFF3008
Matching Device ID: HDAUDIO\SUBFUNC_01&VEN_8086&DEV_281D
Outranked Drivers: oem27.inf:HDAUDIO\SUBFUNC_01&VEN_8086&DEV_281D:00FF3008
Device Updated: true
Parent Device: INTELAUDIO\SGPC_FUNC_01&VEN_8086&DEV_281D&SUBSYS_80860101&REV_1000\5&32640736&0&0201DIF_000B&UIF_0000"
"05-06-2026 11:32:09","410","Information","Microsoft-Windows-Kernel-PnP","Device INTELAUDIO\SGPC_FUNC_01&VEN_8086&DEV_281D&SUBSYS_80860101&REV_1000\5&32640736&0&0201DIF_000B&UIF_0000 was started.

Driver Name: oem484.inf
Class GUID: {4d36e96c-e325-11ce-bfc1-08002be10318}
Service: AcxHdAudio
Lower Filters: 
Upper Filters: "
"05-06-2026 11:32:09","400","Information","Microsoft-Windows-Kernel-PnP","Device INTELAUDIO\SGPC_FUNC_01&VEN_8086&DEV_281D&SUBSYS_80860101&REV_1000\5&32640736&0&0201DIF_000B&UIF_0000 was configured.

Driver Name: oem484.inf
Driver Package ID: mshdadac.inf_amd64_f90ac2a0d84df747
Class GUID: {4d36e96c-e325-11ce-bfc1-08002be10318}
Driver Date: 01/30/2026
Driver Version: 32.0.101.8508
Driver Provider: Intel Corporation
Driver Section: Audio_Device_Wrapper.NT
Driver Rank: 0xF00001
Matching Device ID: INTELAUDIO\SGPC_FUNC_01&VEN_8086&DEV_281D&SUBSYS_80860101
Outranked Drivers: oem27.inf:INTELAUDIO\SGPC_FUNC_01&VEN_8086&DEV_281D&SUBSYS_80860101:00F00001 oem27.inf:INTELAUDIO\SGPC_FUNC_01&VEN_8086&DEV_281D:00F01003 oem484.inf:INTELAUDIO\SGPC_FUNC_01&VEN_8086&DEV_281D:00F01003
Device Updated: true
Parent Device: INTELAUDIO\DSP_CTLR_DEV_7728&VEN_8086&DEV_0222&SUBSYS_0CE81028&REV_0000\4&417d3cc&0&0800DIF_000B&UIF_0000"
"05-06-2026 11:32:05","411","Error","Microsoft-Windows-Kernel-PnP","Device PCI\VEN_8086&DEV_7D41&SUBSYS_0CE81028&REV_00\3&11583659&0&10 had a problem starting.

Driver Name: oem130.inf
Class GUID: {4d36e968-e325-11ce-bfc1-08002be10318}
Service: igfxn
Lower Filters: 
Upper Filters: 
Problem: 0x0
Problem Status: 0xC00000E5"
"05-06-2026 11:32:05","410","Information","Microsoft-Windows-Kernel-PnP","Device DISPLAY\Default_Monitor\1&8713bca&0&UID0 was started.

Driver Name: monitor.inf
Class GUID: {4d36e96e-e325-11ce-bfc1-08002be10318}
Service: monitor
Lower Filters: 
Upper Filters: "
"05-06-2026 11:32:04","400","Information","Microsoft-Windows-Kernel-PnP","Device DISPLAY\Default_Monitor\1&8713bca&0&UID0 was configured.

Driver Name: monitor.inf
Driver Package ID: monitor.inf_amd64_f34c845bb3958726
Class GUID: {4d36e96e-e325-11ce-bfc1-08002be10318}
Driver Date: 06/21/2006
Driver Version: 10.0.26100.7309
Driver Provider: Microsoft
Driver Section: NonPnPMonitor.Install
Driver Rank: 0xFF0000
Matching Device ID: MONITOR\Default_Monitor
Outranked Drivers: monitor.inf:*PNP09FF:00FF2000
Device Updated: false
Parent Device: ROOT\BasicDisplay\0000"
"05-06-2026 11:32:01","400","Information","Microsoft-Windows-Kernel-PnP","Device PCI\VEN_8086&DEV_7D41&SUBSYS_0CE81028&REV_00\3&11583659&0&10 was configured.

Driver Name: oem496.inf
Driver Package ID: iigd_ext.inf_amd64_9bc87952f8489989
Class GUID: {e2f84ce7-8efa-411c-aa69-97454ca4cb57}
Driver Date: 04/16/2026
Driver Version: 32.0.101.8724
Driver Provider: Intel Corporation
Driver Section: ARLH_IG_wNext_Taroko14 ARL
Driver Rank: 0xFF0001
Matching Device ID: PCI\VEN_8086&DEV_7D41&SUBSYS_0CE81028
Outranked Drivers: 
Device Updated: true
Parent Device: ACPI\PNP0A08\0"
"05-06-2026 11:32:01","400","Information","Microsoft-Windows-Kernel-PnP","Device PCI\VEN_8086&DEV_7D41&SUBSYS_0CE81028&REV_00\3&11583659&0&10 was configured.

Driver Name: oem470.inf
Driver Package ID: iigd_ext.inf_amd64_33dadd3f6fdfacbf
Class GUID: {e2f84ce7-8efa-411c-aa69-97454ca4cb57}
Driver Date: 04/28/2025
Driver Version: 32.0.101.6790
Driver Provider: Intel Corporation
Driver Section: ARLH_IG_wNext_Taroko14 ARL
Driver Rank: 0xFF0001
Matching Device ID: PCI\VEN_8086&DEV_7D41&SUBSYS_0CE81028
Outranked Drivers: 
Device Updated: true
Parent Device: ACPI\PNP0A08\0"
"05-06-2026 11:32:01","400","Information","Microsoft-Windows-Kernel-PnP","Device PCI\VEN_8086&DEV_7D41&SUBSYS_0CE81028&REV_00\3&11583659&0&10 was configured.

Driver Name: oem437.inf
Driver Package ID: iigd_ext.inf_amd64_185caa84bd185eb8
Class GUID: {e2f84ce7-8efa-411c-aa69-97454ca4cb57}
Driver Date: 10/22/2025
Driver Version: 32.0.101.8247
Driver Provider: Intel Corporation
Driver Section: ARLH_IG_wNext_Taroko14 ARL
Driver Rank: 0xFF0001
Matching Device ID: PCI\VEN_8086&DEV_7D41&SUBSYS_0CE81028
Outranked Drivers: 
Device Updated: true
Parent Device: ACPI\PNP0A08\0"
"05-06-2026 11:32:01","400","Information","Microsoft-Windows-Kernel-PnP","Device PCI\VEN_8086&DEV_7D41&SUBSYS_0CE81028&REV_00\3&11583659&0&10 was configured.

Driver Name: oem417.inf
Driver Package ID: iigd_ext.inf_amd64_9dfde9747ed41b37
Class GUID: {e2f84ce7-8efa-411c-aa69-97454ca4cb57}
Driver Date: 01/30/2026
Driver Version: 32.0.101.8508
Driver Provider: Intel Corporation
Driver Section: ARLH_IG_wNext_Taroko14 ARL
Driver Rank: 0xFF0001
Matching Device ID: PCI\VEN_8086&DEV_7D41&SUBSYS_0CE81028
Outranked Drivers: 
Device Updated: true
Parent Device: ACPI\PNP0A08\0"
"05-06-2026 11:32:01","400","Information","Microsoft-Windows-Kernel-PnP","Device PCI\VEN_8086&DEV_7D41&SUBSYS_0CE81028&REV_00\3&11583659&0&10 was configured.

Driver Name: oem364.inf
Driver Package ID: iigd_ext.inf_amd64_cc3fbc28de8c73ea
Class GUID: {e2f84ce7-8efa-411c-aa69-97454ca4cb57}
Driver Date: 06/04/2025
Driver Version: 32.0.101.6881
Driver Provider: Intel Corporation
Driver Section: ARLH_IG_wNext_Taroko14 ARL
Driver Rank: 0xFF0001
Matching Device ID: PCI\VEN_8086&DEV_7D41&SUBSYS_0CE81028
Outranked Drivers: 
Device Updated: true
Parent Device: ACPI\PNP0A08\0"
"05-06-2026 11:32:01","400","Information","Microsoft-Windows-Kernel-PnP","Device PCI\VEN_8086&DEV_7D41&SUBSYS_0CE81028&REV_00\3&11583659&0&10 was configured.

Driver Name: oem355.inf
Driver Package ID: iigd_ext.inf_amd64_93eb2b76c219becf
Class GUID: {e2f84ce7-8efa-411c-aa69-97454ca4cb57}
Driver Date: 07/29/2025
Driver Version: 32.0.101.6987
Driver Provider: Intel Corporation
Driver Section: ARLH_IG_wNext_Taroko14 ARL
Driver Rank: 0xFF0001
Matching Device ID: PCI\VEN_8086&DEV_7D41&SUBSYS_0CE81028
Outranked Drivers: 
Device Updated: true
Parent Device: ACPI\PNP0A08\0"
"05-06-2026 11:32:01","400","Information","Microsoft-Windows-Kernel-PnP","Device PCI\VEN_8086&DEV_7D41&SUBSYS_0CE81028&REV_00\3&11583659&0&10 was configured.

Driver Name: oem338.inf
Driver Package ID: iigd_ext.inf_amd64_dd56c8496788d08d
Class GUID: {e2f84ce7-8efa-411c-aa69-97454ca4cb57}
Driver Date: 03/18/2025
Driver Version: 32.0.101.6651
Driver Provider: Intel Corporation
Driver Section: ARLH_IG_wNext_Taroko14 ARL
Driver Rank: 0xFF0001
Matching Device ID: PCI\VEN_8086&DEV_7D41&SUBSYS_0CE81028
Outranked Drivers: 
Device Updated: true
Parent Device: ACPI\PNP0A08\0"
"05-06-2026 11:32:01","400","Information","Microsoft-Windows-Kernel-PnP","Device PCI\VEN_8086&DEV_7D41&SUBSYS_0CE81028&REV_00\3&11583659&0&10 was configured.

Driver Name: oem216.inf
Driver Package ID: iigd_ext.inf_amd64_dd6d17ba618ad518
Class GUID: {e2f84ce7-8efa-411c-aa69-97454ca4cb57}
Driver Date: 11/26/2024
Driver Version: 32.0.101.6313
Driver Provider: Intel Corporation
Driver Section: ARLH_IG_wNext_Taroko14 ARL
Driver Rank: 0xFF0001
Matching Device ID: PCI\VEN_8086&DEV_7D41&SUBSYS_0CE81028
Outranked Drivers: 
Device Updated: true
Parent Device: ACPI\PNP0A08\0"
"05-06-2026 11:32:01","400","Information","Microsoft-Windows-Kernel-PnP","Device PCI\VEN_8086&DEV_7D41&SUBSYS_0CE81028&REV_00\3&11583659&0&10 was configured.

Driver Name: oem183.inf
Driver Package ID: iigd_ext.inf_amd64_118c128ade056bcf
Class GUID: {e2f84ce7-8efa-411c-aa69-97454ca4cb57}
Driver Date: 09/19/2025
Driver Version: 32.0.101.8132
Driver Provider: Intel Corporation
Driver Section: ARLH_IG_wNext_Taroko14 ARL
Driver Rank: 0xFF0001
Matching Device ID: PCI\VEN_8086&DEV_7D41&SUBSYS_0CE81028
Outranked Drivers: 
Device Updated: true
Parent Device: ACPI\PNP0A08\0"
"05-06-2026 11:32:01","400","Information","Microsoft-Windows-Kernel-PnP","Device PCI\VEN_8086&DEV_7D41&SUBSYS_0CE81028&REV_00\3&11583659&0&10 was configured.

Driver Name: oem130.inf
Driver Package ID: iigd_dch.inf_amd64_bc1f9fc13d339f3e
Class GUID: {4d36e968-e325-11ce-bfc1-08002be10318}
Driver Date: 01/30/2026
Driver Version: 32.0.101.8508
Driver Provider: Intel Corporation
Driver Section: ARLH_IG_wNext
Driver Rank: 0xCF0001
Matching Device ID: PCI\VEN_8086&DEV_7D41&SUBSYS_0CE81028
Outranked Drivers: oem346.inf:PCI\VEN_8086&DEV_7D41&SUBSYS_0CE81028:00CF0001 oem130.inf:PCI\VEN_8086&DEV_7D41:00CF2001 oem346.inf:PCI\VEN_8086&DEV_7D41:00CF2001 display.inf:PCI\CC_0300:00FB2008
Device Updated: true
Parent Device: ACPI\PNP0A08\0"
"04-06-2026 18:02:48","410","Information","Microsoft-Windows-Kernel-PnP","Device SWD\MMDEVAPI\{0.0.0.00000000}.{bdabf973-e957-482c-b18f-7ee0d853173b} was started.

Driver Name: audioendpoint.inf
Class GUID: {c166523c-fe0c-4a94-a586-f1a80cfbbf3e}
Service: 
Lower Filters: 
Upper Filters: "
"04-06-2026 18:02:48","400","Information","Microsoft-Windows-Kernel-PnP","Device SWD\MMDEVAPI\{0.0.0.00000000}.{bdabf973-e957-482c-b18f-7ee0d853173b} was configured.

Driver Name: audioendpoint.inf
Driver Package ID: audioendpoint.inf_amd64_271c4d03bad18da8
Class GUID: {c166523c-fe0c-4a94-a586-f1a80cfbbf3e}
Driver Date: 03/31/2024
Driver Version: 10.0.26100.1
Driver Provider: Microsoft
Driver Section: NO_DRV
Driver Rank: 0xFF0000
Matching Device ID: MMDEVAPI\AudioEndpoints
Outranked Drivers: c_swdevice.inf:SWD\GenericRaw:00FF3001
Device Updated: false
Parent Device: USB\VID_047F&PID_C058&MI_00\6&ba27757&0&0000"
"04-06-2026 18:02:48","410","Information","Microsoft-Windows-Kernel-PnP","Device SWD\MMDEVAPI\{0.0.1.00000000}.{323f7b54-b30b-4d80-b3b5-240bb16692ef} was started.

Driver Name: audioendpoint.inf
Class GUID: {c166523c-fe0c-4a94-a586-f1a80cfbbf3e}
Service: 
Lower Filters: 
Upper Filters: "
"04-06-2026 18:02:48","400","Information","Microsoft-Windows-Kernel-PnP","Device SWD\MMDEVAPI\{0.0.1.00000000}.{323f7b54-b30b-4d80-b3b5-240bb16692ef} was configured.

Driver Name: audioendpoint.inf
Driver Package ID: audioendpoint.inf_amd64_271c4d03bad18da8
Class GUID: {c166523c-fe0c-4a94-a586-f1a80cfbbf3e}
Driver Date: 03/31/2024
Driver Version: 10.0.26100.1
Driver Provider: Microsoft
Driver Section: NO_DRV
Driver Rank: 0xFF0000
Matching Device ID: MMDEVAPI\AudioEndpoints
Outranked Drivers: c_swdevice.inf:SWD\GenericRaw:00FF3001
Device Updated: false
Parent Device: USB\VID_047F&PID_C058&MI_00\6&ba27757&0&0000"
"04-06-2026 18:02:48","410","Information","Microsoft-Windows-Kernel-PnP","Device HID\VID_047F&PID_C058&MI_03&Col02\7&24d94f6a&0&0001 was started.

Driver Name: hidtelephonydriver.inf
Class GUID: {745a17a0-74d3-11d0-b6fe-00a0c90f57da}
Service: WUDFRd
Lower Filters: 
Upper Filters: "
"04-06-2026 18:02:48","410","Information","Microsoft-Windows-Kernel-PnP","Device HID\VID_047F&PID_C058&MI_03&Col03\7&24d94f6a&0&0002 was started.

Driver Name: input.inf
Class GUID: {745a17a0-74d3-11d0-b6fe-00a0c90f57da}
Service: 
Lower Filters: 
Upper Filters: "
"04-06-2026 18:02:47","410","Information","Microsoft-Windows-Kernel-PnP","Device HID\VID_047F&PID_C058&MI_03&Col01\7&24d94f6a&0&0000 was started.

Driver Name: hidserv.inf
Class GUID: {745a17a0-74d3-11d0-b6fe-00a0c90f57da}
Service: 
Lower Filters: 
Upper Filters: "
"04-06-2026 18:02:47","400","Information","Microsoft-Windows-Kernel-PnP","Device HID\VID_047F&PID_C058&MI_03&Col03\7&24d94f6a&0&0002 was configured.

Driver Name: input.inf
Driver Package ID: input.inf_amd64_b70b241e639b0256
Class GUID: {745a17a0-74d3-11d0-b6fe-00a0c90f57da}
Driver Date: 06/21/2006
Driver Version: 10.0.26100.8115
Driver Provider: Microsoft
Driver Section: HID_Raw_Inst.NT
Driver Rank: 0xFF1004
Matching Device ID: HID_DEVICE_UPR:FF00-FFFF
Outranked Drivers: input.inf:HID_DEVICE:00FF1005
Device Updated: false
Parent Device: USB\VID_047F&PID_C058&MI_03\6&ba27757&0&0003"
"04-06-2026 18:02:47","400","Information","Microsoft-Windows-Kernel-PnP","Device HID\VID_047F&PID_C058&MI_03&Col02\7&24d94f6a&0&0001 was configured.

Driver Name: hidtelephonydriver.inf
Driver Package ID: hidtelephonydriver.inf_amd64_4d87f0bd77d9889a
Class GUID: {745a17a0-74d3-11d0-b6fe-00a0c90f57da}
Driver Date: 04/21/2009
Driver Version: 10.0.26100.8115
Driver Provider: Microsoft
Driver Section: HidTelephony_Install.NT
Driver Rank: 0xFF0003
Matching Device ID: HID_DEVICE_UP:000B_U:0005
Outranked Drivers: input.inf:HID_DEVICE_UP:000B_U:0005:00FF1003 input.inf:HID_DEVICE:00FF1004
Device Updated: false
Parent Device: USB\VID_047F&PID_C058&MI_03\6&ba27757&0&0003"
"04-06-2026 18:02:47","400","Information","Microsoft-Windows-Kernel-PnP","Device HID\VID_047F&PID_C058&MI_03&Col01\7&24d94f6a&0&0000 was configured.

Driver Name: hidserv.inf
Driver Package ID: hidserv.inf_amd64_3111b4bfb553788d
Class GUID: {745a17a0-74d3-11d0-b6fe-00a0c90f57da}
Driver Date: 06/21/2006
Driver Version: 10.0.26100.1
Driver Provider: Microsoft
Driver Section: HIDSystemConsumerDevice
Driver Rank: 0xFF0004
Matching Device ID: HID_DEVICE_UP:000C_U:0001
Outranked Drivers: input.inf:HID_DEVICE:00FF1005
Device Updated: false
Parent Device: USB\VID_047F&PID_C058&MI_03\6&ba27757&0&0003"
"04-06-2026 18:02:47","410","Information","Microsoft-Windows-Kernel-PnP","Device USB\VID_047F&PID_C058&MI_03\6&ba27757&0&0003 was started.

Driver Name: input.inf
Class GUID: {745a17a0-74d3-11d0-b6fe-00a0c90f57da}
Service: HidUsb
Lower Filters: 
Upper Filters: "
"04-06-2026 18:02:47","410","Information","Microsoft-Windows-Kernel-PnP","Device USB\VID_047F&PID_C058&MI_00\6&ba27757&0&0000 was started.

Driver Name: wdma_usb.inf
Class GUID: {4d36e96c-e325-11ce-bfc1-08002be10318}
Service: usbaudio
Lower Filters: 
Upper Filters: "
"04-06-2026 18:02:47","400","Information","Microsoft-Windows-Kernel-PnP","Device USB\VID_047F&PID_C058&MI_03\6&ba27757&0&0003 was configured.

Driver Name: input.inf
Driver Package ID: input.inf_amd64_b70b241e639b0256
Class GUID: {745a17a0-74d3-11d0-b6fe-00a0c90f57da}
Driver Date: 06/21/2006
Driver Version: 10.0.26100.8115
Driver Provider: Microsoft
Driver Section: HID_Inst.NT
Driver Rank: 0xFF3205
Matching Device ID: USB\Class_03
Outranked Drivers: 
Device Updated: false
Parent Device: USB\VID_047F&PID_C058\EBFF498BA439F1488A177C405ACDFDF0"
"04-06-2026 18:02:47","400","Information","Microsoft-Windows-Kernel-PnP","Device USB\VID_047F&PID_C058&MI_00\6&ba27757&0&0000 was configured.

Driver Name: wdma_usb.inf
Driver Package ID: wdma_usb.inf_amd64_3bc69731ddebdfcf
Class GUID: {4d36e96c-e325-11ce-bfc1-08002be10318}
Driver Date: 03/21/2026
Driver Version: 10.0.26100.8115
Driver Provider: Microsoft
Driver Section: USBAudio
Driver Rank: 0xFF2005
Matching Device ID: USB\Class_01
Outranked Drivers: usbmidi2.inf:USB\Class_01:00FF3105
Device Updated: false
Parent Device: USB\VID_047F&PID_C058\EBFF498BA439F1488A177C405ACDFDF0"
"04-06-2026 18:02:47","410","Information","Microsoft-Windows-Kernel-PnP","Device USB\VID_047F&PID_C058\EBFF498BA439F1488A177C405ACDFDF0 was started.

Driver Name: usb.inf
Class GUID: {36fc9e60-c465-11cf-8056-444553540000}
Service: usbccgp
Lower Filters: 
Upper Filters: "
"04-06-2026 18:02:47","400","Information","Microsoft-Windows-Kernel-PnP","Device USB\VID_047F&PID_C058\EBFF498BA439F1488A177C405ACDFDF0 was configured.

Driver Name: usb.inf
Driver Package ID: usb.inf_amd64_ca05aed6371fe9f7
Class GUID: {36fc9e60-c465-11cf-8056-444553540000}
Driver Date: 06/21/2006
Driver Version: 10.0.26100.8115
Driver Provider: Microsoft
Driver Section: Composite.Dev.NT
Driver Rank: 0xFF2006
Matching Device ID: USB\COMPOSITE
Outranked Drivers: 
Device Updated: false
Parent Device: USB\ROOT_HUB30\4&2169287b&0&0"
"04-06-2026 17:58:23","410","Information","Microsoft-Windows-Kernel-PnP","Device USB\VID_1D5C&PID_5510\5&2dc84fba&0&1 was started.

Driver Name: usbhub3.inf
Class GUID: {36fc9e60-c465-11cf-8056-444553540000}
Service: USBHUB3
Lower Filters: 
Upper Filters: "
"04-06-2026 17:58:23","400","Information","Microsoft-Windows-Kernel-PnP","Device USB\VID_1D5C&PID_5510\5&2dc84fba&0&1 was configured.

Driver Name: usbhub3.inf
Driver Package ID: usbhub3.inf_amd64_df35544dedc4d060
Class GUID: {36fc9e60-c465-11cf-8056-444553540000}
Driver Date: 03/20/2026
Driver Version: 10.0.26100.8115
Driver Provider: Microsoft
Driver Section: Generic.Install.NT
Driver Rank: 0x802000
Matching Device ID: USB\USB20_HUB
Outranked Drivers: 
Device Updated: false
Parent Device: USB\ROOT_HUB30\4&2169287b&0&0"
"04-06-2026 17:58:23","410","Information","Microsoft-Windows-Kernel-PnP","Device USB\VID_1D5C&PID_5500\5&266331bc&0&4 was started.

Driver Name: usbhub3.inf
Class GUID: {36fc9e60-c465-11cf-8056-444553540000}
Service: USBHUB3
Lower Filters: 
Upper Filters: "
"04-06-2026 17:58:23","400","Information","Microsoft-Windows-Kernel-PnP","Device USB\VID_1D5C&PID_5500\5&266331bc&0&4 was configured.

Driver Name: usbhub3.inf
Driver Package ID: usbhub3.inf_amd64_df35544dedc4d060
Class GUID: {36fc9e60-c465-11cf-8056-444553540000}
Driver Date: 03/20/2026
Driver Version: 10.0.26100.8115
Driver Provider: Microsoft
Driver Section: Generic.Install.NT
Driver Rank: 0x802000
Matching Device ID: USB\USB30_HUB
Outranked Drivers: 
Device Updated: false
Parent Device: USB\ROOT_HUB30\4&2855494a&0&0"
"03-06-2026 10:36:57","410","Information","Microsoft-Windows-Kernel-PnP","Device SWD\DRIVERENUM\IpfEfExtComponent&4&23556e4&0 was started.

Driver Name: oem451.inf
Class GUID: {4d36e97d-e325-11ce-bfc1-08002be10318}
Service: 
Lower Filters: 
Upper Filters: "
"03-06-2026 10:36:56","410","Information","Microsoft-Windows-Kernel-PnP","Device PCI\VEN_8086&DEV_7D0D&SUBSYS_0CE81028&REV_01\3&11583659&0&50 was started.

Driver Name: oem308.inf
Class GUID: {4d36e97d-e325-11ce-bfc1-08002be10318}
Service: IntcPMT
Lower Filters: 
Upper Filters: "
"03-06-2026 10:36:55","410","Information","Microsoft-Windows-Kernel-PnP","Device PCI\VEN_8086&DEV_7D03&SUBSYS_0CE81028&REV_05\3&11583659&0&20 was started.

Driver Name: oem451.inf
Class GUID: {4d36e97d-e325-11ce-bfc1-08002be10318}
Service: ipf_cpu
Lower Filters: 
Upper Filters: ipf_lf WUDFRd"
"03-06-2026 10:36:46","400","Information","Microsoft-Windows-Kernel-PnP","Device PCI\VEN_8086&DEV_7D03&SUBSYS_0CE81028&REV_05\3&11583659&0&20 was configured.

Driver Name: oem495.inf
Driver Package ID: dtt_ext.inf_amd64_63332b0a44b6cf39
Class GUID: {e2f84ce7-8efa-411c-aa69-97454ca4cb57}
Driver Date: 03/11/2026
Driver Version: 9.1.10009.1745
Driver Provider: Intel
Driver Section: DttExtInstall.NTamd64
Driver Rank: 0xFF2001
Matching Device ID: PCI\VEN_8086&DEV_7D03
Outranked Drivers: 
Device Updated: true
Parent Device: ACPI\PNP0A08\0"
"03-06-2026 10:36:46","400","Information","Microsoft-Windows-Kernel-PnP","Device PCI\VEN_8086&DEV_7D03&SUBSYS_0CE81028&REV_05\3&11583659&0&20 was configured.

Driver Name: oem490.inf
Driver Package ID: socthermalprovider_ext.inf_amd64_5d11dab2092bf2b7
Class GUID: {e2f84ce7-8efa-411c-aa69-97454ca4cb57}
Driver Date: 02/16/2026
Driver Version: 3.4.1006.0
Driver Provider: Intel
Driver Section: IpfEfSOCThermalProviderInstall.NTamd64
Driver Rank: 0xFF2001
Matching Device ID: PCI\VEN_8086&DEV_7D03
Outranked Drivers: 
Device Updated: true
Parent Device: ACPI\PNP0A08\0"
"03-06-2026 10:36:46","400","Information","Microsoft-Windows-Kernel-PnP","Device PCI\VEN_8086&DEV_7D03&SUBSYS_0CE81028&REV_05\3&11583659&0&20 was configured.

Driver Name: oem451.inf
Driver Package ID: ipf_cpu.inf_amd64_049e38a37c46edc4
Class GUID: {4d36e97d-e325-11ce-bfc1-08002be10318}
Driver Date: 05/15/2025
Driver Version: 2.2.10205.3620
Driver Provider: Intel
Driver Section: IpfInstall_Win11_22621_EF.NTamd64
Driver Rank: 0xFF2001
Matching Device ID: PCI\VEN_8086&DEV_7D03
Outranked Drivers: oem144.inf:PCI\VEN_8086&DEV_7D03:00FF2001
Device Updated: true
Parent Device: ACPI\PNP0A08\0"
"03-06-2026 10:36:42","400","Information","Microsoft-Windows-Kernel-PnP","Device SWD\DRIVERENUM\IpfEfExtComponent&4&23556e4&0 was configured.

Driver Name: oem494.inf
Driver Package ID: pcdtelemetryprovider_ext.inf_amd64_0e67c963f1432d75
Class GUID: {e2f84ce7-8efa-411c-aa69-97454ca4cb57}
Driver Date: 10/28/2025
Driver Version: 1.2.1001.0
Driver Provider: Intel
Driver Section: IpfEfProviderInstall.NTamd64
Driver Rank: 0xFF0000
Matching Device ID: SWC\VID8086_IPFEF_1.0
Outranked Drivers: 
Device Updated: true
Parent Device: PCI\VEN_8086&DEV_7D03&SUBSYS_0CE81028&REV_05\3&11583659&0&20"
"03-06-2026 10:36:42","400","Information","Microsoft-Windows-Kernel-PnP","Device SWD\DRIVERENUM\IpfEfExtComponent&4&23556e4&0 was configured.

Driver Name: oem492.inf
Driver Package ID: modsprovider_ext.inf_amd64_b8da4a57908389ff
Class GUID: {e2f84ce7-8efa-411c-aa69-97454ca4cb57}
Driver Date: 01/17/2026
Driver Version: 3.4.1005.0
Driver Provider: Intel
Driver Section: IpfEfProviderInstall.NTamd64
Driver Rank: 0xFF0000
Matching Device ID: SWC\VID8086_IPFEF_1.0
Outranked Drivers: 
Device Updated: true
Parent Device: PCI\VEN_8086&DEV_7D03&SUBSYS_0CE81028&REV_05\3&11583659&0&20"
"03-06-2026 10:36:42","400","Information","Microsoft-Windows-Kernel-PnP","Device SWD\DRIVERENUM\IpfEfExtComponent&4&23556e4&0 was configured.

Driver Name: oem491.inf
Driver Package ID: systemconfigprovider_ext.inf_amd64_860761b962066acf
Class GUID: {e2f84ce7-8efa-411c-aa69-97454ca4cb57}
Driver Date: 01/17/2026
Driver Version: 3.4.1005.0
Driver Provider: Intel
Driver Section: IpfEfProviderInstall.NTamd64
Driver Rank: 0xFF0000
Matching Device ID: SWC\VID8086_IPFEF_1.0
Outranked Drivers: 
Device Updated: true
Parent Device: PCI\VEN_8086&DEV_7D03&SUBSYS_0CE81028&REV_05\3&11583659&0&20"
"03-06-2026 10:36:42","400","Information","Microsoft-Windows-Kernel-PnP","Device SWD\DRIVERENUM\IpfEfExtComponent&4&23556e4&0 was configured.

Driver Name: oem489.inf
Driver Package ID: perfmonprovider_ext.inf_amd64_956a25d81dae6813
Class GUID: {e2f84ce7-8efa-411c-aa69-97454ca4cb57}
Driver Date: 01/17/2026
Driver Version: 3.4.1005.0
Driver Provider: Intel
Driver Section: IpfEfProviderInstall.NTamd64
Driver Rank: 0xFF0000
Matching Device ID: SWC\VID8086_IPFEF_1.0
Outranked Drivers: 
Device Updated: true
Parent Device: PCI\VEN_8086&DEV_7D03&SUBSYS_0CE81028&REV_05\3&11583659&0&20"
"03-06-2026 10:36:42","400","Information","Microsoft-Windows-Kernel-PnP","Device SWD\DRIVERENUM\IpfEfExtComponent&4&23556e4&0 was configured.

Driver Name: oem488.inf
Driver Package ID: igcl_ipf_provider_ext.inf_amd64_3d8f0106e17ff721
Class GUID: {e2f84ce7-8efa-411c-aa69-97454ca4cb57}
Driver Date: 08/05/2025
Driver Version: 16.1.0.257
Driver Provider: Intel
Driver Section: IpfEfProviderInstall.NTamd64
Driver Rank: 0xFF0000
Matching Device ID: SWC\VID8086_IPFEF_1.0
Outranked Drivers: 
Device Updated: true
Parent Device: PCI\VEN_8086&DEV_7D03&SUBSYS_0CE81028&REV_05\3&11583659&0&20"
"03-06-2026 10:36:42","400","Information","Microsoft-Windows-Kernel-PnP","Device SWD\DRIVERENUM\IpfEfExtComponent&4&23556e4&0 was configured.

Driver Name: oem451.inf
Driver Package ID: ipf_cpu.inf_amd64_049e38a37c46edc4
Class GUID: {4d36e97d-e325-11ce-bfc1-08002be10318}
Driver Date: 05/15/2025
Driver Version: 2.2.10205.3620
Driver Provider: Intel
Driver Section: IpfEfInstall.NTamd64
Driver Rank: 0xFF0000
Matching Device ID: SWC\VID8086_IPFEF_1.0
Outranked Drivers: oem144.inf:SWC\VID8086_IPFEF_1.0:00FF0000 c_swcomponent.inf:SWC\Generic:00FF3000 c_swdevice.inf:SWD\GenericRaw:00FF3001
Device Updated: true
Parent Device: PCI\VEN_8086&DEV_7D03&SUBSYS_0CE81028&REV_05\3&11583659&0&20"
"03-06-2026 10:36:39","400","Information","Microsoft-Windows-Kernel-PnP","Device PCI\VEN_8086&DEV_7D0D&SUBSYS_0CE81028&REV_01\3&11583659&0&50 was configured.

Driver Name: oem493.inf
Driver Package ID: pmtprovider_ext.inf_amd64_00b291897a3bf18b
Class GUID: {e2f84ce7-8efa-411c-aa69-97454ca4cb57}
Driver Date: 02/16/2026
Driver Version: 3.4.1006.0
Driver Provider: Intel
Driver Section: IpfEfPmtProviderInstall.NTamd64
Driver Rank: 0xFF2001
Matching Device ID: PCI\VEN_8086&DEV_7D0D
Outranked Drivers: 
Device Updated: true
Parent Device: ACPI\PNP0A08\0"
"03-06-2026 10:36:39","400","Information","Microsoft-Windows-Kernel-PnP","Device PCI\VEN_8086&DEV_7D0D&SUBSYS_0CE81028&REV_01\3&11583659&0&50 was configured.

Driver Name: oem308.inf
Driver Package ID: intcpmt.inf_amd64_7a61591fddff4def
Class GUID: {4d36e97d-e325-11ce-bfc1-08002be10318}
Driver Date: 05/24/2024
Driver Version: 3.1.2.6
Driver Provider: Intel(R) Platform Monitoring Technology (PMT) Device
Driver Section: CPUPMT_Device
Driver Rank: 0xFF2001
Matching Device ID: PCI\VEN_8086&DEV_7D0D
Outranked Drivers: 
Device Updated: true
Parent Device: ACPI\PNP0A08\0"
"03-06-2026 10:36:37","400","Information","Microsoft-Windows-Kernel-PnP","Device SWD\DRIVERENUM\IpfEfExtComponent&4&23556e4&0 was configured.

Driver Name: oem492.inf
Driver Package ID: modsprovider_ext.inf_amd64_b8da4a57908389ff
Class GUID: {e2f84ce7-8efa-411c-aa69-97454ca4cb57}
Driver Date: 01/17/2026
Driver Version: 3.4.1005.0
Driver Provider: Intel
Driver Section: IpfEfProviderInstall.NTamd64
Driver Rank: 0xFF0000
Matching Device ID: SWC\VID8086_IPFEF_1.0
Outranked Drivers: 
Device Updated: true
Parent Device: PCI\VEN_8086&DEV_7D03&SUBSYS_0CE81028&REV_05\3&11583659&0&20"
"03-06-2026 10:36:37","400","Information","Microsoft-Windows-Kernel-PnP","Device SWD\DRIVERENUM\IpfEfExtComponent&4&23556e4&0 was configured.

Driver Name: oem491.inf
Driver Package ID: systemconfigprovider_ext.inf_amd64_860761b962066acf
Class GUID: {e2f84ce7-8efa-411c-aa69-97454ca4cb57}
Driver Date: 01/17/2026
Driver Version: 3.4.1005.0
Driver Provider: Intel
Driver Section: IpfEfProviderInstall.NTamd64
Driver Rank: 0xFF0000
Matching Device ID: SWC\VID8086_IPFEF_1.0
Outranked Drivers: 
Device Updated: true
Parent Device: PCI\VEN_8086&DEV_7D03&SUBSYS_0CE81028&REV_05\3&11583659&0&20"
"03-06-2026 10:36:37","400","Information","Microsoft-Windows-Kernel-PnP","Device SWD\DRIVERENUM\IpfEfExtComponent&4&23556e4&0 was configured.

Driver Name: oem489.inf
Driver Package ID: perfmonprovider_ext.inf_amd64_956a25d81dae6813
Class GUID: {e2f84ce7-8efa-411c-aa69-97454ca4cb57}
Driver Date: 01/17/2026
Driver Version: 3.4.1005.0
Driver Provider: Intel
Driver Section: IpfEfProviderInstall.NTamd64
Driver Rank: 0xFF0000
Matching Device ID: SWC\VID8086_IPFEF_1.0
Outranked Drivers: 
Device Updated: true
Parent Device: PCI\VEN_8086&DEV_7D03&SUBSYS_0CE81028&REV_05\3&11583659&0&20"
"03-06-2026 10:36:37","400","Information","Microsoft-Windows-Kernel-PnP","Device SWD\DRIVERENUM\IpfEfExtComponent&4&23556e4&0 was configured.

Driver Name: oem488.inf
Driver Package ID: igcl_ipf_provider_ext.inf_amd64_3d8f0106e17ff721
Class GUID: {e2f84ce7-8efa-411c-aa69-97454ca4cb57}
Driver Date: 08/05/2025
Driver Version: 16.1.0.257
Driver Provider: Intel
Driver Section: IpfEfProviderInstall.NTamd64
Driver Rank: 0xFF0000
Matching Device ID: SWC\VID8086_IPFEF_1.0
Outranked Drivers: 
Device Updated: true
Parent Device: PCI\VEN_8086&DEV_7D03&SUBSYS_0CE81028&REV_05\3&11583659&0&20"
"03-06-2026 10:36:37","400","Information","Microsoft-Windows-Kernel-PnP","Device SWD\DRIVERENUM\IpfEfExtComponent&4&23556e4&0 was configured.

Driver Name: oem451.inf
Driver Package ID: ipf_cpu.inf_amd64_049e38a37c46edc4
Class GUID: {4d36e97d-e325-11ce-bfc1-08002be10318}
Driver Date: 05/15/2025
Driver Version: 2.2.10205.3620
Driver Provider: Intel
Driver Section: IpfEfInstall.NTamd64
Driver Rank: 0xFF0000
Matching Device ID: SWC\VID8086_IPFEF_1.0
Outranked Drivers: oem144.inf:SWC\VID8086_IPFEF_1.0:00FF0000 c_swcomponent.inf:SWC\Generic:00FF3000 c_swdevice.inf:SWD\GenericRaw:00FF3001
Device Updated: true
Parent Device: PCI\VEN_8086&DEV_7D03&SUBSYS_0CE81028&REV_05\3&11583659&0&20"
"03-06-2026 10:36:32","400","Information","Microsoft-Windows-Kernel-PnP","Device SWD\DRIVERENUM\IpfEfExtComponent&4&23556e4&0 was configured.

Driver Name: oem491.inf
Driver Package ID: systemconfigprovider_ext.inf_amd64_860761b962066acf
Class GUID: {e2f84ce7-8efa-411c-aa69-97454ca4cb57}
Driver Date: 01/17/2026
Driver Version: 3.4.1005.0
Driver Provider: Intel
Driver Section: IpfEfProviderInstall.NTamd64
Driver Rank: 0xFF0000
Matching Device ID: SWC\VID8086_IPFEF_1.0
Outranked Drivers: 
Device Updated: true
Parent Device: PCI\VEN_8086&DEV_7D03&SUBSYS_0CE81028&REV_05\3&11583659&0&20"
"03-06-2026 10:36:32","400","Information","Microsoft-Windows-Kernel-PnP","Device SWD\DRIVERENUM\IpfEfExtComponent&4&23556e4&0 was configured.

Driver Name: oem489.inf
Driver Package ID: perfmonprovider_ext.inf_amd64_956a25d81dae6813
Class GUID: {e2f84ce7-8efa-411c-aa69-97454ca4cb57}
Driver Date: 01/17/2026
Driver Version: 3.4.1005.0
Driver Provider: Intel
Driver Section: IpfEfProviderInstall.NTamd64
Driver Rank: 0xFF0000
Matching Device ID: SWC\VID8086_IPFEF_1.0
Outranked Drivers: 
Device Updated: true
Parent Device: PCI\VEN_8086&DEV_7D03&SUBSYS_0CE81028&REV_05\3&11583659&0&20"
"03-06-2026 10:36:32","400","Information","Microsoft-Windows-Kernel-PnP","Device SWD\DRIVERENUM\IpfEfExtComponent&4&23556e4&0 was configured.

Driver Name: oem488.inf
Driver Package ID: igcl_ipf_provider_ext.inf_amd64_3d8f0106e17ff721
Class GUID: {e2f84ce7-8efa-411c-aa69-97454ca4cb57}
Driver Date: 08/05/2025
Driver Version: 16.1.0.257
Driver Provider: Intel
Driver Section: IpfEfProviderInstall.NTamd64
Driver Rank: 0xFF0000
Matching Device ID: SWC\VID8086_IPFEF_1.0
Outranked Drivers: 
Device Updated: true
Parent Device: PCI\VEN_8086&DEV_7D03&SUBSYS_0CE81028&REV_05\3&11583659&0&20"
"03-06-2026 10:36:32","400","Information","Microsoft-Windows-Kernel-PnP","Device SWD\DRIVERENUM\IpfEfExtComponent&4&23556e4&0 was configured.

Driver Name: oem88.inf
Driver Package ID: modsprovider_ext.inf_amd64_88e7f8b9f41f472b
Class GUID: {e2f84ce7-8efa-411c-aa69-97454ca4cb57}
Driver Date: 07/03/2025
Driver Version: 3.1.1002.0
Driver Provider: Intel
Driver Section: IpfEfProviderInstall.NTamd64
Driver Rank: 0xFF0000
Matching Device ID: SWC\VID8086_IPFEF_1.0
Outranked Drivers: 
Device Updated: true
Parent Device: PCI\VEN_8086&DEV_7D03&SUBSYS_0CE81028&REV_05\3&11583659&0&20"
"03-06-2026 10:36:32","400","Information","Microsoft-Windows-Kernel-PnP","Device SWD\DRIVERENUM\IpfEfExtComponent&4&23556e4&0 was configured.

Driver Name: oem451.inf
Driver Package ID: ipf_cpu.inf_amd64_049e38a37c46edc4
Class GUID: {4d36e97d-e325-11ce-bfc1-08002be10318}
Driver Date: 05/15/2025
Driver Version: 2.2.10205.3620
Driver Provider: Intel
Driver Section: IpfEfInstall.NTamd64
Driver Rank: 0xFF0000
Matching Device ID: SWC\VID8086_IPFEF_1.0
Outranked Drivers: oem144.inf:SWC\VID8086_IPFEF_1.0:00FF0000 c_swcomponent.inf:SWC\Generic:00FF3000 c_swdevice.inf:SWD\GenericRaw:00FF3001
Device Updated: true
Parent Device: PCI\VEN_8086&DEV_7D03&SUBSYS_0CE81028&REV_05\3&11583659&0&20"
"03-06-2026 10:36:29","400","Information","Microsoft-Windows-Kernel-PnP","Device PCI\VEN_8086&DEV_7D03&SUBSYS_0CE81028&REV_05\3&11583659&0&20 was configured.

Driver Name: oem490.inf
Driver Package ID: socthermalprovider_ext.inf_amd64_5d11dab2092bf2b7
Class GUID: {e2f84ce7-8efa-411c-aa69-97454ca4cb57}
Driver Date: 02/16/2026
Driver Version: 3.4.1006.0
Driver Provider: Intel
Driver Section: IpfEfSOCThermalProviderInstall.NTamd64
Driver Rank: 0xFF2001
Matching Device ID: PCI\VEN_8086&DEV_7D03
Outranked Drivers: 
Device Updated: true
Parent Device: ACPI\PNP0A08\0"
"03-06-2026 10:36:29","400","Information","Microsoft-Windows-Kernel-PnP","Device PCI\VEN_8086&DEV_7D03&SUBSYS_0CE81028&REV_05\3&11583659&0&20 was configured.

Driver Name: oem177.inf
Driver Package ID: dtt_ext.inf_amd64_090fc9a8ab90b3b4
Class GUID: {e2f84ce7-8efa-411c-aa69-97454ca4cb57}
Driver Date: 01/10/2025
Driver Version: 9.0.11906.54998
Driver Provider: Intel
Driver Section: DttExtInstall.NTamd64
Driver Rank: 0xFF2001
Matching Device ID: PCI\VEN_8086&DEV_7D03
Outranked Drivers: 
Device Updated: true
Parent Device: ACPI\PNP0A08\0"
"03-06-2026 10:36:29","400","Information","Microsoft-Windows-Kernel-PnP","Device PCI\VEN_8086&DEV_7D03&SUBSYS_0CE81028&REV_05\3&11583659&0&20 was configured.

Driver Name: oem451.inf
Driver Package ID: ipf_cpu.inf_amd64_049e38a37c46edc4
Class GUID: {4d36e97d-e325-11ce-bfc1-08002be10318}
Driver Date: 05/15/2025
Driver Version: 2.2.10205.3620
Driver Provider: Intel
Driver Section: IpfInstall_Win11_22621_EF.NTamd64
Driver Rank: 0xFF2001
Matching Device ID: PCI\VEN_8086&DEV_7D03
Outranked Drivers: oem144.inf:PCI\VEN_8086&DEV_7D03:00FF2001
Device Updated: true
Parent Device: ACPI\PNP0A08\0"
"03-06-2026 10:36:25","400","Information","Microsoft-Windows-Kernel-PnP","Device SWD\DRIVERENUM\IpfEfExtComponent&4&23556e4&0 was configured.

Driver Name: oem489.inf
Driver Package ID: perfmonprovider_ext.inf_amd64_956a25d81dae6813
Class GUID: {e2f84ce7-8efa-411c-aa69-97454ca4cb57}
Driver Date: 01/17/2026
Driver Version: 3.4.1005.0
Driver Provider: Intel
Driver Section: IpfEfProviderInstall.NTamd64
Driver Rank: 0xFF0000
Matching Device ID: SWC\VID8086_IPFEF_1.0
Outranked Drivers: 
Device Updated: true
Parent Device: PCI\VEN_8086&DEV_7D03&SUBSYS_0CE81028&REV_05\3&11583659&0&20"
"03-06-2026 10:36:25","400","Information","Microsoft-Windows-Kernel-PnP","Device SWD\DRIVERENUM\IpfEfExtComponent&4&23556e4&0 was configured.

Driver Name: oem488.inf
Driver Package ID: igcl_ipf_provider_ext.inf_amd64_3d8f0106e17ff721
Class GUID: {e2f84ce7-8efa-411c-aa69-97454ca4cb57}
Driver Date: 08/05/2025
Driver Version: 16.1.0.257
Driver Provider: Intel
Driver Section: IpfEfProviderInstall.NTamd64
Driver Rank: 0xFF0000
Matching Device ID: SWC\VID8086_IPFEF_1.0
Outranked Drivers: 
Device Updated: true
Parent Device: PCI\VEN_8086&DEV_7D03&SUBSYS_0CE81028&REV_05\3&11583659&0&20"
"03-06-2026 10:36:25","400","Information","Microsoft-Windows-Kernel-PnP","Device SWD\DRIVERENUM\IpfEfExtComponent&4&23556e4&0 was configured.

Driver Name: oem303.inf
Driver Package ID: systemconfigprovider_ext.inf_amd64_5f885e939b27cde5
Class GUID: {e2f84ce7-8efa-411c-aa69-97454ca4cb57}
Driver Date: 07/03/2025
Driver Version: 3.2.1002.0
Driver Provider: Intel
Driver Section: IpfEfProviderInstall.NTamd64
Driver Rank: 0xFF0000
Matching Device ID: SWC\VID8086_IPFEF_1.0
Outranked Drivers: 
Device Updated: true
Parent Device: PCI\VEN_8086&DEV_7D03&SUBSYS_0CE81028&REV_05\3&11583659&0&20"
"03-06-2026 10:36:25","400","Information","Microsoft-Windows-Kernel-PnP","Device SWD\DRIVERENUM\IpfEfExtComponent&4&23556e4&0 was configured.

Driver Name: oem88.inf
Driver Package ID: modsprovider_ext.inf_amd64_88e7f8b9f41f472b
Class GUID: {e2f84ce7-8efa-411c-aa69-97454ca4cb57}
Driver Date: 07/03/2025
Driver Version: 3.1.1002.0
Driver Provider: Intel
Driver Section: IpfEfProviderInstall.NTamd64
Driver Rank: 0xFF0000
Matching Device ID: SWC\VID8086_IPFEF_1.0
Outranked Drivers: 
Device Updated: true
Parent Device: PCI\VEN_8086&DEV_7D03&SUBSYS_0CE81028&REV_05\3&11583659&0&20"
"03-06-2026 10:36:25","400","Information","Microsoft-Windows-Kernel-PnP","Device SWD\DRIVERENUM\IpfEfExtComponent&4&23556e4&0 was configured.

Driver Name: oem451.inf
Driver Package ID: ipf_cpu.inf_amd64_049e38a37c46edc4
Class GUID: {4d36e97d-e325-11ce-bfc1-08002be10318}
Driver Date: 05/15/2025
Driver Version: 2.2.10205.3620
Driver Provider: Intel
Driver Section: IpfEfInstall.NTamd64
Driver Rank: 0xFF0000
Matching Device ID: SWC\VID8086_IPFEF_1.0
Outranked Drivers: oem144.inf:SWC\VID8086_IPFEF_1.0:00FF0000 c_swcomponent.inf:SWC\Generic:00FF3000 c_swdevice.inf:SWD\GenericRaw:00FF3001
Device Updated: true
Parent Device: PCI\VEN_8086&DEV_7D03&SUBSYS_0CE81028&REV_05\3&11583659&0&20"
"03-06-2026 10:36:21","400","Information","Microsoft-Windows-Kernel-PnP","Device SWD\DRIVERENUM\IpfEfExtComponent&4&23556e4&0 was configured.

Driver Name: oem488.inf
Driver Package ID: igcl_ipf_provider_ext.inf_amd64_3d8f0106e17ff721
Class GUID: {e2f84ce7-8efa-411c-aa69-97454ca4cb57}
Driver Date: 08/05/2025
Driver Version: 16.1.0.257
Driver Provider: Intel
Driver Section: IpfEfProviderInstall.NTamd64
Driver Rank: 0xFF0000
Matching Device ID: SWC\VID8086_IPFEF_1.0
Outranked Drivers: 
Device Updated: true
Parent Device: PCI\VEN_8086&DEV_7D03&SUBSYS_0CE81028&REV_05\3&11583659&0&20"
"03-06-2026 10:36:21","400","Information","Microsoft-Windows-Kernel-PnP","Device SWD\DRIVERENUM\IpfEfExtComponent&4&23556e4&0 was configured.

Driver Name: oem303.inf
Driver Package ID: systemconfigprovider_ext.inf_amd64_5f885e939b27cde5
Class GUID: {e2f84ce7-8efa-411c-aa69-97454ca4cb57}
Driver Date: 07/03/2025
Driver Version: 3.2.1002.0
Driver Provider: Intel
Driver Section: IpfEfProviderInstall.NTamd64
Driver Rank: 0xFF0000
Matching Device ID: SWC\VID8086_IPFEF_1.0
Outranked Drivers: 
Device Updated: true
Parent Device: PCI\VEN_8086&DEV_7D03&SUBSYS_0CE81028&REV_05\3&11583659&0&20"
"03-06-2026 10:36:21","400","Information","Microsoft-Windows-Kernel-PnP","Device SWD\DRIVERENUM\IpfEfExtComponent&4&23556e4&0 was configured.

Driver Name: oem175.inf
Driver Package ID: perfmonprovider_ext.inf_amd64_ef7004d63780a42a
Class GUID: {e2f84ce7-8efa-411c-aa69-97454ca4cb57}
Driver Date: 07/03/2025
Driver Version: 1.2.1003.0
Driver Provider: Intel
Driver Section: IpfEfProviderInstall.NTamd64
Driver Rank: 0xFF0000
Matching Device ID: SWC\VID8086_IPFEF_1.0
Outranked Drivers: 
Device Updated: true
Parent Device: PCI\VEN_8086&DEV_7D03&SUBSYS_0CE81028&REV_05\3&11583659&0&20"
"03-06-2026 10:36:21","400","Information","Microsoft-Windows-Kernel-PnP","Device SWD\DRIVERENUM\IpfEfExtComponent&4&23556e4&0 was configured.

Driver Name: oem88.inf
Driver Package ID: modsprovider_ext.inf_amd64_88e7f8b9f41f472b
Class GUID: {e2f84ce7-8efa-411c-aa69-97454ca4cb57}
Driver Date: 07/03/2025
Driver Version: 3.1.1002.0
Driver Provider: Intel
Driver Section: IpfEfProviderInstall.NTamd64
Driver Rank: 0xFF0000
Matching Device ID: SWC\VID8086_IPFEF_1.0
Outranked Drivers: 
Device Updated: true
Parent Device: PCI\VEN_8086&DEV_7D03&SUBSYS_0CE81028&REV_05\3&11583659&0&20"
"03-06-2026 10:36:21","400","Information","Microsoft-Windows-Kernel-PnP","Device SWD\DRIVERENUM\IpfEfExtComponent&4&23556e4&0 was configured.

Driver Name: oem451.inf
Driver Package ID: ipf_cpu.inf_amd64_049e38a37c46edc4
Class GUID: {4d36e97d-e325-11ce-bfc1-08002be10318}
Driver Date: 05/15/2025
Driver Version: 2.2.10205.3620
Driver Provider: Intel
Driver Section: IpfEfInstall.NTamd64
Driver Rank: 0xFF0000
Matching Device ID: SWC\VID8086_IPFEF_1.0
Outranked Drivers: oem144.inf:SWC\VID8086_IPFEF_1.0:00FF0000 c_swcomponent.inf:SWC\Generic:00FF3000 c_swdevice.inf:SWD\GenericRaw:00FF3001
Device Updated: true
Parent Device: PCI\VEN_8086&DEV_7D03&SUBSYS_0CE81028&REV_05\3&11583659&0&20"
"03-06-2026 00:21:31","410","Information","Microsoft-Windows-Kernel-PnP","Device SWD\PRINTENUM\{85E2E57D-8517-48E9-9C9B-352E95CCE8E2} was started.

Driver Name: printqueue.inf
Class GUID: {1ed2bbf9-11f0-4084-b21f-ad83a8e6dcdc}
Service: 
Lower Filters: 
Upper Filters: "
"03-06-2026 00:21:31","400","Information","Microsoft-Windows-Kernel-PnP","Device SWD\PRINTENUM\{85E2E57D-8517-48E9-9C9B-352E95CCE8E2} was configured.

Driver Name: printqueue.inf
Driver Package ID: printqueue.inf_amd64_044b5f13f940e7c8
Class GUID: {1ed2bbf9-11f0-4084-b21f-ad83a8e6dcdc}
Driver Date: 06/21/2006
Driver Version: 10.0.26100.1
Driver Provider: Microsoft
Driver Section: NO_DRV_LOCAL
Driver Rank: 0x1
Matching Device ID: PRINTENUM\LocalPrintQueue
Outranked Drivers: oem455.inf:{3ee39114-30b4-45a4-a109-19d4a40fcc22}:00FF0002 c_swdevice.inf:SWD\GenericRaw:00FF3001
Device Updated: false
Parent Device: SWD\PRINTENUM\PrintQueues"
"03-06-2026 00:21:30","420","Information","Microsoft-Windows-Kernel-PnP","Device SWD\PRINTENUM\{473AE46A-95E6-44E7-8E88-1BF2FAA0F887} was deleted.

Class GUID: {1ed2bbf9-11f0-4084-b21f-ad83a8e6dcdc}"
"02-06-2026 23:58:48","410","Information","Microsoft-Windows-Kernel-PnP","Device HID\VID_046D&PID_C534&MI_01&Col01\7&e77a003&0&0000 was started.

Driver Name: msmouse.inf
Class GUID: {4d36e96f-e325-11ce-bfc1-08002be10318}
Service: mouhid
Lower Filters: 
Upper Filters: "
"02-06-2026 23:58:48","410","Information","Microsoft-Windows-Kernel-PnP","Device HID\VID_046D&PID_C534&MI_00\7&324eddc5&0&0000 was started.

Driver Name: keyboard.inf
Class GUID: {4d36e96b-e325-11ce-bfc1-08002be10318}
Service: kbdhid
Lower Filters: 
Upper Filters: "
"02-06-2026 23:58:48","410","Information","Microsoft-Windows-Kernel-PnP","Device HID\VID_046D&PID_C534&MI_01&Col05\7&e77a003&0&0004 was started.

Driver Name: input.inf
Class GUID: {745a17a0-74d3-11d0-b6fe-00a0c90f57da}
Service: 
Lower Filters: 
Upper Filters: "
"02-06-2026 23:58:48","410","Information","Microsoft-Windows-Kernel-PnP","Device HID\VID_046D&PID_C534&MI_01&Col04\7&e77a003&0&0003 was started.

Driver Name: input.inf
Class GUID: {745a17a0-74d3-11d0-b6fe-00a0c90f57da}
Service: 
Lower Filters: 
Upper Filters: "
"02-06-2026 23:58:48","410","Information","Microsoft-Windows-Kernel-PnP","Device HID\VID_046D&PID_C534&MI_01&Col03\7&e77a003&0&0002 was started.

Driver Name: input.inf
Class GUID: {745a17a0-74d3-11d0-b6fe-00a0c90f57da}
Service: 
Lower Filters: 
Upper Filters: "
"02-06-2026 23:58:48","410","Information","Microsoft-Windows-Kernel-PnP","Device HID\VID_046D&PID_C534&MI_01&Col02\7&e77a003&0&0001 was started.

Driver Name: hidserv.inf
Class GUID: {745a17a0-74d3-11d0-b6fe-00a0c90f57da}
Service: 
Lower Filters: 
Upper Filters: "
"02-06-2026 23:58:48","400","Information","Microsoft-Windows-Kernel-PnP","Device HID\VID_046D&PID_C534&MI_01&Col05\7&e77a003&0&0004 was configured.

Driver Name: input.inf
Driver Package ID: input.inf_amd64_b70b241e639b0256
Class GUID: {745a17a0-74d3-11d0-b6fe-00a0c90f57da}
Driver Date: 06/21/2006
Driver Version: 10.0.26100.8115
Driver Provider: Microsoft
Driver Section: HID_Raw_Inst.NT
Driver Rank: 0xFF1004
Matching Device ID: HID_DEVICE_UPR:FF00-FFFF
Outranked Drivers: input.inf:HID_DEVICE:00FF1005
Device Updated: false
Parent Device: USB\VID_046D&PID_C534&MI_01\6&20a717c4&0&0001"
"02-06-2026 23:58:48","400","Information","Microsoft-Windows-Kernel-PnP","Device HID\VID_046D&PID_C534&MI_01&Col04\7&e77a003&0&0003 was configured.

Driver Name: input.inf
Driver Package ID: input.inf_amd64_b70b241e639b0256
Class GUID: {745a17a0-74d3-11d0-b6fe-00a0c90f57da}
Driver Date: 06/21/2006
Driver Version: 10.0.26100.8115
Driver Provider: Microsoft
Driver Section: HID_Raw_Inst.NT
Driver Rank: 0xFF1004
Matching Device ID: HID_DEVICE_UPR:FF00-FFFF
Outranked Drivers: input.inf:HID_DEVICE:00FF1005
Device Updated: false
Parent Device: USB\VID_046D&PID_C534&MI_01\6&20a717c4&0&0001"
"02-06-2026 23:58:48","400","Information","Microsoft-Windows-Kernel-PnP","Device HID\VID_046D&PID_C534&MI_01&Col03\7&e77a003&0&0002 was configured.

Driver Name: input.inf
Driver Package ID: input.inf_amd64_b70b241e639b0256
Class GUID: {745a17a0-74d3-11d0-b6fe-00a0c90f57da}
Driver Date: 06/21/2006
Driver Version: 10.0.26100.8115
Driver Provider: Microsoft
Driver Section: HID_Raw_Inst.NT
Driver Rank: 0xFF1004
Matching Device ID: HID_DEVICE_UP:0001_U:0080
Outranked Drivers: input.inf:HID_DEVICE:00FF1005
Device Updated: false
Parent Device: USB\VID_046D&PID_C534&MI_01\6&20a717c4&0&0001"
"02-06-2026 23:58:48","400","Information","Microsoft-Windows-Kernel-PnP","Device HID\VID_046D&PID_C534&MI_01&Col02\7&e77a003&0&0001 was configured.

Driver Name: hidserv.inf
Driver Package ID: hidserv.inf_amd64_3111b4bfb553788d
Class GUID: {745a17a0-74d3-11d0-b6fe-00a0c90f57da}
Driver Date: 06/21/2006
Driver Version: 10.0.26100.1
Driver Provider: Microsoft
Driver Section: HIDSystemConsumerDevice
Driver Rank: 0xFF0004
Matching Device ID: HID_DEVICE_UP:000C_U:0001
Outranked Drivers: input.inf:HID_DEVICE:00FF1005
Device Updated: false
Parent Device: USB\VID_046D&PID_C534&MI_01\6&20a717c4&0&0001"
"02-06-2026 23:58:48","400","Information","Microsoft-Windows-Kernel-PnP","Device HID\VID_046D&PID_C534&MI_01&Col01\7&e77a003&0&0000 was configured.

Driver Name: msmouse.inf
Driver Package ID: msmouse.inf_amd64_097bbd709f0c4972
Class GUID: {4d36e96f-e325-11ce-bfc1-08002be10318}
Driver Date: 06/21/2006
Driver Version: 10.0.26100.1150
Driver Provider: Microsoft
Driver Section: HID_Mouse_Inst.NT
Driver Rank: 0xFF1003
Matching Device ID: HID_DEVICE_SYSTEM_MOUSE
Outranked Drivers: input.inf:HID_DEVICE:00FF1005
Device Updated: false
Parent Device: USB\VID_046D&PID_C534&MI_01\6&20a717c4&0&0001"
"02-06-2026 23:58:48","410","Information","Microsoft-Windows-Kernel-PnP","Device USB\VID_046D&PID_C534&MI_01\6&20a717c4&0&0001 was started.

Driver Name: input.inf
Class GUID: {745a17a0-74d3-11d0-b6fe-00a0c90f57da}
Service: HidUsb
Lower Filters: 
Upper Filters: "
"02-06-2026 23:58:48","400","Information","Microsoft-Windows-Kernel-PnP","Device HID\VID_046D&PID_C534&MI_00\7&324eddc5&0&0000 was configured.

Driver Name: keyboard.inf
Driver Package ID: keyboard.inf_amd64_c56788078819b951
Class GUID: {4d36e96b-e325-11ce-bfc1-08002be10318}
Driver Date: 06/21/2006
Driver Version: 10.0.26100.1882
Driver Provider: Microsoft
Driver Section: HID_Keyboard_Inst.NT
Driver Rank: 0xFF1003
Matching Device ID: HID_DEVICE_SYSTEM_KEYBOARD
Outranked Drivers: input.inf:HID_DEVICE:00FF1005
Device Updated: false
Parent Device: USB\VID_046D&PID_C534&MI_00\6&20a717c4&0&0000"
"02-06-2026 23:58:48","410","Information","Microsoft-Windows-Kernel-PnP","Device USB\VID_046D&PID_C534&MI_00\6&20a717c4&0&0000 was started.

Driver Name: input.inf
Class GUID: {745a17a0-74d3-11d0-b6fe-00a0c90f57da}
Service: HidUsb
Lower Filters: 
Upper Filters: "
"02-06-2026 23:58:48","400","Information","Microsoft-Windows-Kernel-PnP","Device USB\VID_046D&PID_C534&MI_01\6&20a717c4&0&0001 was configured.

Driver Name: input.inf
Driver Package ID: input.inf_amd64_b70b241e639b0256
Class GUID: {745a17a0-74d3-11d0-b6fe-00a0c90f57da}
Driver Date: 06/21/2006
Driver Version: 10.0.26100.8115
Driver Provider: Microsoft
Driver Section: HID_Inst.NT
Driver Rank: 0xFF3104
Matching Device ID: USB\Class_03&SubClass_01
Outranked Drivers: input.inf:USB\Class_03:00FF3205
Device Updated: false
Parent Device: USB\VID_046D&PID_C534\5&2dc84fba&0&7"
"02-06-2026 23:58:48","400","Information","Microsoft-Windows-Kernel-PnP","Device USB\VID_046D&PID_C534&MI_00\6&20a717c4&0&0000 was configured.

Driver Name: input.inf
Driver Package ID: input.inf_amd64_b70b241e639b0256
Class GUID: {745a17a0-74d3-11d0-b6fe-00a0c90f57da}
Driver Date: 06/21/2006
Driver Version: 10.0.26100.8115
Driver Provider: Microsoft
Driver Section: HID_Inst.NT
Driver Rank: 0xFF3104
Matching Device ID: USB\Class_03&SubClass_01
Outranked Drivers: input.inf:USB\Class_03:00FF3205
Device Updated: false
Parent Device: USB\VID_046D&PID_C534\5&2dc84fba&0&7"
"02-06-2026 23:58:48","410","Information","Microsoft-Windows-Kernel-PnP","Device USB\VID_046D&PID_C534\5&2dc84fba&0&7 was started.

Driver Name: usb.inf
Class GUID: {36fc9e60-c465-11cf-8056-444553540000}
Service: usbccgp
Lower Filters: 
Upper Filters: "
"02-06-2026 23:58:44","400","Information","Microsoft-Windows-Kernel-PnP","Device USB\VID_046D&PID_C534\5&2dc84fba&0&7 was configured.

Driver Name: usb.inf
Driver Package ID: usb.inf_amd64_ca05aed6371fe9f7
Class GUID: {36fc9e60-c465-11cf-8056-444553540000}
Driver Date: 06/21/2006
Driver Version: 10.0.26100.8115
Driver Provider: Microsoft
Driver Section: Composite.Dev.NT
Driver Rank: 0xFF2006
Matching Device ID: USB\COMPOSITE
Outranked Drivers: 
Device Updated: false
Parent Device: USB\ROOT_HUB30\4&2169287b&0&0"
"02-06-2026 12:16:43","410","Information","Microsoft-Windows-Kernel-PnP","Device SWD\MMDEVAPI\{0.0.0.00000000}.{d9730b53-de8f-416a-85f6-57ebf60c3b82} was started.

Driver Name: audioendpoint.inf
Class GUID: {c166523c-fe0c-4a94-a586-f1a80cfbbf3e}
Service: 
Lower Filters: 
Upper Filters: "
"02-06-2026 12:16:43","400","Information","Microsoft-Windows-Kernel-PnP","Device SWD\MMDEVAPI\{0.0.0.00000000}.{d9730b53-de8f-416a-85f6-57ebf60c3b82} was configured.

Driver Name: audioendpoint.inf
Driver Package ID: audioendpoint.inf_amd64_271c4d03bad18da8
Class GUID: {c166523c-fe0c-4a94-a586-f1a80cfbbf3e}
Driver Date: 03/31/2024
Driver Version: 10.0.26100.1
Driver Provider: Microsoft
Driver Section: NO_DRV
Driver Rank: 0xFF0000
Matching Device ID: MMDEVAPI\AudioEndpoints
Outranked Drivers: c_swdevice.inf:SWD\GenericRaw:00FF3001
Device Updated: false
Parent Device: HDAUDIO\SUBFUNC_01&VEN_8086&DEV_281D&NID_0001&SUBSYS_00000000&REV_1000\6&2d9a5e4c&0&0002&00000029"
"02-06-2026 12:16:42","410","Information","Microsoft-Windows-Kernel-PnP","Device HDAUDIO\SUBFUNC_01&VEN_8086&DEV_281D&NID_0001&SUBSYS_00000000&REV_1000\6&2d9a5e4c&0&0002&00000029 was started.

Driver Name: oem484.inf
Class GUID: {4d36e96c-e325-11ce-bfc1-08002be10318}
Service: 
Lower Filters: 
Upper Filters: "
"02-06-2026 12:16:42","400","Information","Microsoft-Windows-Kernel-PnP","Device HDAUDIO\SUBFUNC_01&VEN_8086&DEV_281D&NID_0001&SUBSYS_00000000&REV_1000\6&2d9a5e4c&0&0002&00000029 was configured.

Driver Name: oem484.inf
Driver Package ID: mshdadac.inf_amd64_f90ac2a0d84df747
Class GUID: {4d36e96c-e325-11ce-bfc1-08002be10318}
Driver Date: 01/30/2026
Driver Version: 32.0.101.8508
Driver Provider: Intel Corporation
Driver Section: Audio_Child_Device_Wrapper.NT
Driver Rank: 0xFF3008
Matching Device ID: HDAUDIO\SUBFUNC_01&VEN_8086&DEV_281D
Outranked Drivers: oem27.inf:HDAUDIO\SUBFUNC_01&VEN_8086&DEV_281D:00FF3008
Device Updated: false
Parent Device: INTELAUDIO\SGPC_FUNC_01&VEN_8086&DEV_281D&SUBSYS_80860101&REV_1000\5&32640736&0&0201DIF_000B&UIF_0000"
"02-06-2026 12:16:41","410","Information","Microsoft-Windows-Kernel-PnP","Device DISPLAY\DELA1B9\4&20b8d095&0&UID24648 was started.

Driver Name: oem462.inf
Class GUID: {4d36e96e-e325-11ce-bfc1-08002be10318}
Service: monitor
Lower Filters: 
Upper Filters: "
"02-06-2026 12:16:41","400","Information","Microsoft-Windows-Kernel-PnP","Device DISPLAY\DELA1B9\4&20b8d095&0&UID24648 was configured.

Driver Name: oem462.inf
Driver Package ID: u2422he.inf_amd64_977e0d0232dac0e1
Class GUID: {4d36e96e-e325-11ce-bfc1-08002be10318}
Driver Date: 10/02/2020
Driver Version: 1.0.0.0
Driver Provider: Dell Inc.
Driver Section: U2422HE_USB_TypeC.Install
Driver Rank: 0xFF0000
Matching Device ID: MONITOR\DELA1B9
Outranked Drivers: monitor.inf:*PNP09FF:00FF2000
Device Updated: false
Parent Device: PCI\VEN_8086&DEV_7D41&SUBSYS_0CE81028&REV_00\3&11583659&0&10"
"02-06-2026 12:16:39","410","Information","Microsoft-Windows-Kernel-PnP","Device USB\VID_0424&PID_7240\7&25713747&0&4 was started.

Driver Name: winusb.inf
Class GUID: {88bae032-5a81-49f0-bc3d-a4ff138216d6}
Service: WINUSB
Lower Filters: 
Upper Filters: "
"02-06-2026 12:16:39","400","Information","Microsoft-Windows-Kernel-PnP","Device USB\VID_0424&PID_7240\7&25713747&0&4 was configured.

Driver Name: winusb.inf
Driver Package ID: winusb.inf_amd64_e3d2ed0c43a36b9a
Class GUID: {88bae032-5a81-49f0-bc3d-a4ff138216d6}
Driver Date: 06/21/2006
Driver Version: 10.0.26100.1150
Driver Provider: Microsoft
Driver Section: WINUSB.NT
Driver Rank: 0xFF2000
Matching Device ID: USB\MS_COMP_WINUSB
Outranked Drivers: 
Device Updated: false
Parent Device: USB\VID_0424&PID_4216\6&3a827133&0&4"
"02-06-2026 12:16:39","410","Information","Microsoft-Windows-Kernel-PnP","Device USB\VID_0424&PID_7216\6&1c6daa9c&0&4 was started.

Driver Name: usbhub3.inf
Class GUID: {36fc9e60-c465-11cf-8056-444553540000}
Service: USBHUB3
Lower Filters: 
Upper Filters: "
"02-06-2026 12:16:39","400","Information","Microsoft-Windows-Kernel-PnP","Device USB\VID_0424&PID_7216\6&1c6daa9c&0&4 was configured.

Driver Name: usbhub3.inf
Driver Package ID: usbhub3.inf_amd64_df35544dedc4d060
Class GUID: {36fc9e60-c465-11cf-8056-444553540000}
Driver Date: 03/20/2026
Driver Version: 10.0.26100.8115
Driver Provider: Microsoft
Driver Section: Generic.Install.NT
Driver Rank: 0x802000
Matching Device ID: USB\USB30_HUB
Outranked Drivers: 
Device Updated: false
Parent Device: USB\VID_0424&PID_7206\5&266331bc&0&5"
"02-06-2026 12:16:39","410","Information","Microsoft-Windows-Kernel-PnP","Device USB\VID_0424&PID_7206\5&266331bc&0&5 was started.

Driver Name: usbhub3.inf
Class GUID: {36fc9e60-c465-11cf-8056-444553540000}
Service: USBHUB3
Lower Filters: 
Upper Filters: "
"02-06-2026 12:16:39","400","Information","Microsoft-Windows-Kernel-PnP","Device USB\VID_0424&PID_7206\5&266331bc&0&5 was configured.

Driver Name: usbhub3.inf
Driver Package ID: usbhub3.inf_amd64_df35544dedc4d060
Class GUID: {36fc9e60-c465-11cf-8056-444553540000}
Driver Date: 03/20/2026
Driver Version: 10.0.26100.8115
Driver Provider: Microsoft
Driver Section: Generic.Install.NT
Driver Rank: 0x802000
Matching Device ID: USB\USB30_HUB
Outranked Drivers: 
Device Updated: false
Parent Device: USB\ROOT_HUB30\4&2855494a&0&0"
"02-06-2026 12:16:39","410","Information","Microsoft-Windows-Kernel-PnP","Device HID\VID_0424&PID_7260&MI_01\8&1f985819&0&0000 was started.

Driver Name: input.inf
Class GUID: {745a17a0-74d3-11d0-b6fe-00a0c90f57da}
Service: 
Lower Filters: 
Upper Filters: "
"02-06-2026 12:16:39","410","Information","Microsoft-Windows-Kernel-PnP","Device USB\VID_0424&PID_7260&MI_00\7&2e6901d8&0&0000 was started.

Driver Name: winusb.inf
Class GUID: {88bae032-5a81-49f0-bc3d-a4ff138216d6}
Service: WINUSB
Lower Filters: 
Upper Filters: "
"02-06-2026 12:16:39","400","Information","Microsoft-Windows-Kernel-PnP","Device HID\VID_0424&PID_7260&MI_01\8&1f985819&0&0000 was configured.

Driver Name: input.inf
Driver Package ID: input.inf_amd64_b70b241e639b0256
Class GUID: {745a17a0-74d3-11d0-b6fe-00a0c90f57da}
Driver Date: 06/21/2006
Driver Version: 10.0.26100.8115
Driver Provider: Microsoft
Driver Section: HID_Raw_Inst.NT
Driver Rank: 0xFF1004
Matching Device ID: HID_DEVICE
Outranked Drivers: 
Device Updated: false
Parent Device: USB\VID_0424&PID_7260&MI_01\7&2e6901d8&0&0001"
"02-06-2026 12:16:39","410","Information","Microsoft-Windows-Kernel-PnP","Device USB\VID_0424&PID_7260&MI_01\7&2e6901d8&0&0001 was started.

Driver Name: input.inf
Class GUID: {745a17a0-74d3-11d0-b6fe-00a0c90f57da}
Service: HidUsb
Lower Filters: 
Upper Filters: "
"02-06-2026 12:16:39","410","Information","Microsoft-Windows-Kernel-PnP","Device USB\VID_0424&PID_4216\6&3a827133&0&4 was started.

Driver Name: usbhub3.inf
Class GUID: {36fc9e60-c465-11cf-8056-444553540000}
Service: USBHUB3
Lower Filters: 
Upper Filters: "
"02-06-2026 12:16:39","400","Information","Microsoft-Windows-Kernel-PnP","Device USB\VID_0424&PID_7260&MI_01\7&2e6901d8&0&0001 was configured.

Driver Name: input.inf
Driver Package ID: input.inf_amd64_b70b241e639b0256
Class GUID: {745a17a0-74d3-11d0-b6fe-00a0c90f57da}
Driver Date: 06/21/2006
Driver Version: 10.0.26100.8115
Driver Provider: Microsoft
Driver Section: HID_Inst.NT
Driver Rank: 0xFF3205
Matching Device ID: USB\Class_03
Outranked Drivers: 
Device Updated: false
Parent Device: USB\VID_0424&PID_7260\6&3a827133&0&5"
"02-06-2026 12:16:39","400","Information","Microsoft-Windows-Kernel-PnP","Device USB\VID_0424&PID_7260&MI_00\7&2e6901d8&0&0000 was configured.

Driver Name: winusb.inf
Driver Package ID: winusb.inf_amd64_e3d2ed0c43a36b9a
Class GUID: {88bae032-5a81-49f0-bc3d-a4ff138216d6}
Driver Date: 06/21/2006
Driver Version: 10.0.26100.1150
Driver Provider: Microsoft
Driver Section: WINUSB.NT
Driver Rank: 0xFF2000
Matching Device ID: USB\MS_COMP_WINUSB
Outranked Drivers: 
Device Updated: false
Parent Device: USB\VID_0424&PID_7260\6&3a827133&0&5"
"02-06-2026 12:16:39","410","Information","Microsoft-Windows-Kernel-PnP","Device USB\VID_0424&PID_7260\6&3a827133&0&5 was started.

Driver Name: usb.inf
Class GUID: {36fc9e60-c465-11cf-8056-444553540000}
Service: usbccgp
Lower Filters: 
Upper Filters: "
"02-06-2026 12:16:38","400","Information","Microsoft-Windows-Kernel-PnP","Device USB\VID_0424&PID_7260\6&3a827133&0&5 was configured.

Driver Name: usb.inf
Driver Package ID: usb.inf_amd64_ca05aed6371fe9f7
Class GUID: {36fc9e60-c465-11cf-8056-444553540000}
Driver Date: 06/21/2006
Driver Version: 10.0.26100.8115
Driver Provider: Microsoft
Driver Section: Composite.Dev.NT
Driver Rank: 0xFF2006
Matching Device ID: USB\COMPOSITE
Outranked Drivers: 
Device Updated: false
Parent Device: USB\VID_0424&PID_4206\5&2dc84fba&0&2"
"02-06-2026 12:16:37","400","Information","Microsoft-Windows-Kernel-PnP","Device USB\VID_0424&PID_4216\6&3a827133&0&4 was configured.

Driver Name: usbhub3.inf
Driver Package ID: usbhub3.inf_amd64_df35544dedc4d060
Class GUID: {36fc9e60-c465-11cf-8056-444553540000}
Driver Date: 03/20/2026
Driver Version: 10.0.26100.8115
Driver Provider: Microsoft
Driver Section: Generic.Install.NT
Driver Rank: 0x802000
Matching Device ID: USB\USB20_HUB
Outranked Drivers: 
Device Updated: false
Parent Device: USB\VID_0424&PID_4206\5&2dc84fba&0&2"
"02-06-2026 12:16:37","410","Information","Microsoft-Windows-Kernel-PnP","Device USB\VID_0424&PID_4206\5&2dc84fba&0&2 was started.

Driver Name: usbhub3.inf
Class GUID: {36fc9e60-c465-11cf-8056-444553540000}
Service: USBHUB3
Lower Filters: 
Upper Filters: "
"02-06-2026 12:16:37","400","Information","Microsoft-Windows-Kernel-PnP","Device USB\VID_0424&PID_4206\5&2dc84fba&0&2 was configured.

Driver Name: usbhub3.inf
Driver Package ID: usbhub3.inf_amd64_df35544dedc4d060
Class GUID: {36fc9e60-c465-11cf-8056-444553540000}
Driver Date: 03/20/2026
Driver Version: 10.0.26100.8115
Driver Provider: Microsoft
Driver Section: Generic.Install.NT
Driver Rank: 0x802000
Matching Device ID: USB\USB20_HUB
Outranked Drivers: 
Device Updated: false
Parent Device: USB\ROOT_HUB30\4&2169287b&0&0"
"02-06-2026 12:16:03","430","Information","Microsoft-Windows-Kernel-PnP","Device USB\VID_0E8D&PID_0003\5&2dc84fba&0&1 requires further installation."
"01-06-2026 11:14:45","410","Information","Microsoft-Windows-Kernel-PnP","Device HID\VID_248D&PID_8003\7&49d9a0d&0&0000 was started.

Driver Name: keyboard.inf
Class GUID: {4d36e96b-e325-11ce-bfc1-08002be10318}
Service: kbdhid
Lower Filters: 
Upper Filters: "
"01-06-2026 11:14:45","400","Information","Microsoft-Windows-Kernel-PnP","Device HID\VID_248D&PID_8003\7&49d9a0d&0&0000 was configured.

Driver Name: keyboard.inf
Driver Package ID: keyboard.inf_amd64_c56788078819b951
Class GUID: {4d36e96b-e325-11ce-bfc1-08002be10318}
Driver Date: 06/21/2006
Driver Version: 10.0.26100.1882
Driver Provider: Microsoft
Driver Section: HID_Keyboard_Inst.NT
Driver Rank: 0xFF1003
Matching Device ID: HID_DEVICE_SYSTEM_KEYBOARD
Outranked Drivers: input.inf:HID_DEVICE:00FF1005
Device Updated: false
Parent Device: USB\VID_248D&PID_8003\6&6a9522f&0&3"
"01-06-2026 11:14:45","410","Information","Microsoft-Windows-Kernel-PnP","Device USB\VID_248D&PID_8003\6&6a9522f&0&3 was started.

Driver Name: input.inf
Class GUID: {745a17a0-74d3-11d0-b6fe-00a0c90f57da}
Service: HidUsb
Lower Filters: 
Upper Filters: "
"01-06-2026 11:14:45","400","Information","Microsoft-Windows-Kernel-PnP","Device USB\VID_248D&PID_8003\6&6a9522f&0&3 was configured.

Driver Name: input.inf
Driver Package ID: input.inf_amd64_b70b241e639b0256
Class GUID: {745a17a0-74d3-11d0-b6fe-00a0c90f57da}
Driver Date: 06/21/2006
Driver Version: 10.0.26100.8115
Driver Provider: Microsoft
Driver Section: HID_Inst.NT
Driver Rank: 0xFF3104
Matching Device ID: USB\Class_03&SubClass_01
Outranked Drivers: input.inf:USB\Class_03:00FF3205
Device Updated: false
Parent Device: USB\VID_1D5C&PID_5510\5&2dc84fba&0&2"
"01-06-2026 09:53:37","430","Information","Microsoft-Windows-Kernel-PnP","Device USB\VID_0E8D&PID_0003\6&6a9522f&0&2 requires further installation."
"31-05-2026 18:14:17","410","Information","Microsoft-Windows-Kernel-PnP","Device DISPLAY\HWP3183\4&20b8d095&0&UID4145 was started.

Driver Name: monitor.inf
Class GUID: {4d36e96e-e325-11ce-bfc1-08002be10318}
Service: monitor
Lower Filters: 
Upper Filters: "
"31-05-2026 18:14:17","400","Information","Microsoft-Windows-Kernel-PnP","Device DISPLAY\HWP3183\4&20b8d095&0&UID4145 was configured.

Driver Name: monitor.inf
Driver Package ID: monitor.inf_amd64_f34c845bb3958726
Class GUID: {4d36e96e-e325-11ce-bfc1-08002be10318}
Driver Date: 06/21/2006
Driver Version: 10.0.26100.7309
Driver Provider: Microsoft
Driver Section: PnPMonitor.Install
Driver Rank: 0xFF2000
Matching Device ID: *PNP09FF
Outranked Drivers: 
Device Updated: true
Parent Device: PCI\VEN_8086&DEV_7D41&SUBSYS_0CE81028&REV_00\3&11583659&0&10"
"29-05-2026 15:05:17","410","Information","Microsoft-Windows-Kernel-PnP","Device SWD\MMDEVAPI\{0.0.0.00000000}.{bc42209b-3f5b-415a-b455-b15988168434} was started.

Driver Name: audioendpoint.inf
Class GUID: {c166523c-fe0c-4a94-a586-f1a80cfbbf3e}
Service: 
Lower Filters: 
Upper Filters: "
"29-05-2026 15:05:17","400","Information","Microsoft-Windows-Kernel-PnP","Device SWD\MMDEVAPI\{0.0.0.00000000}.{bc42209b-3f5b-415a-b455-b15988168434} was configured.

Driver Name: audioendpoint.inf
Driver Package ID: audioendpoint.inf_amd64_271c4d03bad18da8
Class GUID: {c166523c-fe0c-4a94-a586-f1a80cfbbf3e}
Driver Date: 03/31/2024
Driver Version: 10.0.26100.1
Driver Provider: Microsoft
Driver Section: NO_DRV
Driver Rank: 0xFF0000
Matching Device ID: MMDEVAPI\AudioEndpoints
Outranked Drivers: c_swdevice.inf:SWD\GenericRaw:00FF3001
Device Updated: false
Parent Device: USB\VID_413C&PID_A524&MI_00\6&f3c4e&0&0000"
"29-05-2026 15:05:17","410","Information","Microsoft-Windows-Kernel-PnP","Device SWD\MMDEVAPI\{0.0.1.00000000}.{6590eab2-2fdf-4b57-93f0-5c213138b6b4} was started.

Driver Name: audioendpoint.inf
Class GUID: {c166523c-fe0c-4a94-a586-f1a80cfbbf3e}
Service: 
Lower Filters: 
Upper Filters: "
"29-05-2026 15:05:17","400","Information","Microsoft-Windows-Kernel-PnP","Device SWD\MMDEVAPI\{0.0.1.00000000}.{6590eab2-2fdf-4b57-93f0-5c213138b6b4} was configured.

Driver Name: audioendpoint.inf
Driver Package ID: audioendpoint.inf_amd64_271c4d03bad18da8
Class GUID: {c166523c-fe0c-4a94-a586-f1a80cfbbf3e}
Driver Date: 03/31/2024
Driver Version: 10.0.26100.1
Driver Provider: Microsoft
Driver Section: NO_DRV
Driver Rank: 0xFF0000
Matching Device ID: MMDEVAPI\AudioEndpoints
Outranked Drivers: c_swdevice.inf:SWD\GenericRaw:00FF3001
Device Updated: false
Parent Device: USB\VID_413C&PID_A524&MI_00\6&f3c4e&0&0000"
"29-05-2026 15:05:15","430","Information","Microsoft-Windows-Kernel-PnP","Device USB\VID_0E8D&PID_0003\6&6a9522f&0&4 requires further installation."
"29-05-2026 15:05:05","410","Information","Microsoft-Windows-Kernel-PnP","Device SWD\DRIVERENUM\DPMAutoInstallDriver_Device_component&9&2e13a1c2&0 was started.

Driver Name: oem425.inf
Class GUID: {5c4c3332-344d-483c-8739-259e934c9cc8}
Service: 
Lower Filters: 
Upper Filters: "
"29-05-2026 15:05:05","410","Information","Microsoft-Windows-Kernel-PnP","Device HID\VID_413C&PID_2514&MI_01&Col01\8&4955910&0&0000 was started.

Driver Name: msmouse.inf
Class GUID: {4d36e96f-e325-11ce-bfc1-08002be10318}
Service: mouhid
Lower Filters: 
Upper Filters: "
"29-05-2026 15:05:05","410","Information","Microsoft-Windows-Kernel-PnP","Device HID\VID_413C&PID_2514&MI_00\8&1c58e555&0&0000 was started.

Driver Name: keyboard.inf
Class GUID: {4d36e96b-e325-11ce-bfc1-08002be10318}
Service: kbdhid
Lower Filters: 
Upper Filters: "
"29-05-2026 15:05:05","400","Information","Microsoft-Windows-Kernel-PnP","Device SWD\DRIVERENUM\DPMAutoInstallDriver_Device_component&9&2e13a1c2&0 was configured.

Driver Name: oem425.inf
Driver Package ID: ddpmsoftwareinstall_component.inf_amd64_3d39f607b80ee919
Class GUID: {5c4c3332-344d-483c-8739-259e934c9cc8}
Driver Date: 03/03/2025
Driver Version: 1.0.0.8
Driver Provider: Dell Technologies Inc.
Driver Section: DDPMSoftwareInstall_Device_component.NTamd64
Driver Rank: 0xFF0000
Matching Device ID: SWC\DELL_DDPM0001
Outranked Drivers: c_swcomponent.inf:SWC\Generic:00FF3000 c_swdevice.inf:SWD\GenericRaw:00FF3001
Device Updated: false
Parent Device: HID\VID_413C&PID_2514&MI_02&Col02\8&24c30b19&0&0001"
"29-05-2026 15:05:05","410","Information","Microsoft-Windows-Kernel-PnP","Device HID\VID_413C&PID_2514&MI_02&Col02\8&24c30b19&0&0001 was started.

Driver Name: oem135.inf
Class GUID: {745a17a0-74d3-11d0-b6fe-00a0c90f57da}
Service: 
Lower Filters: 
Upper Filters: "
"29-05-2026 15:05:05","410","Information","Microsoft-Windows-Kernel-PnP","Device HID\VID_413C&PID_2514&MI_02&Col01\8&24c30b19&0&0000 was started.

Driver Name: input.inf
Class GUID: {745a17a0-74d3-11d0-b6fe-00a0c90f57da}
Service: 
Lower Filters: 
Upper Filters: "
"29-05-2026 15:05:05","410","Information","Microsoft-Windows-Kernel-PnP","Device HID\VID_413C&PID_2514&MI_01&Col03\8&4955910&0&0002 was started.

Driver Name: input.inf
Class GUID: {745a17a0-74d3-11d0-b6fe-00a0c90f57da}
Service: 
Lower Filters: 
Upper Filters: "
"29-05-2026 15:05:05","410","Information","Microsoft-Windows-Kernel-PnP","Device HID\VID_413C&PID_2514&MI_01&Col02\8&4955910&0&0001 was started.

Driver Name: hidserv.inf
Class GUID: {745a17a0-74d3-11d0-b6fe-00a0c90f57da}
Service: 
Lower Filters: 
Upper Filters: "
"29-05-2026 15:05:05","400","Information","Microsoft-Windows-Kernel-PnP","Device HID\VID_413C&PID_2514&MI_02&Col02\8&24c30b19&0&0001 was configured.

Driver Name: oem135.inf
Driver Package ID: dpmautoinstalldriver.inf_amd64_412d7d28a0358c95
Class GUID: {745a17a0-74d3-11d0-b6fe-00a0c90f57da}
Driver Date: 12/03/2025
Driver Version: 2.2.0.0
Driver Provider: Dell Inc.
Driver Section: DPMAutoInstallDriver_Device.NT
Driver Rank: 0xFF0001
Matching Device ID: HID\VID_413C&PID_2514&MI_02&Col02
Outranked Drivers: oem68.inf:HID\VID_413C&PID_2514&MI_02&Col02:00FF0001 input.inf:HID_DEVICE_UPR:FF00-FFFF:00FF1004 input.inf:HID_DEVICE:00FF1005
Device Updated: false
Parent Device: USB\VID_413C&PID_2514&MI_02\7&2e598572&0&0002"
"29-05-2026 15:05:05","400","Information","Microsoft-Windows-Kernel-PnP","Device HID\VID_413C&PID_2514&MI_02&Col01\8&24c30b19&0&0000 was configured.

Driver Name: input.inf
Driver Package ID: input.inf_amd64_b70b241e639b0256
Class GUID: {745a17a0-74d3-11d0-b6fe-00a0c90f57da}
Driver Date: 06/21/2006
Driver Version: 10.0.26100.8115
Driver Provider: Microsoft
Driver Section: HID_Raw_Inst.NT
Driver Rank: 0xFF1004
Matching Device ID: HID_DEVICE_UPR:FF00-FFFF
Outranked Drivers: input.inf:HID_DEVICE:00FF1005
Device Updated: false
Parent Device: USB\VID_413C&PID_2514&MI_02\7&2e598572&0&0002"
"29-05-2026 15:05:05","410","Information","Microsoft-Windows-Kernel-PnP","Device USB\VID_413C&PID_2514&MI_02\7&2e598572&0&0002 was started.

Driver Name: input.inf
Class GUID: {745a17a0-74d3-11d0-b6fe-00a0c90f57da}
Service: HidUsb
Lower Filters: 
Upper Filters: "
"29-05-2026 15:05:05","400","Information","Microsoft-Windows-Kernel-PnP","Device HID\VID_413C&PID_2514&MI_01&Col03\8&4955910&0&0002 was configured.

Driver Name: input.inf
Driver Package ID: input.inf_amd64_b70b241e639b0256
Class GUID: {745a17a0-74d3-11d0-b6fe-00a0c90f57da}
Driver Date: 06/21/2006
Driver Version: 10.0.26100.8115
Driver Provider: Microsoft
Driver Section: HID_Raw_Inst.NT
Driver Rank: 0xFF1004
Matching Device ID: HID_DEVICE_UP:0001_U:0080
Outranked Drivers: input.inf:HID_DEVICE:00FF1005
Device Updated: false
Parent Device: USB\VID_413C&PID_2514&MI_01\7&2e598572&0&0001"
"29-05-2026 15:05:05","400","Information","Microsoft-Windows-Kernel-PnP","Device HID\VID_413C&PID_2514&MI_01&Col02\8&4955910&0&0001 was configured.

Driver Name: hidserv.inf
Driver Package ID: hidserv.inf_amd64_3111b4bfb553788d
Class GUID: {745a17a0-74d3-11d0-b6fe-00a0c90f57da}
Driver Date: 06/21/2006
Driver Version: 10.0.26100.1
Driver Provider: Microsoft
Driver Section: HIDSystemConsumerDevice
Driver Rank: 0xFF0004
Matching Device ID: HID_DEVICE_UP:000C_U:0001
Outranked Drivers: input.inf:HID_DEVICE:00FF1005
Device Updated: false
Parent Device: USB\VID_413C&PID_2514&MI_01\7&2e598572&0&0001"
"29-05-2026 15:05:05","400","Information","Microsoft-Windows-Kernel-PnP","Device HID\VID_413C&PID_2514&MI_01&Col01\8&4955910&0&0000 was configured.

Driver Name: msmouse.inf
Driver Package ID: msmouse.inf_amd64_097bbd709f0c4972
Class GUID: {4d36e96f-e325-11ce-bfc1-08002be10318}
Driver Date: 06/21/2006
Driver Version: 10.0.26100.1150
Driver Provider: Microsoft
Driver Section: HID_Mouse_Inst.NT
Driver Rank: 0xFF1003
Matching Device ID: HID_DEVICE_SYSTEM_MOUSE
Outranked Drivers: input.inf:HID_DEVICE:00FF1005
Device Updated: false
Parent Device: USB\VID_413C&PID_2514&MI_01\7&2e598572&0&0001"
"29-05-2026 15:05:05","410","Information","Microsoft-Windows-Kernel-PnP","Device USB\VID_413C&PID_2514&MI_01\7&2e598572&0&0001 was started.

Driver Name: input.inf
Class GUID: {745a17a0-74d3-11d0-b6fe-00a0c90f57da}
Service: HidUsb
Lower Filters: 
Upper Filters: "
"29-05-2026 15:05:05","400","Information","Microsoft-Windows-Kernel-PnP","Device HID\VID_413C&PID_2514&MI_00\8&1c58e555&0&0000 was configured.

Driver Name: keyboard.inf
Driver Package ID: keyboard.inf_amd64_c56788078819b951
Class GUID: {4d36e96b-e325-11ce-bfc1-08002be10318}
Driver Date: 06/21/2006
Driver Version: 10.0.26100.1882
Driver Provider: Microsoft
Driver Section: HID_Keyboard_Inst.NT
Driver Rank: 0xFF1003
Matching Device ID: HID_DEVICE_SYSTEM_KEYBOARD
Outranked Drivers: input.inf:HID_DEVICE:00FF1005
Device Updated: false
Parent Device: USB\VID_413C&PID_2514&MI_00\7&2e598572&0&0000"
"29-05-2026 15:05:05","410","Information","Microsoft-Windows-Kernel-PnP","Device USB\VID_413C&PID_2514&MI_00\7&2e598572&0&0000 was started.

Driver Name: input.inf
Class GUID: {745a17a0-74d3-11d0-b6fe-00a0c90f57da}
Service: HidUsb
Lower Filters: 
Upper Filters: "
"29-05-2026 15:05:05","400","Information","Microsoft-Windows-Kernel-PnP","Device USB\VID_413C&PID_2514&MI_02\7&2e598572&0&0002 was configured.

Driver Name: input.inf
Driver Package ID: input.inf_amd64_b70b241e639b0256
Class GUID: {745a17a0-74d3-11d0-b6fe-00a0c90f57da}
Driver Date: 06/21/2006
Driver Version: 10.0.26100.8115
Driver Provider: Microsoft
Driver Section: HID_Inst.NT
Driver Rank: 0xFF3205
Matching Device ID: USB\Class_03
Outranked Drivers: 
Device Updated: false
Parent Device: USB\VID_413C&PID_2514\6&6a9522f&0&2"
"29-05-2026 15:05:05","400","Information","Microsoft-Windows-Kernel-PnP","Device USB\VID_413C&PID_2514&MI_01\7&2e598572&0&0001 was configured.

Driver Name: input.inf
Driver Package ID: input.inf_amd64_b70b241e639b0256
Class GUID: {745a17a0-74d3-11d0-b6fe-00a0c90f57da}
Driver Date: 06/21/2006
Driver Version: 10.0.26100.8115
Driver Provider: Microsoft
Driver Section: HID_Inst.NT
Driver Rank: 0xFF3104
Matching Device ID: USB\Class_03&SubClass_01
Outranked Drivers: input.inf:USB\Class_03:00FF3205
Device Updated: false
Parent Device: USB\VID_413C&PID_2514\6&6a9522f&0&2"
"29-05-2026 15:05:05","400","Information","Microsoft-Windows-Kernel-PnP","Device USB\VID_413C&PID_2514&MI_00\7&2e598572&0&0000 was configured.

Driver Name: input.inf
Driver Package ID: input.inf_amd64_b70b241e639b0256
Class GUID: {745a17a0-74d3-11d0-b6fe-00a0c90f57da}
Driver Date: 06/21/2006
Driver Version: 10.0.26100.8115
Driver Provider: Microsoft
Driver Section: HID_Inst.NT
Driver Rank: 0xFF3104
Matching Device ID: USB\Class_03&SubClass_01
Outranked Drivers: input.inf:USB\Class_03:00FF3205
Device Updated: false
Parent Device: USB\VID_413C&PID_2514\6&6a9522f&0&2"
"29-05-2026 15:05:05","410","Information","Microsoft-Windows-Kernel-PnP","Device USB\VID_413C&PID_2514\6&6a9522f&0&2 was started.

Driver Name: usb.inf
Class GUID: {36fc9e60-c465-11cf-8056-444553540000}
Service: usbccgp
Lower Filters: 
Upper Filters: "
"29-05-2026 15:05:05","400","Information","Microsoft-Windows-Kernel-PnP","Device USB\VID_413C&PID_2514\6&6a9522f&0&2 was configured.

Driver Name: usb.inf
Driver Package ID: usb.inf_amd64_ca05aed6371fe9f7
Class GUID: {36fc9e60-c465-11cf-8056-444553540000}
Driver Date: 06/21/2006
Driver Version: 10.0.26100.8115
Driver Provider: Microsoft
Driver Section: Composite.Dev.NT
Driver Rank: 0xFF2006
Matching Device ID: USB\COMPOSITE
Outranked Drivers: 
Device Updated: false
Parent Device: USB\VID_1D5C&PID_5510\5&2dc84fba&0&2"
"29-05-2026 15:05:01","410","Information","Microsoft-Windows-Kernel-PnP","Device USB\VID_413C&PID_C010&MI_01\7&34e192f8&0&0001 was started.

Driver Name: winusb.inf
Class GUID: {88bae032-5a81-49f0-bc3d-a4ff138216d6}
Service: WINUSB
Lower Filters: 
Upper Filters: "
"29-05-2026 15:05:01","410","Information","Microsoft-Windows-Kernel-PnP","Device USB\VID_413C&PID_C010&MI_00\7&34e192f8&0&0000 was started.

Driver Name: winusb.inf
Class GUID: {88bae032-5a81-49f0-bc3d-a4ff138216d6}
Service: WINUSB
Lower Filters: 
Upper Filters: "
"29-05-2026 15:05:01","400","Information","Microsoft-Windows-Kernel-PnP","Device USB\VID_413C&PID_C010&MI_01\7&34e192f8&0&0001 was configured.

Driver Name: winusb.inf
Driver Package ID: winusb.inf_amd64_e3d2ed0c43a36b9a
Class GUID: {88bae032-5a81-49f0-bc3d-a4ff138216d6}
Driver Date: 06/21/2006
Driver Version: 10.0.26100.1150
Driver Provider: Microsoft
Driver Section: WINUSB.NT
Driver Rank: 0xFF2000
Matching Device ID: USB\MS_COMP_WINUSB
Outranked Drivers: 
Device Updated: false
Parent Device: USB\VID_413C&PID_C010\11AD1D0A92AE3E070A1F0B00"
"29-05-2026 15:05:01","400","Information","Microsoft-Windows-Kernel-PnP","Device USB\VID_413C&PID_C010&MI_00\7&34e192f8&0&0000 was configured.

Driver Name: winusb.inf
Driver Package ID: winusb.inf_amd64_e3d2ed0c43a36b9a
Class GUID: {88bae032-5a81-49f0-bc3d-a4ff138216d6}
Driver Date: 06/21/2006
Driver Version: 10.0.26100.1150
Driver Provider: Microsoft
Driver Section: BILLBOARD.NT
Driver Rank: 0xFF2003
Matching Device ID: USB\Class_11&SubClass_00&Prot_00
Outranked Drivers: 
Device Updated: false
Parent Device: USB\VID_413C&PID_C010\11AD1D0A92AE3E070A1F0B00"
"29-05-2026 15:05:00","410","Information","Microsoft-Windows-Kernel-PnP","Device USB\VID_413C&PID_C010\11AD1D0A92AE3E070A1F0B00 was started.

Driver Name: usb.inf
Class GUID: {36fc9e60-c465-11cf-8056-444553540000}
Service: usbccgp
Lower Filters: 
Upper Filters: "
"29-05-2026 15:05:00","400","Information","Microsoft-Windows-Kernel-PnP","Device USB\VID_413C&PID_C010\11AD1D0A92AE3E070A1F0B00 was configured.

Driver Name: usb.inf
Driver Package ID: usb.inf_amd64_ca05aed6371fe9f7
Class GUID: {36fc9e60-c465-11cf-8056-444553540000}
Driver Date: 06/21/2006
Driver Version: 10.0.26100.8115
Driver Provider: Microsoft
Driver Section: Composite.Dev.NT
Driver Rank: 0xFF2006
Matching Device ID: USB\COMPOSITE
Outranked Drivers: 
Device Updated: false
Parent Device: USB\VID_1D5C&PID_5510\5&2dc84fba&0&2"
"29-05-2026 15:05:00","410","Information","Microsoft-Windows-Kernel-PnP","Device USB\VID_1D5C&PID_5510\5&2dc84fba&0&2 was started.

Driver Name: usbhub3.inf
Class GUID: {36fc9e60-c465-11cf-8056-444553540000}
Service: USBHUB3
Lower Filters: 
Upper Filters: "
"29-05-2026 15:05:00","400","Information","Microsoft-Windows-Kernel-PnP","Device USB\VID_1D5C&PID_5510\5&2dc84fba&0&2 was configured.

Driver Name: usbhub3.inf
Driver Package ID: usbhub3.inf_amd64_df35544dedc4d060
Class GUID: {36fc9e60-c465-11cf-8056-444553540000}
Driver Date: 03/20/2026
Driver Version: 10.0.26100.8115
Driver Provider: Microsoft
Driver Section: Generic.Install.NT
Driver Rank: 0x802000
Matching Device ID: USB\USB20_HUB
Outranked Drivers: 
Device Updated: false
Parent Device: USB\ROOT_HUB30\4&2169287b&0&0"
"29-05-2026 15:05:00","410","Information","Microsoft-Windows-Kernel-PnP","Device USB\VID_1D5C&PID_5500\5&266331bc&0&5 was started.

Driver Name: usbhub3.inf
Class GUID: {36fc9e60-c465-11cf-8056-444553540000}
Service: USBHUB3
Lower Filters: 
Upper Filters: "
"29-05-2026 15:05:00","400","Information","Microsoft-Windows-Kernel-PnP","Device USB\VID_1D5C&PID_5500\5&266331bc&0&5 was configured.

Driver Name: usbhub3.inf
Driver Package ID: usbhub3.inf_amd64_df35544dedc4d060
Class GUID: {36fc9e60-c465-11cf-8056-444553540000}
Driver Date: 03/20/2026
Driver Version: 10.0.26100.8115
Driver Provider: Microsoft
Driver Section: Generic.Install.NT
Driver Rank: 0x802000
Matching Device ID: USB\USB30_HUB
Outranked Drivers: 
Device Updated: false
Parent Device: USB\ROOT_HUB30\4&2855494a&0&0"
"28-05-2026 15:42:19","430","Information","Microsoft-Windows-Kernel-PnP","Device USB\VID_0E8D&PID_0003\5&2dc84fba&0&2 requires further installation."
"28-05-2026 14:54:41","410","Information","Microsoft-Windows-Kernel-PnP","Device DISPLAY\DELA1B9\4&20b8d095&0&UID8263 was started.

Driver Name: oem462.inf
Class GUID: {4d36e96e-e325-11ce-bfc1-08002be10318}
Service: monitor
Lower Filters: 
Upper Filters: "
"28-05-2026 14:54:41","400","Information","Microsoft-Windows-Kernel-PnP","Device DISPLAY\DELA1B9\4&20b8d095&0&UID8263 was configured.

Driver Name: oem462.inf
Driver Package ID: u2422he.inf_amd64_977e0d0232dac0e1
Class GUID: {4d36e96e-e325-11ce-bfc1-08002be10318}
Driver Date: 10/02/2020
Driver Version: 1.0.0.0
Driver Provider: Dell Inc.
Driver Section: U2422HE_USB_TypeC.Install
Driver Rank: 0xFF0000
Matching Device ID: MONITOR\DELA1B9
Outranked Drivers: monitor.inf:*PNP09FF:00FF2000
Device Updated: true
Parent Device: PCI\VEN_8086&DEV_7D41&SUBSYS_0CE81028&REV_00\3&11583659&0&10"
"28-05-2026 14:09:31","410","Information","Microsoft-Windows-Kernel-PnP","Device USB\VID_0BDA&PID_8153\001000001 was started.

Driver Name: oem262.inf
Class GUID: {4d36e972-e325-11ce-bfc1-08002be10318}
Service: rtu53cx22x64
Lower Filters: 
Upper Filters: "
"28-05-2026 14:09:31","410","Information","Microsoft-Windows-Kernel-PnP","Device DISPLAY\DELA1C6\4&20b8d095&0&UID8263 was started.

Driver Name: oem181.inf
Class GUID: {4d36e96e-e325-11ce-bfc1-08002be10318}
Service: monitor
Lower Filters: 
Upper Filters: "
"28-05-2026 14:09:31","400","Information","Microsoft-Windows-Kernel-PnP","Device DISPLAY\DELA1C6\4&20b8d095&0&UID8263 was configured.

Driver Name: oem181.inf
Driver Package ID: p2422he.inf_amd64_a24c8afa3c6a0ece
Class GUID: {4d36e96e-e325-11ce-bfc1-08002be10318}
Driver Date: 01/28/2021
Driver Version: 1.0.0.0
Driver Provider: Dell Inc.
Driver Section: P2422HE_USB_TypeC.Install
Driver Rank: 0xFF0000
Matching Device ID: MONITOR\DELA1C6
Outranked Drivers: monitor.inf:*PNP09FF:00FF2000
Device Updated: false
Parent Device: PCI\VEN_8086&DEV_7D41&SUBSYS_0CE81028&REV_00\3&11583659&0&10"
"28-05-2026 14:09:31","400","Information","Microsoft-Windows-Kernel-PnP","Device USB\VID_0BDA&PID_8153\001000001 was configured.

Driver Name: oem262.inf
Driver Package ID: rtu53cx22x64sta.inf_amd64_61e57456ee42ec28
Class GUID: {4d36e972-e325-11ce-bfc1-08002be10318}
Driver Date: 10/09/2025
Driver Version: 1153.21.20.1009
Driver Provider: Realtek
Driver Section: RTL8153BCx64.ndi.NT
Driver Rank: 0xFF0000
Matching Device ID: USB\VID_0BDA&PID_8153&REV_3100
Outranked Drivers: rtucx21x64.inf:USB\VID_0BDA&PID_8153&REV_3100:00FF1000 rtux64w10.inf:USB\VID_0BDA&PID_8153&REV_3100:00FF1000 oem105.inf:USB\VID_0BDA&PID_8153&REV_3100:00FF0000 oem383.inf:USB\VID_0BDA&PID_8153&REV_3100:00FF0000 rtucx21x64.inf:USB\VID_0BDA&PID_8153:00FF1001 rtux64w10.inf:USB\VID_0BDA&PID_8153:00FF1001 oem105.inf:USB\VID_0BDA&PID_8153:00FF0001 oem262.inf:USB\VID_0BDA&PID_8153:00FF0001 oem383.inf:USB\VID_0BDA&PID_8153:00FF0001
Device Updated: false
Parent Device: USB\VID_0424&PID_5806\5&266331bc&0&4"
"28-05-2026 14:09:26","430","Information","Microsoft-Windows-Kernel-PnP","Device DISPLAY\DELA1C6\4&20b8d095&0&UID8263 requires further installation."
"28-05-2026 14:09:25","410","Information","Microsoft-Windows-Kernel-PnP","Device HID\VID_0424&PID_284C&MI_01\8&2024ec15&0&0000 was started.

Driver Name: input.inf
Class GUID: {745a17a0-74d3-11d0-b6fe-00a0c90f57da}
Service: 
Lower Filters: 
Upper Filters: "
"28-05-2026 14:09:25","410","Information","Microsoft-Windows-Kernel-PnP","Device USB\VID_0424&PID_284C&MI_00\7&b6967d7&0&0000 was started.

Driver Name: winusb.inf
Class GUID: {88bae032-5a81-49f0-bc3d-a4ff138216d6}
Service: WINUSB
Lower Filters: 
Upper Filters: "
"28-05-2026 14:09:25","400","Information","Microsoft-Windows-Kernel-PnP","Device HID\VID_0424&PID_284C&MI_01\8&2024ec15&0&0000 was configured.

Driver Name: input.inf
Driver Package ID: input.inf_amd64_b70b241e639b0256
Class GUID: {745a17a0-74d3-11d0-b6fe-00a0c90f57da}
Driver Date: 06/21/2006
Driver Version: 10.0.26100.8115
Driver Provider: Microsoft
Driver Section: HID_Raw_Inst.NT
Driver Rank: 0xFF1004
Matching Device ID: HID_DEVICE_UPR:FF00-FFFF
Outranked Drivers: input.inf:HID_DEVICE:00FF1005
Device Updated: false
Parent Device: USB\VID_0424&PID_284C&MI_01\7&b6967d7&0&0001"
"28-05-2026 14:09:25","410","Information","Microsoft-Windows-Kernel-PnP","Device USB\VID_0424&PID_284C&MI_01\7&b6967d7&0&0001 was started.

Driver Name: input.inf
Class GUID: {745a17a0-74d3-11d0-b6fe-00a0c90f57da}
Service: HidUsb
Lower Filters: 
Upper Filters: "
"28-05-2026 14:09:25","400","Information","Microsoft-Windows-Kernel-PnP","Device USB\VID_0424&PID_284C&MI_01\7&b6967d7&0&0001 was configured.

Driver Name: input.inf
Driver Package ID: input.inf_amd64_b70b241e639b0256
Class GUID: {745a17a0-74d3-11d0-b6fe-00a0c90f57da}
Driver Date: 06/21/2006
Driver Version: 10.0.26100.8115
Driver Provider: Microsoft
Driver Section: HID_Inst.NT
Driver Rank: 0xFF3205
Matching Device ID: USB\Class_03
Outranked Drivers: 
Device Updated: false
Parent Device: USB\VID_0424&PID_284C\6&8542bea&0&6"
"28-05-2026 14:09:25","400","Information","Microsoft-Windows-Kernel-PnP","Device USB\VID_0424&PID_284C&MI_00\7&b6967d7&0&0000 was configured.

Driver Name: winusb.inf
Driver Package ID: winusb.inf_amd64_e3d2ed0c43a36b9a
Class GUID: {88bae032-5a81-49f0-bc3d-a4ff138216d6}
Driver Date: 06/21/2006
Driver Version: 10.0.26100.1150
Driver Provider: Microsoft
Driver Section: WINUSB.NT
Driver Rank: 0xFF2000
Matching Device ID: USB\MS_COMP_WINUSB
Outranked Drivers: 
Device Updated: false
Parent Device: USB\VID_0424&PID_284C\6&8542bea&0&6"
"28-05-2026 14:09:25","410","Information","Microsoft-Windows-Kernel-PnP","Device USB\VID_0424&PID_284C\6&8542bea&0&6 was started.

Driver Name: usb.inf
Class GUID: {36fc9e60-c465-11cf-8056-444553540000}
Service: usbccgp
Lower Filters: 
Upper Filters: "
"28-05-2026 14:09:25","400","Information","Microsoft-Windows-Kernel-PnP","Device USB\VID_0424&PID_284C\6&8542bea&0&6 was configured.

Driver Name: usb.inf
Driver Package ID: usb.inf_amd64_ca05aed6371fe9f7
Class GUID: {36fc9e60-c465-11cf-8056-444553540000}
Driver Date: 06/21/2006
Driver Version: 10.0.26100.8115
Driver Provider: Microsoft
Driver Section: Composite.Dev.NT
Driver Rank: 0xFF2006
Matching Device ID: USB\COMPOSITE
Outranked Drivers: 
Device Updated: false
Parent Device: USB\VID_0424&PID_2806\5&2dc84fba&0&1"
"28-05-2026 14:09:25","430","Information","Microsoft-Windows-Kernel-PnP","Device USB\VID_0BDA&PID_8153\001000001 requires further installation."
"28-05-2026 14:09:25","410","Information","Microsoft-Windows-Kernel-PnP","Device USB\VID_0424&PID_2806\5&2dc84fba&0&1 was started.

Driver Name: usbhub3.inf
Class GUID: {36fc9e60-c465-11cf-8056-444553540000}
Service: USBHUB3
Lower Filters: 
Upper Filters: "
"28-05-2026 14:09:25","400","Information","Microsoft-Windows-Kernel-PnP","Device USB\VID_0424&PID_2806\5&2dc84fba&0&1 was configured.

Driver Name: usbhub3.inf
Driver Package ID: usbhub3.inf_amd64_df35544dedc4d060
Class GUID: {36fc9e60-c465-11cf-8056-444553540000}
Driver Date: 03/20/2026
Driver Version: 10.0.26100.8115
Driver Provider: Microsoft
Driver Section: Generic.Install.NT
Driver Rank: 0x802000
Matching Device ID: USB\USB20_HUB
Outranked Drivers: 
Device Updated: false
Parent Device: USB\ROOT_HUB30\4&2169287b&0&0"
"28-05-2026 14:09:25","411","Error","Microsoft-Windows-Kernel-PnP","Device USB\VID_0424&PID_5806\5&266331bc&0&4 had a problem starting.

Driver Name: usbhub3.inf
Class GUID: {36fc9e60-c465-11cf-8056-444553540000}
Service: USBHUB3
Lower Filters: 
Upper Filters: 
Problem: 0xA
Problem Status: 0xC0000001"
"28-05-2026 14:09:25","400","Information","Microsoft-Windows-Kernel-PnP","Device USB\VID_0424&PID_5806\5&266331bc&0&4 was configured.

Driver Name: usbhub3.inf
Driver Package ID: usbhub3.inf_amd64_df35544dedc4d060
Class GUID: {36fc9e60-c465-11cf-8056-444553540000}
Driver Date: 03/20/2026
Driver Version: 10.0.26100.8115
Driver Provider: Microsoft
Driver Section: Generic.Install.NT
Driver Rank: 0x802000
Matching Device ID: USB\USB30_HUB
Outranked Drivers: 
Device Updated: false
Parent Device: USB\ROOT_HUB30\4&2855494a&0&0"
"28-05-2026 10:37:22","410","Information","Microsoft-Windows-Kernel-PnP","Device SWD\MMDEVAPI\{0.0.0.00000000}.{f401b7ef-bd2a-4659-b59b-9219752dab13} was started.

Driver Name: audioendpoint.inf
Class GUID: {c166523c-fe0c-4a94-a586-f1a80cfbbf3e}
Service: 
Lower Filters: 
Upper Filters: "
"28-05-2026 10:37:22","400","Information","Microsoft-Windows-Kernel-PnP","Device SWD\MMDEVAPI\{0.0.0.00000000}.{f401b7ef-bd2a-4659-b59b-9219752dab13} was configured.

Driver Name: audioendpoint.inf
Driver Package ID: audioendpoint.inf_amd64_271c4d03bad18da8
Class GUID: {c166523c-fe0c-4a94-a586-f1a80cfbbf3e}
Driver Date: 03/31/2024
Driver Version: 10.0.26100.1
Driver Provider: Microsoft
Driver Section: NO_DRV
Driver Rank: 0xFF0000
Matching Device ID: MMDEVAPI\AudioEndpoints
Outranked Drivers: c_swdevice.inf:SWD\GenericRaw:00FF3001
Device Updated: false
Parent Device: USB\VID_413C&PID_A524&MI_00\6&f3c4e&0&0000"
"28-05-2026 10:37:22","410","Information","Microsoft-Windows-Kernel-PnP","Device SWD\MMDEVAPI\{0.0.1.00000000}.{98a19c9d-efa0-40eb-8907-8db9cd2f7d05} was started.

Driver Name: audioendpoint.inf
Class GUID: {c166523c-fe0c-4a94-a586-f1a80cfbbf3e}
Service: 
Lower Filters: 
Upper Filters: "
"28-05-2026 10:37:22","400","Information","Microsoft-Windows-Kernel-PnP","Device SWD\MMDEVAPI\{0.0.1.00000000}.{98a19c9d-efa0-40eb-8907-8db9cd2f7d05} was configured.

Driver Name: audioendpoint.inf
Driver Package ID: audioendpoint.inf_amd64_271c4d03bad18da8
Class GUID: {c166523c-fe0c-4a94-a586-f1a80cfbbf3e}
Driver Date: 03/31/2024
Driver Version: 10.0.26100.1
Driver Provider: Microsoft
Driver Section: NO_DRV
Driver Rank: 0xFF0000
Matching Device ID: MMDEVAPI\AudioEndpoints
Outranked Drivers: c_swdevice.inf:SWD\GenericRaw:00FF3001
Device Updated: false
Parent Device: USB\VID_413C&PID_A524&MI_00\6&f3c4e&0&0000"
"28-05-2026 10:37:18","410","Information","Microsoft-Windows-Kernel-PnP","Device SWD\DRIVERENUM\DPMAutoInstallDriver_Device_component&8&1fe6394f&0 was started.

Driver Name: oem425.inf
Class GUID: {5c4c3332-344d-483c-8739-259e934c9cc8}
Service: 
Lower Filters: 
Upper Filters: "
"28-05-2026 10:37:18","410","Information","Microsoft-Windows-Kernel-PnP","Device HID\VID_413C&PID_A524&MI_03&Col04\7&2893bdb8&0&0003 was started.

Driver Name: hidtelephonydriver.inf
Class GUID: {745a17a0-74d3-11d0-b6fe-00a0c90f57da}
Service: WUDFRd
Lower Filters: 
Upper Filters: "
"28-05-2026 10:37:18","410","Information","Microsoft-Windows-Kernel-PnP","Device HID\VID_413C&PID_A524&MI_03&Col05\7&2893bdb8&0&0004 was started.

Driver Name: input.inf
Class GUID: {745a17a0-74d3-11d0-b6fe-00a0c90f57da}
Service: 
Lower Filters: 
Upper Filters: "
"28-05-2026 10:37:18","410","Information","Microsoft-Windows-Kernel-PnP","Device HID\VID_413C&PID_A524&MI_03&Col03\7&2893bdb8&0&0002 was started.

Driver Name: input.inf
Class GUID: {745a17a0-74d3-11d0-b6fe-00a0c90f57da}
Service: 
Lower Filters: 
Upper Filters: "
"28-05-2026 10:37:18","410","Information","Microsoft-Windows-Kernel-PnP","Device HID\VID_413C&PID_A524&MI_03&Col02\7&2893bdb8&0&0001 was started.

Driver Name: hidserv.inf
Class GUID: {745a17a0-74d3-11d0-b6fe-00a0c90f57da}
Service: 
Lower Filters: 
Upper Filters: "
"28-05-2026 10:37:18","400","Information","Microsoft-Windows-Kernel-PnP","Device SWD\DRIVERENUM\DPMAutoInstallDriver_Device_component&8&1fe6394f&0 was configured.

Driver Name: oem425.inf
Driver Package ID: ddpmsoftwareinstall_component.inf_amd64_3d39f607b80ee919
Class GUID: {5c4c3332-344d-483c-8739-259e934c9cc8}
Driver Date: 03/03/2025
Driver Version: 1.0.0.8
Driver Provider: Dell Technologies Inc.
Driver Section: DDPMSoftwareInstall_Device_component.NTamd64
Driver Rank: 0xFF0000
Matching Device ID: SWC\DELL_DDPM0001
Outranked Drivers: c_swcomponent.inf:SWC\Generic:00FF3000 c_swdevice.inf:SWD\GenericRaw:00FF3001
Device Updated: false
Parent Device: HID\VID_413C&PID_A524&MI_03&Col01\7&2893bdb8&0&0000"
"28-05-2026 10:37:18","410","Information","Microsoft-Windows-Kernel-PnP","Device HID\VID_413C&PID_A524&MI_03&Col01\7&2893bdb8&0&0000 was started.

Driver Name: oem135.inf
Class GUID: {745a17a0-74d3-11d0-b6fe-00a0c90f57da}
Service: 
Lower Filters: 
Upper Filters: "
"28-05-2026 10:37:18","400","Information","Microsoft-Windows-Kernel-PnP","Device HID\VID_413C&PID_A524&MI_03&Col05\7&2893bdb8&0&0004 was configured.

Driver Name: input.inf
Driver Package ID: input.inf_amd64_b70b241e639b0256
Class GUID: {745a17a0-74d3-11d0-b6fe-00a0c90f57da}
Driver Date: 06/21/2006
Driver Version: 10.0.26100.8115
Driver Provider: Microsoft
Driver Section: HID_Raw_Inst.NT
Driver Rank: 0xFF1004
Matching Device ID: HID_DEVICE_UPR:FF00-FFFF
Outranked Drivers: input.inf:HID_DEVICE:00FF1005
Device Updated: false
Parent Device: USB\VID_413C&PID_A524&MI_03\6&f3c4e&0&0003"
"28-05-2026 10:37:18","400","Information","Microsoft-Windows-Kernel-PnP","Device HID\VID_413C&PID_A524&MI_03&Col04\7&2893bdb8&0&0003 was configured.

Driver Name: hidtelephonydriver.inf
Driver Package ID: hidtelephonydriver.inf_amd64_4d87f0bd77d9889a
Class GUID: {745a17a0-74d3-11d0-b6fe-00a0c90f57da}
Driver Date: 04/21/2009
Driver Version: 10.0.26100.8115
Driver Provider: Microsoft
Driver Section: HidTelephony_Install.NT
Driver Rank: 0xFF0003
Matching Device ID: HID_DEVICE_UP:000B_U:0005
Outranked Drivers: input.inf:HID_DEVICE_UP:000B_U:0005:00FF1003 input.inf:HID_DEVICE:00FF1004
Device Updated: false
Parent Device: USB\VID_413C&PID_A524&MI_03\6&f3c4e&0&0003"
"28-05-2026 10:37:18","400","Information","Microsoft-Windows-Kernel-PnP","Device HID\VID_413C&PID_A524&MI_03&Col03\7&2893bdb8&0&0002 was configured.

Driver Name: input.inf
Driver Package ID: input.inf_amd64_b70b241e639b0256
Class GUID: {745a17a0-74d3-11d0-b6fe-00a0c90f57da}
Driver Date: 06/21/2006
Driver Version: 10.0.26100.8115
Driver Provider: Microsoft
Driver Section: HID_Raw_Inst.NT
Driver Rank: 0xFF1004
Matching Device ID: HID_DEVICE_UPR:FF00-FFFF
Outranked Drivers: input.inf:HID_DEVICE:00FF1005
Device Updated: false
Parent Device: USB\VID_413C&PID_A524&MI_03\6&f3c4e&0&0003"
"28-05-2026 10:37:18","400","Information","Microsoft-Windows-Kernel-PnP","Device HID\VID_413C&PID_A524&MI_03&Col02\7&2893bdb8&0&0001 was configured.

Driver Name: hidserv.inf
Driver Package ID: hidserv.inf_amd64_3111b4bfb553788d
Class GUID: {745a17a0-74d3-11d0-b6fe-00a0c90f57da}
Driver Date: 06/21/2006
Driver Version: 10.0.26100.1
Driver Provider: Microsoft
Driver Section: HIDSystemConsumerDevice
Driver Rank: 0xFF0004
Matching Device ID: HID_DEVICE_UP:000C_U:0001
Outranked Drivers: input.inf:HID_DEVICE:00FF1005
Device Updated: false
Parent Device: USB\VID_413C&PID_A524&MI_03\6&f3c4e&0&0003"
"28-05-2026 10:37:18","400","Information","Microsoft-Windows-Kernel-PnP","Device HID\VID_413C&PID_A524&MI_03&Col01\7&2893bdb8&0&0000 was configured.

Driver Name: oem135.inf
Driver Package ID: dpmautoinstalldriver.inf_amd64_412d7d28a0358c95
Class GUID: {745a17a0-74d3-11d0-b6fe-00a0c90f57da}
Driver Date: 12/03/2025
Driver Version: 2.2.0.0
Driver Provider: Dell Inc.
Driver Section: DPMAutoInstallDriver_Device.NT
Driver Rank: 0xFF0001
Matching Device ID: HID\VID_413C&PID_A524&MI_03&Col01
Outranked Drivers: oem68.inf:HID\VID_413C&PID_A524&MI_03&Col01:00FF0001 input.inf:HID_DEVICE_UPR:FF00-FFFF:00FF1004 input.inf:HID_DEVICE:00FF1005
Device Updated: false
Parent Device: USB\VID_413C&PID_A524&MI_03\6&f3c4e&0&0003"
"28-05-2026 10:37:18","410","Information","Microsoft-Windows-Kernel-PnP","Device USB\VID_413C&PID_A524&MI_03\6&f3c4e&0&0003 was started.

Driver Name: input.inf
Class GUID: {745a17a0-74d3-11d0-b6fe-00a0c90f57da}
Service: HidUsb
Lower Filters: 
Upper Filters: "
"28-05-2026 10:37:18","410","Information","Microsoft-Windows-Kernel-PnP","Device USB\VID_413C&PID_A524&MI_00\6&f3c4e&0&0000 was started.

Driver Name: wdma_usb.inf
Class GUID: {4d36e96c-e325-11ce-bfc1-08002be10318}
Service: usbaudio
Lower Filters: 
Upper Filters: "
"28-05-2026 10:37:18","400","Information","Microsoft-Windows-Kernel-PnP","Device USB\VID_413C&PID_A524&MI_03\6&f3c4e&0&0003 was configured.

Driver Name: input.inf
Driver Package ID: input.inf_amd64_b70b241e639b0256
Class GUID: {745a17a0-74d3-11d0-b6fe-00a0c90f57da}
Driver Date: 06/21/2006
Driver Version: 10.0.26100.8115
Driver Provider: Microsoft
Driver Section: HID_Inst.NT
Driver Rank: 0xFF3205
Matching Device ID: USB\Class_03
Outranked Drivers: 
Device Updated: false
Parent Device: USB\VID_413C&PID_A524\0000000000000000"
"28-05-2026 10:37:18","400","Information","Microsoft-Windows-Kernel-PnP","Device USB\VID_413C&PID_A524&MI_00\6&f3c4e&0&0000 was configured.

Driver Name: wdma_usb.inf
Driver Package ID: wdma_usb.inf_amd64_3bc69731ddebdfcf
Class GUID: {4d36e96c-e325-11ce-bfc1-08002be10318}
Driver Date: 03/21/2026
Driver Version: 10.0.26100.8115
Driver Provider: Microsoft
Driver Section: USBAudio
Driver Rank: 0xFF2005
Matching Device ID: USB\Class_01
Outranked Drivers: usbmidi2.inf:USB\Class_01:00FF3105
Device Updated: false
Parent Device: USB\VID_413C&PID_A524\0000000000000000"
"28-05-2026 10:37:18","410","Information","Microsoft-Windows-Kernel-PnP","Device USB\VID_413C&PID_A524\0000000000000000 was started.

Driver Name: usb.inf
Class GUID: {36fc9e60-c465-11cf-8056-444553540000}
Service: usbccgp
Lower Filters: 
Upper Filters: "
"28-05-2026 10:37:18","400","Information","Microsoft-Windows-Kernel-PnP","Device USB\VID_413C&PID_A524\0000000000000000 was configured.

Driver Name: usb.inf
Driver Package ID: usb.inf_amd64_ca05aed6371fe9f7
Class GUID: {36fc9e60-c465-11cf-8056-444553540000}
Driver Date: 06/21/2006
Driver Version: 10.0.26100.8115
Driver Provider: Microsoft
Driver Section: Composite.Dev.NT
Driver Rank: 0xFF2006
Matching Device ID: USB\COMPOSITE
Outranked Drivers: 
Device Updated: false
Parent Device: USB\ROOT_HUB30\4&2169287b&0&0"
"28-05-2026 10:37:16","430","Information","Microsoft-Windows-Kernel-PnP","Device USB\VID_0E8D&PID_0003\5&2dc84fba&0&2 requires further installation."
"28-05-2026 10:21:42","410","Information","Microsoft-Windows-Kernel-PnP","Device SWD\PRINTENUM\{473AE46A-95E6-44E7-8E88-1BF2FAA0F887} was started.

Driver Name: printqueue.inf
Class GUID: {1ed2bbf9-11f0-4084-b21f-ad83a8e6dcdc}
Service: 
Lower Filters: 
Upper Filters: "
"28-05-2026 10:21:42","400","Information","Microsoft-Windows-Kernel-PnP","Device SWD\PRINTENUM\{473AE46A-95E6-44E7-8E88-1BF2FAA0F887} was configured.

Driver Name: printqueue.inf
Driver Package ID: printqueue.inf_amd64_044b5f13f940e7c8
Class GUID: {1ed2bbf9-11f0-4084-b21f-ad83a8e6dcdc}
Driver Date: 06/21/2006
Driver Version: 10.0.26100.1
Driver Provider: Microsoft
Driver Section: NO_DRV_LOCAL
Driver Rank: 0x1
Matching Device ID: PRINTENUM\LocalPrintQueue
Outranked Drivers: oem455.inf:{3ee39114-30b4-45a4-a109-19d4a40fcc22}:00FF0002 c_swdevice.inf:SWD\GenericRaw:00FF3001
Device Updated: false
Parent Device: SWD\PRINTENUM\PrintQueues"
"28-05-2026 10:21:41","420","Information","Microsoft-Windows-Kernel-PnP","Device SWD\PRINTENUM\{1FB0023F-27E0-429F-AC1E-B5EC397AB610} was deleted.

Class GUID: {1ed2bbf9-11f0-4084-b21f-ad83a8e6dcdc}"
"28-05-2026 10:14:55","410","Information","Microsoft-Windows-Kernel-PnP","Device SWD\PRINTENUM\{310F7647-68D5-4BB0-AB2D-032C02949F19} was started.

Driver Name: printqueue.inf
Class GUID: {1ed2bbf9-11f0-4084-b21f-ad83a8e6dcdc}
Service: 
Lower Filters: 
Upper Filters: "
"28-05-2026 10:14:55","400","Information","Microsoft-Windows-Kernel-PnP","Device SWD\PRINTENUM\{310F7647-68D5-4BB0-AB2D-032C02949F19} was configured.

Driver Name: printqueue.inf
Driver Package ID: printqueue.inf_amd64_044b5f13f940e7c8
Class GUID: {1ed2bbf9-11f0-4084-b21f-ad83a8e6dcdc}
Driver Date: 06/21/2006
Driver Version: 10.0.26100.1
Driver Provider: Microsoft
Driver Section: NO_DRV_LOCAL
Driver Rank: 0x1
Matching Device ID: PRINTENUM\LocalPrintQueue
Outranked Drivers: oem182.inf:usbprint\tscte24421fb:00FF0002 c_swdevice.inf:SWD\GenericRaw:00FF3001
Device Updated: false
Parent Device: SWD\PRINTENUM\PrintQueues"
"28-05-2026 09:51:34","410","Information","Microsoft-Windows-Kernel-PnP","Device SWD\PRINTENUM\{11955308-3725-4E7B-A1B9-A0A560917F55} was started.

Driver Name: printqueue.inf
Class GUID: {1ed2bbf9-11f0-4084-b21f-ad83a8e6dcdc}
Service: 
Lower Filters: 
Upper Filters: "
"28-05-2026 09:51:34","400","Information","Microsoft-Windows-Kernel-PnP","Device SWD\PRINTENUM\{11955308-3725-4E7B-A1B9-A0A560917F55} was configured.

Driver Name: printqueue.inf
Driver Package ID: printqueue.inf_amd64_044b5f13f940e7c8
Class GUID: {1ed2bbf9-11f0-4084-b21f-ad83a8e6dcdc}
Driver Date: 06/21/2006
Driver Version: 10.0.26100.1
Driver Provider: Microsoft
Driver Section: NO_DRV_LOCAL
Driver Rank: 0x0
Matching Device ID: PRINTENUM\LocalPrintQueue
Outranked Drivers: c_swdevice.inf:SWD\GenericRaw:00FF3001
Device Updated: false
Parent Device: USBPRINT\TSCTE244\6&10b3e789&0&USB001"
"28-05-2026 09:51:28","430","Information","Microsoft-Windows-Kernel-PnP","Device USBPRINT\TSCTE244\6&10b3e789&0&USB001 requires further installation."
"28-05-2026 09:51:28","410","Information","Microsoft-Windows-Kernel-PnP","Device USB\VID_1203&PID_0272\000001 was started.

Driver Name: usbprint.inf
Class GUID: {36fc9e60-c465-11cf-8056-444553540000}
Service: usbprint
Lower Filters: 
Upper Filters: "
"28-05-2026 09:51:28","400","Information","Microsoft-Windows-Kernel-PnP","Device USB\VID_1203&PID_0272\000001 was configured.

Driver Name: usbprint.inf
Driver Package ID: usbprint.inf_amd64_a58409d7c5056a1c
Class GUID: {36fc9e60-c465-11cf-8056-444553540000}
Driver Date: 06/21/2006
Driver Version: 10.0.26100.8246
Driver Provider: Microsoft
Driver Section: USBPRINT_Inst.NT
Driver Rank: 0xFF2005
Matching Device ID: USB\Class_07
Outranked Drivers: 
Device Updated: false
Parent Device: USB\ROOT_HUB30\4&2169287b&0&0"
"27-05-2026 19:39:19","410","Information","Microsoft-Windows-Kernel-PnP","Device HID\VID_248D&PID_8003\6&2c6b0633&0&0000 was started.

Driver Name: keyboard.inf
Class GUID: {4d36e96b-e325-11ce-bfc1-08002be10318}
Service: kbdhid
Lower Filters: 
Upper Filters: "
"27-05-2026 19:39:19","400","Information","Microsoft-Windows-Kernel-PnP","Device HID\VID_248D&PID_8003\6&2c6b0633&0&0000 was configured.

Driver Name: keyboard.inf
Driver Package ID: keyboard.inf_amd64_c56788078819b951
Class GUID: {4d36e96b-e325-11ce-bfc1-08002be10318}
Driver Date: 06/21/2006
Driver Version: 10.0.26100.1882
Driver Provider: Microsoft
Driver Section: HID_Keyboard_Inst.NT
Driver Rank: 0xFF1003
Matching Device ID: HID_DEVICE_SYSTEM_KEYBOARD
Outranked Drivers: input.inf:HID_DEVICE:00FF1005
Device Updated: false
Parent Device: USB\VID_248D&PID_8003\5&2dc84fba&0&7"
"27-05-2026 19:39:19","410","Information","Microsoft-Windows-Kernel-PnP","Device USB\VID_248D&PID_8003\5&2dc84fba&0&7 was started.

Driver Name: input.inf
Class GUID: {745a17a0-74d3-11d0-b6fe-00a0c90f57da}
Service: HidUsb
Lower Filters: 
Upper Filters: "
"27-05-2026 19:39:19","400","Information","Microsoft-Windows-Kernel-PnP","Device USB\VID_248D&PID_8003\5&2dc84fba&0&7 was configured.

Driver Name: input.inf
Driver Package ID: input.inf_amd64_b70b241e639b0256
Class GUID: {745a17a0-74d3-11d0-b6fe-00a0c90f57da}
Driver Date: 06/21/2006
Driver Version: 10.0.26100.8115
Driver Provider: Microsoft
Driver Section: HID_Inst.NT
Driver Rank: 0xFF3104
Matching Device ID: USB\Class_03&SubClass_01
Outranked Drivers: input.inf:USB\Class_03:00FF3205
Device Updated: false
Parent Device: USB\ROOT_HUB30\4&2169287b&0&0"
"27-05-2026 11:07:48","410","Information","Microsoft-Windows-Kernel-PnP","Device HID\VID_248D&PID_8003\6&19b1558e&0&0000 was started.

Driver Name: keyboard.inf
Class GUID: {4d36e96b-e325-11ce-bfc1-08002be10318}
Service: kbdhid
Lower Filters: 
Upper Filters: "
"27-05-2026 11:07:48","400","Information","Microsoft-Windows-Kernel-PnP","Device HID\VID_248D&PID_8003\6&19b1558e&0&0000 was configured.

Driver Name: keyboard.inf
Driver Package ID: keyboard.inf_amd64_c56788078819b951
Class GUID: {4d36e96b-e325-11ce-bfc1-08002be10318}
Driver Date: 06/21/2006
Driver Version: 10.0.26100.1882
Driver Provider: Microsoft
Driver Section: HID_Keyboard_Inst.NT
Driver Rank: 0xFF1003
Matching Device ID: HID_DEVICE_SYSTEM_KEYBOARD
Outranked Drivers: input.inf:HID_DEVICE:00FF1005
Device Updated: false
Parent Device: USB\VID_248D&PID_8003\5&2dc84fba&0&6"
"27-05-2026 11:07:48","410","Information","Microsoft-Windows-Kernel-PnP","Device USB\VID_248D&PID_8003\5&2dc84fba&0&6 was started.

Driver Name: input.inf
Class GUID: {745a17a0-74d3-11d0-b6fe-00a0c90f57da}
Service: HidUsb
Lower Filters: 
Upper Filters: "
"27-05-2026 11:07:48","400","Information","Microsoft-Windows-Kernel-PnP","Device USB\VID_248D&PID_8003\5&2dc84fba&0&6 was configured.

Driver Name: input.inf
Driver Package ID: input.inf_amd64_b70b241e639b0256
Class GUID: {745a17a0-74d3-11d0-b6fe-00a0c90f57da}
Driver Date: 06/21/2006
Driver Version: 10.0.26100.8115
Driver Provider: Microsoft
Driver Section: HID_Inst.NT
Driver Rank: 0xFF3104
Matching Device ID: USB\Class_03&SubClass_01
Outranked Drivers: input.inf:USB\Class_03:00FF3205
Device Updated: false
Parent Device: USB\ROOT_HUB30\4&2169287b&0&0"
"25-05-2026 16:39:31","410","Information","Microsoft-Windows-Kernel-PnP","Device SWD\PRINTENUM\{1FB0023F-27E0-429F-AC1E-B5EC397AB610} was started.

Driver Name: printqueue.inf
Class GUID: {1ed2bbf9-11f0-4084-b21f-ad83a8e6dcdc}
Service: 
Lower Filters: 
Upper Filters: "
"25-05-2026 16:39:31","400","Information","Microsoft-Windows-Kernel-PnP","Device SWD\PRINTENUM\{1FB0023F-27E0-429F-AC1E-B5EC397AB610} was configured.

Driver Name: printqueue.inf
Driver Package ID: printqueue.inf_amd64_044b5f13f940e7c8
Class GUID: {1ed2bbf9-11f0-4084-b21f-ad83a8e6dcdc}
Driver Date: 06/21/2006
Driver Version: 10.0.26100.1
Driver Provider: Microsoft
Driver Section: NO_DRV_LOCAL
Driver Rank: 0x1
Matching Device ID: PRINTENUM\LocalPrintQueue
Outranked Drivers: oem455.inf:{3ee39114-30b4-45a4-a109-19d4a40fcc22}:00FF0002 c_swdevice.inf:SWD\GenericRaw:00FF3001
Device Updated: false
Parent Device: SWD\PRINTENUM\PrintQueues"
"25-05-2026 16:37:34","420","Information","Microsoft-Windows-Kernel-PnP","Device SWD\PRINTENUM\{CAF1A924-5A40-43CC-8C06-53585695499F} was deleted.

Class GUID: {1ed2bbf9-11f0-4084-b21f-ad83a8e6dcdc}"
"25-05-2026 11:06:47","410","Information","Microsoft-Windows-Kernel-PnP","Device SWD\MMDEVAPI\{0.0.1.00000000}.{1bb20b89-3e48-47ad-bc40-9c98f8aa4e96} was started.

Driver Name: audioendpoint.inf
Class GUID: {c166523c-fe0c-4a94-a586-f1a80cfbbf3e}
Service: 
Lower Filters: 
Upper Filters: "
"25-05-2026 11:06:46","400","Information","Microsoft-Windows-Kernel-PnP","Device SWD\MMDEVAPI\{0.0.1.00000000}.{1bb20b89-3e48-47ad-bc40-9c98f8aa4e96} was configured.

Driver Name: audioendpoint.inf
Driver Package ID: audioendpoint.inf_amd64_271c4d03bad18da8
Class GUID: {c166523c-fe0c-4a94-a586-f1a80cfbbf3e}
Driver Date: 03/31/2024
Driver Version: 10.0.26100.1
Driver Provider: Microsoft
Driver Section: NO_DRV
Driver Rank: 0xFF0000
Matching Device ID: MMDEVAPI\AudioEndpoints
Outranked Drivers: c_swdevice.inf:SWD\GenericRaw:00FF3001
Device Updated: false
Parent Device: USB\VID_046D&PID_0A8F&MI_00\6&25a8d75b&0&0000"
"25-05-2026 11:06:45","410","Information","Microsoft-Windows-Kernel-PnP","Device SWD\MMDEVAPI\{0.0.0.00000000}.{74d8ceec-4335-409a-b527-f9d6daf13f99} was started.

Driver Name: audioendpoint.inf
Class GUID: {c166523c-fe0c-4a94-a586-f1a80cfbbf3e}
Service: 
Lower Filters: 
Upper Filters: "
"25-05-2026 11:06:45","400","Information","Microsoft-Windows-Kernel-PnP","Device SWD\MMDEVAPI\{0.0.0.00000000}.{74d8ceec-4335-409a-b527-f9d6daf13f99} was configured.

Driver Name: audioendpoint.inf
Driver Package ID: audioendpoint.inf_amd64_271c4d03bad18da8
Class GUID: {c166523c-fe0c-4a94-a586-f1a80cfbbf3e}
Driver Date: 03/31/2024
Driver Version: 10.0.26100.1
Driver Provider: Microsoft
Driver Section: NO_DRV
Driver Rank: 0xFF0000
Matching Device ID: MMDEVAPI\AudioEndpoints
Outranked Drivers: c_swdevice.inf:SWD\GenericRaw:00FF3001
Device Updated: false
Parent Device: USB\VID_046D&PID_0A8F&MI_00\6&25a8d75b&0&0000"
"25-05-2026 11:06:44","410","Information","Microsoft-Windows-Kernel-PnP","Device HID\VID_046D&PID_0A8F&MI_03\7&979cb7e&0&0000 was started.

Driver Name: hidserv.inf
Class GUID: {745a17a0-74d3-11d0-b6fe-00a0c90f57da}
Service: 
Lower Filters: 
Upper Filters: "
"25-05-2026 11:06:44","400","Information","Microsoft-Windows-Kernel-PnP","Device HID\VID_046D&PID_0A8F&MI_03\7&979cb7e&0&0000 was configured.

Driver Name: hidserv.inf
Driver Package ID: hidserv.inf_amd64_3111b4bfb553788d
Class GUID: {745a17a0-74d3-11d0-b6fe-00a0c90f57da}
Driver Date: 06/21/2006
Driver Version: 10.0.26100.1
Driver Provider: Microsoft
Driver Section: HIDSystemConsumerDevice
Driver Rank: 0xFF0004
Matching Device ID: HID_DEVICE_UP:000C_U:0001
Outranked Drivers: input.inf:HID_DEVICE:00FF1005
Device Updated: false
Parent Device: USB\VID_046D&PID_0A8F&MI_03\6&25a8d75b&0&0003"
"25-05-2026 11:06:44","410","Information","Microsoft-Windows-Kernel-PnP","Device USB\VID_046D&PID_0A8F&MI_03\6&25a8d75b&0&0003 was started.

Driver Name: input.inf
Class GUID: {745a17a0-74d3-11d0-b6fe-00a0c90f57da}
Service: HidUsb
Lower Filters: 
Upper Filters: "
"25-05-2026 11:06:44","410","Information","Microsoft-Windows-Kernel-PnP","Device USB\VID_046D&PID_0A8F&MI_00\6&25a8d75b&0&0000 was started.

Driver Name: wdma_usb.inf
Class GUID: {4d36e96c-e325-11ce-bfc1-08002be10318}
Service: usbaudio
Lower Filters: 
Upper Filters: "
"25-05-2026 11:06:44","400","Information","Microsoft-Windows-Kernel-PnP","Device USB\VID_046D&PID_0A8F&MI_03\6&25a8d75b&0&0003 was configured.

Driver Name: input.inf
Driver Package ID: input.inf_amd64_b70b241e639b0256
Class GUID: {745a17a0-74d3-11d0-b6fe-00a0c90f57da}
Driver Date: 06/21/2006
Driver Version: 10.0.26100.8115
Driver Provider: Microsoft
Driver Section: HID_Inst.NT
Driver Rank: 0xFF3205
Matching Device ID: USB\Class_03
Outranked Drivers: 
Device Updated: false
Parent Device: USB\VID_046D&PID_0A8F\5&2dc84fba&0&7"
"25-05-2026 11:06:44","400","Information","Microsoft-Windows-Kernel-PnP","Device USB\VID_046D&PID_0A8F&MI_00\6&25a8d75b&0&0000 was configured.

Driver Name: wdma_usb.inf
Driver Package ID: wdma_usb.inf_amd64_3bc69731ddebdfcf
Class GUID: {4d36e96c-e325-11ce-bfc1-08002be10318}
Driver Date: 03/21/2026
Driver Version: 10.0.26100.8115
Driver Provider: Microsoft
Driver Section: USBAudio
Driver Rank: 0xFF2005
Matching Device ID: USB\Class_01
Outranked Drivers: usbmidi2.inf:USB\Class_01:00FF3105
Device Updated: false
Parent Device: USB\VID_046D&PID_0A8F\5&2dc84fba&0&7"
"25-05-2026 11:06:44","410","Information","Microsoft-Windows-Kernel-PnP","Device USB\VID_046D&PID_0A8F\5&2dc84fba&0&7 was started.

Driver Name: usb.inf
Class GUID: {36fc9e60-c465-11cf-8056-444553540000}
Service: usbccgp
Lower Filters: 
Upper Filters: "
"25-05-2026 11:06:44","400","Information","Microsoft-Windows-Kernel-PnP","Device USB\VID_046D&PID_0A8F\5&2dc84fba&0&7 was configured.

Driver Name: usb.inf
Driver Package ID: usb.inf_amd64_ca05aed6371fe9f7
Class GUID: {36fc9e60-c465-11cf-8056-444553540000}
Driver Date: 06/21/2006
Driver Version: 10.0.26100.8115
Driver Provider: Microsoft
Driver Section: Composite.Dev.NT
Driver Rank: 0xFF2006
Matching Device ID: USB\COMPOSITE
Outranked Drivers: 
Device Updated: false
Parent Device: USB\ROOT_HUB30\4&2169287b&0&0"
"25-05-2026 09:24:43","410","Information","Microsoft-Windows-Kernel-PnP","Device ROOT\DELLINSTRUMENTATION\0000 was started.

Driver Name: oem46.inf
Class GUID: {e1c7dabe-63de-4630-a4de-a4adc0503be3}
Service: DellInstrumentation
Lower Filters: 
Upper Filters: "
"25-05-2026 09:24:43","400","Information","Microsoft-Windows-Kernel-PnP","Device ROOT\DELLINSTRUMENTATION\0000 was configured.

Driver Name: oem46.inf
Driver Package ID: dellinstrumentation.inf_amd64_b559b6b296055b4b
Class GUID: {e1c7dabe-63de-4630-a4de-a4adc0503be3}
Driver Date: 09/05/2025
Driver Version: 2.9.2.0
Driver Provider: Dell Technologies
Driver Section: DellInstrumentation_Device.NT
Driver Rank: 0xFF0000
Matching Device ID: Root\DellInsDrv
Outranked Drivers: oem482.inf:Root\DellInsDrv:00FF0000
Device Updated: true
Parent Device: HTREE\ROOT\0"
"25-05-2026 09:24:40","420","Information","Microsoft-Windows-Kernel-PnP","Device ROOT\DELLINSTRUMENTATION\0000 was deleted.

Class GUID: {e1c7dabe-63de-4630-a4de-a4adc0503be3}"
"25-05-2026 09:24:18","410","Information","Microsoft-Windows-Kernel-PnP","Device ROOT\DELLINSTRUMENTATION\0000 was started.

Driver Name: oem46.inf
Class GUID: {e1c7dabe-63de-4630-a4de-a4adc0503be3}
Service: DellInstrumentation
Lower Filters: 
Upper Filters: "
"25-05-2026 09:24:18","400","Information","Microsoft-Windows-Kernel-PnP","Device ROOT\DELLINSTRUMENTATION\0000 was configured.

Driver Name: oem46.inf
Driver Package ID: dellinstrumentation.inf_amd64_b559b6b296055b4b
Class GUID: {e1c7dabe-63de-4630-a4de-a4adc0503be3}
Driver Date: 09/05/2025
Driver Version: 2.9.2.0
Driver Provider: Dell Technologies
Driver Section: DellInstrumentation_Device.NT
Driver Rank: 0xFF0000
Matching Device ID: Root\DellInsDrv
Outranked Drivers: oem482.inf:Root\DellInsDrv:00FF0000
Device Updated: true
Parent Device: HTREE\ROOT\0"
"25-05-2026 09:24:17","420","Information","Microsoft-Windows-Kernel-PnP","Device ROOT\DELLINSTRUMENTATION\0000 was deleted.

Class GUID: {e1c7dabe-63de-4630-a4de-a4adc0503be3}"
"25-05-2026 09:10:32","410","Information","Microsoft-Windows-Kernel-PnP","Device ROOT\DELLINSTRUMENTATION\0000 was started.

Driver Name: oem46.inf
Class GUID: {e1c7dabe-63de-4630-a4de-a4adc0503be3}
Service: DellInstrumentation
Lower Filters: 
Upper Filters: "
"25-05-2026 09:10:32","400","Information","Microsoft-Windows-Kernel-PnP","Device ROOT\DELLINSTRUMENTATION\0000 was configured.

Driver Name: oem46.inf
Driver Package ID: dellinstrumentation.inf_amd64_b559b6b296055b4b
Class GUID: {e1c7dabe-63de-4630-a4de-a4adc0503be3}
Driver Date: 09/05/2025
Driver Version: 2.9.2.0
Driver Provider: Dell Technologies
Driver Section: DellInstrumentation_Device.NT
Driver Rank: 0xFF0000
Matching Device ID: Root\DellInsDrv
Outranked Drivers: oem482.inf:Root\DellInsDrv:00FF0000
Device Updated: true
Parent Device: HTREE\ROOT\0"
"25-05-2026 09:10:27","420","Information","Microsoft-Windows-Kernel-PnP","Device ROOT\DELLINSTRUMENTATION\0000 was deleted.

Class GUID: {e1c7dabe-63de-4630-a4de-a4adc0503be3}"
"25-05-2026 09:10:05","410","Information","Microsoft-Windows-Kernel-PnP","Device ROOT\DELLINSTRUMENTATION\0000 was started.

Driver Name: oem46.inf
Class GUID: {e1c7dabe-63de-4630-a4de-a4adc0503be3}
Service: DellInstrumentation
Lower Filters: 
Upper Filters: "
"25-05-2026 09:10:05","400","Information","Microsoft-Windows-Kernel-PnP","Device ROOT\DELLINSTRUMENTATION\0000 was configured.

Driver Name: oem46.inf
Driver Package ID: dellinstrumentation.inf_amd64_b559b6b296055b4b
Class GUID: {e1c7dabe-63de-4630-a4de-a4adc0503be3}
Driver Date: 09/05/2025
Driver Version: 2.9.2.0
Driver Provider: Dell Technologies
Driver Section: DellInstrumentation_Device.NT
Driver Rank: 0xFF0000
Matching Device ID: Root\DellInsDrv
Outranked Drivers: oem482.inf:Root\DellInsDrv:00FF0000
Device Updated: true
Parent Device: HTREE\ROOT\0"
"25-05-2026 09:10:04","420","Information","Microsoft-Windows-Kernel-PnP","Device ROOT\DELLINSTRUMENTATION\0000 was deleted.

Class GUID: {e1c7dabe-63de-4630-a4de-a4adc0503be3}"
"25-05-2026 09:03:50","410","Information","Microsoft-Windows-Kernel-PnP","Device SWD\DRIVERENUM\DPMAutoInstallDriver_Device_component&8&894ad83&0 was started.

Driver Name: oem425.inf
Class GUID: {5c4c3332-344d-483c-8739-259e934c9cc8}
Service: 
Lower Filters: 
Upper Filters: "
"25-05-2026 09:03:50","410","Information","Microsoft-Windows-Kernel-PnP","Device HID\VID_413C&PID_2514&MI_01&Col01\7&12c0de21&0&0000 was started.

Driver Name: msmouse.inf
Class GUID: {4d36e96f-e325-11ce-bfc1-08002be10318}
Service: mouhid
Lower Filters: 
Upper Filters: "
"25-05-2026 09:03:50","410","Information","Microsoft-Windows-Kernel-PnP","Device HID\VID_413C&PID_2514&MI_00\7&11165fa1&0&0000 was started.

Driver Name: keyboard.inf
Class GUID: {4d36e96b-e325-11ce-bfc1-08002be10318}
Service: kbdhid
Lower Filters: 
Upper Filters: "
"25-05-2026 09:03:50","400","Information","Microsoft-Windows-Kernel-PnP","Device SWD\DRIVERENUM\DPMAutoInstallDriver_Device_component&8&894ad83&0 was configured.

Driver Name: oem425.inf
Driver Package ID: ddpmsoftwareinstall_component.inf_amd64_3d39f607b80ee919
Class GUID: {5c4c3332-344d-483c-8739-259e934c9cc8}
Driver Date: 03/03/2025
Driver Version: 1.0.0.8
Driver Provider: Dell Technologies Inc.
Driver Section: DDPMSoftwareInstall_Device_component.NTamd64
Driver Rank: 0xFF0000
Matching Device ID: SWC\DELL_DDPM0001
Outranked Drivers: c_swcomponent.inf:SWC\Generic:00FF3000 c_swdevice.inf:SWD\GenericRaw:00FF3001
Device Updated: false
Parent Device: HID\VID_413C&PID_2514&MI_02&Col02\7&36981be3&0&0001"
"25-05-2026 09:03:50","410","Information","Microsoft-Windows-Kernel-PnP","Device HID\VID_413C&PID_2514&MI_02&Col02\7&36981be3&0&0001 was started.

Driver Name: oem135.inf
Class GUID: {745a17a0-74d3-11d0-b6fe-00a0c90f57da}
Service: 
Lower Filters: 
Upper Filters: "
"25-05-2026 09:03:50","410","Information","Microsoft-Windows-Kernel-PnP","Device HID\VID_413C&PID_2514&MI_02&Col01\7&36981be3&0&0000 was started.

Driver Name: input.inf
Class GUID: {745a17a0-74d3-11d0-b6fe-00a0c90f57da}
Service: 
Lower Filters: 
Upper Filters: "
"25-05-2026 09:03:50","410","Information","Microsoft-Windows-Kernel-PnP","Device HID\VID_413C&PID_2514&MI_01&Col03\7&12c0de21&0&0002 was started.

Driver Name: input.inf
Class GUID: {745a17a0-74d3-11d0-b6fe-00a0c90f57da}
Service: 
Lower Filters: 
Upper Filters: "
"25-05-2026 09:03:50","410","Information","Microsoft-Windows-Kernel-PnP","Device HID\VID_413C&PID_2514&MI_01&Col02\7&12c0de21&0&0001 was started.

Driver Name: hidserv.inf
Class GUID: {745a17a0-74d3-11d0-b6fe-00a0c90f57da}
Service: 
Lower Filters: 
Upper Filters: "
"25-05-2026 09:03:50","400","Information","Microsoft-Windows-Kernel-PnP","Device HID\VID_413C&PID_2514&MI_02&Col02\7&36981be3&0&0001 was configured.

Driver Name: oem135.inf
Driver Package ID: dpmautoinstalldriver.inf_amd64_412d7d28a0358c95
Class GUID: {745a17a0-74d3-11d0-b6fe-00a0c90f57da}
Driver Date: 12/03/2025
Driver Version: 2.2.0.0
Driver Provider: Dell Inc.
Driver Section: DPMAutoInstallDriver_Device.NT
Driver Rank: 0xFF0001
Matching Device ID: HID\VID_413C&PID_2514&MI_02&Col02
Outranked Drivers: oem68.inf:HID\VID_413C&PID_2514&MI_02&Col02:00FF0001 input.inf:HID_DEVICE_UPR:FF00-FFFF:00FF1004 input.inf:HID_DEVICE:00FF1005
Device Updated: false
Parent Device: USB\VID_413C&PID_2514&MI_02\6&35358605&0&0002"
"25-05-2026 09:03:50","400","Information","Microsoft-Windows-Kernel-PnP","Device HID\VID_413C&PID_2514&MI_02&Col01\7&36981be3&0&0000 was configured.

Driver Name: input.inf
Driver Package ID: input.inf_amd64_b70b241e639b0256
Class GUID: {745a17a0-74d3-11d0-b6fe-00a0c90f57da}
Driver Date: 06/21/2006
Driver Version: 10.0.26100.8115
Driver Provider: Microsoft
Driver Section: HID_Raw_Inst.NT
Driver Rank: 0xFF1004
Matching Device ID: HID_DEVICE_UPR:FF00-FFFF
Outranked Drivers: input.inf:HID_DEVICE:00FF1005
Device Updated: false
Parent Device: USB\VID_413C&PID_2514&MI_02\6&35358605&0&0002"
"25-05-2026 09:03:50","410","Information","Microsoft-Windows-Kernel-PnP","Device USB\VID_413C&PID_2514&MI_02\6&35358605&0&0002 was started.

Driver Name: input.inf
Class GUID: {745a17a0-74d3-11d0-b6fe-00a0c90f57da}
Service: HidUsb
Lower Filters: 
Upper Filters: "
"25-05-2026 09:03:50","400","Information","Microsoft-Windows-Kernel-PnP","Device HID\VID_413C&PID_2514&MI_01&Col03\7&12c0de21&0&0002 was configured.

Driver Name: input.inf
Driver Package ID: input.inf_amd64_b70b241e639b0256
Class GUID: {745a17a0-74d3-11d0-b6fe-00a0c90f57da}
Driver Date: 06/21/2006
Driver Version: 10.0.26100.8115
Driver Provider: Microsoft
Driver Section: HID_Raw_Inst.NT
Driver Rank: 0xFF1004
Matching Device ID: HID_DEVICE_UP:0001_U:0080
Outranked Drivers: input.inf:HID_DEVICE:00FF1005
Device Updated: false
Parent Device: USB\VID_413C&PID_2514&MI_01\6&35358605&0&0001"
"25-05-2026 09:03:50","400","Information","Microsoft-Windows-Kernel-PnP","Device HID\VID_413C&PID_2514&MI_01&Col02\7&12c0de21&0&0001 was configured.

Driver Name: hidserv.inf
Driver Package ID: hidserv.inf_amd64_3111b4bfb553788d
Class GUID: {745a17a0-74d3-11d0-b6fe-00a0c90f57da}
Driver Date: 06/21/2006
Driver Version: 10.0.26100.1
Driver Provider: Microsoft
Driver Section: HIDSystemConsumerDevice
Driver Rank: 0xFF0004
Matching Device ID: HID_DEVICE_UP:000C_U:0001
Outranked Drivers: input.inf:HID_DEVICE:00FF1005
Device Updated: false
Parent Device: USB\VID_413C&PID_2514&MI_01\6&35358605&0&0001"
"25-05-2026 09:03:50","400","Information","Microsoft-Windows-Kernel-PnP","Device HID\VID_413C&PID_2514&MI_01&Col01\7&12c0de21&0&0000 was configured.

Driver Name: msmouse.inf
Driver Package ID: msmouse.inf_amd64_097bbd709f0c4972
Class GUID: {4d36e96f-e325-11ce-bfc1-08002be10318}
Driver Date: 06/21/2006
Driver Version: 10.0.26100.1150
Driver Provider: Microsoft
Driver Section: HID_Mouse_Inst.NT
Driver Rank: 0xFF1003
Matching Device ID: HID_DEVICE_SYSTEM_MOUSE
Outranked Drivers: input.inf:HID_DEVICE:00FF1005
Device Updated: false
Parent Device: USB\VID_413C&PID_2514&MI_01\6&35358605&0&0001"
"25-05-2026 09:03:50","410","Information","Microsoft-Windows-Kernel-PnP","Device USB\VID_413C&PID_2514&MI_01\6&35358605&0&0001 was started.

Driver Name: input.inf
Class GUID: {745a17a0-74d3-11d0-b6fe-00a0c90f57da}
Service: HidUsb
Lower Filters: 
Upper Filters: "
"25-05-2026 09:03:50","400","Information","Microsoft-Windows-Kernel-PnP","Device HID\VID_413C&PID_2514&MI_00\7&11165fa1&0&0000 was configured.

Driver Name: keyboard.inf
Driver Package ID: keyboard.inf_amd64_c56788078819b951
Class GUID: {4d36e96b-e325-11ce-bfc1-08002be10318}
Driver Date: 06/21/2006
Driver Version: 10.0.26100.1882
Driver Provider: Microsoft
Driver Section: HID_Keyboard_Inst.NT
Driver Rank: 0xFF1003
Matching Device ID: HID_DEVICE_SYSTEM_KEYBOARD
Outranked Drivers: input.inf:HID_DEVICE:00FF1005
Device Updated: false
Parent Device: USB\VID_413C&PID_2514&MI_00\6&35358605&0&0000"
"25-05-2026 09:03:50","410","Information","Microsoft-Windows-Kernel-PnP","Device USB\VID_413C&PID_2514&MI_00\6&35358605&0&0000 was started.

Driver Name: input.inf
Class GUID: {745a17a0-74d3-11d0-b6fe-00a0c90f57da}
Service: HidUsb
Lower Filters: 
Upper Filters: "
"25-05-2026 09:03:50","400","Information","Microsoft-Windows-Kernel-PnP","Device USB\VID_413C&PID_2514&MI_02\6&35358605&0&0002 was configured.

Driver Name: input.inf
Driver Package ID: input.inf_amd64_b70b241e639b0256
Class GUID: {745a17a0-74d3-11d0-b6fe-00a0c90f57da}
Driver Date: 06/21/2006
Driver Version: 10.0.26100.8115
Driver Provider: Microsoft
Driver Section: HID_Inst.NT
Driver Rank: 0xFF3205
Matching Device ID: USB\Class_03
Outranked Drivers: 
Device Updated: false
Parent Device: USB\VID_413C&PID_2514\5&2dc84fba&0&6"
"25-05-2026 09:03:50","400","Information","Microsoft-Windows-Kernel-PnP","Device USB\VID_413C&PID_2514&MI_01\6&35358605&0&0001 was configured.

Driver Name: input.inf
Driver Package ID: input.inf_amd64_b70b241e639b0256
Class GUID: {745a17a0-74d3-11d0-b6fe-00a0c90f57da}
Driver Date: 06/21/2006
Driver Version: 10.0.26100.8115
Driver Provider: Microsoft
Driver Section: HID_Inst.NT
Driver Rank: 0xFF3104
Matching Device ID: USB\Class_03&SubClass_01
Outranked Drivers: input.inf:USB\Class_03:00FF3205
Device Updated: false
Parent Device: USB\VID_413C&PID_2514\5&2dc84fba&0&6"
"25-05-2026 09:03:50","400","Information","Microsoft-Windows-Kernel-PnP","Device USB\VID_413C&PID_2514&MI_00\6&35358605&0&0000 was configured.

Driver Name: input.inf
Driver Package ID: input.inf_amd64_b70b241e639b0256
Class GUID: {745a17a0-74d3-11d0-b6fe-00a0c90f57da}
Driver Date: 06/21/2006
Driver Version: 10.0.26100.8115
Driver Provider: Microsoft
Driver Section: HID_Inst.NT
Driver Rank: 0xFF3104
Matching Device ID: USB\Class_03&SubClass_01
Outranked Drivers: input.inf:USB\Class_03:00FF3205
Device Updated: false
Parent Device: USB\VID_413C&PID_2514\5&2dc84fba&0&6"
"25-05-2026 09:03:50","410","Information","Microsoft-Windows-Kernel-PnP","Device USB\VID_413C&PID_2514\5&2dc84fba&0&6 was started.

Driver Name: usb.inf
Class GUID: {36fc9e60-c465-11cf-8056-444553540000}
Service: usbccgp
Lower Filters: 
Upper Filters: "
"25-05-2026 09:03:50","400","Information","Microsoft-Windows-Kernel-PnP","Device USB\VID_413C&PID_2514\5&2dc84fba&0&6 was configured.

Driver Name: usb.inf
Driver Package ID: usb.inf_amd64_ca05aed6371fe9f7
Class GUID: {36fc9e60-c465-11cf-8056-444553540000}
Driver Date: 06/21/2006
Driver Version: 10.0.26100.8115
Driver Provider: Microsoft
Driver Section: Composite.Dev.NT
Driver Rank: 0xFF2006
Matching Device ID: USB\COMPOSITE
Outranked Drivers: 
Device Updated: false
Parent Device: USB\ROOT_HUB30\4&2169287b&0&0"
"25-05-2026 09:01:27","410","Information","Microsoft-Windows-Kernel-PnP","Device SWD\ScDeviceEnum\1_Windows_Hello_for_Business_1 was started.

Driver Name: c_swdevice.inf
Class GUID: {62f9c741-b25a-46ce-b54c-9bccce08b6f2}
Service: 
Lower Filters: 
Upper Filters: "
"25-05-2026 09:01:27","400","Information","Microsoft-Windows-Kernel-PnP","Device SWD\ScDeviceEnum\1_Windows_Hello_for_Business_1 was configured.

Driver Name: c_swdevice.inf
Driver Package ID: c_swdevice.inf_amd64_845d51425d14f98b
Class GUID: {62f9c741-b25a-46ce-b54c-9bccce08b6f2}
Driver Date: 06/21/2006
Driver Version: 10.0.26100.1
Driver Provider: Microsoft
Driver Section: SoftwareDevice
Driver Rank: 0xFF3000
Matching Device ID: SWD\GenericRaw
Outranked Drivers: 
Device Updated: false
Parent Device: SWD\ScDeviceEnumBus\0"
"25-05-2026 09:01:27","410","Information","Microsoft-Windows-Kernel-PnP","Device SWD\NgcDeviceEnum\{DC3BF01D-2DBB-4626-B5CB-24709C65303F} was started.

Driver Name: c_swdevice.inf
Class GUID: {62f9c741-b25a-46ce-b54c-9bccce08b6f2}
Service: 
Lower Filters: 
Upper Filters: "
"25-05-2026 09:01:27","400","Information","Microsoft-Windows-Kernel-PnP","Device SWD\NgcDeviceEnum\{DC3BF01D-2DBB-4626-B5CB-24709C65303F} was configured.

Driver Name: c_swdevice.inf
Driver Package ID: c_swdevice.inf_amd64_845d51425d14f98b
Class GUID: {62f9c741-b25a-46ce-b54c-9bccce08b6f2}
Driver Date: 06/21/2006
Driver Version: 10.0.26100.1
Driver Provider: Microsoft
Driver Section: SoftwareDevice
Driver Rank: 0xFF3000
Matching Device ID: SWD\GenericRaw
Outranked Drivers: 
Device Updated: false
Parent Device: SWD\ScDeviceEnumBus\1"
"25-05-2026 09:01:27","410","Information","Microsoft-Windows-Kernel-PnP","Device SWD\ScDeviceEnumBus\1 was started.

Driver Name: c_swdevice.inf
Class GUID: {62f9c741-b25a-46ce-b54c-9bccce08b6f2}
Service: 
Lower Filters: 
Upper Filters: "
"25-05-2026 09:01:27","410","Information","Microsoft-Windows-Kernel-PnP","Device SWD\ScDeviceEnumBus\0 was started.

Driver Name: c_swdevice.inf
Class GUID: {62f9c741-b25a-46ce-b54c-9bccce08b6f2}
Service: 
Lower Filters: 
Upper Filters: "
"25-05-2026 09:01:27","400","Information","Microsoft-Windows-Kernel-PnP","Device SWD\ScDeviceEnumBus\1 was configured.

Driver Name: c_swdevice.inf
Driver Package ID: c_swdevice.inf_amd64_845d51425d14f98b
Class GUID: {62f9c741-b25a-46ce-b54c-9bccce08b6f2}
Driver Date: 06/21/2006
Driver Version: 10.0.26100.1
Driver Provider: Microsoft
Driver Section: SoftwareDevice
Driver Rank: 0xFF3000
Matching Device ID: SWD\GenericRaw
Outranked Drivers: 
Device Updated: false
Parent Device: HTREE\ROOT\0"
"25-05-2026 09:01:27","400","Information","Microsoft-Windows-Kernel-PnP","Device SWD\ScDeviceEnumBus\0 was configured.

Driver Name: c_swdevice.inf
Driver Package ID: c_swdevice.inf_amd64_845d51425d14f98b
Class GUID: {62f9c741-b25a-46ce-b54c-9bccce08b6f2}
Driver Date: 06/21/2006
Driver Version: 10.0.26100.1
Driver Provider: Microsoft
Driver Section: SoftwareDevice
Driver Rank: 0xFF3000
Matching Device ID: SWD\GenericRaw
Outranked Drivers: 
Device Updated: false
Parent Device: HTREE\ROOT\0"
"25-05-2026 09:00:06","410","Information","Microsoft-Windows-Kernel-PnP","Device DISPLAY\DELA1B9\4&20b8d095&0&UID8263 was started.

Driver Name: oem462.inf
Class GUID: {4d36e96e-e325-11ce-bfc1-08002be10318}
Service: monitor
Lower Filters: 
Upper Filters: "
"25-05-2026 09:00:06","400","Information","Microsoft-Windows-Kernel-PnP","Device DISPLAY\DELA1B9\4&20b8d095&0&UID8263 was configured.

Driver Name: oem462.inf
Driver Package ID: u2422he.inf_amd64_977e0d0232dac0e1
Class GUID: {4d36e96e-e325-11ce-bfc1-08002be10318}
Driver Date: 10/02/2020
Driver Version: 1.0.0.0
Driver Provider: Dell Inc.
Driver Section: U2422HE_USB_TypeC.Install
Driver Rank: 0xFF0000
Matching Device ID: MONITOR\DELA1B9
Outranked Drivers: monitor.inf:*PNP09FF:00FF2000
Device Updated: false
Parent Device: PCI\VEN_8086&DEV_7D41&SUBSYS_0CE81028&REV_00\3&11583659&0&10"
"25-05-2026 09:00:04","410","Information","Microsoft-Windows-Kernel-PnP","Device SWD\MMDEVAPI\{0.0.0.00000000}.{6444fe29-8655-4aee-a4fe-5cf6b023032f} was started.

Driver Name: audioendpoint.inf
Class GUID: {c166523c-fe0c-4a94-a586-f1a80cfbbf3e}
Service: 
Lower Filters: 
Upper Filters: "
"25-05-2026 09:00:04","400","Information","Microsoft-Windows-Kernel-PnP","Device SWD\MMDEVAPI\{0.0.0.00000000}.{6444fe29-8655-4aee-a4fe-5cf6b023032f} was configured.

Driver Name: audioendpoint.inf
Driver Package ID: audioendpoint.inf_amd64_271c4d03bad18da8
Class GUID: {c166523c-fe0c-4a94-a586-f1a80cfbbf3e}
Driver Date: 03/31/2024
Driver Version: 10.0.26100.1
Driver Provider: Microsoft
Driver Section: NO_DRV
Driver Rank: 0xFF0000
Matching Device ID: MMDEVAPI\AudioEndpoints
Outranked Drivers: c_swdevice.inf:SWD\GenericRaw:00FF3001
Device Updated: false
Parent Device: HDAUDIO\SUBFUNC_01&VEN_8086&DEV_281D&NID_0001&SUBSYS_00000000&REV_1000\6&2d9a5e4c&0&0002&00000025"
"25-05-2026 09:00:03","410","Information","Microsoft-Windows-Kernel-PnP","Device HDAUDIO\SUBFUNC_01&VEN_8086&DEV_281D&NID_0001&SUBSYS_00000000&REV_1000\6&2d9a5e4c&0&0002&00000025 was started.

Driver Name: oem484.inf
Class GUID: {4d36e96c-e325-11ce-bfc1-08002be10318}
Service: 
Lower Filters: 
Upper Filters: "
"25-05-2026 09:00:03","400","Information","Microsoft-Windows-Kernel-PnP","Device HDAUDIO\SUBFUNC_01&VEN_8086&DEV_281D&NID_0001&SUBSYS_00000000&REV_1000\6&2d9a5e4c&0&0002&00000025 was configured.

Driver Name: oem484.inf
Driver Package ID: mshdadac.inf_amd64_f90ac2a0d84df747
Class GUID: {4d36e96c-e325-11ce-bfc1-08002be10318}
Driver Date: 01/30/2026
Driver Version: 32.0.101.8508
Driver Provider: Intel Corporation
Driver Section: Audio_Child_Device_Wrapper.NT
Driver Rank: 0xFF3008
Matching Device ID: HDAUDIO\SUBFUNC_01&VEN_8086&DEV_281D
Outranked Drivers: oem27.inf:HDAUDIO\SUBFUNC_01&VEN_8086&DEV_281D:00FF3008
Device Updated: false
Parent Device: INTELAUDIO\SGPC_FUNC_01&VEN_8086&DEV_281D&SUBSYS_80860101&REV_1000\5&32640736&0&0201DIF_000B&UIF_0000"
"25-05-2026 09:00:03","410","Information","Microsoft-Windows-Kernel-PnP","Device INTELAUDIO\SGPC_FUNC_01&VEN_8086&DEV_281D&SUBSYS_80860101&REV_1000\5&32640736&0&0201DIF_000B&UIF_0000 was started.

Driver Name: oem484.inf
Class GUID: {4d36e96c-e325-11ce-bfc1-08002be10318}
Service: AcxHdAudio
Lower Filters: 
Upper Filters: "
"25-05-2026 09:00:03","400","Information","Microsoft-Windows-Kernel-PnP","Device INTELAUDIO\SGPC_FUNC_01&VEN_8086&DEV_281D&SUBSYS_80860101&REV_1000\5&32640736&0&0201DIF_000B&UIF_0000 was configured.

Driver Name: oem484.inf
Driver Package ID: mshdadac.inf_amd64_f90ac2a0d84df747
Class GUID: {4d36e96c-e325-11ce-bfc1-08002be10318}
Driver Date: 01/30/2026
Driver Version: 32.0.101.8508
Driver Provider: Intel Corporation
Driver Section: Audio_Device_Wrapper.NT
Driver Rank: 0xF00001
Matching Device ID: INTELAUDIO\SGPC_FUNC_01&VEN_8086&DEV_281D&SUBSYS_80860101
Outranked Drivers: oem27.inf:INTELAUDIO\SGPC_FUNC_01&VEN_8086&DEV_281D&SUBSYS_80860101:00F00001 oem27.inf:INTELAUDIO\SGPC_FUNC_01&VEN_8086&DEV_281D:00F01003 oem484.inf:INTELAUDIO\SGPC_FUNC_01&VEN_8086&DEV_281D:00F01003
Device Updated: false
Parent Device: INTELAUDIO\DSP_CTLR_DEV_7728&VEN_8086&DEV_0222&SUBSYS_0CE81028&REV_0000\4&417d3cc&0&0800DIF_000B&UIF_0000"
