"TimeCreated","Id","LevelDisplayName","ProviderName","Message"
"19-08-2026 14:34:51","26","Information","Microsoft-Windows-WindowsUpdateClient","Windows Update successfully found 5 updates."
"19-08-2026 14:34:39","26","Information","Microsoft-Windows-WindowsUpdateClient","Windows Update successfully found 0 updates."
"19-08-2026 14:06:17","41","Information","Microsoft-Windows-WindowsUpdateClient","An update was downloaded."
"19-08-2026 14:06:14","26","Information","Microsoft-Windows-WindowsUpdateClient","Windows Update successfully found 0 updates."
"19-08-2026 14:06:14","26","Information","Microsoft-Windows-WindowsUpdateClient","Windows Update successfully found 1 updates."
"19-08-2026 13:29:12","26","Information","Microsoft-Windows-WindowsUpdateClient","Windows Update successfully found 5 updates."
"19-08-2026 13:29:02","26","Information","Microsoft-Windows-WindowsUpdateClient","Windows Update successfully found 1 updates."
"19-08-2026 12:05:50","26","Information","Microsoft-Windows-WindowsUpdateClient","Windows Update successfully found 0 updates."
"19-08-2026 12:05:50","26","Information","Microsoft-Windows-WindowsUpdateClient","Windows Update successfully found 0 updates."
"19-08-2026 10:44:04","26","Information","Microsoft-Windows-WindowsUpdateClient","Windows Update successfully found 2 updates."
"19-08-2026 10:43:47","26","Information","Microsoft-Windows-WindowsUpdateClient","Windows Update successfully found 0 updates."
"19-08-2026 10:16:24","41","Information","Microsoft-Windows-WindowsUpdateClient","An update was downloaded."
"19-08-2026 10:15:18","41","Information","Microsoft-Windows-WindowsUpdateClient","An update was downloaded."
"19-08-2026 10:14:39","41","Information","Microsoft-Windows-WindowsUpdateClient","An update was downloaded."
"19-08-2026 10:14:32","41","Information","Microsoft-Windows-WindowsUpdateClient","An update was downloaded."
"19-08-2026 10:14:21","41","Information","Microsoft-Windows-WindowsUpdateClient","An update was downloaded."
"19-08-2026 10:14:06","26","Information","Microsoft-Windows-WindowsUpdateClient","Windows Update successfully found 0 updates."
"19-08-2026 10:13:55","41","Information","Microsoft-Windows-WindowsUpdateClient","An update was downloaded."
"19-08-2026 10:13:55","41","Information","Microsoft-Windows-WindowsUpdateClient","An update was downloaded."
"19-08-2026 10:12:57","26","Information","Microsoft-Windows-WindowsUpdateClient","Windows Update successfully found 0 updates."
"19-08-2026 10:12:46","26","Information","Microsoft-Windows-WindowsUpdateClient","Windows Update successfully found 5 updates."
"19-08-2026 10:12:38","26","Information","Microsoft-Windows-WindowsUpdateClient","Windows Update successfully found 43 updates."
"19-08-2026 10:12:28","26","Information","Microsoft-Windows-WindowsUpdateClient","Windows Update successfully found 2 updates."
"19-08-2026 10:12:18","26","Information","Microsoft-Windows-WindowsUpdateClient","Windows Update successfully found 5 updates."
"19-08-2026 10:06:48","41","Information","Microsoft-Windows-WindowsUpdateClient","An update was downloaded."
"19-08-2026 10:06:10","26","Information","Microsoft-Windows-WindowsUpdateClient","Windows Update successfully found 0 updates."
"19-08-2026 10:06:10","26","Information","Microsoft-Windows-WindowsUpdateClient","Windows Update successfully found 1 updates."
"19-08-2026 09:59:04","41","Information","Microsoft-Windows-WindowsUpdateClient","An update was downloaded."
"19-08-2026 09:58:33","41","Information","Microsoft-Windows-WindowsUpdateClient","An update was downloaded."
"19-08-2026 09:58:21","26","Information","Microsoft-Windows-WindowsUpdateClient","Windows Update successfully found 2 updates."
"18-08-2026 17:16:20","26","Information","Microsoft-Windows-WindowsUpdateClient","Windows Update successfully found 0 updates."
"18-08-2026 17:16:20","26","Information","Microsoft-Windows-WindowsUpdateClient","Windows Update successfully found 0 updates."
"18-08-2026 16:10:56","26","Information","Microsoft-Windows-WindowsUpdateClient","Windows Update successfully found 0 updates."
"18-08-2026 16:10:46","26","Information","Microsoft-Windows-WindowsUpdateClient","Windows Update successfully found 0 updates."
"18-08-2026 15:16:26","26","Information","Microsoft-Windows-WindowsUpdateClient","Windows Update successfully found 0 updates."
"18-08-2026 15:16:26","26","Information","Microsoft-Windows-WindowsUpdateClient","Windows Update successfully found 0 updates."
"18-08-2026 14:56:22","26","Information","Microsoft-Windows-WindowsUpdateClient","Windows Update successfully found 0 updates."
"18-08-2026 14:56:22","26","Information","Microsoft-Windows-WindowsUpdateClient","Windows Update successfully found 0 updates."
"18-08-2026 14:41:19","26","Information","Microsoft-Windows-WindowsUpdateClient","Windows Update successfully found 0 updates."
"18-08-2026 14:41:19","26","Information","Microsoft-Windows-WindowsUpdateClient","Windows Update successfully found 0 updates."
"18-08-2026 14:04:09","41","Information","Microsoft-Windows-WindowsUpdateClient","An update was downloaded."
"18-08-2026 14:04:05","26","Information","Microsoft-Windows-WindowsUpdateClient","Windows Update successfully found 0 updates."
"18-08-2026 14:04:05","26","Information","Microsoft-Windows-WindowsUpdateClient","Windows Update successfully found 1 updates."
"18-08-2026 12:53:07","26","Information","Microsoft-Windows-WindowsUpdateClient","Windows Update successfully found 0 updates."
"18-08-2026 12:52:57","26","Information","Microsoft-Windows-WindowsUpdateClient","Windows Update successfully found 1 updates."
"18-08-2026 12:39:31","26","Information","Microsoft-Windows-WindowsUpdateClient","Windows Update successfully found 0 updates."
"18-08-2026 12:39:31","26","Information","Microsoft-Windows-WindowsUpdateClient","Windows Update successfully found 0 updates."
"18-08-2026 10:40:54","41","Information","Microsoft-Windows-WindowsUpdateClient","An update was downloaded."
"18-08-2026 10:40:54","41","Information","Microsoft-Windows-WindowsUpdateClient","An update was downloaded."
"18-08-2026 10:40:28","26","Information","Microsoft-Windows-WindowsUpdateClient","Windows Update successfully found 2 updates."
"18-08-2026 10:39:31","26","Information","Microsoft-Windows-WindowsUpdateClient","Windows Update successfully found 0 updates."
"18-08-2026 10:39:31","26","Information","Microsoft-Windows-WindowsUpdateClient","Windows Update successfully found 0 updates."
"18-08-2026 10:27:58","26","Information","Microsoft-Windows-WindowsUpdateClient","Windows Update successfully found 0 updates."
"18-08-2026 10:26:47","26","Information","Microsoft-Windows-WindowsUpdateClient","Windows Update successfully found 0 updates."
"18-08-2026 10:26:47","26","Information","Microsoft-Windows-WindowsUpdateClient","Windows Update successfully found 0 updates."
"18-08-2026 09:59:40","41","Information","Microsoft-Windows-WindowsUpdateClient","An update was downloaded."
"18-08-2026 09:59:31","41","Information","Microsoft-Windows-WindowsUpdateClient","An update was downloaded."
"18-08-2026 09:59:09","41","Information","Microsoft-Windows-WindowsUpdateClient","An update was downloaded."
"18-08-2026 09:59:05","41","Information","Microsoft-Windows-WindowsUpdateClient","An update was downloaded."
"18-08-2026 09:59:00","41","Information","Microsoft-Windows-WindowsUpdateClient","An update was downloaded."
"18-08-2026 09:58:49","41","Information","Microsoft-Windows-WindowsUpdateClient","An update was downloaded."
"18-08-2026 09:58:06","26","Information","Microsoft-Windows-WindowsUpdateClient","Windows Update successfully found 3 updates."
"18-08-2026 09:57:09","26","Information","Microsoft-Windows-WindowsUpdateClient","Windows Update successfully found 3 updates."
"18-08-2026 09:57:02","41","Information","Microsoft-Windows-WindowsUpdateClient","An update was downloaded."
"18-08-2026 09:56:52","26","Information","Microsoft-Windows-WindowsUpdateClient","Windows Update successfully found 43 updates."
"18-08-2026 09:56:39","41","Information","Microsoft-Windows-WindowsUpdateClient","An update was downloaded."
"18-08-2026 09:56:33","26","Information","Microsoft-Windows-WindowsUpdateClient","Windows Update successfully found 9 updates."
"18-08-2026 09:56:27","26","Information","Microsoft-Windows-WindowsUpdateClient","Windows Update successfully found 17 updates."
"18-08-2026 09:56:18","26","Information","Microsoft-Windows-WindowsUpdateClient","Windows Update successfully found 2 updates."
"18-08-2026 09:46:04","26","Information","Microsoft-Windows-WindowsUpdateClient","Windows Update successfully found 0 updates."
"18-08-2026 09:45:48","26","Information","Microsoft-Windows-WindowsUpdateClient","Windows Update successfully found 2 updates."
"17-08-2026 19:54:41","41","Information","Microsoft-Windows-WindowsUpdateClient","An update was downloaded."
"17-08-2026 19:54:41","26","Information","Microsoft-Windows-WindowsUpdateClient","Windows Update successfully found 0 updates."
"17-08-2026 19:54:41","26","Information","Microsoft-Windows-WindowsUpdateClient","Windows Update successfully found 1 updates."
"17-08-2026 17:54:46","41","Information","Microsoft-Windows-WindowsUpdateClient","An update was downloaded."
"17-08-2026 17:54:46","26","Information","Microsoft-Windows-WindowsUpdateClient","Windows Update successfully found 0 updates."
"17-08-2026 17:54:46","26","Information","Microsoft-Windows-WindowsUpdateClient","Windows Update successfully found 1 updates."
"17-08-2026 15:55:07","26","Information","Microsoft-Windows-WindowsUpdateClient","Windows Update successfully found 0 updates."
"17-08-2026 15:55:07","26","Information","Microsoft-Windows-WindowsUpdateClient","Windows Update successfully found 0 updates."
"17-08-2026 15:33:11","26","Information","Microsoft-Windows-WindowsUpdateClient","Windows Update successfully found 0 updates."
"17-08-2026 15:33:11","26","Information","Microsoft-Windows-WindowsUpdateClient","Windows Update successfully found 0 updates."
"17-08-2026 13:54:49","41","Information","Microsoft-Windows-WindowsUpdateClient","An update was downloaded."
"17-08-2026 13:54:49","26","Information","Microsoft-Windows-WindowsUpdateClient","Windows Update successfully found 0 updates."
"17-08-2026 13:54:49","26","Information","Microsoft-Windows-WindowsUpdateClient","Windows Update successfully found 1 updates."
"17-08-2026 11:54:58","41","Information","Microsoft-Windows-WindowsUpdateClient","An update was downloaded."
"17-08-2026 11:54:57","26","Information","Microsoft-Windows-WindowsUpdateClient","Windows Update successfully found 0 updates."
"17-08-2026 11:54:57","26","Information","Microsoft-Windows-WindowsUpdateClient","Windows Update successfully found 1 updates."
"17-08-2026 10:02:29","41","Information","Microsoft-Windows-WindowsUpdateClient","An update was downloaded."
"17-08-2026 10:01:53","41","Information","Microsoft-Windows-WindowsUpdateClient","An update was downloaded."
"17-08-2026 10:01:53","41","Information","Microsoft-Windows-WindowsUpdateClient","An update was downloaded."
"17-08-2026 09:54:49","26","Information","Microsoft-Windows-WindowsUpdateClient","Windows Update successfully found 0 updates."
"17-08-2026 09:54:49","26","Information","Microsoft-Windows-WindowsUpdateClient","Windows Update successfully found 0 updates."
"17-08-2026 09:54:31","41","Information","Microsoft-Windows-WindowsUpdateClient","An update was downloaded."
"17-08-2026 09:54:18","41","Information","Microsoft-Windows-WindowsUpdateClient","An update was downloaded."
"17-08-2026 09:54:05","26","Information","Microsoft-Windows-WindowsUpdateClient","Windows Update successfully found 2 updates."
"17-08-2026 09:53:09","26","Information","Microsoft-Windows-WindowsUpdateClient","Windows Update successfully found 2 updates."
"17-08-2026 09:52:51","26","Information","Microsoft-Windows-WindowsUpdateClient","Windows Update successfully found 43 updates."
"17-08-2026 09:52:39","41","Information","Microsoft-Windows-WindowsUpdateClient","An update was downloaded."
"17-08-2026 09:52:26","26","Information","Microsoft-Windows-WindowsUpdateClient","Windows Update successfully found 8 updates."
"17-08-2026 09:52:26","26","Information","Microsoft-Windows-WindowsUpdateClient","Windows Update successfully found 17 updates."
"17-08-2026 09:52:16","26","Information","Microsoft-Windows-WindowsUpdateClient","Windows Update successfully found 1 updates."
"17-08-2026 09:46:24","41","Information","Microsoft-Windows-WindowsUpdateClient","An update was downloaded."
"17-08-2026 09:46:24","41","Information","Microsoft-Windows-WindowsUpdateClient","An update was downloaded."
"17-08-2026 09:46:23","26","Information","Microsoft-Windows-WindowsUpdateClient","Windows Update successfully found 2 updates."
"17-08-2026 09:45:55","41","Information","Microsoft-Windows-WindowsUpdateClient","An update was downloaded."
"17-08-2026 09:45:55","41","Information","Microsoft-Windows-WindowsUpdateClient","An update was downloaded."
"17-08-2026 09:45:51","26","Information","Microsoft-Windows-WindowsUpdateClient","Windows Update successfully found 2 updates."
"17-08-2026 09:41:09","26","Information","Microsoft-Windows-WindowsUpdateClient","Windows Update successfully found 0 updates."
"17-08-2026 09:40:56","26","Information","Microsoft-Windows-WindowsUpdateClient","Windows Update successfully found 1 updates."
"14-08-2026 18:02:03","26","Information","Microsoft-Windows-WindowsUpdateClient","Windows Update successfully found 0 updates."
"14-08-2026 18:02:03","26","Information","Microsoft-Windows-WindowsUpdateClient","Windows Update successfully found 0 updates."
"14-08-2026 16:01:57","26","Information","Microsoft-Windows-WindowsUpdateClient","Windows Update successfully found 0 updates."
"14-08-2026 16:01:57","26","Information","Microsoft-Windows-WindowsUpdateClient","Windows Update successfully found 0 updates."
"14-08-2026 16:01:03","41","Information","Microsoft-Windows-WindowsUpdateClient","An update was downloaded."
"14-08-2026 16:01:01","26","Information","Microsoft-Windows-WindowsUpdateClient","Windows Update successfully found 0 updates."
"14-08-2026 16:01:01","26","Information","Microsoft-Windows-WindowsUpdateClient","Windows Update successfully found 1 updates."
"14-08-2026 14:01:57","26","Information","Microsoft-Windows-WindowsUpdateClient","Windows Update successfully found 0 updates."
"14-08-2026 14:01:57","26","Information","Microsoft-Windows-WindowsUpdateClient","Windows Update successfully found 0 updates."
"14-08-2026 13:52:48","41","Information","Microsoft-Windows-WindowsUpdateClient","An update was downloaded."
"14-08-2026 13:52:40","41","Information","Microsoft-Windows-WindowsUpdateClient","An update was downloaded."
"14-08-2026 13:52:22","41","Information","Microsoft-Windows-WindowsUpdateClient","An update was downloaded."
"14-08-2026 13:52:17","41","Information","Microsoft-Windows-WindowsUpdateClient","An update was downloaded."
"14-08-2026 13:52:17","41","Information","Microsoft-Windows-WindowsUpdateClient","An update was downloaded."
"14-08-2026 13:41:56","41","Information","Microsoft-Windows-WindowsUpdateClient","An update was downloaded."
"14-08-2026 13:41:28","41","Information","Microsoft-Windows-WindowsUpdateClient","An update was downloaded."
"14-08-2026 13:40:28","26","Information","Microsoft-Windows-WindowsUpdateClient","Windows Update successfully found 4 updates."
"14-08-2026 13:39:26","26","Information","Microsoft-Windows-WindowsUpdateClient","Windows Update successfully found 4 updates."
"14-08-2026 13:39:16","41","Information","Microsoft-Windows-WindowsUpdateClient","An update was downloaded."
"14-08-2026 13:39:09","26","Information","Microsoft-Windows-WindowsUpdateClient","Windows Update successfully found 43 updates."
"14-08-2026 13:39:02","26","Information","Microsoft-Windows-WindowsUpdateClient","Windows Update successfully found 17 updates."
"14-08-2026 13:38:44","26","Information","Microsoft-Windows-WindowsUpdateClient","Windows Update successfully found 10 updates."
"14-08-2026 13:38:44","26","Information","Microsoft-Windows-WindowsUpdateClient","Windows Update successfully found 1 updates."
"14-08-2026 13:31:24","41","Information","Microsoft-Windows-WindowsUpdateClient","An update was downloaded."
"14-08-2026 13:31:23","41","Information","Microsoft-Windows-WindowsUpdateClient","An update was downloaded."
"14-08-2026 13:31:02","26","Information","Microsoft-Windows-WindowsUpdateClient","Windows Update successfully found 1 updates."
"13-08-2026 17:17:41","26","Information","Microsoft-Windows-WindowsUpdateClient","Windows Update successfully found 0 updates."
"13-08-2026 17:17:41","26","Information","Microsoft-Windows-WindowsUpdateClient","Windows Update successfully found 0 updates."
"13-08-2026 15:27:37","26","Information","Microsoft-Windows-WindowsUpdateClient","Windows Update successfully found 0 updates."
"13-08-2026 15:27:37","26","Information","Microsoft-Windows-WindowsUpdateClient","Windows Update successfully found 0 updates."
"13-08-2026 15:17:39","26","Information","Microsoft-Windows-WindowsUpdateClient","Windows Update successfully found 0 updates."
"13-08-2026 15:17:39","26","Information","Microsoft-Windows-WindowsUpdateClient","Windows Update successfully found 0 updates."
"13-08-2026 13:45:40","26","Information","Microsoft-Windows-WindowsUpdateClient","Windows Update successfully found 0 updates."
"13-08-2026 13:45:40","26","Information","Microsoft-Windows-WindowsUpdateClient","Windows Update successfully found 0 updates."
"13-08-2026 13:17:40","26","Information","Microsoft-Windows-WindowsUpdateClient","Windows Update successfully found 0 updates."
"13-08-2026 13:17:40","26","Information","Microsoft-Windows-WindowsUpdateClient","Windows Update successfully found 0 updates."
"13-08-2026 12:03:29","41","Information","Microsoft-Windows-WindowsUpdateClient","An update was downloaded."
"13-08-2026 12:02:59","41","Information","Microsoft-Windows-WindowsUpdateClient","An update was downloaded."
"13-08-2026 12:02:59","41","Information","Microsoft-Windows-WindowsUpdateClient","An update was downloaded."
"13-08-2026 12:02:45","41","Information","Microsoft-Windows-WindowsUpdateClient","An update was downloaded."
"13-08-2026 12:00:57","26","Information","Microsoft-Windows-WindowsUpdateClient","Windows Update successfully found 1 updates."
"13-08-2026 11:59:56","26","Information","Microsoft-Windows-WindowsUpdateClient","Windows Update successfully found 1 updates."
"13-08-2026 11:59:36","26","Information","Microsoft-Windows-WindowsUpdateClient","Windows Update successfully found 40 updates."
"13-08-2026 11:59:10","26","Information","Microsoft-Windows-WindowsUpdateClient","Windows Update successfully found 7 updates."
"13-08-2026 11:17:40","26","Information","Microsoft-Windows-WindowsUpdateClient","Windows Update successfully found 0 updates."
"13-08-2026 11:17:40","26","Information","Microsoft-Windows-WindowsUpdateClient","Windows Update successfully found 0 updates."
"13-08-2026 09:29:39","26","Information","Microsoft-Windows-WindowsUpdateClient","Windows Update successfully found 17 updates."
"13-08-2026 09:29:29","26","Information","Microsoft-Windows-WindowsUpdateClient","Windows Update successfully found 0 updates."
"13-08-2026 09:26:46","26","Information","Microsoft-Windows-WindowsUpdateClient","Windows Update successfully found 0 updates."
"13-08-2026 09:26:33","26","Information","Microsoft-Windows-WindowsUpdateClient","Windows Update successfully found 0 updates."
"13-08-2026 09:17:57","41","Information","Microsoft-Windows-WindowsUpdateClient","An update was downloaded."
"13-08-2026 09:17:50","26","Information","Microsoft-Windows-WindowsUpdateClient","Windows Update successfully found 0 updates."
"13-08-2026 09:17:50","26","Information","Microsoft-Windows-WindowsUpdateClient","Windows Update successfully found 1 updates."
"13-08-2026 09:16:51","41","Information","Microsoft-Windows-WindowsUpdateClient","An update was downloaded."
"13-08-2026 09:16:33","26","Information","Microsoft-Windows-WindowsUpdateClient","Windows Update successfully found 1 updates."
"12-08-2026 18:29:47","41","Information","Microsoft-Windows-WindowsUpdateClient","An update was downloaded."
"12-08-2026 18:29:30","26","Information","Microsoft-Windows-WindowsUpdateClient","Windows Update successfully found 0 updates."
"12-08-2026 18:29:30","26","Information","Microsoft-Windows-WindowsUpdateClient","Windows Update successfully found 1 updates."
"12-08-2026 18:00:12","26","Information","Microsoft-Windows-WindowsUpdateClient","Windows Update successfully found 0 updates."
"12-08-2026 17:59:59","26","Information","Microsoft-Windows-WindowsUpdateClient","Windows Update successfully found 1 updates."
"12-08-2026 16:29:22","26","Information","Microsoft-Windows-WindowsUpdateClient","Windows Update successfully found 0 updates."
"12-08-2026 16:29:22","26","Information","Microsoft-Windows-WindowsUpdateClient","Windows Update successfully found 0 updates."
"12-08-2026 15:35:48","41","Information","Microsoft-Windows-WindowsUpdateClient","An update was downloaded."
"12-08-2026 15:35:29","26","Information","Microsoft-Windows-WindowsUpdateClient","Windows Update successfully found 17 updates."
"12-08-2026 15:32:16","26","Information","Microsoft-Windows-WindowsUpdateClient","Windows Update successfully found 1 updates."
"12-08-2026 14:49:29","26","Information","Microsoft-Windows-WindowsUpdateClient","Windows Update successfully found 0 updates."
"12-08-2026 14:49:29","26","Information","Microsoft-Windows-WindowsUpdateClient","Windows Update successfully found 0 updates."
"12-08-2026 14:29:22","26","Information","Microsoft-Windows-WindowsUpdateClient","Windows Update successfully found 0 updates."
"12-08-2026 14:29:22","26","Information","Microsoft-Windows-WindowsUpdateClient","Windows Update successfully found 0 updates."
"12-08-2026 12:29:58","41","Information","Microsoft-Windows-WindowsUpdateClient","An update was downloaded."
"12-08-2026 12:29:28","26","Information","Microsoft-Windows-WindowsUpdateClient","Windows Update successfully found 0 updates."
"12-08-2026 12:29:28","26","Information","Microsoft-Windows-WindowsUpdateClient","Windows Update successfully found 1 updates."
"12-08-2026 10:53:48","41","Information","Microsoft-Windows-WindowsUpdateClient","An update was downloaded."
"12-08-2026 10:48:59","41","Information","Microsoft-Windows-WindowsUpdateClient","An update was downloaded."
"12-08-2026 10:48:16","41","Information","Microsoft-Windows-WindowsUpdateClient","An update was downloaded."
"12-08-2026 10:47:51","41","Information","Microsoft-Windows-WindowsUpdateClient","An update was downloaded."
"12-08-2026 10:47:44","41","Information","Microsoft-Windows-WindowsUpdateClient","An update was downloaded."
"12-08-2026 10:46:42","26","Information","Microsoft-Windows-WindowsUpdateClient","Windows Update successfully found 2 updates."
"12-08-2026 10:45:47","26","Information","Microsoft-Windows-WindowsUpdateClient","Windows Update successfully found 2 updates."
"12-08-2026 10:45:30","26","Information","Microsoft-Windows-WindowsUpdateClient","Windows Update successfully found 40 updates."
"12-08-2026 10:45:11","26","Information","Microsoft-Windows-WindowsUpdateClient","Windows Update successfully found 8 updates."
"12-08-2026 10:29:57","41","Information","Microsoft-Windows-WindowsUpdateClient","An update was downloaded."
"12-08-2026 10:29:27","26","Information","Microsoft-Windows-WindowsUpdateClient","Windows Update successfully found 0 updates."
"12-08-2026 10:29:27","26","Information","Microsoft-Windows-WindowsUpdateClient","Windows Update successfully found 1 updates."
"12-08-2026 09:48:14","41","Information","Microsoft-Windows-WindowsUpdateClient","An update was downloaded."
"12-08-2026 09:47:27","26","Information","Microsoft-Windows-WindowsUpdateClient","Windows Update successfully found 1 updates."
"12-08-2026 09:14:06","26","Information","Microsoft-Windows-WindowsUpdateClient","Windows Update successfully found 0 updates."
"12-08-2026 09:13:56","26","Information","Microsoft-Windows-WindowsUpdateClient","Windows Update successfully found 1 updates."
"12-08-2026 08:56:40","41","Information","Microsoft-Windows-WindowsUpdateClient","An update was downloaded."
"12-08-2026 08:56:11","26","Information","Microsoft-Windows-WindowsUpdateClient","Windows Update successfully found 1 updates."
"12-08-2026 03:29:01","41","Information","Microsoft-Windows-WindowsUpdateClient","An update was downloaded."
"12-08-2026 03:28:55","26","Information","Microsoft-Windows-WindowsUpdateClient","Windows Update successfully found 17 updates."
"12-08-2026 03:28:43","26","Information","Microsoft-Windows-WindowsUpdateClient","Windows Update successfully found 1 updates."
"11-08-2026 18:12:57","41","Information","Microsoft-Windows-WindowsUpdateClient","An update was downloaded."
"11-08-2026 18:12:57","26","Information","Microsoft-Windows-WindowsUpdateClient","Windows Update successfully found 0 updates."
"11-08-2026 18:12:57","26","Information","Microsoft-Windows-WindowsUpdateClient","Windows Update successfully found 1 updates."
"11-08-2026 16:13:26","41","Information","Microsoft-Windows-WindowsUpdateClient","An update was downloaded."
"11-08-2026 16:13:26","26","Information","Microsoft-Windows-WindowsUpdateClient","Windows Update successfully found 0 updates."
"11-08-2026 16:13:26","26","Information","Microsoft-Windows-WindowsUpdateClient","Windows Update successfully found 1 updates."
"11-08-2026 14:49:53","26","Information","Microsoft-Windows-WindowsUpdateClient","Windows Update successfully found 0 updates."
"11-08-2026 14:49:53","26","Information","Microsoft-Windows-WindowsUpdateClient","Windows Update successfully found 0 updates."
"11-08-2026 14:30:31","26","Information","Microsoft-Windows-WindowsUpdateClient","Windows Update successfully found 0 updates."
"11-08-2026 14:30:18","26","Information","Microsoft-Windows-WindowsUpdateClient","Windows Update successfully found 0 updates."
"11-08-2026 14:13:02","26","Information","Microsoft-Windows-WindowsUpdateClient","Windows Update successfully found 0 updates."
"11-08-2026 14:13:02","26","Information","Microsoft-Windows-WindowsUpdateClient","Windows Update successfully found 0 updates."
"11-08-2026 12:13:05","41","Information","Microsoft-Windows-WindowsUpdateClient","An update was downloaded."
"11-08-2026 12:12:59","26","Information","Microsoft-Windows-WindowsUpdateClient","Windows Update successfully found 0 updates."
"11-08-2026 12:12:59","26","Information","Microsoft-Windows-WindowsUpdateClient","Windows Update successfully found 1 updates."
"11-08-2026 11:57:56","26","Information","Microsoft-Windows-WindowsUpdateClient","Windows Update successfully found 0 updates."
"11-08-2026 11:57:56","26","Information","Microsoft-Windows-WindowsUpdateClient","Windows Update successfully found 0 updates."
"11-08-2026 11:01:56","26","Information","Microsoft-Windows-WindowsUpdateClient","Windows Update successfully found 0 updates."
"11-08-2026 10:44:59","41","Information","Microsoft-Windows-WindowsUpdateClient","An update was downloaded."
"11-08-2026 10:44:54","41","Information","Microsoft-Windows-WindowsUpdateClient","An update was downloaded."
"11-08-2026 10:44:35","41","Information","Microsoft-Windows-WindowsUpdateClient","An update was downloaded."
"11-08-2026 10:44:28","41","Information","Microsoft-Windows-WindowsUpdateClient","An update was downloaded."
"11-08-2026 10:44:23","41","Information","Microsoft-Windows-WindowsUpdateClient","An update was downloaded."
"11-08-2026 10:44:11","41","Information","Microsoft-Windows-WindowsUpdateClient","An update was downloaded."
"11-08-2026 10:43:54","26","Information","Microsoft-Windows-WindowsUpdateClient","Windows Update successfully found 2 updates."
"11-08-2026 10:42:28","26","Information","Microsoft-Windows-WindowsUpdateClient","Windows Update successfully found 2 updates."
"11-08-2026 10:42:05","26","Information","Microsoft-Windows-WindowsUpdateClient","Windows Update successfully found 40 updates."
"11-08-2026 10:41:38","26","Information","Microsoft-Windows-WindowsUpdateClient","Windows Update successfully found 9 updates."
"11-08-2026 09:57:27","41","Information","Microsoft-Windows-WindowsUpdateClient","An update was downloaded."
"11-08-2026 09:57:27","26","Information","Microsoft-Windows-WindowsUpdateClient","Windows Update successfully found 0 updates."
"11-08-2026 09:57:27","26","Information","Microsoft-Windows-WindowsUpdateClient","Windows Update successfully found 1 updates."
"11-08-2026 09:22:03","26","Information","Microsoft-Windows-WindowsUpdateClient","Windows Update successfully found 0 updates."
"11-08-2026 09:21:52","26","Information","Microsoft-Windows-WindowsUpdateClient","Windows Update successfully found 1 updates."
"11-08-2026 09:11:43","41","Information","Microsoft-Windows-WindowsUpdateClient","An update was downloaded."
"11-08-2026 09:11:42","26","Information","Microsoft-Windows-WindowsUpdateClient","Windows Update successfully found 1 updates."
"11-08-2026 06:06:32","41","Information","Microsoft-Windows-WindowsUpdateClient","An update was downloaded."
"11-08-2026 06:06:32","41","Information","Microsoft-Windows-WindowsUpdateClient","An update was downloaded."
"11-08-2026 06:06:19","41","Information","Microsoft-Windows-WindowsUpdateClient","An update was downloaded."
"11-08-2026 06:06:14","26","Information","Microsoft-Windows-WindowsUpdateClient","Windows Update successfully found 19 updates."
"11-08-2026 06:05:42","26","Information","Microsoft-Windows-WindowsUpdateClient","Windows Update successfully found 1 updates."
"10-08-2026 17:46:49","41","Information","Microsoft-Windows-WindowsUpdateClient","An update was downloaded."
"10-08-2026 17:46:49","26","Information","Microsoft-Windows-WindowsUpdateClient","Windows Update successfully found 0 updates."
"10-08-2026 17:46:49","26","Information","Microsoft-Windows-WindowsUpdateClient","Windows Update successfully found 1 updates."
"10-08-2026 15:46:44","26","Information","Microsoft-Windows-WindowsUpdateClient","Windows Update successfully found 0 updates."
"10-08-2026 15:46:44","26","Information","Microsoft-Windows-WindowsUpdateClient","Windows Update successfully found 0 updates."
"10-08-2026 15:14:13","26","Information","Microsoft-Windows-WindowsUpdateClient","Windows Update successfully found 0 updates."
"10-08-2026 15:14:13","26","Information","Microsoft-Windows-WindowsUpdateClient","Windows Update successfully found 0 updates."
"10-08-2026 13:47:21","41","Information","Microsoft-Windows-WindowsUpdateClient","An update was downloaded."
"10-08-2026 13:47:21","26","Information","Microsoft-Windows-WindowsUpdateClient","Windows Update successfully found 0 updates."
"10-08-2026 13:47:21","26","Information","Microsoft-Windows-WindowsUpdateClient","Windows Update successfully found 1 updates."
"10-08-2026 12:56:53","26","Information","Microsoft-Windows-WindowsUpdateClient","Windows Update successfully found 0 updates."
"10-08-2026 12:56:42","26","Information","Microsoft-Windows-WindowsUpdateClient","Windows Update successfully found 0 updates."
"10-08-2026 11:46:47","41","Information","Microsoft-Windows-WindowsUpdateClient","An update was downloaded."
"10-08-2026 11:46:47","26","Information","Microsoft-Windows-WindowsUpdateClient","Windows Update successfully found 0 updates."
"10-08-2026 11:46:47","26","Information","Microsoft-Windows-WindowsUpdateClient","Windows Update successfully found 1 updates."
"10-08-2026 11:04:28","41","Information","Microsoft-Windows-WindowsUpdateClient","An update was downloaded."
"10-08-2026 10:22:33","41","Information","Microsoft-Windows-WindowsUpdateClient","An update was downloaded."
"10-08-2026 10:22:20","41","Information","Microsoft-Windows-WindowsUpdateClient","An update was downloaded."
"10-08-2026 10:22:20","41","Information","Microsoft-Windows-WindowsUpdateClient","An update was downloaded."
"10-08-2026 09:58:31","26","Information","Microsoft-Windows-WindowsUpdateClient","Windows Update successfully found 0 updates."
"10-08-2026 09:57:34","26","Information","Microsoft-Windows-WindowsUpdateClient","Windows Update successfully found 0 updates."
"10-08-2026 09:57:34","26","Information","Microsoft-Windows-WindowsUpdateClient","Windows Update successfully found 0 updates."
"10-08-2026 09:57:22","26","Information","Microsoft-Windows-WindowsUpdateClient","Windows Update successfully found 0 updates."
"10-08-2026 09:57:22","26","Information","Microsoft-Windows-WindowsUpdateClient","Windows Update successfully found 40 updates."
"10-08-2026 09:57:15","26","Information","Microsoft-Windows-WindowsUpdateClient","Windows Update successfully found 19 updates."
"10-08-2026 09:57:02","26","Information","Microsoft-Windows-WindowsUpdateClient","Windows Update successfully found 7 updates."
"10-08-2026 09:57:02","26","Information","Microsoft-Windows-WindowsUpdateClient","Windows Update successfully found 0 updates."
"10-08-2026 09:56:45","26","Information","Microsoft-Windows-WindowsUpdateClient","Windows Update successfully found 0 updates."
"10-08-2026 09:56:27","26","Information","Microsoft-Windows-WindowsUpdateClient","Windows Update successfully found 0 updates."
"10-08-2026 09:56:21","26","Information","Microsoft-Windows-WindowsUpdateClient","Windows Update successfully found 0 updates."
"10-08-2026 09:56:04","26","Information","Microsoft-Windows-WindowsUpdateClient","Windows Update successfully found 0 updates."
"10-08-2026 09:49:26","41","Information","Microsoft-Windows-WindowsUpdateClient","An update was downloaded."
"10-08-2026 09:49:26","26","Information","Microsoft-Windows-WindowsUpdateClient","Windows Update successfully found 1 updates."
"10-08-2026 09:48:29","41","Information","Microsoft-Windows-WindowsUpdateClient","An update was downloaded."
"10-08-2026 09:48:27","26","Information","Microsoft-Windows-WindowsUpdateClient","Windows Update successfully found 1 updates."
"10-08-2026 09:47:55","41","Information","Microsoft-Windows-WindowsUpdateClient","An update was downloaded."
"10-08-2026 09:47:50","26","Information","Microsoft-Windows-WindowsUpdateClient","Windows Update successfully found 0 updates."
"10-08-2026 09:47:50","26","Information","Microsoft-Windows-WindowsUpdateClient","Windows Update successfully found 1 updates."
"10-08-2026 09:45:22","26","Information","Microsoft-Windows-WindowsUpdateClient","Windows Update successfully found 0 updates."
"10-08-2026 09:37:25","26","Information","Microsoft-Windows-WindowsUpdateClient","Windows Update successfully found 0 updates."
"10-08-2026 09:37:17","26","Information","Microsoft-Windows-WindowsUpdateClient","Windows Update successfully found 0 updates."
"10-08-2026 09:37:17","26","Information","Microsoft-Windows-WindowsUpdateClient","Windows Update successfully found 0 updates."
"10-08-2026 09:37:10","26","Information","Microsoft-Windows-WindowsUpdateClient","Windows Update successfully found 0 updates."
"07-08-2026 16:46:10","26","Information","Microsoft-Windows-WindowsUpdateClient","Windows Update successfully found 0 updates."
"07-08-2026 16:46:10","26","Information","Microsoft-Windows-WindowsUpdateClient","Windows Update successfully found 0 updates."
"07-08-2026 16:35:38","41","Information","Microsoft-Windows-WindowsUpdateClient","An update was downloaded."
"07-08-2026 16:35:38","26","Information","Microsoft-Windows-WindowsUpdateClient","Windows Update successfully found 0 updates."
"07-08-2026 16:35:38","26","Information","Microsoft-Windows-WindowsUpdateClient","Windows Update successfully found 1 updates."
"07-08-2026 14:35:37","26","Information","Microsoft-Windows-WindowsUpdateClient","Windows Update successfully found 0 updates."
"07-08-2026 14:35:37","26","Information","Microsoft-Windows-WindowsUpdateClient","Windows Update successfully found 0 updates."
"07-08-2026 13:54:07","26","Information","Microsoft-Windows-WindowsUpdateClient","Windows Update successfully found 0 updates."
"07-08-2026 13:54:07","26","Information","Microsoft-Windows-WindowsUpdateClient","Windows Update successfully found 0 updates."
"07-08-2026 12:35:37","26","Information","Microsoft-Windows-WindowsUpdateClient","Windows Update successfully found 0 updates."
"07-08-2026 12:35:37","26","Information","Microsoft-Windows-WindowsUpdateClient","Windows Update successfully found 0 updates."
"07-08-2026 10:35:36","26","Information","Microsoft-Windows-WindowsUpdateClient","Windows Update successfully found 0 updates."
"07-08-2026 10:35:36","26","Information","Microsoft-Windows-WindowsUpdateClient","Windows Update successfully found 0 updates."
"07-08-2026 10:28:49","41","Information","Microsoft-Windows-WindowsUpdateClient","An update was downloaded."
"07-08-2026 10:28:24","41","Information","Microsoft-Windows-WindowsUpdateClient","An update was downloaded."
"07-08-2026 10:28:05","41","Information","Microsoft-Windows-WindowsUpdateClient","An update was downloaded."
"07-08-2026 10:27:56","41","Information","Microsoft-Windows-WindowsUpdateClient","An update was downloaded."
"07-08-2026 10:27:46","41","Information","Microsoft-Windows-WindowsUpdateClient","An update was downloaded."
"07-08-2026 10:27:46","41","Information","Microsoft-Windows-WindowsUpdateClient","An update was downloaded."
"07-08-2026 10:27:29","41","Information","Microsoft-Windows-WindowsUpdateClient","An update was downloaded."
"07-08-2026 10:27:07","26","Information","Microsoft-Windows-WindowsUpdateClient","Windows Update successfully found 3 updates."
"07-08-2026 10:25:47","26","Information","Microsoft-Windows-WindowsUpdateClient","Windows Update successfully found 3 updates."
"07-08-2026 10:25:22","26","Information","Microsoft-Windows-WindowsUpdateClient","Windows Update successfully found 40 updates."
"07-08-2026 10:24:57","26","Information","Microsoft-Windows-WindowsUpdateClient","Windows Update successfully found 10 updates."
"07-08-2026 10:06:32","26","Information","Microsoft-Windows-WindowsUpdateClient","Windows Update successfully found 6 updates."
"07-08-2026 10:06:12","26","Information","Microsoft-Windows-WindowsUpdateClient","Windows Update successfully found 0 updates."
"07-08-2026 09:18:54","41","Information","Microsoft-Windows-WindowsUpdateClient","An update was downloaded."
"07-08-2026 09:18:54","26","Information","Microsoft-Windows-WindowsUpdateClient","Windows Update successfully found 20 updates."
"07-08-2026 09:18:37","26","Information","Microsoft-Windows-WindowsUpdateClient","Windows Update successfully found 1 updates."
"06-08-2026 18:23:22","41","Information","Microsoft-Windows-WindowsUpdateClient","An update was downloaded."
"06-08-2026 18:23:22","26","Information","Microsoft-Windows-WindowsUpdateClient","Windows Update successfully found 0 updates."
"06-08-2026 18:23:22","26","Information","Microsoft-Windows-WindowsUpdateClient","Windows Update successfully found 1 updates."
"06-08-2026 16:23:00","26","Information","Microsoft-Windows-WindowsUpdateClient","Windows Update successfully found 0 updates."
"06-08-2026 16:23:00","26","Information","Microsoft-Windows-WindowsUpdateClient","Windows Update successfully found 0 updates."
"06-08-2026 14:54:56","26","Information","Microsoft-Windows-WindowsUpdateClient","Windows Update successfully found 0 updates."
"06-08-2026 14:54:56","26","Information","Microsoft-Windows-WindowsUpdateClient","Windows Update successfully found 0 updates."
"06-08-2026 14:30:23","26","Information","Microsoft-Windows-WindowsUpdateClient","Windows Update successfully found 0 updates."
"06-08-2026 14:30:13","26","Information","Microsoft-Windows-WindowsUpdateClient","Windows Update successfully found 0 updates."
"06-08-2026 14:30:03","26","Information","Microsoft-Windows-WindowsUpdateClient","Windows Update successfully found 0 updates."
"06-08-2026 14:29:51","26","Information","Microsoft-Windows-WindowsUpdateClient","Windows Update successfully found 0 updates."
"06-08-2026 14:23:12","41","Information","Microsoft-Windows-WindowsUpdateClient","An update was downloaded."
"06-08-2026 14:23:12","26","Information","Microsoft-Windows-WindowsUpdateClient","Windows Update successfully found 0 updates."
"06-08-2026 14:23:12","26","Information","Microsoft-Windows-WindowsUpdateClient","Windows Update successfully found 1 updates."
"06-08-2026 12:22:59","41","Information","Microsoft-Windows-WindowsUpdateClient","An update was downloaded."
"06-08-2026 12:22:57","26","Information","Microsoft-Windows-WindowsUpdateClient","Windows Update successfully found 0 updates."
"06-08-2026 12:22:57","26","Information","Microsoft-Windows-WindowsUpdateClient","Windows Update successfully found 1 updates."
"06-08-2026 10:40:17","41","Information","Microsoft-Windows-WindowsUpdateClient","An update was downloaded."
"06-08-2026 10:40:10","41","Information","Microsoft-Windows-WindowsUpdateClient","An update was downloaded."
"06-08-2026 10:40:02","41","Information","Microsoft-Windows-WindowsUpdateClient","An update was downloaded."
"06-08-2026 10:39:52","41","Information","Microsoft-Windows-WindowsUpdateClient","An update was downloaded."
"06-08-2026 10:24:25","41","Information","Microsoft-Windows-WindowsUpdateClient","An update was downloaded."
"06-08-2026 10:24:19","41","Information","Microsoft-Windows-WindowsUpdateClient","An update was downloaded."
"06-08-2026 10:23:47","26","Information","Microsoft-Windows-WindowsUpdateClient","Windows Update successfully found 1 updates."
"06-08-2026 10:22:54","26","Information","Microsoft-Windows-WindowsUpdateClient","Windows Update successfully found 0 updates."
"06-08-2026 10:22:54","26","Information","Microsoft-Windows-WindowsUpdateClient","Windows Update successfully found 0 updates."
"06-08-2026 10:01:19","26","Information","Microsoft-Windows-WindowsUpdateClient","Windows Update successfully found 1 updates."
"06-08-2026 10:00:25","26","Information","Microsoft-Windows-WindowsUpdateClient","Windows Update successfully found 1 updates."
"06-08-2026 10:00:10","26","Information","Microsoft-Windows-WindowsUpdateClient","Windows Update successfully found 40 updates."
"06-08-2026 09:59:51","26","Information","Microsoft-Windows-WindowsUpdateClient","Windows Update successfully found 8 updates."
"06-08-2026 09:54:58","41","Information","Microsoft-Windows-WindowsUpdateClient","An update was downloaded."
"06-08-2026 09:54:58","26","Information","Microsoft-Windows-WindowsUpdateClient","Windows Update successfully found 20 updates."
"06-08-2026 09:54:47","26","Information","Microsoft-Windows-WindowsUpdateClient","Windows Update successfully found 1 updates."
"06-08-2026 09:44:54","26","Information","Microsoft-Windows-WindowsUpdateClient","Windows Update successfully found 6 updates."
"06-08-2026 09:44:30","26","Information","Microsoft-Windows-WindowsUpdateClient","Windows Update successfully found 1 updates."
"05-08-2026 20:20:54","41","Information","Microsoft-Windows-WindowsUpdateClient","An update was downloaded."
"05-08-2026 20:20:54","26","Information","Microsoft-Windows-WindowsUpdateClient","Windows Update successfully found 0 updates."
"05-08-2026 20:20:54","26","Information","Microsoft-Windows-WindowsUpdateClient","Windows Update successfully found 1 updates."
"05-08-2026 18:21:03","41","Information","Microsoft-Windows-WindowsUpdateClient","An update was downloaded."
"05-08-2026 18:21:03","26","Information","Microsoft-Windows-WindowsUpdateClient","Windows Update successfully found 0 updates."
"05-08-2026 18:21:03","26","Information","Microsoft-Windows-WindowsUpdateClient","Windows Update successfully found 1 updates."
"05-08-2026 16:20:42","26","Information","Microsoft-Windows-WindowsUpdateClient","Windows Update successfully found 0 updates."
"05-08-2026 16:20:42","26","Information","Microsoft-Windows-WindowsUpdateClient","Windows Update successfully found 0 updates."
"05-08-2026 15:48:55","26","Information","Microsoft-Windows-WindowsUpdateClient","Windows Update successfully found 0 updates."
"05-08-2026 15:48:55","26","Information","Microsoft-Windows-WindowsUpdateClient","Windows Update successfully found 0 updates."
"05-08-2026 14:30:37","26","Information","Microsoft-Windows-WindowsUpdateClient","Windows Update successfully found 0 updates."
"05-08-2026 14:30:37","26","Information","Microsoft-Windows-WindowsUpdateClient","Windows Update successfully found 0 updates."
"05-08-2026 14:20:38","26","Information","Microsoft-Windows-WindowsUpdateClient","Windows Update successfully found 0 updates."
"05-08-2026 14:20:38","26","Information","Microsoft-Windows-WindowsUpdateClient","Windows Update successfully found 0 updates."
"05-08-2026 12:20:50","41","Information","Microsoft-Windows-WindowsUpdateClient","An update was downloaded."
"05-08-2026 12:20:40","26","Information","Microsoft-Windows-WindowsUpdateClient","Windows Update successfully found 0 updates."
"05-08-2026 12:20:40","26","Information","Microsoft-Windows-WindowsUpdateClient","Windows Update successfully found 1 updates."
"05-08-2026 11:38:32","41","Information","Microsoft-Windows-WindowsUpdateClient","An update was downloaded."
"05-08-2026 11:38:06","41","Information","Microsoft-Windows-WindowsUpdateClient","An update was downloaded."
"05-08-2026 11:38:06","41","Information","Microsoft-Windows-WindowsUpdateClient","An update was downloaded."
"05-08-2026 11:38:00","41","Information","Microsoft-Windows-WindowsUpdateClient","An update was downloaded."
"05-08-2026 11:37:51","41","Information","Microsoft-Windows-WindowsUpdateClient","An update was downloaded."
"05-08-2026 11:37:51","41","Information","Microsoft-Windows-WindowsUpdateClient","An update was downloaded."
"05-08-2026 11:37:26","41","Information","Microsoft-Windows-WindowsUpdateClient","An update was downloaded."
"05-08-2026 10:41:33","41","Information","Microsoft-Windows-WindowsUpdateClient","An update was downloaded."
"05-08-2026 10:41:32","26","Information","Microsoft-Windows-WindowsUpdateClient","Windows Update successfully found 1 updates."
"05-08-2026 10:34:25","26","Information","Microsoft-Windows-WindowsUpdateClient","Windows Update successfully found 7 updates."
"05-08-2026 10:34:15","26","Information","Microsoft-Windows-WindowsUpdateClient","Windows Update successfully found 0 updates."
"05-08-2026 10:21:03","41","Information","Microsoft-Windows-WindowsUpdateClient","An update was downloaded."
"05-08-2026 10:21:00","26","Information","Microsoft-Windows-WindowsUpdateClient","Windows Update successfully found 0 updates."
"05-08-2026 10:21:00","26","Information","Microsoft-Windows-WindowsUpdateClient","Windows Update successfully found 1 updates."
"05-08-2026 09:56:04","26","Information","Microsoft-Windows-WindowsUpdateClient","Windows Update successfully found 2 updates."
"05-08-2026 09:55:03","26","Information","Microsoft-Windows-WindowsUpdateClient","Windows Update successfully found 2 updates."
"05-08-2026 09:54:47","26","Information","Microsoft-Windows-WindowsUpdateClient","Windows Update successfully found 40 updates."
"05-08-2026 09:54:28","26","Information","Microsoft-Windows-WindowsUpdateClient","Windows Update successfully found 9 updates."
"05-08-2026 09:40:44","41","Information","Microsoft-Windows-WindowsUpdateClient","An update was downloaded."
"05-08-2026 09:40:41","26","Information","Microsoft-Windows-WindowsUpdateClient","Windows Update successfully found 18 updates."
"05-08-2026 09:40:31","41","Information","Microsoft-Windows-WindowsUpdateClient","An update was downloaded."
"05-08-2026 09:40:31","26","Information","Microsoft-Windows-WindowsUpdateClient","Windows Update successfully found 1 updates."
"05-08-2026 09:40:18","26","Information","Microsoft-Windows-WindowsUpdateClient","Windows Update successfully found 1 updates."
"04-08-2026 18:19:50","26","Information","Microsoft-Windows-WindowsUpdateClient","Windows Update successfully found 0 updates."
"04-08-2026 18:19:50","26","Information","Microsoft-Windows-WindowsUpdateClient","Windows Update successfully found 0 updates."
"04-08-2026 16:22:18","26","Information","Microsoft-Windows-WindowsUpdateClient","Windows Update successfully found 6 updates."
"04-08-2026 16:22:07","26","Information","Microsoft-Windows-WindowsUpdateClient","Windows Update successfully found 0 updates."
"04-08-2026 16:19:49","41","Information","Microsoft-Windows-WindowsUpdateClient","An update was downloaded."
"04-08-2026 16:19:49","26","Information","Microsoft-Windows-WindowsUpdateClient","Windows Update successfully found 0 updates."
"04-08-2026 16:19:49","26","Information","Microsoft-Windows-WindowsUpdateClient","Windows Update successfully found 1 updates."
"04-08-2026 15:23:30","26","Information","Microsoft-Windows-WindowsUpdateClient","Windows Update successfully found 0 updates."
"04-08-2026 15:23:30","26","Information","Microsoft-Windows-WindowsUpdateClient","Windows Update successfully found 0 updates."
"04-08-2026 15:07:26","26","Information","Microsoft-Windows-WindowsUpdateClient","Windows Update successfully found 0 updates."
"04-08-2026 14:19:56","41","Information","Microsoft-Windows-WindowsUpdateClient","An update was downloaded."
"04-08-2026 14:19:54","26","Information","Microsoft-Windows-WindowsUpdateClient","Windows Update successfully found 0 updates."
"04-08-2026 14:19:54","26","Information","Microsoft-Windows-WindowsUpdateClient","Windows Update successfully found 1 updates."
"04-08-2026 12:20:18","26","Information","Microsoft-Windows-WindowsUpdateClient","Windows Update successfully found 0 updates."
"04-08-2026 12:20:18","26","Information","Microsoft-Windows-WindowsUpdateClient","Windows Update successfully found 0 updates."
"04-08-2026 10:20:13","41","Information","Microsoft-Windows-WindowsUpdateClient","An update was downloaded."
"04-08-2026 10:20:06","26","Information","Microsoft-Windows-WindowsUpdateClient","Windows Update successfully found 0 updates."
"04-08-2026 10:20:06","26","Information","Microsoft-Windows-WindowsUpdateClient","Windows Update successfully found 1 updates."
"04-08-2026 10:14:36","41","Information","Microsoft-Windows-WindowsUpdateClient","An update was downloaded."
"04-08-2026 10:14:29","41","Information","Microsoft-Windows-WindowsUpdateClient","An update was downloaded."
"04-08-2026 10:14:27","41","Information","Microsoft-Windows-WindowsUpdateClient","An update was downloaded."
"04-08-2026 10:14:09","41","Information","Microsoft-Windows-WindowsUpdateClient","An update was downloaded."
"04-08-2026 10:14:04","41","Information","Microsoft-Windows-WindowsUpdateClient","An update was downloaded."
"04-08-2026 09:52:54","26","Information","Microsoft-Windows-WindowsUpdateClient","Windows Update successfully found 1 updates."
"04-08-2026 09:52:00","26","Information","Microsoft-Windows-WindowsUpdateClient","Windows Update successfully found 1 updates."
"04-08-2026 09:51:44","26","Information","Microsoft-Windows-WindowsUpdateClient","Windows Update successfully found 40 updates."
"04-08-2026 09:51:26","26","Information","Microsoft-Windows-WindowsUpdateClient","Windows Update successfully found 8 updates."
"04-08-2026 09:10:21","41","Information","Microsoft-Windows-WindowsUpdateClient","An update was downloaded."
"04-08-2026 09:10:20","26","Information","Microsoft-Windows-WindowsUpdateClient","Windows Update successfully found 16 updates."
"04-08-2026 09:10:07","26","Information","Microsoft-Windows-WindowsUpdateClient","Windows Update successfully found 1 updates."
"03-08-2026 17:37:40","41","Information","Microsoft-Windows-WindowsUpdateClient","An update was downloaded."
"03-08-2026 17:37:37","26","Information","Microsoft-Windows-WindowsUpdateClient","Windows Update successfully found 0 updates."
"03-08-2026 17:37:37","26","Information","Microsoft-Windows-WindowsUpdateClient","Windows Update successfully found 1 updates."
"03-08-2026 16:42:39","26","Information","Microsoft-Windows-WindowsUpdateClient","Windows Update successfully found 6 updates."
"03-08-2026 16:41:58","26","Information","Microsoft-Windows-WindowsUpdateClient","Windows Update successfully found 1 updates."
"03-08-2026 15:37:17","26","Information","Microsoft-Windows-WindowsUpdateClient","Windows Update successfully found 0 updates."
"03-08-2026 15:37:17","26","Information","Microsoft-Windows-WindowsUpdateClient","Windows Update successfully found 0 updates."
"03-08-2026 15:06:22","26","Information","Microsoft-Windows-WindowsUpdateClient","Windows Update successfully found 0 updates."
"03-08-2026 15:06:22","26","Information","Microsoft-Windows-WindowsUpdateClient","Windows Update successfully found 0 updates."
"03-08-2026 13:36:30","41","Information","Microsoft-Windows-WindowsUpdateClient","An update was downloaded."
"03-08-2026 13:36:30","26","Information","Microsoft-Windows-WindowsUpdateClient","Windows Update successfully found 0 updates."
"03-08-2026 13:36:30","26","Information","Microsoft-Windows-WindowsUpdateClient","Windows Update successfully found 1 updates."
"03-08-2026 11:36:51","41","Information","Microsoft-Windows-WindowsUpdateClient","An update was downloaded."
"03-08-2026 11:36:46","26","Information","Microsoft-Windows-WindowsUpdateClient","Windows Update successfully found 0 updates."
"03-08-2026 11:36:46","26","Information","Microsoft-Windows-WindowsUpdateClient","Windows Update successfully found 1 updates."
"03-08-2026 09:45:21","41","Information","Microsoft-Windows-WindowsUpdateClient","An update was downloaded."
"03-08-2026 09:44:49","41","Information","Microsoft-Windows-WindowsUpdateClient","An update was downloaded."
"03-08-2026 09:44:45","41","Information","Microsoft-Windows-WindowsUpdateClient","An update was downloaded."
"03-08-2026 09:44:42","41","Information","Microsoft-Windows-WindowsUpdateClient","An update was downloaded."
"03-08-2026 09:44:42","41","Information","Microsoft-Windows-WindowsUpdateClient","An update was downloaded."
"03-08-2026 09:44:38","41","Information","Microsoft-Windows-WindowsUpdateClient","An update was downloaded."
"03-08-2026 09:44:38","41","Information","Microsoft-Windows-WindowsUpdateClient","An update was downloaded."
"03-08-2026 09:44:38","41","Information","Microsoft-Windows-WindowsUpdateClient","An update was downloaded."
"03-08-2026 09:44:38","41","Information","Microsoft-Windows-WindowsUpdateClient","An update was downloaded."
"03-08-2026 09:44:38","41","Information","Microsoft-Windows-WindowsUpdateClient","An update was downloaded."
"03-08-2026 09:44:37","26","Information","Microsoft-Windows-WindowsUpdateClient","Windows Update successfully found 17 updates."
"03-08-2026 09:44:25","41","Information","Microsoft-Windows-WindowsUpdateClient","An update was downloaded."
"03-08-2026 09:44:18","41","Information","Microsoft-Windows-WindowsUpdateClient","An update was downloaded."
"03-08-2026 09:44:18","26","Information","Microsoft-Windows-WindowsUpdateClient","Windows Update successfully found 0 updates."
"03-08-2026 09:43:55","26","Information","Microsoft-Windows-WindowsUpdateClient","Windows Update successfully found 1 updates."
"03-08-2026 09:43:36","41","Information","Microsoft-Windows-WindowsUpdateClient","An update was downloaded."
"03-08-2026 09:43:16","26","Information","Microsoft-Windows-WindowsUpdateClient","Windows Update successfully found 1 updates."
"03-08-2026 09:42:43","26","Information","Microsoft-Windows-WindowsUpdateClient","Windows Update successfully found 1 updates."
"03-08-2026 09:42:24","26","Information","Microsoft-Windows-WindowsUpdateClient","Windows Update successfully found 40 updates."
"03-08-2026 09:42:04","26","Information","Microsoft-Windows-WindowsUpdateClient","Windows Update successfully found 8 updates."
"03-08-2026 09:36:55","41","Information","Microsoft-Windows-WindowsUpdateClient","An update was downloaded."
"03-08-2026 09:36:36","26","Information","Microsoft-Windows-WindowsUpdateClient","Windows Update successfully found 0 updates."
"03-08-2026 09:36:36","26","Information","Microsoft-Windows-WindowsUpdateClient","Windows Update successfully found 1 updates."
"03-08-2026 09:31:05","26","Information","Microsoft-Windows-WindowsUpdateClient","Windows Update successfully found 0 updates."
"31-07-2026 17:54:55","41","Information","Microsoft-Windows-WindowsUpdateClient","An update was downloaded."
"31-07-2026 17:54:55","26","Information","Microsoft-Windows-WindowsUpdateClient","Windows Update successfully found 0 updates."
"31-07-2026 17:54:55","26","Information","Microsoft-Windows-WindowsUpdateClient","Windows Update successfully found 1 updates."
"31-07-2026 15:54:54","41","Information","Microsoft-Windows-WindowsUpdateClient","An update was downloaded."
"31-07-2026 15:54:53","26","Information","Microsoft-Windows-WindowsUpdateClient","Windows Update successfully found 0 updates."
"31-07-2026 15:54:53","26","Information","Microsoft-Windows-WindowsUpdateClient","Windows Update successfully found 1 updates."
"31-07-2026 13:54:49","26","Information","Microsoft-Windows-WindowsUpdateClient","Windows Update successfully found 0 updates."
"31-07-2026 13:54:49","26","Information","Microsoft-Windows-WindowsUpdateClient","Windows Update successfully found 0 updates."
"31-07-2026 13:34:26","26","Information","Microsoft-Windows-WindowsUpdateClient","Windows Update successfully found 0 updates."
"31-07-2026 13:34:12","26","Information","Microsoft-Windows-WindowsUpdateClient","Windows Update successfully found 0 updates."
"31-07-2026 13:04:47","26","Information","Microsoft-Windows-WindowsUpdateClient","Windows Update successfully found 0 updates."
"31-07-2026 13:04:47","26","Information","Microsoft-Windows-WindowsUpdateClient","Windows Update successfully found 0 updates."
"31-07-2026 11:54:46","41","Information","Microsoft-Windows-WindowsUpdateClient","An update was downloaded."
"31-07-2026 11:54:46","26","Information","Microsoft-Windows-WindowsUpdateClient","Windows Update successfully found 0 updates."
"31-07-2026 11:54:46","26","Information","Microsoft-Windows-WindowsUpdateClient","Windows Update successfully found 1 updates."
"31-07-2026 11:54:38","41","Information","Microsoft-Windows-WindowsUpdateClient","An update was downloaded."
"31-07-2026 11:54:12","41","Information","Microsoft-Windows-WindowsUpdateClient","An update was downloaded."
"31-07-2026 11:54:05","41","Information","Microsoft-Windows-WindowsUpdateClient","An update was downloaded."
"31-07-2026 11:53:51","41","Information","Microsoft-Windows-WindowsUpdateClient","An update was downloaded."
"31-07-2026 11:53:41","41","Information","Microsoft-Windows-WindowsUpdateClient","An update was downloaded."
"31-07-2026 11:53:41","41","Information","Microsoft-Windows-WindowsUpdateClient","An update was downloaded."
"31-07-2026 11:53:00","26","Information","Microsoft-Windows-WindowsUpdateClient","Windows Update successfully found 2 updates."
"31-07-2026 11:51:23","26","Information","Microsoft-Windows-WindowsUpdateClient","Windows Update successfully found 2 updates."
"31-07-2026 11:50:58","26","Information","Microsoft-Windows-WindowsUpdateClient","Windows Update successfully found 40 updates."
"31-07-2026 11:50:30","26","Information","Microsoft-Windows-WindowsUpdateClient","Windows Update successfully found 9 updates."
"31-07-2026 10:02:34","41","Information","Microsoft-Windows-WindowsUpdateClient","An update was downloaded."
"31-07-2026 10:02:09","26","Information","Microsoft-Windows-WindowsUpdateClient","Windows Update successfully found 104 updates."
"31-07-2026 10:01:11","26","Information","Microsoft-Windows-WindowsUpdateClient","Windows Update successfully found 0 updates."
"31-07-2026 10:00:38","26","Information","Microsoft-Windows-WindowsUpdateClient","Windows Update successfully found 4 updates."
"31-07-2026 10:00:29","26","Information","Microsoft-Windows-WindowsUpdateClient","Windows Update successfully found 1 updates."
"31-07-2026 09:55:33","41","Information","Microsoft-Windows-WindowsUpdateClient","An update was downloaded."
"31-07-2026 09:55:29","26","Information","Microsoft-Windows-WindowsUpdateClient","Windows Update successfully found 0 updates."
"31-07-2026 09:55:29","26","Information","Microsoft-Windows-WindowsUpdateClient","Windows Update successfully found 1 updates."
"31-07-2026 09:48:34","26","Information","Microsoft-Windows-WindowsUpdateClient","Windows Update successfully found 0 updates."
"30-07-2026 19:14:10","26","Information","Microsoft-Windows-WindowsUpdateClient","Windows Update successfully found 0 updates."
"30-07-2026 19:14:10","26","Information","Microsoft-Windows-WindowsUpdateClient","Windows Update successfully found 0 updates."
"30-07-2026 17:12:46","41","Information","Microsoft-Windows-WindowsUpdateClient","An update was downloaded."
"30-07-2026 17:12:46","26","Information","Microsoft-Windows-WindowsUpdateClient","Windows Update successfully found 0 updates."
"30-07-2026 17:12:46","26","Information","Microsoft-Windows-WindowsUpdateClient","Windows Update successfully found 1 updates."
"30-07-2026 15:13:05","41","Information","Microsoft-Windows-WindowsUpdateClient","An update was downloaded."
"30-07-2026 15:13:05","26","Information","Microsoft-Windows-WindowsUpdateClient","Windows Update successfully found 0 updates."
"30-07-2026 15:13:05","26","Information","Microsoft-Windows-WindowsUpdateClient","Windows Update successfully found 1 updates."
"30-07-2026 13:02:36","26","Information","Microsoft-Windows-WindowsUpdateClient","Windows Update successfully found 0 updates."
"30-07-2026 13:02:36","26","Information","Microsoft-Windows-WindowsUpdateClient","Windows Update successfully found 0 updates."
"30-07-2026 12:46:25","41","Information","Microsoft-Windows-WindowsUpdateClient","An update was downloaded."
"30-07-2026 12:46:24","26","Information","Microsoft-Windows-WindowsUpdateClient","Windows Update successfully found 0 updates."
"30-07-2026 12:46:24","26","Information","Microsoft-Windows-WindowsUpdateClient","Windows Update successfully found 1 updates."
"30-07-2026 11:48:28","41","Information","Microsoft-Windows-WindowsUpdateClient","An update was downloaded."
"30-07-2026 11:48:25","41","Information","Microsoft-Windows-WindowsUpdateClient","An update was downloaded."
"30-07-2026 11:48:19","41","Information","Microsoft-Windows-WindowsUpdateClient","An update was downloaded."
"30-07-2026 11:48:12","41","Information","Microsoft-Windows-WindowsUpdateClient","An update was downloaded."
"30-07-2026 11:48:00","41","Information","Microsoft-Windows-WindowsUpdateClient","An update was downloaded."
"30-07-2026 11:47:47","41","Information","Microsoft-Windows-WindowsUpdateClient","An update was downloaded."
"30-07-2026 11:47:47","41","Information","Microsoft-Windows-WindowsUpdateClient","An update was downloaded."
"30-07-2026 11:47:23","26","Information","Microsoft-Windows-WindowsUpdateClient","Windows Update successfully found 3 updates."
"30-07-2026 11:46:10","26","Information","Microsoft-Windows-WindowsUpdateClient","Windows Update successfully found 3 updates."
"30-07-2026 11:45:51","26","Information","Microsoft-Windows-WindowsUpdateClient","Windows Update successfully found 40 updates."
"30-07-2026 11:45:28","26","Information","Microsoft-Windows-WindowsUpdateClient","Windows Update successfully found 10 updates."
"30-07-2026 11:02:36","26","Information","Microsoft-Windows-WindowsUpdateClient","Windows Update successfully found 0 updates."
"30-07-2026 11:02:36","26","Information","Microsoft-Windows-WindowsUpdateClient","Windows Update successfully found 0 updates."
"30-07-2026 10:18:22","26","Information","Microsoft-Windows-WindowsUpdateClient","Windows Update successfully found 0 updates."
"30-07-2026 10:17:56","26","Information","Microsoft-Windows-WindowsUpdateClient","Windows Update successfully found 0 updates."
"30-07-2026 09:39:11","41","Information","Microsoft-Windows-WindowsUpdateClient","An update was downloaded."
"30-07-2026 09:39:11","26","Information","Microsoft-Windows-WindowsUpdateClient","Windows Update successfully found 1 updates."
"30-07-2026 09:36:32","41","Information","Microsoft-Windows-WindowsUpdateClient","An update was downloaded."
"30-07-2026 09:36:32","26","Information","Microsoft-Windows-WindowsUpdateClient","Windows Update successfully found 4 updates."
"30-07-2026 09:36:19","26","Information","Microsoft-Windows-WindowsUpdateClient","Windows Update successfully found 1 updates."
"29-07-2026 19:51:32","41","Information","Microsoft-Windows-WindowsUpdateClient","An update was downloaded."
"29-07-2026 19:51:29","26","Information","Microsoft-Windows-WindowsUpdateClient","Windows Update successfully found 0 updates."
"29-07-2026 19:51:29","26","Information","Microsoft-Windows-WindowsUpdateClient","Windows Update successfully found 1 updates."
"29-07-2026 17:51:35","41","Information","Microsoft-Windows-WindowsUpdateClient","An update was downloaded."
"29-07-2026 17:51:32","26","Information","Microsoft-Windows-WindowsUpdateClient","Windows Update successfully found 0 updates."
"29-07-2026 17:51:32","26","Information","Microsoft-Windows-WindowsUpdateClient","Windows Update successfully found 1 updates."
"29-07-2026 16:01:22","26","Information","Microsoft-Windows-WindowsUpdateClient","Windows Update successfully found 0 updates."
"29-07-2026 16:01:22","26","Information","Microsoft-Windows-WindowsUpdateClient","Windows Update successfully found 0 updates."
"29-07-2026 15:51:57","41","Information","Microsoft-Windows-WindowsUpdateClient","An update was downloaded."
"29-07-2026 15:51:56","26","Information","Microsoft-Windows-WindowsUpdateClient","Windows Update successfully found 0 updates."
"29-07-2026 15:51:56","26","Information","Microsoft-Windows-WindowsUpdateClient","Windows Update successfully found 1 updates."
"29-07-2026 13:51:31","26","Information","Microsoft-Windows-WindowsUpdateClient","Windows Update successfully found 0 updates."
"29-07-2026 13:51:31","26","Information","Microsoft-Windows-WindowsUpdateClient","Windows Update successfully found 0 updates."
"29-07-2026 13:13:34","26","Information","Microsoft-Windows-WindowsUpdateClient","Windows Update successfully found 0 updates."
"29-07-2026 13:13:34","26","Information","Microsoft-Windows-WindowsUpdateClient","Windows Update successfully found 0 updates."
"29-07-2026 13:13:03","41","Information","Microsoft-Windows-WindowsUpdateClient","An update was downloaded."
"29-07-2026 13:12:53","26","Information","Microsoft-Windows-WindowsUpdateClient","Windows Update successfully found 1 updates."
"29-07-2026 11:51:59","41","Information","Microsoft-Windows-WindowsUpdateClient","An update was downloaded."
"29-07-2026 11:51:49","26","Information","Microsoft-Windows-WindowsUpdateClient","Windows Update successfully found 0 updates."
"29-07-2026 11:51:49","26","Information","Microsoft-Windows-WindowsUpdateClient","Windows Update successfully found 1 updates."
"29-07-2026 11:25:50","41","Information","Microsoft-Windows-WindowsUpdateClient","An update was downloaded."
"29-07-2026 11:25:43","41","Information","Microsoft-Windows-WindowsUpdateClient","An update was downloaded."
"29-07-2026 11:25:34","41","Information","Microsoft-Windows-WindowsUpdateClient","An update was downloaded."
"29-07-2026 11:25:10","41","Information","Microsoft-Windows-WindowsUpdateClient","An update was downloaded."
"29-07-2026 11:25:10","41","Information","Microsoft-Windows-WindowsUpdateClient","An update was downloaded."
"29-07-2026 11:24:48","41","Information","Microsoft-Windows-WindowsUpdateClient","An update was downloaded."
"29-07-2026 11:24:48","41","Information","Microsoft-Windows-WindowsUpdateClient","An update was downloaded."
"29-07-2026 11:23:48","26","Information","Microsoft-Windows-WindowsUpdateClient","Windows Update successfully found 3 updates."
"29-07-2026 11:22:51","26","Information","Microsoft-Windows-WindowsUpdateClient","Windows Update successfully found 3 updates."
"29-07-2026 11:22:35","26","Information","Microsoft-Windows-WindowsUpdateClient","Windows Update successfully found 40 updates."
"29-07-2026 11:22:18","26","Information","Microsoft-Windows-WindowsUpdateClient","Windows Update successfully found 10 updates."
"29-07-2026 09:58:55","26","Information","Microsoft-Windows-WindowsUpdateClient","Windows Update successfully found 0 updates."
"29-07-2026 09:58:33","26","Information","Microsoft-Windows-WindowsUpdateClient","Windows Update successfully found 0 updates."
"29-07-2026 09:51:24","26","Information","Microsoft-Windows-WindowsUpdateClient","Windows Update successfully found 0 updates."
"29-07-2026 09:51:24","26","Information","Microsoft-Windows-WindowsUpdateClient","Windows Update successfully found 0 updates."
"29-07-2026 09:27:20","41","Information","Microsoft-Windows-WindowsUpdateClient","An update was downloaded."
"29-07-2026 09:27:17","26","Information","Microsoft-Windows-WindowsUpdateClient","Windows Update successfully found 1 updates."
"29-07-2026 09:26:57","41","Information","Microsoft-Windows-WindowsUpdateClient","An update was downloaded."
"29-07-2026 09:26:40","26","Information","Microsoft-Windows-WindowsUpdateClient","Windows Update successfully found 4 updates."
"29-07-2026 09:26:06","26","Information","Microsoft-Windows-WindowsUpdateClient","Windows Update successfully found 1 updates."
"28-07-2026 18:26:39","26","Information","Microsoft-Windows-WindowsUpdateClient","Windows Update successfully found 0 updates."
"28-07-2026 18:26:39","26","Information","Microsoft-Windows-WindowsUpdateClient","Windows Update successfully found 0 updates."
"28-07-2026 16:26:36","41","Information","Microsoft-Windows-WindowsUpdateClient","An update was downloaded."
"28-07-2026 16:26:36","26","Information","Microsoft-Windows-WindowsUpdateClient","Windows Update successfully found 0 updates."
"28-07-2026 16:26:36","26","Information","Microsoft-Windows-WindowsUpdateClient","Windows Update successfully found 1 updates."
"28-07-2026 14:26:50","41","Information","Microsoft-Windows-WindowsUpdateClient","An update was downloaded."
"28-07-2026 14:26:43","26","Information","Microsoft-Windows-WindowsUpdateClient","Windows Update successfully found 0 updates."
"28-07-2026 14:26:43","26","Information","Microsoft-Windows-WindowsUpdateClient","Windows Update successfully found 1 updates."
"28-07-2026 12:30:34","26","Information","Microsoft-Windows-WindowsUpdateClient","Windows Update successfully found 0 updates."
"28-07-2026 12:30:34","26","Information","Microsoft-Windows-WindowsUpdateClient","Windows Update successfully found 0 updates."
"28-07-2026 12:26:59","41","Information","Microsoft-Windows-WindowsUpdateClient","An update was downloaded."
"28-07-2026 12:26:46","26","Information","Microsoft-Windows-WindowsUpdateClient","Windows Update successfully found 0 updates."
"28-07-2026 12:26:46","26","Information","Microsoft-Windows-WindowsUpdateClient","Windows Update successfully found 1 updates."
"28-07-2026 10:39:40","41","Information","Microsoft-Windows-WindowsUpdateClient","An update was downloaded."
"28-07-2026 10:39:39","41","Information","Microsoft-Windows-WindowsUpdateClient","An update was downloaded."
"28-07-2026 10:39:17","41","Information","Microsoft-Windows-WindowsUpdateClient","An update was downloaded."
"28-07-2026 10:39:05","41","Information","Microsoft-Windows-WindowsUpdateClient","An update was downloaded."
"28-07-2026 10:38:59","41","Information","Microsoft-Windows-WindowsUpdateClient","An update was downloaded."
"28-07-2026 10:38:48","41","Information","Microsoft-Windows-WindowsUpdateClient","An update was downloaded."
"28-07-2026 10:38:09","26","Information","Microsoft-Windows-WindowsUpdateClient","Windows Update successfully found 2 updates."
"28-07-2026 10:37:11","26","Information","Microsoft-Windows-WindowsUpdateClient","Windows Update successfully found 2 updates."
"28-07-2026 10:36:56","26","Information","Microsoft-Windows-WindowsUpdateClient","Windows Update successfully found 40 updates."
"28-07-2026 10:36:38","26","Information","Microsoft-Windows-WindowsUpdateClient","Windows Update successfully found 9 updates."
"28-07-2026 10:26:33","26","Information","Microsoft-Windows-WindowsUpdateClient","Windows Update successfully found 0 updates."
"28-07-2026 10:26:33","26","Information","Microsoft-Windows-WindowsUpdateClient","Windows Update successfully found 0 updates."
"28-07-2026 09:41:56","41","Information","Microsoft-Windows-WindowsUpdateClient","An update was downloaded."
"28-07-2026 09:38:52","41","Information","Microsoft-Windows-WindowsUpdateClient","An update was downloaded."
"28-07-2026 09:38:47","26","Information","Microsoft-Windows-WindowsUpdateClient","Windows Update successfully found 5 updates."
"28-07-2026 09:38:37","26","Information","Microsoft-Windows-WindowsUpdateClient","Windows Update successfully found 1 updates."
"28-07-2026 09:26:22","26","Information","Microsoft-Windows-WindowsUpdateClient","Windows Update successfully found 1 updates."
"28-07-2026 09:26:11","26","Information","Microsoft-Windows-WindowsUpdateClient","Windows Update successfully found 1 updates."
"28-07-2026 09:26:00","41","Information","Microsoft-Windows-WindowsUpdateClient","An update was downloaded."
"28-07-2026 09:25:45","26","Information","Microsoft-Windows-WindowsUpdateClient","Windows Update successfully found 1 updates."
"27-07-2026 18:03:58","26","Information","Microsoft-Windows-WindowsUpdateClient","Windows Update successfully found 0 updates."
"27-07-2026 18:03:58","26","Information","Microsoft-Windows-WindowsUpdateClient","Windows Update successfully found 0 updates."
"27-07-2026 16:03:58","41","Information","Microsoft-Windows-WindowsUpdateClient","An update was downloaded."
"27-07-2026 16:03:58","26","Information","Microsoft-Windows-WindowsUpdateClient","Windows Update successfully found 0 updates."
"27-07-2026 16:03:58","26","Information","Microsoft-Windows-WindowsUpdateClient","Windows Update successfully found 1 updates."
"27-07-2026 14:03:51","26","Information","Microsoft-Windows-WindowsUpdateClient","Windows Update successfully found 0 updates."
"27-07-2026 14:03:51","26","Information","Microsoft-Windows-WindowsUpdateClient","Windows Update successfully found 0 updates."
"27-07-2026 13:49:23","41","Information","Microsoft-Windows-WindowsUpdateClient","An update was downloaded."
"27-07-2026 13:49:21","26","Information","Microsoft-Windows-WindowsUpdateClient","Windows Update successfully found 0 updates."
"27-07-2026 13:49:21","26","Information","Microsoft-Windows-WindowsUpdateClient","Windows Update successfully found 1 updates."
"27-07-2026 12:00:05","26","Information","Microsoft-Windows-WindowsUpdateClient","Windows Update successfully found 0 updates."
"27-07-2026 12:00:05","26","Information","Microsoft-Windows-WindowsUpdateClient","Windows Update successfully found 0 updates."
"27-07-2026 11:47:51","41","Information","Microsoft-Windows-WindowsUpdateClient","An update was downloaded."
"27-07-2026 11:47:50","26","Information","Microsoft-Windows-WindowsUpdateClient","Windows Update successfully found 0 updates."
"27-07-2026 11:47:50","26","Information","Microsoft-Windows-WindowsUpdateClient","Windows Update successfully found 1 updates."
"27-07-2026 10:03:23","41","Information","Microsoft-Windows-WindowsUpdateClient","An update was downloaded."
"27-07-2026 10:03:14","41","Information","Microsoft-Windows-WindowsUpdateClient","An update was downloaded."
"27-07-2026 10:03:08","41","Information","Microsoft-Windows-WindowsUpdateClient","An update was downloaded."
"27-07-2026 10:03:08","41","Information","Microsoft-Windows-WindowsUpdateClient","An update was downloaded."
"27-07-2026 10:01:31","26","Information","Microsoft-Windows-WindowsUpdateClient","Windows Update successfully found 0 updates."
"27-07-2026 10:00:32","26","Information","Microsoft-Windows-WindowsUpdateClient","Windows Update successfully found 0 updates."
"27-07-2026 10:00:15","26","Information","Microsoft-Windows-WindowsUpdateClient","Windows Update successfully found 40 updates."
"27-07-2026 09:59:55","26","Information","Microsoft-Windows-WindowsUpdateClient","Windows Update successfully found 7 updates."
"27-07-2026 09:55:37","26","Information","Microsoft-Windows-WindowsUpdateClient","Windows Update successfully found 1 updates."
"27-07-2026 09:55:12","26","Information","Microsoft-Windows-WindowsUpdateClient","Windows Update successfully found 0 updates."
"27-07-2026 09:47:42","26","Information","Microsoft-Windows-WindowsUpdateClient","Windows Update successfully found 0 updates."
"27-07-2026 09:47:42","26","Information","Microsoft-Windows-WindowsUpdateClient","Windows Update successfully found 0 updates."
"27-07-2026 09:46:33","26","Information","Microsoft-Windows-WindowsUpdateClient","Windows Update successfully found 0 updates."
"27-07-2026 09:30:37","26","Information","Microsoft-Windows-WindowsUpdateClient","Windows Update successfully found 0 updates."
"27-07-2026 09:30:31","26","Information","Microsoft-Windows-WindowsUpdateClient","Windows Update successfully found 40 updates."
"27-07-2026 09:30:21","26","Information","Microsoft-Windows-WindowsUpdateClient","Windows Update successfully found 7 updates."
"27-07-2026 09:20:10","41","Information","Microsoft-Windows-WindowsUpdateClient","An update was downloaded."
"27-07-2026 09:20:10","26","Information","Microsoft-Windows-WindowsUpdateClient","Windows Update successfully found 1 updates."
"27-07-2026 09:19:36","41","Information","Microsoft-Windows-WindowsUpdateClient","An update was downloaded."
"27-07-2026 09:19:35","26","Information","Microsoft-Windows-WindowsUpdateClient","Windows Update successfully found 1 updates."
"27-07-2026 09:18:31","41","Information","Microsoft-Windows-WindowsUpdateClient","An update was downloaded."
"27-07-2026 09:18:20","26","Information","Microsoft-Windows-WindowsUpdateClient","Windows Update successfully found 6 updates."
"27-07-2026 09:17:48","26","Information","Microsoft-Windows-WindowsUpdateClient","Windows Update successfully found 2 updates."
"24-07-2026 18:30:08","41","Information","Microsoft-Windows-WindowsUpdateClient","An update was downloaded."
"24-07-2026 18:30:07","41","Information","Microsoft-Windows-WindowsUpdateClient","An update was downloaded."
"24-07-2026 18:29:36","26","Information","Microsoft-Windows-WindowsUpdateClient","Windows Update successfully found 1 updates."
"24-07-2026 17:40:07","26","Information","Microsoft-Windows-WindowsUpdateClient","Windows Update successfully found 2 updates."
"24-07-2026 17:39:46","26","Information","Microsoft-Windows-WindowsUpdateClient","Windows Update successfully found 1 updates."
"24-07-2026 17:09:49","41","Information","Microsoft-Windows-WindowsUpdateClient","An update was downloaded."
"24-07-2026 17:09:49","26","Information","Microsoft-Windows-WindowsUpdateClient","Windows Update successfully found 0 updates."
"24-07-2026 17:09:49","26","Information","Microsoft-Windows-WindowsUpdateClient","Windows Update successfully found 1 updates."
"24-07-2026 15:57:42","26","Information","Microsoft-Windows-WindowsUpdateClient","Windows Update successfully found 0 updates."
"24-07-2026 15:57:42","26","Information","Microsoft-Windows-WindowsUpdateClient","Windows Update successfully found 0 updates."
"24-07-2026 15:09:54","26","Information","Microsoft-Windows-WindowsUpdateClient","Windows Update successfully found 0 updates."
"24-07-2026 15:09:54","26","Information","Microsoft-Windows-WindowsUpdateClient","Windows Update successfully found 0 updates."
"24-07-2026 13:09:49","26","Information","Microsoft-Windows-WindowsUpdateClient","Windows Update successfully found 0 updates."
"24-07-2026 13:09:49","26","Information","Microsoft-Windows-WindowsUpdateClient","Windows Update successfully found 0 updates."
"24-07-2026 12:44:16","41","Information","Microsoft-Windows-WindowsUpdateClient","An update was downloaded."
"24-07-2026 12:44:04","41","Information","Microsoft-Windows-WindowsUpdateClient","An update was downloaded."
"24-07-2026 12:43:57","41","Information","Microsoft-Windows-WindowsUpdateClient","An update was downloaded."
"24-07-2026 12:43:52","41","Information","Microsoft-Windows-WindowsUpdateClient","An update was downloaded."
"24-07-2026 12:43:46","41","Information","Microsoft-Windows-WindowsUpdateClient","An update was downloaded."
"24-07-2026 12:43:41","41","Information","Microsoft-Windows-WindowsUpdateClient","An update was downloaded."
"24-07-2026 12:20:01","26","Information","Microsoft-Windows-WindowsUpdateClient","Windows Update successfully found 2 updates."
"24-07-2026 12:19:02","26","Information","Microsoft-Windows-WindowsUpdateClient","Windows Update successfully found 2 updates."
"24-07-2026 12:18:43","26","Information","Microsoft-Windows-WindowsUpdateClient","Windows Update successfully found 40 updates."
"24-07-2026 12:18:22","26","Information","Microsoft-Windows-WindowsUpdateClient","Windows Update successfully found 9 updates."
"24-07-2026 11:09:52","26","Information","Microsoft-Windows-WindowsUpdateClient","Windows Update successfully found 0 updates."
"24-07-2026 11:09:52","26","Information","Microsoft-Windows-WindowsUpdateClient","Windows Update successfully found 0 updates."
"24-07-2026 09:33:45","41","Information","Microsoft-Windows-WindowsUpdateClient","An update was downloaded."
"24-07-2026 09:33:42","26","Information","Microsoft-Windows-WindowsUpdateClient","Windows Update successfully found 6 updates."
"24-07-2026 09:30:53","26","Information","Microsoft-Windows-WindowsUpdateClient","Windows Update successfully found 2 updates."
"23-07-2026 19:10:27","26","Information","Microsoft-Windows-WindowsUpdateClient","Windows Update successfully found 0 updates."
"23-07-2026 19:10:27","26","Information","Microsoft-Windows-WindowsUpdateClient","Windows Update successfully found 0 updates."
"23-07-2026 19:00:45","41","Information","Microsoft-Windows-WindowsUpdateClient","An update was downloaded."
"23-07-2026 19:00:45","26","Information","Microsoft-Windows-WindowsUpdateClient","Windows Update successfully found 0 updates."
"23-07-2026 19:00:45","26","Information","Microsoft-Windows-WindowsUpdateClient","Windows Update successfully found 1 updates."
"23-07-2026 13:02:22","26","Information","Microsoft-Windows-WindowsUpdateClient","Windows Update successfully found 0 updates."
"23-07-2026 13:02:22","26","Information","Microsoft-Windows-WindowsUpdateClient","Windows Update successfully found 0 updates."
"23-07-2026 12:50:09","26","Information","Microsoft-Windows-WindowsUpdateClient","Windows Update successfully found 0 updates."
"23-07-2026 12:50:09","26","Information","Microsoft-Windows-WindowsUpdateClient","Windows Update successfully found 0 updates."
"23-07-2026 12:21:31","41","Information","Microsoft-Windows-WindowsUpdateClient","An update was downloaded."
"23-07-2026 12:21:25","41","Information","Microsoft-Windows-WindowsUpdateClient","An update was downloaded."
"23-07-2026 12:21:18","41","Information","Microsoft-Windows-WindowsUpdateClient","An update was downloaded."
"23-07-2026 12:21:01","41","Information","Microsoft-Windows-WindowsUpdateClient","An update was downloaded."
"23-07-2026 12:20:54","41","Information","Microsoft-Windows-WindowsUpdateClient","An update was downloaded."
"23-07-2026 12:03:49","26","Information","Microsoft-Windows-WindowsUpdateClient","Windows Update successfully found 1 updates."
"23-07-2026 12:02:31","26","Information","Microsoft-Windows-WindowsUpdateClient","Windows Update successfully found 1 updates."
"23-07-2026 12:02:12","26","Information","Microsoft-Windows-WindowsUpdateClient","Windows Update successfully found 40 updates."
"23-07-2026 12:01:50","26","Information","Microsoft-Windows-WindowsUpdateClient","Windows Update successfully found 8 updates."
"23-07-2026 11:02:21","26","Information","Microsoft-Windows-WindowsUpdateClient","Windows Update successfully found 0 updates."
"23-07-2026 11:02:21","26","Information","Microsoft-Windows-WindowsUpdateClient","Windows Update successfully found 0 updates."
"23-07-2026 10:20:22","26","Information","Microsoft-Windows-WindowsUpdateClient","Windows Update successfully found 2 updates."
"23-07-2026 10:20:10","26","Information","Microsoft-Windows-WindowsUpdateClient","Windows Update successfully found 1 updates."
"23-07-2026 10:17:44","41","Information","Microsoft-Windows-WindowsUpdateClient","An update was downloaded."
"23-07-2026 10:17:42","41","Information","Microsoft-Windows-WindowsUpdateClient","An update was downloaded."
"23-07-2026 09:54:43","41","Information","Microsoft-Windows-WindowsUpdateClient","An update was downloaded."
"23-07-2026 09:54:40","26","Information","Microsoft-Windows-WindowsUpdateClient","Windows Update successfully found 1 updates."
"23-07-2026 09:46:37","41","Information","Microsoft-Windows-WindowsUpdateClient","An update was downloaded."
"23-07-2026 09:46:33","26","Information","Microsoft-Windows-WindowsUpdateClient","Windows Update successfully found 1 updates."
"23-07-2026 09:37:53","41","Information","Microsoft-Windows-WindowsUpdateClient","An update was downloaded."
"23-07-2026 09:37:53","26","Information","Microsoft-Windows-WindowsUpdateClient","Windows Update successfully found 8 updates."
"23-07-2026 09:37:42","26","Information","Microsoft-Windows-WindowsUpdateClient","Windows Update successfully found 2 updates."
"22-07-2026 18:16:19","41","Information","Microsoft-Windows-WindowsUpdateClient","An update was downloaded."
"22-07-2026 18:16:19","26","Information","Microsoft-Windows-WindowsUpdateClient","Windows Update successfully found 0 updates."
"22-07-2026 18:16:19","26","Information","Microsoft-Windows-WindowsUpdateClient","Windows Update successfully found 1 updates."
"22-07-2026 17:04:20","26","Information","Microsoft-Windows-WindowsUpdateClient","Windows Update successfully found 2 updates."
"22-07-2026 17:04:09","26","Information","Microsoft-Windows-WindowsUpdateClient","Windows Update successfully found 1 updates."
"22-07-2026 16:16:44","41","Information","Microsoft-Windows-WindowsUpdateClient","An update was downloaded."
"22-07-2026 16:16:44","26","Information","Microsoft-Windows-WindowsUpdateClient","Windows Update successfully found 0 updates."
"22-07-2026 16:16:44","26","Information","Microsoft-Windows-WindowsUpdateClient","Windows Update successfully found 1 updates."
"22-07-2026 14:16:24","26","Information","Microsoft-Windows-WindowsUpdateClient","Windows Update successfully found 0 updates."
"22-07-2026 14:16:24","26","Information","Microsoft-Windows-WindowsUpdateClient","Windows Update successfully found 0 updates."
"22-07-2026 14:00:39","26","Information","Microsoft-Windows-WindowsUpdateClient","Windows Update successfully found 0 updates."
"22-07-2026 14:00:39","26","Information","Microsoft-Windows-WindowsUpdateClient","Windows Update successfully found 0 updates."
"22-07-2026 12:16:20","26","Information","Microsoft-Windows-WindowsUpdateClient","Windows Update successfully found 0 updates."
"22-07-2026 12:16:20","26","Information","Microsoft-Windows-WindowsUpdateClient","Windows Update successfully found 0 updates."
"22-07-2026 11:16:13","41","Information","Microsoft-Windows-WindowsUpdateClient","An update was downloaded."
"22-07-2026 11:13:09","41","Information","Microsoft-Windows-WindowsUpdateClient","An update was downloaded."
"22-07-2026 11:13:09","41","Information","Microsoft-Windows-WindowsUpdateClient","An update was downloaded."
"22-07-2026 11:12:52","41","Information","Microsoft-Windows-WindowsUpdateClient","An update was downloaded."
"22-07-2026 11:12:23","41","Information","Microsoft-Windows-WindowsUpdateClient","An update was downloaded."
"22-07-2026 11:11:19","41","Information","Microsoft-Windows-WindowsUpdateClient","An update was downloaded."
"22-07-2026 11:09:28","26","Information","Microsoft-Windows-WindowsUpdateClient","Windows Update successfully found 1 updates."
"22-07-2026 11:07:48","26","Information","Microsoft-Windows-WindowsUpdateClient","Windows Update successfully found 1 updates."
"22-07-2026 11:07:30","26","Information","Microsoft-Windows-WindowsUpdateClient","Windows Update successfully found 40 updates."
"22-07-2026 11:07:07","26","Information","Microsoft-Windows-WindowsUpdateClient","Windows Update successfully found 8 updates."
"22-07-2026 10:54:14","41","Information","Microsoft-Windows-WindowsUpdateClient","An update was downloaded."
"22-07-2026 10:53:13","41","Information","Microsoft-Windows-WindowsUpdateClient","An update was downloaded."
"22-07-2026 10:52:42","41","Information","Microsoft-Windows-WindowsUpdateClient","An update was downloaded."
"22-07-2026 10:45:19","26","Information","Microsoft-Windows-WindowsUpdateClient","Windows Update successfully found 0 updates."
"22-07-2026 10:16:24","26","Information","Microsoft-Windows-WindowsUpdateClient","Windows Update successfully found 0 updates."
"22-07-2026 10:16:24","26","Information","Microsoft-Windows-WindowsUpdateClient","Windows Update successfully found 0 updates."
"22-07-2026 09:58:57","41","Information","Microsoft-Windows-WindowsUpdateClient","An update was downloaded."
"22-07-2026 09:58:52","26","Information","Microsoft-Windows-WindowsUpdateClient","Windows Update successfully found 6 updates."
"22-07-2026 09:58:27","26","Information","Microsoft-Windows-WindowsUpdateClient","Windows Update successfully found 4 updates."
"22-07-2026 09:44:40","26","Information","Microsoft-Windows-WindowsUpdateClient","Windows Update successfully found 2 updates."
"22-07-2026 09:44:21","26","Information","Microsoft-Windows-WindowsUpdateClient","Windows Update successfully found 4 updates."
"21-07-2026 17:34:07","41","Information","Microsoft-Windows-WindowsUpdateClient","An update was downloaded."
"21-07-2026 17:32:42","41","Information","Microsoft-Windows-WindowsUpdateClient","An update was downloaded."
"21-07-2026 17:24:43","41","Information","Microsoft-Windows-WindowsUpdateClient","An update was downloaded."
"21-07-2026 17:24:43","26","Information","Microsoft-Windows-WindowsUpdateClient","Windows Update successfully found 0 updates."
"21-07-2026 17:24:43","26","Information","Microsoft-Windows-WindowsUpdateClient","Windows Update successfully found 1 updates."
"21-07-2026 16:21:43","26","Information","Microsoft-Windows-WindowsUpdateClient","Windows Update successfully found 4 updates."
"21-07-2026 16:21:18","26","Information","Microsoft-Windows-WindowsUpdateClient","Windows Update successfully found 2 updates."
"21-07-2026 15:24:45","41","Information","Microsoft-Windows-WindowsUpdateClient","An update was downloaded."
"21-07-2026 15:24:45","26","Information","Microsoft-Windows-WindowsUpdateClient","Windows Update successfully found 0 updates."
"21-07-2026 15:24:45","26","Information","Microsoft-Windows-WindowsUpdateClient","Windows Update successfully found 1 updates."
"21-07-2026 13:15:12","26","Information","Microsoft-Windows-WindowsUpdateClient","Windows Update successfully found 0 updates."
"21-07-2026 13:15:12","26","Information","Microsoft-Windows-WindowsUpdateClient","Windows Update successfully found 0 updates."
"21-07-2026 13:11:27","41","Information","Microsoft-Windows-WindowsUpdateClient","An update was downloaded."
"21-07-2026 13:11:15","41","Information","Microsoft-Windows-WindowsUpdateClient","An update was downloaded."
"21-07-2026 13:11:05","41","Information","Microsoft-Windows-WindowsUpdateClient","An update was downloaded."
"21-07-2026 13:10:59","41","Information","Microsoft-Windows-WindowsUpdateClient","An update was downloaded."
"21-07-2026 13:10:54","41","Information","Microsoft-Windows-WindowsUpdateClient","An update was downloaded."
"21-07-2026 13:09:22","41","Information","Microsoft-Windows-WindowsUpdateClient","An update was downloaded."
"21-07-2026 13:09:22","26","Information","Microsoft-Windows-WindowsUpdateClient","Windows Update successfully found 0 updates."
"21-07-2026 13:09:22","26","Information","Microsoft-Windows-WindowsUpdateClient","Windows Update successfully found 1 updates."
"21-07-2026 11:38:22","26","Information","Microsoft-Windows-WindowsUpdateClient","Windows Update successfully found 0 updates."
"21-07-2026 11:38:08","26","Information","Microsoft-Windows-WindowsUpdateClient","Windows Update successfully found 2 updates."
"21-07-2026 11:09:24","41","Information","Microsoft-Windows-WindowsUpdateClient","An update was downloaded."
"21-07-2026 11:09:12","26","Information","Microsoft-Windows-WindowsUpdateClient","Windows Update successfully found 0 updates."
"21-07-2026 11:09:12","26","Information","Microsoft-Windows-WindowsUpdateClient","Windows Update successfully found 1 updates."
"21-07-2026 11:05:43","26","Information","Microsoft-Windows-WindowsUpdateClient","Windows Update successfully found 1 updates."
"21-07-2026 11:04:28","26","Information","Microsoft-Windows-WindowsUpdateClient","Windows Update successfully found 1 updates."
"21-07-2026 11:04:07","26","Information","Microsoft-Windows-WindowsUpdateClient","Windows Update successfully found 39 updates."
"21-07-2026 11:03:45","26","Information","Microsoft-Windows-WindowsUpdateClient","Windows Update successfully found 8 updates."
"21-07-2026 08:58:45","26","Information","Microsoft-Windows-WindowsUpdateClient","Windows Update successfully found 102 updates."
"21-07-2026 08:58:36","26","Information","Microsoft-Windows-WindowsUpdateClient","Windows Update successfully found 0 updates."
"21-07-2026 08:57:53","26","Information","Microsoft-Windows-WindowsUpdateClient","Windows Update successfully found 102 updates."
"21-07-2026 08:57:43","26","Information","Microsoft-Windows-WindowsUpdateClient","Windows Update successfully found 0 updates."
"21-07-2026 08:55:00","41","Information","Microsoft-Windows-WindowsUpdateClient","An update was downloaded."
"21-07-2026 08:55:00","26","Information","Microsoft-Windows-WindowsUpdateClient","Windows Update successfully found 0 updates."
"21-07-2026 08:55:00","26","Information","Microsoft-Windows-WindowsUpdateClient","Windows Update successfully found 1 updates."
"21-07-2026 08:49:05","41","Information","Microsoft-Windows-WindowsUpdateClient","An update was downloaded."
"21-07-2026 08:49:03","26","Information","Microsoft-Windows-WindowsUpdateClient","Windows Update successfully found 0 updates."
"21-07-2026 08:48:57","26","Information","Microsoft-Windows-WindowsUpdateClient","Windows Update successfully found 1 updates."
"21-07-2026 08:43:37","26","Information","Microsoft-Windows-WindowsUpdateClient","Windows Update successfully found 2 updates."
"21-07-2026 04:15:41","41","Information","Microsoft-Windows-WindowsUpdateClient","An update was downloaded."
"21-07-2026 04:15:40","26","Information","Microsoft-Windows-WindowsUpdateClient","Windows Update successfully found 4 updates."
"21-07-2026 04:15:23","26","Information","Microsoft-Windows-WindowsUpdateClient","Windows Update successfully found 1 updates."
"20-07-2026 17:30:16","41","Information","Microsoft-Windows-WindowsUpdateClient","An update was downloaded."
"20-07-2026 17:30:15","41","Information","Microsoft-Windows-WindowsUpdateClient","An update was downloaded."
"20-07-2026 17:30:05","26","Information","Microsoft-Windows-WindowsUpdateClient","Windows Update successfully found 1 updates."
"20-07-2026 16:55:45","41","Information","Microsoft-Windows-WindowsUpdateClient","An update was downloaded."
"20-07-2026 16:55:45","26","Information","Microsoft-Windows-WindowsUpdateClient","Windows Update successfully found 0 updates."
"20-07-2026 16:55:45","26","Information","Microsoft-Windows-WindowsUpdateClient","Windows Update successfully found 1 updates."
"20-07-2026 15:18:46","26","Information","Microsoft-Windows-WindowsUpdateClient","Windows Update successfully found 0 updates."
"20-07-2026 15:18:46","26","Information","Microsoft-Windows-WindowsUpdateClient","Windows Update successfully found 0 updates."
"20-07-2026 14:55:55","26","Information","Microsoft-Windows-WindowsUpdateClient","Windows Update successfully found 0 updates."
"20-07-2026 14:55:55","26","Information","Microsoft-Windows-WindowsUpdateClient","Windows Update successfully found 0 updates."
"20-07-2026 12:55:52","41","Information","Microsoft-Windows-WindowsUpdateClient","An update was downloaded."
"20-07-2026 12:55:48","26","Information","Microsoft-Windows-WindowsUpdateClient","Windows Update successfully found 0 updates."
"20-07-2026 12:55:48","26","Information","Microsoft-Windows-WindowsUpdateClient","Windows Update successfully found 1 updates."
"20-07-2026 11:28:13","41","Information","Microsoft-Windows-WindowsUpdateClient","An update was downloaded."
"20-07-2026 10:55:49","26","Information","Microsoft-Windows-WindowsUpdateClient","Windows Update successfully found 0 updates."
"20-07-2026 10:55:49","26","Information","Microsoft-Windows-WindowsUpdateClient","Windows Update successfully found 0 updates."
"20-07-2026 10:30:58","26","Information","Microsoft-Windows-WindowsUpdateClient","Windows Update successfully found 1 updates."
"20-07-2026 10:30:46","26","Information","Microsoft-Windows-WindowsUpdateClient","Windows Update successfully found 0 updates."
"20-07-2026 10:21:48","41","Information","Microsoft-Windows-WindowsUpdateClient","An update was downloaded."
"20-07-2026 10:18:49","41","Information","Microsoft-Windows-WindowsUpdateClient","An update was downloaded."
"20-07-2026 10:18:24","41","Information","Microsoft-Windows-WindowsUpdateClient","An update was downloaded."
"20-07-2026 10:18:08","41","Information","Microsoft-Windows-WindowsUpdateClient","An update was downloaded."
"20-07-2026 10:17:40","41","Information","Microsoft-Windows-WindowsUpdateClient","An update was downloaded."
"20-07-2026 10:17:40","41","Information","Microsoft-Windows-WindowsUpdateClient","An update was downloaded."
"20-07-2026 10:17:22","41","Information","Microsoft-Windows-WindowsUpdateClient","An update was downloaded."
"20-07-2026 10:17:17","41","Information","Microsoft-Windows-WindowsUpdateClient","An update was downloaded."
"20-07-2026 10:17:17","41","Information","Microsoft-Windows-WindowsUpdateClient","An update was downloaded."
"20-07-2026 10:17:12","41","Information","Microsoft-Windows-WindowsUpdateClient","An update was downloaded."
"20-07-2026 10:16:39","41","Information","Microsoft-Windows-WindowsUpdateClient","An update was downloaded."
"20-07-2026 10:16:34","41","Information","Microsoft-Windows-WindowsUpdateClient","An update was downloaded."
"20-07-2026 10:16:34","41","Information","Microsoft-Windows-WindowsUpdateClient","An update was downloaded."
"20-07-2026 10:10:32","41","Information","Microsoft-Windows-WindowsUpdateClient","An update was downloaded."
"20-07-2026 10:10:32","26","Information","Microsoft-Windows-WindowsUpdateClient","Windows Update successfully found 1 updates."
"20-07-2026 10:09:47","41","Information","Microsoft-Windows-WindowsUpdateClient","An update was downloaded."
"20-07-2026 10:09:45","26","Information","Microsoft-Windows-WindowsUpdateClient","Windows Update successfully found 1 updates."
"20-07-2026 10:08:50","41","Information","Microsoft-Windows-WindowsUpdateClient","An update was downloaded."
"20-07-2026 10:07:38","41","Information","Microsoft-Windows-WindowsUpdateClient","An update was downloaded."
"20-07-2026 10:06:47","26","Information","Microsoft-Windows-WindowsUpdateClient","Windows Update successfully found 9 updates."
"20-07-2026 10:04:25","26","Information","Microsoft-Windows-WindowsUpdateClient","Windows Update successfully found 9 updates."
"20-07-2026 10:04:25","41","Information","Microsoft-Windows-WindowsUpdateClient","An update was downloaded."
"20-07-2026 10:03:59","26","Information","Microsoft-Windows-WindowsUpdateClient","Windows Update successfully found 39 updates."
"20-07-2026 10:03:55","26","Information","Microsoft-Windows-WindowsUpdateClient","Windows Update successfully found 5 updates."
"20-07-2026 10:03:39","26","Information","Microsoft-Windows-WindowsUpdateClient","Windows Update successfully found 16 updates."
"20-07-2026 10:03:27","26","Information","Microsoft-Windows-WindowsUpdateClient","Windows Update successfully found 1 updates."
"15-07-2026 16:58:12","26","Information","Microsoft-Windows-WindowsUpdateClient","Windows Update successfully found 0 updates."
"15-07-2026 16:58:12","26","Information","Microsoft-Windows-WindowsUpdateClient","Windows Update successfully found 0 updates."
"15-07-2026 14:58:53","41","Information","Microsoft-Windows-WindowsUpdateClient","An update was downloaded."
"15-07-2026 14:58:39","26","Information","Microsoft-Windows-WindowsUpdateClient","Windows Update successfully found 0 updates."
"15-07-2026 14:58:39","26","Information","Microsoft-Windows-WindowsUpdateClient","Windows Update successfully found 1 updates."
"15-07-2026 13:23:07","26","Information","Microsoft-Windows-WindowsUpdateClient","Windows Update successfully found 0 updates."
"15-07-2026 12:58:06","26","Information","Microsoft-Windows-WindowsUpdateClient","Windows Update successfully found 0 updates."
"15-07-2026 12:58:06","26","Information","Microsoft-Windows-WindowsUpdateClient","Windows Update successfully found 0 updates."
"15-07-2026 12:20:40","41","Information","Microsoft-Windows-WindowsUpdateClient","An update was downloaded."
"15-07-2026 12:20:40","26","Information","Microsoft-Windows-WindowsUpdateClient","Windows Update successfully found 0 updates."
"15-07-2026 12:20:40","26","Information","Microsoft-Windows-WindowsUpdateClient","Windows Update successfully found 1 updates."
"15-07-2026 10:59:05","41","Information","Microsoft-Windows-WindowsUpdateClient","An update was downloaded."
"15-07-2026 10:58:25","26","Information","Microsoft-Windows-WindowsUpdateClient","Windows Update successfully found 0 updates."
"15-07-2026 10:58:25","26","Information","Microsoft-Windows-WindowsUpdateClient","Windows Update successfully found 1 updates."
"15-07-2026 10:36:13","26","Information","Microsoft-Windows-WindowsUpdateClient","Windows Update successfully found 0 updates."
"15-07-2026 10:35:57","26","Information","Microsoft-Windows-WindowsUpdateClient","Windows Update successfully found 1 updates."
"15-07-2026 09:17:00","26","Information","Microsoft-Windows-WindowsUpdateClient","Windows Update successfully found 5 updates."
"15-07-2026 09:16:05","25","Error","Microsoft-Windows-WindowsUpdateClient","Windows Update failed to check for updates with error 0x80240438."
"14-07-2026 20:17:38","26","Information","Microsoft-Windows-WindowsUpdateClient","Windows Update successfully found 0 updates."
"14-07-2026 20:17:38","26","Information","Microsoft-Windows-WindowsUpdateClient","Windows Update successfully found 0 updates."
"14-07-2026 20:07:33","41","Information","Microsoft-Windows-WindowsUpdateClient","An update was downloaded."
"14-07-2026 20:07:29","26","Information","Microsoft-Windows-WindowsUpdateClient","Windows Update successfully found 0 updates."
"14-07-2026 20:07:29","26","Information","Microsoft-Windows-WindowsUpdateClient","Windows Update successfully found 1 updates."
"14-07-2026 19:39:17","41","Information","Microsoft-Windows-WindowsUpdateClient","An update was downloaded."
"14-07-2026 19:34:09","41","Information","Microsoft-Windows-WindowsUpdateClient","An update was downloaded."
"14-07-2026 19:33:15","41","Information","Microsoft-Windows-WindowsUpdateClient","An update was downloaded."
"14-07-2026 19:32:58","41","Information","Microsoft-Windows-WindowsUpdateClient","An update was downloaded."
"14-07-2026 19:31:10","41","Information","Microsoft-Windows-WindowsUpdateClient","An update was downloaded."
"14-07-2026 19:30:07","41","Information","Microsoft-Windows-WindowsUpdateClient","An update was downloaded."
"14-07-2026 19:30:07","41","Information","Microsoft-Windows-WindowsUpdateClient","An update was downloaded."
"14-07-2026 19:28:54","41","Information","Microsoft-Windows-WindowsUpdateClient","An update was downloaded."
"14-07-2026 19:28:48","41","Information","Microsoft-Windows-WindowsUpdateClient","An update was downloaded."
"14-07-2026 19:28:42","41","Information","Microsoft-Windows-WindowsUpdateClient","An update was downloaded."
"14-07-2026 19:26:49","26","Information","Microsoft-Windows-WindowsUpdateClient","Windows Update successfully found 6 updates."
"14-07-2026 19:25:25","26","Information","Microsoft-Windows-WindowsUpdateClient","Windows Update successfully found 6 updates."
"14-07-2026 19:25:05","26","Information","Microsoft-Windows-WindowsUpdateClient","Windows Update successfully found 35 updates."
"14-07-2026 19:24:43","26","Information","Microsoft-Windows-WindowsUpdateClient","Windows Update successfully found 13 updates."
"14-07-2026 18:07:20","41","Information","Microsoft-Windows-WindowsUpdateClient","An update was downloaded."
"14-07-2026 18:07:20","26","Information","Microsoft-Windows-WindowsUpdateClient","Windows Update successfully found 0 updates."
"14-07-2026 18:07:20","26","Information","Microsoft-Windows-WindowsUpdateClient","Windows Update successfully found 1 updates."
"14-07-2026 16:07:28","26","Information","Microsoft-Windows-WindowsUpdateClient","Windows Update successfully found 0 updates."
"14-07-2026 16:07:28","26","Information","Microsoft-Windows-WindowsUpdateClient","Windows Update successfully found 0 updates."
"14-07-2026 14:30:39","41","Information","Microsoft-Windows-WindowsUpdateClient","An update was downloaded."
"14-07-2026 14:30:34","41","Information","Microsoft-Windows-WindowsUpdateClient","An update was downloaded."
"14-07-2026 14:29:49","26","Information","Microsoft-Windows-WindowsUpdateClient","Windows Update successfully found 1 updates."
"14-07-2026 14:07:28","41","Information","Microsoft-Windows-WindowsUpdateClient","An update was downloaded."
"14-07-2026 14:07:27","26","Information","Microsoft-Windows-WindowsUpdateClient","Windows Update successfully found 0 updates."
"14-07-2026 14:07:27","26","Information","Microsoft-Windows-WindowsUpdateClient","Windows Update successfully found 1 updates."
"14-07-2026 13:37:28","26","Information","Microsoft-Windows-WindowsUpdateClient","Windows Update successfully found 0 updates."
"14-07-2026 13:37:28","26","Information","Microsoft-Windows-WindowsUpdateClient","Windows Update successfully found 0 updates."
"14-07-2026 12:07:20","41","Information","Microsoft-Windows-WindowsUpdateClient","An update was downloaded."
"14-07-2026 12:07:19","26","Information","Microsoft-Windows-WindowsUpdateClient","Windows Update successfully found 0 updates."
"14-07-2026 12:07:19","26","Information","Microsoft-Windows-WindowsUpdateClient","Windows Update successfully found 1 updates."
"14-07-2026 10:37:16","26","Information","Microsoft-Windows-WindowsUpdateClient","Windows Update successfully found 0 updates."
"14-07-2026 10:36:58","26","Information","Microsoft-Windows-WindowsUpdateClient","Windows Update successfully found 0 updates."
"14-07-2026 10:07:40","26","Information","Microsoft-Windows-WindowsUpdateClient","Windows Update successfully found 0 updates."
"14-07-2026 10:07:40","26","Information","Microsoft-Windows-WindowsUpdateClient","Windows Update successfully found 0 updates."
"14-07-2026 09:52:58","41","Information","Microsoft-Windows-WindowsUpdateClient","An update was downloaded."
"14-07-2026 09:52:51","41","Information","Microsoft-Windows-WindowsUpdateClient","An update was downloaded."
"14-07-2026 09:52:50","26","Information","Microsoft-Windows-WindowsUpdateClient","Windows Update successfully found 5 updates."
"14-07-2026 09:52:38","26","Information","Microsoft-Windows-WindowsUpdateClient","Windows Update successfully found 1 updates."
"14-07-2026 09:37:37","41","Information","Microsoft-Windows-WindowsUpdateClient","An update was downloaded."
"14-07-2026 09:36:49","41","Information","Microsoft-Windows-WindowsUpdateClient","An update was downloaded."
"14-07-2026 09:36:49","41","Information","Microsoft-Windows-WindowsUpdateClient","An update was downloaded."
"13-07-2026 19:16:43","26","Information","Microsoft-Windows-WindowsUpdateClient","Windows Update successfully found 0 updates."
"13-07-2026 19:15:49","26","Information","Microsoft-Windows-WindowsUpdateClient","Windows Update successfully found 0 updates."
"13-07-2026 19:15:32","26","Information","Microsoft-Windows-WindowsUpdateClient","Windows Update successfully found 34 updates."
"13-07-2026 19:15:13","26","Information","Microsoft-Windows-WindowsUpdateClient","Windows Update successfully found 7 updates."
"13-07-2026 18:59:24","26","Information","Microsoft-Windows-WindowsUpdateClient","Windows Update successfully found 0 updates."
"13-07-2026 18:59:24","26","Information","Microsoft-Windows-WindowsUpdateClient","Windows Update successfully found 0 updates."
"13-07-2026 16:59:29","41","Information","Microsoft-Windows-WindowsUpdateClient","An update was downloaded."
"13-07-2026 16:59:29","26","Information","Microsoft-Windows-WindowsUpdateClient","Windows Update successfully found 0 updates."
"13-07-2026 16:59:29","26","Information","Microsoft-Windows-WindowsUpdateClient","Windows Update successfully found 1 updates."
"13-07-2026 15:51:19","26","Information","Microsoft-Windows-WindowsUpdateClient","Windows Update successfully found 0 updates."
"13-07-2026 15:51:07","26","Information","Microsoft-Windows-WindowsUpdateClient","Windows Update successfully found 0 updates."
"13-07-2026 14:59:09","26","Information","Microsoft-Windows-WindowsUpdateClient","Windows Update successfully found 0 updates."
"13-07-2026 14:59:09","26","Information","Microsoft-Windows-WindowsUpdateClient","Windows Update successfully found 0 updates."
"13-07-2026 14:49:56","41","Information","Microsoft-Windows-WindowsUpdateClient","An update was downloaded."
"13-07-2026 14:49:56","26","Information","Microsoft-Windows-WindowsUpdateClient","Windows Update successfully found 0 updates."
"13-07-2026 14:49:56","26","Information","Microsoft-Windows-WindowsUpdateClient","Windows Update successfully found 1 updates."
"13-07-2026 12:59:49","41","Information","Microsoft-Windows-WindowsUpdateClient","An update was downloaded."
"13-07-2026 12:59:49","26","Information","Microsoft-Windows-WindowsUpdateClient","Windows Update successfully found 0 updates."
"13-07-2026 12:59:49","26","Information","Microsoft-Windows-WindowsUpdateClient","Windows Update successfully found 1 updates."
"13-07-2026 10:59:07","26","Information","Microsoft-Windows-WindowsUpdateClient","Windows Update successfully found 0 updates."
"13-07-2026 10:59:07","26","Information","Microsoft-Windows-WindowsUpdateClient","Windows Update successfully found 0 updates."
"13-07-2026 10:12:11","41","Information","Microsoft-Windows-WindowsUpdateClient","An update was downloaded."
"13-07-2026 10:12:11","26","Information","Microsoft-Windows-WindowsUpdateClient","Windows Update successfully found 5 updates."
"13-07-2026 10:12:00","26","Information","Microsoft-Windows-WindowsUpdateClient","Windows Update successfully found 1 updates."
"13-07-2026 10:04:46","26","Information","Microsoft-Windows-WindowsUpdateClient","Windows Update successfully found 0 updates."
"12-07-2026 20:42:52","41","Information","Microsoft-Windows-WindowsUpdateClient","An update was downloaded."
"12-07-2026 20:42:52","26","Information","Microsoft-Windows-WindowsUpdateClient","Windows Update successfully found 0 updates."
"12-07-2026 20:42:52","26","Information","Microsoft-Windows-WindowsUpdateClient","Windows Update successfully found 1 updates."
"12-07-2026 19:53:30","41","Information","Microsoft-Windows-WindowsUpdateClient","An update was downloaded."
"12-07-2026 19:53:24","41","Information","Microsoft-Windows-WindowsUpdateClient","An update was downloaded."
"12-07-2026 19:53:17","41","Information","Microsoft-Windows-WindowsUpdateClient","An update was downloaded."
"12-07-2026 19:53:17","41","Information","Microsoft-Windows-WindowsUpdateClient","An update was downloaded."
"12-07-2026 18:49:45","26","Information","Microsoft-Windows-WindowsUpdateClient","Windows Update successfully found 0 updates."
"12-07-2026 18:48:38","26","Information","Microsoft-Windows-WindowsUpdateClient","Windows Update successfully found 0 updates."
"12-07-2026 18:48:23","26","Information","Microsoft-Windows-WindowsUpdateClient","Windows Update successfully found 34 updates."
"12-07-2026 18:48:04","26","Information","Microsoft-Windows-WindowsUpdateClient","Windows Update successfully found 7 updates."
"12-07-2026 18:42:49","26","Information","Microsoft-Windows-WindowsUpdateClient","Windows Update successfully found 0 updates."
"12-07-2026 18:42:49","26","Information","Microsoft-Windows-WindowsUpdateClient","Windows Update successfully found 0 updates."
"12-07-2026 18:36:37","26","Information","Microsoft-Windows-WindowsUpdateClient","Windows Update successfully found 0 updates."
"12-07-2026 18:28:38","41","Information","Microsoft-Windows-WindowsUpdateClient","An update was downloaded."
"12-07-2026 18:27:31","41","Information","Microsoft-Windows-WindowsUpdateClient","An update was downloaded."
"12-07-2026 18:27:30","26","Information","Microsoft-Windows-WindowsUpdateClient","Windows Update successfully found 5 updates."
"12-07-2026 18:27:05","41","Information","Microsoft-Windows-WindowsUpdateClient","An update was downloaded."
"12-07-2026 18:26:27","26","Information","Microsoft-Windows-WindowsUpdateClient","Windows Update successfully found 1 updates."
"12-07-2026 18:26:23","41","Information","Microsoft-Windows-WindowsUpdateClient","An update was downloaded."
"12-07-2026 18:26:13","41","Information","Microsoft-Windows-WindowsUpdateClient","An update was downloaded."
"12-07-2026 18:26:02","41","Information","Microsoft-Windows-WindowsUpdateClient","An update was downloaded."
"12-07-2026 18:25:52","41","Information","Microsoft-Windows-WindowsUpdateClient","An update was downloaded."
"12-07-2026 18:25:44","41","Information","Microsoft-Windows-WindowsUpdateClient","An update was downloaded."
"11-07-2026 18:11:13","26","Information","Microsoft-Windows-WindowsUpdateClient","Windows Update successfully found 0 updates."
"11-07-2026 17:22:15","26","Information","Microsoft-Windows-WindowsUpdateClient","Windows Update successfully found 0 updates."
"11-07-2026 15:36:56","26","Information","Microsoft-Windows-WindowsUpdateClient","Windows Update successfully found 0 updates."
"11-07-2026 15:36:56","26","Information","Microsoft-Windows-WindowsUpdateClient","Windows Update successfully found 0 updates."
"11-07-2026 15:33:23","41","Information","Microsoft-Windows-WindowsUpdateClient","An update was downloaded."
"11-07-2026 15:33:23","26","Information","Microsoft-Windows-WindowsUpdateClient","Windows Update successfully found 0 updates."
"11-07-2026 15:33:23","26","Information","Microsoft-Windows-WindowsUpdateClient","Windows Update successfully found 1 updates."
"11-07-2026 13:33:26","41","Information","Microsoft-Windows-WindowsUpdateClient","An update was downloaded."
"11-07-2026 13:33:26","26","Information","Microsoft-Windows-WindowsUpdateClient","Windows Update successfully found 0 updates."
"11-07-2026 13:33:26","26","Information","Microsoft-Windows-WindowsUpdateClient","Windows Update successfully found 1 updates."
"11-07-2026 11:56:02","26","Information","Microsoft-Windows-WindowsUpdateClient","Windows Update successfully found 3 updates."
"11-07-2026 11:54:51","26","Information","Microsoft-Windows-WindowsUpdateClient","Windows Update successfully found 3 updates."
"11-07-2026 11:54:29","26","Information","Microsoft-Windows-WindowsUpdateClient","Windows Update successfully found 34 updates."
"11-07-2026 11:54:05","26","Information","Microsoft-Windows-WindowsUpdateClient","Windows Update successfully found 10 updates."
"11-07-2026 11:32:46","26","Information","Microsoft-Windows-WindowsUpdateClient","Windows Update successfully found 0 updates."
"11-07-2026 11:32:46","26","Information","Microsoft-Windows-WindowsUpdateClient","Windows Update successfully found 0 updates."
"11-07-2026 09:59:23","41","Information","Microsoft-Windows-WindowsUpdateClient","An update was downloaded."
"11-07-2026 09:59:23","26","Information","Microsoft-Windows-WindowsUpdateClient","Windows Update successfully found 5 updates."
"11-07-2026 09:59:10","26","Information","Microsoft-Windows-WindowsUpdateClient","Windows Update successfully found 1 updates."
"11-07-2026 09:32:44","41","Information","Microsoft-Windows-WindowsUpdateClient","An update was downloaded."
"11-07-2026 09:32:44","26","Information","Microsoft-Windows-WindowsUpdateClient","Windows Update successfully found 0 updates."
"11-07-2026 09:32:44","26","Information","Microsoft-Windows-WindowsUpdateClient","Windows Update successfully found 1 updates."
"11-07-2026 09:12:58","26","Information","Microsoft-Windows-WindowsUpdateClient","Windows Update successfully found 0 updates."
"11-07-2026 09:12:13","26","Information","Microsoft-Windows-WindowsUpdateClient","Windows Update successfully found 0 updates."
"11-07-2026 09:11:57","26","Information","Microsoft-Windows-WindowsUpdateClient","Windows Update successfully found 1 updates."
"10-07-2026 15:30:00","41","Information","Microsoft-Windows-WindowsUpdateClient","An update was downloaded."
"10-07-2026 15:30:00","26","Information","Microsoft-Windows-WindowsUpdateClient","Windows Update successfully found 0 updates."
"10-07-2026 15:30:00","26","Information","Microsoft-Windows-WindowsUpdateClient","Windows Update successfully found 1 updates."
"10-07-2026 13:45:32","26","Information","Microsoft-Windows-WindowsUpdateClient","Windows Update successfully found 0 updates."
"10-07-2026 13:45:32","26","Information","Microsoft-Windows-WindowsUpdateClient","Windows Update successfully found 0 updates."
"10-07-2026 13:29:38","26","Information","Microsoft-Windows-WindowsUpdateClient","Windows Update successfully found 0 updates."
"10-07-2026 13:29:38","26","Information","Microsoft-Windows-WindowsUpdateClient","Windows Update successfully found 0 updates."
"10-07-2026 11:29:36","41","Information","Microsoft-Windows-WindowsUpdateClient","An update was downloaded."
"10-07-2026 11:29:36","26","Information","Microsoft-Windows-WindowsUpdateClient","Windows Update successfully found 0 updates."
"10-07-2026 11:29:36","26","Information","Microsoft-Windows-WindowsUpdateClient","Windows Update successfully found 1 updates."
"10-07-2026 11:04:25","26","Information","Microsoft-Windows-WindowsUpdateClient","Windows Update successfully found 3 updates."
"10-07-2026 11:03:14","26","Information","Microsoft-Windows-WindowsUpdateClient","Windows Update successfully found 3 updates."
"10-07-2026 11:02:51","26","Information","Microsoft-Windows-WindowsUpdateClient","Windows Update successfully found 34 updates."
"10-07-2026 11:02:26","26","Information","Microsoft-Windows-WindowsUpdateClient","Windows Update successfully found 10 updates."
"10-07-2026 10:44:01","26","Information","Microsoft-Windows-WindowsUpdateClient","Windows Update successfully found 0 updates."
"10-07-2026 10:43:49","26","Information","Microsoft-Windows-WindowsUpdateClient","Windows Update successfully found 0 updates."
"10-07-2026 10:43:41","26","Information","Microsoft-Windows-WindowsUpdateClient","Windows Update successfully found 0 updates."
"10-07-2026 10:42:29","26","Information","Microsoft-Windows-WindowsUpdateClient","Windows Update successfully found 0 updates."
"10-07-2026 10:06:30","26","Information","Microsoft-Windows-WindowsUpdateClient","Windows Update successfully found 0 updates."
"10-07-2026 10:06:11","26","Information","Microsoft-Windows-WindowsUpdateClient","Windows Update successfully found 0 updates."
"10-07-2026 10:01:30","41","Information","Microsoft-Windows-WindowsUpdateClient","An update was downloaded."
"10-07-2026 10:01:29","26","Information","Microsoft-Windows-WindowsUpdateClient","Windows Update successfully found 5 updates."
"10-07-2026 10:01:15","26","Information","Microsoft-Windows-WindowsUpdateClient","Windows Update successfully found 1 updates."
"09-07-2026 20:14:22","41","Information","Microsoft-Windows-WindowsUpdateClient","An update was downloaded."
"09-07-2026 20:14:22","26","Information","Microsoft-Windows-WindowsUpdateClient","Windows Update successfully found 0 updates."
"09-07-2026 20:14:22","26","Information","Microsoft-Windows-WindowsUpdateClient","Windows Update successfully found 1 updates."
"09-07-2026 18:14:36","41","Information","Microsoft-Windows-WindowsUpdateClient","An update was downloaded."
"09-07-2026 18:14:36","26","Information","Microsoft-Windows-WindowsUpdateClient","Windows Update successfully found 0 updates."
"09-07-2026 18:14:36","26","Information","Microsoft-Windows-WindowsUpdateClient","Windows Update successfully found 1 updates."
"09-07-2026 16:14:17","26","Information","Microsoft-Windows-WindowsUpdateClient","Windows Update successfully found 0 updates."
"09-07-2026 16:14:17","26","Information","Microsoft-Windows-WindowsUpdateClient","Windows Update successfully found 0 updates."
"09-07-2026 14:24:28","26","Information","Microsoft-Windows-WindowsUpdateClient","Windows Update successfully found 0 updates."
"09-07-2026 14:24:28","26","Information","Microsoft-Windows-WindowsUpdateClient","Windows Update successfully found 0 updates."
"09-07-2026 14:14:23","41","Information","Microsoft-Windows-WindowsUpdateClient","An update was downloaded."
"09-07-2026 14:14:23","26","Information","Microsoft-Windows-WindowsUpdateClient","Windows Update successfully found 0 updates."
"09-07-2026 14:14:23","26","Information","Microsoft-Windows-WindowsUpdateClient","Windows Update successfully found 1 updates."
"09-07-2026 13:24:52","26","Information","Microsoft-Windows-WindowsUpdateClient","Windows Update successfully found 0 updates."
"09-07-2026 13:24:52","26","Information","Microsoft-Windows-WindowsUpdateClient","Windows Update successfully found 0 updates."
"09-07-2026 12:02:08","41","Information","Microsoft-Windows-WindowsUpdateClient","An update was downloaded."
"09-07-2026 12:02:08","26","Information","Microsoft-Windows-WindowsUpdateClient","Windows Update successfully found 0 updates."
"09-07-2026 12:02:08","26","Information","Microsoft-Windows-WindowsUpdateClient","Windows Update successfully found 1 updates."
"09-07-2026 11:41:14","26","Information","Microsoft-Windows-WindowsUpdateClient","Windows Update successfully found 0 updates."
"09-07-2026 11:40:45","26","Information","Microsoft-Windows-WindowsUpdateClient","Windows Update successfully found 1 updates."
"09-07-2026 11:20:44","41","Information","Microsoft-Windows-WindowsUpdateClient","An update was downloaded."
"09-07-2026 11:20:39","41","Information","Microsoft-Windows-WindowsUpdateClient","An update was downloaded."
"09-07-2026 11:20:34","41","Information","Microsoft-Windows-WindowsUpdateClient","An update was downloaded."
"09-07-2026 11:20:27","41","Information","Microsoft-Windows-WindowsUpdateClient","An update was downloaded."
"09-07-2026 11:20:19","41","Information","Microsoft-Windows-WindowsUpdateClient","An update was downloaded."
"09-07-2026 10:57:40","26","Information","Microsoft-Windows-WindowsUpdateClient","Windows Update successfully found 1 updates."
"09-07-2026 10:56:43","26","Information","Microsoft-Windows-WindowsUpdateClient","Windows Update successfully found 1 updates."
"09-07-2026 10:56:26","26","Information","Microsoft-Windows-WindowsUpdateClient","Windows Update successfully found 34 updates."
"09-07-2026 10:56:07","26","Information","Microsoft-Windows-WindowsUpdateClient","Windows Update successfully found 8 updates."
"09-07-2026 10:01:57","26","Information","Microsoft-Windows-WindowsUpdateClient","Windows Update successfully found 0 updates."
"09-07-2026 10:01:57","26","Information","Microsoft-Windows-WindowsUpdateClient","Windows Update successfully found 0 updates."
"09-07-2026 09:11:07","41","Information","Microsoft-Windows-WindowsUpdateClient","An update was downloaded."
"09-07-2026 09:11:00","26","Information","Microsoft-Windows-WindowsUpdateClient","Windows Update successfully found 5 updates."
"09-07-2026 09:10:47","26","Information","Microsoft-Windows-WindowsUpdateClient","Windows Update successfully found 1 updates."
"09-07-2026 09:10:21","26","Information","Microsoft-Windows-WindowsUpdateClient","Windows Update successfully found 0 updates."
"08-07-2026 18:26:02","41","Information","Microsoft-Windows-WindowsUpdateClient","An update was downloaded."
"08-07-2026 18:26:02","26","Information","Microsoft-Windows-WindowsUpdateClient","Windows Update successfully found 0 updates."
"08-07-2026 18:26:02","26","Information","Microsoft-Windows-WindowsUpdateClient","Windows Update successfully found 1 updates."
"08-07-2026 16:26:08","41","Information","Microsoft-Windows-WindowsUpdateClient","An update was downloaded."
"08-07-2026 16:26:08","26","Information","Microsoft-Windows-WindowsUpdateClient","Windows Update successfully found 0 updates."
"08-07-2026 16:26:08","26","Information","Microsoft-Windows-WindowsUpdateClient","Windows Update successfully found 1 updates."
"08-07-2026 14:59:18","26","Information","Microsoft-Windows-WindowsUpdateClient","Windows Update successfully found 0 updates."
"08-07-2026 14:59:18","26","Information","Microsoft-Windows-WindowsUpdateClient","Windows Update successfully found 0 updates."
"08-07-2026 14:26:09","41","Information","Microsoft-Windows-WindowsUpdateClient","An update was downloaded."
"08-07-2026 14:26:09","26","Information","Microsoft-Windows-WindowsUpdateClient","Windows Update successfully found 0 updates."
"08-07-2026 14:26:09","26","Information","Microsoft-Windows-WindowsUpdateClient","Windows Update successfully found 1 updates."
"08-07-2026 12:26:11","41","Information","Microsoft-Windows-WindowsUpdateClient","An update was downloaded."
"08-07-2026 12:26:07","26","Information","Microsoft-Windows-WindowsUpdateClient","Windows Update successfully found 0 updates."
"08-07-2026 12:26:07","26","Information","Microsoft-Windows-WindowsUpdateClient","Windows Update successfully found 1 updates."
"08-07-2026 11:59:19","41","Information","Microsoft-Windows-WindowsUpdateClient","An update was downloaded."
"08-07-2026 11:59:18","41","Information","Microsoft-Windows-WindowsUpdateClient","An update was downloaded."
"08-07-2026 11:58:48","26","Information","Microsoft-Windows-WindowsUpdateClient","Windows Update successfully found 1 updates."
"08-07-2026 10:57:18","26","Information","Microsoft-Windows-WindowsUpdateClient","Windows Update successfully found 0 updates."
"08-07-2026 10:57:07","26","Information","Microsoft-Windows-WindowsUpdateClient","Windows Update successfully found 0 updates."
"08-07-2026 10:37:01","41","Information","Microsoft-Windows-WindowsUpdateClient","An update was downloaded."
"08-07-2026 10:36:41","41","Information","Microsoft-Windows-WindowsUpdateClient","An update was downloaded."
"08-07-2026 10:36:36","41","Information","Microsoft-Windows-WindowsUpdateClient","An update was downloaded."
"08-07-2026 10:36:30","41","Information","Microsoft-Windows-WindowsUpdateClient","An update was downloaded."
"08-07-2026 10:36:07","41","Information","Microsoft-Windows-WindowsUpdateClient","An update was downloaded."
"08-07-2026 10:36:02","41","Information","Microsoft-Windows-WindowsUpdateClient","An update was downloaded."
"08-07-2026 10:35:57","41","Information","Microsoft-Windows-WindowsUpdateClient","An update was downloaded."
"08-07-2026 10:35:31","26","Information","Microsoft-Windows-WindowsUpdateClient","Windows Update successfully found 3 updates."
"08-07-2026 10:34:31","26","Information","Microsoft-Windows-WindowsUpdateClient","Windows Update successfully found 3 updates."
"08-07-2026 10:34:15","26","Information","Microsoft-Windows-WindowsUpdateClient","Windows Update successfully found 34 updates."
"08-07-2026 10:33:56","26","Information","Microsoft-Windows-WindowsUpdateClient","Windows Update successfully found 10 updates."
"08-07-2026 10:26:24","41","Information","Microsoft-Windows-WindowsUpdateClient","An update was downloaded."
"08-07-2026 10:26:24","41","Information","Microsoft-Windows-WindowsUpdateClient","An update was downloaded."
"08-07-2026 10:26:06","26","Information","Microsoft-Windows-WindowsUpdateClient","Windows Update successfully found 0 updates."
"08-07-2026 10:26:06","26","Information","Microsoft-Windows-WindowsUpdateClient","Windows Update successfully found 2 updates."
"08-07-2026 08:32:06","41","Information","Microsoft-Windows-WindowsUpdateClient","An update was downloaded."
"08-07-2026 08:31:42","26","Information","Microsoft-Windows-WindowsUpdateClient","Windows Update successfully found 4 updates."
"08-07-2026 08:31:29","26","Information","Microsoft-Windows-WindowsUpdateClient","Windows Update successfully found 1 updates."
"07-07-2026 17:57:34","26","Information","Microsoft-Windows-WindowsUpdateClient","Windows Update successfully found 0 updates."
"07-07-2026 17:57:34","26","Information","Microsoft-Windows-WindowsUpdateClient","Windows Update successfully found 0 updates."
"07-07-2026 15:57:31","26","Information","Microsoft-Windows-WindowsUpdateClient","Windows Update successfully found 0 updates."
"07-07-2026 15:57:31","26","Information","Microsoft-Windows-WindowsUpdateClient","Windows Update successfully found 0 updates."
"07-07-2026 15:09:31","26","Information","Microsoft-Windows-WindowsUpdateClient","Windows Update successfully found 0 updates."
"07-07-2026 15:09:21","26","Information","Microsoft-Windows-WindowsUpdateClient","Windows Update successfully found 0 updates."
"07-07-2026 14:59:16","26","Information","Microsoft-Windows-WindowsUpdateClient","Windows Update successfully found 0 updates."
"07-07-2026 14:59:16","26","Information","Microsoft-Windows-WindowsUpdateClient","Windows Update successfully found 0 updates."
"07-07-2026 13:57:23","26","Information","Microsoft-Windows-WindowsUpdateClient","Windows Update successfully found 0 updates."
"07-07-2026 13:57:23","26","Information","Microsoft-Windows-WindowsUpdateClient","Windows Update successfully found 0 updates."
"07-07-2026 11:57:40","26","Information","Microsoft-Windows-WindowsUpdateClient","Windows Update successfully found 0 updates."
"07-07-2026 11:57:40","26","Information","Microsoft-Windows-WindowsUpdateClient","Windows Update successfully found 0 updates."
"07-07-2026 09:38:50","26","Information","Microsoft-Windows-WindowsUpdateClient","Windows Update successfully found 0 updates."
"07-07-2026 09:38:50","26","Information","Microsoft-Windows-WindowsUpdateClient","Windows Update successfully found 0 updates."
"07-07-2026 09:35:43","26","Information","Microsoft-Windows-WindowsUpdateClient","Windows Update successfully found 0 updates."
"07-07-2026 09:32:27","26","Information","Microsoft-Windows-WindowsUpdateClient","Windows Update successfully found 0 updates."
"07-07-2026 09:25:09","26","Information","Microsoft-Windows-WindowsUpdateClient","Windows Update successfully found 2 updates."
"07-07-2026 09:24:03","41","Information","Microsoft-Windows-WindowsUpdateClient","An update was downloaded."
"07-07-2026 09:24:02","26","Information","Microsoft-Windows-WindowsUpdateClient","Windows Update successfully found 2 updates."
"07-07-2026 09:24:02","26","Information","Microsoft-Windows-WindowsUpdateClient","Windows Update successfully found 0 updates."
"07-07-2026 09:23:58","26","Information","Microsoft-Windows-WindowsUpdateClient","Windows Update successfully found 1 updates."
"07-07-2026 09:23:58","26","Information","Microsoft-Windows-WindowsUpdateClient","Windows Update successfully found 4 updates."
"07-07-2026 09:23:48","26","Information","Microsoft-Windows-WindowsUpdateClient","Windows Update successfully found 34 updates."
"07-07-2026 09:23:48","26","Information","Microsoft-Windows-WindowsUpdateClient","Windows Update successfully found 1 updates."
"07-07-2026 09:23:30","26","Information","Microsoft-Windows-WindowsUpdateClient","Windows Update successfully found 9 updates."
"06-07-2026 17:14:47","41","Information","Microsoft-Windows-WindowsUpdateClient","An update was downloaded."
"06-07-2026 17:14:47","26","Information","Microsoft-Windows-WindowsUpdateClient","Windows Update successfully found 0 updates."
"06-07-2026 17:14:47","26","Information","Microsoft-Windows-WindowsUpdateClient","Windows Update successfully found 1 updates."
"06-07-2026 15:42:53","26","Information","Microsoft-Windows-WindowsUpdateClient","Windows Update successfully found 0 updates."
"06-07-2026 15:42:42","26","Information","Microsoft-Windows-WindowsUpdateClient","Windows Update successfully found 0 updates."
"06-07-2026 15:14:19","26","Information","Microsoft-Windows-WindowsUpdateClient","Windows Update successfully found 0 updates."
"06-07-2026 15:14:19","26","Information","Microsoft-Windows-WindowsUpdateClient","Windows Update successfully found 0 updates."
"06-07-2026 15:01:33","41","Information","Microsoft-Windows-WindowsUpdateClient","An update was downloaded."
"06-07-2026 15:01:33","26","Information","Microsoft-Windows-WindowsUpdateClient","Windows Update successfully found 0 updates."
"06-07-2026 15:01:33","26","Information","Microsoft-Windows-WindowsUpdateClient","Windows Update successfully found 1 updates."
"06-07-2026 13:14:22","26","Information","Microsoft-Windows-WindowsUpdateClient","Windows Update successfully found 0 updates."
"06-07-2026 13:14:22","26","Information","Microsoft-Windows-WindowsUpdateClient","Windows Update successfully found 0 updates."
"06-07-2026 11:14:18","41","Information","Microsoft-Windows-WindowsUpdateClient","An update was downloaded."
"06-07-2026 11:14:18","26","Information","Microsoft-Windows-WindowsUpdateClient","Windows Update successfully found 0 updates."
"06-07-2026 11:14:18","26","Information","Microsoft-Windows-WindowsUpdateClient","Windows Update successfully found 1 updates."
"06-07-2026 09:27:14","26","Information","Microsoft-Windows-WindowsUpdateClient","Windows Update successfully found 4 updates."
"06-07-2026 09:27:01","26","Information","Microsoft-Windows-WindowsUpdateClient","Windows Update successfully found 0 updates."
"06-07-2026 09:24:54","41","Information","Microsoft-Windows-WindowsUpdateClient","An update was downloaded."
"06-07-2026 09:24:54","26","Information","Microsoft-Windows-WindowsUpdateClient","Windows Update successfully found 0 updates."
"06-07-2026 09:24:54","26","Information","Microsoft-Windows-WindowsUpdateClient","Windows Update successfully found 1 updates."
"06-07-2026 09:11:14","25","Error","Microsoft-Windows-WindowsUpdateClient","Windows Update failed to check for updates with error 0x8024402C."
"06-07-2026 09:11:14","25","Error","Microsoft-Windows-WindowsUpdateClient","Windows Update failed to check for updates with error 0x80240438."
"04-07-2026 14:17:41","41","Information","Microsoft-Windows-WindowsUpdateClient","An update was downloaded."
"04-07-2026 14:17:40","41","Information","Microsoft-Windows-WindowsUpdateClient","An update was downloaded."
"04-07-2026 14:17:05","26","Information","Microsoft-Windows-WindowsUpdateClient","Windows Update successfully found 1 updates."
"04-07-2026 14:06:38","26","Information","Microsoft-Windows-WindowsUpdateClient","Windows Update successfully found 0 updates."
"04-07-2026 14:06:25","26","Information","Microsoft-Windows-WindowsUpdateClient","Windows Update successfully found 0 updates."
"04-07-2026 14:03:09","41","Information","Microsoft-Windows-WindowsUpdateClient","An update was downloaded."
"04-07-2026 14:03:09","26","Information","Microsoft-Windows-WindowsUpdateClient","Windows Update successfully found 0 updates."
"04-07-2026 14:03:09","26","Information","Microsoft-Windows-WindowsUpdateClient","Windows Update successfully found 1 updates."
"04-07-2026 14:01:12","26","Information","Microsoft-Windows-WindowsUpdateClient","Windows Update successfully found 0 updates."
"04-07-2026 13:59:42","26","Information","Microsoft-Windows-WindowsUpdateClient","Windows Update successfully found 1 updates."
"04-07-2026 13:58:10","26","Information","Microsoft-Windows-WindowsUpdateClient","Windows Update successfully found 1 updates."
"04-07-2026 13:57:48","26","Information","Microsoft-Windows-WindowsUpdateClient","Windows Update successfully found 34 updates."
"04-07-2026 13:57:15","26","Information","Microsoft-Windows-WindowsUpdateClient","Windows Update successfully found 8 updates."
"03-07-2026 18:25:15","41","Information","Microsoft-Windows-WindowsUpdateClient","An update was downloaded."
"03-07-2026 18:25:13","26","Information","Microsoft-Windows-WindowsUpdateClient","Windows Update successfully found 0 updates."
"03-07-2026 18:25:13","26","Information","Microsoft-Windows-WindowsUpdateClient","Windows Update successfully found 1 updates."
"03-07-2026 17:24:47","26","Information","Microsoft-Windows-WindowsUpdateClient","Windows Update successfully found 0 updates."
"03-07-2026 17:24:33","26","Information","Microsoft-Windows-WindowsUpdateClient","Windows Update successfully found 0 updates."
"03-07-2026 16:25:10","41","Information","Microsoft-Windows-WindowsUpdateClient","An update was downloaded."
"03-07-2026 16:25:10","26","Information","Microsoft-Windows-WindowsUpdateClient","Windows Update successfully found 0 updates."
"03-07-2026 16:25:10","26","Information","Microsoft-Windows-WindowsUpdateClient","Windows Update successfully found 1 updates."
"03-07-2026 16:22:19","41","Information","Microsoft-Windows-WindowsUpdateClient","An update was downloaded."
"03-07-2026 16:21:57","41","Information","Microsoft-Windows-WindowsUpdateClient","An update was downloaded."
"03-07-2026 16:21:49","41","Information","Microsoft-Windows-WindowsUpdateClient","An update was downloaded."
"03-07-2026 14:40:03","26","Information","Microsoft-Windows-WindowsUpdateClient","Windows Update successfully found 0 updates."
"03-07-2026 14:40:03","26","Information","Microsoft-Windows-WindowsUpdateClient","Windows Update successfully found 0 updates."
"03-07-2026 13:30:53","41","Information","Microsoft-Windows-WindowsUpdateClient","An update was downloaded."
"03-07-2026 13:30:53","26","Information","Microsoft-Windows-WindowsUpdateClient","Windows Update successfully found 0 updates."
"03-07-2026 13:30:53","26","Information","Microsoft-Windows-WindowsUpdateClient","Windows Update successfully found 1 updates."
"03-07-2026 12:29:06","41","Information","Microsoft-Windows-WindowsUpdateClient","An update was downloaded."
"03-07-2026 12:29:01","41","Information","Microsoft-Windows-WindowsUpdateClient","An update was downloaded."
"03-07-2026 12:29:01","41","Information","Microsoft-Windows-WindowsUpdateClient","An update was downloaded."
"03-07-2026 11:39:40","26","Information","Microsoft-Windows-WindowsUpdateClient","Windows Update successfully found 2 updates."
"03-07-2026 11:38:37","26","Information","Microsoft-Windows-WindowsUpdateClient","Windows Update successfully found 2 updates."
"03-07-2026 11:38:21","26","Information","Microsoft-Windows-WindowsUpdateClient","Windows Update successfully found 34 updates."
"03-07-2026 11:38:01","26","Information","Microsoft-Windows-WindowsUpdateClient","Windows Update successfully found 9 updates."
"03-07-2026 11:30:46","26","Information","Microsoft-Windows-WindowsUpdateClient","Windows Update successfully found 0 updates."
"03-07-2026 11:30:46","26","Information","Microsoft-Windows-WindowsUpdateClient","Windows Update successfully found 0 updates."
"03-07-2026 11:25:11","26","Information","Microsoft-Windows-WindowsUpdateClient","Windows Update successfully found 0 updates."
"03-07-2026 10:28:00","41","Information","Microsoft-Windows-WindowsUpdateClient","An update was downloaded."
"03-07-2026 10:27:54","26","Information","Microsoft-Windows-WindowsUpdateClient","Windows Update successfully found 0 updates."
"03-07-2026 10:27:54","26","Information","Microsoft-Windows-WindowsUpdateClient","Windows Update successfully found 1 updates."
"03-07-2026 09:44:39","26","Information","Microsoft-Windows-WindowsUpdateClient","Windows Update successfully found 0 updates."
"03-07-2026 09:44:29","26","Information","Microsoft-Windows-WindowsUpdateClient","Windows Update successfully found 0 updates."
"03-07-2026 09:37:08","41","Information","Microsoft-Windows-WindowsUpdateClient","An update was downloaded."
"03-07-2026 09:37:08","26","Information","Microsoft-Windows-WindowsUpdateClient","Windows Update successfully found 4 updates."
"03-07-2026 09:36:56","26","Information","Microsoft-Windows-WindowsUpdateClient","Windows Update successfully found 1 updates."
"02-07-2026 18:42:04","41","Information","Microsoft-Windows-WindowsUpdateClient","An update was downloaded."
"02-07-2026 18:42:04","26","Information","Microsoft-Windows-WindowsUpdateClient","Windows Update successfully found 0 updates."
"02-07-2026 18:42:04","26","Information","Microsoft-Windows-WindowsUpdateClient","Windows Update successfully found 1 updates."
"02-07-2026 16:58:23","26","Information","Microsoft-Windows-WindowsUpdateClient","Windows Update successfully found 0 updates."
"02-07-2026 16:58:13","26","Information","Microsoft-Windows-WindowsUpdateClient","Windows Update successfully found 0 updates."
"02-07-2026 16:42:05","41","Information","Microsoft-Windows-WindowsUpdateClient","An update was downloaded."
"02-07-2026 16:42:05","26","Information","Microsoft-Windows-WindowsUpdateClient","Windows Update successfully found 0 updates."
"02-07-2026 16:42:05","26","Information","Microsoft-Windows-WindowsUpdateClient","Windows Update successfully found 1 updates."
"02-07-2026 14:55:39","26","Information","Microsoft-Windows-WindowsUpdateClient","Windows Update successfully found 0 updates."
"02-07-2026 14:55:39","26","Information","Microsoft-Windows-WindowsUpdateClient","Windows Update successfully found 0 updates."
"02-07-2026 14:12:12","41","Information","Microsoft-Windows-WindowsUpdateClient","An update was downloaded."
"02-07-2026 14:12:12","26","Information","Microsoft-Windows-WindowsUpdateClient","Windows Update successfully found 0 updates."
"02-07-2026 14:12:12","26","Information","Microsoft-Windows-WindowsUpdateClient","Windows Update successfully found 1 updates."
"02-07-2026 12:12:41","26","Information","Microsoft-Windows-WindowsUpdateClient","Windows Update successfully found 0 updates."
"02-07-2026 12:12:41","26","Information","Microsoft-Windows-WindowsUpdateClient","Windows Update successfully found 0 updates."
"02-07-2026 11:18:15","26","Information","Microsoft-Windows-WindowsUpdateClient","Windows Update successfully found 0 updates."
"02-07-2026 10:58:47","41","Information","Microsoft-Windows-WindowsUpdateClient","An update was downloaded."
"02-07-2026 10:58:08","41","Information","Microsoft-Windows-WindowsUpdateClient","An update was downloaded."
"02-07-2026 10:57:57","41","Information","Microsoft-Windows-WindowsUpdateClient","An update was downloaded."
"02-07-2026 10:57:51","41","Information","Microsoft-Windows-WindowsUpdateClient","An update was downloaded."
"02-07-2026 10:57:37","41","Information","Microsoft-Windows-WindowsUpdateClient","An update was downloaded."
"02-07-2026 10:57:32","41","Information","Microsoft-Windows-WindowsUpdateClient","An update was downloaded."
"02-07-2026 10:57:12","26","Information","Microsoft-Windows-WindowsUpdateClient","Windows Update successfully found 2 updates."
"02-07-2026 10:56:13","26","Information","Microsoft-Windows-WindowsUpdateClient","Windows Update successfully found 2 updates."
"02-07-2026 10:55:59","26","Information","Microsoft-Windows-WindowsUpdateClient","Windows Update successfully found 35 updates."
"02-07-2026 10:55:40","26","Information","Microsoft-Windows-WindowsUpdateClient","Windows Update successfully found 9 updates."
"02-07-2026 10:13:04","41","Information","Microsoft-Windows-WindowsUpdateClient","An update was downloaded."
"02-07-2026 10:12:15","26","Information","Microsoft-Windows-WindowsUpdateClient","Windows Update successfully found 0 updates."
"02-07-2026 10:12:15","26","Information","Microsoft-Windows-WindowsUpdateClient","Windows Update successfully found 1 updates."
"02-07-2026 09:18:29","41","Information","Microsoft-Windows-WindowsUpdateClient","An update was downloaded."
"02-07-2026 09:18:29","26","Information","Microsoft-Windows-WindowsUpdateClient","Windows Update successfully found 4 updates."
"02-07-2026 09:18:19","26","Information","Microsoft-Windows-WindowsUpdateClient","Windows Update successfully found 1 updates."
"01-07-2026 16:18:46","26","Information","Microsoft-Windows-WindowsUpdateClient","Windows Update successfully found 0 updates."
"01-07-2026 16:18:46","26","Information","Microsoft-Windows-WindowsUpdateClient","Windows Update successfully found 0 updates."
"01-07-2026 15:07:08","41","Information","Microsoft-Windows-WindowsUpdateClient","An update was downloaded."
"01-07-2026 15:07:08","26","Information","Microsoft-Windows-WindowsUpdateClient","Windows Update successfully found 0 updates."
"01-07-2026 15:07:08","26","Information","Microsoft-Windows-WindowsUpdateClient","Windows Update successfully found 1 updates."
"01-07-2026 14:18:51","41","Information","Microsoft-Windows-WindowsUpdateClient","An update was downloaded."
"01-07-2026 14:18:46","26","Information","Microsoft-Windows-WindowsUpdateClient","Windows Update successfully found 0 updates."
"01-07-2026 14:18:46","26","Information","Microsoft-Windows-WindowsUpdateClient","Windows Update successfully found 1 updates."
"01-07-2026 12:18:43","26","Information","Microsoft-Windows-WindowsUpdateClient","Windows Update successfully found 0 updates."
"01-07-2026 12:18:43","26","Information","Microsoft-Windows-WindowsUpdateClient","Windows Update successfully found 0 updates."
"01-07-2026 11:25:22","41","Information","Microsoft-Windows-WindowsUpdateClient","An update was downloaded."
"01-07-2026 10:53:38","41","Information","Microsoft-Windows-WindowsUpdateClient","An update was downloaded."
"01-07-2026 10:53:27","41","Information","Microsoft-Windows-WindowsUpdateClient","An update was downloaded."
"01-07-2026 10:53:24","41","Information","Microsoft-Windows-WindowsUpdateClient","An update was downloaded."
"01-07-2026 10:53:13","41","Information","Microsoft-Windows-WindowsUpdateClient","An update was downloaded."
"01-07-2026 10:52:53","41","Information","Microsoft-Windows-WindowsUpdateClient","An update was downloaded."
"01-07-2026 10:52:48","41","Information","Microsoft-Windows-WindowsUpdateClient","An update was downloaded."
"01-07-2026 10:52:48","41","Information","Microsoft-Windows-WindowsUpdateClient","An update was downloaded."
"01-07-2026 10:28:41","41","Information","Microsoft-Windows-WindowsUpdateClient","An update was downloaded."
"01-07-2026 10:28:30","26","Information","Microsoft-Windows-WindowsUpdateClient","Windows Update successfully found 5 updates."
"01-07-2026 10:26:52","26","Information","Microsoft-Windows-WindowsUpdateClient","Windows Update successfully found 5 updates."
"01-07-2026 10:26:31","26","Information","Microsoft-Windows-WindowsUpdateClient","Windows Update successfully found 34 updates."
"01-07-2026 10:26:06","26","Information","Microsoft-Windows-WindowsUpdateClient","Windows Update successfully found 12 updates."
"01-07-2026 10:26:06","26","Information","Microsoft-Windows-WindowsUpdateClient","Windows Update successfully found 4 updates."
"01-07-2026 10:25:51","26","Information","Microsoft-Windows-WindowsUpdateClient","Windows Update successfully found 0 updates."
"01-07-2026 10:19:31","41","Information","Microsoft-Windows-WindowsUpdateClient","An update was downloaded."
"01-07-2026 10:19:31","26","Information","Microsoft-Windows-WindowsUpdateClient","Windows Update successfully found 0 updates."
"01-07-2026 10:19:31","26","Information","Microsoft-Windows-WindowsUpdateClient","Windows Update successfully found 1 updates."
"01-07-2026 10:13:02","26","Information","Microsoft-Windows-WindowsUpdateClient","Windows Update successfully found 0 updates."
"30-06-2026 17:53:02","41","Information","Microsoft-Windows-WindowsUpdateClient","An update was downloaded."
"30-06-2026 17:53:02","26","Information","Microsoft-Windows-WindowsUpdateClient","Windows Update successfully found 0 updates."
"30-06-2026 17:53:02","26","Information","Microsoft-Windows-WindowsUpdateClient","Windows Update successfully found 1 updates."
"30-06-2026 15:53:06","26","Information","Microsoft-Windows-WindowsUpdateClient","Windows Update successfully found 0 updates."
"30-06-2026 15:53:06","26","Information","Microsoft-Windows-WindowsUpdateClient","Windows Update successfully found 0 updates."
"30-06-2026 13:53:02","41","Information","Microsoft-Windows-WindowsUpdateClient","An update was downloaded."
"30-06-2026 13:53:02","26","Information","Microsoft-Windows-WindowsUpdateClient","Windows Update successfully found 0 updates."
"30-06-2026 13:53:02","26","Information","Microsoft-Windows-WindowsUpdateClient","Windows Update successfully found 1 updates."
"30-06-2026 12:12:41","26","Information","Microsoft-Windows-WindowsUpdateClient","Windows Update successfully found 0 updates."
"30-06-2026 12:12:29","26","Information","Microsoft-Windows-WindowsUpdateClient","Windows Update successfully found 0 updates."
"30-06-2026 12:12:20","26","Information","Microsoft-Windows-WindowsUpdateClient","Windows Update successfully found 0 updates."
"30-06-2026 12:12:08","25","Error","Microsoft-Windows-WindowsUpdateClient","Windows Update failed to check for updates with error 0x8024402F."
"30-06-2026 12:01:35","26","Information","Microsoft-Windows-WindowsUpdateClient","Windows Update successfully found 0 updates."
"30-06-2026 12:01:35","26","Information","Microsoft-Windows-WindowsUpdateClient","Windows Update successfully found 0 updates."
"30-06-2026 11:53:13","41","Information","Microsoft-Windows-WindowsUpdateClient","An update was downloaded."
"30-06-2026 11:53:13","26","Information","Microsoft-Windows-WindowsUpdateClient","Windows Update successfully found 0 updates."
"30-06-2026 11:53:13","26","Information","Microsoft-Windows-WindowsUpdateClient","Windows Update successfully found 1 updates."
"30-06-2026 11:14:24","26","Information","Microsoft-Windows-WindowsUpdateClient","Windows Update successfully found 0 updates."
"30-06-2026 11:14:14","26","Information","Microsoft-Windows-WindowsUpdateClient","Windows Update successfully found 0 updates."
"30-06-2026 11:14:08","26","Information","Microsoft-Windows-WindowsUpdateClient","Windows Update successfully found 0 updates."
"30-06-2026 11:13:58","26","Information","Microsoft-Windows-WindowsUpdateClient","Windows Update successfully found 0 updates."
"30-06-2026 10:09:40","26","Information","Microsoft-Windows-WindowsUpdateClient","Windows Update successfully found 0 updates."
"30-06-2026 10:09:31","26","Information","Microsoft-Windows-WindowsUpdateClient","Windows Update successfully found 0 updates."
"30-06-2026 09:53:02","26","Information","Microsoft-Windows-WindowsUpdateClient","Windows Update successfully found 0 updates."
"30-06-2026 09:53:02","26","Information","Microsoft-Windows-WindowsUpdateClient","Windows Update successfully found 0 updates."
"30-06-2026 09:47:37","41","Information","Microsoft-Windows-WindowsUpdateClient","An update was downloaded."
"30-06-2026 09:47:24","41","Information","Microsoft-Windows-WindowsUpdateClient","An update was downloaded."
"30-06-2026 09:47:24","41","Information","Microsoft-Windows-WindowsUpdateClient","An update was downloaded."
"30-06-2026 09:47:18","41","Information","Microsoft-Windows-WindowsUpdateClient","An update was downloaded."
"30-06-2026 09:47:01","41","Information","Microsoft-Windows-WindowsUpdateClient","An update was downloaded."
"30-06-2026 09:46:56","41","Information","Microsoft-Windows-WindowsUpdateClient","An update was downloaded."
"30-06-2026 09:46:46","41","Information","Microsoft-Windows-WindowsUpdateClient","An update was downloaded."
"30-06-2026 09:46:46","41","Information","Microsoft-Windows-WindowsUpdateClient","An update was downloaded."
"30-06-2026 09:46:43","41","Information","Microsoft-Windows-WindowsUpdateClient","An update was downloaded."
"30-06-2026 09:23:47","26","Information","Microsoft-Windows-WindowsUpdateClient","Windows Update successfully found 1 updates."
"30-06-2026 09:23:32","41","Information","Microsoft-Windows-WindowsUpdateClient","An update was downloaded."
"30-06-2026 09:22:26","41","Information","Microsoft-Windows-WindowsUpdateClient","An update was downloaded."
"30-06-2026 09:22:20","26","Information","Microsoft-Windows-WindowsUpdateClient","Windows Update successfully found 1 updates."
"30-06-2026 09:22:20","26","Information","Microsoft-Windows-WindowsUpdateClient","Windows Update successfully found 2 updates."
"30-06-2026 09:21:58","26","Information","Microsoft-Windows-WindowsUpdateClient","Windows Update successfully found 34 updates."
"30-06-2026 09:21:48","26","Information","Microsoft-Windows-WindowsUpdateClient","Windows Update successfully found 1 updates."
"30-06-2026 09:21:27","26","Information","Microsoft-Windows-WindowsUpdateClient","Windows Update successfully found 13 updates."
"29-06-2026 18:34:44","41","Information","Microsoft-Windows-WindowsUpdateClient","An update was downloaded."
"29-06-2026 18:34:44","26","Information","Microsoft-Windows-WindowsUpdateClient","Windows Update successfully found 0 updates."
"29-06-2026 18:34:44","26","Information","Microsoft-Windows-WindowsUpdateClient","Windows Update successfully found 1 updates."
"29-06-2026 16:35:34","26","Information","Microsoft-Windows-WindowsUpdateClient","Windows Update successfully found 0 updates."
"29-06-2026 16:35:34","25","Error","Microsoft-Windows-WindowsUpdateClient","Windows Update failed to check for updates with error 0x8024402F."
"29-06-2026 14:35:03","41","Information","Microsoft-Windows-WindowsUpdateClient","An update was downloaded."
"29-06-2026 14:35:03","26","Information","Microsoft-Windows-WindowsUpdateClient","Windows Update successfully found 0 updates."
"29-06-2026 14:35:03","26","Information","Microsoft-Windows-WindowsUpdateClient","Windows Update successfully found 1 updates."
"29-06-2026 12:47:51","26","Information","Microsoft-Windows-WindowsUpdateClient","Windows Update successfully found 0 updates."
"29-06-2026 12:47:51","26","Information","Microsoft-Windows-WindowsUpdateClient","Windows Update successfully found 0 updates."
"29-06-2026 12:43:25","26","Information","Microsoft-Windows-WindowsUpdateClient","Windows Update successfully found 0 updates."
"29-06-2026 12:43:15","26","Information","Microsoft-Windows-WindowsUpdateClient","Windows Update successfully found 0 updates."
"29-06-2026 12:34:57","41","Information","Microsoft-Windows-WindowsUpdateClient","An update was downloaded."
"29-06-2026 12:34:57","26","Information","Microsoft-Windows-WindowsUpdateClient","Windows Update successfully found 0 updates."
"29-06-2026 12:34:57","26","Information","Microsoft-Windows-WindowsUpdateClient","Windows Update successfully found 1 updates."
"29-06-2026 10:34:40","26","Information","Microsoft-Windows-WindowsUpdateClient","Windows Update successfully found 0 updates."
"29-06-2026 10:34:40","26","Information","Microsoft-Windows-WindowsUpdateClient","Windows Update successfully found 0 updates."
"29-06-2026 09:24:09","41","Information","Microsoft-Windows-WindowsUpdateClient","An update was downloaded."
"29-06-2026 09:23:18","41","Information","Microsoft-Windows-WindowsUpdateClient","An update was downloaded."
"29-06-2026 09:22:20","41","Information","Microsoft-Windows-WindowsUpdateClient","An update was downloaded."
"29-06-2026 09:22:12","41","Information","Microsoft-Windows-WindowsUpdateClient","An update was downloaded."
"29-06-2026 09:22:12","41","Information","Microsoft-Windows-WindowsUpdateClient","An update was downloaded."
"29-06-2026 09:21:35","41","Information","Microsoft-Windows-WindowsUpdateClient","An update was downloaded."
"29-06-2026 09:21:27","41","Information","Microsoft-Windows-WindowsUpdateClient","An update was downloaded."
"29-06-2026 09:21:27","41","Information","Microsoft-Windows-WindowsUpdateClient","An update was downloaded."
"29-06-2026 09:21:22","41","Information","Microsoft-Windows-WindowsUpdateClient","An update was downloaded."
"29-06-2026 09:20:29","26","Information","Microsoft-Windows-WindowsUpdateClient","Windows Update successfully found 1 updates."
"29-06-2026 09:20:29","41","Information","Microsoft-Windows-WindowsUpdateClient","An update was downloaded."
"29-06-2026 09:19:04","26","Information","Microsoft-Windows-WindowsUpdateClient","Windows Update successfully found 1 updates."
"29-06-2026 09:18:49","26","Information","Microsoft-Windows-WindowsUpdateClient","Windows Update successfully found 34 updates."
"29-06-2026 09:18:29","26","Information","Microsoft-Windows-WindowsUpdateClient","Windows Update successfully found 13 updates."
"29-06-2026 09:18:29","26","Information","Microsoft-Windows-WindowsUpdateClient","Windows Update successfully found 3 updates."
"29-06-2026 09:18:16","26","Information","Microsoft-Windows-WindowsUpdateClient","Windows Update successfully found 0 updates."
"29-06-2026 09:13:38","41","Information","Microsoft-Windows-WindowsUpdateClient","An update was downloaded."
"29-06-2026 09:13:32","26","Information","Microsoft-Windows-WindowsUpdateClient","Windows Update successfully found 0 updates."
"29-06-2026 09:13:32","26","Information","Microsoft-Windows-WindowsUpdateClient","Windows Update successfully found 1 updates."
"29-06-2026 09:08:51","26","Information","Microsoft-Windows-WindowsUpdateClient","Windows Update successfully found 0 updates."
"29-06-2026 09:08:14","26","Information","Microsoft-Windows-WindowsUpdateClient","Windows Update successfully found 0 updates."
"29-06-2026 09:06:26","26","Information","Microsoft-Windows-WindowsUpdateClient","Windows Update successfully found 0 updates."
"26-06-2026 17:41:47","26","Information","Microsoft-Windows-WindowsUpdateClient","Windows Update successfully found 0 updates."
"26-06-2026 17:41:40","26","Information","Microsoft-Windows-WindowsUpdateClient","Windows Update successfully found 0 updates."
"26-06-2026 17:41:40","26","Information","Microsoft-Windows-WindowsUpdateClient","Windows Update successfully found 0 updates."
"26-06-2026 16:01:25","26","Information","Microsoft-Windows-WindowsUpdateClient","Windows Update successfully found 0 updates."
"26-06-2026 16:01:25","26","Information","Microsoft-Windows-WindowsUpdateClient","Windows Update successfully found 0 updates."
"26-06-2026 15:59:28","26","Information","Microsoft-Windows-WindowsUpdateClient","Windows Update successfully found 0 updates."
"26-06-2026 15:59:28","26","Information","Microsoft-Windows-WindowsUpdateClient","Windows Update successfully found 0 updates."
"26-06-2026 15:10:23","41","Information","Microsoft-Windows-WindowsUpdateClient","An update was downloaded."
"26-06-2026 15:10:23","26","Information","Microsoft-Windows-WindowsUpdateClient","Windows Update successfully found 0 updates."
"26-06-2026 15:10:23","26","Information","Microsoft-Windows-WindowsUpdateClient","Windows Update successfully found 1 updates."
"26-06-2026 14:50:53","26","Information","Microsoft-Windows-WindowsUpdateClient","Windows Update successfully found 0 updates."
"26-06-2026 13:14:31","41","Information","Microsoft-Windows-WindowsUpdateClient","An update was downloaded."
"26-06-2026 13:14:11","41","Information","Microsoft-Windows-WindowsUpdateClient","An update was downloaded."
"26-06-2026 13:13:47","41","Information","Microsoft-Windows-WindowsUpdateClient","An update was downloaded."
"26-06-2026 13:13:47","41","Information","Microsoft-Windows-WindowsUpdateClient","An update was downloaded."
"26-06-2026 13:13:39","41","Information","Microsoft-Windows-WindowsUpdateClient","An update was downloaded."
"26-06-2026 13:13:33","41","Information","Microsoft-Windows-WindowsUpdateClient","An update was downloaded."
"26-06-2026 13:13:26","41","Information","Microsoft-Windows-WindowsUpdateClient","An update was downloaded."
"26-06-2026 13:13:15","41","Information","Microsoft-Windows-WindowsUpdateClient","An update was downloaded."
"26-06-2026 13:13:15","41","Information","Microsoft-Windows-WindowsUpdateClient","An update was downloaded."
"26-06-2026 13:13:07","41","Information","Microsoft-Windows-WindowsUpdateClient","An update was downloaded."
"26-06-2026 13:13:03","41","Information","Microsoft-Windows-WindowsUpdateClient","An update was downloaded."
"26-06-2026 13:12:55","41","Information","Microsoft-Windows-WindowsUpdateClient","An update was downloaded."
"26-06-2026 13:12:55","41","Information","Microsoft-Windows-WindowsUpdateClient","An update was downloaded."
"26-06-2026 13:12:52","41","Information","Microsoft-Windows-WindowsUpdateClient","An update was downloaded."
"26-06-2026 13:12:31","26","Information","Microsoft-Windows-WindowsUpdateClient","Windows Update successfully found 4 updates."
"26-06-2026 13:12:09","41","Information","Microsoft-Windows-WindowsUpdateClient","An update was downloaded."
"26-06-2026 13:10:58","26","Information","Microsoft-Windows-WindowsUpdateClient","Windows Update successfully found 4 updates."
"26-06-2026 13:10:43","26","Information","Microsoft-Windows-WindowsUpdateClient","Windows Update successfully found 34 updates."
"26-06-2026 13:10:37","41","Information","Microsoft-Windows-WindowsUpdateClient","An update was downloaded."
"26-06-2026 13:10:35","26","Information","Microsoft-Windows-WindowsUpdateClient","Windows Update successfully found 0 updates."
"26-06-2026 13:10:35","26","Information","Microsoft-Windows-WindowsUpdateClient","Windows Update successfully found 1 updates."
"26-06-2026 13:10:24","26","Information","Microsoft-Windows-WindowsUpdateClient","Windows Update successfully found 17 updates."
"26-06-2026 11:06:45","26","Information","Microsoft-Windows-WindowsUpdateClient","Windows Update successfully found 0 updates."
"26-06-2026 11:06:45","26","Information","Microsoft-Windows-WindowsUpdateClient","Windows Update successfully found 0 updates."
"26-06-2026 10:05:18","26","Information","Microsoft-Windows-WindowsUpdateClient","Windows Update successfully found 0 updates."
"26-06-2026 10:05:09","26","Information","Microsoft-Windows-WindowsUpdateClient","Windows Update successfully found 0 updates."
"26-06-2026 09:59:39","41","Information","Microsoft-Windows-WindowsUpdateClient","An update was downloaded."
"26-06-2026 09:59:37","26","Information","Microsoft-Windows-WindowsUpdateClient","Windows Update successfully found 3 updates."
"26-06-2026 09:59:23","26","Information","Microsoft-Windows-WindowsUpdateClient","Windows Update successfully found 1 updates."
"25-06-2026 18:05:58","26","Information","Microsoft-Windows-WindowsUpdateClient","Windows Update successfully found 0 updates."
"25-06-2026 18:05:41","26","Information","Microsoft-Windows-WindowsUpdateClient","Windows Update successfully found 0 updates."
"25-06-2026 17:46:44","41","Information","Microsoft-Windows-WindowsUpdateClient","An update was downloaded."
"25-06-2026 17:46:44","26","Information","Microsoft-Windows-WindowsUpdateClient","Windows Update successfully found 0 updates."
"25-06-2026 17:46:44","26","Information","Microsoft-Windows-WindowsUpdateClient","Windows Update successfully found 1 updates."
"25-06-2026 15:46:26","26","Information","Microsoft-Windows-WindowsUpdateClient","Windows Update successfully found 0 updates."
"25-06-2026 15:46:26","26","Information","Microsoft-Windows-WindowsUpdateClient","Windows Update successfully found 0 updates."
"25-06-2026 13:46:28","41","Information","Microsoft-Windows-WindowsUpdateClient","An update was downloaded."
"25-06-2026 13:46:28","26","Information","Microsoft-Windows-WindowsUpdateClient","Windows Update successfully found 0 updates."
"25-06-2026 13:46:28","26","Information","Microsoft-Windows-WindowsUpdateClient","Windows Update successfully found 1 updates."
"25-06-2026 12:52:31","41","Information","Microsoft-Windows-WindowsUpdateClient","An update was downloaded."
"25-06-2026 12:52:17","41","Information","Microsoft-Windows-WindowsUpdateClient","An update was downloaded."
"25-06-2026 12:52:07","41","Information","Microsoft-Windows-WindowsUpdateClient","An update was downloaded."
"25-06-2026 12:51:57","41","Information","Microsoft-Windows-WindowsUpdateClient","An update was downloaded."
"25-06-2026 12:51:57","41","Information","Microsoft-Windows-WindowsUpdateClient","An update was downloaded."
"25-06-2026 12:51:50","41","Information","Microsoft-Windows-WindowsUpdateClient","An update was downloaded."
"25-06-2026 12:51:41","41","Information","Microsoft-Windows-WindowsUpdateClient","An update was downloaded."
"25-06-2026 12:51:34","41","Information","Microsoft-Windows-WindowsUpdateClient","An update was downloaded."
"25-06-2026 12:51:27","41","Information","Microsoft-Windows-WindowsUpdateClient","An update was downloaded."
"25-06-2026 12:51:13","41","Information","Microsoft-Windows-WindowsUpdateClient","An update was downloaded."
"25-06-2026 12:50:56","26","Information","Microsoft-Windows-WindowsUpdateClient","Windows Update successfully found 1 updates."
"25-06-2026 12:50:33","41","Information","Microsoft-Windows-WindowsUpdateClient","An update was downloaded."
"25-06-2026 12:49:20","26","Information","Microsoft-Windows-WindowsUpdateClient","Windows Update successfully found 1 updates."
"25-06-2026 12:49:05","26","Information","Microsoft-Windows-WindowsUpdateClient","Windows Update successfully found 33 updates."
"25-06-2026 12:48:46","26","Information","Microsoft-Windows-WindowsUpdateClient","Windows Update successfully found 14 updates."
"25-06-2026 12:07:21","26","Information","Microsoft-Windows-WindowsUpdateClient","Windows Update successfully found 0 updates."
"25-06-2026 12:07:21","26","Information","Microsoft-Windows-WindowsUpdateClient","Windows Update successfully found 0 updates."
"25-06-2026 11:46:46","41","Information","Microsoft-Windows-WindowsUpdateClient","An update was downloaded."
"25-06-2026 11:46:46","26","Information","Microsoft-Windows-WindowsUpdateClient","Windows Update successfully found 0 updates."
"25-06-2026 11:46:46","26","Information","Microsoft-Windows-WindowsUpdateClient","Windows Update successfully found 1 updates."
"25-06-2026 09:46:22","26","Information","Microsoft-Windows-WindowsUpdateClient","Windows Update successfully found 0 updates."
"25-06-2026 09:46:22","26","Information","Microsoft-Windows-WindowsUpdateClient","Windows Update successfully found 0 updates."
"25-06-2026 09:41:05","26","Information","Microsoft-Windows-WindowsUpdateClient","Windows Update successfully found 0 updates."
"25-06-2026 09:36:32","26","Information","Microsoft-Windows-WindowsUpdateClient","Windows Update successfully found 0 updates."
"25-06-2026 09:36:26","26","Information","Microsoft-Windows-WindowsUpdateClient","Windows Update successfully found 0 updates."
"25-06-2026 09:34:44","26","Information","Microsoft-Windows-WindowsUpdateClient","Windows Update successfully found 0 updates."
"25-06-2026 09:33:55","41","Information","Microsoft-Windows-WindowsUpdateClient","An update was downloaded."
"25-06-2026 09:33:52","26","Information","Microsoft-Windows-WindowsUpdateClient","Windows Update successfully found 3 updates."
"25-06-2026 09:33:37","26","Information","Microsoft-Windows-WindowsUpdateClient","Windows Update successfully found 1 updates."
"24-06-2026 18:05:06","26","Information","Microsoft-Windows-WindowsUpdateClient","Windows Update successfully found 0 updates."
"24-06-2026 18:05:06","26","Information","Microsoft-Windows-WindowsUpdateClient","Windows Update successfully found 0 updates."
"24-06-2026 17:40:56","26","Information","Microsoft-Windows-WindowsUpdateClient","Windows Update successfully found 0 updates."
"24-06-2026 17:40:44","26","Information","Microsoft-Windows-WindowsUpdateClient","Windows Update successfully found 0 updates."
"24-06-2026 16:05:14","41","Information","Microsoft-Windows-WindowsUpdateClient","An update was downloaded."
"24-06-2026 16:05:10","26","Information","Microsoft-Windows-WindowsUpdateClient","Windows Update successfully found 0 updates."
"24-06-2026 16:05:10","26","Information","Microsoft-Windows-WindowsUpdateClient","Windows Update successfully found 1 updates."
"24-06-2026 15:29:03","26","Information","Microsoft-Windows-WindowsUpdateClient","Windows Update successfully found 0 updates."
"24-06-2026 15:28:52","26","Information","Microsoft-Windows-WindowsUpdateClient","Windows Update successfully found 0 updates."
"24-06-2026 15:28:47","26","Information","Microsoft-Windows-WindowsUpdateClient","Windows Update successfully found 0 updates."
"24-06-2026 15:28:36","26","Information","Microsoft-Windows-WindowsUpdateClient","Windows Update successfully found 0 updates."
"24-06-2026 15:18:37","26","Information","Microsoft-Windows-WindowsUpdateClient","Windows Update successfully found 0 updates."
"24-06-2026 15:18:22","26","Information","Microsoft-Windows-WindowsUpdateClient","Windows Update successfully found 0 updates."
"24-06-2026 15:18:17","26","Information","Microsoft-Windows-WindowsUpdateClient","Windows Update successfully found 0 updates."
"24-06-2026 15:18:05","26","Information","Microsoft-Windows-WindowsUpdateClient","Windows Update successfully found 0 updates."
"24-06-2026 15:17:46","26","Information","Microsoft-Windows-WindowsUpdateClient","Windows Update successfully found 0 updates."
"24-06-2026 15:17:34","26","Information","Microsoft-Windows-WindowsUpdateClient","Windows Update successfully found 0 updates."
"24-06-2026 13:35:44","41","Information","Microsoft-Windows-WindowsUpdateClient","An update was downloaded."
"24-06-2026 13:35:09","41","Information","Microsoft-Windows-WindowsUpdateClient","An update was downloaded."
"24-06-2026 13:34:10","41","Information","Microsoft-Windows-WindowsUpdateClient","An update was downloaded."
"24-06-2026 13:34:02","41","Information","Microsoft-Windows-WindowsUpdateClient","An update was downloaded."
"24-06-2026 13:33:57","41","Information","Microsoft-Windows-WindowsUpdateClient","An update was downloaded."
"24-06-2026 13:33:43","41","Information","Microsoft-Windows-WindowsUpdateClient","An update was downloaded."
"24-06-2026 13:33:32","41","Information","Microsoft-Windows-WindowsUpdateClient","An update was downloaded."
"24-06-2026 13:33:27","41","Information","Microsoft-Windows-WindowsUpdateClient","An update was downloaded."
"24-06-2026 13:33:27","41","Information","Microsoft-Windows-WindowsUpdateClient","An update was downloaded."
"24-06-2026 13:33:17","41","Information","Microsoft-Windows-WindowsUpdateClient","An update was downloaded."
"24-06-2026 13:33:17","41","Information","Microsoft-Windows-WindowsUpdateClient","An update was downloaded."
"24-06-2026 13:32:52","41","Information","Microsoft-Windows-WindowsUpdateClient","An update was downloaded."
"24-06-2026 13:21:21","26","Information","Microsoft-Windows-WindowsUpdateClient","Windows Update successfully found 0 updates."
"24-06-2026 13:21:21","26","Information","Microsoft-Windows-WindowsUpdateClient","Windows Update successfully found 0 updates."
"24-06-2026 12:04:13","26","Information","Microsoft-Windows-WindowsUpdateClient","Windows Update successfully found 2 updates."
"24-06-2026 12:04:13","41","Information","Microsoft-Windows-WindowsUpdateClient","An update was downloaded."
"24-06-2026 12:02:19","26","Information","Microsoft-Windows-WindowsUpdateClient","Windows Update successfully found 2 updates."
"24-06-2026 12:02:00","26","Information","Microsoft-Windows-WindowsUpdateClient","Windows Update successfully found 32 updates."
"24-06-2026 12:01:38","26","Information","Microsoft-Windows-WindowsUpdateClient","Windows Update successfully found 15 updates."
"24-06-2026 11:21:33","41","Information","Microsoft-Windows-WindowsUpdateClient","An update was downloaded."
"24-06-2026 11:21:19","26","Information","Microsoft-Windows-WindowsUpdateClient","Windows Update successfully found 0 updates."
"24-06-2026 11:21:19","26","Information","Microsoft-Windows-WindowsUpdateClient","Windows Update successfully found 1 updates."
"24-06-2026 10:45:06","41","Information","Microsoft-Windows-WindowsUpdateClient","An update was downloaded."
"24-06-2026 10:44:24","26","Information","Microsoft-Windows-WindowsUpdateClient","Windows Update successfully found 4 updates."
"24-06-2026 10:44:05","26","Information","Microsoft-Windows-WindowsUpdateClient","Windows Update successfully found 1 updates."
"23-06-2026 14:16:09","41","Information","Microsoft-Windows-WindowsUpdateClient","An update was downloaded."
"23-06-2026 14:16:09","26","Information","Microsoft-Windows-WindowsUpdateClient","Windows Update successfully found 0 updates."
"23-06-2026 14:16:09","26","Information","Microsoft-Windows-WindowsUpdateClient","Windows Update successfully found 1 updates."
"23-06-2026 12:38:57","41","Information","Microsoft-Windows-WindowsUpdateClient","An update was downloaded."
"23-06-2026 12:38:44","26","Information","Microsoft-Windows-WindowsUpdateClient","Windows Update successfully found 0 updates."
"23-06-2026 12:38:44","26","Information","Microsoft-Windows-WindowsUpdateClient","Windows Update successfully found 1 updates."
"23-06-2026 12:18:52","41","Information","Microsoft-Windows-WindowsUpdateClient","An update was downloaded."
"23-06-2026 12:18:41","41","Information","Microsoft-Windows-WindowsUpdateClient","An update was downloaded."
"23-06-2026 12:18:29","41","Information","Microsoft-Windows-WindowsUpdateClient","An update was downloaded."
"23-06-2026 12:16:17","26","Information","Microsoft-Windows-WindowsUpdateClient","Windows Update successfully found 0 updates."
"23-06-2026 12:16:17","25","Error","Microsoft-Windows-WindowsUpdateClient","Windows Update failed to check for updates with error 0x80240438."
"23-06-2026 12:13:41","41","Information","Microsoft-Windows-WindowsUpdateClient","An update was downloaded."
"23-06-2026 12:13:34","41","Information","Microsoft-Windows-WindowsUpdateClient","An update was downloaded."
"23-06-2026 12:13:28","41","Information","Microsoft-Windows-WindowsUpdateClient","An update was downloaded."
"23-06-2026 12:13:19","41","Information","Microsoft-Windows-WindowsUpdateClient","An update was downloaded."
"23-06-2026 12:13:13","41","Information","Microsoft-Windows-WindowsUpdateClient","An update was downloaded."
"23-06-2026 12:13:01","41","Information","Microsoft-Windows-WindowsUpdateClient","An update was downloaded."
"23-06-2026 12:13:01","41","Information","Microsoft-Windows-WindowsUpdateClient","An update was downloaded."
"23-06-2026 10:16:08","26","Information","Microsoft-Windows-WindowsUpdateClient","Windows Update successfully found 0 updates."
"23-06-2026 10:16:08","26","Information","Microsoft-Windows-WindowsUpdateClient","Windows Update successfully found 0 updates."
"23-06-2026 10:07:10","26","Information","Microsoft-Windows-WindowsUpdateClient","Windows Update successfully found 1 updates."
"23-06-2026 10:07:01","41","Information","Microsoft-Windows-WindowsUpdateClient","An update was downloaded."
"23-06-2026 10:05:15","26","Information","Microsoft-Windows-WindowsUpdateClient","Windows Update successfully found 1 updates."
"23-06-2026 10:04:52","26","Information","Microsoft-Windows-WindowsUpdateClient","Windows Update successfully found 31 updates."
"23-06-2026 10:04:27","26","Information","Microsoft-Windows-WindowsUpdateClient","Windows Update successfully found 14 updates."
"23-06-2026 09:57:16","26","Information","Microsoft-Windows-WindowsUpdateClient","Windows Update successfully found 0 updates."
"23-06-2026 09:57:07","26","Information","Microsoft-Windows-WindowsUpdateClient","Windows Update successfully found 0 updates."
"23-06-2026 09:16:06","41","Information","Microsoft-Windows-WindowsUpdateClient","An update was downloaded."
"23-06-2026 09:16:03","26","Information","Microsoft-Windows-WindowsUpdateClient","Windows Update successfully found 2 updates."
"23-06-2026 09:15:48","26","Information","Microsoft-Windows-WindowsUpdateClient","Windows Update successfully found 1 updates."
"23-06-2026 09:06:51","26","Information","Microsoft-Windows-WindowsUpdateClient","Windows Update successfully found 0 updates."
"23-06-2026 09:03:49","26","Information","Microsoft-Windows-WindowsUpdateClient","Windows Update successfully found 0 updates."
"22-06-2026 17:12:58","41","Information","Microsoft-Windows-WindowsUpdateClient","An update was downloaded."
"22-06-2026 17:12:58","26","Information","Microsoft-Windows-WindowsUpdateClient","Windows Update successfully found 0 updates."
"22-06-2026 17:12:58","26","Information","Microsoft-Windows-WindowsUpdateClient","Windows Update successfully found 1 updates."
"22-06-2026 15:30:42","26","Information","Microsoft-Windows-WindowsUpdateClient","Windows Update successfully found 0 updates."
"22-06-2026 15:30:42","26","Information","Microsoft-Windows-WindowsUpdateClient","Windows Update successfully found 0 updates."
"22-06-2026 15:22:56","26","Information","Microsoft-Windows-WindowsUpdateClient","Windows Update successfully found 0 updates."
"22-06-2026 15:22:56","26","Information","Microsoft-Windows-WindowsUpdateClient","Windows Update successfully found 0 updates."
"22-06-2026 15:13:26","41","Information","Microsoft-Windows-WindowsUpdateClient","An update was downloaded."
"22-06-2026 15:13:26","26","Information","Microsoft-Windows-WindowsUpdateClient","Windows Update successfully found 0 updates."
"22-06-2026 15:13:26","26","Information","Microsoft-Windows-WindowsUpdateClient","Windows Update successfully found 1 updates."
"22-06-2026 11:04:25","41","Information","Microsoft-Windows-WindowsUpdateClient","An update was downloaded."
"22-06-2026 11:03:43","41","Information","Microsoft-Windows-WindowsUpdateClient","An update was downloaded."
"22-06-2026 11:03:32","41","Information","Microsoft-Windows-WindowsUpdateClient","An update was downloaded."
"22-06-2026 11:03:28","41","Information","Microsoft-Windows-WindowsUpdateClient","An update was downloaded."
"22-06-2026 11:03:28","41","Information","Microsoft-Windows-WindowsUpdateClient","An update was downloaded."
"22-06-2026 10:43:35","26","Information","Microsoft-Windows-WindowsUpdateClient","Windows Update successfully found 0 updates."
"22-06-2026 10:43:22","26","Information","Microsoft-Windows-WindowsUpdateClient","Windows Update successfully found 0 updates."
"22-06-2026 10:36:48","26","Information","Microsoft-Windows-WindowsUpdateClient","Windows Update successfully found 0 updates."
"22-06-2026 10:36:48","26","Information","Microsoft-Windows-WindowsUpdateClient","Windows Update successfully found 0 updates."
"22-06-2026 10:00:05","41","Information","Microsoft-Windows-WindowsUpdateClient","An update was downloaded."
"22-06-2026 10:00:05","41","Information","Microsoft-Windows-WindowsUpdateClient","An update was downloaded."
"22-06-2026 09:59:46","41","Information","Microsoft-Windows-WindowsUpdateClient","An update was downloaded."
"22-06-2026 09:59:31","41","Information","Microsoft-Windows-WindowsUpdateClient","An update was downloaded."
"22-06-2026 09:59:05","41","Information","Microsoft-Windows-WindowsUpdateClient","An update was downloaded."
"22-06-2026 09:58:56","41","Information","Microsoft-Windows-WindowsUpdateClient","An update was downloaded."
"22-06-2026 09:58:24","41","Information","Microsoft-Windows-WindowsUpdateClient","An update was downloaded."
"22-06-2026 09:58:19","26","Information","Microsoft-Windows-WindowsUpdateClient","Windows Update successfully found 2 updates."
"22-06-2026 09:56:17","26","Information","Microsoft-Windows-WindowsUpdateClient","Windows Update successfully found 2 updates."
"22-06-2026 09:55:55","26","Information","Microsoft-Windows-WindowsUpdateClient","Windows Update successfully found 31 updates."
"22-06-2026 09:55:27","26","Information","Microsoft-Windows-WindowsUpdateClient","Windows Update successfully found 2 updates."
"22-06-2026 09:55:27","26","Information","Microsoft-Windows-WindowsUpdateClient","Windows Update successfully found 15 updates."
"22-06-2026 09:55:17","26","Information","Microsoft-Windows-WindowsUpdateClient","Windows Update successfully found 0 updates."
"22-06-2026 09:06:20","41","Information","Microsoft-Windows-WindowsUpdateClient","An update was downloaded."
"22-06-2026 09:05:58","26","Information","Microsoft-Windows-WindowsUpdateClient","Windows Update successfully found 0 updates."
"22-06-2026 09:05:58","26","Information","Microsoft-Windows-WindowsUpdateClient","Windows Update successfully found 1 updates."
"22-06-2026 08:53:41","26","Information","Microsoft-Windows-WindowsUpdateClient","Windows Update successfully found 0 updates."
"22-06-2026 08:53:30","26","Information","Microsoft-Windows-WindowsUpdateClient","Windows Update successfully found 0 updates."
"22-06-2026 08:53:20","26","Information","Microsoft-Windows-WindowsUpdateClient","Windows Update successfully found 0 updates."
"22-06-2026 08:53:20","26","Information","Microsoft-Windows-WindowsUpdateClient","Windows Update successfully found 0 updates."
"22-06-2026 08:53:05","26","Information","Microsoft-Windows-WindowsUpdateClient","Windows Update successfully found 0 updates."
"19-06-2026 19:10:50","41","Information","Microsoft-Windows-WindowsUpdateClient","An update was downloaded."
"19-06-2026 19:10:50","26","Information","Microsoft-Windows-WindowsUpdateClient","Windows Update successfully found 0 updates."
"19-06-2026 19:10:50","26","Information","Microsoft-Windows-WindowsUpdateClient","Windows Update successfully found 1 updates."
"19-06-2026 17:10:55","41","Information","Microsoft-Windows-WindowsUpdateClient","An update was downloaded."
"19-06-2026 17:10:55","26","Information","Microsoft-Windows-WindowsUpdateClient","Windows Update successfully found 0 updates."
"19-06-2026 17:10:55","26","Information","Microsoft-Windows-WindowsUpdateClient","Windows Update successfully found 1 updates."
"19-06-2026 15:10:50","41","Information","Microsoft-Windows-WindowsUpdateClient","An update was downloaded."
"19-06-2026 15:10:50","26","Information","Microsoft-Windows-WindowsUpdateClient","Windows Update successfully found 0 updates."
"19-06-2026 15:10:50","26","Information","Microsoft-Windows-WindowsUpdateClient","Windows Update successfully found 1 updates."
"19-06-2026 13:29:33","26","Information","Microsoft-Windows-WindowsUpdateClient","Windows Update successfully found 0 updates."
"19-06-2026 13:29:33","26","Information","Microsoft-Windows-WindowsUpdateClient","Windows Update successfully found 0 updates."
"19-06-2026 13:10:49","26","Information","Microsoft-Windows-WindowsUpdateClient","Windows Update successfully found 0 updates."
"19-06-2026 13:10:49","26","Information","Microsoft-Windows-WindowsUpdateClient","Windows Update successfully found 0 updates."
"19-06-2026 13:00:39","26","Information","Microsoft-Windows-WindowsUpdateClient","Windows Update successfully found 0 updates."
"19-06-2026 11:36:16","41","Information","Microsoft-Windows-WindowsUpdateClient","An update was downloaded."
"19-06-2026 11:35:59","41","Information","Microsoft-Windows-WindowsUpdateClient","An update was downloaded."
"19-06-2026 11:35:59","41","Information","Microsoft-Windows-WindowsUpdateClient","An update was downloaded."
"19-06-2026 11:35:42","41","Information","Microsoft-Windows-WindowsUpdateClient","An update was downloaded."
"19-06-2026 11:35:35","41","Information","Microsoft-Windows-WindowsUpdateClient","An update was downloaded."
"19-06-2026 11:35:28","41","Information","Microsoft-Windows-WindowsUpdateClient","An update was downloaded."
"19-06-2026 11:35:23","41","Information","Microsoft-Windows-WindowsUpdateClient","An update was downloaded."
"19-06-2026 11:35:23","41","Information","Microsoft-Windows-WindowsUpdateClient","An update was downloaded."
"19-06-2026 11:35:06","41","Information","Microsoft-Windows-WindowsUpdateClient","An update was downloaded."
"19-06-2026 11:35:06","41","Information","Microsoft-Windows-WindowsUpdateClient","An update was downloaded."
"19-06-2026 11:10:52","41","Information","Microsoft-Windows-WindowsUpdateClient","An update was downloaded."
"19-06-2026 11:10:49","26","Information","Microsoft-Windows-WindowsUpdateClient","Windows Update successfully found 0 updates."
"19-06-2026 11:10:49","26","Information","Microsoft-Windows-WindowsUpdateClient","Windows Update successfully found 1 updates."
"19-06-2026 10:54:46","26","Information","Microsoft-Windows-WindowsUpdateClient","Windows Update successfully found 1 updates."
"19-06-2026 10:54:46","41","Information","Microsoft-Windows-WindowsUpdateClient","An update was downloaded."
"19-06-2026 10:53:28","26","Information","Microsoft-Windows-WindowsUpdateClient","Windows Update successfully found 1 updates."
"19-06-2026 10:53:12","26","Information","Microsoft-Windows-WindowsUpdateClient","Windows Update successfully found 30 updates."
"19-06-2026 10:52:54","26","Information","Microsoft-Windows-WindowsUpdateClient","Windows Update successfully found 14 updates."
"19-06-2026 10:09:44","26","Information","Microsoft-Windows-WindowsUpdateClient","Windows Update successfully found 0 updates."
"19-06-2026 10:09:35","26","Information","Microsoft-Windows-WindowsUpdateClient","Windows Update successfully found 0 updates."
"19-06-2026 09:16:04","26","Information","Microsoft-Windows-WindowsUpdateClient","Windows Update successfully found 2 updates."
"19-06-2026 09:15:51","26","Information","Microsoft-Windows-WindowsUpdateClient","Windows Update successfully found 0 updates."
"19-06-2026 09:11:53","41","Information","Microsoft-Windows-WindowsUpdateClient","An update was downloaded."
"19-06-2026 09:11:53","26","Information","Microsoft-Windows-WindowsUpdateClient","Windows Update successfully found 0 updates."
"19-06-2026 09:11:53","26","Information","Microsoft-Windows-WindowsUpdateClient","Windows Update successfully found 1 updates."
"19-06-2026 09:02:51","26","Information","Microsoft-Windows-WindowsUpdateClient","Windows Update successfully found 0 updates."
"18-06-2026 17:16:32","26","Information","Microsoft-Windows-WindowsUpdateClient","Windows Update successfully found 0 updates."
"18-06-2026 17:16:32","26","Information","Microsoft-Windows-WindowsUpdateClient","Windows Update successfully found 0 updates."
"18-06-2026 15:15:58","41","Information","Microsoft-Windows-WindowsUpdateClient","An update was downloaded."
"18-06-2026 15:15:58","26","Information","Microsoft-Windows-WindowsUpdateClient","Windows Update successfully found 0 updates."
"18-06-2026 15:15:58","26","Information","Microsoft-Windows-WindowsUpdateClient","Windows Update successfully found 1 updates."
"18-06-2026 14:06:09","26","Information","Microsoft-Windows-WindowsUpdateClient","Windows Update successfully found 0 updates."
"18-06-2026 14:05:59","26","Information","Microsoft-Windows-WindowsUpdateClient","Windows Update successfully found 0 updates."
"18-06-2026 13:37:18","26","Information","Microsoft-Windows-WindowsUpdateClient","Windows Update successfully found 0 updates."
"18-06-2026 13:37:18","26","Information","Microsoft-Windows-WindowsUpdateClient","Windows Update successfully found 0 updates."
"18-06-2026 13:16:07","41","Information","Microsoft-Windows-WindowsUpdateClient","An update was downloaded."
"18-06-2026 13:16:07","26","Information","Microsoft-Windows-WindowsUpdateClient","Windows Update successfully found 0 updates."
"18-06-2026 13:16:07","26","Information","Microsoft-Windows-WindowsUpdateClient","Windows Update successfully found 1 updates."
"18-06-2026 11:16:16","41","Information","Microsoft-Windows-WindowsUpdateClient","An update was downloaded."
"18-06-2026 11:16:16","26","Information","Microsoft-Windows-WindowsUpdateClient","Windows Update successfully found 0 updates."
"18-06-2026 11:16:16","26","Information","Microsoft-Windows-WindowsUpdateClient","Windows Update successfully found 1 updates."
"18-06-2026 11:13:34","41","Information","Microsoft-Windows-WindowsUpdateClient","An update was downloaded."
"18-06-2026 11:13:17","41","Information","Microsoft-Windows-WindowsUpdateClient","An update was downloaded."
"18-06-2026 11:13:03","41","Information","Microsoft-Windows-WindowsUpdateClient","An update was downloaded."
"18-06-2026 11:12:56","41","Information","Microsoft-Windows-WindowsUpdateClient","An update was downloaded."
"18-06-2026 11:12:51","41","Information","Microsoft-Windows-WindowsUpdateClient","An update was downloaded."
"18-06-2026 11:12:46","41","Information","Microsoft-Windows-WindowsUpdateClient","An update was downloaded."
"18-06-2026 11:12:42","41","Information","Microsoft-Windows-WindowsUpdateClient","An update was downloaded."
"18-06-2026 10:57:37","41","Information","Microsoft-Windows-WindowsUpdateClient","An update was downloaded."
"18-06-2026 10:57:32","41","Information","Microsoft-Windows-WindowsUpdateClient","An update was downloaded."
"18-06-2026 10:57:32","41","Information","Microsoft-Windows-WindowsUpdateClient","An update was downloaded."
"18-06-2026 10:23:46","26","Information","Microsoft-Windows-WindowsUpdateClient","Windows Update successfully found 1 updates."
"18-06-2026 10:23:46","41","Information","Microsoft-Windows-WindowsUpdateClient","An update was downloaded."
"18-06-2026 10:22:18","26","Information","Microsoft-Windows-WindowsUpdateClient","Windows Update successfully found 1 updates."
"18-06-2026 10:22:02","26","Information","Microsoft-Windows-WindowsUpdateClient","Windows Update successfully found 30 updates."
"18-06-2026 10:21:42","26","Information","Microsoft-Windows-WindowsUpdateClient","Windows Update successfully found 14 updates."
"18-06-2026 09:22:44","41","Information","Microsoft-Windows-WindowsUpdateClient","An update was downloaded."
"18-06-2026 09:22:34","26","Information","Microsoft-Windows-WindowsUpdateClient","Windows Update successfully found 3 updates."
"18-06-2026 09:22:21","26","Information","Microsoft-Windows-WindowsUpdateClient","Windows Update successfully found 0 updates."
"18-06-2026 09:16:22","41","Information","Microsoft-Windows-WindowsUpdateClient","An update was downloaded."
"18-06-2026 09:16:19","26","Information","Microsoft-Windows-WindowsUpdateClient","Windows Update successfully found 0 updates."
"18-06-2026 09:16:19","26","Information","Microsoft-Windows-WindowsUpdateClient","Windows Update successfully found 1 updates."
"18-06-2026 09:16:04","26","Information","Microsoft-Windows-WindowsUpdateClient","Windows Update successfully found 0 updates."
"18-06-2026 09:10:30","26","Information","Microsoft-Windows-WindowsUpdateClient","Windows Update successfully found 0 updates."
"17-06-2026 17:06:19","41","Information","Microsoft-Windows-WindowsUpdateClient","An update was downloaded."
"17-06-2026 17:06:05","26","Information","Microsoft-Windows-WindowsUpdateClient","Windows Update successfully found 0 updates."
"17-06-2026 17:06:05","26","Information","Microsoft-Windows-WindowsUpdateClient","Windows Update successfully found 1 updates."
"17-06-2026 15:09:49","26","Information","Microsoft-Windows-WindowsUpdateClient","Windows Update successfully found 0 updates."
"17-06-2026 15:09:49","26","Information","Microsoft-Windows-WindowsUpdateClient","Windows Update successfully found 0 updates."
"17-06-2026 15:06:35","41","Information","Microsoft-Windows-WindowsUpdateClient","An update was downloaded."
"17-06-2026 15:06:30","26","Information","Microsoft-Windows-WindowsUpdateClient","Windows Update successfully found 0 updates."
"17-06-2026 15:06:30","26","Information","Microsoft-Windows-WindowsUpdateClient","Windows Update successfully found 1 updates."
"17-06-2026 12:24:09","41","Information","Microsoft-Windows-WindowsUpdateClient","An update was downloaded."
"17-06-2026 12:24:05","26","Information","Microsoft-Windows-WindowsUpdateClient","Windows Update successfully found 0 updates."
"17-06-2026 12:24:05","26","Information","Microsoft-Windows-WindowsUpdateClient","Windows Update successfully found 1 updates."
"17-06-2026 10:26:15","41","Information","Microsoft-Windows-WindowsUpdateClient","An update was downloaded."
"17-06-2026 10:25:57","26","Information","Microsoft-Windows-WindowsUpdateClient","Windows Update successfully found 0 updates."
"17-06-2026 10:25:57","26","Information","Microsoft-Windows-WindowsUpdateClient","Windows Update successfully found 0 updates."
"17-06-2026 10:15:06","41","Information","Microsoft-Windows-WindowsUpdateClient","An update was downloaded."
"17-06-2026 10:15:03","41","Information","Microsoft-Windows-WindowsUpdateClient","An update was downloaded."
"17-06-2026 10:13:50","41","Information","Microsoft-Windows-WindowsUpdateClient","An update was downloaded."
"17-06-2026 10:13:37","41","Information","Microsoft-Windows-WindowsUpdateClient","An update was downloaded."
"17-06-2026 10:13:37","41","Information","Microsoft-Windows-WindowsUpdateClient","An update was downloaded."
"17-06-2026 10:13:32","41","Information","Microsoft-Windows-WindowsUpdateClient","An update was downloaded."
"17-06-2026 10:12:28","41","Information","Microsoft-Windows-WindowsUpdateClient","An update was downloaded."
"17-06-2026 10:12:21","41","Information","Microsoft-Windows-WindowsUpdateClient","An update was downloaded."
"17-06-2026 10:12:15","41","Information","Microsoft-Windows-WindowsUpdateClient","An update was downloaded."
"17-06-2026 10:12:03","41","Information","Microsoft-Windows-WindowsUpdateClient","An update was downloaded."
"17-06-2026 10:12:03","41","Information","Microsoft-Windows-WindowsUpdateClient","An update was downloaded."
"17-06-2026 10:12:00","41","Information","Microsoft-Windows-WindowsUpdateClient","An update was downloaded."
"17-06-2026 10:11:55","41","Information","Microsoft-Windows-WindowsUpdateClient","An update was downloaded."
"17-06-2026 10:11:29","26","Information","Microsoft-Windows-WindowsUpdateClient","Windows Update successfully found 2 updates."
"17-06-2026 10:09:56","41","Information","Microsoft-Windows-WindowsUpdateClient","An update was downloaded."
"17-06-2026 10:09:39","26","Information","Microsoft-Windows-WindowsUpdateClient","Windows Update successfully found 2 updates."
"17-06-2026 10:09:39","41","Information","Microsoft-Windows-WindowsUpdateClient","An update was downloaded."
"17-06-2026 10:09:39","41","Information","Microsoft-Windows-WindowsUpdateClient","An update was downloaded."
"17-06-2026 10:09:39","26","Information","Microsoft-Windows-WindowsUpdateClient","Windows Update successfully found 30 updates."
"17-06-2026 10:09:22","41","Information","Microsoft-Windows-WindowsUpdateClient","An update was downloaded."
"17-06-2026 10:09:21","26","Information","Microsoft-Windows-WindowsUpdateClient","Windows Update successfully found 16 updates."
"17-06-2026 10:09:08","26","Information","Microsoft-Windows-WindowsUpdateClient","Windows Update successfully found 5 updates."
"17-06-2026 10:08:58","26","Information","Microsoft-Windows-WindowsUpdateClient","Windows Update successfully found 3 updates."
"17-06-2026 09:47:38","26","Information","Microsoft-Windows-WindowsUpdateClient","Windows Update successfully found 2 updates."
"17-06-2026 09:47:30","26","Information","Microsoft-Windows-WindowsUpdateClient","Windows Update successfully found 3 updates."
"17-06-2026 09:37:25","26","Information","Microsoft-Windows-WindowsUpdateClient","Windows Update successfully found 1 updates."
"17-06-2026 09:37:10","26","Information","Microsoft-Windows-WindowsUpdateClient","Windows Update successfully found 0 updates."
"17-06-2026 09:33:52","25","Error","Microsoft-Windows-WindowsUpdateClient","Windows Update failed to check for updates with error 0x8024402C."
"17-06-2026 09:33:52","25","Error","Microsoft-Windows-WindowsUpdateClient","Windows Update failed to check for updates with error 0x80240438."
"16-06-2026 18:10:17","41","Information","Microsoft-Windows-WindowsUpdateClient","An update was downloaded."
"16-06-2026 18:10:16","26","Information","Microsoft-Windows-WindowsUpdateClient","Windows Update successfully found 0 updates."
"16-06-2026 18:10:16","26","Information","Microsoft-Windows-WindowsUpdateClient","Windows Update successfully found 1 updates."
"16-06-2026 16:10:16","26","Information","Microsoft-Windows-WindowsUpdateClient","Windows Update successfully found 0 updates."
"16-06-2026 16:10:16","26","Information","Microsoft-Windows-WindowsUpdateClient","Windows Update successfully found 0 updates."
"16-06-2026 14:09:46","26","Information","Microsoft-Windows-WindowsUpdateClient","Windows Update successfully found 0 updates."
"16-06-2026 14:09:46","26","Information","Microsoft-Windows-WindowsUpdateClient","Windows Update successfully found 0 updates."
"16-06-2026 13:49:10","41","Information","Microsoft-Windows-WindowsUpdateClient","An update was downloaded."
"16-06-2026 13:49:09","26","Information","Microsoft-Windows-WindowsUpdateClient","Windows Update successfully found 0 updates."
"16-06-2026 13:49:09","26","Information","Microsoft-Windows-WindowsUpdateClient","Windows Update successfully found 1 updates."
"16-06-2026 12:10:06","41","Information","Microsoft-Windows-WindowsUpdateClient","An update was downloaded."
"16-06-2026 12:09:58","26","Information","Microsoft-Windows-WindowsUpdateClient","Windows Update successfully found 0 updates."
"16-06-2026 12:09:58","26","Information","Microsoft-Windows-WindowsUpdateClient","Windows Update successfully found 1 updates."
"16-06-2026 11:29:06","26","Information","Microsoft-Windows-WindowsUpdateClient","Windows Update successfully found 1 updates."
"16-06-2026 11:28:54","26","Information","Microsoft-Windows-WindowsUpdateClient","Windows Update successfully found 2 updates."
"16-06-2026 10:09:43","26","Information","Microsoft-Windows-WindowsUpdateClient","Windows Update successfully found 0 updates."
"16-06-2026 10:09:43","26","Information","Microsoft-Windows-WindowsUpdateClient","Windows Update successfully found 0 updates."
"16-06-2026 10:02:49","26","Information","Microsoft-Windows-WindowsUpdateClient","Windows Update successfully found 1 updates."
"16-06-2026 10:02:43","26","Information","Microsoft-Windows-WindowsUpdateClient","Windows Update successfully found 0 updates."
"16-06-2026 10:02:43","26","Information","Microsoft-Windows-WindowsUpdateClient","Windows Update successfully found 0 updates."
"16-06-2026 10:02:36","26","Information","Microsoft-Windows-WindowsUpdateClient","Windows Update successfully found 1 updates."
"16-06-2026 10:01:51","26","Information","Microsoft-Windows-WindowsUpdateClient","Windows Update successfully found 0 updates."
"16-06-2026 09:46:23","41","Information","Microsoft-Windows-WindowsUpdateClient","An update was downloaded."
"16-06-2026 09:46:23","41","Information","Microsoft-Windows-WindowsUpdateClient","An update was downloaded."
"16-06-2026 09:46:16","26","Information","Microsoft-Windows-WindowsUpdateClient","Windows Update successfully found 0 updates."
"16-06-2026 09:46:12","41","Information","Microsoft-Windows-WindowsUpdateClient","An update was downloaded."
"16-06-2026 09:46:05","41","Information","Microsoft-Windows-WindowsUpdateClient","An update was downloaded."
"16-06-2026 09:45:53","41","Information","Microsoft-Windows-WindowsUpdateClient","An update was downloaded."
"16-06-2026 09:45:53","41","Information","Microsoft-Windows-WindowsUpdateClient","An update was downloaded."
"16-06-2026 09:45:46","41","Information","Microsoft-Windows-WindowsUpdateClient","An update was downloaded."
"16-06-2026 09:45:37","41","Information","Microsoft-Windows-WindowsUpdateClient","An update was downloaded."
"16-06-2026 09:41:29","41","Information","Microsoft-Windows-WindowsUpdateClient","An update was downloaded."
"16-06-2026 09:41:20","41","Information","Microsoft-Windows-WindowsUpdateClient","An update was downloaded."
"16-06-2026 09:41:20","41","Information","Microsoft-Windows-WindowsUpdateClient","An update was downloaded."
"16-06-2026 09:23:35","26","Information","Microsoft-Windows-WindowsUpdateClient","Windows Update successfully found 4 updates."
"16-06-2026 09:23:30","41","Information","Microsoft-Windows-WindowsUpdateClient","An update was downloaded."
"16-06-2026 09:22:00","26","Information","Microsoft-Windows-WindowsUpdateClient","Windows Update successfully found 5 updates."
"16-06-2026 09:21:45","26","Information","Microsoft-Windows-WindowsUpdateClient","Windows Update successfully found 31 updates."
"16-06-2026 09:21:24","26","Information","Microsoft-Windows-WindowsUpdateClient","Windows Update successfully found 19 updates."
"16-06-2026 09:21:24","41","Information","Microsoft-Windows-WindowsUpdateClient","An update was downloaded."
"16-06-2026 09:17:42","26","Information","Microsoft-Windows-WindowsUpdateClient","Windows Update successfully found 0 updates."
"16-06-2026 09:17:33","26","Information","Microsoft-Windows-WindowsUpdateClient","Windows Update successfully found 1 updates."
"16-06-2026 09:06:24","41","Information","Microsoft-Windows-WindowsUpdateClient","An update was downloaded."
"16-06-2026 09:06:20","26","Information","Microsoft-Windows-WindowsUpdateClient","Windows Update successfully found 3 updates."
"16-06-2026 09:06:13","26","Information","Microsoft-Windows-WindowsUpdateClient","Windows Update successfully found 2 updates."
"15-06-2026 19:24:35","41","Information","Microsoft-Windows-WindowsUpdateClient","An update was downloaded."
"15-06-2026 19:24:35","26","Information","Microsoft-Windows-WindowsUpdateClient","Windows Update successfully found 0 updates."
"15-06-2026 19:24:35","26","Information","Microsoft-Windows-WindowsUpdateClient","Windows Update successfully found 1 updates."
"15-06-2026 18:53:42","26","Information","Microsoft-Windows-WindowsUpdateClient","Windows Update successfully found 0 updates."
"15-06-2026 18:53:35","26","Information","Microsoft-Windows-WindowsUpdateClient","Windows Update successfully found 0 updates."
"15-06-2026 18:53:30","26","Information","Microsoft-Windows-WindowsUpdateClient","Windows Update successfully found 0 updates."
"15-06-2026 18:53:21","26","Information","Microsoft-Windows-WindowsUpdateClient","Windows Update successfully found 0 updates."
"15-06-2026 17:19:56","41","Information","Microsoft-Windows-WindowsUpdateClient","An update was downloaded."
"15-06-2026 17:19:56","26","Information","Microsoft-Windows-WindowsUpdateClient","Windows Update successfully found 0 updates."
"15-06-2026 17:19:56","26","Information","Microsoft-Windows-WindowsUpdateClient","Windows Update successfully found 1 updates."
"15-06-2026 15:31:57","26","Information","Microsoft-Windows-WindowsUpdateClient","Windows Update successfully found 0 updates."
"15-06-2026 15:31:57","26","Information","Microsoft-Windows-WindowsUpdateClient","Windows Update successfully found 0 updates."
"15-06-2026 15:20:33","41","Information","Microsoft-Windows-WindowsUpdateClient","An update was downloaded."
"15-06-2026 15:20:33","26","Information","Microsoft-Windows-WindowsUpdateClient","Windows Update successfully found 0 updates."
"15-06-2026 15:20:33","26","Information","Microsoft-Windows-WindowsUpdateClient","Windows Update successfully found 1 updates."
"15-06-2026 13:20:05","26","Information","Microsoft-Windows-WindowsUpdateClient","Windows Update successfully found 0 updates."
"15-06-2026 13:20:05","26","Information","Microsoft-Windows-WindowsUpdateClient","Windows Update successfully found 0 updates."
"15-06-2026 11:20:09","41","Information","Microsoft-Windows-WindowsUpdateClient","An update was downloaded."
"15-06-2026 11:20:09","26","Information","Microsoft-Windows-WindowsUpdateClient","Windows Update successfully found 0 updates."
"15-06-2026 11:20:09","26","Information","Microsoft-Windows-WindowsUpdateClient","Windows Update successfully found 1 updates."
"15-06-2026 09:30:51","25","Error","Microsoft-Windows-WindowsUpdateClient","Windows Update failed to check for updates with error 0x80240438."
"15-06-2026 09:30:46","25","Error","Microsoft-Windows-WindowsUpdateClient","Windows Update failed to check for updates with error 0x80240438."
"15-06-2026 09:19:53","26","Information","Microsoft-Windows-WindowsUpdateClient","Windows Update successfully found 0 updates."
"15-06-2026 09:19:53","26","Information","Microsoft-Windows-WindowsUpdateClient","Windows Update successfully found 0 updates."
"15-06-2026 09:17:42","26","Information","Microsoft-Windows-WindowsUpdateClient","Windows Update successfully found 0 updates."
"15-06-2026 09:17:34","26","Information","Microsoft-Windows-WindowsUpdateClient","Windows Update successfully found 0 updates."
"15-06-2026 09:12:54","41","Information","Microsoft-Windows-WindowsUpdateClient","An update was downloaded."
"15-06-2026 09:12:21","41","Information","Microsoft-Windows-WindowsUpdateClient","An update was downloaded."
"15-06-2026 09:12:16","41","Information","Microsoft-Windows-WindowsUpdateClient","An update was downloaded."
"15-06-2026 09:12:05","41","Information","Microsoft-Windows-WindowsUpdateClient","An update was downloaded."
"15-06-2026 09:11:58","41","Information","Microsoft-Windows-WindowsUpdateClient","An update was downloaded."
"15-06-2026 09:11:47","41","Information","Microsoft-Windows-WindowsUpdateClient","An update was downloaded."
"15-06-2026 09:11:47","41","Information","Microsoft-Windows-WindowsUpdateClient","An update was downloaded."
"15-06-2026 09:11:37","41","Information","Microsoft-Windows-WindowsUpdateClient","An update was downloaded."
"15-06-2026 09:11:32","41","Information","Microsoft-Windows-WindowsUpdateClient","An update was downloaded."
"15-06-2026 09:11:19","41","Information","Microsoft-Windows-WindowsUpdateClient","An update was downloaded."
"15-06-2026 09:11:11","41","Information","Microsoft-Windows-WindowsUpdateClient","An update was downloaded."
"15-06-2026 09:11:11","41","Information","Microsoft-Windows-WindowsUpdateClient","An update was downloaded."
"15-06-2026 09:10:49","26","Information","Microsoft-Windows-WindowsUpdateClient","Windows Update successfully found 1 updates."
"15-06-2026 09:10:49","41","Information","Microsoft-Windows-WindowsUpdateClient","An update was downloaded."
"15-06-2026 09:09:53","26","Information","Microsoft-Windows-WindowsUpdateClient","Windows Update successfully found 0 updates."
"15-06-2026 09:09:45","26","Information","Microsoft-Windows-WindowsUpdateClient","Windows Update successfully found 0 updates."
"15-06-2026 09:09:35","26","Information","Microsoft-Windows-WindowsUpdateClient","Windows Update successfully found 0 updates."
"15-06-2026 09:09:24","26","Information","Microsoft-Windows-WindowsUpdateClient","Windows Update successfully found 0 updates."
"15-06-2026 09:09:24","26","Information","Microsoft-Windows-WindowsUpdateClient","Windows Update successfully found 2 updates."
"15-06-2026 09:09:09","26","Information","Microsoft-Windows-WindowsUpdateClient","Windows Update successfully found 30 updates."
"15-06-2026 09:08:51","26","Information","Microsoft-Windows-WindowsUpdateClient","Windows Update successfully found 16 updates."
"15-06-2026 09:08:26","41","Information","Microsoft-Windows-WindowsUpdateClient","An update was downloaded."
"15-06-2026 09:03:30","41","Information","Microsoft-Windows-WindowsUpdateClient","An update was downloaded."
"15-06-2026 09:03:30","26","Information","Microsoft-Windows-WindowsUpdateClient","Windows Update successfully found 0 updates."
"15-06-2026 09:03:30","26","Information","Microsoft-Windows-WindowsUpdateClient","Windows Update successfully found 1 updates."
"15-06-2026 09:02:08","26","Information","Microsoft-Windows-WindowsUpdateClient","Windows Update successfully found 0 updates."
"15-06-2026 09:01:37","26","Information","Microsoft-Windows-WindowsUpdateClient","Windows Update successfully found 0 updates."
"15-06-2026 08:54:31","26","Information","Microsoft-Windows-WindowsUpdateClient","Windows Update successfully found 4 updates."
"15-06-2026 08:53:22","25","Error","Microsoft-Windows-WindowsUpdateClient","Windows Update failed to check for updates with error 0x8024402C."
"12-06-2026 16:22:46","26","Information","Microsoft-Windows-WindowsUpdateClient","Windows Update successfully found 0 updates."
"12-06-2026 16:22:46","26","Information","Microsoft-Windows-WindowsUpdateClient","Windows Update successfully found 0 updates."
"12-06-2026 14:49:31","26","Information","Microsoft-Windows-WindowsUpdateClient","Windows Update successfully found 0 updates."
"12-06-2026 14:49:19","26","Information","Microsoft-Windows-WindowsUpdateClient","Windows Update successfully found 0 updates."
"12-06-2026 14:22:51","26","Information","Microsoft-Windows-WindowsUpdateClient","Windows Update successfully found 0 updates."
"12-06-2026 14:22:51","26","Information","Microsoft-Windows-WindowsUpdateClient","Windows Update successfully found 0 updates."
"12-06-2026 12:50:06","26","Information","Microsoft-Windows-WindowsUpdateClient","Windows Update successfully found 0 updates."
"12-06-2026 12:50:06","26","Information","Microsoft-Windows-WindowsUpdateClient","Windows Update successfully found 0 updates."
"12-06-2026 12:05:30","26","Information","Microsoft-Windows-WindowsUpdateClient","Windows Update successfully found 0 updates."
"12-06-2026 12:05:30","26","Information","Microsoft-Windows-WindowsUpdateClient","Windows Update successfully found 0 updates."
"12-06-2026 10:05:29","26","Information","Microsoft-Windows-WindowsUpdateClient","Windows Update successfully found 0 updates."
"12-06-2026 10:05:29","26","Information","Microsoft-Windows-WindowsUpdateClient","Windows Update successfully found 0 updates."
"12-06-2026 09:58:17","26","Information","Microsoft-Windows-WindowsUpdateClient","Windows Update successfully found 0 updates."
"12-06-2026 09:50:50","26","Information","Microsoft-Windows-WindowsUpdateClient","Windows Update successfully found 0 updates."
"12-06-2026 09:50:42","26","Information","Microsoft-Windows-WindowsUpdateClient","Windows Update successfully found 0 updates."
"12-06-2026 09:37:31","26","Information","Microsoft-Windows-WindowsUpdateClient","Windows Update successfully found 0 updates."
"12-06-2026 09:37:18","41","Information","Microsoft-Windows-WindowsUpdateClient","An update was downloaded."
"12-06-2026 09:36:04","26","Information","Microsoft-Windows-WindowsUpdateClient","Windows Update successfully found 1 updates."
"12-06-2026 09:35:50","26","Information","Microsoft-Windows-WindowsUpdateClient","Windows Update successfully found 31 updates."
"12-06-2026 09:35:32","26","Information","Microsoft-Windows-WindowsUpdateClient","Windows Update successfully found 16 updates."
"12-06-2026 09:25:14","41","Information","Microsoft-Windows-WindowsUpdateClient","An update was downloaded."
"12-06-2026 09:25:14","26","Information","Microsoft-Windows-WindowsUpdateClient","Windows Update successfully found 0 updates."
"12-06-2026 09:25:14","26","Information","Microsoft-Windows-WindowsUpdateClient","Windows Update successfully found 1 updates."
"12-06-2026 09:22:17","41","Information","Microsoft-Windows-WindowsUpdateClient","An update was downloaded."
"12-06-2026 09:22:01","26","Information","Microsoft-Windows-WindowsUpdateClient","Windows Update successfully found 3 updates."
"12-06-2026 09:21:23","26","Information","Microsoft-Windows-WindowsUpdateClient","Windows Update successfully found 1 updates."
"11-06-2026 18:46:33","41","Information","Microsoft-Windows-WindowsUpdateClient","An update was downloaded."
"11-06-2026 18:46:12","26","Information","Microsoft-Windows-WindowsUpdateClient","Windows Update successfully found 0 updates."
"11-06-2026 18:46:12","26","Information","Microsoft-Windows-WindowsUpdateClient","Windows Update successfully found 1 updates."
"11-06-2026 16:46:24","41","Information","Microsoft-Windows-WindowsUpdateClient","An update was downloaded."
"11-06-2026 16:46:15","26","Information","Microsoft-Windows-WindowsUpdateClient","Windows Update successfully found 0 updates."
"11-06-2026 16:46:15","26","Information","Microsoft-Windows-WindowsUpdateClient","Windows Update successfully found 1 updates."
"11-06-2026 14:46:17","41","Information","Microsoft-Windows-WindowsUpdateClient","An update was downloaded."
"11-06-2026 14:46:14","26","Information","Microsoft-Windows-WindowsUpdateClient","Windows Update successfully found 0 updates."
"11-06-2026 14:46:14","26","Information","Microsoft-Windows-WindowsUpdateClient","Windows Update successfully found 1 updates."
"11-06-2026 12:55:26","26","Information","Microsoft-Windows-WindowsUpdateClient","Windows Update successfully found 0 updates."
"11-06-2026 12:55:26","26","Information","Microsoft-Windows-WindowsUpdateClient","Windows Update successfully found 0 updates."
"11-06-2026 12:46:03","26","Information","Microsoft-Windows-WindowsUpdateClient","Windows Update successfully found 0 updates."
"11-06-2026 12:46:03","26","Information","Microsoft-Windows-WindowsUpdateClient","Windows Update successfully found 0 updates."
"11-06-2026 12:41:41","41","Information","Microsoft-Windows-WindowsUpdateClient","An update was downloaded."
"11-06-2026 12:41:07","26","Information","Microsoft-Windows-WindowsUpdateClient","Windows Update successfully found 0 updates."
"11-06-2026 12:41:07","26","Information","Microsoft-Windows-WindowsUpdateClient","Windows Update successfully found 1 updates."
"11-06-2026 11:06:56","41","Information","Microsoft-Windows-WindowsUpdateClient","An update was downloaded."
"11-06-2026 11:06:47","41","Information","Microsoft-Windows-WindowsUpdateClient","An update was downloaded."
"11-06-2026 11:05:08","26","Information","Microsoft-Windows-WindowsUpdateClient","Windows Update successfully found 1 updates."
"11-06-2026 10:46:04","26","Information","Microsoft-Windows-WindowsUpdateClient","Windows Update successfully found 0 updates."
"11-06-2026 10:46:04","26","Information","Microsoft-Windows-WindowsUpdateClient","Windows Update successfully found 0 updates."
"11-06-2026 10:13:28","26","Information","Microsoft-Windows-WindowsUpdateClient","Windows Update successfully found 0 updates."
"11-06-2026 10:11:24","26","Information","Microsoft-Windows-WindowsUpdateClient","Windows Update successfully found 0 updates."
"11-06-2026 08:55:38","41","Information","Microsoft-Windows-WindowsUpdateClient","An update was downloaded."
"11-06-2026 08:55:34","26","Information","Microsoft-Windows-WindowsUpdateClient","Windows Update successfully found 2 updates."
"11-06-2026 08:55:34","41","Information","Microsoft-Windows-WindowsUpdateClient","An update was downloaded."
"11-06-2026 08:55:34","41","Information","Microsoft-Windows-WindowsUpdateClient","An update was downloaded."
"11-06-2026 08:55:24","26","Information","Microsoft-Windows-WindowsUpdateClient","Windows Update successfully found 1 updates."
"11-06-2026 08:55:24","41","Information","Microsoft-Windows-WindowsUpdateClient","An update was downloaded."
"11-06-2026 08:55:20","41","Information","Microsoft-Windows-WindowsUpdateClient","An update was downloaded."
"11-06-2026 08:55:08","41","Information","Microsoft-Windows-WindowsUpdateClient","An update was downloaded."
"11-06-2026 08:55:02","41","Information","Microsoft-Windows-WindowsUpdateClient","An update was downloaded."
"11-06-2026 08:54:54","41","Information","Microsoft-Windows-WindowsUpdateClient","An update was downloaded."
"11-06-2026 08:54:46","41","Information","Microsoft-Windows-WindowsUpdateClient","An update was downloaded."
"11-06-2026 08:54:35","41","Information","Microsoft-Windows-WindowsUpdateClient","An update was downloaded."
"11-06-2026 08:54:25","41","Information","Microsoft-Windows-WindowsUpdateClient","An update was downloaded."
"11-06-2026 08:54:25","41","Information","Microsoft-Windows-WindowsUpdateClient","An update was downloaded."
"11-06-2026 08:50:28","41","Information","Microsoft-Windows-WindowsUpdateClient","An update was downloaded."
"11-06-2026 08:50:23","26","Information","Microsoft-Windows-WindowsUpdateClient","Windows Update successfully found 0 updates."
"11-06-2026 08:49:59","26","Information","Microsoft-Windows-WindowsUpdateClient","Windows Update successfully found 1 updates."
"11-06-2026 08:49:59","41","Information","Microsoft-Windows-WindowsUpdateClient","An update was downloaded."
"10-06-2026 20:13:43","26","Information","Microsoft-Windows-WindowsUpdateClient","Windows Update successfully found 1 updates."
"10-06-2026 20:13:18","26","Information","Microsoft-Windows-WindowsUpdateClient","Windows Update successfully found 30 updates."
"10-06-2026 20:12:52","26","Information","Microsoft-Windows-WindowsUpdateClient","Windows Update successfully found 16 updates."
"10-06-2026 20:12:14","41","Information","Microsoft-Windows-WindowsUpdateClient","An update was downloaded."
"10-06-2026 20:12:12","26","Information","Microsoft-Windows-WindowsUpdateClient","Windows Update successfully found 0 updates."
"10-06-2026 20:12:12","26","Information","Microsoft-Windows-WindowsUpdateClient","Windows Update successfully found 1 updates."
"10-06-2026 18:48:27","26","Information","Microsoft-Windows-WindowsUpdateClient","Windows Update successfully found 0 updates."
"10-06-2026 18:48:18","26","Information","Microsoft-Windows-WindowsUpdateClient","Windows Update successfully found 0 updates."
"10-06-2026 18:12:42","41","Information","Microsoft-Windows-WindowsUpdateClient","An update was downloaded."
"10-06-2026 18:12:07","26","Information","Microsoft-Windows-WindowsUpdateClient","Windows Update successfully found 0 updates."
"10-06-2026 18:12:07","26","Information","Microsoft-Windows-WindowsUpdateClient","Windows Update successfully found 1 updates."
"10-06-2026 16:12:05","26","Information","Microsoft-Windows-WindowsUpdateClient","Windows Update successfully found 0 updates."
"10-06-2026 16:12:05","26","Information","Microsoft-Windows-WindowsUpdateClient","Windows Update successfully found 0 updates."
"10-06-2026 14:02:50","41","Information","Microsoft-Windows-WindowsUpdateClient","An update was downloaded."
"10-06-2026 14:02:20","26","Information","Microsoft-Windows-WindowsUpdateClient","Windows Update successfully found 0 updates."
"10-06-2026 14:02:20","26","Information","Microsoft-Windows-WindowsUpdateClient","Windows Update successfully found 1 updates."
"10-06-2026 13:42:15","26","Information","Microsoft-Windows-WindowsUpdateClient","Windows Update successfully found 0 updates."
"10-06-2026 13:42:15","26","Information","Microsoft-Windows-WindowsUpdateClient","Windows Update successfully found 0 updates."
"10-06-2026 12:03:02","41","Information","Microsoft-Windows-WindowsUpdateClient","An update was downloaded."
"10-06-2026 12:02:27","26","Information","Microsoft-Windows-WindowsUpdateClient","Windows Update successfully found 0 updates."
"10-06-2026 12:02:27","26","Information","Microsoft-Windows-WindowsUpdateClient","Windows Update successfully found 1 updates."
"10-06-2026 11:19:23","41","Information","Microsoft-Windows-WindowsUpdateClient","An update was downloaded."
"10-06-2026 11:01:57","26","Information","Microsoft-Windows-WindowsUpdateClient","Windows Update successfully found 1 updates."
"10-06-2026 10:55:22","41","Information","Microsoft-Windows-WindowsUpdateClient","An update was downloaded."
"10-06-2026 10:53:58","26","Information","Microsoft-Windows-WindowsUpdateClient","Windows Update successfully found 2 updates."
"10-06-2026 10:28:38","41","Information","Microsoft-Windows-WindowsUpdateClient","An update was downloaded."
"10-06-2026 10:28:32","41","Information","Microsoft-Windows-WindowsUpdateClient","An update was downloaded."
"10-06-2026 10:28:22","41","Information","Microsoft-Windows-WindowsUpdateClient","An update was downloaded."
"10-06-2026 10:28:06","41","Information","Microsoft-Windows-WindowsUpdateClient","An update was downloaded."
"10-06-2026 10:27:57","41","Information","Microsoft-Windows-WindowsUpdateClient","An update was downloaded."
"10-06-2026 10:27:49","41","Information","Microsoft-Windows-WindowsUpdateClient","An update was downloaded."
"10-06-2026 10:27:32","41","Information","Microsoft-Windows-WindowsUpdateClient","An update was downloaded."
"10-06-2026 10:27:27","41","Information","Microsoft-Windows-WindowsUpdateClient","An update was downloaded."
"10-06-2026 10:27:27","41","Information","Microsoft-Windows-WindowsUpdateClient","An update was downloaded."
"10-06-2026 10:27:09","41","Information","Microsoft-Windows-WindowsUpdateClient","An update was downloaded."
"10-06-2026 10:26:59","41","Information","Microsoft-Windows-WindowsUpdateClient","An update was downloaded."
"10-06-2026 10:09:24","26","Information","Microsoft-Windows-WindowsUpdateClient","Windows Update successfully found 2 updates."
"10-06-2026 10:09:13","26","Information","Microsoft-Windows-WindowsUpdateClient","Windows Update successfully found 0 updates."
"10-06-2026 10:02:58","41","Information","Microsoft-Windows-WindowsUpdateClient","An update was downloaded."
"10-06-2026 10:02:21","26","Information","Microsoft-Windows-WindowsUpdateClient","Windows Update successfully found 0 updates."
"10-06-2026 10:02:21","26","Information","Microsoft-Windows-WindowsUpdateClient","Windows Update successfully found 1 updates."
"09-06-2026 19:27:06","26","Information","Microsoft-Windows-WindowsUpdateClient","Windows Update successfully found 1 updates."
"09-06-2026 19:26:59","41","Information","Microsoft-Windows-WindowsUpdateClient","An update was downloaded."
"09-06-2026 19:25:37","26","Information","Microsoft-Windows-WindowsUpdateClient","Windows Update successfully found 1 updates."
"09-06-2026 19:25:22","26","Information","Microsoft-Windows-WindowsUpdateClient","Windows Update successfully found 29 updates."
"09-06-2026 19:25:07","26","Information","Microsoft-Windows-WindowsUpdateClient","Windows Update successfully found 16 updates."
"09-06-2026 17:51:29","41","Information","Microsoft-Windows-WindowsUpdateClient","An update was downloaded."
"09-06-2026 17:51:29","26","Information","Microsoft-Windows-WindowsUpdateClient","Windows Update successfully found 0 updates."
"09-06-2026 17:51:29","26","Information","Microsoft-Windows-WindowsUpdateClient","Windows Update successfully found 1 updates."
"09-06-2026 15:51:30","26","Information","Microsoft-Windows-WindowsUpdateClient","Windows Update successfully found 0 updates."
"09-06-2026 15:51:30","26","Information","Microsoft-Windows-WindowsUpdateClient","Windows Update successfully found 0 updates."
"09-06-2026 15:46:26","41","Information","Microsoft-Windows-WindowsUpdateClient","An update was downloaded."
"09-06-2026 15:46:26","41","Information","Microsoft-Windows-WindowsUpdateClient","An update was downloaded."
"09-06-2026 15:46:21","26","Information","Microsoft-Windows-WindowsUpdateClient","Windows Update successfully found 0 updates."
"09-06-2026 15:46:21","26","Information","Microsoft-Windows-WindowsUpdateClient","Windows Update successfully found 2 updates."
"09-06-2026 15:06:05","26","Information","Microsoft-Windows-WindowsUpdateClient","Windows Update successfully found 0 updates."
"09-06-2026 15:05:56","26","Information","Microsoft-Windows-WindowsUpdateClient","Windows Update successfully found 2 updates."
"09-06-2026 13:51:34","41","Information","Microsoft-Windows-WindowsUpdateClient","An update was downloaded."
"09-06-2026 13:51:30","26","Information","Microsoft-Windows-WindowsUpdateClient","Windows Update successfully found 0 updates."
"09-06-2026 13:51:30","26","Information","Microsoft-Windows-WindowsUpdateClient","Windows Update successfully found 1 updates."
"09-06-2026 11:51:33","26","Information","Microsoft-Windows-WindowsUpdateClient","Windows Update successfully found 0 updates."
"09-06-2026 11:51:33","26","Information","Microsoft-Windows-WindowsUpdateClient","Windows Update successfully found 0 updates."
"09-06-2026 11:42:25","41","Information","Microsoft-Windows-WindowsUpdateClient","An update was downloaded."
"09-06-2026 11:42:22","26","Information","Microsoft-Windows-WindowsUpdateClient","Windows Update successfully found 1 updates."
"09-06-2026 10:01:55","41","Information","Microsoft-Windows-WindowsUpdateClient","An update was downloaded."
"09-06-2026 10:01:11","26","Information","Microsoft-Windows-WindowsUpdateClient","Windows Update successfully found 0 updates."
"09-06-2026 10:01:11","26","Information","Microsoft-Windows-WindowsUpdateClient","Windows Update successfully found 0 updates."
"09-06-2026 09:48:41","41","Information","Microsoft-Windows-WindowsUpdateClient","An update was downloaded."
"09-06-2026 09:48:41","26","Information","Microsoft-Windows-WindowsUpdateClient","Windows Update successfully found 1 updates."
"09-06-2026 09:46:11","41","Information","Microsoft-Windows-WindowsUpdateClient","An update was downloaded."
"09-06-2026 09:46:11","26","Information","Microsoft-Windows-WindowsUpdateClient","Windows Update successfully found 2 updates."
"09-06-2026 09:46:00","26","Information","Microsoft-Windows-WindowsUpdateClient","Windows Update successfully found 2 updates."
"08-06-2026 19:21:09","25","Error","Microsoft-Windows-WindowsUpdateClient","Windows Update failed to check for updates with error 0x8024402C."
"08-06-2026 19:04:12","26","Information","Microsoft-Windows-WindowsUpdateClient","Windows Update successfully found 0 updates."
"08-06-2026 19:04:03","26","Information","Microsoft-Windows-WindowsUpdateClient","Windows Update successfully found 0 updates."
"08-06-2026 17:50:31","26","Information","Microsoft-Windows-WindowsUpdateClient","Windows Update successfully found 0 updates."
"08-06-2026 17:50:31","26","Information","Microsoft-Windows-WindowsUpdateClient","Windows Update successfully found 0 updates."
"08-06-2026 17:04:30","26","Information","Microsoft-Windows-WindowsUpdateClient","Windows Update successfully found 1 updates."
"08-06-2026 17:01:40","26","Information","Microsoft-Windows-WindowsUpdateClient","Windows Update successfully found 2 updates."
"08-06-2026 17:01:17","25","Error","Microsoft-Windows-WindowsUpdateClient","Windows Update failed to check for updates with error 0x80240438."
"08-06-2026 16:55:51","26","Information","Microsoft-Windows-WindowsUpdateClient","Windows Update successfully found 1 updates."
"08-06-2026 15:50:27","41","Information","Microsoft-Windows-WindowsUpdateClient","An update was downloaded."
"08-06-2026 15:50:27","26","Information","Microsoft-Windows-WindowsUpdateClient","Windows Update successfully found 0 updates."
"08-06-2026 15:50:27","26","Information","Microsoft-Windows-WindowsUpdateClient","Windows Update successfully found 1 updates."
"08-06-2026 13:51:05","41","Information","Microsoft-Windows-WindowsUpdateClient","An update was downloaded."
"08-06-2026 13:51:03","26","Information","Microsoft-Windows-WindowsUpdateClient","Windows Update successfully found 0 updates."
"08-06-2026 13:51:03","26","Information","Microsoft-Windows-WindowsUpdateClient","Windows Update successfully found 1 updates."
"08-06-2026 12:19:18","26","Information","Microsoft-Windows-WindowsUpdateClient","Windows Update successfully found 0 updates."
"08-06-2026 12:19:18","26","Information","Microsoft-Windows-WindowsUpdateClient","Windows Update successfully found 0 updates."
"08-06-2026 11:50:32","41","Information","Microsoft-Windows-WindowsUpdateClient","An update was downloaded."
"08-06-2026 11:50:31","26","Information","Microsoft-Windows-WindowsUpdateClient","Windows Update successfully found 0 updates."
"08-06-2026 11:50:31","26","Information","Microsoft-Windows-WindowsUpdateClient","Windows Update successfully found 1 updates."
"08-06-2026 09:50:59","41","Information","Microsoft-Windows-WindowsUpdateClient","An update was downloaded."
"08-06-2026 09:50:51","26","Information","Microsoft-Windows-WindowsUpdateClient","Windows Update successfully found 0 updates."
"08-06-2026 09:50:51","26","Information","Microsoft-Windows-WindowsUpdateClient","Windows Update successfully found 1 updates."
"08-06-2026 09:43:05","26","Information","Microsoft-Windows-WindowsUpdateClient","Windows Update successfully found 0 updates."
"08-06-2026 09:42:55","26","Information","Microsoft-Windows-WindowsUpdateClient","Windows Update successfully found 0 updates."
"08-06-2026 09:42:12","26","Information","Microsoft-Windows-WindowsUpdateClient","Windows Update successfully found 0 updates."
"08-06-2026 09:41:55","26","Information","Microsoft-Windows-WindowsUpdateClient","Windows Update successfully found 0 updates."
"08-06-2026 09:41:37","26","Information","Microsoft-Windows-WindowsUpdateClient","Windows Update successfully found 0 updates."
"08-06-2026 04:48:26","41","Information","Microsoft-Windows-WindowsUpdateClient","An update was downloaded."
"08-06-2026 04:48:26","26","Information","Microsoft-Windows-WindowsUpdateClient","Windows Update successfully found 20 updates."
"08-06-2026 04:48:10","26","Information","Microsoft-Windows-WindowsUpdateClient","Windows Update successfully found 1 updates."
"07-06-2026 19:15:19","41","Information","Microsoft-Windows-WindowsUpdateClient","An update was downloaded."
"07-06-2026 19:15:14","41","Information","Microsoft-Windows-WindowsUpdateClient","An update was downloaded."
"07-06-2026 19:15:06","41","Information","Microsoft-Windows-WindowsUpdateClient","An update was downloaded."
"07-06-2026 19:15:01","41","Information","Microsoft-Windows-WindowsUpdateClient","An update was downloaded."
"07-06-2026 19:14:47","41","Information","Microsoft-Windows-WindowsUpdateClient","An update was downloaded."
"07-06-2026 19:14:39","41","Information","Microsoft-Windows-WindowsUpdateClient","An update was downloaded."
"07-06-2026 19:14:30","41","Information","Microsoft-Windows-WindowsUpdateClient","An update was downloaded."
"07-06-2026 19:14:23","41","Information","Microsoft-Windows-WindowsUpdateClient","An update was downloaded."
"07-06-2026 19:14:15","41","Information","Microsoft-Windows-WindowsUpdateClient","An update was downloaded."
"07-06-2026 19:14:06","41","Information","Microsoft-Windows-WindowsUpdateClient","An update was downloaded."
"07-06-2026 19:14:06","41","Information","Microsoft-Windows-WindowsUpdateClient","An update was downloaded."
"07-06-2026 19:13:51","26","Information","Microsoft-Windows-WindowsUpdateClient","Windows Update successfully found 0 updates."
"07-06-2026 19:13:32","41","Information","Microsoft-Windows-WindowsUpdateClient","An update was downloaded."
"07-06-2026 19:12:08","26","Information","Microsoft-Windows-WindowsUpdateClient","Windows Update successfully found 0 updates."
"07-06-2026 19:11:50","26","Information","Microsoft-Windows-WindowsUpdateClient","Windows Update successfully found 29 updates."
"07-06-2026 19:11:28","26","Information","Microsoft-Windows-WindowsUpdateClient","Windows Update successfully found 15 updates."
"07-06-2026 15:32:33","25","Error","Microsoft-Windows-WindowsUpdateClient","Windows Update failed to check for updates with error 0x80240438."
"07-06-2026 15:32:21","25","Error","Microsoft-Windows-WindowsUpdateClient","Windows Update failed to check for updates with error 0x80240438."
"07-06-2026 15:32:21","26","Information","Microsoft-Windows-WindowsUpdateClient","Windows Update successfully found 20 updates."
"07-06-2026 15:32:02","25","Error","Microsoft-Windows-WindowsUpdateClient","Windows Update failed to check for updates with error 0x8024402C."
"06-06-2026 17:42:24","41","Information","Microsoft-Windows-WindowsUpdateClient","An update was downloaded."
"06-06-2026 17:42:17","41","Information","Microsoft-Windows-WindowsUpdateClient","An update was downloaded."
"06-06-2026 17:42:11","41","Information","Microsoft-Windows-WindowsUpdateClient","An update was downloaded."
"06-06-2026 17:42:01","41","Information","Microsoft-Windows-WindowsUpdateClient","An update was downloaded."
"06-06-2026 17:41:50","41","Information","Microsoft-Windows-WindowsUpdateClient","An update was downloaded."
"06-06-2026 17:41:43","41","Information","Microsoft-Windows-WindowsUpdateClient","An update was downloaded."
"06-06-2026 17:41:34","41","Information","Microsoft-Windows-WindowsUpdateClient","An update was downloaded."
"06-06-2026 17:41:29","41","Information","Microsoft-Windows-WindowsUpdateClient","An update was downloaded."
"06-06-2026 17:41:17","41","Information","Microsoft-Windows-WindowsUpdateClient","An update was downloaded."
"06-06-2026 17:41:17","41","Information","Microsoft-Windows-WindowsUpdateClient","An update was downloaded."
"06-06-2026 17:41:12","41","Information","Microsoft-Windows-WindowsUpdateClient","An update was downloaded."
"06-06-2026 17:40:56","26","Information","Microsoft-Windows-WindowsUpdateClient","Windows Update successfully found 0 updates."
"06-06-2026 17:40:37","41","Information","Microsoft-Windows-WindowsUpdateClient","An update was downloaded."
"06-06-2026 17:39:17","26","Information","Microsoft-Windows-WindowsUpdateClient","Windows Update successfully found 0 updates."
"06-06-2026 17:39:00","26","Information","Microsoft-Windows-WindowsUpdateClient","Windows Update successfully found 29 updates."
"06-06-2026 17:38:46","41","Information","Microsoft-Windows-WindowsUpdateClient","An update was downloaded."
"06-06-2026 17:38:45","26","Information","Microsoft-Windows-WindowsUpdateClient","Windows Update successfully found 20 updates."
"06-06-2026 17:38:34","26","Information","Microsoft-Windows-WindowsUpdateClient","Windows Update successfully found 15 updates."
"06-06-2026 17:38:34","26","Information","Microsoft-Windows-WindowsUpdateClient","Windows Update successfully found 1 updates."
"06-06-2026 03:59:45","41","Information","Microsoft-Windows-WindowsUpdateClient","An update was downloaded."
"06-06-2026 03:59:42","41","Information","Microsoft-Windows-WindowsUpdateClient","An update was downloaded."
"06-06-2026 03:59:41","26","Information","Microsoft-Windows-WindowsUpdateClient","Windows Update successfully found 14 updates."
"06-06-2026 03:59:41","26","Information","Microsoft-Windows-WindowsUpdateClient","Windows Update successfully found 1 updates."
"06-06-2026 03:59:36","26","Information","Microsoft-Windows-WindowsUpdateClient","Windows Update successfully found 1 updates."
"05-06-2026 20:33:32","41","Information","Microsoft-Windows-WindowsUpdateClient","An update was downloaded."
"05-06-2026 20:33:32","26","Information","Microsoft-Windows-WindowsUpdateClient","Windows Update successfully found 0 updates."
"05-06-2026 20:33:32","26","Information","Microsoft-Windows-WindowsUpdateClient","Windows Update successfully found 1 updates."
"05-06-2026 18:33:59","26","Information","Microsoft-Windows-WindowsUpdateClient","Windows Update successfully found 0 updates."
"05-06-2026 18:33:59","26","Information","Microsoft-Windows-WindowsUpdateClient","Windows Update successfully found 0 updates."
"05-06-2026 16:33:27","41","Information","Microsoft-Windows-WindowsUpdateClient","An update was downloaded."
"05-06-2026 16:33:27","26","Information","Microsoft-Windows-WindowsUpdateClient","Windows Update successfully found 0 updates."
"05-06-2026 16:33:27","26","Information","Microsoft-Windows-WindowsUpdateClient","Windows Update successfully found 1 updates."
"05-06-2026 14:33:29","41","Information","Microsoft-Windows-WindowsUpdateClient","An update was downloaded."
"05-06-2026 14:33:29","26","Information","Microsoft-Windows-WindowsUpdateClient","Windows Update successfully found 0 updates."
"05-06-2026 14:33:29","26","Information","Microsoft-Windows-WindowsUpdateClient","Windows Update successfully found 1 updates."
"05-06-2026 13:23:09","41","Information","Microsoft-Windows-WindowsUpdateClient","An update was downloaded."
"05-06-2026 13:22:06","41","Information","Microsoft-Windows-WindowsUpdateClient","An update was downloaded."
"05-06-2026 13:21:58","41","Information","Microsoft-Windows-WindowsUpdateClient","An update was downloaded."
"05-06-2026 13:21:51","41","Information","Microsoft-Windows-WindowsUpdateClient","An update was downloaded."
"05-06-2026 13:21:44","41","Information","Microsoft-Windows-WindowsUpdateClient","An update was downloaded."
"05-06-2026 13:21:44","41","Information","Microsoft-Windows-WindowsUpdateClient","An update was downloaded."
"05-06-2026 13:21:32","41","Information","Microsoft-Windows-WindowsUpdateClient","An update was downloaded."
"05-06-2026 13:21:27","41","Information","Microsoft-Windows-WindowsUpdateClient","An update was downloaded."
"05-06-2026 13:21:19","41","Information","Microsoft-Windows-WindowsUpdateClient","An update was downloaded."
"05-06-2026 13:21:13","41","Information","Microsoft-Windows-WindowsUpdateClient","An update was downloaded."
"05-06-2026 13:21:08","41","Information","Microsoft-Windows-WindowsUpdateClient","An update was downloaded."
"05-06-2026 13:21:08","41","Information","Microsoft-Windows-WindowsUpdateClient","An update was downloaded."
"05-06-2026 13:20:48","26","Information","Microsoft-Windows-WindowsUpdateClient","Windows Update successfully found 1 updates."
"05-06-2026 13:20:42","41","Information","Microsoft-Windows-WindowsUpdateClient","An update was downloaded."
"05-06-2026 13:19:26","26","Information","Microsoft-Windows-WindowsUpdateClient","Windows Update successfully found 1 updates."
"05-06-2026 13:19:13","26","Information","Microsoft-Windows-WindowsUpdateClient","Windows Update successfully found 29 updates."
"05-06-2026 13:18:57","26","Information","Microsoft-Windows-WindowsUpdateClient","Windows Update successfully found 16 updates."
"05-06-2026 12:50:51","26","Information","Microsoft-Windows-WindowsUpdateClient","Windows Update successfully found 0 updates."
"05-06-2026 12:50:51","26","Information","Microsoft-Windows-WindowsUpdateClient","Windows Update successfully found 0 updates."
"05-06-2026 12:43:50","26","Information","Microsoft-Windows-WindowsUpdateClient","Windows Update successfully found 0 updates."
"05-06-2026 12:43:50","26","Information","Microsoft-Windows-WindowsUpdateClient","Windows Update successfully found 0 updates."
"05-06-2026 12:33:34","41","Information","Microsoft-Windows-WindowsUpdateClient","An update was downloaded."
"05-06-2026 12:33:31","26","Information","Microsoft-Windows-WindowsUpdateClient","Windows Update successfully found 0 updates."
"05-06-2026 12:33:31","26","Information","Microsoft-Windows-WindowsUpdateClient","Windows Update successfully found 1 updates."
"05-06-2026 10:33:27","26","Information","Microsoft-Windows-WindowsUpdateClient","Windows Update successfully found 0 updates."
"05-06-2026 10:33:27","26","Information","Microsoft-Windows-WindowsUpdateClient","Windows Update successfully found 0 updates."
"05-06-2026 09:51:43","26","Information","Microsoft-Windows-WindowsUpdateClient","Windows Update successfully found 9 updates."
"05-06-2026 09:51:27","26","Information","Microsoft-Windows-WindowsUpdateClient","Windows Update successfully found 0 updates."
"05-06-2026 09:47:30","41","Information","Microsoft-Windows-WindowsUpdateClient","An update was downloaded."
"05-06-2026 09:47:24","41","Information","Microsoft-Windows-WindowsUpdateClient","An update was downloaded."
"05-06-2026 09:47:20","26","Information","Microsoft-Windows-WindowsUpdateClient","Windows Update successfully found 15 updates."
"05-06-2026 09:47:09","26","Information","Microsoft-Windows-WindowsUpdateClient","Windows Update successfully found 1 updates."
"04-06-2026 19:00:48","41","Information","Microsoft-Windows-WindowsUpdateClient","An update was downloaded."
"04-06-2026 19:00:48","26","Information","Microsoft-Windows-WindowsUpdateClient","Windows Update successfully found 0 updates."
"04-06-2026 19:00:48","26","Information","Microsoft-Windows-WindowsUpdateClient","Windows Update successfully found 1 updates."
"04-06-2026 18:04:22","26","Information","Microsoft-Windows-WindowsUpdateClient","Windows Update successfully found 0 updates."
"04-06-2026 18:04:15","26","Information","Microsoft-Windows-WindowsUpdateClient","Windows Update successfully found 0 updates."
"04-06-2026 18:04:10","26","Information","Microsoft-Windows-WindowsUpdateClient","Windows Update successfully found 0 updates."
"04-06-2026 18:04:00","26","Information","Microsoft-Windows-WindowsUpdateClient","Windows Update successfully found 0 updates."
"04-06-2026 17:00:48","41","Information","Microsoft-Windows-WindowsUpdateClient","An update was downloaded."
"04-06-2026 17:00:48","26","Information","Microsoft-Windows-WindowsUpdateClient","Windows Update successfully found 0 updates."
"04-06-2026 17:00:48","26","Information","Microsoft-Windows-WindowsUpdateClient","Windows Update successfully found 1 updates."
"04-06-2026 15:01:00","26","Information","Microsoft-Windows-WindowsUpdateClient","Windows Update successfully found 0 updates."
"04-06-2026 15:01:00","26","Information","Microsoft-Windows-WindowsUpdateClient","Windows Update successfully found 0 updates."
"04-06-2026 13:37:11","26","Information","Microsoft-Windows-WindowsUpdateClient","Windows Update successfully found 0 updates."
"04-06-2026 13:37:11","26","Information","Microsoft-Windows-WindowsUpdateClient","Windows Update successfully found 0 updates."
"04-06-2026 13:00:49","41","Information","Microsoft-Windows-WindowsUpdateClient","An update was downloaded."
"04-06-2026 13:00:48","26","Information","Microsoft-Windows-WindowsUpdateClient","Windows Update successfully found 0 updates."
"04-06-2026 13:00:48","26","Information","Microsoft-Windows-WindowsUpdateClient","Windows Update successfully found 1 updates."
"04-06-2026 12:54:13","41","Information","Microsoft-Windows-WindowsUpdateClient","An update was downloaded."
"04-06-2026 12:53:54","41","Information","Microsoft-Windows-WindowsUpdateClient","An update was downloaded."
"04-06-2026 12:53:50","41","Information","Microsoft-Windows-WindowsUpdateClient","An update was downloaded."
"04-06-2026 12:53:37","41","Information","Microsoft-Windows-WindowsUpdateClient","An update was downloaded."
"04-06-2026 12:53:37","41","Information","Microsoft-Windows-WindowsUpdateClient","An update was downloaded."
"04-06-2026 12:53:28","41","Information","Microsoft-Windows-WindowsUpdateClient","An update was downloaded."
"04-06-2026 12:53:23","41","Information","Microsoft-Windows-WindowsUpdateClient","An update was downloaded."
"04-06-2026 12:53:16","41","Information","Microsoft-Windows-WindowsUpdateClient","An update was downloaded."
"04-06-2026 12:53:10","41","Information","Microsoft-Windows-WindowsUpdateClient","An update was downloaded."
"04-06-2026 12:53:02","41","Information","Microsoft-Windows-WindowsUpdateClient","An update was downloaded."
"04-06-2026 12:53:02","41","Information","Microsoft-Windows-WindowsUpdateClient","An update was downloaded."
"04-06-2026 12:52:57","41","Information","Microsoft-Windows-WindowsUpdateClient","An update was downloaded."
"04-06-2026 12:52:35","26","Information","Microsoft-Windows-WindowsUpdateClient","Windows Update successfully found 1 updates."
"04-06-2026 12:52:19","41","Information","Microsoft-Windows-WindowsUpdateClient","An update was downloaded."
"04-06-2026 12:51:07","26","Information","Microsoft-Windows-WindowsUpdateClient","Windows Update successfully found 1 updates."
"04-06-2026 12:50:52","26","Information","Microsoft-Windows-WindowsUpdateClient","Windows Update successfully found 28 updates."
"04-06-2026 12:50:34","26","Information","Microsoft-Windows-WindowsUpdateClient","Windows Update successfully found 16 updates."
"04-06-2026 11:00:47","41","Information","Microsoft-Windows-WindowsUpdateClient","An update was downloaded."
"04-06-2026 11:00:47","26","Information","Microsoft-Windows-WindowsUpdateClient","Windows Update successfully found 0 updates."
"04-06-2026 11:00:47","26","Information","Microsoft-Windows-WindowsUpdateClient","Windows Update successfully found 1 updates."
"04-06-2026 09:21:51","26","Information","Microsoft-Windows-WindowsUpdateClient","Windows Update successfully found 8 updates."
"04-06-2026 09:21:42","26","Information","Microsoft-Windows-WindowsUpdateClient","Windows Update successfully found 0 updates."
"04-06-2026 09:02:48","41","Information","Microsoft-Windows-WindowsUpdateClient","An update was downloaded."
"04-06-2026 09:02:48","26","Information","Microsoft-Windows-WindowsUpdateClient","Windows Update successfully found 12 updates."
"04-06-2026 09:02:44","26","Information","Microsoft-Windows-WindowsUpdateClient","Windows Update successfully found 1 updates."
