"TimeCreated","Id","LevelDisplayName","ProviderName","Message"
"18-08-2026 14:55:48","20","Information","Microsoft-Windows-Provisioning-Diagnostics-Provider","Applying package 'Microsoft.Windows.Cosa.Desktop.Client.ppkg' ID: {c8a326e4-f518-4f14-b543-97a57e1a975e}."
"18-08-2026 14:55:48","20","Information","Microsoft-Windows-Provisioning-Diagnostics-Provider","Applying package 'SecureStart.Settings.ppkg' ID: {eb7d7f2f-3b77-4b87-b301-fd0d336f709a}."
"18-08-2026 14:55:48","20","Information","Microsoft-Windows-Provisioning-Diagnostics-Provider","Applying package 'PPM-Win11-24H2-ARL.Corp-v2025.0702122400.0b23d2b.ppkg' ID: {6298f460-b760-45e0-944d-069a6f1385f8}."
"18-08-2026 14:55:48","20","Information","Microsoft-Windows-Provisioning-Diagnostics-Provider","Applying package 'Power.Settings.Sleep.ppkg' ID: {3742e5e8-6d9d-473b-99a6-8ecc0f43548a}."
"18-08-2026 14:55:48","20","Information","Microsoft-Windows-Provisioning-Diagnostics-Provider","Applying package 'Power.Settings.Processor.ppkg' ID: {fc01e91f-914c-45af-9d7c-0b2e5fbedf62}."
"18-08-2026 14:55:48","20","Information","Microsoft-Windows-Provisioning-Diagnostics-Provider","Applying package 'Power.Settings.Processor.Intel.ppkg' ID: {fc01e91f-914c-45af-9d7c-0b2e5fbedf64}."
"18-08-2026 14:55:48","20","Information","Microsoft-Windows-Provisioning-Diagnostics-Provider","Applying package 'Power.Settings.Processor.Amd.ppkg' ID: {fc01e91f-914c-45af-9d7c-0b2e5fbedf63}."
"18-08-2026 14:55:48","20","Information","Microsoft-Windows-Provisioning-Diagnostics-Provider","Applying package 'Power.Settings.PCIExpress.ppkg' ID: {268c43e1-aa2b-4036-86ef-8cda98a0c2fe}."
"18-08-2026 14:55:48","20","Information","Microsoft-Windows-Provisioning-Diagnostics-Provider","Applying package 'Power.Settings.IdleResiliency.ppkg' ID: {f11899f2-71ec-4621-9997-e17ae2f6eb26}."
"18-08-2026 14:55:48","20","Information","Microsoft-Windows-Provisioning-Diagnostics-Provider","Applying package 'Power.Settings.Graphics.ppkg' ID: {bf56ce5a-946b-45b5-858a-1794eb0125e2}."
"18-08-2026 14:55:48","20","Information","Microsoft-Windows-Provisioning-Diagnostics-Provider","Applying package 'Power.Settings.Display.ppkg' ID: {23cb517f-5073-4e96-a202-7fe6122a2271}."
"18-08-2026 14:55:48","20","Information","Microsoft-Windows-Provisioning-Diagnostics-Provider","Applying package 'Power.Settings.Disk.ppkg' ID: {9df6a4ed-fc16-48bf-8b24-6e2ad2bfcfea}."
"18-08-2026 14:55:48","20","Information","Microsoft-Windows-Provisioning-Diagnostics-Provider","Applying package 'Power.Settings.Control.ppkg' ID: {5f568920-10ad-4dc0-a97e-b78a3255c351}."
"18-08-2026 14:55:48","20","Information","Microsoft-Windows-Provisioning-Diagnostics-Provider","Applying package 'Power.Settings.Button.ppkg' ID: {18dcffd4-37d6-4bc6-87e0-4266fdbb8e49}."
"18-08-2026 14:55:48","20","Information","Microsoft-Windows-Provisioning-Diagnostics-Provider","Applying package 'Power.Settings.Battery.ppkg' ID: {7a30a9be-737f-47a1-a541-6e7b0761ed19}."
"18-08-2026 14:55:48","20","Information","Microsoft-Windows-Provisioning-Diagnostics-Provider","Applying package 'Power.EnergyEstimationEngine.Wifi.ppkg' ID: {b0b9123d-7d7f-4c6b-9973-ceced46f2a09}."
"18-08-2026 14:55:48","20","Information","Microsoft-Windows-Provisioning-Diagnostics-Provider","Applying package 'Power.EnergyEstimationEngine.Telemetry.ppkg' ID: {8fb7d64e-70fc-4f9d-89ee-d486817534df}."
"18-08-2026 14:55:48","20","Information","Microsoft-Windows-Provisioning-Diagnostics-Provider","Applying package 'Power.EnergyEstimationEngine.Storage.ppkg' ID: {9aec5bda-1e87-46b3-bb96-1a01c606555e}."
"18-08-2026 14:55:48","20","Information","Microsoft-Windows-Provisioning-Diagnostics-Provider","Applying package 'Power.EnergyEstimationEngine.StandbyActivation.ppkg' ID: {8d196d7f-3eef-48ad-8bea-be749f12d3ad}."
"18-08-2026 14:55:48","20","Information","Microsoft-Windows-Provisioning-Diagnostics-Provider","Applying package 'Power.EnergyEstimationEngine.MBB.ppkg' ID: {99b095d8-5959-4820-bea7-7448c8427b4e}."
"18-08-2026 14:55:48","20","Information","Microsoft-Windows-Provisioning-Diagnostics-Provider","Applying package 'Power.EnergyEstimationEngine.Display.ppkg' ID: {ee4aac98-c174-4941-82b1-d121e493e4fb}."
"18-08-2026 14:55:48","20","Information","Microsoft-Windows-Provisioning-Diagnostics-Provider","Applying package 'Power.EnergyEstimationEngine.CPU.ppkg' ID: {c5dc3753-b6c8-4057-b396-bf13d769311c}."
"18-08-2026 14:55:48","20","Information","Microsoft-Windows-Provisioning-Diagnostics-Provider","Applying package 'Power.EnergyEstimationEngine.Control.ppkg' ID: {1e05dd5d-a022-46c5-963c-b20de341170f}."
"18-08-2026 14:55:48","20","Information","Microsoft-Windows-Provisioning-Diagnostics-Provider","Applying package 'Dell.Power.Performance.Intel.ppkg' ID: {14a95970-b75d-4fec-9d4c-309d1052444e}."
"18-08-2026 14:55:46","90","Information","Microsoft-Windows-Provisioning-Diagnostics-Provider","Settings detail.
source = LogonIdleTask.
packageIdToDelete = <Not Present>.
packagePathsToAdd = <Not Present>."
"18-08-2026 10:49:33","20","Information","Microsoft-Windows-Provisioning-Diagnostics-Provider","Applying package 'Microsoft.Windows.Cosa.Desktop.Client.ppkg' ID: {c8a326e4-f518-4f14-b543-97a57e1a975e}."
"18-08-2026 10:49:33","20","Information","Microsoft-Windows-Provisioning-Diagnostics-Provider","Applying package 'SecureStart.Settings.ppkg' ID: {eb7d7f2f-3b77-4b87-b301-fd0d336f709a}."
"18-08-2026 10:49:33","20","Information","Microsoft-Windows-Provisioning-Diagnostics-Provider","Applying package 'PPM-Win11-24H2-ARL.Corp-v2025.0702122400.0b23d2b.ppkg' ID: {6298f460-b760-45e0-944d-069a6f1385f8}."
"18-08-2026 10:49:33","20","Information","Microsoft-Windows-Provisioning-Diagnostics-Provider","Applying package 'Power.Settings.Sleep.ppkg' ID: {3742e5e8-6d9d-473b-99a6-8ecc0f43548a}."
"18-08-2026 10:49:33","20","Information","Microsoft-Windows-Provisioning-Diagnostics-Provider","Applying package 'Power.Settings.Processor.ppkg' ID: {fc01e91f-914c-45af-9d7c-0b2e5fbedf62}."
"18-08-2026 10:49:33","20","Information","Microsoft-Windows-Provisioning-Diagnostics-Provider","Applying package 'Power.Settings.Processor.Intel.ppkg' ID: {fc01e91f-914c-45af-9d7c-0b2e5fbedf64}."
"18-08-2026 10:49:33","20","Information","Microsoft-Windows-Provisioning-Diagnostics-Provider","Applying package 'Power.Settings.Processor.Amd.ppkg' ID: {fc01e91f-914c-45af-9d7c-0b2e5fbedf63}."
"18-08-2026 10:49:33","20","Information","Microsoft-Windows-Provisioning-Diagnostics-Provider","Applying package 'Power.Settings.PCIExpress.ppkg' ID: {268c43e1-aa2b-4036-86ef-8cda98a0c2fe}."
"18-08-2026 10:49:33","20","Information","Microsoft-Windows-Provisioning-Diagnostics-Provider","Applying package 'Power.Settings.IdleResiliency.ppkg' ID: {f11899f2-71ec-4621-9997-e17ae2f6eb26}."
"18-08-2026 10:49:33","20","Information","Microsoft-Windows-Provisioning-Diagnostics-Provider","Applying package 'Power.Settings.Graphics.ppkg' ID: {bf56ce5a-946b-45b5-858a-1794eb0125e2}."
"18-08-2026 10:49:33","20","Information","Microsoft-Windows-Provisioning-Diagnostics-Provider","Applying package 'Power.Settings.Display.ppkg' ID: {23cb517f-5073-4e96-a202-7fe6122a2271}."
"18-08-2026 10:49:33","20","Information","Microsoft-Windows-Provisioning-Diagnostics-Provider","Applying package 'Power.Settings.Disk.ppkg' ID: {9df6a4ed-fc16-48bf-8b24-6e2ad2bfcfea}."
"18-08-2026 10:49:32","20","Information","Microsoft-Windows-Provisioning-Diagnostics-Provider","Applying package 'Power.Settings.Control.ppkg' ID: {5f568920-10ad-4dc0-a97e-b78a3255c351}."
"18-08-2026 10:49:32","20","Information","Microsoft-Windows-Provisioning-Diagnostics-Provider","Applying package 'Power.Settings.Button.ppkg' ID: {18dcffd4-37d6-4bc6-87e0-4266fdbb8e49}."
"18-08-2026 10:49:32","20","Information","Microsoft-Windows-Provisioning-Diagnostics-Provider","Applying package 'Power.Settings.Battery.ppkg' ID: {7a30a9be-737f-47a1-a541-6e7b0761ed19}."
"18-08-2026 10:49:32","20","Information","Microsoft-Windows-Provisioning-Diagnostics-Provider","Applying package 'Power.EnergyEstimationEngine.Wifi.ppkg' ID: {b0b9123d-7d7f-4c6b-9973-ceced46f2a09}."
"18-08-2026 10:49:32","20","Information","Microsoft-Windows-Provisioning-Diagnostics-Provider","Applying package 'Power.EnergyEstimationEngine.Telemetry.ppkg' ID: {8fb7d64e-70fc-4f9d-89ee-d486817534df}."
"18-08-2026 10:49:32","20","Information","Microsoft-Windows-Provisioning-Diagnostics-Provider","Applying package 'Power.EnergyEstimationEngine.Storage.ppkg' ID: {9aec5bda-1e87-46b3-bb96-1a01c606555e}."
"18-08-2026 10:49:32","20","Information","Microsoft-Windows-Provisioning-Diagnostics-Provider","Applying package 'Power.EnergyEstimationEngine.StandbyActivation.ppkg' ID: {8d196d7f-3eef-48ad-8bea-be749f12d3ad}."
"18-08-2026 10:49:32","20","Information","Microsoft-Windows-Provisioning-Diagnostics-Provider","Applying package 'Power.EnergyEstimationEngine.MBB.ppkg' ID: {99b095d8-5959-4820-bea7-7448c8427b4e}."
"18-08-2026 10:49:32","20","Information","Microsoft-Windows-Provisioning-Diagnostics-Provider","Applying package 'Power.EnergyEstimationEngine.Display.ppkg' ID: {ee4aac98-c174-4941-82b1-d121e493e4fb}."
"18-08-2026 10:49:32","20","Information","Microsoft-Windows-Provisioning-Diagnostics-Provider","Applying package 'Power.EnergyEstimationEngine.CPU.ppkg' ID: {c5dc3753-b6c8-4057-b396-bf13d769311c}."
"18-08-2026 10:49:32","20","Information","Microsoft-Windows-Provisioning-Diagnostics-Provider","Applying package 'Power.EnergyEstimationEngine.Control.ppkg' ID: {1e05dd5d-a022-46c5-963c-b20de341170f}."
"18-08-2026 10:49:32","20","Information","Microsoft-Windows-Provisioning-Diagnostics-Provider","Applying package 'Dell.Power.Performance.Intel.ppkg' ID: {14a95970-b75d-4fec-9d4c-309d1052444e}."
"18-08-2026 10:49:31","90","Information","Microsoft-Windows-Provisioning-Diagnostics-Provider","Settings detail.
source = LogonIdleTask.
packageIdToDelete = <Not Present>.
packagePathsToAdd = <Not Present>."
"18-08-2026 10:42:28","11","Information","Microsoft-Windows-Provisioning-Diagnostics-Provider","ProvXML category 'PowerSettings' completed successfully. Provisioning succeeded"
"18-08-2026 10:42:27","10","Information","Microsoft-Windows-Provisioning-Diagnostics-Provider","Configuring ProvXML with category 'PowerSettings'.

ProvXML data:
MCSF/Power/Policy/Settings/Processor/SchemePersonality/381b4222-f694-41f0-9685-ff5bb260df2e/336c7511-f109-4172-bb3a-3ea51f815ada/SchedulingPolicy/AcValueMCSF/Power/Policy/Settings/Processor/SchemePersonality/381b4222-f694-41f0-9685-ff5bb260df2e/336c7511-f109-4172-bb3a-3ea51f815ada/SchedulingPolicy/DcValueMCSF/Power/Policy/Settings/Processor/SchemePersonality/381b4222-f694-41f0-9685-ff5bb260df2e/336c7511-f109-4172-bb3a-3ea51f815ada/ShortSchedulingPolicy/AcValueMCSF/Power/Policy/Settings/Processor/SchemePersonality/381b4222-f694-41f0-9685-ff5bb260df2e/336c7511-f109-4172-bb3a-3ea51f815ada/ShortSchedulingPolicy/DcValueMCSF/Power/Policy/Settings/Processor/SchemePersonality/381b4222-f694-41f0-9685-ff5bb260df2e/33cc3a0d-45ee-43ca-86c4-695bfc9a313b/SchedulingPolicy/AcValueMCSF/Power/Policy/Settings/Processor/SchemePersonality/381b4222-f694-41f0-9685-ff5bb260df2e/33cc3a0d-45ee-43ca-86c4-695bfc9a313b/SchedulingPolicy/DcValueMCSF/Power/Policy/Settings/Processor/SchemePersonality/381b4222-f694-41f0-9685-ff5bb260df2e/33cc3a0d-45ee-43ca-86c4-695bfc9a313b/ShortSchedulingPolicy/AcValueMCSF/Power/Policy/Settings/Processor/SchemePersonality/381b4222-f694-41f0-9685-ff5bb260df2e/33cc3a0d-45ee-43ca-86c4-695bfc9a313b/ShortSchedulingPolicy/DcValue"
"18-08-2026 10:42:27","91","Information","Microsoft-Windows-Provisioning-Diagnostics-Provider","RegisterForCspAlerts succeeded. EnrollmentId = {14a95970-b75d-4fec-9d4c-309d1052444e}."
"18-08-2026 10:42:27","20","Information","Microsoft-Windows-Provisioning-Diagnostics-Provider","Applying package 'Dell.Power.Performance.Intel.ppkg' ID: {14a95970-b75d-4fec-9d4c-309d1052444e}."
"18-08-2026 10:42:27","90","Information","Microsoft-Windows-Provisioning-Diagnostics-Provider","Settings detail.
source = <Not Present>.
packageIdToDelete = <Not Present>.
packagePathsToAdd = <Not Present>."
"18-08-2026 10:42:26","20","Information","Microsoft-Windows-Provisioning-Diagnostics-Provider","Applying package 'Microsoft.Windows.Cosa.Desktop.Client.ppkg' ID: {c8a326e4-f518-4f14-b543-97a57e1a975e}."
"18-08-2026 10:42:26","20","Information","Microsoft-Windows-Provisioning-Diagnostics-Provider","Applying package 'SecureStart.Settings.ppkg' ID: {eb7d7f2f-3b77-4b87-b301-fd0d336f709a}."
"18-08-2026 10:42:26","20","Information","Microsoft-Windows-Provisioning-Diagnostics-Provider","Applying package 'PPM-Win11-24H2-ARL.Corp-v2025.0702122400.0b23d2b.ppkg' ID: {6298f460-b760-45e0-944d-069a6f1385f8}."
"18-08-2026 10:42:26","20","Information","Microsoft-Windows-Provisioning-Diagnostics-Provider","Applying package 'Power.Settings.Sleep.ppkg' ID: {3742e5e8-6d9d-473b-99a6-8ecc0f43548a}."
"18-08-2026 10:42:26","20","Information","Microsoft-Windows-Provisioning-Diagnostics-Provider","Applying package 'Power.Settings.Processor.ppkg' ID: {fc01e91f-914c-45af-9d7c-0b2e5fbedf62}."
"18-08-2026 10:42:26","20","Information","Microsoft-Windows-Provisioning-Diagnostics-Provider","Applying package 'Power.Settings.Processor.Intel.ppkg' ID: {fc01e91f-914c-45af-9d7c-0b2e5fbedf64}."
"18-08-2026 10:42:26","20","Information","Microsoft-Windows-Provisioning-Diagnostics-Provider","Applying package 'Power.Settings.Processor.Amd.ppkg' ID: {fc01e91f-914c-45af-9d7c-0b2e5fbedf63}."
"18-08-2026 10:42:26","20","Information","Microsoft-Windows-Provisioning-Diagnostics-Provider","Applying package 'Power.Settings.PCIExpress.ppkg' ID: {268c43e1-aa2b-4036-86ef-8cda98a0c2fe}."
"18-08-2026 10:42:26","20","Information","Microsoft-Windows-Provisioning-Diagnostics-Provider","Applying package 'Power.Settings.IdleResiliency.ppkg' ID: {f11899f2-71ec-4621-9997-e17ae2f6eb26}."
"18-08-2026 10:42:26","20","Information","Microsoft-Windows-Provisioning-Diagnostics-Provider","Applying package 'Power.Settings.Graphics.ppkg' ID: {bf56ce5a-946b-45b5-858a-1794eb0125e2}."
"18-08-2026 10:42:26","20","Information","Microsoft-Windows-Provisioning-Diagnostics-Provider","Applying package 'Power.Settings.Display.ppkg' ID: {23cb517f-5073-4e96-a202-7fe6122a2271}."
"18-08-2026 10:42:26","20","Information","Microsoft-Windows-Provisioning-Diagnostics-Provider","Applying package 'Power.Settings.Disk.ppkg' ID: {9df6a4ed-fc16-48bf-8b24-6e2ad2bfcfea}."
"18-08-2026 10:42:26","20","Information","Microsoft-Windows-Provisioning-Diagnostics-Provider","Applying package 'Power.Settings.Control.ppkg' ID: {5f568920-10ad-4dc0-a97e-b78a3255c351}."
"18-08-2026 10:42:26","20","Information","Microsoft-Windows-Provisioning-Diagnostics-Provider","Applying package 'Power.Settings.Button.ppkg' ID: {18dcffd4-37d6-4bc6-87e0-4266fdbb8e49}."
"18-08-2026 10:42:26","20","Information","Microsoft-Windows-Provisioning-Diagnostics-Provider","Applying package 'Power.Settings.Battery.ppkg' ID: {7a30a9be-737f-47a1-a541-6e7b0761ed19}."
"18-08-2026 10:42:26","20","Information","Microsoft-Windows-Provisioning-Diagnostics-Provider","Applying package 'Power.EnergyEstimationEngine.Wifi.ppkg' ID: {b0b9123d-7d7f-4c6b-9973-ceced46f2a09}."
"18-08-2026 10:42:26","20","Information","Microsoft-Windows-Provisioning-Diagnostics-Provider","Applying package 'Power.EnergyEstimationEngine.Telemetry.ppkg' ID: {8fb7d64e-70fc-4f9d-89ee-d486817534df}."
"18-08-2026 10:42:26","20","Information","Microsoft-Windows-Provisioning-Diagnostics-Provider","Applying package 'Power.EnergyEstimationEngine.Storage.ppkg' ID: {9aec5bda-1e87-46b3-bb96-1a01c606555e}."
"18-08-2026 10:42:26","20","Information","Microsoft-Windows-Provisioning-Diagnostics-Provider","Applying package 'Power.EnergyEstimationEngine.StandbyActivation.ppkg' ID: {8d196d7f-3eef-48ad-8bea-be749f12d3ad}."
"18-08-2026 10:42:26","20","Information","Microsoft-Windows-Provisioning-Diagnostics-Provider","Applying package 'Power.EnergyEstimationEngine.MBB.ppkg' ID: {99b095d8-5959-4820-bea7-7448c8427b4e}."
"18-08-2026 10:42:26","20","Information","Microsoft-Windows-Provisioning-Diagnostics-Provider","Applying package 'Power.EnergyEstimationEngine.Display.ppkg' ID: {ee4aac98-c174-4941-82b1-d121e493e4fb}."
"18-08-2026 10:42:26","20","Information","Microsoft-Windows-Provisioning-Diagnostics-Provider","Applying package 'Power.EnergyEstimationEngine.CPU.ppkg' ID: {c5dc3753-b6c8-4057-b396-bf13d769311c}."
"18-08-2026 10:42:26","20","Information","Microsoft-Windows-Provisioning-Diagnostics-Provider","Applying package 'Power.EnergyEstimationEngine.Control.ppkg' ID: {1e05dd5d-a022-46c5-963c-b20de341170f}."
"18-08-2026 10:42:26","90","Information","Microsoft-Windows-Provisioning-Diagnostics-Provider","Settings detail.
source = ContinueSessionTask.
packageIdToDelete = <Not Present>.
packagePathsToAdd = <Not Present>."
"18-08-2026 10:42:20","90","Information","Microsoft-Windows-Provisioning-Diagnostics-Provider","Settings detail.
source = PSCmdlet.
packageIdToDelete = {4b809b12-e4e1-4c9f-bde4-69dbeef0c820}.
packagePathsToAdd = <Not Present>."
"18-08-2026 10:42:06","90","Information","Microsoft-Windows-Provisioning-Diagnostics-Provider","Settings detail.
source = PSCmdlet.
packageIdToDelete = {14a95970-b75d-4fec-9d4c-309d1052444e}.
packagePathsToAdd = <Not Present>."
"11-08-2026 12:27:14","20","Information","Microsoft-Windows-Provisioning-Diagnostics-Provider","Applying package 'Microsoft.Windows.Cosa.Desktop.Client.ppkg' ID: {c8a326e4-f518-4f14-b543-97a57e1a975e}."
"11-08-2026 12:27:14","20","Information","Microsoft-Windows-Provisioning-Diagnostics-Provider","Applying package 'SecureStart.Settings.ppkg' ID: {eb7d7f2f-3b77-4b87-b301-fd0d336f709a}."
"11-08-2026 12:27:14","20","Information","Microsoft-Windows-Provisioning-Diagnostics-Provider","Applying package 'PPM-Win11-24H2-ARL.Corp-v2025.0702122400.0b23d2b.ppkg' ID: {6298f460-b760-45e0-944d-069a6f1385f8}."
"11-08-2026 12:27:14","20","Information","Microsoft-Windows-Provisioning-Diagnostics-Provider","Applying package 'Power.Settings.Sleep.ppkg' ID: {3742e5e8-6d9d-473b-99a6-8ecc0f43548a}."
"11-08-2026 12:27:14","20","Information","Microsoft-Windows-Provisioning-Diagnostics-Provider","Applying package 'Power.Settings.Processor.ppkg' ID: {fc01e91f-914c-45af-9d7c-0b2e5fbedf62}."
"11-08-2026 12:27:14","20","Information","Microsoft-Windows-Provisioning-Diagnostics-Provider","Applying package 'Power.Settings.Processor.Intel.ppkg' ID: {fc01e91f-914c-45af-9d7c-0b2e5fbedf64}."
"11-08-2026 12:27:14","20","Information","Microsoft-Windows-Provisioning-Diagnostics-Provider","Applying package 'Power.Settings.Processor.Amd.ppkg' ID: {fc01e91f-914c-45af-9d7c-0b2e5fbedf63}."
"11-08-2026 12:27:14","20","Information","Microsoft-Windows-Provisioning-Diagnostics-Provider","Applying package 'Power.Settings.PCIExpress.ppkg' ID: {268c43e1-aa2b-4036-86ef-8cda98a0c2fe}."
"11-08-2026 12:27:14","20","Information","Microsoft-Windows-Provisioning-Diagnostics-Provider","Applying package 'Power.Settings.IdleResiliency.ppkg' ID: {f11899f2-71ec-4621-9997-e17ae2f6eb26}."
"11-08-2026 12:27:14","20","Information","Microsoft-Windows-Provisioning-Diagnostics-Provider","Applying package 'Power.Settings.Graphics.ppkg' ID: {bf56ce5a-946b-45b5-858a-1794eb0125e2}."
"11-08-2026 12:27:14","20","Information","Microsoft-Windows-Provisioning-Diagnostics-Provider","Applying package 'Power.Settings.Display.ppkg' ID: {23cb517f-5073-4e96-a202-7fe6122a2271}."
"11-08-2026 12:27:14","20","Information","Microsoft-Windows-Provisioning-Diagnostics-Provider","Applying package 'Power.Settings.Disk.ppkg' ID: {9df6a4ed-fc16-48bf-8b24-6e2ad2bfcfea}."
"11-08-2026 12:27:14","20","Information","Microsoft-Windows-Provisioning-Diagnostics-Provider","Applying package 'Power.Settings.Control.ppkg' ID: {5f568920-10ad-4dc0-a97e-b78a3255c351}."
"11-08-2026 12:27:14","20","Information","Microsoft-Windows-Provisioning-Diagnostics-Provider","Applying package 'Power.Settings.Button.ppkg' ID: {18dcffd4-37d6-4bc6-87e0-4266fdbb8e49}."
"11-08-2026 12:27:14","20","Information","Microsoft-Windows-Provisioning-Diagnostics-Provider","Applying package 'Power.Settings.Battery.ppkg' ID: {7a30a9be-737f-47a1-a541-6e7b0761ed19}."
"11-08-2026 12:27:14","20","Information","Microsoft-Windows-Provisioning-Diagnostics-Provider","Applying package 'Power.EnergyEstimationEngine.Wifi.ppkg' ID: {b0b9123d-7d7f-4c6b-9973-ceced46f2a09}."
"11-08-2026 12:27:14","20","Information","Microsoft-Windows-Provisioning-Diagnostics-Provider","Applying package 'Power.EnergyEstimationEngine.Telemetry.ppkg' ID: {8fb7d64e-70fc-4f9d-89ee-d486817534df}."
"11-08-2026 12:27:14","20","Information","Microsoft-Windows-Provisioning-Diagnostics-Provider","Applying package 'Power.EnergyEstimationEngine.Storage.ppkg' ID: {9aec5bda-1e87-46b3-bb96-1a01c606555e}."
"11-08-2026 12:27:14","20","Information","Microsoft-Windows-Provisioning-Diagnostics-Provider","Applying package 'Power.EnergyEstimationEngine.StandbyActivation.ppkg' ID: {8d196d7f-3eef-48ad-8bea-be749f12d3ad}."
"11-08-2026 12:27:14","20","Information","Microsoft-Windows-Provisioning-Diagnostics-Provider","Applying package 'Power.EnergyEstimationEngine.MBB.ppkg' ID: {99b095d8-5959-4820-bea7-7448c8427b4e}."
"11-08-2026 12:27:14","20","Information","Microsoft-Windows-Provisioning-Diagnostics-Provider","Applying package 'Power.EnergyEstimationEngine.Display.ppkg' ID: {ee4aac98-c174-4941-82b1-d121e493e4fb}."
"11-08-2026 12:27:14","20","Information","Microsoft-Windows-Provisioning-Diagnostics-Provider","Applying package 'Power.EnergyEstimationEngine.CPU.ppkg' ID: {c5dc3753-b6c8-4057-b396-bf13d769311c}."
"11-08-2026 12:27:14","20","Information","Microsoft-Windows-Provisioning-Diagnostics-Provider","Applying package 'Power.EnergyEstimationEngine.Control.ppkg' ID: {1e05dd5d-a022-46c5-963c-b20de341170f}."
"11-08-2026 12:27:14","20","Information","Microsoft-Windows-Provisioning-Diagnostics-Provider","Applying package 'Dell.Power.Performance.Intel.ppkg' ID: {14a95970-b75d-4fec-9d4c-309d1052444e}."
"11-08-2026 12:27:13","90","Information","Microsoft-Windows-Provisioning-Diagnostics-Provider","Settings detail.
source = LogonIdleTask.
packageIdToDelete = <Not Present>.
packagePathsToAdd = <Not Present>."
"10-08-2026 10:21:54","20","Information","Microsoft-Windows-Provisioning-Diagnostics-Provider","Applying package 'Microsoft.Windows.Cosa.Desktop.Client.ppkg' ID: {c8a326e4-f518-4f14-b543-97a57e1a975e}."
"10-08-2026 10:21:54","20","Information","Microsoft-Windows-Provisioning-Diagnostics-Provider","Applying package 'SecureStart.Settings.ppkg' ID: {eb7d7f2f-3b77-4b87-b301-fd0d336f709a}."
"10-08-2026 10:21:54","20","Information","Microsoft-Windows-Provisioning-Diagnostics-Provider","Applying package 'PPM-Win11-24H2-ARL.Corp-v2025.0702122400.0b23d2b.ppkg' ID: {6298f460-b760-45e0-944d-069a6f1385f8}."
"10-08-2026 10:21:54","20","Information","Microsoft-Windows-Provisioning-Diagnostics-Provider","Applying package 'Power.Settings.Sleep.ppkg' ID: {3742e5e8-6d9d-473b-99a6-8ecc0f43548a}."
"10-08-2026 10:21:53","20","Information","Microsoft-Windows-Provisioning-Diagnostics-Provider","Applying package 'Power.Settings.Processor.ppkg' ID: {fc01e91f-914c-45af-9d7c-0b2e5fbedf62}."
"10-08-2026 10:21:53","20","Information","Microsoft-Windows-Provisioning-Diagnostics-Provider","Applying package 'Power.Settings.Processor.Intel.ppkg' ID: {fc01e91f-914c-45af-9d7c-0b2e5fbedf64}."
"10-08-2026 10:21:53","20","Information","Microsoft-Windows-Provisioning-Diagnostics-Provider","Applying package 'Power.Settings.Processor.Amd.ppkg' ID: {fc01e91f-914c-45af-9d7c-0b2e5fbedf63}."
"10-08-2026 10:21:53","20","Information","Microsoft-Windows-Provisioning-Diagnostics-Provider","Applying package 'Power.Settings.PCIExpress.ppkg' ID: {268c43e1-aa2b-4036-86ef-8cda98a0c2fe}."
"10-08-2026 10:21:53","20","Information","Microsoft-Windows-Provisioning-Diagnostics-Provider","Applying package 'Power.Settings.IdleResiliency.ppkg' ID: {f11899f2-71ec-4621-9997-e17ae2f6eb26}."
"10-08-2026 10:21:53","20","Information","Microsoft-Windows-Provisioning-Diagnostics-Provider","Applying package 'Power.Settings.Graphics.ppkg' ID: {bf56ce5a-946b-45b5-858a-1794eb0125e2}."
"10-08-2026 10:21:53","20","Information","Microsoft-Windows-Provisioning-Diagnostics-Provider","Applying package 'Power.Settings.Display.ppkg' ID: {23cb517f-5073-4e96-a202-7fe6122a2271}."
"10-08-2026 10:21:53","20","Information","Microsoft-Windows-Provisioning-Diagnostics-Provider","Applying package 'Power.Settings.Disk.ppkg' ID: {9df6a4ed-fc16-48bf-8b24-6e2ad2bfcfea}."
"10-08-2026 10:21:52","20","Information","Microsoft-Windows-Provisioning-Diagnostics-Provider","Applying package 'Power.Settings.Control.ppkg' ID: {5f568920-10ad-4dc0-a97e-b78a3255c351}."
"10-08-2026 10:21:52","20","Information","Microsoft-Windows-Provisioning-Diagnostics-Provider","Applying package 'Power.Settings.Button.ppkg' ID: {18dcffd4-37d6-4bc6-87e0-4266fdbb8e49}."
"10-08-2026 10:21:52","20","Information","Microsoft-Windows-Provisioning-Diagnostics-Provider","Applying package 'Power.Settings.Battery.ppkg' ID: {7a30a9be-737f-47a1-a541-6e7b0761ed19}."
"10-08-2026 10:21:52","20","Information","Microsoft-Windows-Provisioning-Diagnostics-Provider","Applying package 'Power.EnergyEstimationEngine.Wifi.ppkg' ID: {b0b9123d-7d7f-4c6b-9973-ceced46f2a09}."
"10-08-2026 10:21:52","20","Information","Microsoft-Windows-Provisioning-Diagnostics-Provider","Applying package 'Power.EnergyEstimationEngine.Telemetry.ppkg' ID: {8fb7d64e-70fc-4f9d-89ee-d486817534df}."
"10-08-2026 10:21:52","20","Information","Microsoft-Windows-Provisioning-Diagnostics-Provider","Applying package 'Power.EnergyEstimationEngine.Storage.ppkg' ID: {9aec5bda-1e87-46b3-bb96-1a01c606555e}."
"10-08-2026 10:21:52","20","Information","Microsoft-Windows-Provisioning-Diagnostics-Provider","Applying package 'Power.EnergyEstimationEngine.StandbyActivation.ppkg' ID: {8d196d7f-3eef-48ad-8bea-be749f12d3ad}."
"10-08-2026 10:21:52","20","Information","Microsoft-Windows-Provisioning-Diagnostics-Provider","Applying package 'Power.EnergyEstimationEngine.MBB.ppkg' ID: {99b095d8-5959-4820-bea7-7448c8427b4e}."
"10-08-2026 10:21:52","20","Information","Microsoft-Windows-Provisioning-Diagnostics-Provider","Applying package 'Power.EnergyEstimationEngine.Display.ppkg' ID: {ee4aac98-c174-4941-82b1-d121e493e4fb}."
"10-08-2026 10:21:52","20","Information","Microsoft-Windows-Provisioning-Diagnostics-Provider","Applying package 'Power.EnergyEstimationEngine.CPU.ppkg' ID: {c5dc3753-b6c8-4057-b396-bf13d769311c}."
"10-08-2026 10:21:52","20","Information","Microsoft-Windows-Provisioning-Diagnostics-Provider","Applying package 'Power.EnergyEstimationEngine.Control.ppkg' ID: {1e05dd5d-a022-46c5-963c-b20de341170f}."
"10-08-2026 10:21:51","20","Information","Microsoft-Windows-Provisioning-Diagnostics-Provider","Applying package 'Dell.Power.Performance.Intel.ppkg' ID: {14a95970-b75d-4fec-9d4c-309d1052444e}."
"10-08-2026 10:21:24","90","Information","Microsoft-Windows-Provisioning-Diagnostics-Provider","Settings detail.
source = LogonIdleTask.
packageIdToDelete = <Not Present>.
packagePathsToAdd = <Not Present>."
"03-08-2026 09:38:47","20","Information","Microsoft-Windows-Provisioning-Diagnostics-Provider","Applying package 'Microsoft.Windows.Cosa.Desktop.Client.ppkg' ID: {c8a326e4-f518-4f14-b543-97a57e1a975e}."
"03-08-2026 09:38:47","20","Information","Microsoft-Windows-Provisioning-Diagnostics-Provider","Applying package 'SecureStart.Settings.ppkg' ID: {eb7d7f2f-3b77-4b87-b301-fd0d336f709a}."
"03-08-2026 09:38:47","20","Information","Microsoft-Windows-Provisioning-Diagnostics-Provider","Applying package 'PPM-Win11-24H2-ARL.Corp-v2025.0702122400.0b23d2b.ppkg' ID: {6298f460-b760-45e0-944d-069a6f1385f8}."
"03-08-2026 09:38:47","20","Information","Microsoft-Windows-Provisioning-Diagnostics-Provider","Applying package 'Power.Settings.Sleep.ppkg' ID: {3742e5e8-6d9d-473b-99a6-8ecc0f43548a}."
"03-08-2026 09:38:47","20","Information","Microsoft-Windows-Provisioning-Diagnostics-Provider","Applying package 'Power.Settings.Processor.ppkg' ID: {fc01e91f-914c-45af-9d7c-0b2e5fbedf62}."
"03-08-2026 09:38:47","20","Information","Microsoft-Windows-Provisioning-Diagnostics-Provider","Applying package 'Power.Settings.Processor.Intel.ppkg' ID: {fc01e91f-914c-45af-9d7c-0b2e5fbedf64}."
"03-08-2026 09:38:47","20","Information","Microsoft-Windows-Provisioning-Diagnostics-Provider","Applying package 'Power.Settings.Processor.Amd.ppkg' ID: {fc01e91f-914c-45af-9d7c-0b2e5fbedf63}."
"03-08-2026 09:38:47","20","Information","Microsoft-Windows-Provisioning-Diagnostics-Provider","Applying package 'Power.Settings.PCIExpress.ppkg' ID: {268c43e1-aa2b-4036-86ef-8cda98a0c2fe}."
"03-08-2026 09:38:47","20","Information","Microsoft-Windows-Provisioning-Diagnostics-Provider","Applying package 'Power.Settings.IdleResiliency.ppkg' ID: {f11899f2-71ec-4621-9997-e17ae2f6eb26}."
"03-08-2026 09:38:47","20","Information","Microsoft-Windows-Provisioning-Diagnostics-Provider","Applying package 'Power.Settings.Graphics.ppkg' ID: {bf56ce5a-946b-45b5-858a-1794eb0125e2}."
"03-08-2026 09:38:47","20","Information","Microsoft-Windows-Provisioning-Diagnostics-Provider","Applying package 'Power.Settings.Display.ppkg' ID: {23cb517f-5073-4e96-a202-7fe6122a2271}."
"03-08-2026 09:38:46","20","Information","Microsoft-Windows-Provisioning-Diagnostics-Provider","Applying package 'Power.Settings.Disk.ppkg' ID: {9df6a4ed-fc16-48bf-8b24-6e2ad2bfcfea}."
"03-08-2026 09:38:46","20","Information","Microsoft-Windows-Provisioning-Diagnostics-Provider","Applying package 'Power.Settings.Control.ppkg' ID: {5f568920-10ad-4dc0-a97e-b78a3255c351}."
"03-08-2026 09:38:46","20","Information","Microsoft-Windows-Provisioning-Diagnostics-Provider","Applying package 'Power.Settings.Button.ppkg' ID: {18dcffd4-37d6-4bc6-87e0-4266fdbb8e49}."
"03-08-2026 09:38:46","20","Information","Microsoft-Windows-Provisioning-Diagnostics-Provider","Applying package 'Power.Settings.Battery.ppkg' ID: {7a30a9be-737f-47a1-a541-6e7b0761ed19}."
"03-08-2026 09:38:46","20","Information","Microsoft-Windows-Provisioning-Diagnostics-Provider","Applying package 'Power.EnergyEstimationEngine.Wifi.ppkg' ID: {b0b9123d-7d7f-4c6b-9973-ceced46f2a09}."
"03-08-2026 09:38:46","20","Information","Microsoft-Windows-Provisioning-Diagnostics-Provider","Applying package 'Power.EnergyEstimationEngine.Telemetry.ppkg' ID: {8fb7d64e-70fc-4f9d-89ee-d486817534df}."
"03-08-2026 09:38:46","20","Information","Microsoft-Windows-Provisioning-Diagnostics-Provider","Applying package 'Power.EnergyEstimationEngine.Storage.ppkg' ID: {9aec5bda-1e87-46b3-bb96-1a01c606555e}."
"03-08-2026 09:38:46","20","Information","Microsoft-Windows-Provisioning-Diagnostics-Provider","Applying package 'Power.EnergyEstimationEngine.StandbyActivation.ppkg' ID: {8d196d7f-3eef-48ad-8bea-be749f12d3ad}."
"03-08-2026 09:38:46","20","Information","Microsoft-Windows-Provisioning-Diagnostics-Provider","Applying package 'Power.EnergyEstimationEngine.MBB.ppkg' ID: {99b095d8-5959-4820-bea7-7448c8427b4e}."
"03-08-2026 09:38:46","20","Information","Microsoft-Windows-Provisioning-Diagnostics-Provider","Applying package 'Power.EnergyEstimationEngine.Display.ppkg' ID: {ee4aac98-c174-4941-82b1-d121e493e4fb}."
"03-08-2026 09:38:46","20","Information","Microsoft-Windows-Provisioning-Diagnostics-Provider","Applying package 'Power.EnergyEstimationEngine.CPU.ppkg' ID: {c5dc3753-b6c8-4057-b396-bf13d769311c}."
"03-08-2026 09:38:46","20","Information","Microsoft-Windows-Provisioning-Diagnostics-Provider","Applying package 'Power.EnergyEstimationEngine.Control.ppkg' ID: {1e05dd5d-a022-46c5-963c-b20de341170f}."
"03-08-2026 09:38:46","20","Information","Microsoft-Windows-Provisioning-Diagnostics-Provider","Applying package 'Dell.Power.Performance.Intel.ppkg' ID: {14a95970-b75d-4fec-9d4c-309d1052444e}."
"03-08-2026 09:38:41","90","Information","Microsoft-Windows-Provisioning-Diagnostics-Provider","Settings detail.
source = LogonIdleTask.
packageIdToDelete = <Not Present>.
packagePathsToAdd = <Not Present>."
"31-07-2026 10:02:25","20","Information","Microsoft-Windows-Provisioning-Diagnostics-Provider","Applying package 'Microsoft.Windows.Cosa.Desktop.Client.ppkg' ID: {c8a326e4-f518-4f14-b543-97a57e1a975e}."
"31-07-2026 10:02:25","20","Information","Microsoft-Windows-Provisioning-Diagnostics-Provider","Applying package 'SecureStart.Settings.ppkg' ID: {eb7d7f2f-3b77-4b87-b301-fd0d336f709a}."
"31-07-2026 10:02:25","20","Information","Microsoft-Windows-Provisioning-Diagnostics-Provider","Applying package 'PPM-Win11-24H2-ARL.Corp-v2025.0702122400.0b23d2b.ppkg' ID: {6298f460-b760-45e0-944d-069a6f1385f8}."
"31-07-2026 10:02:25","20","Information","Microsoft-Windows-Provisioning-Diagnostics-Provider","Applying package 'Power.Settings.Sleep.ppkg' ID: {3742e5e8-6d9d-473b-99a6-8ecc0f43548a}."
"31-07-2026 10:02:25","20","Information","Microsoft-Windows-Provisioning-Diagnostics-Provider","Applying package 'Power.Settings.Processor.ppkg' ID: {fc01e91f-914c-45af-9d7c-0b2e5fbedf62}."
"31-07-2026 10:02:25","20","Information","Microsoft-Windows-Provisioning-Diagnostics-Provider","Applying package 'Power.Settings.Processor.Intel.ppkg' ID: {fc01e91f-914c-45af-9d7c-0b2e5fbedf64}."
"31-07-2026 10:02:25","20","Information","Microsoft-Windows-Provisioning-Diagnostics-Provider","Applying package 'Power.Settings.Processor.Amd.ppkg' ID: {fc01e91f-914c-45af-9d7c-0b2e5fbedf63}."
"31-07-2026 10:02:25","20","Information","Microsoft-Windows-Provisioning-Diagnostics-Provider","Applying package 'Power.Settings.PCIExpress.ppkg' ID: {268c43e1-aa2b-4036-86ef-8cda98a0c2fe}."
"31-07-2026 10:02:25","20","Information","Microsoft-Windows-Provisioning-Diagnostics-Provider","Applying package 'Power.Settings.IdleResiliency.ppkg' ID: {f11899f2-71ec-4621-9997-e17ae2f6eb26}."
"31-07-2026 10:02:25","20","Information","Microsoft-Windows-Provisioning-Diagnostics-Provider","Applying package 'Power.Settings.Graphics.ppkg' ID: {bf56ce5a-946b-45b5-858a-1794eb0125e2}."
"31-07-2026 10:02:25","20","Information","Microsoft-Windows-Provisioning-Diagnostics-Provider","Applying package 'Power.Settings.Display.ppkg' ID: {23cb517f-5073-4e96-a202-7fe6122a2271}."
"31-07-2026 10:02:25","20","Information","Microsoft-Windows-Provisioning-Diagnostics-Provider","Applying package 'Power.Settings.Disk.ppkg' ID: {9df6a4ed-fc16-48bf-8b24-6e2ad2bfcfea}."
"31-07-2026 10:02:25","20","Information","Microsoft-Windows-Provisioning-Diagnostics-Provider","Applying package 'Power.Settings.Control.ppkg' ID: {5f568920-10ad-4dc0-a97e-b78a3255c351}."
"31-07-2026 10:02:25","20","Information","Microsoft-Windows-Provisioning-Diagnostics-Provider","Applying package 'Power.Settings.Button.ppkg' ID: {18dcffd4-37d6-4bc6-87e0-4266fdbb8e49}."
"31-07-2026 10:02:25","20","Information","Microsoft-Windows-Provisioning-Diagnostics-Provider","Applying package 'Power.Settings.Battery.ppkg' ID: {7a30a9be-737f-47a1-a541-6e7b0761ed19}."
"31-07-2026 10:02:25","20","Information","Microsoft-Windows-Provisioning-Diagnostics-Provider","Applying package 'Power.EnergyEstimationEngine.Wifi.ppkg' ID: {b0b9123d-7d7f-4c6b-9973-ceced46f2a09}."
"31-07-2026 10:02:25","20","Information","Microsoft-Windows-Provisioning-Diagnostics-Provider","Applying package 'Power.EnergyEstimationEngine.Telemetry.ppkg' ID: {8fb7d64e-70fc-4f9d-89ee-d486817534df}."
"31-07-2026 10:02:24","20","Information","Microsoft-Windows-Provisioning-Diagnostics-Provider","Applying package 'Power.EnergyEstimationEngine.Storage.ppkg' ID: {9aec5bda-1e87-46b3-bb96-1a01c606555e}."
"31-07-2026 10:02:24","20","Information","Microsoft-Windows-Provisioning-Diagnostics-Provider","Applying package 'Power.EnergyEstimationEngine.StandbyActivation.ppkg' ID: {8d196d7f-3eef-48ad-8bea-be749f12d3ad}."
"31-07-2026 10:02:24","20","Information","Microsoft-Windows-Provisioning-Diagnostics-Provider","Applying package 'Power.EnergyEstimationEngine.MBB.ppkg' ID: {99b095d8-5959-4820-bea7-7448c8427b4e}."
"31-07-2026 10:02:24","20","Information","Microsoft-Windows-Provisioning-Diagnostics-Provider","Applying package 'Power.EnergyEstimationEngine.Display.ppkg' ID: {ee4aac98-c174-4941-82b1-d121e493e4fb}."
"31-07-2026 10:02:24","20","Information","Microsoft-Windows-Provisioning-Diagnostics-Provider","Applying package 'Power.EnergyEstimationEngine.CPU.ppkg' ID: {c5dc3753-b6c8-4057-b396-bf13d769311c}."
"31-07-2026 10:02:24","20","Information","Microsoft-Windows-Provisioning-Diagnostics-Provider","Applying package 'Power.EnergyEstimationEngine.Control.ppkg' ID: {1e05dd5d-a022-46c5-963c-b20de341170f}."
"31-07-2026 10:02:24","20","Information","Microsoft-Windows-Provisioning-Diagnostics-Provider","Applying package 'Dell.Power.Performance.Intel.ppkg' ID: {14a95970-b75d-4fec-9d4c-309d1052444e}."
"31-07-2026 10:02:09","90","Information","Microsoft-Windows-Provisioning-Diagnostics-Provider","Settings detail.
source = LogonIdleTask.
packageIdToDelete = <Not Present>.
packagePathsToAdd = <Not Present>."
"27-07-2026 12:00:06","20","Information","Microsoft-Windows-Provisioning-Diagnostics-Provider","Applying package 'Microsoft.Windows.Cosa.Desktop.Client.ppkg' ID: {c8a326e4-f518-4f14-b543-97a57e1a975e}."
"27-07-2026 12:00:06","20","Information","Microsoft-Windows-Provisioning-Diagnostics-Provider","Applying package 'SecureStart.Settings.ppkg' ID: {eb7d7f2f-3b77-4b87-b301-fd0d336f709a}."
"27-07-2026 12:00:06","20","Information","Microsoft-Windows-Provisioning-Diagnostics-Provider","Applying package 'PPM-Win11-24H2-ARL.Corp-v2025.0702122400.0b23d2b.ppkg' ID: {6298f460-b760-45e0-944d-069a6f1385f8}."
"27-07-2026 12:00:06","20","Information","Microsoft-Windows-Provisioning-Diagnostics-Provider","Applying package 'Power.Settings.Sleep.ppkg' ID: {3742e5e8-6d9d-473b-99a6-8ecc0f43548a}."
"27-07-2026 12:00:06","20","Information","Microsoft-Windows-Provisioning-Diagnostics-Provider","Applying package 'Power.Settings.Processor.ppkg' ID: {fc01e91f-914c-45af-9d7c-0b2e5fbedf62}."
"27-07-2026 12:00:06","20","Information","Microsoft-Windows-Provisioning-Diagnostics-Provider","Applying package 'Power.Settings.Processor.Intel.ppkg' ID: {fc01e91f-914c-45af-9d7c-0b2e5fbedf64}."
"27-07-2026 12:00:06","20","Information","Microsoft-Windows-Provisioning-Diagnostics-Provider","Applying package 'Power.Settings.Processor.Amd.ppkg' ID: {fc01e91f-914c-45af-9d7c-0b2e5fbedf63}."
"27-07-2026 12:00:06","20","Information","Microsoft-Windows-Provisioning-Diagnostics-Provider","Applying package 'Power.Settings.PCIExpress.ppkg' ID: {268c43e1-aa2b-4036-86ef-8cda98a0c2fe}."
"27-07-2026 12:00:06","20","Information","Microsoft-Windows-Provisioning-Diagnostics-Provider","Applying package 'Power.Settings.IdleResiliency.ppkg' ID: {f11899f2-71ec-4621-9997-e17ae2f6eb26}."
"27-07-2026 12:00:06","20","Information","Microsoft-Windows-Provisioning-Diagnostics-Provider","Applying package 'Power.Settings.Graphics.ppkg' ID: {bf56ce5a-946b-45b5-858a-1794eb0125e2}."
"27-07-2026 12:00:06","20","Information","Microsoft-Windows-Provisioning-Diagnostics-Provider","Applying package 'Power.Settings.Display.ppkg' ID: {23cb517f-5073-4e96-a202-7fe6122a2271}."
"27-07-2026 12:00:06","20","Information","Microsoft-Windows-Provisioning-Diagnostics-Provider","Applying package 'Power.Settings.Disk.ppkg' ID: {9df6a4ed-fc16-48bf-8b24-6e2ad2bfcfea}."
"27-07-2026 12:00:06","20","Information","Microsoft-Windows-Provisioning-Diagnostics-Provider","Applying package 'Power.Settings.Control.ppkg' ID: {5f568920-10ad-4dc0-a97e-b78a3255c351}."
"27-07-2026 12:00:06","20","Information","Microsoft-Windows-Provisioning-Diagnostics-Provider","Applying package 'Power.Settings.Button.ppkg' ID: {18dcffd4-37d6-4bc6-87e0-4266fdbb8e49}."
"27-07-2026 12:00:06","20","Information","Microsoft-Windows-Provisioning-Diagnostics-Provider","Applying package 'Power.Settings.Battery.ppkg' ID: {7a30a9be-737f-47a1-a541-6e7b0761ed19}."
"27-07-2026 12:00:06","20","Information","Microsoft-Windows-Provisioning-Diagnostics-Provider","Applying package 'Power.EnergyEstimationEngine.Wifi.ppkg' ID: {b0b9123d-7d7f-4c6b-9973-ceced46f2a09}."
"27-07-2026 12:00:06","20","Information","Microsoft-Windows-Provisioning-Diagnostics-Provider","Applying package 'Power.EnergyEstimationEngine.Telemetry.ppkg' ID: {8fb7d64e-70fc-4f9d-89ee-d486817534df}."
"27-07-2026 12:00:06","20","Information","Microsoft-Windows-Provisioning-Diagnostics-Provider","Applying package 'Power.EnergyEstimationEngine.Storage.ppkg' ID: {9aec5bda-1e87-46b3-bb96-1a01c606555e}."
"27-07-2026 12:00:06","20","Information","Microsoft-Windows-Provisioning-Diagnostics-Provider","Applying package 'Power.EnergyEstimationEngine.StandbyActivation.ppkg' ID: {8d196d7f-3eef-48ad-8bea-be749f12d3ad}."
"27-07-2026 12:00:06","20","Information","Microsoft-Windows-Provisioning-Diagnostics-Provider","Applying package 'Power.EnergyEstimationEngine.MBB.ppkg' ID: {99b095d8-5959-4820-bea7-7448c8427b4e}."
"27-07-2026 12:00:06","20","Information","Microsoft-Windows-Provisioning-Diagnostics-Provider","Applying package 'Power.EnergyEstimationEngine.Display.ppkg' ID: {ee4aac98-c174-4941-82b1-d121e493e4fb}."
"27-07-2026 12:00:06","20","Information","Microsoft-Windows-Provisioning-Diagnostics-Provider","Applying package 'Power.EnergyEstimationEngine.CPU.ppkg' ID: {c5dc3753-b6c8-4057-b396-bf13d769311c}."
"27-07-2026 12:00:06","20","Information","Microsoft-Windows-Provisioning-Diagnostics-Provider","Applying package 'Power.EnergyEstimationEngine.Control.ppkg' ID: {1e05dd5d-a022-46c5-963c-b20de341170f}."
"27-07-2026 12:00:06","20","Information","Microsoft-Windows-Provisioning-Diagnostics-Provider","Applying package 'Dell.Power.Performance.Intel.ppkg' ID: {14a95970-b75d-4fec-9d4c-309d1052444e}."
"27-07-2026 12:00:05","90","Information","Microsoft-Windows-Provisioning-Diagnostics-Provider","Settings detail.
source = LogonIdleTask.
packageIdToDelete = <Not Present>.
packagePathsToAdd = <Not Present>."
"27-07-2026 10:03:49","20","Information","Microsoft-Windows-Provisioning-Diagnostics-Provider","Applying package 'Microsoft.Windows.Cosa.Desktop.Client.ppkg' ID: {c8a326e4-f518-4f14-b543-97a57e1a975e}."
"27-07-2026 10:03:49","20","Information","Microsoft-Windows-Provisioning-Diagnostics-Provider","Applying package 'SecureStart.Settings.ppkg' ID: {eb7d7f2f-3b77-4b87-b301-fd0d336f709a}."
"27-07-2026 10:03:49","20","Information","Microsoft-Windows-Provisioning-Diagnostics-Provider","Applying package 'PPM-Win11-24H2-ARL.Corp-v2025.0702122400.0b23d2b.ppkg' ID: {6298f460-b760-45e0-944d-069a6f1385f8}."
"27-07-2026 10:03:49","20","Information","Microsoft-Windows-Provisioning-Diagnostics-Provider","Applying package 'Power.Settings.Sleep.ppkg' ID: {3742e5e8-6d9d-473b-99a6-8ecc0f43548a}."
"27-07-2026 10:03:49","20","Information","Microsoft-Windows-Provisioning-Diagnostics-Provider","Applying package 'Power.Settings.Processor.ppkg' ID: {fc01e91f-914c-45af-9d7c-0b2e5fbedf62}."
"27-07-2026 10:03:49","20","Information","Microsoft-Windows-Provisioning-Diagnostics-Provider","Applying package 'Power.Settings.Processor.Intel.ppkg' ID: {fc01e91f-914c-45af-9d7c-0b2e5fbedf64}."
"27-07-2026 10:03:49","20","Information","Microsoft-Windows-Provisioning-Diagnostics-Provider","Applying package 'Power.Settings.Processor.Amd.ppkg' ID: {fc01e91f-914c-45af-9d7c-0b2e5fbedf63}."
"27-07-2026 10:03:49","20","Information","Microsoft-Windows-Provisioning-Diagnostics-Provider","Applying package 'Power.Settings.PCIExpress.ppkg' ID: {268c43e1-aa2b-4036-86ef-8cda98a0c2fe}."
"27-07-2026 10:03:48","20","Information","Microsoft-Windows-Provisioning-Diagnostics-Provider","Applying package 'Power.Settings.IdleResiliency.ppkg' ID: {f11899f2-71ec-4621-9997-e17ae2f6eb26}."
"27-07-2026 10:03:48","20","Information","Microsoft-Windows-Provisioning-Diagnostics-Provider","Applying package 'Power.Settings.Graphics.ppkg' ID: {bf56ce5a-946b-45b5-858a-1794eb0125e2}."
"27-07-2026 10:03:48","20","Information","Microsoft-Windows-Provisioning-Diagnostics-Provider","Applying package 'Power.Settings.Display.ppkg' ID: {23cb517f-5073-4e96-a202-7fe6122a2271}."
"27-07-2026 10:03:48","20","Information","Microsoft-Windows-Provisioning-Diagnostics-Provider","Applying package 'Power.Settings.Disk.ppkg' ID: {9df6a4ed-fc16-48bf-8b24-6e2ad2bfcfea}."
"27-07-2026 10:03:48","20","Information","Microsoft-Windows-Provisioning-Diagnostics-Provider","Applying package 'Power.Settings.Control.ppkg' ID: {5f568920-10ad-4dc0-a97e-b78a3255c351}."
"27-07-2026 10:03:48","20","Information","Microsoft-Windows-Provisioning-Diagnostics-Provider","Applying package 'Power.Settings.Button.ppkg' ID: {18dcffd4-37d6-4bc6-87e0-4266fdbb8e49}."
"27-07-2026 10:03:48","20","Information","Microsoft-Windows-Provisioning-Diagnostics-Provider","Applying package 'Power.Settings.Battery.ppkg' ID: {7a30a9be-737f-47a1-a541-6e7b0761ed19}."
"27-07-2026 10:03:48","20","Information","Microsoft-Windows-Provisioning-Diagnostics-Provider","Applying package 'Power.EnergyEstimationEngine.Wifi.ppkg' ID: {b0b9123d-7d7f-4c6b-9973-ceced46f2a09}."
"27-07-2026 10:03:48","20","Information","Microsoft-Windows-Provisioning-Diagnostics-Provider","Applying package 'Power.EnergyEstimationEngine.Telemetry.ppkg' ID: {8fb7d64e-70fc-4f9d-89ee-d486817534df}."
"27-07-2026 10:03:48","20","Information","Microsoft-Windows-Provisioning-Diagnostics-Provider","Applying package 'Power.EnergyEstimationEngine.Storage.ppkg' ID: {9aec5bda-1e87-46b3-bb96-1a01c606555e}."
"27-07-2026 10:03:48","20","Information","Microsoft-Windows-Provisioning-Diagnostics-Provider","Applying package 'Power.EnergyEstimationEngine.StandbyActivation.ppkg' ID: {8d196d7f-3eef-48ad-8bea-be749f12d3ad}."
"27-07-2026 10:03:48","20","Information","Microsoft-Windows-Provisioning-Diagnostics-Provider","Applying package 'Power.EnergyEstimationEngine.MBB.ppkg' ID: {99b095d8-5959-4820-bea7-7448c8427b4e}."
"27-07-2026 10:03:48","20","Information","Microsoft-Windows-Provisioning-Diagnostics-Provider","Applying package 'Power.EnergyEstimationEngine.Display.ppkg' ID: {ee4aac98-c174-4941-82b1-d121e493e4fb}."
"27-07-2026 10:03:48","20","Information","Microsoft-Windows-Provisioning-Diagnostics-Provider","Applying package 'Power.EnergyEstimationEngine.CPU.ppkg' ID: {c5dc3753-b6c8-4057-b396-bf13d769311c}."
"27-07-2026 10:03:48","20","Information","Microsoft-Windows-Provisioning-Diagnostics-Provider","Applying package 'Power.EnergyEstimationEngine.Control.ppkg' ID: {1e05dd5d-a022-46c5-963c-b20de341170f}."
"27-07-2026 10:03:48","20","Information","Microsoft-Windows-Provisioning-Diagnostics-Provider","Applying package 'Dell.Power.Performance.Intel.ppkg' ID: {14a95970-b75d-4fec-9d4c-309d1052444e}."
"27-07-2026 10:03:45","90","Information","Microsoft-Windows-Provisioning-Diagnostics-Provider","Settings detail.
source = LogonIdleTask.
packageIdToDelete = <Not Present>.
packagePathsToAdd = <Not Present>."
"21-07-2026 08:57:54","20","Information","Microsoft-Windows-Provisioning-Diagnostics-Provider","Applying package 'Microsoft.Windows.Cosa.Desktop.Client.ppkg' ID: {c8a326e4-f518-4f14-b543-97a57e1a975e}."
"21-07-2026 08:57:54","20","Information","Microsoft-Windows-Provisioning-Diagnostics-Provider","Applying package 'SecureStart.Settings.ppkg' ID: {eb7d7f2f-3b77-4b87-b301-fd0d336f709a}."
"21-07-2026 08:57:54","20","Information","Microsoft-Windows-Provisioning-Diagnostics-Provider","Applying package 'PPM-Win11-24H2-ARL.Corp-v2025.0702122400.0b23d2b.ppkg' ID: {6298f460-b760-45e0-944d-069a6f1385f8}."
"21-07-2026 08:57:54","20","Information","Microsoft-Windows-Provisioning-Diagnostics-Provider","Applying package 'Power.Settings.Sleep.ppkg' ID: {3742e5e8-6d9d-473b-99a6-8ecc0f43548a}."
"21-07-2026 08:57:54","20","Information","Microsoft-Windows-Provisioning-Diagnostics-Provider","Applying package 'Power.Settings.Processor.ppkg' ID: {fc01e91f-914c-45af-9d7c-0b2e5fbedf62}."
"21-07-2026 08:57:54","20","Information","Microsoft-Windows-Provisioning-Diagnostics-Provider","Applying package 'Power.Settings.Processor.Intel.ppkg' ID: {fc01e91f-914c-45af-9d7c-0b2e5fbedf64}."
"21-07-2026 08:57:54","20","Information","Microsoft-Windows-Provisioning-Diagnostics-Provider","Applying package 'Power.Settings.Processor.Amd.ppkg' ID: {fc01e91f-914c-45af-9d7c-0b2e5fbedf63}."
"21-07-2026 08:57:54","20","Information","Microsoft-Windows-Provisioning-Diagnostics-Provider","Applying package 'Power.Settings.PCIExpress.ppkg' ID: {268c43e1-aa2b-4036-86ef-8cda98a0c2fe}."
"21-07-2026 08:57:54","20","Information","Microsoft-Windows-Provisioning-Diagnostics-Provider","Applying package 'Power.Settings.IdleResiliency.ppkg' ID: {f11899f2-71ec-4621-9997-e17ae2f6eb26}."
"21-07-2026 08:57:54","20","Information","Microsoft-Windows-Provisioning-Diagnostics-Provider","Applying package 'Power.Settings.Graphics.ppkg' ID: {bf56ce5a-946b-45b5-858a-1794eb0125e2}."
"21-07-2026 08:57:54","20","Information","Microsoft-Windows-Provisioning-Diagnostics-Provider","Applying package 'Power.Settings.Display.ppkg' ID: {23cb517f-5073-4e96-a202-7fe6122a2271}."
"21-07-2026 08:57:54","20","Information","Microsoft-Windows-Provisioning-Diagnostics-Provider","Applying package 'Power.Settings.Disk.ppkg' ID: {9df6a4ed-fc16-48bf-8b24-6e2ad2bfcfea}."
"21-07-2026 08:57:54","20","Information","Microsoft-Windows-Provisioning-Diagnostics-Provider","Applying package 'Power.Settings.Control.ppkg' ID: {5f568920-10ad-4dc0-a97e-b78a3255c351}."
"21-07-2026 08:57:54","20","Information","Microsoft-Windows-Provisioning-Diagnostics-Provider","Applying package 'Power.Settings.Button.ppkg' ID: {18dcffd4-37d6-4bc6-87e0-4266fdbb8e49}."
"21-07-2026 08:57:54","20","Information","Microsoft-Windows-Provisioning-Diagnostics-Provider","Applying package 'Power.Settings.Battery.ppkg' ID: {7a30a9be-737f-47a1-a541-6e7b0761ed19}."
"21-07-2026 08:57:54","20","Information","Microsoft-Windows-Provisioning-Diagnostics-Provider","Applying package 'Power.EnergyEstimationEngine.Wifi.ppkg' ID: {b0b9123d-7d7f-4c6b-9973-ceced46f2a09}."
"21-07-2026 08:57:54","20","Information","Microsoft-Windows-Provisioning-Diagnostics-Provider","Applying package 'Power.EnergyEstimationEngine.Telemetry.ppkg' ID: {8fb7d64e-70fc-4f9d-89ee-d486817534df}."
"21-07-2026 08:57:54","20","Information","Microsoft-Windows-Provisioning-Diagnostics-Provider","Applying package 'Power.EnergyEstimationEngine.Storage.ppkg' ID: {9aec5bda-1e87-46b3-bb96-1a01c606555e}."
"21-07-2026 08:57:54","20","Information","Microsoft-Windows-Provisioning-Diagnostics-Provider","Applying package 'Power.EnergyEstimationEngine.StandbyActivation.ppkg' ID: {8d196d7f-3eef-48ad-8bea-be749f12d3ad}."
"21-07-2026 08:57:54","20","Information","Microsoft-Windows-Provisioning-Diagnostics-Provider","Applying package 'Power.EnergyEstimationEngine.MBB.ppkg' ID: {99b095d8-5959-4820-bea7-7448c8427b4e}."
"21-07-2026 08:57:54","20","Information","Microsoft-Windows-Provisioning-Diagnostics-Provider","Applying package 'Power.EnergyEstimationEngine.Display.ppkg' ID: {ee4aac98-c174-4941-82b1-d121e493e4fb}."
"21-07-2026 08:57:54","20","Information","Microsoft-Windows-Provisioning-Diagnostics-Provider","Applying package 'Power.EnergyEstimationEngine.CPU.ppkg' ID: {c5dc3753-b6c8-4057-b396-bf13d769311c}."
"21-07-2026 08:57:54","20","Information","Microsoft-Windows-Provisioning-Diagnostics-Provider","Applying package 'Power.EnergyEstimationEngine.Control.ppkg' ID: {1e05dd5d-a022-46c5-963c-b20de341170f}."
"21-07-2026 08:57:54","20","Information","Microsoft-Windows-Provisioning-Diagnostics-Provider","Applying package 'Dell.Power.Performance.Intel.ppkg' ID: {14a95970-b75d-4fec-9d4c-309d1052444e}."
"21-07-2026 08:57:52","90","Information","Microsoft-Windows-Provisioning-Diagnostics-Provider","Settings detail.
source = LogonIdleTask.
packageIdToDelete = <Not Present>.
packagePathsToAdd = <Not Present>."
"12-07-2026 19:52:54","20","Information","Microsoft-Windows-Provisioning-Diagnostics-Provider","Applying package 'Microsoft.Windows.Cosa.Desktop.Client.ppkg' ID: {c8a326e4-f518-4f14-b543-97a57e1a975e}."
"12-07-2026 19:52:54","20","Information","Microsoft-Windows-Provisioning-Diagnostics-Provider","Applying package 'SecureStart.Settings.ppkg' ID: {eb7d7f2f-3b77-4b87-b301-fd0d336f709a}."
"12-07-2026 19:52:54","20","Information","Microsoft-Windows-Provisioning-Diagnostics-Provider","Applying package 'PPM-Win11-24H2-ARL.Corp-v2025.0702122400.0b23d2b.ppkg' ID: {6298f460-b760-45e0-944d-069a6f1385f8}."
"12-07-2026 19:52:54","20","Information","Microsoft-Windows-Provisioning-Diagnostics-Provider","Applying package 'Power.Settings.Sleep.ppkg' ID: {3742e5e8-6d9d-473b-99a6-8ecc0f43548a}."
"12-07-2026 19:52:54","20","Information","Microsoft-Windows-Provisioning-Diagnostics-Provider","Applying package 'Power.Settings.Processor.ppkg' ID: {fc01e91f-914c-45af-9d7c-0b2e5fbedf62}."
"12-07-2026 19:52:54","20","Information","Microsoft-Windows-Provisioning-Diagnostics-Provider","Applying package 'Power.Settings.Processor.Intel.ppkg' ID: {fc01e91f-914c-45af-9d7c-0b2e5fbedf64}."
"12-07-2026 19:52:54","20","Information","Microsoft-Windows-Provisioning-Diagnostics-Provider","Applying package 'Power.Settings.Processor.Amd.ppkg' ID: {fc01e91f-914c-45af-9d7c-0b2e5fbedf63}."
"12-07-2026 19:52:54","20","Information","Microsoft-Windows-Provisioning-Diagnostics-Provider","Applying package 'Power.Settings.PCIExpress.ppkg' ID: {268c43e1-aa2b-4036-86ef-8cda98a0c2fe}."
"12-07-2026 19:52:54","20","Information","Microsoft-Windows-Provisioning-Diagnostics-Provider","Applying package 'Power.Settings.IdleResiliency.ppkg' ID: {f11899f2-71ec-4621-9997-e17ae2f6eb26}."
"12-07-2026 19:52:54","20","Information","Microsoft-Windows-Provisioning-Diagnostics-Provider","Applying package 'Power.Settings.Graphics.ppkg' ID: {bf56ce5a-946b-45b5-858a-1794eb0125e2}."
"12-07-2026 19:52:54","20","Information","Microsoft-Windows-Provisioning-Diagnostics-Provider","Applying package 'Power.Settings.Display.ppkg' ID: {23cb517f-5073-4e96-a202-7fe6122a2271}."
"12-07-2026 19:52:54","20","Information","Microsoft-Windows-Provisioning-Diagnostics-Provider","Applying package 'Power.Settings.Disk.ppkg' ID: {9df6a4ed-fc16-48bf-8b24-6e2ad2bfcfea}."
"12-07-2026 19:52:54","20","Information","Microsoft-Windows-Provisioning-Diagnostics-Provider","Applying package 'Power.Settings.Control.ppkg' ID: {5f568920-10ad-4dc0-a97e-b78a3255c351}."
"12-07-2026 19:52:54","20","Information","Microsoft-Windows-Provisioning-Diagnostics-Provider","Applying package 'Power.Settings.Button.ppkg' ID: {18dcffd4-37d6-4bc6-87e0-4266fdbb8e49}."
"12-07-2026 19:52:54","20","Information","Microsoft-Windows-Provisioning-Diagnostics-Provider","Applying package 'Power.Settings.Battery.ppkg' ID: {7a30a9be-737f-47a1-a541-6e7b0761ed19}."
"12-07-2026 19:52:54","20","Information","Microsoft-Windows-Provisioning-Diagnostics-Provider","Applying package 'Power.EnergyEstimationEngine.Wifi.ppkg' ID: {b0b9123d-7d7f-4c6b-9973-ceced46f2a09}."
"12-07-2026 19:52:54","20","Information","Microsoft-Windows-Provisioning-Diagnostics-Provider","Applying package 'Power.EnergyEstimationEngine.Telemetry.ppkg' ID: {8fb7d64e-70fc-4f9d-89ee-d486817534df}."
"12-07-2026 19:52:54","20","Information","Microsoft-Windows-Provisioning-Diagnostics-Provider","Applying package 'Power.EnergyEstimationEngine.Storage.ppkg' ID: {9aec5bda-1e87-46b3-bb96-1a01c606555e}."
"12-07-2026 19:52:54","20","Information","Microsoft-Windows-Provisioning-Diagnostics-Provider","Applying package 'Power.EnergyEstimationEngine.StandbyActivation.ppkg' ID: {8d196d7f-3eef-48ad-8bea-be749f12d3ad}."
"12-07-2026 19:52:54","20","Information","Microsoft-Windows-Provisioning-Diagnostics-Provider","Applying package 'Power.EnergyEstimationEngine.MBB.ppkg' ID: {99b095d8-5959-4820-bea7-7448c8427b4e}."
"12-07-2026 19:52:54","20","Information","Microsoft-Windows-Provisioning-Diagnostics-Provider","Applying package 'Power.EnergyEstimationEngine.Display.ppkg' ID: {ee4aac98-c174-4941-82b1-d121e493e4fb}."
"12-07-2026 19:52:54","20","Information","Microsoft-Windows-Provisioning-Diagnostics-Provider","Applying package 'Power.EnergyEstimationEngine.CPU.ppkg' ID: {c5dc3753-b6c8-4057-b396-bf13d769311c}."
"12-07-2026 19:52:54","20","Information","Microsoft-Windows-Provisioning-Diagnostics-Provider","Applying package 'Power.EnergyEstimationEngine.Control.ppkg' ID: {1e05dd5d-a022-46c5-963c-b20de341170f}."
"12-07-2026 19:52:54","20","Information","Microsoft-Windows-Provisioning-Diagnostics-Provider","Applying package 'Dell.Power.Performance.Intel.ppkg' ID: {14a95970-b75d-4fec-9d4c-309d1052444e}."
"12-07-2026 19:52:52","90","Information","Microsoft-Windows-Provisioning-Diagnostics-Provider","Settings detail.
source = LogonIdleTask.
packageIdToDelete = <Not Present>.
packagePathsToAdd = <Not Present>."
"07-07-2026 09:39:12","20","Information","Microsoft-Windows-Provisioning-Diagnostics-Provider","Applying package 'Microsoft.Windows.Cosa.Desktop.Client.ppkg' ID: {c8a326e4-f518-4f14-b543-97a57e1a975e}."
"07-07-2026 09:39:12","20","Information","Microsoft-Windows-Provisioning-Diagnostics-Provider","Applying package 'SecureStart.Settings.ppkg' ID: {eb7d7f2f-3b77-4b87-b301-fd0d336f709a}."
"07-07-2026 09:39:12","20","Information","Microsoft-Windows-Provisioning-Diagnostics-Provider","Applying package 'PPM-Win11-24H2-ARL.Corp-v2025.0702122400.0b23d2b.ppkg' ID: {6298f460-b760-45e0-944d-069a6f1385f8}."
"07-07-2026 09:39:12","20","Information","Microsoft-Windows-Provisioning-Diagnostics-Provider","Applying package 'Power.Settings.Sleep.ppkg' ID: {3742e5e8-6d9d-473b-99a6-8ecc0f43548a}."
"07-07-2026 09:39:12","20","Information","Microsoft-Windows-Provisioning-Diagnostics-Provider","Applying package 'Power.Settings.Processor.ppkg' ID: {fc01e91f-914c-45af-9d7c-0b2e5fbedf62}."
"07-07-2026 09:39:12","20","Information","Microsoft-Windows-Provisioning-Diagnostics-Provider","Applying package 'Power.Settings.Processor.Intel.ppkg' ID: {fc01e91f-914c-45af-9d7c-0b2e5fbedf64}."
"07-07-2026 09:39:12","20","Information","Microsoft-Windows-Provisioning-Diagnostics-Provider","Applying package 'Power.Settings.Processor.Amd.ppkg' ID: {fc01e91f-914c-45af-9d7c-0b2e5fbedf63}."
"07-07-2026 09:39:12","20","Information","Microsoft-Windows-Provisioning-Diagnostics-Provider","Applying package 'Power.Settings.PCIExpress.ppkg' ID: {268c43e1-aa2b-4036-86ef-8cda98a0c2fe}."
"07-07-2026 09:39:12","20","Information","Microsoft-Windows-Provisioning-Diagnostics-Provider","Applying package 'Power.Settings.IdleResiliency.ppkg' ID: {f11899f2-71ec-4621-9997-e17ae2f6eb26}."
"07-07-2026 09:39:12","20","Information","Microsoft-Windows-Provisioning-Diagnostics-Provider","Applying package 'Power.Settings.Graphics.ppkg' ID: {bf56ce5a-946b-45b5-858a-1794eb0125e2}."
"07-07-2026 09:39:12","20","Information","Microsoft-Windows-Provisioning-Diagnostics-Provider","Applying package 'Power.Settings.Display.ppkg' ID: {23cb517f-5073-4e96-a202-7fe6122a2271}."
"07-07-2026 09:39:12","20","Information","Microsoft-Windows-Provisioning-Diagnostics-Provider","Applying package 'Power.Settings.Disk.ppkg' ID: {9df6a4ed-fc16-48bf-8b24-6e2ad2bfcfea}."
"07-07-2026 09:39:12","20","Information","Microsoft-Windows-Provisioning-Diagnostics-Provider","Applying package 'Power.Settings.Control.ppkg' ID: {5f568920-10ad-4dc0-a97e-b78a3255c351}."
"07-07-2026 09:39:12","20","Information","Microsoft-Windows-Provisioning-Diagnostics-Provider","Applying package 'Power.Settings.Button.ppkg' ID: {18dcffd4-37d6-4bc6-87e0-4266fdbb8e49}."
"07-07-2026 09:39:12","20","Information","Microsoft-Windows-Provisioning-Diagnostics-Provider","Applying package 'Power.Settings.Battery.ppkg' ID: {7a30a9be-737f-47a1-a541-6e7b0761ed19}."
"07-07-2026 09:39:12","20","Information","Microsoft-Windows-Provisioning-Diagnostics-Provider","Applying package 'Power.EnergyEstimationEngine.Wifi.ppkg' ID: {b0b9123d-7d7f-4c6b-9973-ceced46f2a09}."
"07-07-2026 09:39:12","20","Information","Microsoft-Windows-Provisioning-Diagnostics-Provider","Applying package 'Power.EnergyEstimationEngine.Telemetry.ppkg' ID: {8fb7d64e-70fc-4f9d-89ee-d486817534df}."
"07-07-2026 09:39:12","20","Information","Microsoft-Windows-Provisioning-Diagnostics-Provider","Applying package 'Power.EnergyEstimationEngine.Storage.ppkg' ID: {9aec5bda-1e87-46b3-bb96-1a01c606555e}."
"07-07-2026 09:39:12","20","Information","Microsoft-Windows-Provisioning-Diagnostics-Provider","Applying package 'Power.EnergyEstimationEngine.StandbyActivation.ppkg' ID: {8d196d7f-3eef-48ad-8bea-be749f12d3ad}."
"07-07-2026 09:39:12","20","Information","Microsoft-Windows-Provisioning-Diagnostics-Provider","Applying package 'Power.EnergyEstimationEngine.MBB.ppkg' ID: {99b095d8-5959-4820-bea7-7448c8427b4e}."
"07-07-2026 09:39:12","20","Information","Microsoft-Windows-Provisioning-Diagnostics-Provider","Applying package 'Power.EnergyEstimationEngine.Display.ppkg' ID: {ee4aac98-c174-4941-82b1-d121e493e4fb}."
"07-07-2026 09:39:12","20","Information","Microsoft-Windows-Provisioning-Diagnostics-Provider","Applying package 'Power.EnergyEstimationEngine.CPU.ppkg' ID: {c5dc3753-b6c8-4057-b396-bf13d769311c}."
"07-07-2026 09:39:12","20","Information","Microsoft-Windows-Provisioning-Diagnostics-Provider","Applying package 'Power.EnergyEstimationEngine.Control.ppkg' ID: {1e05dd5d-a022-46c5-963c-b20de341170f}."
"07-07-2026 09:39:12","20","Information","Microsoft-Windows-Provisioning-Diagnostics-Provider","Applying package 'Dell.Power.Performance.Intel.ppkg' ID: {14a95970-b75d-4fec-9d4c-309d1052444e}."
"07-07-2026 09:39:11","90","Information","Microsoft-Windows-Provisioning-Diagnostics-Provider","Settings detail.
source = LogonIdleTask.
packageIdToDelete = <Not Present>.
packagePathsToAdd = <Not Present>."
"06-07-2026 09:34:03","20","Information","Microsoft-Windows-Provisioning-Diagnostics-Provider","Applying package 'Microsoft.Windows.Cosa.Desktop.Client.ppkg' ID: {c8a326e4-f518-4f14-b543-97a57e1a975e}."
"06-07-2026 09:34:03","20","Information","Microsoft-Windows-Provisioning-Diagnostics-Provider","Applying package 'SecureStart.Settings.ppkg' ID: {eb7d7f2f-3b77-4b87-b301-fd0d336f709a}."
"06-07-2026 09:34:03","20","Information","Microsoft-Windows-Provisioning-Diagnostics-Provider","Applying package 'PPM-Win11-24H2-ARL.Corp-v2025.0702122400.0b23d2b.ppkg' ID: {6298f460-b760-45e0-944d-069a6f1385f8}."
"06-07-2026 09:34:03","20","Information","Microsoft-Windows-Provisioning-Diagnostics-Provider","Applying package 'Power.Settings.Sleep.ppkg' ID: {3742e5e8-6d9d-473b-99a6-8ecc0f43548a}."
"06-07-2026 09:34:03","20","Information","Microsoft-Windows-Provisioning-Diagnostics-Provider","Applying package 'Power.Settings.Processor.ppkg' ID: {fc01e91f-914c-45af-9d7c-0b2e5fbedf62}."
"06-07-2026 09:34:03","20","Information","Microsoft-Windows-Provisioning-Diagnostics-Provider","Applying package 'Power.Settings.Processor.Intel.ppkg' ID: {fc01e91f-914c-45af-9d7c-0b2e5fbedf64}."
"06-07-2026 09:34:03","20","Information","Microsoft-Windows-Provisioning-Diagnostics-Provider","Applying package 'Power.Settings.Processor.Amd.ppkg' ID: {fc01e91f-914c-45af-9d7c-0b2e5fbedf63}."
"06-07-2026 09:34:03","20","Information","Microsoft-Windows-Provisioning-Diagnostics-Provider","Applying package 'Power.Settings.PCIExpress.ppkg' ID: {268c43e1-aa2b-4036-86ef-8cda98a0c2fe}."
"06-07-2026 09:34:03","20","Information","Microsoft-Windows-Provisioning-Diagnostics-Provider","Applying package 'Power.Settings.IdleResiliency.ppkg' ID: {f11899f2-71ec-4621-9997-e17ae2f6eb26}."
"06-07-2026 09:34:03","20","Information","Microsoft-Windows-Provisioning-Diagnostics-Provider","Applying package 'Power.Settings.Graphics.ppkg' ID: {bf56ce5a-946b-45b5-858a-1794eb0125e2}."
"06-07-2026 09:34:03","20","Information","Microsoft-Windows-Provisioning-Diagnostics-Provider","Applying package 'Power.Settings.Display.ppkg' ID: {23cb517f-5073-4e96-a202-7fe6122a2271}."
"06-07-2026 09:34:03","20","Information","Microsoft-Windows-Provisioning-Diagnostics-Provider","Applying package 'Power.Settings.Disk.ppkg' ID: {9df6a4ed-fc16-48bf-8b24-6e2ad2bfcfea}."
"06-07-2026 09:34:03","20","Information","Microsoft-Windows-Provisioning-Diagnostics-Provider","Applying package 'Power.Settings.Control.ppkg' ID: {5f568920-10ad-4dc0-a97e-b78a3255c351}."
"06-07-2026 09:34:03","20","Information","Microsoft-Windows-Provisioning-Diagnostics-Provider","Applying package 'Power.Settings.Button.ppkg' ID: {18dcffd4-37d6-4bc6-87e0-4266fdbb8e49}."
"06-07-2026 09:34:03","20","Information","Microsoft-Windows-Provisioning-Diagnostics-Provider","Applying package 'Power.Settings.Battery.ppkg' ID: {7a30a9be-737f-47a1-a541-6e7b0761ed19}."
"06-07-2026 09:34:03","20","Information","Microsoft-Windows-Provisioning-Diagnostics-Provider","Applying package 'Power.EnergyEstimationEngine.Wifi.ppkg' ID: {b0b9123d-7d7f-4c6b-9973-ceced46f2a09}."
"06-07-2026 09:34:03","20","Information","Microsoft-Windows-Provisioning-Diagnostics-Provider","Applying package 'Power.EnergyEstimationEngine.Telemetry.ppkg' ID: {8fb7d64e-70fc-4f9d-89ee-d486817534df}."
"06-07-2026 09:34:03","20","Information","Microsoft-Windows-Provisioning-Diagnostics-Provider","Applying package 'Power.EnergyEstimationEngine.Storage.ppkg' ID: {9aec5bda-1e87-46b3-bb96-1a01c606555e}."
"06-07-2026 09:34:02","20","Information","Microsoft-Windows-Provisioning-Diagnostics-Provider","Applying package 'Power.EnergyEstimationEngine.StandbyActivation.ppkg' ID: {8d196d7f-3eef-48ad-8bea-be749f12d3ad}."
"06-07-2026 09:34:02","20","Information","Microsoft-Windows-Provisioning-Diagnostics-Provider","Applying package 'Power.EnergyEstimationEngine.MBB.ppkg' ID: {99b095d8-5959-4820-bea7-7448c8427b4e}."
"06-07-2026 09:34:02","20","Information","Microsoft-Windows-Provisioning-Diagnostics-Provider","Applying package 'Power.EnergyEstimationEngine.Display.ppkg' ID: {ee4aac98-c174-4941-82b1-d121e493e4fb}."
"06-07-2026 09:34:02","20","Information","Microsoft-Windows-Provisioning-Diagnostics-Provider","Applying package 'Power.EnergyEstimationEngine.CPU.ppkg' ID: {c5dc3753-b6c8-4057-b396-bf13d769311c}."
"06-07-2026 09:34:02","20","Information","Microsoft-Windows-Provisioning-Diagnostics-Provider","Applying package 'Power.EnergyEstimationEngine.Control.ppkg' ID: {1e05dd5d-a022-46c5-963c-b20de341170f}."
"06-07-2026 09:34:02","20","Information","Microsoft-Windows-Provisioning-Diagnostics-Provider","Applying package 'Dell.Power.Performance.Intel.ppkg' ID: {14a95970-b75d-4fec-9d4c-309d1052444e}."
"06-07-2026 09:34:01","90","Information","Microsoft-Windows-Provisioning-Diagnostics-Provider","Settings detail.
source = LogonIdleTask.
packageIdToDelete = <Not Present>.
packagePathsToAdd = <Not Present>."
"03-07-2026 12:28:39","20","Information","Microsoft-Windows-Provisioning-Diagnostics-Provider","Applying package 'Microsoft.Windows.Cosa.Desktop.Client.ppkg' ID: {c8a326e4-f518-4f14-b543-97a57e1a975e}."
"03-07-2026 12:28:39","20","Information","Microsoft-Windows-Provisioning-Diagnostics-Provider","Applying package 'SecureStart.Settings.ppkg' ID: {eb7d7f2f-3b77-4b87-b301-fd0d336f709a}."
"03-07-2026 12:28:39","20","Information","Microsoft-Windows-Provisioning-Diagnostics-Provider","Applying package 'PPM-Win11-24H2-ARL.Corp-v2025.0702122400.0b23d2b.ppkg' ID: {6298f460-b760-45e0-944d-069a6f1385f8}."
"03-07-2026 12:28:39","20","Information","Microsoft-Windows-Provisioning-Diagnostics-Provider","Applying package 'Power.Settings.Sleep.ppkg' ID: {3742e5e8-6d9d-473b-99a6-8ecc0f43548a}."
"03-07-2026 12:28:39","20","Information","Microsoft-Windows-Provisioning-Diagnostics-Provider","Applying package 'Power.Settings.Processor.ppkg' ID: {fc01e91f-914c-45af-9d7c-0b2e5fbedf62}."
"03-07-2026 12:28:39","20","Information","Microsoft-Windows-Provisioning-Diagnostics-Provider","Applying package 'Power.Settings.Processor.Intel.ppkg' ID: {fc01e91f-914c-45af-9d7c-0b2e5fbedf64}."
"03-07-2026 12:28:39","20","Information","Microsoft-Windows-Provisioning-Diagnostics-Provider","Applying package 'Power.Settings.Processor.Amd.ppkg' ID: {fc01e91f-914c-45af-9d7c-0b2e5fbedf63}."
"03-07-2026 12:28:39","20","Information","Microsoft-Windows-Provisioning-Diagnostics-Provider","Applying package 'Power.Settings.PCIExpress.ppkg' ID: {268c43e1-aa2b-4036-86ef-8cda98a0c2fe}."
"03-07-2026 12:28:39","20","Information","Microsoft-Windows-Provisioning-Diagnostics-Provider","Applying package 'Power.Settings.IdleResiliency.ppkg' ID: {f11899f2-71ec-4621-9997-e17ae2f6eb26}."
"03-07-2026 12:28:39","20","Information","Microsoft-Windows-Provisioning-Diagnostics-Provider","Applying package 'Power.Settings.Graphics.ppkg' ID: {bf56ce5a-946b-45b5-858a-1794eb0125e2}."
"03-07-2026 12:28:39","20","Information","Microsoft-Windows-Provisioning-Diagnostics-Provider","Applying package 'Power.Settings.Display.ppkg' ID: {23cb517f-5073-4e96-a202-7fe6122a2271}."
"03-07-2026 12:28:39","20","Information","Microsoft-Windows-Provisioning-Diagnostics-Provider","Applying package 'Power.Settings.Disk.ppkg' ID: {9df6a4ed-fc16-48bf-8b24-6e2ad2bfcfea}."
"03-07-2026 12:28:39","20","Information","Microsoft-Windows-Provisioning-Diagnostics-Provider","Applying package 'Power.Settings.Control.ppkg' ID: {5f568920-10ad-4dc0-a97e-b78a3255c351}."
"03-07-2026 12:28:39","20","Information","Microsoft-Windows-Provisioning-Diagnostics-Provider","Applying package 'Power.Settings.Button.ppkg' ID: {18dcffd4-37d6-4bc6-87e0-4266fdbb8e49}."
"03-07-2026 12:28:39","20","Information","Microsoft-Windows-Provisioning-Diagnostics-Provider","Applying package 'Power.Settings.Battery.ppkg' ID: {7a30a9be-737f-47a1-a541-6e7b0761ed19}."
"03-07-2026 12:28:39","20","Information","Microsoft-Windows-Provisioning-Diagnostics-Provider","Applying package 'Power.EnergyEstimationEngine.Wifi.ppkg' ID: {b0b9123d-7d7f-4c6b-9973-ceced46f2a09}."
"03-07-2026 12:28:39","20","Information","Microsoft-Windows-Provisioning-Diagnostics-Provider","Applying package 'Power.EnergyEstimationEngine.Telemetry.ppkg' ID: {8fb7d64e-70fc-4f9d-89ee-d486817534df}."
"03-07-2026 12:28:39","20","Information","Microsoft-Windows-Provisioning-Diagnostics-Provider","Applying package 'Power.EnergyEstimationEngine.Storage.ppkg' ID: {9aec5bda-1e87-46b3-bb96-1a01c606555e}."
"03-07-2026 12:28:39","20","Information","Microsoft-Windows-Provisioning-Diagnostics-Provider","Applying package 'Power.EnergyEstimationEngine.StandbyActivation.ppkg' ID: {8d196d7f-3eef-48ad-8bea-be749f12d3ad}."
"03-07-2026 12:28:39","20","Information","Microsoft-Windows-Provisioning-Diagnostics-Provider","Applying package 'Power.EnergyEstimationEngine.MBB.ppkg' ID: {99b095d8-5959-4820-bea7-7448c8427b4e}."
"03-07-2026 12:28:39","20","Information","Microsoft-Windows-Provisioning-Diagnostics-Provider","Applying package 'Power.EnergyEstimationEngine.Display.ppkg' ID: {ee4aac98-c174-4941-82b1-d121e493e4fb}."
"03-07-2026 12:28:39","20","Information","Microsoft-Windows-Provisioning-Diagnostics-Provider","Applying package 'Power.EnergyEstimationEngine.CPU.ppkg' ID: {c5dc3753-b6c8-4057-b396-bf13d769311c}."
"03-07-2026 12:28:39","20","Information","Microsoft-Windows-Provisioning-Diagnostics-Provider","Applying package 'Power.EnergyEstimationEngine.Control.ppkg' ID: {1e05dd5d-a022-46c5-963c-b20de341170f}."
"03-07-2026 12:28:39","20","Information","Microsoft-Windows-Provisioning-Diagnostics-Provider","Applying package 'Dell.Power.Performance.Intel.ppkg' ID: {14a95970-b75d-4fec-9d4c-309d1052444e}."
"03-07-2026 12:28:38","90","Information","Microsoft-Windows-Provisioning-Diagnostics-Provider","Settings detail.
source = LogonIdleTask.
packageIdToDelete = <Not Present>.
packagePathsToAdd = <Not Present>."
"01-07-2026 10:52:08","20","Information","Microsoft-Windows-Provisioning-Diagnostics-Provider","Applying package 'Microsoft.Windows.Cosa.Desktop.Client.ppkg' ID: {c8a326e4-f518-4f14-b543-97a57e1a975e}."
"01-07-2026 10:52:08","20","Information","Microsoft-Windows-Provisioning-Diagnostics-Provider","Applying package 'SecureStart.Settings.ppkg' ID: {eb7d7f2f-3b77-4b87-b301-fd0d336f709a}."
"01-07-2026 10:52:08","20","Information","Microsoft-Windows-Provisioning-Diagnostics-Provider","Applying package 'PPM-Win11-24H2-ARL.Corp-v2025.0702122400.0b23d2b.ppkg' ID: {6298f460-b760-45e0-944d-069a6f1385f8}."
"01-07-2026 10:52:08","20","Information","Microsoft-Windows-Provisioning-Diagnostics-Provider","Applying package 'Power.Settings.Sleep.ppkg' ID: {3742e5e8-6d9d-473b-99a6-8ecc0f43548a}."
"01-07-2026 10:52:08","20","Information","Microsoft-Windows-Provisioning-Diagnostics-Provider","Applying package 'Power.Settings.Processor.ppkg' ID: {fc01e91f-914c-45af-9d7c-0b2e5fbedf62}."
"01-07-2026 10:52:08","20","Information","Microsoft-Windows-Provisioning-Diagnostics-Provider","Applying package 'Power.Settings.Processor.Intel.ppkg' ID: {fc01e91f-914c-45af-9d7c-0b2e5fbedf64}."
"01-07-2026 10:52:08","20","Information","Microsoft-Windows-Provisioning-Diagnostics-Provider","Applying package 'Power.Settings.Processor.Amd.ppkg' ID: {fc01e91f-914c-45af-9d7c-0b2e5fbedf63}."
"01-07-2026 10:52:08","20","Information","Microsoft-Windows-Provisioning-Diagnostics-Provider","Applying package 'Power.Settings.PCIExpress.ppkg' ID: {268c43e1-aa2b-4036-86ef-8cda98a0c2fe}."
"01-07-2026 10:52:08","20","Information","Microsoft-Windows-Provisioning-Diagnostics-Provider","Applying package 'Power.Settings.IdleResiliency.ppkg' ID: {f11899f2-71ec-4621-9997-e17ae2f6eb26}."
"01-07-2026 10:52:08","20","Information","Microsoft-Windows-Provisioning-Diagnostics-Provider","Applying package 'Power.Settings.Graphics.ppkg' ID: {bf56ce5a-946b-45b5-858a-1794eb0125e2}."
"01-07-2026 10:52:08","20","Information","Microsoft-Windows-Provisioning-Diagnostics-Provider","Applying package 'Power.Settings.Display.ppkg' ID: {23cb517f-5073-4e96-a202-7fe6122a2271}."
"01-07-2026 10:52:08","20","Information","Microsoft-Windows-Provisioning-Diagnostics-Provider","Applying package 'Power.Settings.Disk.ppkg' ID: {9df6a4ed-fc16-48bf-8b24-6e2ad2bfcfea}."
"01-07-2026 10:52:08","20","Information","Microsoft-Windows-Provisioning-Diagnostics-Provider","Applying package 'Power.Settings.Control.ppkg' ID: {5f568920-10ad-4dc0-a97e-b78a3255c351}."
"01-07-2026 10:52:08","20","Information","Microsoft-Windows-Provisioning-Diagnostics-Provider","Applying package 'Power.Settings.Button.ppkg' ID: {18dcffd4-37d6-4bc6-87e0-4266fdbb8e49}."
"01-07-2026 10:52:08","20","Information","Microsoft-Windows-Provisioning-Diagnostics-Provider","Applying package 'Power.Settings.Battery.ppkg' ID: {7a30a9be-737f-47a1-a541-6e7b0761ed19}."
"01-07-2026 10:52:08","20","Information","Microsoft-Windows-Provisioning-Diagnostics-Provider","Applying package 'Power.EnergyEstimationEngine.Wifi.ppkg' ID: {b0b9123d-7d7f-4c6b-9973-ceced46f2a09}."
"01-07-2026 10:52:08","20","Information","Microsoft-Windows-Provisioning-Diagnostics-Provider","Applying package 'Power.EnergyEstimationEngine.Telemetry.ppkg' ID: {8fb7d64e-70fc-4f9d-89ee-d486817534df}."
"01-07-2026 10:52:07","20","Information","Microsoft-Windows-Provisioning-Diagnostics-Provider","Applying package 'Power.EnergyEstimationEngine.Storage.ppkg' ID: {9aec5bda-1e87-46b3-bb96-1a01c606555e}."
"01-07-2026 10:52:07","20","Information","Microsoft-Windows-Provisioning-Diagnostics-Provider","Applying package 'Power.EnergyEstimationEngine.StandbyActivation.ppkg' ID: {8d196d7f-3eef-48ad-8bea-be749f12d3ad}."
"01-07-2026 10:52:07","20","Information","Microsoft-Windows-Provisioning-Diagnostics-Provider","Applying package 'Power.EnergyEstimationEngine.MBB.ppkg' ID: {99b095d8-5959-4820-bea7-7448c8427b4e}."
"01-07-2026 10:52:07","20","Information","Microsoft-Windows-Provisioning-Diagnostics-Provider","Applying package 'Power.EnergyEstimationEngine.Display.ppkg' ID: {ee4aac98-c174-4941-82b1-d121e493e4fb}."
"01-07-2026 10:52:07","20","Information","Microsoft-Windows-Provisioning-Diagnostics-Provider","Applying package 'Power.EnergyEstimationEngine.CPU.ppkg' ID: {c5dc3753-b6c8-4057-b396-bf13d769311c}."
"01-07-2026 10:52:07","20","Information","Microsoft-Windows-Provisioning-Diagnostics-Provider","Applying package 'Power.EnergyEstimationEngine.Control.ppkg' ID: {1e05dd5d-a022-46c5-963c-b20de341170f}."
"01-07-2026 10:52:07","20","Information","Microsoft-Windows-Provisioning-Diagnostics-Provider","Applying package 'Dell.Power.Performance.Intel.ppkg' ID: {14a95970-b75d-4fec-9d4c-309d1052444e}."
"01-07-2026 10:52:06","90","Information","Microsoft-Windows-Provisioning-Diagnostics-Provider","Settings detail.
source = LogonIdleTask.
packageIdToDelete = <Not Present>.
packagePathsToAdd = <Not Present>."
"29-06-2026 11:18:10","20","Information","Microsoft-Windows-Provisioning-Diagnostics-Provider","Applying package 'Microsoft.Windows.Cosa.Desktop.Client.ppkg' ID: {c8a326e4-f518-4f14-b543-97a57e1a975e}."
"29-06-2026 11:18:10","20","Information","Microsoft-Windows-Provisioning-Diagnostics-Provider","Applying package 'SecureStart.Settings.ppkg' ID: {eb7d7f2f-3b77-4b87-b301-fd0d336f709a}."
"29-06-2026 11:18:10","20","Information","Microsoft-Windows-Provisioning-Diagnostics-Provider","Applying package 'PPM-Win11-24H2-ARL.Corp-v2025.0702122400.0b23d2b.ppkg' ID: {6298f460-b760-45e0-944d-069a6f1385f8}."
"29-06-2026 11:18:10","20","Information","Microsoft-Windows-Provisioning-Diagnostics-Provider","Applying package 'Power.Settings.Sleep.ppkg' ID: {3742e5e8-6d9d-473b-99a6-8ecc0f43548a}."
"29-06-2026 11:18:10","20","Information","Microsoft-Windows-Provisioning-Diagnostics-Provider","Applying package 'Power.Settings.Processor.ppkg' ID: {fc01e91f-914c-45af-9d7c-0b2e5fbedf62}."
"29-06-2026 11:18:10","20","Information","Microsoft-Windows-Provisioning-Diagnostics-Provider","Applying package 'Power.Settings.Processor.Intel.ppkg' ID: {fc01e91f-914c-45af-9d7c-0b2e5fbedf64}."
"29-06-2026 11:18:10","20","Information","Microsoft-Windows-Provisioning-Diagnostics-Provider","Applying package 'Power.Settings.Processor.Amd.ppkg' ID: {fc01e91f-914c-45af-9d7c-0b2e5fbedf63}."
"29-06-2026 11:18:10","20","Information","Microsoft-Windows-Provisioning-Diagnostics-Provider","Applying package 'Power.Settings.PCIExpress.ppkg' ID: {268c43e1-aa2b-4036-86ef-8cda98a0c2fe}."
"29-06-2026 11:18:10","20","Information","Microsoft-Windows-Provisioning-Diagnostics-Provider","Applying package 'Power.Settings.IdleResiliency.ppkg' ID: {f11899f2-71ec-4621-9997-e17ae2f6eb26}."
"29-06-2026 11:18:10","20","Information","Microsoft-Windows-Provisioning-Diagnostics-Provider","Applying package 'Power.Settings.Graphics.ppkg' ID: {bf56ce5a-946b-45b5-858a-1794eb0125e2}."
"29-06-2026 11:18:10","20","Information","Microsoft-Windows-Provisioning-Diagnostics-Provider","Applying package 'Power.Settings.Display.ppkg' ID: {23cb517f-5073-4e96-a202-7fe6122a2271}."
"29-06-2026 11:18:10","20","Information","Microsoft-Windows-Provisioning-Diagnostics-Provider","Applying package 'Power.Settings.Disk.ppkg' ID: {9df6a4ed-fc16-48bf-8b24-6e2ad2bfcfea}."
"29-06-2026 11:18:10","20","Information","Microsoft-Windows-Provisioning-Diagnostics-Provider","Applying package 'Power.Settings.Control.ppkg' ID: {5f568920-10ad-4dc0-a97e-b78a3255c351}."
"29-06-2026 11:18:10","20","Information","Microsoft-Windows-Provisioning-Diagnostics-Provider","Applying package 'Power.Settings.Button.ppkg' ID: {18dcffd4-37d6-4bc6-87e0-4266fdbb8e49}."
"29-06-2026 11:18:10","20","Information","Microsoft-Windows-Provisioning-Diagnostics-Provider","Applying package 'Power.Settings.Battery.ppkg' ID: {7a30a9be-737f-47a1-a541-6e7b0761ed19}."
"29-06-2026 11:18:10","20","Information","Microsoft-Windows-Provisioning-Diagnostics-Provider","Applying package 'Power.EnergyEstimationEngine.Wifi.ppkg' ID: {b0b9123d-7d7f-4c6b-9973-ceced46f2a09}."
"29-06-2026 11:18:10","20","Information","Microsoft-Windows-Provisioning-Diagnostics-Provider","Applying package 'Power.EnergyEstimationEngine.Telemetry.ppkg' ID: {8fb7d64e-70fc-4f9d-89ee-d486817534df}."
"29-06-2026 11:18:09","20","Information","Microsoft-Windows-Provisioning-Diagnostics-Provider","Applying package 'Power.EnergyEstimationEngine.Storage.ppkg' ID: {9aec5bda-1e87-46b3-bb96-1a01c606555e}."
"29-06-2026 11:18:09","20","Information","Microsoft-Windows-Provisioning-Diagnostics-Provider","Applying package 'Power.EnergyEstimationEngine.StandbyActivation.ppkg' ID: {8d196d7f-3eef-48ad-8bea-be749f12d3ad}."
"29-06-2026 11:18:09","20","Information","Microsoft-Windows-Provisioning-Diagnostics-Provider","Applying package 'Power.EnergyEstimationEngine.MBB.ppkg' ID: {99b095d8-5959-4820-bea7-7448c8427b4e}."
"29-06-2026 11:18:09","20","Information","Microsoft-Windows-Provisioning-Diagnostics-Provider","Applying package 'Power.EnergyEstimationEngine.Display.ppkg' ID: {ee4aac98-c174-4941-82b1-d121e493e4fb}."
"29-06-2026 11:18:09","20","Information","Microsoft-Windows-Provisioning-Diagnostics-Provider","Applying package 'Power.EnergyEstimationEngine.CPU.ppkg' ID: {c5dc3753-b6c8-4057-b396-bf13d769311c}."
"29-06-2026 11:18:09","20","Information","Microsoft-Windows-Provisioning-Diagnostics-Provider","Applying package 'Power.EnergyEstimationEngine.Control.ppkg' ID: {1e05dd5d-a022-46c5-963c-b20de341170f}."
"29-06-2026 11:18:09","20","Information","Microsoft-Windows-Provisioning-Diagnostics-Provider","Applying package 'Dell.Power.Performance.Intel.ppkg' ID: {14a95970-b75d-4fec-9d4c-309d1052444e}."
"29-06-2026 11:18:08","90","Information","Microsoft-Windows-Provisioning-Diagnostics-Provider","Settings detail.
source = LogonIdleTask.
packageIdToDelete = <Not Present>.
packagePathsToAdd = <Not Present>."
"29-06-2026 09:22:43","20","Information","Microsoft-Windows-Provisioning-Diagnostics-Provider","Applying package 'Microsoft.Windows.Cosa.Desktop.Client.ppkg' ID: {c8a326e4-f518-4f14-b543-97a57e1a975e}."
"29-06-2026 09:22:43","20","Information","Microsoft-Windows-Provisioning-Diagnostics-Provider","Applying package 'SecureStart.Settings.ppkg' ID: {eb7d7f2f-3b77-4b87-b301-fd0d336f709a}."
"29-06-2026 09:22:43","20","Information","Microsoft-Windows-Provisioning-Diagnostics-Provider","Applying package 'PPM-Win11-24H2-ARL.Corp-v2025.0702122400.0b23d2b.ppkg' ID: {6298f460-b760-45e0-944d-069a6f1385f8}."
"29-06-2026 09:22:43","20","Information","Microsoft-Windows-Provisioning-Diagnostics-Provider","Applying package 'Power.Settings.Sleep.ppkg' ID: {3742e5e8-6d9d-473b-99a6-8ecc0f43548a}."
"29-06-2026 09:22:43","20","Information","Microsoft-Windows-Provisioning-Diagnostics-Provider","Applying package 'Power.Settings.Processor.ppkg' ID: {fc01e91f-914c-45af-9d7c-0b2e5fbedf62}."
"29-06-2026 09:22:43","20","Information","Microsoft-Windows-Provisioning-Diagnostics-Provider","Applying package 'Power.Settings.Processor.Intel.ppkg' ID: {fc01e91f-914c-45af-9d7c-0b2e5fbedf64}."
"29-06-2026 09:22:43","20","Information","Microsoft-Windows-Provisioning-Diagnostics-Provider","Applying package 'Power.Settings.Processor.Amd.ppkg' ID: {fc01e91f-914c-45af-9d7c-0b2e5fbedf63}."
"29-06-2026 09:22:43","20","Information","Microsoft-Windows-Provisioning-Diagnostics-Provider","Applying package 'Power.Settings.PCIExpress.ppkg' ID: {268c43e1-aa2b-4036-86ef-8cda98a0c2fe}."
"29-06-2026 09:22:43","20","Information","Microsoft-Windows-Provisioning-Diagnostics-Provider","Applying package 'Power.Settings.IdleResiliency.ppkg' ID: {f11899f2-71ec-4621-9997-e17ae2f6eb26}."
"29-06-2026 09:22:43","20","Information","Microsoft-Windows-Provisioning-Diagnostics-Provider","Applying package 'Power.Settings.Graphics.ppkg' ID: {bf56ce5a-946b-45b5-858a-1794eb0125e2}."
"29-06-2026 09:22:43","20","Information","Microsoft-Windows-Provisioning-Diagnostics-Provider","Applying package 'Power.Settings.Display.ppkg' ID: {23cb517f-5073-4e96-a202-7fe6122a2271}."
"29-06-2026 09:22:43","20","Information","Microsoft-Windows-Provisioning-Diagnostics-Provider","Applying package 'Power.Settings.Disk.ppkg' ID: {9df6a4ed-fc16-48bf-8b24-6e2ad2bfcfea}."
"29-06-2026 09:22:43","20","Information","Microsoft-Windows-Provisioning-Diagnostics-Provider","Applying package 'Power.Settings.Control.ppkg' ID: {5f568920-10ad-4dc0-a97e-b78a3255c351}."
"29-06-2026 09:22:43","20","Information","Microsoft-Windows-Provisioning-Diagnostics-Provider","Applying package 'Power.Settings.Button.ppkg' ID: {18dcffd4-37d6-4bc6-87e0-4266fdbb8e49}."
"29-06-2026 09:22:43","20","Information","Microsoft-Windows-Provisioning-Diagnostics-Provider","Applying package 'Power.Settings.Battery.ppkg' ID: {7a30a9be-737f-47a1-a541-6e7b0761ed19}."
"29-06-2026 09:22:43","20","Information","Microsoft-Windows-Provisioning-Diagnostics-Provider","Applying package 'Power.EnergyEstimationEngine.Wifi.ppkg' ID: {b0b9123d-7d7f-4c6b-9973-ceced46f2a09}."
"29-06-2026 09:22:43","20","Information","Microsoft-Windows-Provisioning-Diagnostics-Provider","Applying package 'Power.EnergyEstimationEngine.Telemetry.ppkg' ID: {8fb7d64e-70fc-4f9d-89ee-d486817534df}."
"29-06-2026 09:22:43","20","Information","Microsoft-Windows-Provisioning-Diagnostics-Provider","Applying package 'Power.EnergyEstimationEngine.Storage.ppkg' ID: {9aec5bda-1e87-46b3-bb96-1a01c606555e}."
"29-06-2026 09:22:43","20","Information","Microsoft-Windows-Provisioning-Diagnostics-Provider","Applying package 'Power.EnergyEstimationEngine.StandbyActivation.ppkg' ID: {8d196d7f-3eef-48ad-8bea-be749f12d3ad}."
"29-06-2026 09:22:43","20","Information","Microsoft-Windows-Provisioning-Diagnostics-Provider","Applying package 'Power.EnergyEstimationEngine.MBB.ppkg' ID: {99b095d8-5959-4820-bea7-7448c8427b4e}."
"29-06-2026 09:22:43","20","Information","Microsoft-Windows-Provisioning-Diagnostics-Provider","Applying package 'Power.EnergyEstimationEngine.Display.ppkg' ID: {ee4aac98-c174-4941-82b1-d121e493e4fb}."
"29-06-2026 09:22:43","20","Information","Microsoft-Windows-Provisioning-Diagnostics-Provider","Applying package 'Power.EnergyEstimationEngine.CPU.ppkg' ID: {c5dc3753-b6c8-4057-b396-bf13d769311c}."
"29-06-2026 09:22:43","20","Information","Microsoft-Windows-Provisioning-Diagnostics-Provider","Applying package 'Power.EnergyEstimationEngine.Control.ppkg' ID: {1e05dd5d-a022-46c5-963c-b20de341170f}."
"29-06-2026 09:22:43","20","Information","Microsoft-Windows-Provisioning-Diagnostics-Provider","Applying package 'Dell.Power.Performance.Intel.ppkg' ID: {14a95970-b75d-4fec-9d4c-309d1052444e}."
"29-06-2026 09:22:41","90","Information","Microsoft-Windows-Provisioning-Diagnostics-Provider","Settings detail.
source = LogonIdleTask.
packageIdToDelete = <Not Present>.
packagePathsToAdd = <Not Present>."
"25-06-2026 10:27:02","20","Information","Microsoft-Windows-Provisioning-Diagnostics-Provider","Applying package 'Microsoft.Windows.Cosa.Desktop.Client.ppkg' ID: {c8a326e4-f518-4f14-b543-97a57e1a975e}."
"25-06-2026 10:27:02","20","Information","Microsoft-Windows-Provisioning-Diagnostics-Provider","Applying package 'SecureStart.Settings.ppkg' ID: {eb7d7f2f-3b77-4b87-b301-fd0d336f709a}."
"25-06-2026 10:27:02","20","Information","Microsoft-Windows-Provisioning-Diagnostics-Provider","Applying package 'PPM-Win11-24H2-ARL.Corp-v2025.0702122400.0b23d2b.ppkg' ID: {6298f460-b760-45e0-944d-069a6f1385f8}."
"25-06-2026 10:27:02","20","Information","Microsoft-Windows-Provisioning-Diagnostics-Provider","Applying package 'Power.Settings.Sleep.ppkg' ID: {3742e5e8-6d9d-473b-99a6-8ecc0f43548a}."
"25-06-2026 10:27:02","20","Information","Microsoft-Windows-Provisioning-Diagnostics-Provider","Applying package 'Power.Settings.Processor.ppkg' ID: {fc01e91f-914c-45af-9d7c-0b2e5fbedf62}."
"25-06-2026 10:27:02","20","Information","Microsoft-Windows-Provisioning-Diagnostics-Provider","Applying package 'Power.Settings.Processor.Intel.ppkg' ID: {fc01e91f-914c-45af-9d7c-0b2e5fbedf64}."
"25-06-2026 10:27:02","20","Information","Microsoft-Windows-Provisioning-Diagnostics-Provider","Applying package 'Power.Settings.Processor.Amd.ppkg' ID: {fc01e91f-914c-45af-9d7c-0b2e5fbedf63}."
"25-06-2026 10:27:02","20","Information","Microsoft-Windows-Provisioning-Diagnostics-Provider","Applying package 'Power.Settings.PCIExpress.ppkg' ID: {268c43e1-aa2b-4036-86ef-8cda98a0c2fe}."
"25-06-2026 10:27:02","20","Information","Microsoft-Windows-Provisioning-Diagnostics-Provider","Applying package 'Power.Settings.IdleResiliency.ppkg' ID: {f11899f2-71ec-4621-9997-e17ae2f6eb26}."
"25-06-2026 10:27:02","20","Information","Microsoft-Windows-Provisioning-Diagnostics-Provider","Applying package 'Power.Settings.Graphics.ppkg' ID: {bf56ce5a-946b-45b5-858a-1794eb0125e2}."
"25-06-2026 10:27:02","20","Information","Microsoft-Windows-Provisioning-Diagnostics-Provider","Applying package 'Power.Settings.Display.ppkg' ID: {23cb517f-5073-4e96-a202-7fe6122a2271}."
"25-06-2026 10:27:02","20","Information","Microsoft-Windows-Provisioning-Diagnostics-Provider","Applying package 'Power.Settings.Disk.ppkg' ID: {9df6a4ed-fc16-48bf-8b24-6e2ad2bfcfea}."
"25-06-2026 10:27:02","20","Information","Microsoft-Windows-Provisioning-Diagnostics-Provider","Applying package 'Power.Settings.Control.ppkg' ID: {5f568920-10ad-4dc0-a97e-b78a3255c351}."
"25-06-2026 10:27:02","20","Information","Microsoft-Windows-Provisioning-Diagnostics-Provider","Applying package 'Power.Settings.Button.ppkg' ID: {18dcffd4-37d6-4bc6-87e0-4266fdbb8e49}."
"25-06-2026 10:27:02","20","Information","Microsoft-Windows-Provisioning-Diagnostics-Provider","Applying package 'Power.Settings.Battery.ppkg' ID: {7a30a9be-737f-47a1-a541-6e7b0761ed19}."
"25-06-2026 10:27:02","20","Information","Microsoft-Windows-Provisioning-Diagnostics-Provider","Applying package 'Power.EnergyEstimationEngine.Wifi.ppkg' ID: {b0b9123d-7d7f-4c6b-9973-ceced46f2a09}."
"25-06-2026 10:27:02","20","Information","Microsoft-Windows-Provisioning-Diagnostics-Provider","Applying package 'Power.EnergyEstimationEngine.Telemetry.ppkg' ID: {8fb7d64e-70fc-4f9d-89ee-d486817534df}."
"25-06-2026 10:27:02","20","Information","Microsoft-Windows-Provisioning-Diagnostics-Provider","Applying package 'Power.EnergyEstimationEngine.Storage.ppkg' ID: {9aec5bda-1e87-46b3-bb96-1a01c606555e}."
"25-06-2026 10:27:02","20","Information","Microsoft-Windows-Provisioning-Diagnostics-Provider","Applying package 'Power.EnergyEstimationEngine.StandbyActivation.ppkg' ID: {8d196d7f-3eef-48ad-8bea-be749f12d3ad}."
"25-06-2026 10:27:02","20","Information","Microsoft-Windows-Provisioning-Diagnostics-Provider","Applying package 'Power.EnergyEstimationEngine.MBB.ppkg' ID: {99b095d8-5959-4820-bea7-7448c8427b4e}."
"25-06-2026 10:27:02","20","Information","Microsoft-Windows-Provisioning-Diagnostics-Provider","Applying package 'Power.EnergyEstimationEngine.Display.ppkg' ID: {ee4aac98-c174-4941-82b1-d121e493e4fb}."
"25-06-2026 10:27:02","20","Information","Microsoft-Windows-Provisioning-Diagnostics-Provider","Applying package 'Power.EnergyEstimationEngine.CPU.ppkg' ID: {c5dc3753-b6c8-4057-b396-bf13d769311c}."
"25-06-2026 10:27:02","20","Information","Microsoft-Windows-Provisioning-Diagnostics-Provider","Applying package 'Power.EnergyEstimationEngine.Control.ppkg' ID: {1e05dd5d-a022-46c5-963c-b20de341170f}."
"25-06-2026 10:27:02","20","Information","Microsoft-Windows-Provisioning-Diagnostics-Provider","Applying package 'Dell.Power.Performance.Intel.ppkg' ID: {14a95970-b75d-4fec-9d4c-309d1052444e}."
"25-06-2026 10:27:00","90","Information","Microsoft-Windows-Provisioning-Diagnostics-Provider","Settings detail.
source = LogonIdleTask.
packageIdToDelete = <Not Present>.
packagePathsToAdd = <Not Present>."
"23-06-2026 09:17:09","90","Information","Microsoft-Windows-Provisioning-Diagnostics-Provider","Settings detail.
source = LogonIdleTask.
packageIdToDelete = <Not Present>.
packagePathsToAdd = <Not Present>."
"19-06-2026 09:10:16","90","Information","Microsoft-Windows-Provisioning-Diagnostics-Provider","Settings detail.
source = LogonIdleTask.
packageIdToDelete = <Not Present>.
packagePathsToAdd = <Not Present>."
"18-06-2026 09:20:38","11","Information","Microsoft-Windows-Provisioning-Diagnostics-Provider","ProvXML category 'PowerSettings' completed successfully. Provisioning succeeded"
"18-06-2026 09:19:25","11","Information","Microsoft-Windows-Provisioning-Diagnostics-Provider","ProvXML category 'PowerSettings' completed successfully. Provisioning succeeded"
"18-06-2026 09:19:24","10","Information","Microsoft-Windows-Provisioning-Diagnostics-Provider","Configuring ProvXML with category 'PowerSettings'.

ProvXML data:
MCSF/Power/Policy/Settings/Processor/SchemePersonality/ded574b5-45a0-4f42-8737-46345c09c238/DefaultPowerSchemeValues/PerfDecreaseThreshold/AcValueMCSF/Power/Policy/Settings/Processor/SchemePersonality/ded574b5-45a0-4f42-8737-46345c09c238/DefaultPowerSchemeValues/PerfEnergyPreference/AcValueMCSF/Power/Policy/Settings/Processor/SchemePersonality/ded574b5-45a0-4f42-8737-46345c09c238/DefaultPowerSchemeValues/PerfIncreasePolicy/AcValueMCSF/Power/Policy/Settings/Processor/SchemePersonality/ded574b5-45a0-4f42-8737-46345c09c238/DefaultPowerSchemeValues/PerfIncreaseThreshold/AcValue"
"18-06-2026 09:19:23","11","Information","Microsoft-Windows-Provisioning-Diagnostics-Provider","ProvXML category 'PowerSettings' completed successfully. Provisioning succeeded"
"18-06-2026 09:19:21","10","Information","Microsoft-Windows-Provisioning-Diagnostics-Provider","Configuring ProvXML with category 'PowerSettings'.

ProvXML data:
MCSF/Power/Policy/Settings/Processor/SchemePersonality/381b4222-f694-41f0-9685-ff5bb260df2e/8bc6262c-c026-411d-ae3b-7e2f70811a13/PerfBoostMode/AcValueMCSF/Power/Policy/Settings/Processor/SchemePersonality/381b4222-f694-41f0-9685-ff5bb260df2e/8bc6262c-c026-411d-ae3b-7e2f70811a13/PerfBoostMode/DcValueMCSF/Power/Policy/Settings/Processor/SchemePersonality/381b4222-f694-41f0-9685-ff5bb260df2e/8bc6262c-c026-411d-ae3b-7e2f70811a13/PerfEnergyPreference/AcValueMCSF/Power/Policy/Settings/Processor/SchemePersonality/381b4222-f694-41f0-9685-ff5bb260df2e/8bc6262c-c026-411d-ae3b-7e2f70811a13/PerfEnergyPreference/DcValueMCSF/Power/Policy/Settings/Processor/SchemePersonality/381b4222-f694-41f0-9685-ff5bb260df2e/ee1e4f72-e368-46b1-b3c6-5048b11c2dbd/PerfEnergyPreference/DcValueMCSF/Power/Policy/Settings/Processor/SchemePersonality/961cc777-2547-4f9d-8174-7d86181b8a7a/DefaultPowerSchemeValues/PerfEnergyPreference/DcValueMCSF/Power/Policy/Settings/Processor/SchemePersonality/ded574b5-45a0-4f42-8737-46345c09c238/DefaultPowerSchemeValues/PerfDecreaseThreshold/DcValueMCSF/Power/Policy/Settings/Processor/SchemePersonality/ded574b5-45a0-4f42-8737-46345c09c238/DefaultPowerSchemeValues/PerfEnergyPreference/DcValueMCSF/Power/Policy/Settings/Processor/SchemePersonality/ded574b5-45a0-4f42-8737-46345c09c238/DefaultPowerSchemeValues/PerfIncreasePolicy/DcValueMCSF/Power/Policy/Settings/Processor/SchemePersonality/ded574b5-45a0-4f42-8737-46345c09c238/DefaultPowerSchemeValues/PerfIncreaseThreshold/DcValue"
"18-06-2026 09:19:21","11","Information","Microsoft-Windows-Provisioning-Diagnostics-Provider","ProvXML category 'PowerSettings' completed successfully. Provisioning succeeded"
"18-06-2026 09:19:17","10","Information","Microsoft-Windows-Provisioning-Diagnostics-Provider","Configuring ProvXML with category 'PowerSettings'.

ProvXML data:
MCSF/Power/Policy/Settings/Processor/SchemePersonality/381b4222-f694-41f0-9685-ff5bb260df2e/DefaultPowerSchemeValues/CPMinCores/AcValueMCSF/Power/Policy/Settings/Processor/SchemePersonality/381b4222-f694-41f0-9685-ff5bb260df2e/DefaultPowerSchemeValues/CPMinCores/DcValueMCSF/Power/Policy/Settings/Processor/SchemePersonality/381b4222-f694-41f0-9685-ff5bb260df2e/DefaultPowerSchemeValues/ModuleUnparkPolicy/AcValueMCSF/Power/Policy/Settings/Processor/SchemePersonality/381b4222-f694-41f0-9685-ff5bb260df2e/DefaultPowerSchemeValues/ModuleUnparkPolicy/DcValueMCSF/Power/Policy/Settings/Processor/SchemePersonality/381b4222-f694-41f0-9685-ff5bb260df2e/DefaultPowerSchemeValues/PerfAutonomousMode/AcValueMCSF/Power/Policy/Settings/Processor/SchemePersonality/381b4222-f694-41f0-9685-ff5bb260df2e/DefaultPowerSchemeValues/PerfAutonomousMode/DcValueMCSF/Power/Policy/Settings/Processor/SchemePersonality/8c5e7fda-e8bf-4a96-9a85-a6e23a8c635c/DefaultPowerSchemeValues/ModuleUnparkPolicy/AcValueMCSF/Power/Policy/Settings/Processor/SchemePersonality/8c5e7fda-e8bf-4a96-9a85-a6e23a8c635c/DefaultPowerSchemeValues/ModuleUnparkPolicy/DcValueMCSF/Power/Policy/Settings/Processor/SchemePersonality/8c5e7fda-e8bf-4a96-9a85-a6e23a8c635c/DefaultPowerSchemeValues/PerfAutonomousMode/AcValueMCSF/Power/Policy/Settings/Processor/SchemePersonality/8c5e7fda-e8bf-4a96-9a85-a6e23a8c635c/DefaultPowerSchemeValues/PerfAutonomousMode/DcValueMCSF/Power/Policy/Settings/Processor/SchemePersonality/a1841308-3541-4fab-bc81-f71556f20b4a/DefaultPowerSchemeValues/CPMinCores/AcValueMCSF/Power/Policy/Settings/Processor/SchemePersonality/a1841308-3541-4fab-bc81-f71556f20b4a/DefaultPowerSchemeValues/CPMinCores/DcValueMCSF/Power/Policy/Settings/Processor/SchemePersonality/a1841308-3541-4fab-bc81-f71556f20b4a/DefaultPowerSchemeValues/ModuleUnparkPolicy/AcValueMCSF/Power/Policy/Settings/Processor/SchemePersonality/a1841308-3541-4fab-bc81-f71556f20b4a/DefaultPowerSchemeValues/ModuleUnparkPolicy/DcValueMCSF/Power/Policy/Settings/Processor/SchemePersonality/a1841308-3541-4fab-bc81-f71556f20b4a/DefaultPowerSchemeValues/PerfAutonomousMode/AcValueMCSF/Power/Policy/Settings/Processor/SchemePersonality/a1841308-3541-4fab-bc81-f71556f20b4a/DefaultPowerSchemeValues/PerfAutonomousMode/DcValue"
"18-06-2026 09:19:17","11","Information","Microsoft-Windows-Provisioning-Diagnostics-Provider","ProvXML category 'PowerSettings' completed successfully. Provisioning succeeded"
"18-06-2026 09:19:16","10","Information","Microsoft-Windows-Provisioning-Diagnostics-Provider","Configuring ProvXML with category 'PowerSettings'.

ProvXML data:
MCSF/Power/Policy/Settings/Sleep/SchemePersonality/381b4222-f694-41f0-9685-ff5bb260df2e/Setting/HibernateTimeout/DcValueMCSF/Power/Policy/Settings/Sleep/SchemePersonality/a1841308-3541-4fab-bc81-f71556f20b4a/Setting/HibernateTimeout/DcValue"
"18-06-2026 09:19:15","11","Information","Microsoft-Windows-Provisioning-Diagnostics-Provider","ProvXML category 'PowerSettings' completed successfully. Provisioning succeeded"
"18-06-2026 09:19:15","10","Information","Microsoft-Windows-Provisioning-Diagnostics-Provider","Configuring ProvXML with category 'PowerSettings'.

ProvXML data:
MCSF/Power/Policy/Settings/Sleep/SchemePersonality/8c5e7fda-e8bf-4a96-9a85-a6e23a8c635c/Setting/StandbyTimeout/AcValueMCSF/Power/Policy/Settings/Sleep/SchemePersonality/8c5e7fda-e8bf-4a96-9a85-a6e23a8c635c/Setting/StandbyTimeout/DcValue"
"18-06-2026 09:19:14","11","Information","Microsoft-Windows-Provisioning-Diagnostics-Provider","ProvXML category 'PowerSettings' completed successfully. Provisioning succeeded"
"18-06-2026 09:19:12","10","Information","Microsoft-Windows-Provisioning-Diagnostics-Provider","Configuring ProvXML with category 'PowerSettings'.

ProvXML data:
MCSF/Power/Policy/Settings/Processor/SchemePersonality/381b4222-f694-41f0-9685-ff5bb260df2e/0aabb002-a307-447e-9b81-1d819df6c6d0/PerfDecreaseThreshold/AcValueMCSF/Power/Policy/Settings/Processor/SchemePersonality/381b4222-f694-41f0-9685-ff5bb260df2e/0aabb002-a307-447e-9b81-1d819df6c6d0/PerfDecreaseThreshold/DcValueMCSF/Power/Policy/Settings/Processor/SchemePersonality/381b4222-f694-41f0-9685-ff5bb260df2e/0aabb002-a307-447e-9b81-1d819df6c6d0/PerfEnergyPreference/AcValueMCSF/Power/Policy/Settings/Processor/SchemePersonality/381b4222-f694-41f0-9685-ff5bb260df2e/0aabb002-a307-447e-9b81-1d819df6c6d0/PerfEnergyPreference/DcValueMCSF/Power/Policy/Settings/Processor/SchemePersonality/381b4222-f694-41f0-9685-ff5bb260df2e/0aabb002-a307-447e-9b81-1d819df6c6d0/PerfIncreasePolicy/AcValueMCSF/Power/Policy/Settings/Processor/SchemePersonality/381b4222-f694-41f0-9685-ff5bb260df2e/0aabb002-a307-447e-9b81-1d819df6c6d0/PerfIncreasePolicy/DcValueMCSF/Power/Policy/Settings/Processor/SchemePersonality/381b4222-f694-41f0-9685-ff5bb260df2e/0aabb002-a307-447e-9b81-1d819df6c6d0/PerfIncreaseThreshold/AcValueMCSF/Power/Policy/Settings/Processor/SchemePersonality/381b4222-f694-41f0-9685-ff5bb260df2e/0aabb002-a307-447e-9b81-1d819df6c6d0/PerfIncreaseThreshold/DcValue"
"18-06-2026 09:19:11","11","Information","Microsoft-Windows-Provisioning-Diagnostics-Provider","ProvXML category 'PowerSettings' completed successfully. Provisioning succeeded"
"18-06-2026 09:18:01","11","Information","Microsoft-Windows-Provisioning-Diagnostics-Provider","ProvXML category 'PowerSettings' completed successfully. Provisioning succeeded"
"18-06-2026 09:17:59","10","Information","Microsoft-Windows-Provisioning-Diagnostics-Provider","Configuring ProvXML with category 'PowerSettings'.

ProvXML data:
MCSF/Power/Policy/Settings/Processor/SchemePersonality/ded574b5-45a0-4f42-8737-46345c09c238/DefaultPowerSchemeValues/PerfDecreaseThreshold/AcValueMCSF/Power/Policy/Settings/Processor/SchemePersonality/ded574b5-45a0-4f42-8737-46345c09c238/DefaultPowerSchemeValues/PerfEnergyPreference/AcValueMCSF/Power/Policy/Settings/Processor/SchemePersonality/ded574b5-45a0-4f42-8737-46345c09c238/DefaultPowerSchemeValues/PerfIncreasePolicy/AcValueMCSF/Power/Policy/Settings/Processor/SchemePersonality/ded574b5-45a0-4f42-8737-46345c09c238/DefaultPowerSchemeValues/PerfIncreaseThreshold/AcValue"
"18-06-2026 09:17:59","11","Information","Microsoft-Windows-Provisioning-Diagnostics-Provider","ProvXML category 'PowerSettings' completed successfully. Provisioning succeeded"
"18-06-2026 09:17:57","10","Information","Microsoft-Windows-Provisioning-Diagnostics-Provider","Configuring ProvXML with category 'PowerSettings'.

ProvXML data:
MCSF/Power/Policy/Settings/Processor/SchemePersonality/381b4222-f694-41f0-9685-ff5bb260df2e/8bc6262c-c026-411d-ae3b-7e2f70811a13/PerfBoostMode/AcValueMCSF/Power/Policy/Settings/Processor/SchemePersonality/381b4222-f694-41f0-9685-ff5bb260df2e/8bc6262c-c026-411d-ae3b-7e2f70811a13/PerfBoostMode/DcValueMCSF/Power/Policy/Settings/Processor/SchemePersonality/381b4222-f694-41f0-9685-ff5bb260df2e/8bc6262c-c026-411d-ae3b-7e2f70811a13/PerfEnergyPreference/AcValueMCSF/Power/Policy/Settings/Processor/SchemePersonality/381b4222-f694-41f0-9685-ff5bb260df2e/8bc6262c-c026-411d-ae3b-7e2f70811a13/PerfEnergyPreference/DcValueMCSF/Power/Policy/Settings/Processor/SchemePersonality/381b4222-f694-41f0-9685-ff5bb260df2e/ee1e4f72-e368-46b1-b3c6-5048b11c2dbd/PerfEnergyPreference/DcValueMCSF/Power/Policy/Settings/Processor/SchemePersonality/961cc777-2547-4f9d-8174-7d86181b8a7a/DefaultPowerSchemeValues/PerfEnergyPreference/DcValueMCSF/Power/Policy/Settings/Processor/SchemePersonality/ded574b5-45a0-4f42-8737-46345c09c238/DefaultPowerSchemeValues/PerfDecreaseThreshold/DcValueMCSF/Power/Policy/Settings/Processor/SchemePersonality/ded574b5-45a0-4f42-8737-46345c09c238/DefaultPowerSchemeValues/PerfEnergyPreference/DcValueMCSF/Power/Policy/Settings/Processor/SchemePersonality/ded574b5-45a0-4f42-8737-46345c09c238/DefaultPowerSchemeValues/PerfIncreasePolicy/DcValueMCSF/Power/Policy/Settings/Processor/SchemePersonality/ded574b5-45a0-4f42-8737-46345c09c238/DefaultPowerSchemeValues/PerfIncreaseThreshold/DcValue"
"18-06-2026 09:17:57","11","Information","Microsoft-Windows-Provisioning-Diagnostics-Provider","ProvXML category 'PowerSettings' completed successfully. Provisioning succeeded"
"18-06-2026 09:17:55","10","Information","Microsoft-Windows-Provisioning-Diagnostics-Provider","Configuring ProvXML with category 'PowerSettings'.

ProvXML data:
MCSF/Power/Policy/Settings/Processor/SchemePersonality/381b4222-f694-41f0-9685-ff5bb260df2e/DefaultPowerSchemeValues/CPMinCores/AcValueMCSF/Power/Policy/Settings/Processor/SchemePersonality/381b4222-f694-41f0-9685-ff5bb260df2e/DefaultPowerSchemeValues/CPMinCores/DcValueMCSF/Power/Policy/Settings/Processor/SchemePersonality/381b4222-f694-41f0-9685-ff5bb260df2e/DefaultPowerSchemeValues/ModuleUnparkPolicy/AcValueMCSF/Power/Policy/Settings/Processor/SchemePersonality/381b4222-f694-41f0-9685-ff5bb260df2e/DefaultPowerSchemeValues/ModuleUnparkPolicy/DcValueMCSF/Power/Policy/Settings/Processor/SchemePersonality/381b4222-f694-41f0-9685-ff5bb260df2e/DefaultPowerSchemeValues/PerfAutonomousMode/AcValueMCSF/Power/Policy/Settings/Processor/SchemePersonality/381b4222-f694-41f0-9685-ff5bb260df2e/DefaultPowerSchemeValues/PerfAutonomousMode/DcValueMCSF/Power/Policy/Settings/Processor/SchemePersonality/8c5e7fda-e8bf-4a96-9a85-a6e23a8c635c/DefaultPowerSchemeValues/ModuleUnparkPolicy/AcValueMCSF/Power/Policy/Settings/Processor/SchemePersonality/8c5e7fda-e8bf-4a96-9a85-a6e23a8c635c/DefaultPowerSchemeValues/ModuleUnparkPolicy/DcValueMCSF/Power/Policy/Settings/Processor/SchemePersonality/8c5e7fda-e8bf-4a96-9a85-a6e23a8c635c/DefaultPowerSchemeValues/PerfAutonomousMode/AcValueMCSF/Power/Policy/Settings/Processor/SchemePersonality/8c5e7fda-e8bf-4a96-9a85-a6e23a8c635c/DefaultPowerSchemeValues/PerfAutonomousMode/DcValueMCSF/Power/Policy/Settings/Processor/SchemePersonality/a1841308-3541-4fab-bc81-f71556f20b4a/DefaultPowerSchemeValues/CPMinCores/AcValueMCSF/Power/Policy/Settings/Processor/SchemePersonality/a1841308-3541-4fab-bc81-f71556f20b4a/DefaultPowerSchemeValues/CPMinCores/DcValueMCSF/Power/Policy/Settings/Processor/SchemePersonality/a1841308-3541-4fab-bc81-f71556f20b4a/DefaultPowerSchemeValues/ModuleUnparkPolicy/AcValueMCSF/Power/Policy/Settings/Processor/SchemePersonality/a1841308-3541-4fab-bc81-f71556f20b4a/DefaultPowerSchemeValues/ModuleUnparkPolicy/DcValueMCSF/Power/Policy/Settings/Processor/SchemePersonality/a1841308-3541-4fab-bc81-f71556f20b4a/DefaultPowerSchemeValues/PerfAutonomousMode/AcValueMCSF/Power/Policy/Settings/Processor/SchemePersonality/a1841308-3541-4fab-bc81-f71556f20b4a/DefaultPowerSchemeValues/PerfAutonomousMode/DcValue"
"18-06-2026 09:17:55","91","Information","Microsoft-Windows-Provisioning-Diagnostics-Provider","RegisterForCspAlerts succeeded. EnrollmentId = {fc01e91f-914c-45af-9d7c-0b2e5fbedf64}."
"18-06-2026 09:17:55","20","Information","Microsoft-Windows-Provisioning-Diagnostics-Provider","Applying package 'Microsoft.Windows.Cosa.Desktop.Client.ppkg' ID: {c8a326e4-f518-4f14-b543-97a57e1a975e}."
"18-06-2026 09:17:55","20","Information","Microsoft-Windows-Provisioning-Diagnostics-Provider","Applying package 'SecureStart.Settings.ppkg' ID: {eb7d7f2f-3b77-4b87-b301-fd0d336f709a}."
"18-06-2026 09:17:55","20","Information","Microsoft-Windows-Provisioning-Diagnostics-Provider","Applying package 'PPM-Win11-24H2-ARL.Corp-v2025.0702122400.0b23d2b.ppkg' ID: {6298f460-b760-45e0-944d-069a6f1385f8}."
"18-06-2026 09:17:55","20","Information","Microsoft-Windows-Provisioning-Diagnostics-Provider","Applying package 'Power.Settings.Sleep.ppkg' ID: {3742e5e8-6d9d-473b-99a6-8ecc0f43548a}."
"18-06-2026 09:17:55","20","Information","Microsoft-Windows-Provisioning-Diagnostics-Provider","Applying package 'Power.Settings.Processor.ppkg' ID: {fc01e91f-914c-45af-9d7c-0b2e5fbedf62}."
"18-06-2026 09:17:55","20","Information","Microsoft-Windows-Provisioning-Diagnostics-Provider","Applying package 'Power.Settings.Processor.Intel.ppkg' ID: {fc01e91f-914c-45af-9d7c-0b2e5fbedf64}."
"18-06-2026 09:17:54","20","Information","Microsoft-Windows-Provisioning-Diagnostics-Provider","Applying package 'Power.Settings.Processor.Amd.ppkg' ID: {fc01e91f-914c-45af-9d7c-0b2e5fbedf63}."
"18-06-2026 09:17:54","20","Information","Microsoft-Windows-Provisioning-Diagnostics-Provider","Applying package 'Power.Settings.PCIExpress.ppkg' ID: {268c43e1-aa2b-4036-86ef-8cda98a0c2fe}."
"18-06-2026 09:17:54","20","Information","Microsoft-Windows-Provisioning-Diagnostics-Provider","Applying package 'Power.Settings.IdleResiliency.ppkg' ID: {f11899f2-71ec-4621-9997-e17ae2f6eb26}."
"18-06-2026 09:17:54","20","Information","Microsoft-Windows-Provisioning-Diagnostics-Provider","Applying package 'Power.Settings.Graphics.ppkg' ID: {bf56ce5a-946b-45b5-858a-1794eb0125e2}."
"18-06-2026 09:17:54","20","Information","Microsoft-Windows-Provisioning-Diagnostics-Provider","Applying package 'Power.Settings.Display.ppkg' ID: {23cb517f-5073-4e96-a202-7fe6122a2271}."
"18-06-2026 09:17:54","20","Information","Microsoft-Windows-Provisioning-Diagnostics-Provider","Applying package 'Power.Settings.Disk.ppkg' ID: {9df6a4ed-fc16-48bf-8b24-6e2ad2bfcfea}."
"18-06-2026 09:17:54","20","Information","Microsoft-Windows-Provisioning-Diagnostics-Provider","Applying package 'Power.Settings.Control.ppkg' ID: {5f568920-10ad-4dc0-a97e-b78a3255c351}."
"18-06-2026 09:17:54","20","Information","Microsoft-Windows-Provisioning-Diagnostics-Provider","Applying package 'Power.Settings.Button.ppkg' ID: {18dcffd4-37d6-4bc6-87e0-4266fdbb8e49}."
"18-06-2026 09:17:54","20","Information","Microsoft-Windows-Provisioning-Diagnostics-Provider","Applying package 'Power.Settings.Battery.ppkg' ID: {7a30a9be-737f-47a1-a541-6e7b0761ed19}."
"18-06-2026 09:17:54","20","Information","Microsoft-Windows-Provisioning-Diagnostics-Provider","Applying package 'Power.EnergyEstimationEngine.Wifi.ppkg' ID: {b0b9123d-7d7f-4c6b-9973-ceced46f2a09}."
"18-06-2026 09:17:54","20","Information","Microsoft-Windows-Provisioning-Diagnostics-Provider","Applying package 'Power.EnergyEstimationEngine.Telemetry.ppkg' ID: {8fb7d64e-70fc-4f9d-89ee-d486817534df}."
"18-06-2026 09:17:54","20","Information","Microsoft-Windows-Provisioning-Diagnostics-Provider","Applying package 'Power.EnergyEstimationEngine.Storage.ppkg' ID: {9aec5bda-1e87-46b3-bb96-1a01c606555e}."
"18-06-2026 09:17:54","20","Information","Microsoft-Windows-Provisioning-Diagnostics-Provider","Applying package 'Power.EnergyEstimationEngine.StandbyActivation.ppkg' ID: {8d196d7f-3eef-48ad-8bea-be749f12d3ad}."
"18-06-2026 09:17:54","20","Information","Microsoft-Windows-Provisioning-Diagnostics-Provider","Applying package 'Power.EnergyEstimationEngine.MBB.ppkg' ID: {99b095d8-5959-4820-bea7-7448c8427b4e}."
"18-06-2026 09:17:54","20","Information","Microsoft-Windows-Provisioning-Diagnostics-Provider","Applying package 'Power.EnergyEstimationEngine.Display.ppkg' ID: {ee4aac98-c174-4941-82b1-d121e493e4fb}."
"18-06-2026 09:17:54","20","Information","Microsoft-Windows-Provisioning-Diagnostics-Provider","Applying package 'Power.EnergyEstimationEngine.CPU.ppkg' ID: {c5dc3753-b6c8-4057-b396-bf13d769311c}."
"18-06-2026 09:17:54","20","Information","Microsoft-Windows-Provisioning-Diagnostics-Provider","Applying package 'Power.EnergyEstimationEngine.Control.ppkg' ID: {1e05dd5d-a022-46c5-963c-b20de341170f}."
"18-06-2026 09:17:54","20","Information","Microsoft-Windows-Provisioning-Diagnostics-Provider","Applying package 'Dell.Power.Performance.Intel.ppkg' ID: {14a95970-b75d-4fec-9d4c-309d1052444e}."
"18-06-2026 09:17:53","90","Information","Microsoft-Windows-Provisioning-Diagnostics-Provider","Settings detail.
source = LogonIdleTask.
packageIdToDelete = <Not Present>.
packagePathsToAdd = <Not Present>."
"16-06-2026 11:16:08","20","Information","Microsoft-Windows-Provisioning-Diagnostics-Provider","Applying package 'Microsoft.Windows.Cosa.Desktop.Client.ppkg' ID: {c8a326e4-f518-4f14-b543-97a57e1a975e}."
"16-06-2026 11:16:08","20","Information","Microsoft-Windows-Provisioning-Diagnostics-Provider","Applying package 'SecureStart.Settings.ppkg' ID: {eb7d7f2f-3b77-4b87-b301-fd0d336f709a}."
"16-06-2026 11:16:08","20","Information","Microsoft-Windows-Provisioning-Diagnostics-Provider","Applying package 'PPM-Win11-24H2-ARL.Corp-v2025.0702122400.0b23d2b.ppkg' ID: {6298f460-b760-45e0-944d-069a6f1385f8}."
"16-06-2026 11:16:08","20","Information","Microsoft-Windows-Provisioning-Diagnostics-Provider","Applying package 'Power.Settings.Sleep.ppkg' ID: {3742e5e8-6d9d-473b-99a6-8ecc0f43548a}."
"16-06-2026 11:16:08","20","Information","Microsoft-Windows-Provisioning-Diagnostics-Provider","Applying package 'Power.Settings.Processor.ppkg' ID: {fc01e91f-914c-45af-9d7c-0b2e5fbedf62}."
"16-06-2026 11:16:08","20","Information","Microsoft-Windows-Provisioning-Diagnostics-Provider","Applying package 'Power.Settings.Processor.Intel.ppkg' ID: {fc01e91f-914c-45af-9d7c-0b2e5fbedf64}."
"16-06-2026 11:16:08","20","Information","Microsoft-Windows-Provisioning-Diagnostics-Provider","Applying package 'Power.Settings.Processor.Amd.ppkg' ID: {fc01e91f-914c-45af-9d7c-0b2e5fbedf63}."
"16-06-2026 11:16:08","20","Information","Microsoft-Windows-Provisioning-Diagnostics-Provider","Applying package 'Power.Settings.PCIExpress.ppkg' ID: {268c43e1-aa2b-4036-86ef-8cda98a0c2fe}."
"16-06-2026 11:16:08","20","Information","Microsoft-Windows-Provisioning-Diagnostics-Provider","Applying package 'Power.Settings.IdleResiliency.ppkg' ID: {f11899f2-71ec-4621-9997-e17ae2f6eb26}."
"16-06-2026 11:16:08","20","Information","Microsoft-Windows-Provisioning-Diagnostics-Provider","Applying package 'Power.Settings.Graphics.ppkg' ID: {bf56ce5a-946b-45b5-858a-1794eb0125e2}."
"16-06-2026 11:16:08","20","Information","Microsoft-Windows-Provisioning-Diagnostics-Provider","Applying package 'Power.Settings.Display.ppkg' ID: {23cb517f-5073-4e96-a202-7fe6122a2271}."
"16-06-2026 11:16:08","20","Information","Microsoft-Windows-Provisioning-Diagnostics-Provider","Applying package 'Power.Settings.Disk.ppkg' ID: {9df6a4ed-fc16-48bf-8b24-6e2ad2bfcfea}."
"16-06-2026 11:16:08","20","Information","Microsoft-Windows-Provisioning-Diagnostics-Provider","Applying package 'Power.Settings.Control.ppkg' ID: {5f568920-10ad-4dc0-a97e-b78a3255c351}."
"16-06-2026 11:16:08","20","Information","Microsoft-Windows-Provisioning-Diagnostics-Provider","Applying package 'Power.Settings.Button.ppkg' ID: {18dcffd4-37d6-4bc6-87e0-4266fdbb8e49}."
"16-06-2026 11:16:08","20","Information","Microsoft-Windows-Provisioning-Diagnostics-Provider","Applying package 'Power.Settings.Battery.ppkg' ID: {7a30a9be-737f-47a1-a541-6e7b0761ed19}."
"16-06-2026 11:16:08","20","Information","Microsoft-Windows-Provisioning-Diagnostics-Provider","Applying package 'Power.EnergyEstimationEngine.Wifi.ppkg' ID: {b0b9123d-7d7f-4c6b-9973-ceced46f2a09}."
"16-06-2026 11:16:08","20","Information","Microsoft-Windows-Provisioning-Diagnostics-Provider","Applying package 'Power.EnergyEstimationEngine.Telemetry.ppkg' ID: {8fb7d64e-70fc-4f9d-89ee-d486817534df}."
"16-06-2026 11:16:08","20","Information","Microsoft-Windows-Provisioning-Diagnostics-Provider","Applying package 'Power.EnergyEstimationEngine.Storage.ppkg' ID: {9aec5bda-1e87-46b3-bb96-1a01c606555e}."
"16-06-2026 11:16:08","20","Information","Microsoft-Windows-Provisioning-Diagnostics-Provider","Applying package 'Power.EnergyEstimationEngine.StandbyActivation.ppkg' ID: {8d196d7f-3eef-48ad-8bea-be749f12d3ad}."
"16-06-2026 11:16:08","20","Information","Microsoft-Windows-Provisioning-Diagnostics-Provider","Applying package 'Power.EnergyEstimationEngine.MBB.ppkg' ID: {99b095d8-5959-4820-bea7-7448c8427b4e}."
"16-06-2026 11:16:08","20","Information","Microsoft-Windows-Provisioning-Diagnostics-Provider","Applying package 'Power.EnergyEstimationEngine.Display.ppkg' ID: {ee4aac98-c174-4941-82b1-d121e493e4fb}."
"16-06-2026 11:16:08","20","Information","Microsoft-Windows-Provisioning-Diagnostics-Provider","Applying package 'Power.EnergyEstimationEngine.CPU.ppkg' ID: {c5dc3753-b6c8-4057-b396-bf13d769311c}."
"16-06-2026 11:16:08","20","Information","Microsoft-Windows-Provisioning-Diagnostics-Provider","Applying package 'Power.EnergyEstimationEngine.Control.ppkg' ID: {1e05dd5d-a022-46c5-963c-b20de341170f}."
"16-06-2026 11:16:08","20","Information","Microsoft-Windows-Provisioning-Diagnostics-Provider","Applying package 'Dell.Power.Performance.Intel.ppkg' ID: {14a95970-b75d-4fec-9d4c-309d1052444e}."
"16-06-2026 11:16:06","90","Information","Microsoft-Windows-Provisioning-Diagnostics-Provider","Settings detail.
source = LogonIdleTask.
packageIdToDelete = <Not Present>.
packagePathsToAdd = <Not Present>."
"12-06-2026 10:54:17","90","Information","Microsoft-Windows-Provisioning-Diagnostics-Provider","Settings detail.
source = LogonIdleTask.
packageIdToDelete = <Not Present>.
packagePathsToAdd = <Not Present>."
"08-06-2026 20:47:39","20","Information","Microsoft-Windows-Provisioning-Diagnostics-Provider","Applying package 'Microsoft.Windows.Cosa.Desktop.Client.ppkg' ID: {c8a326e4-f518-4f14-b543-97a57e1a975e}."
"08-06-2026 20:47:39","20","Information","Microsoft-Windows-Provisioning-Diagnostics-Provider","Applying package 'SecureStart.Settings.ppkg' ID: {eb7d7f2f-3b77-4b87-b301-fd0d336f709a}."
"08-06-2026 20:47:39","20","Information","Microsoft-Windows-Provisioning-Diagnostics-Provider","Applying package 'PPM-Win11-24H2-ARL.Corp-v2025.0702122400.0b23d2b.ppkg' ID: {6298f460-b760-45e0-944d-069a6f1385f8}."
"08-06-2026 20:47:39","20","Information","Microsoft-Windows-Provisioning-Diagnostics-Provider","Applying package 'Power.Settings.Sleep.ppkg' ID: {3742e5e8-6d9d-473b-99a6-8ecc0f43548a}."
"08-06-2026 20:47:39","20","Information","Microsoft-Windows-Provisioning-Diagnostics-Provider","Applying package 'Power.Settings.Processor.ppkg' ID: {fc01e91f-914c-45af-9d7c-0b2e5fbedf62}."
"08-06-2026 20:47:39","20","Information","Microsoft-Windows-Provisioning-Diagnostics-Provider","Applying package 'Power.Settings.Processor.Intel.ppkg' ID: {fc01e91f-914c-45af-9d7c-0b2e5fbedf64}."
"08-06-2026 20:47:39","20","Information","Microsoft-Windows-Provisioning-Diagnostics-Provider","Applying package 'Power.Settings.Processor.Amd.ppkg' ID: {fc01e91f-914c-45af-9d7c-0b2e5fbedf63}."
"08-06-2026 20:47:39","20","Information","Microsoft-Windows-Provisioning-Diagnostics-Provider","Applying package 'Power.Settings.PCIExpress.ppkg' ID: {268c43e1-aa2b-4036-86ef-8cda98a0c2fe}."
"08-06-2026 20:47:39","20","Information","Microsoft-Windows-Provisioning-Diagnostics-Provider","Applying package 'Power.Settings.IdleResiliency.ppkg' ID: {f11899f2-71ec-4621-9997-e17ae2f6eb26}."
"08-06-2026 20:47:39","20","Information","Microsoft-Windows-Provisioning-Diagnostics-Provider","Applying package 'Power.Settings.Graphics.ppkg' ID: {bf56ce5a-946b-45b5-858a-1794eb0125e2}."
"08-06-2026 20:47:39","20","Information","Microsoft-Windows-Provisioning-Diagnostics-Provider","Applying package 'Power.Settings.Display.ppkg' ID: {23cb517f-5073-4e96-a202-7fe6122a2271}."
"08-06-2026 20:47:39","20","Information","Microsoft-Windows-Provisioning-Diagnostics-Provider","Applying package 'Power.Settings.Disk.ppkg' ID: {9df6a4ed-fc16-48bf-8b24-6e2ad2bfcfea}."
"08-06-2026 20:47:39","20","Information","Microsoft-Windows-Provisioning-Diagnostics-Provider","Applying package 'Power.Settings.Control.ppkg' ID: {5f568920-10ad-4dc0-a97e-b78a3255c351}."
"08-06-2026 20:47:39","20","Information","Microsoft-Windows-Provisioning-Diagnostics-Provider","Applying package 'Power.Settings.Button.ppkg' ID: {18dcffd4-37d6-4bc6-87e0-4266fdbb8e49}."
"08-06-2026 20:47:39","20","Information","Microsoft-Windows-Provisioning-Diagnostics-Provider","Applying package 'Power.Settings.Battery.ppkg' ID: {7a30a9be-737f-47a1-a541-6e7b0761ed19}."
"08-06-2026 20:47:39","20","Information","Microsoft-Windows-Provisioning-Diagnostics-Provider","Applying package 'Power.EnergyEstimationEngine.Wifi.ppkg' ID: {b0b9123d-7d7f-4c6b-9973-ceced46f2a09}."
"08-06-2026 20:47:39","20","Information","Microsoft-Windows-Provisioning-Diagnostics-Provider","Applying package 'Power.EnergyEstimationEngine.Telemetry.ppkg' ID: {8fb7d64e-70fc-4f9d-89ee-d486817534df}."
"08-06-2026 20:47:39","20","Information","Microsoft-Windows-Provisioning-Diagnostics-Provider","Applying package 'Power.EnergyEstimationEngine.Storage.ppkg' ID: {9aec5bda-1e87-46b3-bb96-1a01c606555e}."
"08-06-2026 20:47:39","20","Information","Microsoft-Windows-Provisioning-Diagnostics-Provider","Applying package 'Power.EnergyEstimationEngine.StandbyActivation.ppkg' ID: {8d196d7f-3eef-48ad-8bea-be749f12d3ad}."
"08-06-2026 20:47:39","20","Information","Microsoft-Windows-Provisioning-Diagnostics-Provider","Applying package 'Power.EnergyEstimationEngine.MBB.ppkg' ID: {99b095d8-5959-4820-bea7-7448c8427b4e}."
"08-06-2026 20:47:39","20","Information","Microsoft-Windows-Provisioning-Diagnostics-Provider","Applying package 'Power.EnergyEstimationEngine.Display.ppkg' ID: {ee4aac98-c174-4941-82b1-d121e493e4fb}."
"08-06-2026 20:47:39","20","Information","Microsoft-Windows-Provisioning-Diagnostics-Provider","Applying package 'Power.EnergyEstimationEngine.CPU.ppkg' ID: {c5dc3753-b6c8-4057-b396-bf13d769311c}."
"08-06-2026 20:47:39","20","Information","Microsoft-Windows-Provisioning-Diagnostics-Provider","Applying package 'Power.EnergyEstimationEngine.Control.ppkg' ID: {1e05dd5d-a022-46c5-963c-b20de341170f}."
"08-06-2026 20:47:39","20","Information","Microsoft-Windows-Provisioning-Diagnostics-Provider","Applying package 'Dell.Power.Performance.Intel.ppkg' ID: {14a95970-b75d-4fec-9d4c-309d1052444e}."
"08-06-2026 20:47:37","90","Information","Microsoft-Windows-Provisioning-Diagnostics-Provider","Settings detail.
source = LogonIdleTask.
packageIdToDelete = <Not Present>.
packagePathsToAdd = <Not Present>."
"08-06-2026 16:49:26","11","Information","Microsoft-Windows-Provisioning-Diagnostics-Provider","ProvXML category 'PowerSettings' completed successfully. Provisioning succeeded"
"08-06-2026 16:49:25","10","Information","Microsoft-Windows-Provisioning-Diagnostics-Provider","Configuring ProvXML with category 'PowerSettings'.

ProvXML data:
MCSF/Power/Policy/Settings/Processor/SchemePersonality/381b4222-f694-41f0-9685-ff5bb260df2e/336c7511-f109-4172-bb3a-3ea51f815ada/SchedulingPolicy/AcValueMCSF/Power/Policy/Settings/Processor/SchemePersonality/381b4222-f694-41f0-9685-ff5bb260df2e/336c7511-f109-4172-bb3a-3ea51f815ada/SchedulingPolicy/DcValueMCSF/Power/Policy/Settings/Processor/SchemePersonality/381b4222-f694-41f0-9685-ff5bb260df2e/336c7511-f109-4172-bb3a-3ea51f815ada/ShortSchedulingPolicy/AcValueMCSF/Power/Policy/Settings/Processor/SchemePersonality/381b4222-f694-41f0-9685-ff5bb260df2e/336c7511-f109-4172-bb3a-3ea51f815ada/ShortSchedulingPolicy/DcValueMCSF/Power/Policy/Settings/Processor/SchemePersonality/381b4222-f694-41f0-9685-ff5bb260df2e/33cc3a0d-45ee-43ca-86c4-695bfc9a313b/SchedulingPolicy/AcValueMCSF/Power/Policy/Settings/Processor/SchemePersonality/381b4222-f694-41f0-9685-ff5bb260df2e/33cc3a0d-45ee-43ca-86c4-695bfc9a313b/SchedulingPolicy/DcValueMCSF/Power/Policy/Settings/Processor/SchemePersonality/381b4222-f694-41f0-9685-ff5bb260df2e/33cc3a0d-45ee-43ca-86c4-695bfc9a313b/ShortSchedulingPolicy/AcValueMCSF/Power/Policy/Settings/Processor/SchemePersonality/381b4222-f694-41f0-9685-ff5bb260df2e/33cc3a0d-45ee-43ca-86c4-695bfc9a313b/ShortSchedulingPolicy/DcValue"
"08-06-2026 16:49:25","91","Information","Microsoft-Windows-Provisioning-Diagnostics-Provider","RegisterForCspAlerts succeeded. EnrollmentId = {14a95970-b75d-4fec-9d4c-309d1052444e}."
"08-06-2026 16:49:25","20","Information","Microsoft-Windows-Provisioning-Diagnostics-Provider","Applying package 'Dell.Power.Performance.Intel.ppkg' ID: {14a95970-b75d-4fec-9d4c-309d1052444e}."
"08-06-2026 16:49:25","90","Information","Microsoft-Windows-Provisioning-Diagnostics-Provider","Settings detail.
source = <Not Present>.
packageIdToDelete = <Not Present>.
packagePathsToAdd = <Not Present>."
"08-06-2026 16:49:24","20","Information","Microsoft-Windows-Provisioning-Diagnostics-Provider","Applying package 'Microsoft.Windows.Cosa.Desktop.Client.ppkg' ID: {c8a326e4-f518-4f14-b543-97a57e1a975e}."
"08-06-2026 16:49:24","20","Information","Microsoft-Windows-Provisioning-Diagnostics-Provider","Applying package 'SecureStart.Settings.ppkg' ID: {eb7d7f2f-3b77-4b87-b301-fd0d336f709a}."
"08-06-2026 16:49:24","20","Information","Microsoft-Windows-Provisioning-Diagnostics-Provider","Applying package 'PPM-Win11-24H2-ARL.Corp-v2025.0702122400.0b23d2b.ppkg' ID: {6298f460-b760-45e0-944d-069a6f1385f8}."
"08-06-2026 16:49:24","20","Information","Microsoft-Windows-Provisioning-Diagnostics-Provider","Applying package 'Power.Settings.Sleep.ppkg' ID: {3742e5e8-6d9d-473b-99a6-8ecc0f43548a}."
"08-06-2026 16:49:24","20","Information","Microsoft-Windows-Provisioning-Diagnostics-Provider","Applying package 'Power.Settings.Processor.ppkg' ID: {fc01e91f-914c-45af-9d7c-0b2e5fbedf62}."
"08-06-2026 16:49:24","20","Information","Microsoft-Windows-Provisioning-Diagnostics-Provider","Applying package 'Power.Settings.Processor.Intel.ppkg' ID: {fc01e91f-914c-45af-9d7c-0b2e5fbedf64}."
"08-06-2026 16:49:24","20","Information","Microsoft-Windows-Provisioning-Diagnostics-Provider","Applying package 'Power.Settings.Processor.Amd.ppkg' ID: {fc01e91f-914c-45af-9d7c-0b2e5fbedf63}."
"08-06-2026 16:49:24","20","Information","Microsoft-Windows-Provisioning-Diagnostics-Provider","Applying package 'Power.Settings.PCIExpress.ppkg' ID: {268c43e1-aa2b-4036-86ef-8cda98a0c2fe}."
"08-06-2026 16:49:24","20","Information","Microsoft-Windows-Provisioning-Diagnostics-Provider","Applying package 'Power.Settings.IdleResiliency.ppkg' ID: {f11899f2-71ec-4621-9997-e17ae2f6eb26}."
"08-06-2026 16:49:24","20","Information","Microsoft-Windows-Provisioning-Diagnostics-Provider","Applying package 'Power.Settings.Graphics.ppkg' ID: {bf56ce5a-946b-45b5-858a-1794eb0125e2}."
"08-06-2026 16:49:24","20","Information","Microsoft-Windows-Provisioning-Diagnostics-Provider","Applying package 'Power.Settings.Display.ppkg' ID: {23cb517f-5073-4e96-a202-7fe6122a2271}."
"08-06-2026 16:49:24","20","Information","Microsoft-Windows-Provisioning-Diagnostics-Provider","Applying package 'Power.Settings.Disk.ppkg' ID: {9df6a4ed-fc16-48bf-8b24-6e2ad2bfcfea}."
"08-06-2026 16:49:24","20","Information","Microsoft-Windows-Provisioning-Diagnostics-Provider","Applying package 'Power.Settings.Control.ppkg' ID: {5f568920-10ad-4dc0-a97e-b78a3255c351}."
"08-06-2026 16:49:24","20","Information","Microsoft-Windows-Provisioning-Diagnostics-Provider","Applying package 'Power.Settings.Button.ppkg' ID: {18dcffd4-37d6-4bc6-87e0-4266fdbb8e49}."
"08-06-2026 16:49:24","20","Information","Microsoft-Windows-Provisioning-Diagnostics-Provider","Applying package 'Power.Settings.Battery.ppkg' ID: {7a30a9be-737f-47a1-a541-6e7b0761ed19}."
"08-06-2026 16:49:24","20","Information","Microsoft-Windows-Provisioning-Diagnostics-Provider","Applying package 'Power.EnergyEstimationEngine.Wifi.ppkg' ID: {b0b9123d-7d7f-4c6b-9973-ceced46f2a09}."
"08-06-2026 16:49:24","20","Information","Microsoft-Windows-Provisioning-Diagnostics-Provider","Applying package 'Power.EnergyEstimationEngine.Telemetry.ppkg' ID: {8fb7d64e-70fc-4f9d-89ee-d486817534df}."
"08-06-2026 16:49:24","20","Information","Microsoft-Windows-Provisioning-Diagnostics-Provider","Applying package 'Power.EnergyEstimationEngine.Storage.ppkg' ID: {9aec5bda-1e87-46b3-bb96-1a01c606555e}."
"08-06-2026 16:49:24","20","Information","Microsoft-Windows-Provisioning-Diagnostics-Provider","Applying package 'Power.EnergyEstimationEngine.StandbyActivation.ppkg' ID: {8d196d7f-3eef-48ad-8bea-be749f12d3ad}."
"08-06-2026 16:49:24","20","Information","Microsoft-Windows-Provisioning-Diagnostics-Provider","Applying package 'Power.EnergyEstimationEngine.MBB.ppkg' ID: {99b095d8-5959-4820-bea7-7448c8427b4e}."
"08-06-2026 16:49:24","20","Information","Microsoft-Windows-Provisioning-Diagnostics-Provider","Applying package 'Power.EnergyEstimationEngine.Display.ppkg' ID: {ee4aac98-c174-4941-82b1-d121e493e4fb}."
"08-06-2026 16:49:24","20","Information","Microsoft-Windows-Provisioning-Diagnostics-Provider","Applying package 'Power.EnergyEstimationEngine.CPU.ppkg' ID: {c5dc3753-b6c8-4057-b396-bf13d769311c}."
"08-06-2026 16:49:24","20","Information","Microsoft-Windows-Provisioning-Diagnostics-Provider","Applying package 'Power.EnergyEstimationEngine.Control.ppkg' ID: {1e05dd5d-a022-46c5-963c-b20de341170f}."
"08-06-2026 16:49:24","90","Information","Microsoft-Windows-Provisioning-Diagnostics-Provider","Settings detail.
source = ContinueSessionTask.
packageIdToDelete = <Not Present>.
packagePathsToAdd = <Not Present>."
"08-06-2026 16:49:17","90","Information","Microsoft-Windows-Provisioning-Diagnostics-Provider","Settings detail.
source = PSCmdlet.
packageIdToDelete = {4b809b12-e4e1-4c9f-bde4-69dbeef0c820}.
packagePathsToAdd = <Not Present>."
"08-06-2026 09:59:15","20","Information","Microsoft-Windows-Provisioning-Diagnostics-Provider","Applying package 'Microsoft.Windows.Cosa.Desktop.Client.ppkg' ID: {c8a326e4-f518-4f14-b543-97a57e1a975e}."
"08-06-2026 09:59:15","20","Information","Microsoft-Windows-Provisioning-Diagnostics-Provider","Applying package 'SecureStart.Settings.ppkg' ID: {eb7d7f2f-3b77-4b87-b301-fd0d336f709a}."
"08-06-2026 09:59:15","20","Information","Microsoft-Windows-Provisioning-Diagnostics-Provider","Applying package 'PPM-Win11-24H2-ARL.Corp-v2025.0702122400.0b23d2b.ppkg' ID: {6298f460-b760-45e0-944d-069a6f1385f8}."
"08-06-2026 09:59:15","20","Information","Microsoft-Windows-Provisioning-Diagnostics-Provider","Applying package 'Power.Settings.Sleep.ppkg' ID: {3742e5e8-6d9d-473b-99a6-8ecc0f43548a}."
"08-06-2026 09:59:15","20","Information","Microsoft-Windows-Provisioning-Diagnostics-Provider","Applying package 'Power.Settings.Processor.ppkg' ID: {fc01e91f-914c-45af-9d7c-0b2e5fbedf62}."
"08-06-2026 09:59:15","20","Information","Microsoft-Windows-Provisioning-Diagnostics-Provider","Applying package 'Power.Settings.Processor.Intel.ppkg' ID: {fc01e91f-914c-45af-9d7c-0b2e5fbedf64}."
"08-06-2026 09:59:15","20","Information","Microsoft-Windows-Provisioning-Diagnostics-Provider","Applying package 'Power.Settings.Processor.Amd.ppkg' ID: {fc01e91f-914c-45af-9d7c-0b2e5fbedf63}."
"08-06-2026 09:59:15","20","Information","Microsoft-Windows-Provisioning-Diagnostics-Provider","Applying package 'Power.Settings.PCIExpress.ppkg' ID: {268c43e1-aa2b-4036-86ef-8cda98a0c2fe}."
"08-06-2026 09:59:15","20","Information","Microsoft-Windows-Provisioning-Diagnostics-Provider","Applying package 'Power.Settings.IdleResiliency.ppkg' ID: {f11899f2-71ec-4621-9997-e17ae2f6eb26}."
"08-06-2026 09:59:15","20","Information","Microsoft-Windows-Provisioning-Diagnostics-Provider","Applying package 'Power.Settings.Graphics.ppkg' ID: {bf56ce5a-946b-45b5-858a-1794eb0125e2}."
"08-06-2026 09:59:15","20","Information","Microsoft-Windows-Provisioning-Diagnostics-Provider","Applying package 'Power.Settings.Display.ppkg' ID: {23cb517f-5073-4e96-a202-7fe6122a2271}."
"08-06-2026 09:59:15","20","Information","Microsoft-Windows-Provisioning-Diagnostics-Provider","Applying package 'Power.Settings.Disk.ppkg' ID: {9df6a4ed-fc16-48bf-8b24-6e2ad2bfcfea}."
"08-06-2026 09:59:15","20","Information","Microsoft-Windows-Provisioning-Diagnostics-Provider","Applying package 'Power.Settings.Control.ppkg' ID: {5f568920-10ad-4dc0-a97e-b78a3255c351}."
"08-06-2026 09:59:15","20","Information","Microsoft-Windows-Provisioning-Diagnostics-Provider","Applying package 'Power.Settings.Button.ppkg' ID: {18dcffd4-37d6-4bc6-87e0-4266fdbb8e49}."
"08-06-2026 09:59:15","20","Information","Microsoft-Windows-Provisioning-Diagnostics-Provider","Applying package 'Power.Settings.Battery.ppkg' ID: {7a30a9be-737f-47a1-a541-6e7b0761ed19}."
"08-06-2026 09:59:15","20","Information","Microsoft-Windows-Provisioning-Diagnostics-Provider","Applying package 'Power.EnergyEstimationEngine.Wifi.ppkg' ID: {b0b9123d-7d7f-4c6b-9973-ceced46f2a09}."
"08-06-2026 09:59:15","20","Information","Microsoft-Windows-Provisioning-Diagnostics-Provider","Applying package 'Power.EnergyEstimationEngine.Telemetry.ppkg' ID: {8fb7d64e-70fc-4f9d-89ee-d486817534df}."
"08-06-2026 09:59:15","20","Information","Microsoft-Windows-Provisioning-Diagnostics-Provider","Applying package 'Power.EnergyEstimationEngine.Storage.ppkg' ID: {9aec5bda-1e87-46b3-bb96-1a01c606555e}."
"08-06-2026 09:59:15","20","Information","Microsoft-Windows-Provisioning-Diagnostics-Provider","Applying package 'Power.EnergyEstimationEngine.StandbyActivation.ppkg' ID: {8d196d7f-3eef-48ad-8bea-be749f12d3ad}."
"08-06-2026 09:59:15","20","Information","Microsoft-Windows-Provisioning-Diagnostics-Provider","Applying package 'Power.EnergyEstimationEngine.MBB.ppkg' ID: {99b095d8-5959-4820-bea7-7448c8427b4e}."
"08-06-2026 09:59:15","20","Information","Microsoft-Windows-Provisioning-Diagnostics-Provider","Applying package 'Power.EnergyEstimationEngine.Display.ppkg' ID: {ee4aac98-c174-4941-82b1-d121e493e4fb}."
"08-06-2026 09:59:15","20","Information","Microsoft-Windows-Provisioning-Diagnostics-Provider","Applying package 'Power.EnergyEstimationEngine.CPU.ppkg' ID: {c5dc3753-b6c8-4057-b396-bf13d769311c}."
"08-06-2026 09:59:15","20","Information","Microsoft-Windows-Provisioning-Diagnostics-Provider","Applying package 'Power.EnergyEstimationEngine.Control.ppkg' ID: {1e05dd5d-a022-46c5-963c-b20de341170f}."
"08-06-2026 09:59:13","90","Information","Microsoft-Windows-Provisioning-Diagnostics-Provider","Settings detail.
source = LogonIdleTask.
packageIdToDelete = <Not Present>.
packagePathsToAdd = <Not Present>."
"03-06-2026 11:30:53","20","Information","Microsoft-Windows-Provisioning-Diagnostics-Provider","Applying package 'Microsoft.Windows.Cosa.Desktop.Client.ppkg' ID: {c8a326e4-f518-4f14-b543-97a57e1a975e}."
"03-06-2026 11:30:53","20","Information","Microsoft-Windows-Provisioning-Diagnostics-Provider","Applying package 'SecureStart.Settings.ppkg' ID: {eb7d7f2f-3b77-4b87-b301-fd0d336f709a}."
"03-06-2026 11:30:53","20","Information","Microsoft-Windows-Provisioning-Diagnostics-Provider","Applying package 'PPM-Win11-24H2-ARL.Corp-v2025.0702122400.0b23d2b.ppkg' ID: {6298f460-b760-45e0-944d-069a6f1385f8}."
"03-06-2026 11:30:53","20","Information","Microsoft-Windows-Provisioning-Diagnostics-Provider","Applying package 'Power.Settings.Sleep.ppkg' ID: {3742e5e8-6d9d-473b-99a6-8ecc0f43548a}."
"03-06-2026 11:30:53","20","Information","Microsoft-Windows-Provisioning-Diagnostics-Provider","Applying package 'Power.Settings.Processor.ppkg' ID: {fc01e91f-914c-45af-9d7c-0b2e5fbedf62}."
"03-06-2026 11:30:53","20","Information","Microsoft-Windows-Provisioning-Diagnostics-Provider","Applying package 'Power.Settings.Processor.Intel.ppkg' ID: {fc01e91f-914c-45af-9d7c-0b2e5fbedf64}."
"03-06-2026 11:30:53","20","Information","Microsoft-Windows-Provisioning-Diagnostics-Provider","Applying package 'Power.Settings.Processor.Amd.ppkg' ID: {fc01e91f-914c-45af-9d7c-0b2e5fbedf63}."
"03-06-2026 11:30:53","20","Information","Microsoft-Windows-Provisioning-Diagnostics-Provider","Applying package 'Power.Settings.PCIExpress.ppkg' ID: {268c43e1-aa2b-4036-86ef-8cda98a0c2fe}."
"03-06-2026 11:30:53","20","Information","Microsoft-Windows-Provisioning-Diagnostics-Provider","Applying package 'Power.Settings.IdleResiliency.ppkg' ID: {f11899f2-71ec-4621-9997-e17ae2f6eb26}."
"03-06-2026 11:30:53","20","Information","Microsoft-Windows-Provisioning-Diagnostics-Provider","Applying package 'Power.Settings.Graphics.ppkg' ID: {bf56ce5a-946b-45b5-858a-1794eb0125e2}."
"03-06-2026 11:30:53","20","Information","Microsoft-Windows-Provisioning-Diagnostics-Provider","Applying package 'Power.Settings.Display.ppkg' ID: {23cb517f-5073-4e96-a202-7fe6122a2271}."
"03-06-2026 11:30:53","20","Information","Microsoft-Windows-Provisioning-Diagnostics-Provider","Applying package 'Power.Settings.Disk.ppkg' ID: {9df6a4ed-fc16-48bf-8b24-6e2ad2bfcfea}."
"03-06-2026 11:30:53","20","Information","Microsoft-Windows-Provisioning-Diagnostics-Provider","Applying package 'Power.Settings.Control.ppkg' ID: {5f568920-10ad-4dc0-a97e-b78a3255c351}."
"03-06-2026 11:30:53","20","Information","Microsoft-Windows-Provisioning-Diagnostics-Provider","Applying package 'Power.Settings.Button.ppkg' ID: {18dcffd4-37d6-4bc6-87e0-4266fdbb8e49}."
"03-06-2026 11:30:53","20","Information","Microsoft-Windows-Provisioning-Diagnostics-Provider","Applying package 'Power.Settings.Battery.ppkg' ID: {7a30a9be-737f-47a1-a541-6e7b0761ed19}."
"03-06-2026 11:30:53","20","Information","Microsoft-Windows-Provisioning-Diagnostics-Provider","Applying package 'Power.EnergyEstimationEngine.Wifi.ppkg' ID: {b0b9123d-7d7f-4c6b-9973-ceced46f2a09}."
"03-06-2026 11:30:53","20","Information","Microsoft-Windows-Provisioning-Diagnostics-Provider","Applying package 'Power.EnergyEstimationEngine.Telemetry.ppkg' ID: {8fb7d64e-70fc-4f9d-89ee-d486817534df}."
"03-06-2026 11:30:53","20","Information","Microsoft-Windows-Provisioning-Diagnostics-Provider","Applying package 'Power.EnergyEstimationEngine.Storage.ppkg' ID: {9aec5bda-1e87-46b3-bb96-1a01c606555e}."
"03-06-2026 11:30:53","20","Information","Microsoft-Windows-Provisioning-Diagnostics-Provider","Applying package 'Power.EnergyEstimationEngine.StandbyActivation.ppkg' ID: {8d196d7f-3eef-48ad-8bea-be749f12d3ad}."
"03-06-2026 11:30:53","20","Information","Microsoft-Windows-Provisioning-Diagnostics-Provider","Applying package 'Power.EnergyEstimationEngine.MBB.ppkg' ID: {99b095d8-5959-4820-bea7-7448c8427b4e}."
"03-06-2026 11:30:53","20","Information","Microsoft-Windows-Provisioning-Diagnostics-Provider","Applying package 'Power.EnergyEstimationEngine.Display.ppkg' ID: {ee4aac98-c174-4941-82b1-d121e493e4fb}."
"03-06-2026 11:30:53","20","Information","Microsoft-Windows-Provisioning-Diagnostics-Provider","Applying package 'Power.EnergyEstimationEngine.CPU.ppkg' ID: {c5dc3753-b6c8-4057-b396-bf13d769311c}."
"03-06-2026 11:30:53","20","Information","Microsoft-Windows-Provisioning-Diagnostics-Provider","Applying package 'Power.EnergyEstimationEngine.Control.ppkg' ID: {1e05dd5d-a022-46c5-963c-b20de341170f}."
"03-06-2026 11:30:51","90","Information","Microsoft-Windows-Provisioning-Diagnostics-Provider","Settings detail.
source = LogonIdleTask.
packageIdToDelete = <Not Present>.
packagePathsToAdd = <Not Present>."
"03-06-2026 00:26:42","20","Information","Microsoft-Windows-Provisioning-Diagnostics-Provider","Applying package 'Microsoft.Windows.Cosa.Desktop.Client.ppkg' ID: {c8a326e4-f518-4f14-b543-97a57e1a975e}."
"03-06-2026 00:26:42","20","Information","Microsoft-Windows-Provisioning-Diagnostics-Provider","Applying package 'SecureStart.Settings.ppkg' ID: {eb7d7f2f-3b77-4b87-b301-fd0d336f709a}."
"03-06-2026 00:26:42","20","Information","Microsoft-Windows-Provisioning-Diagnostics-Provider","Applying package 'PPM-Win11-24H2-ARL.Corp-v2025.0702122400.0b23d2b.ppkg' ID: {6298f460-b760-45e0-944d-069a6f1385f8}."
"03-06-2026 00:26:42","20","Information","Microsoft-Windows-Provisioning-Diagnostics-Provider","Applying package 'Power.Settings.Sleep.ppkg' ID: {3742e5e8-6d9d-473b-99a6-8ecc0f43548a}."
"03-06-2026 00:26:42","20","Information","Microsoft-Windows-Provisioning-Diagnostics-Provider","Applying package 'Power.Settings.Processor.ppkg' ID: {fc01e91f-914c-45af-9d7c-0b2e5fbedf62}."
"03-06-2026 00:26:42","20","Information","Microsoft-Windows-Provisioning-Diagnostics-Provider","Applying package 'Power.Settings.Processor.Intel.ppkg' ID: {fc01e91f-914c-45af-9d7c-0b2e5fbedf64}."
"03-06-2026 00:26:42","20","Information","Microsoft-Windows-Provisioning-Diagnostics-Provider","Applying package 'Power.Settings.Processor.Amd.ppkg' ID: {fc01e91f-914c-45af-9d7c-0b2e5fbedf63}."
"03-06-2026 00:26:42","20","Information","Microsoft-Windows-Provisioning-Diagnostics-Provider","Applying package 'Power.Settings.PCIExpress.ppkg' ID: {268c43e1-aa2b-4036-86ef-8cda98a0c2fe}."
"03-06-2026 00:26:42","20","Information","Microsoft-Windows-Provisioning-Diagnostics-Provider","Applying package 'Power.Settings.IdleResiliency.ppkg' ID: {f11899f2-71ec-4621-9997-e17ae2f6eb26}."
"03-06-2026 00:26:42","20","Information","Microsoft-Windows-Provisioning-Diagnostics-Provider","Applying package 'Power.Settings.Graphics.ppkg' ID: {bf56ce5a-946b-45b5-858a-1794eb0125e2}."
"03-06-2026 00:26:42","20","Information","Microsoft-Windows-Provisioning-Diagnostics-Provider","Applying package 'Power.Settings.Display.ppkg' ID: {23cb517f-5073-4e96-a202-7fe6122a2271}."
"03-06-2026 00:26:42","20","Information","Microsoft-Windows-Provisioning-Diagnostics-Provider","Applying package 'Power.Settings.Disk.ppkg' ID: {9df6a4ed-fc16-48bf-8b24-6e2ad2bfcfea}."
"03-06-2026 00:26:42","20","Information","Microsoft-Windows-Provisioning-Diagnostics-Provider","Applying package 'Power.Settings.Control.ppkg' ID: {5f568920-10ad-4dc0-a97e-b78a3255c351}."
"03-06-2026 00:26:42","20","Information","Microsoft-Windows-Provisioning-Diagnostics-Provider","Applying package 'Power.Settings.Button.ppkg' ID: {18dcffd4-37d6-4bc6-87e0-4266fdbb8e49}."
"03-06-2026 00:26:42","20","Information","Microsoft-Windows-Provisioning-Diagnostics-Provider","Applying package 'Power.Settings.Battery.ppkg' ID: {7a30a9be-737f-47a1-a541-6e7b0761ed19}."
"03-06-2026 00:26:42","20","Information","Microsoft-Windows-Provisioning-Diagnostics-Provider","Applying package 'Power.EnergyEstimationEngine.Wifi.ppkg' ID: {b0b9123d-7d7f-4c6b-9973-ceced46f2a09}."
"03-06-2026 00:26:42","20","Information","Microsoft-Windows-Provisioning-Diagnostics-Provider","Applying package 'Power.EnergyEstimationEngine.Telemetry.ppkg' ID: {8fb7d64e-70fc-4f9d-89ee-d486817534df}."
"03-06-2026 00:26:42","20","Information","Microsoft-Windows-Provisioning-Diagnostics-Provider","Applying package 'Power.EnergyEstimationEngine.Storage.ppkg' ID: {9aec5bda-1e87-46b3-bb96-1a01c606555e}."
"03-06-2026 00:26:42","20","Information","Microsoft-Windows-Provisioning-Diagnostics-Provider","Applying package 'Power.EnergyEstimationEngine.StandbyActivation.ppkg' ID: {8d196d7f-3eef-48ad-8bea-be749f12d3ad}."
"03-06-2026 00:26:42","20","Information","Microsoft-Windows-Provisioning-Diagnostics-Provider","Applying package 'Power.EnergyEstimationEngine.MBB.ppkg' ID: {99b095d8-5959-4820-bea7-7448c8427b4e}."
"03-06-2026 00:26:42","20","Information","Microsoft-Windows-Provisioning-Diagnostics-Provider","Applying package 'Power.EnergyEstimationEngine.Display.ppkg' ID: {ee4aac98-c174-4941-82b1-d121e493e4fb}."
"03-06-2026 00:26:42","20","Information","Microsoft-Windows-Provisioning-Diagnostics-Provider","Applying package 'Power.EnergyEstimationEngine.CPU.ppkg' ID: {c5dc3753-b6c8-4057-b396-bf13d769311c}."
"03-06-2026 00:26:42","20","Information","Microsoft-Windows-Provisioning-Diagnostics-Provider","Applying package 'Power.EnergyEstimationEngine.Control.ppkg' ID: {1e05dd5d-a022-46c5-963c-b20de341170f}."
"03-06-2026 00:26:41","90","Information","Microsoft-Windows-Provisioning-Diagnostics-Provider","Settings detail.
source = LogonIdleTask.
packageIdToDelete = <Not Present>.
packagePathsToAdd = <Not Present>."
"02-06-2026 10:31:26","20","Information","Microsoft-Windows-Provisioning-Diagnostics-Provider","Applying package 'Microsoft.Windows.Cosa.Desktop.Client.ppkg' ID: {c8a326e4-f518-4f14-b543-97a57e1a975e}."
"02-06-2026 10:31:26","20","Information","Microsoft-Windows-Provisioning-Diagnostics-Provider","Applying package 'SecureStart.Settings.ppkg' ID: {eb7d7f2f-3b77-4b87-b301-fd0d336f709a}."
"02-06-2026 10:31:26","20","Information","Microsoft-Windows-Provisioning-Diagnostics-Provider","Applying package 'PPM-Win11-24H2-ARL.Corp-v2025.0702122400.0b23d2b.ppkg' ID: {6298f460-b760-45e0-944d-069a6f1385f8}."
"02-06-2026 10:31:26","20","Information","Microsoft-Windows-Provisioning-Diagnostics-Provider","Applying package 'Power.Settings.Sleep.ppkg' ID: {3742e5e8-6d9d-473b-99a6-8ecc0f43548a}."
"02-06-2026 10:31:26","20","Information","Microsoft-Windows-Provisioning-Diagnostics-Provider","Applying package 'Power.Settings.Processor.ppkg' ID: {fc01e91f-914c-45af-9d7c-0b2e5fbedf62}."
"02-06-2026 10:31:26","20","Information","Microsoft-Windows-Provisioning-Diagnostics-Provider","Applying package 'Power.Settings.Processor.Intel.ppkg' ID: {fc01e91f-914c-45af-9d7c-0b2e5fbedf64}."
"02-06-2026 10:31:26","20","Information","Microsoft-Windows-Provisioning-Diagnostics-Provider","Applying package 'Power.Settings.Processor.Amd.ppkg' ID: {fc01e91f-914c-45af-9d7c-0b2e5fbedf63}."
"02-06-2026 10:31:26","20","Information","Microsoft-Windows-Provisioning-Diagnostics-Provider","Applying package 'Power.Settings.PCIExpress.ppkg' ID: {268c43e1-aa2b-4036-86ef-8cda98a0c2fe}."
"02-06-2026 10:31:26","20","Information","Microsoft-Windows-Provisioning-Diagnostics-Provider","Applying package 'Power.Settings.IdleResiliency.ppkg' ID: {f11899f2-71ec-4621-9997-e17ae2f6eb26}."
"02-06-2026 10:31:26","20","Information","Microsoft-Windows-Provisioning-Diagnostics-Provider","Applying package 'Power.Settings.Graphics.ppkg' ID: {bf56ce5a-946b-45b5-858a-1794eb0125e2}."
"02-06-2026 10:31:26","20","Information","Microsoft-Windows-Provisioning-Diagnostics-Provider","Applying package 'Power.Settings.Display.ppkg' ID: {23cb517f-5073-4e96-a202-7fe6122a2271}."
"02-06-2026 10:31:26","20","Information","Microsoft-Windows-Provisioning-Diagnostics-Provider","Applying package 'Power.Settings.Disk.ppkg' ID: {9df6a4ed-fc16-48bf-8b24-6e2ad2bfcfea}."
"02-06-2026 10:31:26","20","Information","Microsoft-Windows-Provisioning-Diagnostics-Provider","Applying package 'Power.Settings.Control.ppkg' ID: {5f568920-10ad-4dc0-a97e-b78a3255c351}."
"02-06-2026 10:31:26","20","Information","Microsoft-Windows-Provisioning-Diagnostics-Provider","Applying package 'Power.Settings.Button.ppkg' ID: {18dcffd4-37d6-4bc6-87e0-4266fdbb8e49}."
"02-06-2026 10:31:26","20","Information","Microsoft-Windows-Provisioning-Diagnostics-Provider","Applying package 'Power.Settings.Battery.ppkg' ID: {7a30a9be-737f-47a1-a541-6e7b0761ed19}."
"02-06-2026 10:31:26","20","Information","Microsoft-Windows-Provisioning-Diagnostics-Provider","Applying package 'Power.EnergyEstimationEngine.Wifi.ppkg' ID: {b0b9123d-7d7f-4c6b-9973-ceced46f2a09}."
"02-06-2026 10:31:26","20","Information","Microsoft-Windows-Provisioning-Diagnostics-Provider","Applying package 'Power.EnergyEstimationEngine.Telemetry.ppkg' ID: {8fb7d64e-70fc-4f9d-89ee-d486817534df}."
"02-06-2026 10:31:26","20","Information","Microsoft-Windows-Provisioning-Diagnostics-Provider","Applying package 'Power.EnergyEstimationEngine.Storage.ppkg' ID: {9aec5bda-1e87-46b3-bb96-1a01c606555e}."
"02-06-2026 10:31:26","20","Information","Microsoft-Windows-Provisioning-Diagnostics-Provider","Applying package 'Power.EnergyEstimationEngine.StandbyActivation.ppkg' ID: {8d196d7f-3eef-48ad-8bea-be749f12d3ad}."
"02-06-2026 10:31:26","20","Information","Microsoft-Windows-Provisioning-Diagnostics-Provider","Applying package 'Power.EnergyEstimationEngine.MBB.ppkg' ID: {99b095d8-5959-4820-bea7-7448c8427b4e}."
"02-06-2026 10:31:26","20","Information","Microsoft-Windows-Provisioning-Diagnostics-Provider","Applying package 'Power.EnergyEstimationEngine.Display.ppkg' ID: {ee4aac98-c174-4941-82b1-d121e493e4fb}."
"02-06-2026 10:31:26","20","Information","Microsoft-Windows-Provisioning-Diagnostics-Provider","Applying package 'Power.EnergyEstimationEngine.CPU.ppkg' ID: {c5dc3753-b6c8-4057-b396-bf13d769311c}."
"02-06-2026 10:31:26","20","Information","Microsoft-Windows-Provisioning-Diagnostics-Provider","Applying package 'Power.EnergyEstimationEngine.Control.ppkg' ID: {1e05dd5d-a022-46c5-963c-b20de341170f}."
"02-06-2026 10:31:24","90","Information","Microsoft-Windows-Provisioning-Diagnostics-Provider","Settings detail.
source = LogonIdleTask.
packageIdToDelete = <Not Present>.
packagePathsToAdd = <Not Present>."
"01-06-2026 09:39:01","20","Information","Microsoft-Windows-Provisioning-Diagnostics-Provider","Applying package 'Microsoft.Windows.Cosa.Desktop.Client.ppkg' ID: {c8a326e4-f518-4f14-b543-97a57e1a975e}."
"01-06-2026 09:39:01","20","Information","Microsoft-Windows-Provisioning-Diagnostics-Provider","Applying package 'SecureStart.Settings.ppkg' ID: {eb7d7f2f-3b77-4b87-b301-fd0d336f709a}."
"01-06-2026 09:39:01","20","Information","Microsoft-Windows-Provisioning-Diagnostics-Provider","Applying package 'PPM-Win11-24H2-ARL.Corp-v2025.0702122400.0b23d2b.ppkg' ID: {6298f460-b760-45e0-944d-069a6f1385f8}."
"01-06-2026 09:39:01","20","Information","Microsoft-Windows-Provisioning-Diagnostics-Provider","Applying package 'Power.Settings.Sleep.ppkg' ID: {3742e5e8-6d9d-473b-99a6-8ecc0f43548a}."
"01-06-2026 09:39:01","20","Information","Microsoft-Windows-Provisioning-Diagnostics-Provider","Applying package 'Power.Settings.Processor.ppkg' ID: {fc01e91f-914c-45af-9d7c-0b2e5fbedf62}."
"01-06-2026 09:39:01","20","Information","Microsoft-Windows-Provisioning-Diagnostics-Provider","Applying package 'Power.Settings.Processor.Intel.ppkg' ID: {fc01e91f-914c-45af-9d7c-0b2e5fbedf64}."
"01-06-2026 09:39:01","20","Information","Microsoft-Windows-Provisioning-Diagnostics-Provider","Applying package 'Power.Settings.Processor.Amd.ppkg' ID: {fc01e91f-914c-45af-9d7c-0b2e5fbedf63}."
"01-06-2026 09:39:01","20","Information","Microsoft-Windows-Provisioning-Diagnostics-Provider","Applying package 'Power.Settings.PCIExpress.ppkg' ID: {268c43e1-aa2b-4036-86ef-8cda98a0c2fe}."
"01-06-2026 09:39:01","20","Information","Microsoft-Windows-Provisioning-Diagnostics-Provider","Applying package 'Power.Settings.IdleResiliency.ppkg' ID: {f11899f2-71ec-4621-9997-e17ae2f6eb26}."
"01-06-2026 09:39:01","20","Information","Microsoft-Windows-Provisioning-Diagnostics-Provider","Applying package 'Power.Settings.Graphics.ppkg' ID: {bf56ce5a-946b-45b5-858a-1794eb0125e2}."
"01-06-2026 09:39:01","20","Information","Microsoft-Windows-Provisioning-Diagnostics-Provider","Applying package 'Power.Settings.Display.ppkg' ID: {23cb517f-5073-4e96-a202-7fe6122a2271}."
"01-06-2026 09:39:01","20","Information","Microsoft-Windows-Provisioning-Diagnostics-Provider","Applying package 'Power.Settings.Disk.ppkg' ID: {9df6a4ed-fc16-48bf-8b24-6e2ad2bfcfea}."
"01-06-2026 09:39:01","20","Information","Microsoft-Windows-Provisioning-Diagnostics-Provider","Applying package 'Power.Settings.Control.ppkg' ID: {5f568920-10ad-4dc0-a97e-b78a3255c351}."
"01-06-2026 09:39:01","20","Information","Microsoft-Windows-Provisioning-Diagnostics-Provider","Applying package 'Power.Settings.Button.ppkg' ID: {18dcffd4-37d6-4bc6-87e0-4266fdbb8e49}."
"01-06-2026 09:39:01","20","Information","Microsoft-Windows-Provisioning-Diagnostics-Provider","Applying package 'Power.Settings.Battery.ppkg' ID: {7a30a9be-737f-47a1-a541-6e7b0761ed19}."
"01-06-2026 09:39:01","20","Information","Microsoft-Windows-Provisioning-Diagnostics-Provider","Applying package 'Power.EnergyEstimationEngine.Wifi.ppkg' ID: {b0b9123d-7d7f-4c6b-9973-ceced46f2a09}."
"01-06-2026 09:39:01","20","Information","Microsoft-Windows-Provisioning-Diagnostics-Provider","Applying package 'Power.EnergyEstimationEngine.Telemetry.ppkg' ID: {8fb7d64e-70fc-4f9d-89ee-d486817534df}."
"01-06-2026 09:39:01","20","Information","Microsoft-Windows-Provisioning-Diagnostics-Provider","Applying package 'Power.EnergyEstimationEngine.Storage.ppkg' ID: {9aec5bda-1e87-46b3-bb96-1a01c606555e}."
"01-06-2026 09:39:01","20","Information","Microsoft-Windows-Provisioning-Diagnostics-Provider","Applying package 'Power.EnergyEstimationEngine.StandbyActivation.ppkg' ID: {8d196d7f-3eef-48ad-8bea-be749f12d3ad}."
"01-06-2026 09:39:01","20","Information","Microsoft-Windows-Provisioning-Diagnostics-Provider","Applying package 'Power.EnergyEstimationEngine.MBB.ppkg' ID: {99b095d8-5959-4820-bea7-7448c8427b4e}."
"01-06-2026 09:39:01","20","Information","Microsoft-Windows-Provisioning-Diagnostics-Provider","Applying package 'Power.EnergyEstimationEngine.Display.ppkg' ID: {ee4aac98-c174-4941-82b1-d121e493e4fb}."
"01-06-2026 09:39:01","20","Information","Microsoft-Windows-Provisioning-Diagnostics-Provider","Applying package 'Power.EnergyEstimationEngine.CPU.ppkg' ID: {c5dc3753-b6c8-4057-b396-bf13d769311c}."
"01-06-2026 09:39:00","20","Information","Microsoft-Windows-Provisioning-Diagnostics-Provider","Applying package 'Power.EnergyEstimationEngine.Control.ppkg' ID: {1e05dd5d-a022-46c5-963c-b20de341170f}."
"01-06-2026 09:38:59","90","Information","Microsoft-Windows-Provisioning-Diagnostics-Provider","Settings detail.
source = LogonIdleTask.
packageIdToDelete = <Not Present>.
packagePathsToAdd = <Not Present>."
"28-05-2026 11:15:46","20","Information","Microsoft-Windows-Provisioning-Diagnostics-Provider","Applying package 'Microsoft.Windows.Cosa.Desktop.Client.ppkg' ID: {c8a326e4-f518-4f14-b543-97a57e1a975e}."
"28-05-2026 11:15:46","20","Information","Microsoft-Windows-Provisioning-Diagnostics-Provider","Applying package 'SecureStart.Settings.ppkg' ID: {eb7d7f2f-3b77-4b87-b301-fd0d336f709a}."
"28-05-2026 11:15:46","20","Information","Microsoft-Windows-Provisioning-Diagnostics-Provider","Applying package 'PPM-Win11-24H2-ARL.Corp-v2025.0702122400.0b23d2b.ppkg' ID: {6298f460-b760-45e0-944d-069a6f1385f8}."
"28-05-2026 11:15:46","20","Information","Microsoft-Windows-Provisioning-Diagnostics-Provider","Applying package 'Power.Settings.Sleep.ppkg' ID: {3742e5e8-6d9d-473b-99a6-8ecc0f43548a}."
"28-05-2026 11:15:46","20","Information","Microsoft-Windows-Provisioning-Diagnostics-Provider","Applying package 'Power.Settings.Processor.ppkg' ID: {fc01e91f-914c-45af-9d7c-0b2e5fbedf62}."
"28-05-2026 11:15:46","20","Information","Microsoft-Windows-Provisioning-Diagnostics-Provider","Applying package 'Power.Settings.Processor.Intel.ppkg' ID: {fc01e91f-914c-45af-9d7c-0b2e5fbedf64}."
"28-05-2026 11:15:46","20","Information","Microsoft-Windows-Provisioning-Diagnostics-Provider","Applying package 'Power.Settings.Processor.Amd.ppkg' ID: {fc01e91f-914c-45af-9d7c-0b2e5fbedf63}."
"28-05-2026 11:15:46","20","Information","Microsoft-Windows-Provisioning-Diagnostics-Provider","Applying package 'Power.Settings.PCIExpress.ppkg' ID: {268c43e1-aa2b-4036-86ef-8cda98a0c2fe}."
"28-05-2026 11:15:46","20","Information","Microsoft-Windows-Provisioning-Diagnostics-Provider","Applying package 'Power.Settings.IdleResiliency.ppkg' ID: {f11899f2-71ec-4621-9997-e17ae2f6eb26}."
"28-05-2026 11:15:46","20","Information","Microsoft-Windows-Provisioning-Diagnostics-Provider","Applying package 'Power.Settings.Graphics.ppkg' ID: {bf56ce5a-946b-45b5-858a-1794eb0125e2}."
"28-05-2026 11:15:46","20","Information","Microsoft-Windows-Provisioning-Diagnostics-Provider","Applying package 'Power.Settings.Display.ppkg' ID: {23cb517f-5073-4e96-a202-7fe6122a2271}."
"28-05-2026 11:15:46","20","Information","Microsoft-Windows-Provisioning-Diagnostics-Provider","Applying package 'Power.Settings.Disk.ppkg' ID: {9df6a4ed-fc16-48bf-8b24-6e2ad2bfcfea}."
"28-05-2026 11:15:46","20","Information","Microsoft-Windows-Provisioning-Diagnostics-Provider","Applying package 'Power.Settings.Control.ppkg' ID: {5f568920-10ad-4dc0-a97e-b78a3255c351}."
"28-05-2026 11:15:46","20","Information","Microsoft-Windows-Provisioning-Diagnostics-Provider","Applying package 'Power.Settings.Button.ppkg' ID: {18dcffd4-37d6-4bc6-87e0-4266fdbb8e49}."
"28-05-2026 11:15:46","20","Information","Microsoft-Windows-Provisioning-Diagnostics-Provider","Applying package 'Power.Settings.Battery.ppkg' ID: {7a30a9be-737f-47a1-a541-6e7b0761ed19}."
"28-05-2026 11:15:46","20","Information","Microsoft-Windows-Provisioning-Diagnostics-Provider","Applying package 'Power.EnergyEstimationEngine.Wifi.ppkg' ID: {b0b9123d-7d7f-4c6b-9973-ceced46f2a09}."
"28-05-2026 11:15:46","20","Information","Microsoft-Windows-Provisioning-Diagnostics-Provider","Applying package 'Power.EnergyEstimationEngine.Telemetry.ppkg' ID: {8fb7d64e-70fc-4f9d-89ee-d486817534df}."
"28-05-2026 11:15:46","20","Information","Microsoft-Windows-Provisioning-Diagnostics-Provider","Applying package 'Power.EnergyEstimationEngine.Storage.ppkg' ID: {9aec5bda-1e87-46b3-bb96-1a01c606555e}."
"28-05-2026 11:15:46","20","Information","Microsoft-Windows-Provisioning-Diagnostics-Provider","Applying package 'Power.EnergyEstimationEngine.StandbyActivation.ppkg' ID: {8d196d7f-3eef-48ad-8bea-be749f12d3ad}."
"28-05-2026 11:15:46","20","Information","Microsoft-Windows-Provisioning-Diagnostics-Provider","Applying package 'Power.EnergyEstimationEngine.MBB.ppkg' ID: {99b095d8-5959-4820-bea7-7448c8427b4e}."
"28-05-2026 11:15:46","20","Information","Microsoft-Windows-Provisioning-Diagnostics-Provider","Applying package 'Power.EnergyEstimationEngine.Display.ppkg' ID: {ee4aac98-c174-4941-82b1-d121e493e4fb}."
"28-05-2026 11:15:46","20","Information","Microsoft-Windows-Provisioning-Diagnostics-Provider","Applying package 'Power.EnergyEstimationEngine.CPU.ppkg' ID: {c5dc3753-b6c8-4057-b396-bf13d769311c}."
"28-05-2026 11:15:46","20","Information","Microsoft-Windows-Provisioning-Diagnostics-Provider","Applying package 'Power.EnergyEstimationEngine.Control.ppkg' ID: {1e05dd5d-a022-46c5-963c-b20de341170f}."
"28-05-2026 11:15:45","90","Information","Microsoft-Windows-Provisioning-Diagnostics-Provider","Settings detail.
source = LogonIdleTask.
packageIdToDelete = <Not Present>.
packagePathsToAdd = <Not Present>."
"25-05-2026 09:29:07","20","Information","Microsoft-Windows-Provisioning-Diagnostics-Provider","Applying package 'Microsoft.Windows.Cosa.Desktop.Client.ppkg' ID: {c8a326e4-f518-4f14-b543-97a57e1a975e}."
"25-05-2026 09:29:07","20","Information","Microsoft-Windows-Provisioning-Diagnostics-Provider","Applying package 'SecureStart.Settings.ppkg' ID: {eb7d7f2f-3b77-4b87-b301-fd0d336f709a}."
"25-05-2026 09:29:07","20","Information","Microsoft-Windows-Provisioning-Diagnostics-Provider","Applying package 'PPM-Win11-24H2-ARL.Corp-v2025.0702122400.0b23d2b.ppkg' ID: {6298f460-b760-45e0-944d-069a6f1385f8}."
"25-05-2026 09:29:07","20","Information","Microsoft-Windows-Provisioning-Diagnostics-Provider","Applying package 'Power.Settings.Sleep.ppkg' ID: {3742e5e8-6d9d-473b-99a6-8ecc0f43548a}."
"25-05-2026 09:29:07","20","Information","Microsoft-Windows-Provisioning-Diagnostics-Provider","Applying package 'Power.Settings.Processor.ppkg' ID: {fc01e91f-914c-45af-9d7c-0b2e5fbedf62}."
"25-05-2026 09:29:07","20","Information","Microsoft-Windows-Provisioning-Diagnostics-Provider","Applying package 'Power.Settings.Processor.Intel.ppkg' ID: {fc01e91f-914c-45af-9d7c-0b2e5fbedf64}."
"25-05-2026 09:29:07","20","Information","Microsoft-Windows-Provisioning-Diagnostics-Provider","Applying package 'Power.Settings.Processor.Amd.ppkg' ID: {fc01e91f-914c-45af-9d7c-0b2e5fbedf63}."
"25-05-2026 09:29:07","20","Information","Microsoft-Windows-Provisioning-Diagnostics-Provider","Applying package 'Power.Settings.PCIExpress.ppkg' ID: {268c43e1-aa2b-4036-86ef-8cda98a0c2fe}."
"25-05-2026 09:29:07","20","Information","Microsoft-Windows-Provisioning-Diagnostics-Provider","Applying package 'Power.Settings.IdleResiliency.ppkg' ID: {f11899f2-71ec-4621-9997-e17ae2f6eb26}."
"25-05-2026 09:29:07","20","Information","Microsoft-Windows-Provisioning-Diagnostics-Provider","Applying package 'Power.Settings.Graphics.ppkg' ID: {bf56ce5a-946b-45b5-858a-1794eb0125e2}."
"25-05-2026 09:29:07","20","Information","Microsoft-Windows-Provisioning-Diagnostics-Provider","Applying package 'Power.Settings.Display.ppkg' ID: {23cb517f-5073-4e96-a202-7fe6122a2271}."
"25-05-2026 09:29:07","20","Information","Microsoft-Windows-Provisioning-Diagnostics-Provider","Applying package 'Power.Settings.Disk.ppkg' ID: {9df6a4ed-fc16-48bf-8b24-6e2ad2bfcfea}."
"25-05-2026 09:29:07","20","Information","Microsoft-Windows-Provisioning-Diagnostics-Provider","Applying package 'Power.Settings.Control.ppkg' ID: {5f568920-10ad-4dc0-a97e-b78a3255c351}."
"25-05-2026 09:29:07","20","Information","Microsoft-Windows-Provisioning-Diagnostics-Provider","Applying package 'Power.Settings.Button.ppkg' ID: {18dcffd4-37d6-4bc6-87e0-4266fdbb8e49}."
"25-05-2026 09:29:07","20","Information","Microsoft-Windows-Provisioning-Diagnostics-Provider","Applying package 'Power.Settings.Battery.ppkg' ID: {7a30a9be-737f-47a1-a541-6e7b0761ed19}."
"25-05-2026 09:29:07","20","Information","Microsoft-Windows-Provisioning-Diagnostics-Provider","Applying package 'Power.EnergyEstimationEngine.Wifi.ppkg' ID: {b0b9123d-7d7f-4c6b-9973-ceced46f2a09}."
"25-05-2026 09:29:07","20","Information","Microsoft-Windows-Provisioning-Diagnostics-Provider","Applying package 'Power.EnergyEstimationEngine.Telemetry.ppkg' ID: {8fb7d64e-70fc-4f9d-89ee-d486817534df}."
"25-05-2026 09:29:07","20","Information","Microsoft-Windows-Provisioning-Diagnostics-Provider","Applying package 'Power.EnergyEstimationEngine.Storage.ppkg' ID: {9aec5bda-1e87-46b3-bb96-1a01c606555e}."
"25-05-2026 09:29:07","20","Information","Microsoft-Windows-Provisioning-Diagnostics-Provider","Applying package 'Power.EnergyEstimationEngine.StandbyActivation.ppkg' ID: {8d196d7f-3eef-48ad-8bea-be749f12d3ad}."
"25-05-2026 09:29:07","20","Information","Microsoft-Windows-Provisioning-Diagnostics-Provider","Applying package 'Power.EnergyEstimationEngine.MBB.ppkg' ID: {99b095d8-5959-4820-bea7-7448c8427b4e}."
"25-05-2026 09:29:07","20","Information","Microsoft-Windows-Provisioning-Diagnostics-Provider","Applying package 'Power.EnergyEstimationEngine.Display.ppkg' ID: {ee4aac98-c174-4941-82b1-d121e493e4fb}."
"25-05-2026 09:29:07","20","Information","Microsoft-Windows-Provisioning-Diagnostics-Provider","Applying package 'Power.EnergyEstimationEngine.CPU.ppkg' ID: {c5dc3753-b6c8-4057-b396-bf13d769311c}."
"25-05-2026 09:29:07","20","Information","Microsoft-Windows-Provisioning-Diagnostics-Provider","Applying package 'Power.EnergyEstimationEngine.Control.ppkg' ID: {1e05dd5d-a022-46c5-963c-b20de341170f}."
"25-05-2026 09:29:05","90","Information","Microsoft-Windows-Provisioning-Diagnostics-Provider","Settings detail.
source = LogonIdleTask.
packageIdToDelete = <Not Present>.
packagePathsToAdd = <Not Present>."
"23-05-2026 22:05:52","20","Information","Microsoft-Windows-Provisioning-Diagnostics-Provider","Applying package 'Microsoft.Windows.Cosa.Desktop.Client.ppkg' ID: {c8a326e4-f518-4f14-b543-97a57e1a975e}."
"23-05-2026 22:05:52","20","Information","Microsoft-Windows-Provisioning-Diagnostics-Provider","Applying package 'SecureStart.Settings.ppkg' ID: {eb7d7f2f-3b77-4b87-b301-fd0d336f709a}."
"23-05-2026 22:05:52","20","Information","Microsoft-Windows-Provisioning-Diagnostics-Provider","Applying package 'PPM-Win11-24H2-ARL.Corp-v2025.0702122400.0b23d2b.ppkg' ID: {6298f460-b760-45e0-944d-069a6f1385f8}."
"23-05-2026 22:05:52","20","Information","Microsoft-Windows-Provisioning-Diagnostics-Provider","Applying package 'Power.Settings.Sleep.ppkg' ID: {3742e5e8-6d9d-473b-99a6-8ecc0f43548a}."
"23-05-2026 22:05:52","20","Information","Microsoft-Windows-Provisioning-Diagnostics-Provider","Applying package 'Power.Settings.Processor.ppkg' ID: {fc01e91f-914c-45af-9d7c-0b2e5fbedf62}."
"23-05-2026 22:05:52","20","Information","Microsoft-Windows-Provisioning-Diagnostics-Provider","Applying package 'Power.Settings.Processor.Intel.ppkg' ID: {fc01e91f-914c-45af-9d7c-0b2e5fbedf64}."
"23-05-2026 22:05:52","20","Information","Microsoft-Windows-Provisioning-Diagnostics-Provider","Applying package 'Power.Settings.Processor.Amd.ppkg' ID: {fc01e91f-914c-45af-9d7c-0b2e5fbedf63}."
"23-05-2026 22:05:52","20","Information","Microsoft-Windows-Provisioning-Diagnostics-Provider","Applying package 'Power.Settings.PCIExpress.ppkg' ID: {268c43e1-aa2b-4036-86ef-8cda98a0c2fe}."
"23-05-2026 22:05:52","20","Information","Microsoft-Windows-Provisioning-Diagnostics-Provider","Applying package 'Power.Settings.IdleResiliency.ppkg' ID: {f11899f2-71ec-4621-9997-e17ae2f6eb26}."
"23-05-2026 22:05:52","20","Information","Microsoft-Windows-Provisioning-Diagnostics-Provider","Applying package 'Power.Settings.Graphics.ppkg' ID: {bf56ce5a-946b-45b5-858a-1794eb0125e2}."
"23-05-2026 22:05:52","20","Information","Microsoft-Windows-Provisioning-Diagnostics-Provider","Applying package 'Power.Settings.Display.ppkg' ID: {23cb517f-5073-4e96-a202-7fe6122a2271}."
"23-05-2026 22:05:52","20","Information","Microsoft-Windows-Provisioning-Diagnostics-Provider","Applying package 'Power.Settings.Disk.ppkg' ID: {9df6a4ed-fc16-48bf-8b24-6e2ad2bfcfea}."
"23-05-2026 22:05:52","20","Information","Microsoft-Windows-Provisioning-Diagnostics-Provider","Applying package 'Power.Settings.Control.ppkg' ID: {5f568920-10ad-4dc0-a97e-b78a3255c351}."
"23-05-2026 22:05:52","20","Information","Microsoft-Windows-Provisioning-Diagnostics-Provider","Applying package 'Power.Settings.Button.ppkg' ID: {18dcffd4-37d6-4bc6-87e0-4266fdbb8e49}."
"23-05-2026 22:05:52","20","Information","Microsoft-Windows-Provisioning-Diagnostics-Provider","Applying package 'Power.Settings.Battery.ppkg' ID: {7a30a9be-737f-47a1-a541-6e7b0761ed19}."
"23-05-2026 22:05:52","20","Information","Microsoft-Windows-Provisioning-Diagnostics-Provider","Applying package 'Power.EnergyEstimationEngine.Wifi.ppkg' ID: {b0b9123d-7d7f-4c6b-9973-ceced46f2a09}."
"23-05-2026 22:05:52","20","Information","Microsoft-Windows-Provisioning-Diagnostics-Provider","Applying package 'Power.EnergyEstimationEngine.Telemetry.ppkg' ID: {8fb7d64e-70fc-4f9d-89ee-d486817534df}."
"23-05-2026 22:05:52","20","Information","Microsoft-Windows-Provisioning-Diagnostics-Provider","Applying package 'Power.EnergyEstimationEngine.Storage.ppkg' ID: {9aec5bda-1e87-46b3-bb96-1a01c606555e}."
"23-05-2026 22:05:52","20","Information","Microsoft-Windows-Provisioning-Diagnostics-Provider","Applying package 'Power.EnergyEstimationEngine.StandbyActivation.ppkg' ID: {8d196d7f-3eef-48ad-8bea-be749f12d3ad}."
"23-05-2026 22:05:52","20","Information","Microsoft-Windows-Provisioning-Diagnostics-Provider","Applying package 'Power.EnergyEstimationEngine.MBB.ppkg' ID: {99b095d8-5959-4820-bea7-7448c8427b4e}."
"23-05-2026 22:05:52","20","Information","Microsoft-Windows-Provisioning-Diagnostics-Provider","Applying package 'Power.EnergyEstimationEngine.Display.ppkg' ID: {ee4aac98-c174-4941-82b1-d121e493e4fb}."
"23-05-2026 22:05:52","20","Information","Microsoft-Windows-Provisioning-Diagnostics-Provider","Applying package 'Power.EnergyEstimationEngine.CPU.ppkg' ID: {c5dc3753-b6c8-4057-b396-bf13d769311c}."
"23-05-2026 22:05:52","20","Information","Microsoft-Windows-Provisioning-Diagnostics-Provider","Applying package 'Power.EnergyEstimationEngine.Control.ppkg' ID: {1e05dd5d-a022-46c5-963c-b20de341170f}."
"23-05-2026 22:05:51","90","Information","Microsoft-Windows-Provisioning-Diagnostics-Provider","Settings detail.
source = LogonIdleTask.
packageIdToDelete = <Not Present>.
packagePathsToAdd = <Not Present>."
"23-05-2026 11:18:57","20","Information","Microsoft-Windows-Provisioning-Diagnostics-Provider","Applying package 'Microsoft.Windows.Cosa.Desktop.Client.ppkg' ID: {c8a326e4-f518-4f14-b543-97a57e1a975e}."
"23-05-2026 11:18:57","20","Information","Microsoft-Windows-Provisioning-Diagnostics-Provider","Applying package 'SecureStart.Settings.ppkg' ID: {eb7d7f2f-3b77-4b87-b301-fd0d336f709a}."
"23-05-2026 11:18:57","20","Information","Microsoft-Windows-Provisioning-Diagnostics-Provider","Applying package 'PPM-Win11-24H2-ARL.Corp-v2025.0702122400.0b23d2b.ppkg' ID: {6298f460-b760-45e0-944d-069a6f1385f8}."
"23-05-2026 11:18:57","20","Information","Microsoft-Windows-Provisioning-Diagnostics-Provider","Applying package 'Power.Settings.Sleep.ppkg' ID: {3742e5e8-6d9d-473b-99a6-8ecc0f43548a}."
"23-05-2026 11:18:57","20","Information","Microsoft-Windows-Provisioning-Diagnostics-Provider","Applying package 'Power.Settings.Processor.ppkg' ID: {fc01e91f-914c-45af-9d7c-0b2e5fbedf62}."
"23-05-2026 11:18:57","20","Information","Microsoft-Windows-Provisioning-Diagnostics-Provider","Applying package 'Power.Settings.Processor.Intel.ppkg' ID: {fc01e91f-914c-45af-9d7c-0b2e5fbedf64}."
"23-05-2026 11:18:57","20","Information","Microsoft-Windows-Provisioning-Diagnostics-Provider","Applying package 'Power.Settings.Processor.Amd.ppkg' ID: {fc01e91f-914c-45af-9d7c-0b2e5fbedf63}."
"23-05-2026 11:18:57","20","Information","Microsoft-Windows-Provisioning-Diagnostics-Provider","Applying package 'Power.Settings.PCIExpress.ppkg' ID: {268c43e1-aa2b-4036-86ef-8cda98a0c2fe}."
"23-05-2026 11:18:57","20","Information","Microsoft-Windows-Provisioning-Diagnostics-Provider","Applying package 'Power.Settings.IdleResiliency.ppkg' ID: {f11899f2-71ec-4621-9997-e17ae2f6eb26}."
"23-05-2026 11:18:57","20","Information","Microsoft-Windows-Provisioning-Diagnostics-Provider","Applying package 'Power.Settings.Graphics.ppkg' ID: {bf56ce5a-946b-45b5-858a-1794eb0125e2}."
"23-05-2026 11:18:57","20","Information","Microsoft-Windows-Provisioning-Diagnostics-Provider","Applying package 'Power.Settings.Display.ppkg' ID: {23cb517f-5073-4e96-a202-7fe6122a2271}."
"23-05-2026 11:18:57","20","Information","Microsoft-Windows-Provisioning-Diagnostics-Provider","Applying package 'Power.Settings.Disk.ppkg' ID: {9df6a4ed-fc16-48bf-8b24-6e2ad2bfcfea}."
"23-05-2026 11:18:57","20","Information","Microsoft-Windows-Provisioning-Diagnostics-Provider","Applying package 'Power.Settings.Control.ppkg' ID: {5f568920-10ad-4dc0-a97e-b78a3255c351}."
"23-05-2026 11:18:57","20","Information","Microsoft-Windows-Provisioning-Diagnostics-Provider","Applying package 'Power.Settings.Button.ppkg' ID: {18dcffd4-37d6-4bc6-87e0-4266fdbb8e49}."
"23-05-2026 11:18:57","20","Information","Microsoft-Windows-Provisioning-Diagnostics-Provider","Applying package 'Power.Settings.Battery.ppkg' ID: {7a30a9be-737f-47a1-a541-6e7b0761ed19}."
"23-05-2026 11:18:57","20","Information","Microsoft-Windows-Provisioning-Diagnostics-Provider","Applying package 'Power.EnergyEstimationEngine.Wifi.ppkg' ID: {b0b9123d-7d7f-4c6b-9973-ceced46f2a09}."
"23-05-2026 11:18:57","20","Information","Microsoft-Windows-Provisioning-Diagnostics-Provider","Applying package 'Power.EnergyEstimationEngine.Telemetry.ppkg' ID: {8fb7d64e-70fc-4f9d-89ee-d486817534df}."
"23-05-2026 11:18:57","20","Information","Microsoft-Windows-Provisioning-Diagnostics-Provider","Applying package 'Power.EnergyEstimationEngine.Storage.ppkg' ID: {9aec5bda-1e87-46b3-bb96-1a01c606555e}."
"23-05-2026 11:18:57","20","Information","Microsoft-Windows-Provisioning-Diagnostics-Provider","Applying package 'Power.EnergyEstimationEngine.StandbyActivation.ppkg' ID: {8d196d7f-3eef-48ad-8bea-be749f12d3ad}."
"23-05-2026 11:18:56","20","Information","Microsoft-Windows-Provisioning-Diagnostics-Provider","Applying package 'Power.EnergyEstimationEngine.MBB.ppkg' ID: {99b095d8-5959-4820-bea7-7448c8427b4e}."
"23-05-2026 11:18:56","20","Information","Microsoft-Windows-Provisioning-Diagnostics-Provider","Applying package 'Power.EnergyEstimationEngine.Display.ppkg' ID: {ee4aac98-c174-4941-82b1-d121e493e4fb}."
"23-05-2026 11:18:56","20","Information","Microsoft-Windows-Provisioning-Diagnostics-Provider","Applying package 'Power.EnergyEstimationEngine.CPU.ppkg' ID: {c5dc3753-b6c8-4057-b396-bf13d769311c}."
"23-05-2026 11:18:56","20","Information","Microsoft-Windows-Provisioning-Diagnostics-Provider","Applying package 'Power.EnergyEstimationEngine.Control.ppkg' ID: {1e05dd5d-a022-46c5-963c-b20de341170f}."
"23-05-2026 11:18:53","90","Information","Microsoft-Windows-Provisioning-Diagnostics-Provider","Settings detail.
source = LogonIdleTask.
packageIdToDelete = <Not Present>.
packagePathsToAdd = <Not Present>."
"23-05-2026 23:08:54","90","Information","Microsoft-Windows-Provisioning-Diagnostics-Provider","Settings detail.
source = ProvResetBoot.
packageIdToDelete = <Not Present>.
packagePathsToAdd = <Not Present>."
"23-05-2026 23:08:40","20","Information","Microsoft-Windows-Provisioning-Diagnostics-Provider","Applying package 'Microsoft.Windows.Cosa.Desktop.Client.ppkg' ID: {c8a326e4-f518-4f14-b543-97a57e1a975e}."
"23-05-2026 23:08:40","20","Information","Microsoft-Windows-Provisioning-Diagnostics-Provider","Applying package 'SecureStart.Settings.ppkg' ID: {eb7d7f2f-3b77-4b87-b301-fd0d336f709a}."
"23-05-2026 23:08:40","20","Information","Microsoft-Windows-Provisioning-Diagnostics-Provider","Applying package 'PPM-Win11-24H2-ARL.Corp-v2025.0702122400.0b23d2b.ppkg' ID: {6298f460-b760-45e0-944d-069a6f1385f8}."
"23-05-2026 23:08:40","20","Information","Microsoft-Windows-Provisioning-Diagnostics-Provider","Applying package 'Power.Settings.Sleep.ppkg' ID: {3742e5e8-6d9d-473b-99a6-8ecc0f43548a}."
"23-05-2026 23:08:40","20","Information","Microsoft-Windows-Provisioning-Diagnostics-Provider","Applying package 'Power.Settings.Processor.ppkg' ID: {fc01e91f-914c-45af-9d7c-0b2e5fbedf62}."
"23-05-2026 23:08:40","20","Information","Microsoft-Windows-Provisioning-Diagnostics-Provider","Applying package 'Power.Settings.Processor.Intel.ppkg' ID: {fc01e91f-914c-45af-9d7c-0b2e5fbedf64}."
"23-05-2026 23:08:40","20","Information","Microsoft-Windows-Provisioning-Diagnostics-Provider","Applying package 'Power.Settings.Processor.Amd.ppkg' ID: {fc01e91f-914c-45af-9d7c-0b2e5fbedf63}."
"23-05-2026 23:08:40","20","Information","Microsoft-Windows-Provisioning-Diagnostics-Provider","Applying package 'Power.Settings.PCIExpress.ppkg' ID: {268c43e1-aa2b-4036-86ef-8cda98a0c2fe}."
"23-05-2026 23:08:40","20","Information","Microsoft-Windows-Provisioning-Diagnostics-Provider","Applying package 'Power.Settings.IdleResiliency.ppkg' ID: {f11899f2-71ec-4621-9997-e17ae2f6eb26}."
"23-05-2026 23:08:40","20","Information","Microsoft-Windows-Provisioning-Diagnostics-Provider","Applying package 'Power.Settings.Graphics.ppkg' ID: {bf56ce5a-946b-45b5-858a-1794eb0125e2}."
"23-05-2026 23:08:40","20","Information","Microsoft-Windows-Provisioning-Diagnostics-Provider","Applying package 'Power.Settings.Display.ppkg' ID: {23cb517f-5073-4e96-a202-7fe6122a2271}."
"23-05-2026 23:08:40","20","Information","Microsoft-Windows-Provisioning-Diagnostics-Provider","Applying package 'Power.Settings.Disk.ppkg' ID: {9df6a4ed-fc16-48bf-8b24-6e2ad2bfcfea}."
"23-05-2026 23:08:40","20","Information","Microsoft-Windows-Provisioning-Diagnostics-Provider","Applying package 'Power.Settings.Control.ppkg' ID: {5f568920-10ad-4dc0-a97e-b78a3255c351}."
"23-05-2026 23:08:40","20","Information","Microsoft-Windows-Provisioning-Diagnostics-Provider","Applying package 'Power.Settings.Button.ppkg' ID: {18dcffd4-37d6-4bc6-87e0-4266fdbb8e49}."
"23-05-2026 23:08:40","20","Information","Microsoft-Windows-Provisioning-Diagnostics-Provider","Applying package 'Power.Settings.Battery.ppkg' ID: {7a30a9be-737f-47a1-a541-6e7b0761ed19}."
"23-05-2026 23:08:40","20","Information","Microsoft-Windows-Provisioning-Diagnostics-Provider","Applying package 'Power.EnergyEstimationEngine.Wifi.ppkg' ID: {b0b9123d-7d7f-4c6b-9973-ceced46f2a09}."
"23-05-2026 23:08:40","20","Information","Microsoft-Windows-Provisioning-Diagnostics-Provider","Applying package 'Power.EnergyEstimationEngine.Telemetry.ppkg' ID: {8fb7d64e-70fc-4f9d-89ee-d486817534df}."
"23-05-2026 23:08:40","20","Information","Microsoft-Windows-Provisioning-Diagnostics-Provider","Applying package 'Power.EnergyEstimationEngine.Storage.ppkg' ID: {9aec5bda-1e87-46b3-bb96-1a01c606555e}."
"23-05-2026 23:08:40","20","Information","Microsoft-Windows-Provisioning-Diagnostics-Provider","Applying package 'Power.EnergyEstimationEngine.StandbyActivation.ppkg' ID: {8d196d7f-3eef-48ad-8bea-be749f12d3ad}."
"23-05-2026 23:08:40","20","Information","Microsoft-Windows-Provisioning-Diagnostics-Provider","Applying package 'Power.EnergyEstimationEngine.MBB.ppkg' ID: {99b095d8-5959-4820-bea7-7448c8427b4e}."
"23-05-2026 23:08:40","20","Information","Microsoft-Windows-Provisioning-Diagnostics-Provider","Applying package 'Power.EnergyEstimationEngine.Display.ppkg' ID: {ee4aac98-c174-4941-82b1-d121e493e4fb}."
"23-05-2026 23:08:40","20","Information","Microsoft-Windows-Provisioning-Diagnostics-Provider","Applying package 'Power.EnergyEstimationEngine.CPU.ppkg' ID: {c5dc3753-b6c8-4057-b396-bf13d769311c}."
"23-05-2026 23:08:40","20","Information","Microsoft-Windows-Provisioning-Diagnostics-Provider","Applying package 'Power.EnergyEstimationEngine.Control.ppkg' ID: {1e05dd5d-a022-46c5-963c-b20de341170f}."
"23-05-2026 23:07:46","11","Information","Microsoft-Windows-Provisioning-Diagnostics-Provider","ProvXML category 'PowerSettings' completed successfully. Provisioning succeeded"
"23-05-2026 23:07:41","11","Information","Microsoft-Windows-Provisioning-Diagnostics-Provider","ProvXML category 'PowerSettings' completed successfully. Provisioning succeeded"
"23-05-2026 23:07:41","10","Information","Microsoft-Windows-Provisioning-Diagnostics-Provider","Configuring ProvXML with category 'PowerSettings'.

ProvXML data:
MCSF/Power/Policy/Settings/Processor/SchemePersonality/ded574b5-45a0-4f42-8737-46345c09c238/DefaultPowerSchemeValues/PerfDecreaseThreshold/AcValueMCSF/Power/Policy/Settings/Processor/SchemePersonality/ded574b5-45a0-4f42-8737-46345c09c238/DefaultPowerSchemeValues/PerfEnergyPreference/AcValueMCSF/Power/Policy/Settings/Processor/SchemePersonality/ded574b5-45a0-4f42-8737-46345c09c238/DefaultPowerSchemeValues/PerfIncreasePolicy/AcValueMCSF/Power/Policy/Settings/Processor/SchemePersonality/ded574b5-45a0-4f42-8737-46345c09c238/DefaultPowerSchemeValues/PerfIncreaseThreshold/AcValue"
"23-05-2026 23:07:41","11","Information","Microsoft-Windows-Provisioning-Diagnostics-Provider","ProvXML category 'PowerSettings' completed successfully. Provisioning succeeded"
"23-05-2026 23:07:41","10","Information","Microsoft-Windows-Provisioning-Diagnostics-Provider","Configuring ProvXML with category 'PowerSettings'.

ProvXML data:
MCSF/Power/Policy/Settings/Processor/SchemePersonality/381b4222-f694-41f0-9685-ff5bb260df2e/8bc6262c-c026-411d-ae3b-7e2f70811a13/PerfBoostMode/AcValueMCSF/Power/Policy/Settings/Processor/SchemePersonality/381b4222-f694-41f0-9685-ff5bb260df2e/8bc6262c-c026-411d-ae3b-7e2f70811a13/PerfBoostMode/DcValueMCSF/Power/Policy/Settings/Processor/SchemePersonality/381b4222-f694-41f0-9685-ff5bb260df2e/8bc6262c-c026-411d-ae3b-7e2f70811a13/PerfEnergyPreference/AcValueMCSF/Power/Policy/Settings/Processor/SchemePersonality/381b4222-f694-41f0-9685-ff5bb260df2e/8bc6262c-c026-411d-ae3b-7e2f70811a13/PerfEnergyPreference/DcValueMCSF/Power/Policy/Settings/Processor/SchemePersonality/381b4222-f694-41f0-9685-ff5bb260df2e/ee1e4f72-e368-46b1-b3c6-5048b11c2dbd/PerfEnergyPreference/DcValueMCSF/Power/Policy/Settings/Processor/SchemePersonality/961cc777-2547-4f9d-8174-7d86181b8a7a/DefaultPowerSchemeValues/PerfEnergyPreference/DcValueMCSF/Power/Policy/Settings/Processor/SchemePersonality/ded574b5-45a0-4f42-8737-46345c09c238/DefaultPowerSchemeValues/PerfDecreaseThreshold/DcValueMCSF/Power/Policy/Settings/Processor/SchemePersonality/ded574b5-45a0-4f42-8737-46345c09c238/DefaultPowerSchemeValues/PerfEnergyPreference/DcValueMCSF/Power/Policy/Settings/Processor/SchemePersonality/ded574b5-45a0-4f42-8737-46345c09c238/DefaultPowerSchemeValues/PerfIncreasePolicy/DcValueMCSF/Power/Policy/Settings/Processor/SchemePersonality/ded574b5-45a0-4f42-8737-46345c09c238/DefaultPowerSchemeValues/PerfIncreaseThreshold/DcValue"
"23-05-2026 23:07:41","11","Information","Microsoft-Windows-Provisioning-Diagnostics-Provider","ProvXML category 'PowerSettings' completed successfully. Provisioning succeeded"
"23-05-2026 23:07:41","10","Information","Microsoft-Windows-Provisioning-Diagnostics-Provider","Configuring ProvXML with category 'PowerSettings'.

ProvXML data:
MCSF/Power/Policy/Settings/Processor/SchemePersonality/381b4222-f694-41f0-9685-ff5bb260df2e/DefaultPowerSchemeValues/CPMinCores/AcValueMCSF/Power/Policy/Settings/Processor/SchemePersonality/381b4222-f694-41f0-9685-ff5bb260df2e/DefaultPowerSchemeValues/CPMinCores/DcValueMCSF/Power/Policy/Settings/Processor/SchemePersonality/381b4222-f694-41f0-9685-ff5bb260df2e/DefaultPowerSchemeValues/ModuleUnparkPolicy/AcValueMCSF/Power/Policy/Settings/Processor/SchemePersonality/381b4222-f694-41f0-9685-ff5bb260df2e/DefaultPowerSchemeValues/ModuleUnparkPolicy/DcValueMCSF/Power/Policy/Settings/Processor/SchemePersonality/381b4222-f694-41f0-9685-ff5bb260df2e/DefaultPowerSchemeValues/PerfAutonomousMode/AcValueMCSF/Power/Policy/Settings/Processor/SchemePersonality/381b4222-f694-41f0-9685-ff5bb260df2e/DefaultPowerSchemeValues/PerfAutonomousMode/DcValueMCSF/Power/Policy/Settings/Processor/SchemePersonality/8c5e7fda-e8bf-4a96-9a85-a6e23a8c635c/DefaultPowerSchemeValues/ModuleUnparkPolicy/AcValueMCSF/Power/Policy/Settings/Processor/SchemePersonality/8c5e7fda-e8bf-4a96-9a85-a6e23a8c635c/DefaultPowerSchemeValues/ModuleUnparkPolicy/DcValueMCSF/Power/Policy/Settings/Processor/SchemePersonality/8c5e7fda-e8bf-4a96-9a85-a6e23a8c635c/DefaultPowerSchemeValues/PerfAutonomousMode/AcValueMCSF/Power/Policy/Settings/Processor/SchemePersonality/8c5e7fda-e8bf-4a96-9a85-a6e23a8c635c/DefaultPowerSchemeValues/PerfAutonomousMode/DcValueMCSF/Power/Policy/Settings/Processor/SchemePersonality/a1841308-3541-4fab-bc81-f71556f20b4a/DefaultPowerSchemeValues/CPMinCores/AcValueMCSF/Power/Policy/Settings/Processor/SchemePersonality/a1841308-3541-4fab-bc81-f71556f20b4a/DefaultPowerSchemeValues/CPMinCores/DcValueMCSF/Power/Policy/Settings/Processor/SchemePersonality/a1841308-3541-4fab-bc81-f71556f20b4a/DefaultPowerSchemeValues/ModuleUnparkPolicy/AcValueMCSF/Power/Policy/Settings/Processor/SchemePersonality/a1841308-3541-4fab-bc81-f71556f20b4a/DefaultPowerSchemeValues/ModuleUnparkPolicy/DcValueMCSF/Power/Policy/Settings/Processor/SchemePersonality/a1841308-3541-4fab-bc81-f71556f20b4a/DefaultPowerSchemeValues/PerfAutonomousMode/AcValueMCSF/Power/Policy/Settings/Processor/SchemePersonality/a1841308-3541-4fab-bc81-f71556f20b4a/DefaultPowerSchemeValues/PerfAutonomousMode/DcValue"
"23-05-2026 23:07:41","91","Information","Microsoft-Windows-Provisioning-Diagnostics-Provider","RegisterForCspAlerts succeeded. EnrollmentId = {6298f460-b760-45e0-944d-069a6f1385f8}."
"23-05-2026 23:07:41","11","Information","Microsoft-Windows-Provisioning-Diagnostics-Provider","ProvXML category 'PowerSettings' completed successfully. Provisioning succeeded"
"23-05-2026 23:07:40","10","Information","Microsoft-Windows-Provisioning-Diagnostics-Provider","Configuring ProvXML with category 'PowerSettings'.

ProvXML data:
MCSF/Power/Policy/Settings/Sleep/SchemePersonality/381b4222-f694-41f0-9685-ff5bb260df2e/Setting/HibernateTimeout/DcValueMCSF/Power/Policy/Settings/Sleep/SchemePersonality/a1841308-3541-4fab-bc81-f71556f20b4a/Setting/HibernateTimeout/DcValue"
"23-05-2026 23:07:40","11","Information","Microsoft-Windows-Provisioning-Diagnostics-Provider","ProvXML category 'PowerSettings' completed successfully. Provisioning succeeded"
"23-05-2026 23:07:40","10","Information","Microsoft-Windows-Provisioning-Diagnostics-Provider","Configuring ProvXML with category 'PowerSettings'.

ProvXML data:
MCSF/Power/Policy/Settings/Sleep/SchemePersonality/8c5e7fda-e8bf-4a96-9a85-a6e23a8c635c/Setting/StandbyTimeout/AcValueMCSF/Power/Policy/Settings/Sleep/SchemePersonality/8c5e7fda-e8bf-4a96-9a85-a6e23a8c635c/Setting/StandbyTimeout/DcValue"
"23-05-2026 23:07:40","91","Information","Microsoft-Windows-Provisioning-Diagnostics-Provider","RegisterForCspAlerts succeeded. EnrollmentId = {3742e5e8-6d9d-473b-99a6-8ecc0f43548a}."
"23-05-2026 23:07:40","11","Information","Microsoft-Windows-Provisioning-Diagnostics-Provider","ProvXML category 'PowerSettings' completed successfully. Provisioning succeeded"
"23-05-2026 23:07:40","10","Information","Microsoft-Windows-Provisioning-Diagnostics-Provider","Configuring ProvXML with category 'PowerSettings'.

ProvXML data:
MCSF/Power/Policy/Settings/Processor/SchemePersonality/381b4222-f694-41f0-9685-ff5bb260df2e/0aabb002-a307-447e-9b81-1d819df6c6d0/PerfDecreaseThreshold/AcValueMCSF/Power/Policy/Settings/Processor/SchemePersonality/381b4222-f694-41f0-9685-ff5bb260df2e/0aabb002-a307-447e-9b81-1d819df6c6d0/PerfDecreaseThreshold/DcValueMCSF/Power/Policy/Settings/Processor/SchemePersonality/381b4222-f694-41f0-9685-ff5bb260df2e/0aabb002-a307-447e-9b81-1d819df6c6d0/PerfEnergyPreference/AcValueMCSF/Power/Policy/Settings/Processor/SchemePersonality/381b4222-f694-41f0-9685-ff5bb260df2e/0aabb002-a307-447e-9b81-1d819df6c6d0/PerfEnergyPreference/DcValueMCSF/Power/Policy/Settings/Processor/SchemePersonality/381b4222-f694-41f0-9685-ff5bb260df2e/0aabb002-a307-447e-9b81-1d819df6c6d0/PerfIncreasePolicy/AcValueMCSF/Power/Policy/Settings/Processor/SchemePersonality/381b4222-f694-41f0-9685-ff5bb260df2e/0aabb002-a307-447e-9b81-1d819df6c6d0/PerfIncreasePolicy/DcValueMCSF/Power/Policy/Settings/Processor/SchemePersonality/381b4222-f694-41f0-9685-ff5bb260df2e/0aabb002-a307-447e-9b81-1d819df6c6d0/PerfIncreaseThreshold/AcValueMCSF/Power/Policy/Settings/Processor/SchemePersonality/381b4222-f694-41f0-9685-ff5bb260df2e/0aabb002-a307-447e-9b81-1d819df6c6d0/PerfIncreaseThreshold/DcValue"
"23-05-2026 23:07:40","91","Information","Microsoft-Windows-Provisioning-Diagnostics-Provider","RegisterForCspAlerts succeeded. EnrollmentId = {fc01e91f-914c-45af-9d7c-0b2e5fbedf62}."
"23-05-2026 23:07:40","11","Information","Microsoft-Windows-Provisioning-Diagnostics-Provider","ProvXML category 'PowerSettings' completed successfully. Provisioning succeeded"
"23-05-2026 23:07:36","11","Information","Microsoft-Windows-Provisioning-Diagnostics-Provider","ProvXML category 'PowerSettings' completed successfully. Provisioning succeeded"
"23-05-2026 23:07:36","10","Information","Microsoft-Windows-Provisioning-Diagnostics-Provider","Configuring ProvXML with category 'PowerSettings'.

ProvXML data:
MCSF/Power/Policy/Settings/Processor/SchemePersonality/ded574b5-45a0-4f42-8737-46345c09c238/DefaultPowerSchemeValues/PerfDecreaseThreshold/AcValueMCSF/Power/Policy/Settings/Processor/SchemePersonality/ded574b5-45a0-4f42-8737-46345c09c238/DefaultPowerSchemeValues/PerfEnergyPreference/AcValueMCSF/Power/Policy/Settings/Processor/SchemePersonality/ded574b5-45a0-4f42-8737-46345c09c238/DefaultPowerSchemeValues/PerfIncreasePolicy/AcValueMCSF/Power/Policy/Settings/Processor/SchemePersonality/ded574b5-45a0-4f42-8737-46345c09c238/DefaultPowerSchemeValues/PerfIncreaseThreshold/AcValue"
"23-05-2026 23:07:36","11","Information","Microsoft-Windows-Provisioning-Diagnostics-Provider","ProvXML category 'PowerSettings' completed successfully. Provisioning succeeded"
"23-05-2026 23:07:35","10","Information","Microsoft-Windows-Provisioning-Diagnostics-Provider","Configuring ProvXML with category 'PowerSettings'.

ProvXML data:
MCSF/Power/Policy/Settings/Processor/SchemePersonality/381b4222-f694-41f0-9685-ff5bb260df2e/8bc6262c-c026-411d-ae3b-7e2f70811a13/PerfBoostMode/AcValueMCSF/Power/Policy/Settings/Processor/SchemePersonality/381b4222-f694-41f0-9685-ff5bb260df2e/8bc6262c-c026-411d-ae3b-7e2f70811a13/PerfBoostMode/DcValueMCSF/Power/Policy/Settings/Processor/SchemePersonality/381b4222-f694-41f0-9685-ff5bb260df2e/8bc6262c-c026-411d-ae3b-7e2f70811a13/PerfEnergyPreference/AcValueMCSF/Power/Policy/Settings/Processor/SchemePersonality/381b4222-f694-41f0-9685-ff5bb260df2e/8bc6262c-c026-411d-ae3b-7e2f70811a13/PerfEnergyPreference/DcValueMCSF/Power/Policy/Settings/Processor/SchemePersonality/381b4222-f694-41f0-9685-ff5bb260df2e/ee1e4f72-e368-46b1-b3c6-5048b11c2dbd/PerfEnergyPreference/DcValueMCSF/Power/Policy/Settings/Processor/SchemePersonality/961cc777-2547-4f9d-8174-7d86181b8a7a/DefaultPowerSchemeValues/PerfEnergyPreference/DcValueMCSF/Power/Policy/Settings/Processor/SchemePersonality/ded574b5-45a0-4f42-8737-46345c09c238/DefaultPowerSchemeValues/PerfDecreaseThreshold/DcValueMCSF/Power/Policy/Settings/Processor/SchemePersonality/ded574b5-45a0-4f42-8737-46345c09c238/DefaultPowerSchemeValues/PerfEnergyPreference/DcValueMCSF/Power/Policy/Settings/Processor/SchemePersonality/ded574b5-45a0-4f42-8737-46345c09c238/DefaultPowerSchemeValues/PerfIncreasePolicy/DcValueMCSF/Power/Policy/Settings/Processor/SchemePersonality/ded574b5-45a0-4f42-8737-46345c09c238/DefaultPowerSchemeValues/PerfIncreaseThreshold/DcValue"
"23-05-2026 23:07:35","11","Information","Microsoft-Windows-Provisioning-Diagnostics-Provider","ProvXML category 'PowerSettings' completed successfully. Provisioning succeeded"
"23-05-2026 23:07:35","10","Information","Microsoft-Windows-Provisioning-Diagnostics-Provider","Configuring ProvXML with category 'PowerSettings'.

ProvXML data:
MCSF/Power/Policy/Settings/Processor/SchemePersonality/381b4222-f694-41f0-9685-ff5bb260df2e/DefaultPowerSchemeValues/CPMinCores/AcValueMCSF/Power/Policy/Settings/Processor/SchemePersonality/381b4222-f694-41f0-9685-ff5bb260df2e/DefaultPowerSchemeValues/CPMinCores/DcValueMCSF/Power/Policy/Settings/Processor/SchemePersonality/381b4222-f694-41f0-9685-ff5bb260df2e/DefaultPowerSchemeValues/ModuleUnparkPolicy/AcValueMCSF/Power/Policy/Settings/Processor/SchemePersonality/381b4222-f694-41f0-9685-ff5bb260df2e/DefaultPowerSchemeValues/ModuleUnparkPolicy/DcValueMCSF/Power/Policy/Settings/Processor/SchemePersonality/381b4222-f694-41f0-9685-ff5bb260df2e/DefaultPowerSchemeValues/PerfAutonomousMode/AcValueMCSF/Power/Policy/Settings/Processor/SchemePersonality/381b4222-f694-41f0-9685-ff5bb260df2e/DefaultPowerSchemeValues/PerfAutonomousMode/DcValueMCSF/Power/Policy/Settings/Processor/SchemePersonality/8c5e7fda-e8bf-4a96-9a85-a6e23a8c635c/DefaultPowerSchemeValues/ModuleUnparkPolicy/AcValueMCSF/Power/Policy/Settings/Processor/SchemePersonality/8c5e7fda-e8bf-4a96-9a85-a6e23a8c635c/DefaultPowerSchemeValues/ModuleUnparkPolicy/DcValueMCSF/Power/Policy/Settings/Processor/SchemePersonality/8c5e7fda-e8bf-4a96-9a85-a6e23a8c635c/DefaultPowerSchemeValues/PerfAutonomousMode/AcValueMCSF/Power/Policy/Settings/Processor/SchemePersonality/8c5e7fda-e8bf-4a96-9a85-a6e23a8c635c/DefaultPowerSchemeValues/PerfAutonomousMode/DcValueMCSF/Power/Policy/Settings/Processor/SchemePersonality/a1841308-3541-4fab-bc81-f71556f20b4a/DefaultPowerSchemeValues/CPMinCores/AcValueMCSF/Power/Policy/Settings/Processor/SchemePersonality/a1841308-3541-4fab-bc81-f71556f20b4a/DefaultPowerSchemeValues/CPMinCores/DcValueMCSF/Power/Policy/Settings/Processor/SchemePersonality/a1841308-3541-4fab-bc81-f71556f20b4a/DefaultPowerSchemeValues/ModuleUnparkPolicy/AcValueMCSF/Power/Policy/Settings/Processor/SchemePersonality/a1841308-3541-4fab-bc81-f71556f20b4a/DefaultPowerSchemeValues/ModuleUnparkPolicy/DcValueMCSF/Power/Policy/Settings/Processor/SchemePersonality/a1841308-3541-4fab-bc81-f71556f20b4a/DefaultPowerSchemeValues/PerfAutonomousMode/AcValueMCSF/Power/Policy/Settings/Processor/SchemePersonality/a1841308-3541-4fab-bc81-f71556f20b4a/DefaultPowerSchemeValues/PerfAutonomousMode/DcValue"
"23-05-2026 23:07:35","91","Information","Microsoft-Windows-Provisioning-Diagnostics-Provider","RegisterForCspAlerts succeeded. EnrollmentId = {fc01e91f-914c-45af-9d7c-0b2e5fbedf64}."
"23-05-2026 23:07:35","11","Information","Microsoft-Windows-Provisioning-Diagnostics-Provider","ProvXML category 'PowerSettings' completed successfully. Provisioning succeeded"
"23-05-2026 23:07:35","10","Information","Microsoft-Windows-Provisioning-Diagnostics-Provider","Configuring ProvXML with category 'PowerSettings'.

ProvXML data:
MCSF/Power/Policy/Settings/PCIExpress/SchemePersonality/381b4222-f694-41f0-9685-ff5bb260df2e/Setting/ASPM/AcValueMCSF/Power/Policy/Settings/PCIExpress/SchemePersonality/381b4222-f694-41f0-9685-ff5bb260df2e/Setting/ASPM/DcValue"
"23-05-2026 23:07:35","11","Information","Microsoft-Windows-Provisioning-Diagnostics-Provider","ProvXML category 'PowerSettings' completed successfully. Provisioning succeeded"
"23-05-2026 23:07:35","10","Information","Microsoft-Windows-Provisioning-Diagnostics-Provider","Configuring ProvXML with category 'PowerSettings'.

ProvXML data:
MCSF/Power/Policy/Settings/PCIExpress/SchemePersonality/381b4222-f694-41f0-9685-ff5bb260df2e/Setting/ASPM/AcValueMCSF/Power/Policy/Settings/PCIExpress/SchemePersonality/381b4222-f694-41f0-9685-ff5bb260df2e/Setting/ASPM/DcValue"
"23-05-2026 23:07:35","91","Information","Microsoft-Windows-Provisioning-Diagnostics-Provider","RegisterForCspAlerts succeeded. EnrollmentId = {268c43e1-aa2b-4036-86ef-8cda98a0c2fe}."
"23-05-2026 23:07:35","11","Information","Microsoft-Windows-Provisioning-Diagnostics-Provider","ProvXML category 'PowerSettings' completed successfully. Provisioning succeeded"
"23-05-2026 23:07:35","10","Information","Microsoft-Windows-Provisioning-Diagnostics-Provider","Configuring ProvXML with category 'PowerSettings'.

ProvXML data:
MCSF/Power/Policy/Settings/IdleResiliency/SchemePersonality/381b4222-f694-41f0-9685-ff5bb260df2e/Setting/IOCoalescingTimeout/AcValueMCSF/Power/Policy/Settings/IdleResiliency/SchemePersonality/381b4222-f694-41f0-9685-ff5bb260df2e/Setting/IOCoalescingTimeout/DcValueMCSF/Power/Policy/Settings/IdleResiliency/SchemePersonality/8c5e7fda-e8bf-4a96-9a85-a6e23a8c635c/Setting/IOCoalescingTimeout/AcValueMCSF/Power/Policy/Settings/IdleResiliency/SchemePersonality/8c5e7fda-e8bf-4a96-9a85-a6e23a8c635c/Setting/IOCoalescingTimeout/DcValueMCSF/Power/Policy/Settings/IdleResiliency/SchemePersonality/a1841308-3541-4fab-bc81-f71556f20b4a/Setting/IOCoalescingTimeout/AcValueMCSF/Power/Policy/Settings/IdleResiliency/SchemePersonality/a1841308-3541-4fab-bc81-f71556f20b4a/Setting/IOCoalescingTimeout/DcValue"
"23-05-2026 23:07:35","91","Information","Microsoft-Windows-Provisioning-Diagnostics-Provider","RegisterForCspAlerts succeeded. EnrollmentId = {f11899f2-71ec-4621-9997-e17ae2f6eb26}."
"23-05-2026 23:07:35","11","Information","Microsoft-Windows-Provisioning-Diagnostics-Provider","ProvXML category 'PowerSettings' completed successfully. Provisioning succeeded"
"23-05-2026 23:07:34","10","Information","Microsoft-Windows-Provisioning-Diagnostics-Provider","Configuring ProvXML with category 'PowerSettings'.

ProvXML data:
MCSF/Power/Policy/Settings/Graphics/SchemePersonality/961cc777-2547-4f9d-8174-7d86181b8a7a/Setting/GpuPreferencePolicy/AcValueMCSF/Power/Policy/Settings/Graphics/SchemePersonality/961cc777-2547-4f9d-8174-7d86181b8a7a/Setting/GpuPreferencePolicy/DcValueMCSF/Power/Policy/Settings/Graphics/SchemePersonality/ded574b5-45a0-4f42-8737-46345c09c238/Setting/GpuPreferencePolicy/AcValueMCSF/Power/Policy/Settings/Graphics/SchemePersonality/ded574b5-45a0-4f42-8737-46345c09c238/Setting/GpuPreferencePolicy/DcValue"
"23-05-2026 23:07:34","91","Information","Microsoft-Windows-Provisioning-Diagnostics-Provider","RegisterForCspAlerts succeeded. EnrollmentId = {bf56ce5a-946b-45b5-858a-1794eb0125e2}."
"23-05-2026 23:07:34","11","Information","Microsoft-Windows-Provisioning-Diagnostics-Provider","ProvXML category 'PowerSettings' completed successfully. Provisioning succeeded"
"23-05-2026 23:07:34","10","Information","Microsoft-Windows-Provisioning-Diagnostics-Provider","Configuring ProvXML with category 'PowerSettings'.

ProvXML data:
MCSF/Power/Policy/Settings/Display/SchemePersonality/381b4222-f694-41f0-9685-ff5bb260df2e/Setting/ConsoleLockTimeout/AcValueMCSF/Power/Policy/Settings/Display/SchemePersonality/381b4222-f694-41f0-9685-ff5bb260df2e/Setting/ConsoleLockTimeout/DcValueMCSF/Power/Policy/Settings/Display/SchemePersonality/381b4222-f694-41f0-9685-ff5bb260df2e/Setting/DimTimeout/AcValueMCSF/Power/Policy/Settings/Display/SchemePersonality/381b4222-f694-41f0-9685-ff5bb260df2e/Setting/DimTimeout/DcValueMCSF/Power/Policy/Settings/Display/SchemePersonality/8c5e7fda-e8bf-4a96-9a85-a6e23a8c635c/Setting/ConsoleLockTimeout/AcValueMCSF/Power/Policy/Settings/Display/SchemePersonality/8c5e7fda-e8bf-4a96-9a85-a6e23a8c635c/Setting/ConsoleLockTimeout/DcValueMCSF/Power/Policy/Settings/Display/SchemePersonality/8c5e7fda-e8bf-4a96-9a85-a6e23a8c635c/Setting/DimTimeout/AcValueMCSF/Power/Policy/Settings/Display/SchemePersonality/8c5e7fda-e8bf-4a96-9a85-a6e23a8c635c/Setting/DimTimeout/DcValueMCSF/Power/Policy/Settings/Display/SchemePersonality/8c5e7fda-e8bf-4a96-9a85-a6e23a8c635c/Setting/IdleTimeout/AcValueMCSF/Power/Policy/Settings/Display/SchemePersonality/8c5e7fda-e8bf-4a96-9a85-a6e23a8c635c/Setting/IdleTimeout/DcValueMCSF/Power/Policy/Settings/Display/SchemePersonality/a1841308-3541-4fab-bc81-f71556f20b4a/Setting/ConsoleLockTimeout/AcValueMCSF/Power/Policy/Settings/Display/SchemePersonality/a1841308-3541-4fab-bc81-f71556f20b4a/Setting/ConsoleLockTimeout/DcValueMCSF/Power/Policy/Settings/Display/SchemePersonality/a1841308-3541-4fab-bc81-f71556f20b4a/Setting/DimTimeout/AcValueMCSF/Power/Policy/Settings/Display/SchemePersonality/a1841308-3541-4fab-bc81-f71556f20b4a/Setting/DimTimeout/DcValue"
"23-05-2026 23:07:34","91","Information","Microsoft-Windows-Provisioning-Diagnostics-Provider","RegisterForCspAlerts succeeded. EnrollmentId = {23cb517f-5073-4e96-a202-7fe6122a2271}."
"23-05-2026 23:07:34","11","Information","Microsoft-Windows-Provisioning-Diagnostics-Provider","ProvXML category 'PowerSettings' completed successfully. Provisioning succeeded"
"23-05-2026 23:07:34","10","Information","Microsoft-Windows-Provisioning-Diagnostics-Provider","Configuring ProvXML with category 'PowerSettings'.

ProvXML data:
MCSF/Power/Policy/Settings/Disk/SchemePersonality/381b4222-f694-41f0-9685-ff5bb260df2e/Setting/IdleTimeout/AcValueMCSF/Power/Policy/Settings/Disk/SchemePersonality/381b4222-f694-41f0-9685-ff5bb260df2e/Setting/IdleTimeout/DcValueMCSF/Power/Policy/Settings/Disk/SchemePersonality/8c5e7fda-e8bf-4a96-9a85-a6e23a8c635c/Setting/IdleTimeout/AcValueMCSF/Power/Policy/Settings/Disk/SchemePersonality/8c5e7fda-e8bf-4a96-9a85-a6e23a8c635c/Setting/IdleTimeout/DcValueMCSF/Power/Policy/Settings/Disk/SchemePersonality/a1841308-3541-4fab-bc81-f71556f20b4a/Setting/IdleTimeout/AcValueMCSF/Power/Policy/Settings/Disk/SchemePersonality/a1841308-3541-4fab-bc81-f71556f20b4a/Setting/IdleTimeout/DcValue"
"23-05-2026 23:07:34","91","Information","Microsoft-Windows-Provisioning-Diagnostics-Provider","RegisterForCspAlerts succeeded. EnrollmentId = {9df6a4ed-fc16-48bf-8b24-6e2ad2bfcfea}."
"23-05-2026 23:07:34","11","Information","Microsoft-Windows-Provisioning-Diagnostics-Provider","ProvXML category 'PowerSettings' completed successfully. Provisioning succeeded"
"23-05-2026 23:07:34","10","Information","Microsoft-Windows-Provisioning-Diagnostics-Provider","Configuring ProvXML with category 'PowerSettings'.

ProvXML data:
MCSF/Power/Controls/EnableInputSuppression"
"23-05-2026 23:07:34","11","Information","Microsoft-Windows-Provisioning-Diagnostics-Provider","ProvXML category 'PowerSettings' completed successfully. Provisioning succeeded"
"23-05-2026 23:07:34","10","Information","Microsoft-Windows-Provisioning-Diagnostics-Provider","Configuring ProvXML with category 'PowerSettings'.

ProvXML data:
MCSF/Power/Controls/IgnoreCsComplianceCheck"
"23-05-2026 23:07:34","11","Information","Microsoft-Windows-Provisioning-Diagnostics-Provider","ProvXML category 'PowerSettings' completed successfully. Provisioning succeeded"
"23-05-2026 23:07:33","10","Information","Microsoft-Windows-Provisioning-Diagnostics-Provider","Configuring ProvXML with category 'PowerSettings'.

ProvXML data:
MCSF/Power/Controls/EnablePowerButtonSuppression"
"23-05-2026 23:07:33","91","Information","Microsoft-Windows-Provisioning-Diagnostics-Provider","RegisterForCspAlerts succeeded. EnrollmentId = {5f568920-10ad-4dc0-a97e-b78a3255c351}."
"23-05-2026 23:07:33","11","Information","Microsoft-Windows-Provisioning-Diagnostics-Provider","ProvXML category 'PowerSettings' completed successfully. Provisioning succeeded"
"23-05-2026 23:07:33","10","Information","Microsoft-Windows-Provisioning-Diagnostics-Provider","Configuring ProvXML with category 'PowerSettings'.

ProvXML data:
MCSF/Power/Policy/Settings/Button/SchemePersonality/381b4222-f694-41f0-9685-ff5bb260df2e/Setting/PowerButtonAction/AcValueMCSF/Power/Policy/Settings/Button/SchemePersonality/381b4222-f694-41f0-9685-ff5bb260df2e/Setting/PowerButtonAction/DcValueMCSF/Power/Policy/Settings/Button/SchemePersonality/8c5e7fda-e8bf-4a96-9a85-a6e23a8c635c/Setting/PowerButtonAction/AcValueMCSF/Power/Policy/Settings/Button/SchemePersonality/8c5e7fda-e8bf-4a96-9a85-a6e23a8c635c/Setting/PowerButtonAction/DcValueMCSF/Power/Policy/Settings/Button/SchemePersonality/a1841308-3541-4fab-bc81-f71556f20b4a/Setting/PowerButtonAction/AcValueMCSF/Power/Policy/Settings/Button/SchemePersonality/a1841308-3541-4fab-bc81-f71556f20b4a/Setting/PowerButtonAction/DcValue"
"23-05-2026 23:07:33","11","Information","Microsoft-Windows-Provisioning-Diagnostics-Provider","ProvXML category 'PowerSettings' completed successfully. Provisioning succeeded"
"23-05-2026 23:07:33","10","Information","Microsoft-Windows-Provisioning-Diagnostics-Provider","Configuring ProvXML with category 'PowerSettings'.

ProvXML data:
MCSF/Power/Policy/Settings/Button/SchemePersonality/381b4222-f694-41f0-9685-ff5bb260df2e/Setting/PowerButtonAction/AcValueMCSF/Power/Policy/Settings/Button/SchemePersonality/381b4222-f694-41f0-9685-ff5bb260df2e/Setting/PowerButtonAction/DcValueMCSF/Power/Policy/Settings/Button/SchemePersonality/8c5e7fda-e8bf-4a96-9a85-a6e23a8c635c/Setting/PowerButtonAction/AcValueMCSF/Power/Policy/Settings/Button/SchemePersonality/8c5e7fda-e8bf-4a96-9a85-a6e23a8c635c/Setting/PowerButtonAction/DcValueMCSF/Power/Policy/Settings/Button/SchemePersonality/a1841308-3541-4fab-bc81-f71556f20b4a/Setting/PowerButtonAction/AcValueMCSF/Power/Policy/Settings/Button/SchemePersonality/a1841308-3541-4fab-bc81-f71556f20b4a/Setting/PowerButtonAction/DcValue"
"23-05-2026 23:07:33","91","Information","Microsoft-Windows-Provisioning-Diagnostics-Provider","RegisterForCspAlerts succeeded. EnrollmentId = {18dcffd4-37d6-4bc6-87e0-4266fdbb8e49}."
"23-05-2026 23:07:33","11","Information","Microsoft-Windows-Provisioning-Diagnostics-Provider","ProvXML category 'PowerSettings' completed successfully. Provisioning succeeded"
"23-05-2026 23:07:33","10","Information","Microsoft-Windows-Provisioning-Diagnostics-Provider","Configuring ProvXML with category 'PowerSettings'.

ProvXML data:
MCSF/Power/Policy/Settings/Battery/SchemePersonality/381b4222-f694-41f0-9685-ff5bb260df2e/Setting/CriticalBatteryLevel/AcValueMCSF/Power/Policy/Settings/Battery/SchemePersonality/381b4222-f694-41f0-9685-ff5bb260df2e/Setting/CriticalBatteryLevel/DcValueMCSF/Power/Policy/Settings/Battery/SchemePersonality/381b4222-f694-41f0-9685-ff5bb260df2e/Setting/LowBatteryLevel/AcValueMCSF/Power/Policy/Settings/Battery/SchemePersonality/381b4222-f694-41f0-9685-ff5bb260df2e/Setting/LowBatteryLevel/DcValueMCSF/Power/Policy/Settings/Battery/SchemePersonality/381b4222-f694-41f0-9685-ff5bb260df2e/Setting/ReserveBatteryLevel/AcValueMCSF/Power/Policy/Settings/Battery/SchemePersonality/381b4222-f694-41f0-9685-ff5bb260df2e/Setting/ReserveBatteryLevel/DcValueMCSF/Power/Policy/Settings/Battery/SchemePersonality/8c5e7fda-e8bf-4a96-9a85-a6e23a8c635c/Setting/CriticalBatteryLevel/AcValueMCSF/Power/Policy/Settings/Battery/SchemePersonality/8c5e7fda-e8bf-4a96-9a85-a6e23a8c635c/Setting/CriticalBatteryLevel/DcValueMCSF/Power/Policy/Settings/Battery/SchemePersonality/8c5e7fda-e8bf-4a96-9a85-a6e23a8c635c/Setting/LowBatteryLevel/AcValueMCSF/Power/Policy/Settings/Battery/SchemePersonality/8c5e7fda-e8bf-4a96-9a85-a6e23a8c635c/Setting/LowBatteryLevel/DcValueMCSF/Power/Policy/Settings/Battery/SchemePersonality/8c5e7fda-e8bf-4a96-9a85-a6e23a8c635c/Setting/ReserveBatteryLevel/AcValueMCSF/Power/Policy/Settings/Battery/SchemePersonality/8c5e7fda-e8bf-4a96-9a85-a6e23a8c635c/Setting/ReserveBatteryLevel/DcValueMCSF/Power/Policy/Settings/Battery/SchemePersonality/a1841308-3541-4fab-bc81-f71556f20b4a/Setting/CriticalBatteryLevel/AcValueMCSF/Power/Policy/Settings/Battery/SchemePersonality/a1841308-3541-4fab-bc81-f71556f20b4a/Setting/CriticalBatteryLevel/DcValueMCSF/Power/Policy/Settings/Battery/SchemePersonality/a1841308-3541-4fab-bc81-f71556f20b4a/Setting/LowBatteryLevel/AcValueMCSF/Power/Policy/Settings/Battery/SchemePersonality/a1841308-3541-4fab-bc81-f71556f20b4a/Setting/LowBatteryLevel/DcValueMCSF/Power/Policy/Settings/Battery/SchemePersonality/a1841308-3541-4fab-bc81-f71556f20b4a/Setting/ReserveBatteryLevel/AcValueMCSF/Power/Policy/Settings/Battery/SchemePersonality/a1841308-3541-4fab-bc81-f71556f20b4a/Setting/ReserveBatteryLevel/DcValue"
"23-05-2026 23:07:33","91","Information","Microsoft-Windows-Provisioning-Diagnostics-Provider","RegisterForCspAlerts succeeded. EnrollmentId = {7a30a9be-737f-47a1-a541-6e7b0761ed19}."
"23-05-2026 23:07:33","11","Information","Microsoft-Windows-Provisioning-Diagnostics-Provider","ProvXML category 'PowerSettings' completed successfully. Provisioning succeeded"
"23-05-2026 23:07:32","10","Information","Microsoft-Windows-Provisioning-Diagnostics-Provider","Configuring ProvXML with category 'PowerSettings'.

ProvXML data:
MCSF/Power/EnergyEstimationEngine/Wifi/WifiClass/ClassAC/TailDurationMsMCSF/Power/EnergyEstimationEngine/Wifi/WifiClass/ClassAC/TailPowerMwMCSF/Power/EnergyEstimationEngine/Wifi/WifiClass/ClassAC/TxRxPowerMwMCSF/Power/EnergyEstimationEngine/Wifi/WifiClass/ClassB/TailDurationMsMCSF/Power/EnergyEstimationEngine/Wifi/WifiClass/ClassB/TailPowerMwMCSF/Power/EnergyEstimationEngine/Wifi/WifiClass/ClassB/TxRxPowerMwMCSF/Power/EnergyEstimationEngine/Wifi/WifiClass/ClassG/TailDurationMsMCSF/Power/EnergyEstimationEngine/Wifi/WifiClass/ClassG/TailPowerMwMCSF/Power/EnergyEstimationEngine/Wifi/WifiClass/ClassG/TxRxPowerMwMCSF/Power/EnergyEstimationEngine/Wifi/WifiClass/ClassN/TailDurationMsMCSF/Power/EnergyEstimationEngine/Wifi/WifiClass/ClassN/TailPowerMwMCSF/Power/EnergyEstimationEngine/Wifi/WifiClass/ClassN/TxRxPowerMw"
"23-05-2026 23:07:32","91","Information","Microsoft-Windows-Provisioning-Diagnostics-Provider","RegisterForCspAlerts succeeded. EnrollmentId = {b0b9123d-7d7f-4c6b-9973-ceced46f2a09}."
"23-05-2026 23:07:32","11","Information","Microsoft-Windows-Provisioning-Diagnostics-Provider","ProvXML category 'PowerSettings' completed successfully. Provisioning succeeded"
"23-05-2026 23:07:32","10","Information","Microsoft-Windows-Provisioning-Diagnostics-Provider","Configuring ProvXML with category 'PowerSettings'.

ProvXML data:
MCSF/Power/EnergyEstimationEngine/EnergyEstimationTelemetry/BatteryDrainMinRateMCSF/Power/EnergyEstimationEngine/EnergyEstimationTelemetry/LongtermTimerInMinutes"
"23-05-2026 23:07:32","91","Information","Microsoft-Windows-Provisioning-Diagnostics-Provider","RegisterForCspAlerts succeeded. EnrollmentId = {8fb7d64e-70fc-4f9d-89ee-d486817534df}."
"23-05-2026 23:07:32","11","Information","Microsoft-Windows-Provisioning-Diagnostics-Provider","ProvXML category 'PowerSettings' completed successfully. Provisioning succeeded"
"23-05-2026 23:07:32","10","Information","Microsoft-Windows-Provisioning-Diagnostics-Provider","Configuring ProvXML with category 'PowerSettings'.

ProvXML data:
MCSF/Power/EnergyEstimationEngine/Storage/StorageType/HDD/ActivePowerParameters/FlushPowerMwMCSF/Power/EnergyEstimationEngine/Storage/StorageType/HDD/ActivePowerParameters/LargeRandomReadPowerMwMCSF/Power/EnergyEstimationEngine/Storage/StorageType/HDD/ActivePowerParameters/LargeRandomWritePowerMwMCSF/Power/EnergyEstimationEngine/Storage/StorageType/HDD/ActivePowerParameters/LargeSequentialReadPowerMwMCSF/Power/EnergyEstimationEngine/Storage/StorageType/HDD/ActivePowerParameters/LargeSequentialWritePowerMwMCSF/Power/EnergyEstimationEngine/Storage/StorageType/HDD/ActivePowerParameters/SmallRandomReadPowerMwMCSF/Power/EnergyEstimationEngine/Storage/StorageType/HDD/ActivePowerParameters/SmallRandomWritePowerMwMCSF/Power/EnergyEstimationEngine/Storage/StorageType/HDD/ActivePowerParameters/SmallSequentialReadPowerMwMCSF/Power/EnergyEstimationEngine/Storage/StorageType/HDD/ActivePowerParameters/SmallSequentialWritePowerMwMCSF/Power/EnergyEstimationEngine/Storage/StorageType/HDD/IdlePowerParameters/IdleState/1/IdleExitEnergyMicroJoulesMCSF/Power/EnergyEstimationEngine/Storage/StorageType/HDD/IdlePowerParameters/IdleState/1/IdleExitLatencyMsMCSF/Power/EnergyEstimationEngine/Storage/StorageType/HDD/IdlePowerParameters/IdleState/1/IdlePowerMwMCSF/Power/EnergyEstimationEngine/Storage/StorageType/HDD/IdlePowerParameters/IdleState/1/IdleTimeLengthMsMCSF/Power/EnergyEstimationEngine/Storage/StorageType/HDD/IdlePowerParameters/IdleState/2/IdleExitEnergyMicroJoulesMCSF/Power/EnergyEstimationEngine/Storage/StorageType/HDD/IdlePowerParameters/IdleState/2/IdleExitLatencyMsMCSF/Power/EnergyEstimationEngine/Storage/StorageType/HDD/IdlePowerParameters/IdleState/2/IdlePowerMwMCSF/Power/EnergyEstimationEngine/Storage/StorageType/HDD/IdlePowerParameters/IdleState/2/IdleTimeLengthMsMCSF/Power/EnergyEstimationEngine/Storage/StorageType/HDD/IdlePowerParameters/IdleState/3/IdleExitEnergyMicroJoulesMCSF/Power/EnergyEstimationEngine/Storage/StorageType/HDD/IdlePowerParameters/IdleState/3/IdleExitLatencyMsMCSF/Power/EnergyEstimationEngine/Storage/StorageType/HDD/IdlePowerParameters/IdleState/3/IdlePowerMwMCSF/Power/EnergyEstimationEngine/Storage/StorageType/HDD/IdlePowerParameters/IdleState/3/IdleTimeLengthMsMCSF/Power/EnergyEstimationEngine/Storage/StorageType/HDD/IdlePowerParameters/NumberOfIdleStatesMCSF/Power/EnergyEstimationEngine/Storage/StorageType/SD/ActivePowerParameters/FlushPowerMwMCSF/Power/EnergyEstimationEngine/Storage/StorageType/SD/ActivePowerParameters/LargeRandomReadPowerMwMCSF/Power/EnergyEstimationEngine/Storage/StorageType/SD/ActivePowerParameters/LargeRandomWritePowerMwMCSF/Power/EnergyEstimationEngine/Storage/StorageType/SD/ActivePowerParameters/LargeSequentialReadPowerMwMCSF/Power/EnergyEstimationEngine/Storage/StorageType/SD/ActivePowerParameters/LargeSequentialWritePowerMwMCSF/Power/EnergyEstimationEngine/Storage/StorageType/SD/ActivePowerParameters/SmallRandomReadPowerMwMCSF/Power/EnergyEstimationEngine/Storage/StorageType/SD/ActivePowerParameters/SmallRandomWritePowerMwMCSF/Power/EnergyEstimationEngine/Storage/StorageType/SD/ActivePowerParameters/SmallSequentialReadPowerMwMCSF/Power/EnergyEstimationEngine/Storage/StorageType/SD/ActivePowerParameters/SmallSequentialWritePowerMwMCSF/Power/EnergyEstimationEngine/Storage/StorageType/SD/IdlePowerParameters/IdleState/1/IdleExitEnergyMicroJoulesMCSF/Power/EnergyEstimationEngine/Storage/StorageType/SD/IdlePowerParameters/IdleState/1/IdleExitLatencyMsMCSF/Power/EnergyEstimationEngine/Storage/StorageType/SD/IdlePowerParameters/IdleState/1/IdlePowerMwMCSF/Power/EnergyEstimationEngine/Storage/StorageType/SD/IdlePowerParameters/IdleState/1/IdleTimeLengthMsMCSF/Power/EnergyEstimationEngine/Storage/StorageType/SD/IdlePowerParameters/NumberOfIdleStatesMCSF/Power/EnergyEstimationEngine/Storage/StorageType/SSD/ActivePowerParameters/FlushPowerMwMCSF/Power/EnergyEstimationEngine/Storage/StorageType/SSD/ActivePowerParameters/LargeRandomReadPowerMwMCSF/Power/EnergyEstimationEngine/Storage/StorageType/SSD/ActivePowerParameters/LargeRandomWritePowerMwMCSF/Power/EnergyEstimationEngine/Storage/StorageType/SSD/ActivePowerParameters/LargeSequentialReadPowerMwMCSF/Power/EnergyEstimationEngine/Storage/StorageType/SSD/ActivePowerParameters/LargeSequentialWritePowerMwMCSF/Power/EnergyEstimationEngine/Storage/StorageType/SSD/ActivePowerParameters/SmallRandomReadPowerMwMCSF/Power/EnergyEstimationEngine/Storage/StorageType/SSD/ActivePowerParameters/SmallRandomWritePowerMwMCSF/Power/EnergyEstimationEngine/Storage/StorageType/SSD/ActivePowerParameters/SmallSequentialReadPowerMwMCSF/Power/EnergyEstimationEngine/Storage/StorageType/SSD/ActivePowerParameters/SmallSequentialWritePowerMwMCSF/Power/EnergyEstimationEngine/Storage/StorageType/SSD/IdlePowerParameters/IdleState/1/IdleExitEnergyMicroJoulesMCSF/Power/EnergyEstimationEngine/Storage/StorageType/SSD/IdlePowerParameters/IdleState/1/IdleExitLatencyMsMCSF/Power/EnergyEstimationEngine/Storage/StorageType/SSD/IdlePowerParameters/IdleState/1/IdlePowerMwMCSF/Power/EnergyEstimationEngine/Storage/StorageType/SSD/IdlePowerParameters/IdleState/1/IdleTimeLengthMsMCSF/Power/EnergyEstimationEngine/Storage/StorageType/SSD/IdlePowerParameters/IdleState/2/IdleExitEnergyMicroJoulesMCSF/Power/EnergyEstimationEngine/Storage/StorageType/SSD/IdlePowerParameters/IdleState/2/IdleExitLatencyMsMCSF/Power/EnergyEstimationEngine/Storage/StorageType/SSD/IdlePowerParameters/IdleState/2/IdlePowerMwMCSF/Power/EnergyEstimationEngine/Storage/StorageType/SSD/IdlePowerParameters/IdleState/2/IdleTimeLengthMsMCSF/Power/EnergyEstimationEngine/Storage/StorageType/SSD/IdlePowerParameters/IdleState/3/IdleExitEnergyMicroJoulesMCSF/Power/EnergyEstimationEngine/Storage/StorageType/SSD/IdlePowerParameters/IdleState/3/IdleExitLatencyMsMCSF/Power/EnergyEstimationEngine/Storage/StorageType/SSD/IdlePowerParameters/IdleState/3/IdlePowerMwMCSF/Power/EnergyEstimationEngine/Storage/StorageType/SSD/IdlePowerParameters/IdleState/3/IdleTimeLengthMsMCSF/Power/EnergyEstimationEngine/Storage/StorageType/SSD/IdlePowerParameters/NumberOfIdleStates"
"23-05-2026 23:07:32","91","Information","Microsoft-Windows-Provisioning-Diagnostics-Provider","RegisterForCspAlerts succeeded. EnrollmentId = {9aec5bda-1e87-46b3-bb96-1a01c606555e}."
"23-05-2026 23:07:32","11","Information","Microsoft-Windows-Provisioning-Diagnostics-Provider","ProvXML category 'PowerSettings' completed successfully. Provisioning succeeded"
"23-05-2026 23:07:31","10","Information","Microsoft-Windows-Provisioning-Diagnostics-Provider","Configuring ProvXML with category 'PowerSettings'.

ProvXML data:
MCSF/Power/EnergyEstimationEngine/StandbyActivationEnergy/DripsPowerFloorMilliWatts"
"23-05-2026 23:07:31","91","Information","Microsoft-Windows-Provisioning-Diagnostics-Provider","RegisterForCspAlerts succeeded. EnrollmentId = {8d196d7f-3eef-48ad-8bea-be749f12d3ad}."
"23-05-2026 23:07:31","11","Information","Microsoft-Windows-Provisioning-Diagnostics-Provider","ProvXML category 'PowerSettings' completed successfully. Provisioning succeeded"
"23-05-2026 23:07:31","10","Information","Microsoft-Windows-Provisioning-Diagnostics-Provider","Configuring ProvXML with category 'PowerSettings'.

ProvXML data:
MCSF/Power/EnergyEstimationEngine/MobileBroadband/MBBClass/2G/TailDurationMsMCSF/Power/EnergyEstimationEngine/MobileBroadband/MBBClass/2G/TailPowerMwMCSF/Power/EnergyEstimationEngine/MobileBroadband/MBBClass/2G/TxRxPowerMwMCSF/Power/EnergyEstimationEngine/MobileBroadband/MBBClass/2GTransitional/TailDurationMsMCSF/Power/EnergyEstimationEngine/MobileBroadband/MBBClass/2GTransitional/TailPowerMwMCSF/Power/EnergyEstimationEngine/MobileBroadband/MBBClass/2GTransitional/TxRxPowerMwMCSF/Power/EnergyEstimationEngine/MobileBroadband/MBBClass/3G/TailDurationMsMCSF/Power/EnergyEstimationEngine/MobileBroadband/MBBClass/3G/TailPowerMwMCSF/Power/EnergyEstimationEngine/MobileBroadband/MBBClass/3G/TxRxPowerMwMCSF/Power/EnergyEstimationEngine/MobileBroadband/MBBClass/4G/TailDurationMsMCSF/Power/EnergyEstimationEngine/MobileBroadband/MBBClass/4G/TailPowerMwMCSF/Power/EnergyEstimationEngine/MobileBroadband/MBBClass/4G/TxRxPowerMw"
"23-05-2026 23:07:31","91","Information","Microsoft-Windows-Provisioning-Diagnostics-Provider","RegisterForCspAlerts succeeded. EnrollmentId = {99b095d8-5959-4820-bea7-7448c8427b4e}."
"23-05-2026 23:07:31","11","Information","Microsoft-Windows-Provisioning-Diagnostics-Provider","ProvXML category 'PowerSettings' completed successfully. Provisioning succeeded"
"23-05-2026 23:07:31","10","Information","Microsoft-Windows-Provisioning-Diagnostics-Provider","Configuring ProvXML with category 'PowerSettings'.

ProvXML data:
MCSF/Power/EnergyEstimationEngine/Display/DisplayBacklightPowerFloorMCSF/Power/EnergyEstimationEngine/Display/DisplayBacklightPowerGradientMCSF/Power/EnergyEstimationEngine/Display/DisplayBacklightPowerQDenominatorMCSF/Power/EnergyEstimationEngine/Display/DisplayBacklightPowerQNumeratorMCSF/Power/EnergyEstimationEngine/Display/DisplayPanelPowerAreaFactorMCSF/Power/EnergyEstimationEngine/Display/DisplayPanelPowerDpiFactorMCSF/Power/EnergyEstimationEngine/Display/DisplayPanelPowerFloorMCSF/Power/EnergyEstimationEngine/Display/DisplayPanelPowerVsyncDelta"
"23-05-2026 23:07:31","91","Information","Microsoft-Windows-Provisioning-Diagnostics-Provider","RegisterForCspAlerts succeeded. EnrollmentId = {ee4aac98-c174-4941-82b1-d121e493e4fb}."
"23-05-2026 23:07:31","11","Information","Microsoft-Windows-Provisioning-Diagnostics-Provider","ProvXML category 'PowerSettings' completed successfully. Provisioning succeeded"
"23-05-2026 23:07:31","10","Information","Microsoft-Windows-Provisioning-Diagnostics-Provider","Configuring ProvXML with category 'PowerSettings'.

ProvXML data:
MCSF/Power/EnergyEstimationEngine/CPU/EfficiencyClass/0/PowerParameters/PowerEnvelope"
"23-05-2026 23:07:31","91","Information","Microsoft-Windows-Provisioning-Diagnostics-Provider","RegisterForCspAlerts succeeded. EnrollmentId = {c5dc3753-b6c8-4057-b396-bf13d769311c}."
"23-05-2026 23:07:31","11","Information","Microsoft-Windows-Provisioning-Diagnostics-Provider","ProvXML category 'PowerSettings' completed successfully. Provisioning succeeded"
"23-05-2026 23:07:31","10","Information","Microsoft-Windows-Provisioning-Diagnostics-Provider","Configuring ProvXML with category 'PowerSettings'.

ProvXML data:
MCSF/Power/Controls/EnergyEstimationEnabled"
"23-05-2026 23:07:31","91","Information","Microsoft-Windows-Provisioning-Diagnostics-Provider","RegisterForCspAlerts succeeded. EnrollmentId = {1e05dd5d-a022-46c5-963c-b20de341170f}."
"23-05-2026 23:07:30","20","Information","Microsoft-Windows-Provisioning-Diagnostics-Provider","Applying package 'Microsoft.Windows.Cosa.Desktop.Client.ppkg' ID: {c8a326e4-f518-4f14-b543-97a57e1a975e}."
"23-05-2026 23:07:30","20","Information","Microsoft-Windows-Provisioning-Diagnostics-Provider","Applying package 'SecureStart.Settings.ppkg' ID: {eb7d7f2f-3b77-4b87-b301-fd0d336f709a}."
"23-05-2026 23:07:30","20","Information","Microsoft-Windows-Provisioning-Diagnostics-Provider","Applying package 'PPM-Win11-24H2-ARL.Corp-v2025.0702122400.0b23d2b.ppkg' ID: {6298f460-b760-45e0-944d-069a6f1385f8}."
"23-05-2026 23:07:30","20","Information","Microsoft-Windows-Provisioning-Diagnostics-Provider","Applying package 'Power.Settings.Sleep.ppkg' ID: {3742e5e8-6d9d-473b-99a6-8ecc0f43548a}."
"23-05-2026 23:07:30","20","Information","Microsoft-Windows-Provisioning-Diagnostics-Provider","Applying package 'Power.Settings.Processor.ppkg' ID: {fc01e91f-914c-45af-9d7c-0b2e5fbedf62}."
"23-05-2026 23:07:30","20","Information","Microsoft-Windows-Provisioning-Diagnostics-Provider","Applying package 'Power.Settings.Processor.Intel.ppkg' ID: {fc01e91f-914c-45af-9d7c-0b2e5fbedf64}."
"23-05-2026 23:07:30","20","Information","Microsoft-Windows-Provisioning-Diagnostics-Provider","Applying package 'Power.Settings.Processor.Amd.ppkg' ID: {fc01e91f-914c-45af-9d7c-0b2e5fbedf63}."
"23-05-2026 23:07:30","20","Information","Microsoft-Windows-Provisioning-Diagnostics-Provider","Applying package 'Power.Settings.PCIExpress.ppkg' ID: {268c43e1-aa2b-4036-86ef-8cda98a0c2fe}."
"23-05-2026 23:07:30","20","Information","Microsoft-Windows-Provisioning-Diagnostics-Provider","Applying package 'Power.Settings.IdleResiliency.ppkg' ID: {f11899f2-71ec-4621-9997-e17ae2f6eb26}."
"23-05-2026 23:07:30","20","Information","Microsoft-Windows-Provisioning-Diagnostics-Provider","Applying package 'Power.Settings.Graphics.ppkg' ID: {bf56ce5a-946b-45b5-858a-1794eb0125e2}."
"23-05-2026 23:07:30","20","Information","Microsoft-Windows-Provisioning-Diagnostics-Provider","Applying package 'Power.Settings.Display.ppkg' ID: {23cb517f-5073-4e96-a202-7fe6122a2271}."
"23-05-2026 23:07:30","20","Information","Microsoft-Windows-Provisioning-Diagnostics-Provider","Applying package 'Power.Settings.Disk.ppkg' ID: {9df6a4ed-fc16-48bf-8b24-6e2ad2bfcfea}."
"23-05-2026 23:07:30","20","Information","Microsoft-Windows-Provisioning-Diagnostics-Provider","Applying package 'Power.Settings.Control.ppkg' ID: {5f568920-10ad-4dc0-a97e-b78a3255c351}."
"23-05-2026 23:07:30","20","Information","Microsoft-Windows-Provisioning-Diagnostics-Provider","Applying package 'Power.Settings.Button.ppkg' ID: {18dcffd4-37d6-4bc6-87e0-4266fdbb8e49}."
"23-05-2026 23:07:30","20","Information","Microsoft-Windows-Provisioning-Diagnostics-Provider","Applying package 'Power.Settings.Battery.ppkg' ID: {7a30a9be-737f-47a1-a541-6e7b0761ed19}."
"23-05-2026 23:07:30","20","Information","Microsoft-Windows-Provisioning-Diagnostics-Provider","Applying package 'Power.EnergyEstimationEngine.Wifi.ppkg' ID: {b0b9123d-7d7f-4c6b-9973-ceced46f2a09}."
"23-05-2026 23:07:30","20","Information","Microsoft-Windows-Provisioning-Diagnostics-Provider","Applying package 'Power.EnergyEstimationEngine.Telemetry.ppkg' ID: {8fb7d64e-70fc-4f9d-89ee-d486817534df}."
"23-05-2026 23:07:30","20","Information","Microsoft-Windows-Provisioning-Diagnostics-Provider","Applying package 'Power.EnergyEstimationEngine.Storage.ppkg' ID: {9aec5bda-1e87-46b3-bb96-1a01c606555e}."
"23-05-2026 23:07:30","20","Information","Microsoft-Windows-Provisioning-Diagnostics-Provider","Applying package 'Power.EnergyEstimationEngine.StandbyActivation.ppkg' ID: {8d196d7f-3eef-48ad-8bea-be749f12d3ad}."
"23-05-2026 23:07:30","20","Information","Microsoft-Windows-Provisioning-Diagnostics-Provider","Applying package 'Power.EnergyEstimationEngine.MBB.ppkg' ID: {99b095d8-5959-4820-bea7-7448c8427b4e}."
"23-05-2026 23:07:30","20","Information","Microsoft-Windows-Provisioning-Diagnostics-Provider","Applying package 'Power.EnergyEstimationEngine.Display.ppkg' ID: {ee4aac98-c174-4941-82b1-d121e493e4fb}."
"23-05-2026 23:07:30","20","Information","Microsoft-Windows-Provisioning-Diagnostics-Provider","Applying package 'Power.EnergyEstimationEngine.CPU.ppkg' ID: {c5dc3753-b6c8-4057-b396-bf13d769311c}."
"23-05-2026 23:07:30","20","Information","Microsoft-Windows-Provisioning-Diagnostics-Provider","Applying package 'Power.EnergyEstimationEngine.Control.ppkg' ID: {1e05dd5d-a022-46c5-963c-b20de341170f}."
"23-05-2026 23:07:30","90","Information","Microsoft-Windows-Provisioning-Diagnostics-Provider","Settings detail.
source = SysPrepHandler.
packageIdToDelete = <Not Present>.
packagePathsToAdd = <Not Present>."
