"TimeCreated","Id","LevelDisplayName","ProviderName","Message"
"18-08-2026 19:01:17","1","Information","Microsoft-Windows-PCI","[PDO] (0x0000.0x1f.0x06): Finish state transition to UNINITIALIZED"
"18-08-2026 19:01:17","1","Information","Microsoft-Windows-PCI","[PDO] (0x0000.0x1f.0x06): Begin state transition from STARTED to UNINITIALIZED"
"18-08-2026 19:01:17","1","Information","Microsoft-Windows-PCI","[PDO] (0x0000.0x1f.0x06): Finish state transition to STARTED"
"18-08-2026 19:01:17","1","Information","Microsoft-Windows-PCI","[PDO] (0x0000.0x1f.0x06): Begin state transition from UNINITIALIZED to STARTED"
"18-08-2026 19:01:12","1","Information","Microsoft-Windows-PCI","[PDO] (0x0000.0x1f.0x06): Finish state transition to REMOVED"
"18-08-2026 19:01:12","1","Information","Microsoft-Windows-PCI","[PDO] (0x0000.0x1f.0x06): Begin state transition from SURPRISE_REMOVED to REMOVED"
"18-08-2026 19:01:12","1","Information","Microsoft-Windows-PCI","[PDO] (0x0000.0x1f.0x06): Finish state transition to SURPRISE_REMOVED"
"18-08-2026 19:01:12","1","Information","Microsoft-Windows-PCI","[PDO] (0x0000.0x1f.0x06): Begin state transition from STARTED to SURPRISE_REMOVED"
"18-08-2026 14:30:53","1","Information","Microsoft-Windows-PCI","[PDO] (0x0000.0x04.0x00): Finish state transition to STARTED"
"18-08-2026 14:30:53","1","Information","Microsoft-Windows-PCI","[PDO] (0x0000.0x04.0x00): Begin state transition from UNINITIALIZED to STARTED"
"18-08-2026 14:30:47","1","Information","Microsoft-Windows-PCI","[FDO] (0x0000.0x07.0x03) (Bus 0x002b): Finish state transition to STARTED"
"18-08-2026 14:30:47","1","Information","Microsoft-Windows-PCI","[FDO] (0x0000.0x07.0x03) (Bus 0x002b): Begin state transition from UNINITIALIZED to STARTED"
"18-08-2026 14:30:47","1","Information","Microsoft-Windows-PCI","[PDO] (0x0000.0x07.0x03): Finish state transition to STARTED"
"18-08-2026 14:30:47","1","Information","Microsoft-Windows-PCI","[PDO] (0x0000.0x07.0x03): Begin state transition from UNINITIALIZED to STARTED"
"18-08-2026 14:30:47","1","Information","Microsoft-Windows-PCI","[FDO] (0x0000.0x07.0x00) (Bus 0x0001): Finish state transition to STARTED"
"18-08-2026 14:30:47","1","Information","Microsoft-Windows-PCI","[FDO] (0x0000.0x07.0x00) (Bus 0x0001): Begin state transition from UNINITIALIZED to STARTED"
"18-08-2026 14:30:47","1","Information","Microsoft-Windows-PCI","[PDO] (0x0000.0x07.0x00): Finish state transition to STARTED"
"18-08-2026 14:30:47","1","Information","Microsoft-Windows-PCI","[PDO] (0x0000.0x07.0x00): Begin state transition from UNINITIALIZED to STARTED"
"18-08-2026 14:30:46","1","Information","Microsoft-Windows-PCI","[PDO] (0x0000.0x14.0x03): Finish state transition to STARTED"
"18-08-2026 14:30:46","1","Information","Microsoft-Windows-PCI","[PDO] (0x0000.0x1f.0x03): Finish state transition to STARTED"
"18-08-2026 14:30:46","1","Information","Microsoft-Windows-PCI","[PDO] (0x0000.0x15.0x03): Finish state transition to STARTED"
"18-08-2026 14:30:46","1","Information","Microsoft-Windows-PCI","[PDO] (0x0000.0x1e.0x00): Finish state transition to STARTED"
"18-08-2026 14:30:46","1","Information","Microsoft-Windows-PCI","[PDO] (0x0000.0x12.0x00): Finish state transition to STARTED"
"18-08-2026 14:30:46","1","Information","Microsoft-Windows-PCI","[PDO] (0x0000.0x15.0x00): Finish state transition to STARTED"
"18-08-2026 14:30:46","1","Information","Microsoft-Windows-PCI","[PDO] (0x0000.0x1f.0x03): Begin state transition from UNINITIALIZED to STARTED"
"18-08-2026 14:30:46","1","Information","Microsoft-Windows-PCI","[PDO] (0x0000.0x1e.0x00): Begin state transition from UNINITIALIZED to STARTED"
"18-08-2026 14:30:46","1","Information","Microsoft-Windows-PCI","[PDO] (0x0000.0x15.0x00): Begin state transition from UNINITIALIZED to STARTED"
"18-08-2026 14:30:46","1","Information","Microsoft-Windows-PCI","[PDO] (0x0000.0x15.0x03): Begin state transition from UNINITIALIZED to STARTED"
"18-08-2026 14:30:46","1","Information","Microsoft-Windows-PCI","[PDO] (0x0000.0x14.0x03): Begin state transition from UNINITIALIZED to STARTED"
"18-08-2026 14:30:46","1","Information","Microsoft-Windows-PCI","[PDO] (0x0000.0x12.0x00): Begin state transition from UNINITIALIZED to STARTED"
"18-08-2026 14:30:46","1","Information","Microsoft-Windows-PCI","[PDO] (0x0000.0x0b.0x00): Finish state transition to STARTED"
"18-08-2026 14:30:46","1","Information","Microsoft-Windows-PCI","[PDO] (0x0000.0x08.0x00): Finish state transition to STARTED"
"18-08-2026 14:30:46","1","Information","Microsoft-Windows-PCI","[PDO] (0x0000.0x0b.0x00): Begin state transition from UNINITIALIZED to STARTED"
"18-08-2026 14:30:46","1","Information","Microsoft-Windows-PCI","[PDO] (0x0000.0x08.0x00): Begin state transition from UNINITIALIZED to STARTED"
"18-08-2026 14:30:45","1","Information","Microsoft-Windows-PCI","[PDO] (0x0000.0x0d.0x03): Finish state transition to STARTED"
"18-08-2026 14:30:45","1","Information","Microsoft-Windows-PCI","[PDO] (0x0000.0x14.0x00): Finish state transition to STARTED"
"18-08-2026 14:30:45","1","Information","Microsoft-Windows-PCI","[PDO] (0x0000.0x1f.0x06): Finish state transition to STARTED"
"18-08-2026 14:30:45","1","Information","Microsoft-Windows-PCI","[PDO] (0x0000.0x16.0x00): Finish state transition to STARTED"
"18-08-2026 14:30:45","1","Information","Microsoft-Windows-PCI","[PDO] (0x0000.0x0d.0x00): Finish state transition to STARTED"
"18-08-2026 14:30:45","1","Information","Microsoft-Windows-PCI","[PDO] (0x0000.0x1f.0x06): Begin state transition from UNINITIALIZED to STARTED"
"18-08-2026 14:30:45","1","Information","Microsoft-Windows-PCI","[PDO] (0x0000.0x0d.0x03): Begin state transition from UNINITIALIZED to STARTED"
"18-08-2026 14:30:45","1","Information","Microsoft-Windows-PCI","[PDO] (0x0000.0x0d.0x00): Begin state transition from UNINITIALIZED to STARTED"
"18-08-2026 14:30:45","1","Information","Microsoft-Windows-PCI","[PDO] (0x0000.0x14.0x00): Begin state transition from UNINITIALIZED to STARTED"
"18-08-2026 14:30:45","1","Information","Microsoft-Windows-PCI","[PDO] (0x0000.0x16.0x00): Begin state transition from UNINITIALIZED to STARTED"
"18-08-2026 14:30:45","1","Information","Microsoft-Windows-PCI","[PDO] (0x0000.0x02.0x00): Finish state transition to STARTED"
"18-08-2026 14:30:45","1","Information","Microsoft-Windows-PCI","[PDO] (0x0000.0x02.0x00): Begin state transition from UNINITIALIZED to STARTED"
"18-08-2026 14:30:42","1","Information","Microsoft-Windows-PCI","[PDO] (0x0000.0x0a.0x00): Finish state transition to STARTED"
"18-08-2026 14:30:42","1","Information","Microsoft-Windows-PCI","[PDO] (0x0000.0x0a.0x00): Begin state transition from UNINITIALIZED to STARTED"
"18-08-2026 14:30:41","1","Information","Microsoft-Windows-PCI","[PDO] (0x0000.0x0e.0x00): Finish state transition to STARTED"
"18-08-2026 14:30:41","1","Information","Microsoft-Windows-PCI","[PDO] (0x0000.0x0e.0x00): Begin state transition from UNINITIALIZED to STARTED"
"18-08-2026 14:30:41","1","Information","Microsoft-Windows-PCI","[PDO] (0x0000.0x1f.0x00): Finish state transition to STARTED"
"18-08-2026 14:30:41","1","Information","Microsoft-Windows-PCI","[PDO] (0x0000.0x1f.0x00): Begin state transition from UNINITIALIZED to STARTED"
"18-08-2026 14:30:41","1","Information","Microsoft-Windows-PCI","[PDO] (0x0000.0x00.0x00): Finish state transition to STARTED"
"18-08-2026 14:30:41","1","Information","Microsoft-Windows-PCI","[PDO] (0x0000.0x00.0x00): Begin state transition from UNINITIALIZED to STARTED"
"18-08-2026 14:30:41","1","Information","Microsoft-Windows-PCI","[ROOT] (Bus 0x0000): Finish state transition to STARTED"
"18-08-2026 14:30:41","1","Information","Microsoft-Windows-PCI","[ROOT] (Bus 0x0000): Begin state transition from UNINITIALIZED to STARTED"
"18-08-2026 10:45:25","1","Information","Microsoft-Windows-PCI","[PDO] (0x0000.0x0b.0x00): Finish state transition to STARTED"
"18-08-2026 10:45:25","1","Information","Microsoft-Windows-PCI","[PDO] (0x0000.0x0b.0x00): Begin state transition from UNINITIALIZED to STARTED"
"18-08-2026 10:45:25","1","Information","Microsoft-Windows-PCI","[PDO] (0x0000.0x0b.0x00): Finish state transition to UNINITIALIZED"
"18-08-2026 10:45:25","1","Information","Microsoft-Windows-PCI","[PDO] (0x0000.0x0b.0x00): Begin state transition from STARTED to UNINITIALIZED"
"18-08-2026 10:44:21","1","Information","Microsoft-Windows-PCI","[PDO] (0x0000.0x1f.0x06): Finish state transition to STARTED"
"18-08-2026 10:44:21","1","Information","Microsoft-Windows-PCI","[PDO] (0x0000.0x1f.0x06): Begin state transition from UNINITIALIZED to STARTED"
"18-08-2026 10:44:21","1","Information","Microsoft-Windows-PCI","[PDO] (0x0000.0x1f.0x06): Finish state transition to UNINITIALIZED"
"18-08-2026 10:44:20","1","Information","Microsoft-Windows-PCI","[PDO] (0x0000.0x1f.0x06): Begin state transition from STARTED to UNINITIALIZED"
"18-08-2026 10:43:03","1","Information","Microsoft-Windows-PCI","[PDO] (0x0000.0x16.0x00): Finish state transition to STARTED"
"18-08-2026 10:43:03","1","Information","Microsoft-Windows-PCI","[PDO] (0x0000.0x16.0x00): Begin state transition from UNINITIALIZED to STARTED"
"18-08-2026 10:43:03","1","Information","Microsoft-Windows-PCI","[PDO] (0x0000.0x16.0x00): Finish state transition to UNINITIALIZED"
"18-08-2026 10:43:03","1","Information","Microsoft-Windows-PCI","[PDO] (0x0000.0x16.0x00): Begin state transition from STARTED to UNINITIALIZED"
"18-08-2026 10:28:56","1","Information","Microsoft-Windows-PCI","[PDO] (0x0000.0x04.0x00): Finish state transition to STARTED"
"18-08-2026 10:28:56","1","Information","Microsoft-Windows-PCI","[PDO] (0x0000.0x04.0x00): Begin state transition from UNINITIALIZED to STARTED"
"18-08-2026 10:28:49","1","Information","Microsoft-Windows-PCI","[FDO] (0x0000.0x07.0x03) (Bus 0x002b): Finish state transition to STARTED"
"18-08-2026 10:28:49","1","Information","Microsoft-Windows-PCI","[FDO] (0x0000.0x07.0x03) (Bus 0x002b): Begin state transition from UNINITIALIZED to STARTED"
"18-08-2026 10:28:49","1","Information","Microsoft-Windows-PCI","[PDO] (0x0000.0x07.0x03): Finish state transition to STARTED"
"18-08-2026 10:28:49","1","Information","Microsoft-Windows-PCI","[PDO] (0x0000.0x07.0x03): Begin state transition from UNINITIALIZED to STARTED"
"18-08-2026 10:28:49","1","Information","Microsoft-Windows-PCI","[FDO] (0x0000.0x07.0x00) (Bus 0x0001): Finish state transition to STARTED"
"18-08-2026 10:28:49","1","Information","Microsoft-Windows-PCI","[FDO] (0x0000.0x07.0x00) (Bus 0x0001): Begin state transition from UNINITIALIZED to STARTED"
"18-08-2026 10:28:49","1","Information","Microsoft-Windows-PCI","[PDO] (0x0000.0x07.0x00): Finish state transition to STARTED"
"18-08-2026 10:28:49","1","Information","Microsoft-Windows-PCI","[PDO] (0x0000.0x07.0x00): Begin state transition from UNINITIALIZED to STARTED"
"18-08-2026 10:28:48","1","Information","Microsoft-Windows-PCI","[PDO] (0x0000.0x14.0x03): Finish state transition to STARTED"
"18-08-2026 10:28:48","1","Information","Microsoft-Windows-PCI","[PDO] (0x0000.0x12.0x00): Finish state transition to STARTED"
"18-08-2026 10:28:48","1","Information","Microsoft-Windows-PCI","[PDO] (0x0000.0x1f.0x03): Finish state transition to STARTED"
"18-08-2026 10:28:48","1","Information","Microsoft-Windows-PCI","[PDO] (0x0000.0x15.0x03): Finish state transition to STARTED"
"18-08-2026 10:28:48","1","Information","Microsoft-Windows-PCI","[PDO] (0x0000.0x1e.0x00): Finish state transition to STARTED"
"18-08-2026 10:28:48","1","Information","Microsoft-Windows-PCI","[PDO] (0x0000.0x15.0x00): Finish state transition to STARTED"
"18-08-2026 10:28:48","1","Information","Microsoft-Windows-PCI","[PDO] (0x0000.0x1e.0x00): Begin state transition from UNINITIALIZED to STARTED"
"18-08-2026 10:28:48","1","Information","Microsoft-Windows-PCI","[PDO] (0x0000.0x1f.0x03): Begin state transition from UNINITIALIZED to STARTED"
"18-08-2026 10:28:48","1","Information","Microsoft-Windows-PCI","[PDO] (0x0000.0x15.0x00): Begin state transition from UNINITIALIZED to STARTED"
"18-08-2026 10:28:48","1","Information","Microsoft-Windows-PCI","[PDO] (0x0000.0x15.0x03): Begin state transition from UNINITIALIZED to STARTED"
"18-08-2026 10:28:48","1","Information","Microsoft-Windows-PCI","[PDO] (0x0000.0x14.0x03): Begin state transition from UNINITIALIZED to STARTED"
"18-08-2026 10:28:48","1","Information","Microsoft-Windows-PCI","[PDO] (0x0000.0x12.0x00): Begin state transition from UNINITIALIZED to STARTED"
"18-08-2026 10:28:47","1","Information","Microsoft-Windows-PCI","[PDO] (0x0000.0x0b.0x00): Finish state transition to STARTED"
"18-08-2026 10:28:47","1","Information","Microsoft-Windows-PCI","[PDO] (0x0000.0x08.0x00): Finish state transition to STARTED"
"18-08-2026 10:28:47","1","Information","Microsoft-Windows-PCI","[PDO] (0x0000.0x0b.0x00): Begin state transition from UNINITIALIZED to STARTED"
"18-08-2026 10:28:47","1","Information","Microsoft-Windows-PCI","[PDO] (0x0000.0x08.0x00): Begin state transition from UNINITIALIZED to STARTED"
"18-08-2026 10:28:47","1","Information","Microsoft-Windows-PCI","[PDO] (0x0000.0x0d.0x03): Finish state transition to STARTED"
"18-08-2026 10:28:47","1","Information","Microsoft-Windows-PCI","[PDO] (0x0000.0x0d.0x00): Finish state transition to STARTED"
"18-08-2026 10:28:47","1","Information","Microsoft-Windows-PCI","[PDO] (0x0000.0x14.0x00): Finish state transition to STARTED"
"18-08-2026 10:28:47","1","Information","Microsoft-Windows-PCI","[PDO] (0x0000.0x16.0x00): Finish state transition to STARTED"
"18-08-2026 10:28:47","1","Information","Microsoft-Windows-PCI","[PDO] (0x0000.0x1f.0x06): Finish state transition to STARTED"
"18-08-2026 10:28:47","1","Information","Microsoft-Windows-PCI","[PDO] (0x0000.0x1f.0x06): Begin state transition from UNINITIALIZED to STARTED"
"18-08-2026 10:28:47","1","Information","Microsoft-Windows-PCI","[PDO] (0x0000.0x0d.0x03): Begin state transition from UNINITIALIZED to STARTED"
"18-08-2026 10:28:47","1","Information","Microsoft-Windows-PCI","[PDO] (0x0000.0x0d.0x00): Begin state transition from UNINITIALIZED to STARTED"
"18-08-2026 10:28:47","1","Information","Microsoft-Windows-PCI","[PDO] (0x0000.0x14.0x00): Begin state transition from UNINITIALIZED to STARTED"
"18-08-2026 10:28:47","1","Information","Microsoft-Windows-PCI","[PDO] (0x0000.0x16.0x00): Begin state transition from UNINITIALIZED to STARTED"
"18-08-2026 10:28:47","1","Information","Microsoft-Windows-PCI","[PDO] (0x0000.0x02.0x00): Finish state transition to STARTED"
"18-08-2026 10:28:47","1","Information","Microsoft-Windows-PCI","[PDO] (0x0000.0x02.0x00): Begin state transition from UNINITIALIZED to STARTED"
"18-08-2026 10:28:45","1","Information","Microsoft-Windows-PCI","[PDO] (0x0000.0x0a.0x00): Finish state transition to STARTED"
"18-08-2026 10:28:45","1","Information","Microsoft-Windows-PCI","[PDO] (0x0000.0x0a.0x00): Begin state transition from UNINITIALIZED to STARTED"
"18-08-2026 10:28:44","1","Information","Microsoft-Windows-PCI","[PDO] (0x0000.0x0e.0x00): Finish state transition to STARTED"
"18-08-2026 10:28:44","1","Information","Microsoft-Windows-PCI","[PDO] (0x0000.0x0e.0x00): Begin state transition from UNINITIALIZED to STARTED"
"18-08-2026 10:28:44","1","Information","Microsoft-Windows-PCI","[PDO] (0x0000.0x1f.0x00): Finish state transition to STARTED"
"18-08-2026 10:28:44","1","Information","Microsoft-Windows-PCI","[PDO] (0x0000.0x00.0x00): Finish state transition to STARTED"
"18-08-2026 10:28:44","1","Information","Microsoft-Windows-PCI","[PDO] (0x0000.0x1f.0x00): Begin state transition from UNINITIALIZED to STARTED"
"18-08-2026 10:28:44","1","Information","Microsoft-Windows-PCI","[PDO] (0x0000.0x00.0x00): Begin state transition from UNINITIALIZED to STARTED"
"18-08-2026 10:28:44","1","Information","Microsoft-Windows-PCI","[ROOT] (Bus 0x0000): Finish state transition to STARTED"
"18-08-2026 10:28:44","1","Information","Microsoft-Windows-PCI","[ROOT] (Bus 0x0000): Begin state transition from UNINITIALIZED to STARTED"
"13-08-2026 09:13:51","1","Information","Microsoft-Windows-PCI","[PDO] (0x0000.0x14.0x03): Finish state transition to STARTED"
"13-08-2026 09:13:51","1","Information","Microsoft-Windows-PCI","[PDO] (0x0000.0x14.0x03): Begin state transition from UNINITIALIZED to STARTED"
"13-08-2026 09:13:50","1","Information","Microsoft-Windows-PCI","[PDO] (0x0000.0x14.0x03): Finish state transition to UNINITIALIZED"
"13-08-2026 09:13:49","1","Information","Microsoft-Windows-PCI","[PDO] (0x0000.0x14.0x03): Begin state transition from STARTED to UNINITIALIZED"
"11-08-2026 12:02:31","1","Information","Microsoft-Windows-PCI","[PDO] (0x0000.0x04.0x00): Finish state transition to STARTED"
"11-08-2026 12:02:31","1","Information","Microsoft-Windows-PCI","[PDO] (0x0000.0x04.0x00): Begin state transition from UNINITIALIZED to STARTED"
"11-08-2026 12:02:26","1","Information","Microsoft-Windows-PCI","[FDO] (0x0000.0x07.0x03) (Bus 0x002b): Finish state transition to STARTED"
"11-08-2026 12:02:26","1","Information","Microsoft-Windows-PCI","[FDO] (0x0000.0x07.0x03) (Bus 0x002b): Begin state transition from UNINITIALIZED to STARTED"
"11-08-2026 12:02:26","1","Information","Microsoft-Windows-PCI","[PDO] (0x0000.0x07.0x03): Finish state transition to STARTED"
"11-08-2026 12:02:26","1","Information","Microsoft-Windows-PCI","[PDO] (0x0000.0x07.0x03): Begin state transition from UNINITIALIZED to STARTED"
"11-08-2026 12:02:26","1","Information","Microsoft-Windows-PCI","[FDO] (0x0000.0x07.0x00) (Bus 0x0001): Finish state transition to STARTED"
"11-08-2026 12:02:26","1","Information","Microsoft-Windows-PCI","[FDO] (0x0000.0x07.0x00) (Bus 0x0001): Begin state transition from UNINITIALIZED to STARTED"
"11-08-2026 12:02:26","1","Information","Microsoft-Windows-PCI","[PDO] (0x0000.0x07.0x00): Finish state transition to STARTED"
"11-08-2026 12:02:26","1","Information","Microsoft-Windows-PCI","[PDO] (0x0000.0x07.0x00): Begin state transition from UNINITIALIZED to STARTED"
"11-08-2026 12:02:26","1","Information","Microsoft-Windows-PCI","[PDO] (0x0000.0x14.0x03): Finish state transition to STARTED"
"11-08-2026 12:02:26","1","Information","Microsoft-Windows-PCI","[PDO] (0x0000.0x15.0x00): Finish state transition to STARTED"
"11-08-2026 12:02:26","1","Information","Microsoft-Windows-PCI","[PDO] (0x0000.0x12.0x00): Finish state transition to STARTED"
"11-08-2026 12:02:26","1","Information","Microsoft-Windows-PCI","[PDO] (0x0000.0x15.0x03): Finish state transition to STARTED"
"11-08-2026 12:02:26","1","Information","Microsoft-Windows-PCI","[PDO] (0x0000.0x1e.0x00): Finish state transition to STARTED"
"11-08-2026 12:02:26","1","Information","Microsoft-Windows-PCI","[PDO] (0x0000.0x1f.0x03): Finish state transition to STARTED"
"11-08-2026 12:02:26","1","Information","Microsoft-Windows-PCI","[PDO] (0x0000.0x1f.0x03): Begin state transition from UNINITIALIZED to STARTED"
"11-08-2026 12:02:26","1","Information","Microsoft-Windows-PCI","[PDO] (0x0000.0x1e.0x00): Begin state transition from UNINITIALIZED to STARTED"
"11-08-2026 12:02:26","1","Information","Microsoft-Windows-PCI","[PDO] (0x0000.0x15.0x03): Begin state transition from UNINITIALIZED to STARTED"
"11-08-2026 12:02:26","1","Information","Microsoft-Windows-PCI","[PDO] (0x0000.0x14.0x03): Begin state transition from UNINITIALIZED to STARTED"
"11-08-2026 12:02:26","1","Information","Microsoft-Windows-PCI","[PDO] (0x0000.0x15.0x00): Begin state transition from UNINITIALIZED to STARTED"
"11-08-2026 12:02:26","1","Information","Microsoft-Windows-PCI","[PDO] (0x0000.0x12.0x00): Begin state transition from UNINITIALIZED to STARTED"
"11-08-2026 12:02:25","1","Information","Microsoft-Windows-PCI","[PDO] (0x0000.0x0b.0x00): Finish state transition to STARTED"
"11-08-2026 12:02:25","1","Information","Microsoft-Windows-PCI","[PDO] (0x0000.0x08.0x00): Finish state transition to STARTED"
"11-08-2026 12:02:25","1","Information","Microsoft-Windows-PCI","[PDO] (0x0000.0x0b.0x00): Begin state transition from UNINITIALIZED to STARTED"
"11-08-2026 12:02:25","1","Information","Microsoft-Windows-PCI","[PDO] (0x0000.0x08.0x00): Begin state transition from UNINITIALIZED to STARTED"
"11-08-2026 12:02:25","1","Information","Microsoft-Windows-PCI","[PDO] (0x0000.0x0d.0x03): Finish state transition to STARTED"
"11-08-2026 12:02:25","1","Information","Microsoft-Windows-PCI","[PDO] (0x0000.0x14.0x00): Finish state transition to STARTED"
"11-08-2026 12:02:25","1","Information","Microsoft-Windows-PCI","[PDO] (0x0000.0x0d.0x00): Finish state transition to STARTED"
"11-08-2026 12:02:25","1","Information","Microsoft-Windows-PCI","[PDO] (0x0000.0x16.0x00): Finish state transition to STARTED"
"11-08-2026 12:02:25","1","Information","Microsoft-Windows-PCI","[PDO] (0x0000.0x1f.0x06): Finish state transition to STARTED"
"11-08-2026 12:02:24","1","Information","Microsoft-Windows-PCI","[PDO] (0x0000.0x1f.0x06): Begin state transition from UNINITIALIZED to STARTED"
"11-08-2026 12:02:24","1","Information","Microsoft-Windows-PCI","[PDO] (0x0000.0x0d.0x03): Begin state transition from UNINITIALIZED to STARTED"
"11-08-2026 12:02:24","1","Information","Microsoft-Windows-PCI","[PDO] (0x0000.0x0d.0x00): Begin state transition from UNINITIALIZED to STARTED"
"11-08-2026 12:02:24","1","Information","Microsoft-Windows-PCI","[PDO] (0x0000.0x14.0x00): Begin state transition from UNINITIALIZED to STARTED"
"11-08-2026 12:02:24","1","Information","Microsoft-Windows-PCI","[PDO] (0x0000.0x16.0x00): Begin state transition from UNINITIALIZED to STARTED"
"11-08-2026 12:02:24","1","Information","Microsoft-Windows-PCI","[PDO] (0x0000.0x02.0x00): Finish state transition to STARTED"
"11-08-2026 12:02:24","1","Information","Microsoft-Windows-PCI","[PDO] (0x0000.0x02.0x00): Begin state transition from UNINITIALIZED to STARTED"
"11-08-2026 12:02:21","1","Information","Microsoft-Windows-PCI","[PDO] (0x0000.0x0a.0x00): Finish state transition to STARTED"
"11-08-2026 12:02:21","1","Information","Microsoft-Windows-PCI","[PDO] (0x0000.0x0a.0x00): Begin state transition from UNINITIALIZED to STARTED"
"11-08-2026 12:02:20","1","Information","Microsoft-Windows-PCI","[PDO] (0x0000.0x0e.0x00): Finish state transition to STARTED"
"11-08-2026 12:02:20","1","Information","Microsoft-Windows-PCI","[PDO] (0x0000.0x0e.0x00): Begin state transition from UNINITIALIZED to STARTED"
"11-08-2026 12:02:20","1","Information","Microsoft-Windows-PCI","[PDO] (0x0000.0x1f.0x00): Finish state transition to STARTED"
"11-08-2026 12:02:20","1","Information","Microsoft-Windows-PCI","[PDO] (0x0000.0x00.0x00): Finish state transition to STARTED"
"11-08-2026 12:02:20","1","Information","Microsoft-Windows-PCI","[PDO] (0x0000.0x1f.0x00): Begin state transition from UNINITIALIZED to STARTED"
"11-08-2026 12:02:20","1","Information","Microsoft-Windows-PCI","[PDO] (0x0000.0x00.0x00): Begin state transition from UNINITIALIZED to STARTED"
"11-08-2026 12:02:20","1","Information","Microsoft-Windows-PCI","[ROOT] (Bus 0x0000): Finish state transition to STARTED"
"11-08-2026 12:02:20","1","Information","Microsoft-Windows-PCI","[ROOT] (Bus 0x0000): Begin state transition from UNINITIALIZED to STARTED"
"10-08-2026 09:36:03","1","Information","Microsoft-Windows-PCI","[PDO] (0x0000.0x04.0x00): Finish state transition to STARTED"
"10-08-2026 09:36:03","1","Information","Microsoft-Windows-PCI","[PDO] (0x0000.0x04.0x00): Begin state transition from UNINITIALIZED to STARTED"
"10-08-2026 09:35:57","1","Information","Microsoft-Windows-PCI","[FDO] (0x0000.0x07.0x03) (Bus 0x002b): Finish state transition to STARTED"
"10-08-2026 09:35:57","1","Information","Microsoft-Windows-PCI","[FDO] (0x0000.0x07.0x03) (Bus 0x002b): Begin state transition from UNINITIALIZED to STARTED"
"10-08-2026 09:35:57","1","Information","Microsoft-Windows-PCI","[PDO] (0x0000.0x07.0x03): Finish state transition to STARTED"
"10-08-2026 09:35:57","1","Information","Microsoft-Windows-PCI","[PDO] (0x0000.0x07.0x03): Begin state transition from UNINITIALIZED to STARTED"
"10-08-2026 09:35:56","1","Information","Microsoft-Windows-PCI","[FDO] (0x0000.0x07.0x00) (Bus 0x0001): Finish state transition to STARTED"
"10-08-2026 09:35:56","1","Information","Microsoft-Windows-PCI","[FDO] (0x0000.0x07.0x00) (Bus 0x0001): Begin state transition from UNINITIALIZED to STARTED"
"10-08-2026 09:35:56","1","Information","Microsoft-Windows-PCI","[PDO] (0x0000.0x07.0x00): Finish state transition to STARTED"
"10-08-2026 09:35:56","1","Information","Microsoft-Windows-PCI","[PDO] (0x0000.0x07.0x00): Begin state transition from UNINITIALIZED to STARTED"
"10-08-2026 09:35:56","1","Information","Microsoft-Windows-PCI","[PDO] (0x0000.0x14.0x03): Finish state transition to STARTED"
"10-08-2026 09:35:56","1","Information","Microsoft-Windows-PCI","[PDO] (0x0000.0x15.0x00): Finish state transition to STARTED"
"10-08-2026 09:35:56","1","Information","Microsoft-Windows-PCI","[PDO] (0x0000.0x15.0x03): Finish state transition to STARTED"
"10-08-2026 09:35:56","1","Information","Microsoft-Windows-PCI","[PDO] (0x0000.0x12.0x00): Finish state transition to STARTED"
"10-08-2026 09:35:56","1","Information","Microsoft-Windows-PCI","[PDO] (0x0000.0x1f.0x03): Finish state transition to STARTED"
"10-08-2026 09:35:56","1","Information","Microsoft-Windows-PCI","[PDO] (0x0000.0x1e.0x00): Finish state transition to STARTED"
"10-08-2026 09:35:55","1","Information","Microsoft-Windows-PCI","[PDO] (0x0000.0x1f.0x03): Begin state transition from UNINITIALIZED to STARTED"
"10-08-2026 09:35:55","1","Information","Microsoft-Windows-PCI","[PDO] (0x0000.0x1e.0x00): Begin state transition from UNINITIALIZED to STARTED"
"10-08-2026 09:35:55","1","Information","Microsoft-Windows-PCI","[PDO] (0x0000.0x15.0x03): Begin state transition from UNINITIALIZED to STARTED"
"10-08-2026 09:35:55","1","Information","Microsoft-Windows-PCI","[PDO] (0x0000.0x14.0x03): Begin state transition from UNINITIALIZED to STARTED"
"10-08-2026 09:35:55","1","Information","Microsoft-Windows-PCI","[PDO] (0x0000.0x15.0x00): Begin state transition from UNINITIALIZED to STARTED"
"10-08-2026 09:35:55","1","Information","Microsoft-Windows-PCI","[PDO] (0x0000.0x12.0x00): Begin state transition from UNINITIALIZED to STARTED"
"10-08-2026 09:35:54","1","Information","Microsoft-Windows-PCI","[PDO] (0x0000.0x08.0x00): Finish state transition to STARTED"
"10-08-2026 09:35:54","1","Information","Microsoft-Windows-PCI","[PDO] (0x0000.0x0b.0x00): Finish state transition to STARTED"
"10-08-2026 09:35:54","1","Information","Microsoft-Windows-PCI","[PDO] (0x0000.0x0b.0x00): Begin state transition from UNINITIALIZED to STARTED"
"10-08-2026 09:35:54","1","Information","Microsoft-Windows-PCI","[PDO] (0x0000.0x08.0x00): Begin state transition from UNINITIALIZED to STARTED"
"10-08-2026 09:35:54","1","Information","Microsoft-Windows-PCI","[PDO] (0x0000.0x0d.0x03): Finish state transition to STARTED"
"10-08-2026 09:35:54","1","Information","Microsoft-Windows-PCI","[PDO] (0x0000.0x16.0x00): Finish state transition to STARTED"
"10-08-2026 09:35:54","1","Information","Microsoft-Windows-PCI","[PDO] (0x0000.0x1f.0x06): Finish state transition to STARTED"
"10-08-2026 09:35:54","1","Information","Microsoft-Windows-PCI","[PDO] (0x0000.0x0d.0x00): Finish state transition to STARTED"
"10-08-2026 09:35:54","1","Information","Microsoft-Windows-PCI","[PDO] (0x0000.0x14.0x00): Finish state transition to STARTED"
"10-08-2026 09:35:54","1","Information","Microsoft-Windows-PCI","[PDO] (0x0000.0x1f.0x06): Begin state transition from UNINITIALIZED to STARTED"
"10-08-2026 09:35:54","1","Information","Microsoft-Windows-PCI","[PDO] (0x0000.0x0d.0x03): Begin state transition from UNINITIALIZED to STARTED"
"10-08-2026 09:35:54","1","Information","Microsoft-Windows-PCI","[PDO] (0x0000.0x0d.0x00): Begin state transition from UNINITIALIZED to STARTED"
"10-08-2026 09:35:54","1","Information","Microsoft-Windows-PCI","[PDO] (0x0000.0x14.0x00): Begin state transition from UNINITIALIZED to STARTED"
"10-08-2026 09:35:54","1","Information","Microsoft-Windows-PCI","[PDO] (0x0000.0x16.0x00): Begin state transition from UNINITIALIZED to STARTED"
"10-08-2026 09:35:54","1","Information","Microsoft-Windows-PCI","[PDO] (0x0000.0x02.0x00): Finish state transition to STARTED"
"10-08-2026 09:35:54","1","Information","Microsoft-Windows-PCI","[PDO] (0x0000.0x02.0x00): Begin state transition from UNINITIALIZED to STARTED"
"10-08-2026 09:35:50","1","Information","Microsoft-Windows-PCI","[PDO] (0x0000.0x0a.0x00): Finish state transition to STARTED"
"10-08-2026 09:35:50","1","Information","Microsoft-Windows-PCI","[PDO] (0x0000.0x0a.0x00): Begin state transition from UNINITIALIZED to STARTED"
"10-08-2026 09:35:49","1","Information","Microsoft-Windows-PCI","[PDO] (0x0000.0x0e.0x00): Finish state transition to STARTED"
"10-08-2026 09:35:49","1","Information","Microsoft-Windows-PCI","[PDO] (0x0000.0x0e.0x00): Begin state transition from UNINITIALIZED to STARTED"
"10-08-2026 09:35:49","1","Information","Microsoft-Windows-PCI","[PDO] (0x0000.0x1f.0x00): Finish state transition to STARTED"
"10-08-2026 09:35:49","1","Information","Microsoft-Windows-PCI","[PDO] (0x0000.0x00.0x00): Finish state transition to STARTED"
"10-08-2026 09:35:49","1","Information","Microsoft-Windows-PCI","[PDO] (0x0000.0x1f.0x00): Begin state transition from UNINITIALIZED to STARTED"
"10-08-2026 09:35:49","1","Information","Microsoft-Windows-PCI","[PDO] (0x0000.0x00.0x00): Begin state transition from UNINITIALIZED to STARTED"
"10-08-2026 09:35:49","1","Information","Microsoft-Windows-PCI","[ROOT] (Bus 0x0000): Finish state transition to STARTED"
"10-08-2026 09:35:49","1","Information","Microsoft-Windows-PCI","[ROOT] (Bus 0x0000): Begin state transition from UNINITIALIZED to STARTED"
"07-08-2026 18:17:51","1","Information","Microsoft-Windows-PCI","[PDO] (0x0000.0x14.0x03): Finish state transition to STARTED"
"07-08-2026 18:17:51","1","Information","Microsoft-Windows-PCI","[PDO] (0x0000.0x14.0x03): Begin state transition from UNINITIALIZED to STARTED"
"07-08-2026 18:17:51","1","Information","Microsoft-Windows-PCI","[PDO] (0x0000.0x14.0x03): Finish state transition to UNINITIALIZED"
"07-08-2026 18:17:50","1","Information","Microsoft-Windows-PCI","[PDO] (0x0000.0x14.0x03): Begin state transition from STARTED to UNINITIALIZED"
"05-08-2026 11:37:31","1","Information","Microsoft-Windows-PCI","[PDO] (0x0000.0x0b.0x00): Finish state transition to STARTED"
"05-08-2026 11:37:31","1","Information","Microsoft-Windows-PCI","[PDO] (0x0000.0x0b.0x00): Begin state transition from UNINITIALIZED to STARTED"
"05-08-2026 11:37:31","1","Information","Microsoft-Windows-PCI","[PDO] (0x0000.0x0b.0x00): Finish state transition to UNINITIALIZED"
"05-08-2026 11:37:30","1","Information","Microsoft-Windows-PCI","[PDO] (0x0000.0x0b.0x00): Begin state transition from STARTED to UNINITIALIZED"
"03-08-2026 09:44:45","1","Information","Microsoft-Windows-PCI","[PDO] (0x0000.0x16.0x00): Finish state transition to STARTED"
"03-08-2026 09:44:45","1","Information","Microsoft-Windows-PCI","[PDO] (0x0000.0x16.0x00): Begin state transition from UNINITIALIZED to STARTED"
"03-08-2026 09:44:45","1","Information","Microsoft-Windows-PCI","[PDO] (0x0000.0x16.0x00): Finish state transition to UNINITIALIZED"
"03-08-2026 09:44:44","1","Information","Microsoft-Windows-PCI","[PDO] (0x0000.0x16.0x00): Begin state transition from STARTED to UNINITIALIZED"
"03-08-2026 09:26:04","1","Information","Microsoft-Windows-PCI","[PDO] (0x0000.0x04.0x00): Finish state transition to STARTED"
"03-08-2026 09:26:04","1","Information","Microsoft-Windows-PCI","[PDO] (0x0000.0x04.0x00): Begin state transition from UNINITIALIZED to STARTED"
"03-08-2026 09:25:58","1","Information","Microsoft-Windows-PCI","[FDO] (0x0000.0x07.0x03) (Bus 0x002b): Finish state transition to STARTED"
"03-08-2026 09:25:58","1","Information","Microsoft-Windows-PCI","[FDO] (0x0000.0x07.0x03) (Bus 0x002b): Begin state transition from UNINITIALIZED to STARTED"
"03-08-2026 09:25:58","1","Information","Microsoft-Windows-PCI","[PDO] (0x0000.0x07.0x03): Finish state transition to STARTED"
"03-08-2026 09:25:58","1","Information","Microsoft-Windows-PCI","[PDO] (0x0000.0x07.0x03): Begin state transition from UNINITIALIZED to STARTED"
"03-08-2026 09:25:57","1","Information","Microsoft-Windows-PCI","[FDO] (0x0000.0x07.0x00) (Bus 0x0001): Finish state transition to STARTED"
"03-08-2026 09:25:57","1","Information","Microsoft-Windows-PCI","[FDO] (0x0000.0x07.0x00) (Bus 0x0001): Begin state transition from UNINITIALIZED to STARTED"
"03-08-2026 09:25:57","1","Information","Microsoft-Windows-PCI","[PDO] (0x0000.0x07.0x00): Finish state transition to STARTED"
"03-08-2026 09:25:57","1","Information","Microsoft-Windows-PCI","[PDO] (0x0000.0x07.0x00): Begin state transition from UNINITIALIZED to STARTED"
"03-08-2026 09:25:57","1","Information","Microsoft-Windows-PCI","[PDO] (0x0000.0x14.0x03): Finish state transition to STARTED"
"03-08-2026 09:25:57","1","Information","Microsoft-Windows-PCI","[PDO] (0x0000.0x1f.0x03): Finish state transition to STARTED"
"03-08-2026 09:25:57","1","Information","Microsoft-Windows-PCI","[PDO] (0x0000.0x15.0x00): Finish state transition to STARTED"
"03-08-2026 09:25:57","1","Information","Microsoft-Windows-PCI","[PDO] (0x0000.0x1e.0x00): Finish state transition to STARTED"
"03-08-2026 09:25:57","1","Information","Microsoft-Windows-PCI","[PDO] (0x0000.0x12.0x00): Finish state transition to STARTED"
"03-08-2026 09:25:57","1","Information","Microsoft-Windows-PCI","[PDO] (0x0000.0x15.0x03): Finish state transition to STARTED"
"03-08-2026 09:25:57","1","Information","Microsoft-Windows-PCI","[PDO] (0x0000.0x1f.0x03): Begin state transition from UNINITIALIZED to STARTED"
"03-08-2026 09:25:57","1","Information","Microsoft-Windows-PCI","[PDO] (0x0000.0x1e.0x00): Begin state transition from UNINITIALIZED to STARTED"
"03-08-2026 09:25:57","1","Information","Microsoft-Windows-PCI","[PDO] (0x0000.0x14.0x03): Begin state transition from UNINITIALIZED to STARTED"
"03-08-2026 09:25:57","1","Information","Microsoft-Windows-PCI","[PDO] (0x0000.0x15.0x03): Begin state transition from UNINITIALIZED to STARTED"
"03-08-2026 09:25:57","1","Information","Microsoft-Windows-PCI","[PDO] (0x0000.0x15.0x00): Begin state transition from UNINITIALIZED to STARTED"
"03-08-2026 09:25:57","1","Information","Microsoft-Windows-PCI","[PDO] (0x0000.0x12.0x00): Begin state transition from UNINITIALIZED to STARTED"
"03-08-2026 09:25:56","1","Information","Microsoft-Windows-PCI","[PDO] (0x0000.0x0b.0x00): Finish state transition to STARTED"
"03-08-2026 09:25:56","1","Information","Microsoft-Windows-PCI","[PDO] (0x0000.0x08.0x00): Finish state transition to STARTED"
"03-08-2026 09:25:56","1","Information","Microsoft-Windows-PCI","[PDO] (0x0000.0x0b.0x00): Begin state transition from UNINITIALIZED to STARTED"
"03-08-2026 09:25:56","1","Information","Microsoft-Windows-PCI","[PDO] (0x0000.0x08.0x00): Begin state transition from UNINITIALIZED to STARTED"
"03-08-2026 09:25:56","1","Information","Microsoft-Windows-PCI","[PDO] (0x0000.0x0d.0x03): Finish state transition to STARTED"
"03-08-2026 09:25:56","1","Information","Microsoft-Windows-PCI","[PDO] (0x0000.0x0d.0x00): Finish state transition to STARTED"
"03-08-2026 09:25:56","1","Information","Microsoft-Windows-PCI","[PDO] (0x0000.0x14.0x00): Finish state transition to STARTED"
"03-08-2026 09:25:56","1","Information","Microsoft-Windows-PCI","[PDO] (0x0000.0x1f.0x06): Finish state transition to STARTED"
"03-08-2026 09:25:56","1","Information","Microsoft-Windows-PCI","[PDO] (0x0000.0x16.0x00): Finish state transition to STARTED"
"03-08-2026 09:25:56","1","Information","Microsoft-Windows-PCI","[PDO] (0x0000.0x1f.0x06): Begin state transition from UNINITIALIZED to STARTED"
"03-08-2026 09:25:56","1","Information","Microsoft-Windows-PCI","[PDO] (0x0000.0x0d.0x03): Begin state transition from UNINITIALIZED to STARTED"
"03-08-2026 09:25:56","1","Information","Microsoft-Windows-PCI","[PDO] (0x0000.0x0d.0x00): Begin state transition from UNINITIALIZED to STARTED"
"03-08-2026 09:25:56","1","Information","Microsoft-Windows-PCI","[PDO] (0x0000.0x14.0x00): Begin state transition from UNINITIALIZED to STARTED"
"03-08-2026 09:25:56","1","Information","Microsoft-Windows-PCI","[PDO] (0x0000.0x16.0x00): Begin state transition from UNINITIALIZED to STARTED"
"03-08-2026 09:25:56","1","Information","Microsoft-Windows-PCI","[PDO] (0x0000.0x02.0x00): Finish state transition to STARTED"
"03-08-2026 09:25:56","1","Information","Microsoft-Windows-PCI","[PDO] (0x0000.0x02.0x00): Begin state transition from UNINITIALIZED to STARTED"
"03-08-2026 09:25:53","1","Information","Microsoft-Windows-PCI","[PDO] (0x0000.0x0a.0x00): Finish state transition to STARTED"
"03-08-2026 09:25:53","1","Information","Microsoft-Windows-PCI","[PDO] (0x0000.0x0a.0x00): Begin state transition from UNINITIALIZED to STARTED"
"03-08-2026 09:25:53","1","Information","Microsoft-Windows-PCI","[PDO] (0x0000.0x0e.0x00): Finish state transition to STARTED"
"03-08-2026 09:25:53","1","Information","Microsoft-Windows-PCI","[PDO] (0x0000.0x0e.0x00): Begin state transition from UNINITIALIZED to STARTED"
"03-08-2026 09:25:53","1","Information","Microsoft-Windows-PCI","[PDO] (0x0000.0x1f.0x00): Finish state transition to STARTED"
"03-08-2026 09:25:53","1","Information","Microsoft-Windows-PCI","[PDO] (0x0000.0x00.0x00): Finish state transition to STARTED"
"03-08-2026 09:25:53","1","Information","Microsoft-Windows-PCI","[PDO] (0x0000.0x1f.0x00): Begin state transition from UNINITIALIZED to STARTED"
"03-08-2026 09:25:53","1","Information","Microsoft-Windows-PCI","[PDO] (0x0000.0x00.0x00): Begin state transition from UNINITIALIZED to STARTED"
"03-08-2026 09:25:53","1","Information","Microsoft-Windows-PCI","[ROOT] (Bus 0x0000): Finish state transition to STARTED"
"03-08-2026 09:25:53","1","Information","Microsoft-Windows-PCI","[ROOT] (Bus 0x0000): Begin state transition from UNINITIALIZED to STARTED"
"31-07-2026 09:44:23","1","Information","Microsoft-Windows-PCI","[PDO] (0x0000.0x04.0x00): Finish state transition to STARTED"
"31-07-2026 09:44:23","1","Information","Microsoft-Windows-PCI","[PDO] (0x0000.0x04.0x00): Begin state transition from UNINITIALIZED to STARTED"
"31-07-2026 09:44:15","1","Information","Microsoft-Windows-PCI","[FDO] (0x0000.0x07.0x03) (Bus 0x002b): Finish state transition to STARTED"
"31-07-2026 09:44:15","1","Information","Microsoft-Windows-PCI","[FDO] (0x0000.0x07.0x03) (Bus 0x002b): Begin state transition from UNINITIALIZED to STARTED"
"31-07-2026 09:44:15","1","Information","Microsoft-Windows-PCI","[PDO] (0x0000.0x07.0x03): Finish state transition to STARTED"
"31-07-2026 09:44:15","1","Information","Microsoft-Windows-PCI","[PDO] (0x0000.0x07.0x03): Begin state transition from UNINITIALIZED to STARTED"
"31-07-2026 09:44:15","1","Information","Microsoft-Windows-PCI","[FDO] (0x0000.0x07.0x00) (Bus 0x0001): Finish state transition to STARTED"
"31-07-2026 09:44:15","1","Information","Microsoft-Windows-PCI","[FDO] (0x0000.0x07.0x00) (Bus 0x0001): Begin state transition from UNINITIALIZED to STARTED"
"31-07-2026 09:44:15","1","Information","Microsoft-Windows-PCI","[PDO] (0x0000.0x07.0x00): Finish state transition to STARTED"
"31-07-2026 09:44:15","1","Information","Microsoft-Windows-PCI","[PDO] (0x0000.0x07.0x00): Begin state transition from UNINITIALIZED to STARTED"
"31-07-2026 09:44:15","1","Information","Microsoft-Windows-PCI","[PDO] (0x0000.0x14.0x03): Finish state transition to STARTED"
"31-07-2026 09:44:15","1","Information","Microsoft-Windows-PCI","[PDO] (0x0000.0x1e.0x00): Finish state transition to STARTED"
"31-07-2026 09:44:15","1","Information","Microsoft-Windows-PCI","[PDO] (0x0000.0x15.0x00): Finish state transition to STARTED"
"31-07-2026 09:44:15","1","Information","Microsoft-Windows-PCI","[PDO] (0x0000.0x15.0x03): Finish state transition to STARTED"
"31-07-2026 09:44:15","1","Information","Microsoft-Windows-PCI","[PDO] (0x0000.0x1f.0x03): Finish state transition to STARTED"
"31-07-2026 09:44:15","1","Information","Microsoft-Windows-PCI","[PDO] (0x0000.0x12.0x00): Finish state transition to STARTED"
"31-07-2026 09:44:15","1","Information","Microsoft-Windows-PCI","[PDO] (0x0000.0x1f.0x03): Begin state transition from UNINITIALIZED to STARTED"
"31-07-2026 09:44:15","1","Information","Microsoft-Windows-PCI","[PDO] (0x0000.0x1e.0x00): Begin state transition from UNINITIALIZED to STARTED"
"31-07-2026 09:44:15","1","Information","Microsoft-Windows-PCI","[PDO] (0x0000.0x14.0x03): Begin state transition from UNINITIALIZED to STARTED"
"31-07-2026 09:44:15","1","Information","Microsoft-Windows-PCI","[PDO] (0x0000.0x15.0x00): Begin state transition from UNINITIALIZED to STARTED"
"31-07-2026 09:44:15","1","Information","Microsoft-Windows-PCI","[PDO] (0x0000.0x15.0x03): Begin state transition from UNINITIALIZED to STARTED"
"31-07-2026 09:44:15","1","Information","Microsoft-Windows-PCI","[PDO] (0x0000.0x12.0x00): Begin state transition from UNINITIALIZED to STARTED"
"31-07-2026 09:44:13","1","Information","Microsoft-Windows-PCI","[PDO] (0x0000.0x0b.0x00): Finish state transition to STARTED"
"31-07-2026 09:44:13","1","Information","Microsoft-Windows-PCI","[PDO] (0x0000.0x08.0x00): Finish state transition to STARTED"
"31-07-2026 09:44:13","1","Information","Microsoft-Windows-PCI","[PDO] (0x0000.0x0b.0x00): Begin state transition from UNINITIALIZED to STARTED"
"31-07-2026 09:44:13","1","Information","Microsoft-Windows-PCI","[PDO] (0x0000.0x08.0x00): Begin state transition from UNINITIALIZED to STARTED"
"31-07-2026 09:44:12","1","Information","Microsoft-Windows-PCI","[PDO] (0x0000.0x0d.0x03): Finish state transition to STARTED"
"31-07-2026 09:44:12","1","Information","Microsoft-Windows-PCI","[PDO] (0x0000.0x14.0x00): Finish state transition to STARTED"
"31-07-2026 09:44:12","1","Information","Microsoft-Windows-PCI","[PDO] (0x0000.0x16.0x00): Finish state transition to STARTED"
"31-07-2026 09:44:12","1","Information","Microsoft-Windows-PCI","[PDO] (0x0000.0x0d.0x00): Finish state transition to STARTED"
"31-07-2026 09:44:12","1","Information","Microsoft-Windows-PCI","[PDO] (0x0000.0x1f.0x06): Finish state transition to STARTED"
"31-07-2026 09:44:12","1","Information","Microsoft-Windows-PCI","[PDO] (0x0000.0x1f.0x06): Begin state transition from UNINITIALIZED to STARTED"
"31-07-2026 09:44:12","1","Information","Microsoft-Windows-PCI","[PDO] (0x0000.0x0d.0x03): Begin state transition from UNINITIALIZED to STARTED"
"31-07-2026 09:44:12","1","Information","Microsoft-Windows-PCI","[PDO] (0x0000.0x0d.0x00): Begin state transition from UNINITIALIZED to STARTED"
"31-07-2026 09:44:12","1","Information","Microsoft-Windows-PCI","[PDO] (0x0000.0x14.0x00): Begin state transition from UNINITIALIZED to STARTED"
"31-07-2026 09:44:12","1","Information","Microsoft-Windows-PCI","[PDO] (0x0000.0x16.0x00): Begin state transition from UNINITIALIZED to STARTED"
"31-07-2026 09:44:12","1","Information","Microsoft-Windows-PCI","[PDO] (0x0000.0x02.0x00): Finish state transition to STARTED"
"31-07-2026 09:44:12","1","Information","Microsoft-Windows-PCI","[PDO] (0x0000.0x02.0x00): Begin state transition from UNINITIALIZED to STARTED"
"31-07-2026 09:44:09","1","Information","Microsoft-Windows-PCI","[PDO] (0x0000.0x0a.0x00): Finish state transition to STARTED"
"31-07-2026 09:44:09","1","Information","Microsoft-Windows-PCI","[PDO] (0x0000.0x0a.0x00): Begin state transition from UNINITIALIZED to STARTED"
"31-07-2026 09:44:09","1","Information","Microsoft-Windows-PCI","[PDO] (0x0000.0x0e.0x00): Finish state transition to STARTED"
"31-07-2026 09:44:09","1","Information","Microsoft-Windows-PCI","[PDO] (0x0000.0x0e.0x00): Begin state transition from UNINITIALIZED to STARTED"
"31-07-2026 09:44:09","1","Information","Microsoft-Windows-PCI","[PDO] (0x0000.0x1f.0x00): Finish state transition to STARTED"
"31-07-2026 09:44:09","1","Information","Microsoft-Windows-PCI","[PDO] (0x0000.0x00.0x00): Finish state transition to STARTED"
"31-07-2026 09:44:09","1","Information","Microsoft-Windows-PCI","[PDO] (0x0000.0x1f.0x00): Begin state transition from UNINITIALIZED to STARTED"
"31-07-2026 09:44:09","1","Information","Microsoft-Windows-PCI","[PDO] (0x0000.0x00.0x00): Begin state transition from UNINITIALIZED to STARTED"
"31-07-2026 09:44:09","1","Information","Microsoft-Windows-PCI","[ROOT] (Bus 0x0000): Finish state transition to STARTED"
"31-07-2026 09:44:09","1","Information","Microsoft-Windows-PCI","[ROOT] (Bus 0x0000): Begin state transition from UNINITIALIZED to STARTED"
"27-07-2026 11:49:17","1","Information","Microsoft-Windows-PCI","[PDO] (0x0000.0x04.0x00): Finish state transition to STARTED"
"27-07-2026 11:49:17","1","Information","Microsoft-Windows-PCI","[PDO] (0x0000.0x04.0x00): Begin state transition from UNINITIALIZED to STARTED"
"27-07-2026 11:49:12","1","Information","Microsoft-Windows-PCI","[FDO] (0x0000.0x07.0x03) (Bus 0x002b): Finish state transition to STARTED"
"27-07-2026 11:49:12","1","Information","Microsoft-Windows-PCI","[FDO] (0x0000.0x07.0x03) (Bus 0x002b): Begin state transition from UNINITIALIZED to STARTED"
"27-07-2026 11:49:12","1","Information","Microsoft-Windows-PCI","[PDO] (0x0000.0x07.0x03): Finish state transition to STARTED"
"27-07-2026 11:49:12","1","Information","Microsoft-Windows-PCI","[PDO] (0x0000.0x07.0x03): Begin state transition from UNINITIALIZED to STARTED"
"27-07-2026 11:49:12","1","Information","Microsoft-Windows-PCI","[FDO] (0x0000.0x07.0x00) (Bus 0x0001): Finish state transition to STARTED"
"27-07-2026 11:49:12","1","Information","Microsoft-Windows-PCI","[FDO] (0x0000.0x07.0x00) (Bus 0x0001): Begin state transition from UNINITIALIZED to STARTED"
"27-07-2026 11:49:12","1","Information","Microsoft-Windows-PCI","[PDO] (0x0000.0x07.0x00): Finish state transition to STARTED"
"27-07-2026 11:49:12","1","Information","Microsoft-Windows-PCI","[PDO] (0x0000.0x07.0x00): Begin state transition from UNINITIALIZED to STARTED"
"27-07-2026 11:49:11","1","Information","Microsoft-Windows-PCI","[PDO] (0x0000.0x14.0x03): Finish state transition to STARTED"
"27-07-2026 11:49:11","1","Information","Microsoft-Windows-PCI","[PDO] (0x0000.0x1f.0x03): Finish state transition to STARTED"
"27-07-2026 11:49:11","1","Information","Microsoft-Windows-PCI","[PDO] (0x0000.0x12.0x00): Finish state transition to STARTED"
"27-07-2026 11:49:11","1","Information","Microsoft-Windows-PCI","[PDO] (0x0000.0x15.0x00): Finish state transition to STARTED"
"27-07-2026 11:49:11","1","Information","Microsoft-Windows-PCI","[PDO] (0x0000.0x15.0x03): Finish state transition to STARTED"
"27-07-2026 11:49:11","1","Information","Microsoft-Windows-PCI","[PDO] (0x0000.0x1e.0x00): Finish state transition to STARTED"
"27-07-2026 11:49:11","1","Information","Microsoft-Windows-PCI","[PDO] (0x0000.0x1f.0x03): Begin state transition from UNINITIALIZED to STARTED"
"27-07-2026 11:49:11","1","Information","Microsoft-Windows-PCI","[PDO] (0x0000.0x1e.0x00): Begin state transition from UNINITIALIZED to STARTED"
"27-07-2026 11:49:11","1","Information","Microsoft-Windows-PCI","[PDO] (0x0000.0x15.0x03): Begin state transition from UNINITIALIZED to STARTED"
"27-07-2026 11:49:11","1","Information","Microsoft-Windows-PCI","[PDO] (0x0000.0x15.0x00): Begin state transition from UNINITIALIZED to STARTED"
"27-07-2026 11:49:11","1","Information","Microsoft-Windows-PCI","[PDO] (0x0000.0x14.0x03): Begin state transition from UNINITIALIZED to STARTED"
"27-07-2026 11:49:11","1","Information","Microsoft-Windows-PCI","[PDO] (0x0000.0x12.0x00): Begin state transition from UNINITIALIZED to STARTED"
"27-07-2026 11:49:11","1","Information","Microsoft-Windows-PCI","[PDO] (0x0000.0x08.0x00): Finish state transition to STARTED"
"27-07-2026 11:49:11","1","Information","Microsoft-Windows-PCI","[PDO] (0x0000.0x0b.0x00): Finish state transition to STARTED"
"27-07-2026 11:49:11","1","Information","Microsoft-Windows-PCI","[PDO] (0x0000.0x0b.0x00): Begin state transition from UNINITIALIZED to STARTED"
"27-07-2026 11:49:11","1","Information","Microsoft-Windows-PCI","[PDO] (0x0000.0x08.0x00): Begin state transition from UNINITIALIZED to STARTED"
"27-07-2026 11:49:10","1","Information","Microsoft-Windows-PCI","[PDO] (0x0000.0x0d.0x03): Finish state transition to STARTED"
"27-07-2026 11:49:10","1","Information","Microsoft-Windows-PCI","[PDO] (0x0000.0x14.0x00): Finish state transition to STARTED"
"27-07-2026 11:49:10","1","Information","Microsoft-Windows-PCI","[PDO] (0x0000.0x0d.0x00): Finish state transition to STARTED"
"27-07-2026 11:49:10","1","Information","Microsoft-Windows-PCI","[PDO] (0x0000.0x16.0x00): Finish state transition to STARTED"
"27-07-2026 11:49:10","1","Information","Microsoft-Windows-PCI","[PDO] (0x0000.0x1f.0x06): Finish state transition to STARTED"
"27-07-2026 11:49:10","1","Information","Microsoft-Windows-PCI","[PDO] (0x0000.0x1f.0x06): Begin state transition from UNINITIALIZED to STARTED"
"27-07-2026 11:49:10","1","Information","Microsoft-Windows-PCI","[PDO] (0x0000.0x0d.0x03): Begin state transition from UNINITIALIZED to STARTED"
"27-07-2026 11:49:10","1","Information","Microsoft-Windows-PCI","[PDO] (0x0000.0x0d.0x00): Begin state transition from UNINITIALIZED to STARTED"
"27-07-2026 11:49:10","1","Information","Microsoft-Windows-PCI","[PDO] (0x0000.0x14.0x00): Begin state transition from UNINITIALIZED to STARTED"
"27-07-2026 11:49:10","1","Information","Microsoft-Windows-PCI","[PDO] (0x0000.0x16.0x00): Begin state transition from UNINITIALIZED to STARTED"
"27-07-2026 11:49:10","1","Information","Microsoft-Windows-PCI","[PDO] (0x0000.0x02.0x00): Finish state transition to STARTED"
"27-07-2026 11:49:10","1","Information","Microsoft-Windows-PCI","[PDO] (0x0000.0x02.0x00): Begin state transition from UNINITIALIZED to STARTED"
"27-07-2026 11:49:07","1","Information","Microsoft-Windows-PCI","[PDO] (0x0000.0x0a.0x00): Finish state transition to STARTED"
"27-07-2026 11:49:07","1","Information","Microsoft-Windows-PCI","[PDO] (0x0000.0x0a.0x00): Begin state transition from UNINITIALIZED to STARTED"
"27-07-2026 11:49:06","1","Information","Microsoft-Windows-PCI","[PDO] (0x0000.0x0e.0x00): Finish state transition to STARTED"
"27-07-2026 11:49:06","1","Information","Microsoft-Windows-PCI","[PDO] (0x0000.0x0e.0x00): Begin state transition from UNINITIALIZED to STARTED"
"27-07-2026 11:49:06","1","Information","Microsoft-Windows-PCI","[PDO] (0x0000.0x1f.0x00): Finish state transition to STARTED"
"27-07-2026 11:49:06","1","Information","Microsoft-Windows-PCI","[PDO] (0x0000.0x00.0x00): Finish state transition to STARTED"
"27-07-2026 11:49:06","1","Information","Microsoft-Windows-PCI","[PDO] (0x0000.0x1f.0x00): Begin state transition from UNINITIALIZED to STARTED"
"27-07-2026 11:49:06","1","Information","Microsoft-Windows-PCI","[PDO] (0x0000.0x00.0x00): Begin state transition from UNINITIALIZED to STARTED"
"27-07-2026 11:49:06","1","Information","Microsoft-Windows-PCI","[ROOT] (Bus 0x0000): Finish state transition to STARTED"
"27-07-2026 11:49:06","1","Information","Microsoft-Windows-PCI","[ROOT] (Bus 0x0000): Begin state transition from UNINITIALIZED to STARTED"
"27-07-2026 09:37:09","1","Information","Microsoft-Windows-PCI","[PDO] (0x0000.0x04.0x00): Finish state transition to STARTED"
"27-07-2026 09:37:09","1","Information","Microsoft-Windows-PCI","[PDO] (0x0000.0x04.0x00): Begin state transition from UNINITIALIZED to STARTED"
"27-07-2026 09:37:03","1","Information","Microsoft-Windows-PCI","[FDO] (0x0000.0x07.0x03) (Bus 0x002b): Finish state transition to STARTED"
"27-07-2026 09:37:03","1","Information","Microsoft-Windows-PCI","[FDO] (0x0000.0x07.0x03) (Bus 0x002b): Begin state transition from UNINITIALIZED to STARTED"
"27-07-2026 09:37:03","1","Information","Microsoft-Windows-PCI","[PDO] (0x0000.0x07.0x03): Finish state transition to STARTED"
"27-07-2026 09:37:03","1","Information","Microsoft-Windows-PCI","[PDO] (0x0000.0x07.0x03): Begin state transition from UNINITIALIZED to STARTED"
"27-07-2026 09:37:03","1","Information","Microsoft-Windows-PCI","[FDO] (0x0000.0x07.0x00) (Bus 0x0001): Finish state transition to STARTED"
"27-07-2026 09:37:03","1","Information","Microsoft-Windows-PCI","[FDO] (0x0000.0x07.0x00) (Bus 0x0001): Begin state transition from UNINITIALIZED to STARTED"
"27-07-2026 09:37:03","1","Information","Microsoft-Windows-PCI","[PDO] (0x0000.0x07.0x00): Finish state transition to STARTED"
"27-07-2026 09:37:03","1","Information","Microsoft-Windows-PCI","[PDO] (0x0000.0x07.0x00): Begin state transition from UNINITIALIZED to STARTED"
"27-07-2026 09:37:03","1","Information","Microsoft-Windows-PCI","[PDO] (0x0000.0x14.0x03): Finish state transition to STARTED"
"27-07-2026 09:37:03","1","Information","Microsoft-Windows-PCI","[PDO] (0x0000.0x1f.0x03): Finish state transition to STARTED"
"27-07-2026 09:37:03","1","Information","Microsoft-Windows-PCI","[PDO] (0x0000.0x12.0x00): Finish state transition to STARTED"
"27-07-2026 09:37:03","1","Information","Microsoft-Windows-PCI","[PDO] (0x0000.0x1e.0x00): Finish state transition to STARTED"
"27-07-2026 09:37:03","1","Information","Microsoft-Windows-PCI","[PDO] (0x0000.0x15.0x03): Finish state transition to STARTED"
"27-07-2026 09:37:03","1","Information","Microsoft-Windows-PCI","[PDO] (0x0000.0x15.0x00): Finish state transition to STARTED"
"27-07-2026 09:37:03","1","Information","Microsoft-Windows-PCI","[PDO] (0x0000.0x1f.0x03): Begin state transition from UNINITIALIZED to STARTED"
"27-07-2026 09:37:03","1","Information","Microsoft-Windows-PCI","[PDO] (0x0000.0x1e.0x00): Begin state transition from UNINITIALIZED to STARTED"
"27-07-2026 09:37:03","1","Information","Microsoft-Windows-PCI","[PDO] (0x0000.0x15.0x03): Begin state transition from UNINITIALIZED to STARTED"
"27-07-2026 09:37:03","1","Information","Microsoft-Windows-PCI","[PDO] (0x0000.0x14.0x03): Begin state transition from UNINITIALIZED to STARTED"
"27-07-2026 09:37:03","1","Information","Microsoft-Windows-PCI","[PDO] (0x0000.0x15.0x00): Begin state transition from UNINITIALIZED to STARTED"
"27-07-2026 09:37:03","1","Information","Microsoft-Windows-PCI","[PDO] (0x0000.0x12.0x00): Begin state transition from UNINITIALIZED to STARTED"
"27-07-2026 09:37:02","1","Information","Microsoft-Windows-PCI","[PDO] (0x0000.0x08.0x00): Finish state transition to STARTED"
"27-07-2026 09:37:02","1","Information","Microsoft-Windows-PCI","[PDO] (0x0000.0x0b.0x00): Finish state transition to STARTED"
"27-07-2026 09:37:02","1","Information","Microsoft-Windows-PCI","[PDO] (0x0000.0x0b.0x00): Begin state transition from UNINITIALIZED to STARTED"
"27-07-2026 09:37:02","1","Information","Microsoft-Windows-PCI","[PDO] (0x0000.0x08.0x00): Begin state transition from UNINITIALIZED to STARTED"
"27-07-2026 09:37:01","1","Information","Microsoft-Windows-PCI","[PDO] (0x0000.0x1f.0x06): Finish state transition to STARTED"
"27-07-2026 09:37:01","1","Information","Microsoft-Windows-PCI","[PDO] (0x0000.0x0d.0x03): Finish state transition to STARTED"
"27-07-2026 09:37:01","1","Information","Microsoft-Windows-PCI","[PDO] (0x0000.0x14.0x00): Finish state transition to STARTED"
"27-07-2026 09:37:01","1","Information","Microsoft-Windows-PCI","[PDO] (0x0000.0x0d.0x00): Finish state transition to STARTED"
"27-07-2026 09:37:01","1","Information","Microsoft-Windows-PCI","[PDO] (0x0000.0x16.0x00): Finish state transition to STARTED"
"27-07-2026 09:37:01","1","Information","Microsoft-Windows-PCI","[PDO] (0x0000.0x1f.0x06): Begin state transition from UNINITIALIZED to STARTED"
"27-07-2026 09:37:01","1","Information","Microsoft-Windows-PCI","[PDO] (0x0000.0x0d.0x03): Begin state transition from UNINITIALIZED to STARTED"
"27-07-2026 09:37:01","1","Information","Microsoft-Windows-PCI","[PDO] (0x0000.0x0d.0x00): Begin state transition from UNINITIALIZED to STARTED"
"27-07-2026 09:37:01","1","Information","Microsoft-Windows-PCI","[PDO] (0x0000.0x14.0x00): Begin state transition from UNINITIALIZED to STARTED"
"27-07-2026 09:37:01","1","Information","Microsoft-Windows-PCI","[PDO] (0x0000.0x16.0x00): Begin state transition from UNINITIALIZED to STARTED"
"27-07-2026 09:37:01","1","Information","Microsoft-Windows-PCI","[PDO] (0x0000.0x02.0x00): Finish state transition to STARTED"
"27-07-2026 09:37:01","1","Information","Microsoft-Windows-PCI","[PDO] (0x0000.0x02.0x00): Begin state transition from UNINITIALIZED to STARTED"
"27-07-2026 09:36:57","1","Information","Microsoft-Windows-PCI","[PDO] (0x0000.0x0a.0x00): Finish state transition to STARTED"
"27-07-2026 09:36:57","1","Information","Microsoft-Windows-PCI","[PDO] (0x0000.0x0a.0x00): Begin state transition from UNINITIALIZED to STARTED"
"27-07-2026 09:36:57","1","Information","Microsoft-Windows-PCI","[PDO] (0x0000.0x0e.0x00): Finish state transition to STARTED"
"27-07-2026 09:36:57","1","Information","Microsoft-Windows-PCI","[PDO] (0x0000.0x0e.0x00): Begin state transition from UNINITIALIZED to STARTED"
"27-07-2026 09:36:57","1","Information","Microsoft-Windows-PCI","[PDO] (0x0000.0x1f.0x00): Finish state transition to STARTED"
"27-07-2026 09:36:57","1","Information","Microsoft-Windows-PCI","[PDO] (0x0000.0x1f.0x00): Begin state transition from UNINITIALIZED to STARTED"
"27-07-2026 09:36:57","1","Information","Microsoft-Windows-PCI","[PDO] (0x0000.0x00.0x00): Finish state transition to STARTED"
"27-07-2026 09:36:57","1","Information","Microsoft-Windows-PCI","[PDO] (0x0000.0x00.0x00): Begin state transition from UNINITIALIZED to STARTED"
"27-07-2026 09:36:57","1","Information","Microsoft-Windows-PCI","[ROOT] (Bus 0x0000): Finish state transition to STARTED"
"27-07-2026 09:36:57","1","Information","Microsoft-Windows-PCI","[ROOT] (Bus 0x0000): Begin state transition from UNINITIALIZED to STARTED"
"27-07-2026 09:34:23","1","Information","Microsoft-Windows-PCI","[PDO] (0x0000.0x04.0x00): Finish state transition to STARTED"
"27-07-2026 09:34:23","1","Information","Microsoft-Windows-PCI","[PDO] (0x0000.0x04.0x00): Begin state transition from UNINITIALIZED to STARTED"
"27-07-2026 09:34:15","1","Information","Microsoft-Windows-PCI","[FDO] (0x0000.0x07.0x03) (Bus 0x002b): Finish state transition to STARTED"
"27-07-2026 09:34:15","1","Information","Microsoft-Windows-PCI","[FDO] (0x0000.0x07.0x03) (Bus 0x002b): Begin state transition from UNINITIALIZED to STARTED"
"27-07-2026 09:34:15","1","Information","Microsoft-Windows-PCI","[PDO] (0x0000.0x07.0x03): Finish state transition to STARTED"
"27-07-2026 09:34:15","1","Information","Microsoft-Windows-PCI","[PDO] (0x0000.0x07.0x03): Begin state transition from UNINITIALIZED to STARTED"
"27-07-2026 09:34:15","1","Information","Microsoft-Windows-PCI","[FDO] (0x0000.0x07.0x00) (Bus 0x0001): Finish state transition to STARTED"
"27-07-2026 09:34:15","1","Information","Microsoft-Windows-PCI","[FDO] (0x0000.0x07.0x00) (Bus 0x0001): Begin state transition from UNINITIALIZED to STARTED"
"27-07-2026 09:34:15","1","Information","Microsoft-Windows-PCI","[PDO] (0x0000.0x07.0x00): Finish state transition to STARTED"
"27-07-2026 09:34:15","1","Information","Microsoft-Windows-PCI","[PDO] (0x0000.0x07.0x00): Begin state transition from UNINITIALIZED to STARTED"
"27-07-2026 09:34:14","1","Information","Microsoft-Windows-PCI","[PDO] (0x0000.0x14.0x03): Finish state transition to STARTED"
"27-07-2026 09:34:14","1","Information","Microsoft-Windows-PCI","[PDO] (0x0000.0x15.0x00): Finish state transition to STARTED"
"27-07-2026 09:34:14","1","Information","Microsoft-Windows-PCI","[PDO] (0x0000.0x1e.0x00): Finish state transition to STARTED"
"27-07-2026 09:34:14","1","Information","Microsoft-Windows-PCI","[PDO] (0x0000.0x12.0x00): Finish state transition to STARTED"
"27-07-2026 09:34:14","1","Information","Microsoft-Windows-PCI","[PDO] (0x0000.0x1f.0x03): Finish state transition to STARTED"
"27-07-2026 09:34:14","1","Information","Microsoft-Windows-PCI","[PDO] (0x0000.0x15.0x03): Finish state transition to STARTED"
"27-07-2026 09:34:14","1","Information","Microsoft-Windows-PCI","[PDO] (0x0000.0x1f.0x03): Begin state transition from UNINITIALIZED to STARTED"
"27-07-2026 09:34:14","1","Information","Microsoft-Windows-PCI","[PDO] (0x0000.0x1e.0x00): Begin state transition from UNINITIALIZED to STARTED"
"27-07-2026 09:34:14","1","Information","Microsoft-Windows-PCI","[PDO] (0x0000.0x15.0x03): Begin state transition from UNINITIALIZED to STARTED"
"27-07-2026 09:34:14","1","Information","Microsoft-Windows-PCI","[PDO] (0x0000.0x15.0x00): Begin state transition from UNINITIALIZED to STARTED"
"27-07-2026 09:34:14","1","Information","Microsoft-Windows-PCI","[PDO] (0x0000.0x14.0x03): Begin state transition from UNINITIALIZED to STARTED"
"27-07-2026 09:34:14","1","Information","Microsoft-Windows-PCI","[PDO] (0x0000.0x12.0x00): Begin state transition from UNINITIALIZED to STARTED"
"27-07-2026 09:34:13","1","Information","Microsoft-Windows-PCI","[PDO] (0x0000.0x08.0x00): Finish state transition to STARTED"
"27-07-2026 09:34:13","1","Information","Microsoft-Windows-PCI","[PDO] (0x0000.0x0b.0x00): Finish state transition to STARTED"
"27-07-2026 09:34:13","1","Information","Microsoft-Windows-PCI","[PDO] (0x0000.0x0b.0x00): Begin state transition from UNINITIALIZED to STARTED"
"27-07-2026 09:34:13","1","Information","Microsoft-Windows-PCI","[PDO] (0x0000.0x08.0x00): Begin state transition from UNINITIALIZED to STARTED"
"27-07-2026 09:34:13","1","Information","Microsoft-Windows-PCI","[PDO] (0x0000.0x0d.0x03): Finish state transition to STARTED"
"27-07-2026 09:34:13","1","Information","Microsoft-Windows-PCI","[PDO] (0x0000.0x14.0x00): Finish state transition to STARTED"
"27-07-2026 09:34:13","1","Information","Microsoft-Windows-PCI","[PDO] (0x0000.0x1f.0x06): Finish state transition to STARTED"
"27-07-2026 09:34:13","1","Information","Microsoft-Windows-PCI","[PDO] (0x0000.0x16.0x00): Finish state transition to STARTED"
"27-07-2026 09:34:13","1","Information","Microsoft-Windows-PCI","[PDO] (0x0000.0x0d.0x00): Finish state transition to STARTED"
"27-07-2026 09:34:13","1","Information","Microsoft-Windows-PCI","[PDO] (0x0000.0x1f.0x06): Begin state transition from UNINITIALIZED to STARTED"
"27-07-2026 09:34:13","1","Information","Microsoft-Windows-PCI","[PDO] (0x0000.0x0d.0x03): Begin state transition from UNINITIALIZED to STARTED"
"27-07-2026 09:34:13","1","Information","Microsoft-Windows-PCI","[PDO] (0x0000.0x0d.0x00): Begin state transition from UNINITIALIZED to STARTED"
"27-07-2026 09:34:13","1","Information","Microsoft-Windows-PCI","[PDO] (0x0000.0x14.0x00): Begin state transition from UNINITIALIZED to STARTED"
"27-07-2026 09:34:13","1","Information","Microsoft-Windows-PCI","[PDO] (0x0000.0x16.0x00): Begin state transition from UNINITIALIZED to STARTED"
"27-07-2026 09:34:13","1","Information","Microsoft-Windows-PCI","[PDO] (0x0000.0x02.0x00): Finish state transition to STARTED"
"27-07-2026 09:34:13","1","Information","Microsoft-Windows-PCI","[PDO] (0x0000.0x02.0x00): Begin state transition from UNINITIALIZED to STARTED"
"27-07-2026 09:34:09","1","Information","Microsoft-Windows-PCI","[PDO] (0x0000.0x0a.0x00): Finish state transition to STARTED"
"27-07-2026 09:34:09","1","Information","Microsoft-Windows-PCI","[PDO] (0x0000.0x0a.0x00): Begin state transition from UNINITIALIZED to STARTED"
"27-07-2026 09:34:09","1","Information","Microsoft-Windows-PCI","[PDO] (0x0000.0x0e.0x00): Finish state transition to STARTED"
"27-07-2026 09:34:09","1","Information","Microsoft-Windows-PCI","[PDO] (0x0000.0x0e.0x00): Begin state transition from UNINITIALIZED to STARTED"
"27-07-2026 09:34:09","1","Information","Microsoft-Windows-PCI","[PDO] (0x0000.0x1f.0x00): Finish state transition to STARTED"
"27-07-2026 09:34:09","1","Information","Microsoft-Windows-PCI","[PDO] (0x0000.0x00.0x00): Finish state transition to STARTED"
"27-07-2026 09:34:09","1","Information","Microsoft-Windows-PCI","[PDO] (0x0000.0x1f.0x00): Begin state transition from UNINITIALIZED to STARTED"
"27-07-2026 09:34:09","1","Information","Microsoft-Windows-PCI","[PDO] (0x0000.0x00.0x00): Begin state transition from UNINITIALIZED to STARTED"
"27-07-2026 09:34:09","1","Information","Microsoft-Windows-PCI","[ROOT] (Bus 0x0000): Finish state transition to STARTED"
"27-07-2026 09:34:09","1","Information","Microsoft-Windows-PCI","[ROOT] (Bus 0x0000): Begin state transition from UNINITIALIZED to STARTED"
"27-07-2026 09:15:23","1","Information","Microsoft-Windows-PCI","[PDO] (0x0000.0x14.0x03): Finish state transition to STARTED"
"27-07-2026 09:15:23","1","Information","Microsoft-Windows-PCI","[PDO] (0x0000.0x14.0x03): Begin state transition from UNINITIALIZED to STARTED"
"27-07-2026 09:15:21","1","Information","Microsoft-Windows-PCI","[PDO] (0x0000.0x14.0x03): Finish state transition to UNINITIALIZED"
"27-07-2026 09:15:20","1","Information","Microsoft-Windows-PCI","[PDO] (0x0000.0x14.0x03): Begin state transition from STARTED to UNINITIALIZED"
"24-07-2026 18:24:36","1","Information","Microsoft-Windows-PCI","[PDO] (0x0000.0x1f.0x06): Finish state transition to UNINITIALIZED"
"24-07-2026 18:24:36","1","Information","Microsoft-Windows-PCI","[PDO] (0x0000.0x1f.0x06): Begin state transition from STARTED to UNINITIALIZED"
"24-07-2026 18:24:35","1","Information","Microsoft-Windows-PCI","[PDO] (0x0000.0x1f.0x06): Finish state transition to STARTED"
"24-07-2026 18:24:35","1","Information","Microsoft-Windows-PCI","[PDO] (0x0000.0x1f.0x06): Begin state transition from UNINITIALIZED to STARTED"
"24-07-2026 18:24:35","1","Information","Microsoft-Windows-PCI","[PDO] (0x0000.0x1f.0x06): Finish state transition to REMOVED"
"24-07-2026 18:24:35","1","Information","Microsoft-Windows-PCI","[PDO] (0x0000.0x1f.0x06): Begin state transition from SURPRISE_REMOVED to REMOVED"
"24-07-2026 18:24:35","1","Information","Microsoft-Windows-PCI","[PDO] (0x0000.0x1f.0x06): Finish state transition to SURPRISE_REMOVED"
"24-07-2026 18:24:35","1","Information","Microsoft-Windows-PCI","[PDO] (0x0000.0x1f.0x06): Begin state transition from STARTED to SURPRISE_REMOVED"
"24-07-2026 09:30:03","1","Information","Microsoft-Windows-PCI","[PDO] (0x0000.0x14.0x03): Finish state transition to STARTED"
"24-07-2026 09:30:03","1","Information","Microsoft-Windows-PCI","[PDO] (0x0000.0x14.0x03): Begin state transition from UNINITIALIZED to STARTED"
"24-07-2026 09:30:03","1","Information","Microsoft-Windows-PCI","[PDO] (0x0000.0x14.0x03): Finish state transition to UNINITIALIZED"
"24-07-2026 09:30:02","1","Information","Microsoft-Windows-PCI","[PDO] (0x0000.0x14.0x03): Begin state transition from STARTED to UNINITIALIZED"
"23-07-2026 18:20:21","1","Information","Microsoft-Windows-PCI","[PDO] (0x0000.0x14.0x03): Finish state transition to STARTED"
"23-07-2026 18:20:21","1","Information","Microsoft-Windows-PCI","[PDO] (0x0000.0x14.0x03): Begin state transition from UNINITIALIZED to STARTED"
"23-07-2026 18:20:19","1","Information","Microsoft-Windows-PCI","[PDO] (0x0000.0x14.0x03): Finish state transition to UNINITIALIZED"
"23-07-2026 18:20:18","1","Information","Microsoft-Windows-PCI","[PDO] (0x0000.0x14.0x03): Begin state transition from STARTED to UNINITIALIZED"
"23-07-2026 10:17:52","1","Information","Microsoft-Windows-PCI","[PDO] (0x0000.0x14.0x03): Finish state transition to STARTED"
"23-07-2026 10:17:52","1","Information","Microsoft-Windows-PCI","[PDO] (0x0000.0x14.0x03): Begin state transition from UNINITIALIZED to STARTED"
"23-07-2026 10:17:52","1","Information","Microsoft-Windows-PCI","[PDO] (0x0000.0x14.0x03): Finish state transition to UNINITIALIZED"
"23-07-2026 10:17:51","1","Information","Microsoft-Windows-PCI","[PDO] (0x0000.0x14.0x03): Begin state transition from STARTED to UNINITIALIZED"
"21-07-2026 08:44:18","1","Information","Microsoft-Windows-PCI","[PDO] (0x0000.0x04.0x00): Finish state transition to STARTED"
"21-07-2026 08:44:18","1","Information","Microsoft-Windows-PCI","[PDO] (0x0000.0x04.0x00): Begin state transition from UNINITIALIZED to STARTED"
"21-07-2026 08:44:11","1","Information","Microsoft-Windows-PCI","[FDO] (0x0000.0x07.0x03) (Bus 0x002b): Finish state transition to STARTED"
"21-07-2026 08:44:11","1","Information","Microsoft-Windows-PCI","[FDO] (0x0000.0x07.0x03) (Bus 0x002b): Begin state transition from UNINITIALIZED to STARTED"
"21-07-2026 08:44:11","1","Information","Microsoft-Windows-PCI","[PDO] (0x0000.0x07.0x03): Finish state transition to STARTED"
"21-07-2026 08:44:11","1","Information","Microsoft-Windows-PCI","[PDO] (0x0000.0x07.0x03): Begin state transition from UNINITIALIZED to STARTED"
"21-07-2026 08:44:11","1","Information","Microsoft-Windows-PCI","[FDO] (0x0000.0x07.0x00) (Bus 0x0001): Finish state transition to STARTED"
"21-07-2026 08:44:11","1","Information","Microsoft-Windows-PCI","[FDO] (0x0000.0x07.0x00) (Bus 0x0001): Begin state transition from UNINITIALIZED to STARTED"
"21-07-2026 08:44:11","1","Information","Microsoft-Windows-PCI","[PDO] (0x0000.0x07.0x00): Finish state transition to STARTED"
"21-07-2026 08:44:11","1","Information","Microsoft-Windows-PCI","[PDO] (0x0000.0x07.0x00): Begin state transition from UNINITIALIZED to STARTED"
"21-07-2026 08:44:10","1","Information","Microsoft-Windows-PCI","[PDO] (0x0000.0x14.0x03): Finish state transition to STARTED"
"21-07-2026 08:44:10","1","Information","Microsoft-Windows-PCI","[PDO] (0x0000.0x1f.0x03): Finish state transition to STARTED"
"21-07-2026 08:44:10","1","Information","Microsoft-Windows-PCI","[PDO] (0x0000.0x15.0x00): Finish state transition to STARTED"
"21-07-2026 08:44:10","1","Information","Microsoft-Windows-PCI","[PDO] (0x0000.0x1e.0x00): Finish state transition to STARTED"
"21-07-2026 08:44:10","1","Information","Microsoft-Windows-PCI","[PDO] (0x0000.0x15.0x03): Finish state transition to STARTED"
"21-07-2026 08:44:10","1","Information","Microsoft-Windows-PCI","[PDO] (0x0000.0x12.0x00): Finish state transition to STARTED"
"21-07-2026 08:44:10","1","Information","Microsoft-Windows-PCI","[PDO] (0x0000.0x1f.0x03): Begin state transition from UNINITIALIZED to STARTED"
"21-07-2026 08:44:10","1","Information","Microsoft-Windows-PCI","[PDO] (0x0000.0x1e.0x00): Begin state transition from UNINITIALIZED to STARTED"
"21-07-2026 08:44:10","1","Information","Microsoft-Windows-PCI","[PDO] (0x0000.0x15.0x00): Begin state transition from UNINITIALIZED to STARTED"
"21-07-2026 08:44:10","1","Information","Microsoft-Windows-PCI","[PDO] (0x0000.0x15.0x03): Begin state transition from UNINITIALIZED to STARTED"
"21-07-2026 08:44:10","1","Information","Microsoft-Windows-PCI","[PDO] (0x0000.0x14.0x03): Begin state transition from UNINITIALIZED to STARTED"
"21-07-2026 08:44:10","1","Information","Microsoft-Windows-PCI","[PDO] (0x0000.0x12.0x00): Begin state transition from UNINITIALIZED to STARTED"
"21-07-2026 08:44:09","1","Information","Microsoft-Windows-PCI","[PDO] (0x0000.0x0b.0x00): Finish state transition to STARTED"
"21-07-2026 08:44:09","1","Information","Microsoft-Windows-PCI","[PDO] (0x0000.0x08.0x00): Finish state transition to STARTED"
"21-07-2026 08:44:09","1","Information","Microsoft-Windows-PCI","[PDO] (0x0000.0x0b.0x00): Begin state transition from UNINITIALIZED to STARTED"
"21-07-2026 08:44:09","1","Information","Microsoft-Windows-PCI","[PDO] (0x0000.0x08.0x00): Begin state transition from UNINITIALIZED to STARTED"
"21-07-2026 08:44:09","1","Information","Microsoft-Windows-PCI","[PDO] (0x0000.0x16.0x00): Finish state transition to STARTED"
"21-07-2026 08:44:09","1","Information","Microsoft-Windows-PCI","[PDO] (0x0000.0x0d.0x03): Finish state transition to STARTED"
"21-07-2026 08:44:09","1","Information","Microsoft-Windows-PCI","[PDO] (0x0000.0x0d.0x00): Finish state transition to STARTED"
"21-07-2026 08:44:09","1","Information","Microsoft-Windows-PCI","[PDO] (0x0000.0x14.0x00): Finish state transition to STARTED"
"21-07-2026 08:44:09","1","Information","Microsoft-Windows-PCI","[PDO] (0x0000.0x1f.0x06): Finish state transition to STARTED"
"21-07-2026 08:44:09","1","Information","Microsoft-Windows-PCI","[PDO] (0x0000.0x1f.0x06): Begin state transition from UNINITIALIZED to STARTED"
"21-07-2026 08:44:09","1","Information","Microsoft-Windows-PCI","[PDO] (0x0000.0x0d.0x03): Begin state transition from UNINITIALIZED to STARTED"
"21-07-2026 08:44:09","1","Information","Microsoft-Windows-PCI","[PDO] (0x0000.0x0d.0x00): Begin state transition from UNINITIALIZED to STARTED"
"21-07-2026 08:44:09","1","Information","Microsoft-Windows-PCI","[PDO] (0x0000.0x14.0x00): Begin state transition from UNINITIALIZED to STARTED"
"21-07-2026 08:44:09","1","Information","Microsoft-Windows-PCI","[PDO] (0x0000.0x16.0x00): Begin state transition from UNINITIALIZED to STARTED"
"21-07-2026 08:44:09","1","Information","Microsoft-Windows-PCI","[PDO] (0x0000.0x02.0x00): Finish state transition to STARTED"
"21-07-2026 08:44:09","1","Information","Microsoft-Windows-PCI","[PDO] (0x0000.0x02.0x00): Begin state transition from UNINITIALIZED to STARTED"
"21-07-2026 08:44:07","1","Information","Microsoft-Windows-PCI","[PDO] (0x0000.0x0a.0x00): Finish state transition to STARTED"
"21-07-2026 08:44:07","1","Information","Microsoft-Windows-PCI","[PDO] (0x0000.0x0a.0x00): Begin state transition from UNINITIALIZED to STARTED"
"21-07-2026 08:44:06","1","Information","Microsoft-Windows-PCI","[PDO] (0x0000.0x0e.0x00): Finish state transition to STARTED"
"21-07-2026 08:44:06","1","Information","Microsoft-Windows-PCI","[PDO] (0x0000.0x0e.0x00): Begin state transition from UNINITIALIZED to STARTED"
"21-07-2026 08:44:06","1","Information","Microsoft-Windows-PCI","[PDO] (0x0000.0x1f.0x00): Finish state transition to STARTED"
"21-07-2026 08:44:06","1","Information","Microsoft-Windows-PCI","[PDO] (0x0000.0x00.0x00): Finish state transition to STARTED"
"21-07-2026 08:44:06","1","Information","Microsoft-Windows-PCI","[PDO] (0x0000.0x1f.0x00): Begin state transition from UNINITIALIZED to STARTED"
"21-07-2026 08:44:06","1","Information","Microsoft-Windows-PCI","[PDO] (0x0000.0x00.0x00): Begin state transition from UNINITIALIZED to STARTED"
"21-07-2026 08:44:06","1","Information","Microsoft-Windows-PCI","[ROOT] (Bus 0x0000): Finish state transition to STARTED"
"21-07-2026 08:44:06","1","Information","Microsoft-Windows-PCI","[ROOT] (Bus 0x0000): Begin state transition from UNINITIALIZED to STARTED"
"15-07-2026 09:16:11","1","Information","Microsoft-Windows-PCI","[PDO] (0x0000.0x14.0x03): Finish state transition to STARTED"
"15-07-2026 09:16:11","1","Information","Microsoft-Windows-PCI","[PDO] (0x0000.0x14.0x03): Begin state transition from UNINITIALIZED to STARTED"
"15-07-2026 09:15:51","1","Information","Microsoft-Windows-PCI","[PDO] (0x0000.0x14.0x03): Finish state transition to UNINITIALIZED"
"15-07-2026 09:15:51","1","Information","Microsoft-Windows-PCI","[PDO] (0x0000.0x14.0x03): Begin state transition from STARTED to UNINITIALIZED"
"12-07-2026 18:31:56","1","Information","Microsoft-Windows-PCI","[PDO] (0x0000.0x04.0x00): Finish state transition to STARTED"
"12-07-2026 18:31:56","1","Information","Microsoft-Windows-PCI","[PDO] (0x0000.0x04.0x00): Begin state transition from UNINITIALIZED to STARTED"
"12-07-2026 18:31:51","1","Information","Microsoft-Windows-PCI","[FDO] (0x0000.0x07.0x03) (Bus 0x002b): Finish state transition to STARTED"
"12-07-2026 18:31:51","1","Information","Microsoft-Windows-PCI","[FDO] (0x0000.0x07.0x03) (Bus 0x002b): Begin state transition from UNINITIALIZED to STARTED"
"12-07-2026 18:31:51","1","Information","Microsoft-Windows-PCI","[PDO] (0x0000.0x07.0x03): Finish state transition to STARTED"
"12-07-2026 18:31:51","1","Information","Microsoft-Windows-PCI","[PDO] (0x0000.0x07.0x03): Begin state transition from UNINITIALIZED to STARTED"
"12-07-2026 18:31:50","1","Information","Microsoft-Windows-PCI","[FDO] (0x0000.0x07.0x00) (Bus 0x0001): Finish state transition to STARTED"
"12-07-2026 18:31:50","1","Information","Microsoft-Windows-PCI","[FDO] (0x0000.0x07.0x00) (Bus 0x0001): Begin state transition from UNINITIALIZED to STARTED"
"12-07-2026 18:31:50","1","Information","Microsoft-Windows-PCI","[PDO] (0x0000.0x07.0x00): Finish state transition to STARTED"
"12-07-2026 18:31:50","1","Information","Microsoft-Windows-PCI","[PDO] (0x0000.0x07.0x00): Begin state transition from UNINITIALIZED to STARTED"
"12-07-2026 18:31:50","1","Information","Microsoft-Windows-PCI","[PDO] (0x0000.0x14.0x03): Finish state transition to STARTED"
"12-07-2026 18:31:50","1","Information","Microsoft-Windows-PCI","[PDO] (0x0000.0x15.0x00): Finish state transition to STARTED"
"12-07-2026 18:31:50","1","Information","Microsoft-Windows-PCI","[PDO] (0x0000.0x1e.0x00): Finish state transition to STARTED"
"12-07-2026 18:31:50","1","Information","Microsoft-Windows-PCI","[PDO] (0x0000.0x12.0x00): Finish state transition to STARTED"
"12-07-2026 18:31:50","1","Information","Microsoft-Windows-PCI","[PDO] (0x0000.0x1f.0x03): Finish state transition to STARTED"
"12-07-2026 18:31:50","1","Information","Microsoft-Windows-PCI","[PDO] (0x0000.0x15.0x03): Finish state transition to STARTED"
"12-07-2026 18:31:50","1","Information","Microsoft-Windows-PCI","[PDO] (0x0000.0x1f.0x03): Begin state transition from UNINITIALIZED to STARTED"
"12-07-2026 18:31:50","1","Information","Microsoft-Windows-PCI","[PDO] (0x0000.0x1e.0x00): Begin state transition from UNINITIALIZED to STARTED"
"12-07-2026 18:31:50","1","Information","Microsoft-Windows-PCI","[PDO] (0x0000.0x14.0x03): Begin state transition from UNINITIALIZED to STARTED"
"12-07-2026 18:31:50","1","Information","Microsoft-Windows-PCI","[PDO] (0x0000.0x15.0x00): Begin state transition from UNINITIALIZED to STARTED"
"12-07-2026 18:31:50","1","Information","Microsoft-Windows-PCI","[PDO] (0x0000.0x15.0x03): Begin state transition from UNINITIALIZED to STARTED"
"12-07-2026 18:31:50","1","Information","Microsoft-Windows-PCI","[PDO] (0x0000.0x12.0x00): Begin state transition from UNINITIALIZED to STARTED"
"12-07-2026 18:31:49","1","Information","Microsoft-Windows-PCI","[PDO] (0x0000.0x0b.0x00): Finish state transition to STARTED"
"12-07-2026 18:31:49","1","Information","Microsoft-Windows-PCI","[PDO] (0x0000.0x08.0x00): Finish state transition to STARTED"
"12-07-2026 18:31:49","1","Information","Microsoft-Windows-PCI","[PDO] (0x0000.0x0b.0x00): Begin state transition from UNINITIALIZED to STARTED"
"12-07-2026 18:31:49","1","Information","Microsoft-Windows-PCI","[PDO] (0x0000.0x08.0x00): Begin state transition from UNINITIALIZED to STARTED"
"12-07-2026 18:31:49","1","Information","Microsoft-Windows-PCI","[PDO] (0x0000.0x14.0x00): Finish state transition to STARTED"
"12-07-2026 18:31:49","1","Information","Microsoft-Windows-PCI","[PDO] (0x0000.0x0d.0x03): Finish state transition to STARTED"
"12-07-2026 18:31:49","1","Information","Microsoft-Windows-PCI","[PDO] (0x0000.0x1f.0x06): Finish state transition to STARTED"
"12-07-2026 18:31:49","1","Information","Microsoft-Windows-PCI","[PDO] (0x0000.0x0d.0x00): Finish state transition to STARTED"
"12-07-2026 18:31:49","1","Information","Microsoft-Windows-PCI","[PDO] (0x0000.0x16.0x00): Finish state transition to STARTED"
"12-07-2026 18:31:49","1","Information","Microsoft-Windows-PCI","[PDO] (0x0000.0x1f.0x06): Begin state transition from UNINITIALIZED to STARTED"
"12-07-2026 18:31:49","1","Information","Microsoft-Windows-PCI","[PDO] (0x0000.0x0d.0x03): Begin state transition from UNINITIALIZED to STARTED"
"12-07-2026 18:31:49","1","Information","Microsoft-Windows-PCI","[PDO] (0x0000.0x0d.0x00): Begin state transition from UNINITIALIZED to STARTED"
"12-07-2026 18:31:49","1","Information","Microsoft-Windows-PCI","[PDO] (0x0000.0x14.0x00): Begin state transition from UNINITIALIZED to STARTED"
"12-07-2026 18:31:49","1","Information","Microsoft-Windows-PCI","[PDO] (0x0000.0x16.0x00): Begin state transition from UNINITIALIZED to STARTED"
"12-07-2026 18:31:49","1","Information","Microsoft-Windows-PCI","[PDO] (0x0000.0x02.0x00): Finish state transition to STARTED"
"12-07-2026 18:31:48","1","Information","Microsoft-Windows-PCI","[PDO] (0x0000.0x02.0x00): Begin state transition from UNINITIALIZED to STARTED"
"12-07-2026 18:31:47","1","Information","Microsoft-Windows-PCI","[PDO] (0x0000.0x0a.0x00): Finish state transition to STARTED"
"12-07-2026 18:31:46","1","Information","Microsoft-Windows-PCI","[PDO] (0x0000.0x0a.0x00): Begin state transition from UNINITIALIZED to STARTED"
"12-07-2026 18:31:46","1","Information","Microsoft-Windows-PCI","[PDO] (0x0000.0x0e.0x00): Finish state transition to STARTED"
"12-07-2026 18:31:46","1","Information","Microsoft-Windows-PCI","[PDO] (0x0000.0x0e.0x00): Begin state transition from UNINITIALIZED to STARTED"
"12-07-2026 18:31:46","1","Information","Microsoft-Windows-PCI","[PDO] (0x0000.0x00.0x00): Finish state transition to STARTED"
"12-07-2026 18:31:46","1","Information","Microsoft-Windows-PCI","[PDO] (0x0000.0x1f.0x00): Finish state transition to STARTED"
"12-07-2026 18:31:46","1","Information","Microsoft-Windows-PCI","[PDO] (0x0000.0x1f.0x00): Begin state transition from UNINITIALIZED to STARTED"
"12-07-2026 18:31:46","1","Information","Microsoft-Windows-PCI","[PDO] (0x0000.0x00.0x00): Begin state transition from UNINITIALIZED to STARTED"
"12-07-2026 18:31:46","1","Information","Microsoft-Windows-PCI","[ROOT] (Bus 0x0000): Finish state transition to STARTED"
"12-07-2026 18:31:46","1","Information","Microsoft-Windows-PCI","[ROOT] (Bus 0x0000): Begin state transition from UNINITIALIZED to STARTED"
"11-07-2026 17:19:36","1","Information","Microsoft-Windows-PCI","[PDO] (0x0000.0x14.0x03): Finish state transition to STARTED"
"11-07-2026 17:19:36","1","Information","Microsoft-Windows-PCI","[PDO] (0x0000.0x14.0x03): Begin state transition from UNINITIALIZED to STARTED"
"11-07-2026 17:19:36","1","Information","Microsoft-Windows-PCI","[PDO] (0x0000.0x14.0x03): Finish state transition to UNINITIALIZED"
"11-07-2026 17:19:35","1","Information","Microsoft-Windows-PCI","[PDO] (0x0000.0x14.0x03): Begin state transition from STARTED to UNINITIALIZED"
"10-07-2026 09:59:28","1","Information","Microsoft-Windows-PCI","[PDO] (0x0000.0x14.0x03): Finish state transition to STARTED"
"10-07-2026 09:59:28","1","Information","Microsoft-Windows-PCI","[PDO] (0x0000.0x14.0x03): Begin state transition from UNINITIALIZED to STARTED"
"10-07-2026 09:59:27","1","Information","Microsoft-Windows-PCI","[PDO] (0x0000.0x14.0x03): Finish state transition to UNINITIALIZED"
"10-07-2026 09:59:27","1","Information","Microsoft-Windows-PCI","[PDO] (0x0000.0x14.0x03): Begin state transition from STARTED to UNINITIALIZED"
"09-07-2026 13:30:53","1","Information","Microsoft-Windows-PCI","[PDO] (0x0000.0x1f.0x06): Finish state transition to UNINITIALIZED"
"09-07-2026 13:30:53","1","Information","Microsoft-Windows-PCI","[PDO] (0x0000.0x1f.0x06): Begin state transition from STARTED to UNINITIALIZED"
"09-07-2026 13:30:53","1","Information","Microsoft-Windows-PCI","[PDO] (0x0000.0x1f.0x06): Finish state transition to STARTED"
"09-07-2026 13:30:53","1","Information","Microsoft-Windows-PCI","[PDO] (0x0000.0x1f.0x06): Begin state transition from UNINITIALIZED to STARTED"
"09-07-2026 13:30:53","1","Information","Microsoft-Windows-PCI","[PDO] (0x0000.0x1f.0x06): Finish state transition to REMOVED"
"09-07-2026 13:30:53","1","Information","Microsoft-Windows-PCI","[PDO] (0x0000.0x1f.0x06): Begin state transition from SURPRISE_REMOVED to REMOVED"
"09-07-2026 13:30:53","1","Information","Microsoft-Windows-PCI","[PDO] (0x0000.0x1f.0x06): Finish state transition to SURPRISE_REMOVED"
"09-07-2026 13:30:53","1","Information","Microsoft-Windows-PCI","[PDO] (0x0000.0x1f.0x06): Begin state transition from STARTED to SURPRISE_REMOVED"
"07-07-2026 10:54:15","1","Information","Microsoft-Windows-PCI","[PDO] (0x0000.0x14.0x03): Finish state transition to STARTED"
"07-07-2026 10:54:15","1","Information","Microsoft-Windows-PCI","[PDO] (0x0000.0x14.0x03): Begin state transition from UNINITIALIZED to STARTED"
"07-07-2026 10:54:13","1","Information","Microsoft-Windows-PCI","[PDO] (0x0000.0x14.0x03): Finish state transition to UNINITIALIZED"
"07-07-2026 10:54:13","1","Information","Microsoft-Windows-PCI","[PDO] (0x0000.0x14.0x03): Begin state transition from STARTED to UNINITIALIZED"
"07-07-2026 09:28:20","1","Information","Microsoft-Windows-PCI","[PDO] (0x0000.0x04.0x00): Finish state transition to STARTED"
"07-07-2026 09:28:20","1","Information","Microsoft-Windows-PCI","[PDO] (0x0000.0x04.0x00): Begin state transition from UNINITIALIZED to STARTED"
"07-07-2026 09:28:16","1","Information","Microsoft-Windows-PCI","[FDO] (0x0000.0x07.0x03) (Bus 0x002b): Finish state transition to STARTED"
"07-07-2026 09:28:16","1","Information","Microsoft-Windows-PCI","[FDO] (0x0000.0x07.0x03) (Bus 0x002b): Begin state transition from UNINITIALIZED to STARTED"
"07-07-2026 09:28:16","1","Information","Microsoft-Windows-PCI","[PDO] (0x0000.0x07.0x03): Finish state transition to STARTED"
"07-07-2026 09:28:16","1","Information","Microsoft-Windows-PCI","[PDO] (0x0000.0x07.0x03): Begin state transition from UNINITIALIZED to STARTED"
"07-07-2026 09:28:15","1","Information","Microsoft-Windows-PCI","[FDO] (0x0000.0x07.0x00) (Bus 0x0001): Finish state transition to STARTED"
"07-07-2026 09:28:15","1","Information","Microsoft-Windows-PCI","[FDO] (0x0000.0x07.0x00) (Bus 0x0001): Begin state transition from UNINITIALIZED to STARTED"
"07-07-2026 09:28:15","1","Information","Microsoft-Windows-PCI","[PDO] (0x0000.0x07.0x00): Finish state transition to STARTED"
"07-07-2026 09:28:15","1","Information","Microsoft-Windows-PCI","[PDO] (0x0000.0x07.0x00): Begin state transition from UNINITIALIZED to STARTED"
"07-07-2026 09:28:15","1","Information","Microsoft-Windows-PCI","[PDO] (0x0000.0x14.0x03): Finish state transition to STARTED"
"07-07-2026 09:28:15","1","Information","Microsoft-Windows-PCI","[PDO] (0x0000.0x15.0x03): Finish state transition to STARTED"
"07-07-2026 09:28:15","1","Information","Microsoft-Windows-PCI","[PDO] (0x0000.0x1f.0x03): Finish state transition to STARTED"
"07-07-2026 09:28:15","1","Information","Microsoft-Windows-PCI","[PDO] (0x0000.0x12.0x00): Finish state transition to STARTED"
"07-07-2026 09:28:15","1","Information","Microsoft-Windows-PCI","[PDO] (0x0000.0x15.0x00): Finish state transition to STARTED"
"07-07-2026 09:28:15","1","Information","Microsoft-Windows-PCI","[PDO] (0x0000.0x1e.0x00): Finish state transition to STARTED"
"07-07-2026 09:28:15","1","Information","Microsoft-Windows-PCI","[PDO] (0x0000.0x1f.0x03): Begin state transition from UNINITIALIZED to STARTED"
"07-07-2026 09:28:15","1","Information","Microsoft-Windows-PCI","[PDO] (0x0000.0x1e.0x00): Begin state transition from UNINITIALIZED to STARTED"
"07-07-2026 09:28:15","1","Information","Microsoft-Windows-PCI","[PDO] (0x0000.0x14.0x03): Begin state transition from UNINITIALIZED to STARTED"
"07-07-2026 09:28:15","1","Information","Microsoft-Windows-PCI","[PDO] (0x0000.0x15.0x00): Begin state transition from UNINITIALIZED to STARTED"
"07-07-2026 09:28:15","1","Information","Microsoft-Windows-PCI","[PDO] (0x0000.0x15.0x03): Begin state transition from UNINITIALIZED to STARTED"
"07-07-2026 09:28:15","1","Information","Microsoft-Windows-PCI","[PDO] (0x0000.0x12.0x00): Begin state transition from UNINITIALIZED to STARTED"
"07-07-2026 09:28:14","1","Information","Microsoft-Windows-PCI","[PDO] (0x0000.0x08.0x00): Finish state transition to STARTED"
"07-07-2026 09:28:14","1","Information","Microsoft-Windows-PCI","[PDO] (0x0000.0x0b.0x00): Finish state transition to STARTED"
"07-07-2026 09:28:14","1","Information","Microsoft-Windows-PCI","[PDO] (0x0000.0x0b.0x00): Begin state transition from UNINITIALIZED to STARTED"
"07-07-2026 09:28:14","1","Information","Microsoft-Windows-PCI","[PDO] (0x0000.0x08.0x00): Begin state transition from UNINITIALIZED to STARTED"
"07-07-2026 09:28:14","1","Information","Microsoft-Windows-PCI","[PDO] (0x0000.0x0d.0x00): Finish state transition to STARTED"
"07-07-2026 09:28:14","1","Information","Microsoft-Windows-PCI","[PDO] (0x0000.0x0d.0x03): Finish state transition to STARTED"
"07-07-2026 09:28:14","1","Information","Microsoft-Windows-PCI","[PDO] (0x0000.0x14.0x00): Finish state transition to STARTED"
"07-07-2026 09:28:14","1","Information","Microsoft-Windows-PCI","[PDO] (0x0000.0x1f.0x06): Finish state transition to STARTED"
"07-07-2026 09:28:14","1","Information","Microsoft-Windows-PCI","[PDO] (0x0000.0x16.0x00): Finish state transition to STARTED"
"07-07-2026 09:28:14","1","Information","Microsoft-Windows-PCI","[PDO] (0x0000.0x1f.0x06): Begin state transition from UNINITIALIZED to STARTED"
"07-07-2026 09:28:14","1","Information","Microsoft-Windows-PCI","[PDO] (0x0000.0x0d.0x03): Begin state transition from UNINITIALIZED to STARTED"
"07-07-2026 09:28:14","1","Information","Microsoft-Windows-PCI","[PDO] (0x0000.0x0d.0x00): Begin state transition from UNINITIALIZED to STARTED"
"07-07-2026 09:28:14","1","Information","Microsoft-Windows-PCI","[PDO] (0x0000.0x14.0x00): Begin state transition from UNINITIALIZED to STARTED"
"07-07-2026 09:28:14","1","Information","Microsoft-Windows-PCI","[PDO] (0x0000.0x16.0x00): Begin state transition from UNINITIALIZED to STARTED"
"07-07-2026 09:28:14","1","Information","Microsoft-Windows-PCI","[PDO] (0x0000.0x02.0x00): Finish state transition to STARTED"
"07-07-2026 09:28:14","1","Information","Microsoft-Windows-PCI","[PDO] (0x0000.0x02.0x00): Begin state transition from UNINITIALIZED to STARTED"
"07-07-2026 09:28:10","1","Information","Microsoft-Windows-PCI","[PDO] (0x0000.0x0a.0x00): Finish state transition to STARTED"
"07-07-2026 09:28:10","1","Information","Microsoft-Windows-PCI","[PDO] (0x0000.0x0a.0x00): Begin state transition from UNINITIALIZED to STARTED"
"07-07-2026 09:28:09","1","Information","Microsoft-Windows-PCI","[PDO] (0x0000.0x0e.0x00): Finish state transition to STARTED"
"07-07-2026 09:28:09","1","Information","Microsoft-Windows-PCI","[PDO] (0x0000.0x0e.0x00): Begin state transition from UNINITIALIZED to STARTED"
"07-07-2026 09:28:09","1","Information","Microsoft-Windows-PCI","[PDO] (0x0000.0x1f.0x00): Finish state transition to STARTED"
"07-07-2026 09:28:09","1","Information","Microsoft-Windows-PCI","[PDO] (0x0000.0x1f.0x00): Begin state transition from UNINITIALIZED to STARTED"
"07-07-2026 09:28:09","1","Information","Microsoft-Windows-PCI","[PDO] (0x0000.0x00.0x00): Finish state transition to STARTED"
"07-07-2026 09:28:09","1","Information","Microsoft-Windows-PCI","[PDO] (0x0000.0x00.0x00): Begin state transition from UNINITIALIZED to STARTED"
"07-07-2026 09:28:09","1","Information","Microsoft-Windows-PCI","[ROOT] (Bus 0x0000): Finish state transition to STARTED"
"07-07-2026 09:28:09","1","Information","Microsoft-Windows-PCI","[ROOT] (Bus 0x0000): Begin state transition from UNINITIALIZED to STARTED"
"06-07-2026 09:11:32","1","Information","Microsoft-Windows-PCI","[PDO] (0x0000.0x14.0x03): Finish state transition to STARTED"
"06-07-2026 09:11:32","1","Information","Microsoft-Windows-PCI","[PDO] (0x0000.0x14.0x03): Begin state transition from UNINITIALIZED to STARTED"
"06-07-2026 09:11:07","1","Information","Microsoft-Windows-PCI","[PDO] (0x0000.0x14.0x03): Finish state transition to UNINITIALIZED"
"06-07-2026 09:11:06","1","Information","Microsoft-Windows-PCI","[PDO] (0x0000.0x14.0x03): Begin state transition from STARTED to UNINITIALIZED"
"04-07-2026 14:12:40","1","Information","Microsoft-Windows-PCI","[PDO] (0x0000.0x04.0x00): Finish state transition to STARTED"
"04-07-2026 14:12:40","1","Information","Microsoft-Windows-PCI","[PDO] (0x0000.0x04.0x00): Begin state transition from UNINITIALIZED to STARTED"
"04-07-2026 14:12:35","1","Information","Microsoft-Windows-PCI","[FDO] (0x0000.0x07.0x03) (Bus 0x002b): Finish state transition to STARTED"
"04-07-2026 14:12:35","1","Information","Microsoft-Windows-PCI","[FDO] (0x0000.0x07.0x03) (Bus 0x002b): Begin state transition from UNINITIALIZED to STARTED"
"04-07-2026 14:12:35","1","Information","Microsoft-Windows-PCI","[PDO] (0x0000.0x07.0x03): Finish state transition to STARTED"
"04-07-2026 14:12:35","1","Information","Microsoft-Windows-PCI","[PDO] (0x0000.0x07.0x03): Begin state transition from UNINITIALIZED to STARTED"
"04-07-2026 14:12:35","1","Information","Microsoft-Windows-PCI","[FDO] (0x0000.0x07.0x00) (Bus 0x0001): Finish state transition to STARTED"
"04-07-2026 14:12:35","1","Information","Microsoft-Windows-PCI","[FDO] (0x0000.0x07.0x00) (Bus 0x0001): Begin state transition from UNINITIALIZED to STARTED"
"04-07-2026 14:12:35","1","Information","Microsoft-Windows-PCI","[PDO] (0x0000.0x07.0x00): Finish state transition to STARTED"
"04-07-2026 14:12:35","1","Information","Microsoft-Windows-PCI","[PDO] (0x0000.0x07.0x00): Begin state transition from UNINITIALIZED to STARTED"
"04-07-2026 14:12:34","1","Information","Microsoft-Windows-PCI","[PDO] (0x0000.0x14.0x03): Finish state transition to STARTED"
"04-07-2026 14:12:34","1","Information","Microsoft-Windows-PCI","[PDO] (0x0000.0x15.0x03): Finish state transition to STARTED"
"04-07-2026 14:12:34","1","Information","Microsoft-Windows-PCI","[PDO] (0x0000.0x12.0x00): Finish state transition to STARTED"
"04-07-2026 14:12:34","1","Information","Microsoft-Windows-PCI","[PDO] (0x0000.0x1f.0x03): Finish state transition to STARTED"
"04-07-2026 14:12:34","1","Information","Microsoft-Windows-PCI","[PDO] (0x0000.0x15.0x00): Finish state transition to STARTED"
"04-07-2026 14:12:34","1","Information","Microsoft-Windows-PCI","[PDO] (0x0000.0x1e.0x00): Finish state transition to STARTED"
"04-07-2026 14:12:34","1","Information","Microsoft-Windows-PCI","[PDO] (0x0000.0x1f.0x03): Begin state transition from UNINITIALIZED to STARTED"
"04-07-2026 14:12:34","1","Information","Microsoft-Windows-PCI","[PDO] (0x0000.0x1e.0x00): Begin state transition from UNINITIALIZED to STARTED"
"04-07-2026 14:12:34","1","Information","Microsoft-Windows-PCI","[PDO] (0x0000.0x15.0x03): Begin state transition from UNINITIALIZED to STARTED"
"04-07-2026 14:12:34","1","Information","Microsoft-Windows-PCI","[PDO] (0x0000.0x15.0x00): Begin state transition from UNINITIALIZED to STARTED"
"04-07-2026 14:12:34","1","Information","Microsoft-Windows-PCI","[PDO] (0x0000.0x14.0x03): Begin state transition from UNINITIALIZED to STARTED"
"04-07-2026 14:12:34","1","Information","Microsoft-Windows-PCI","[PDO] (0x0000.0x12.0x00): Begin state transition from UNINITIALIZED to STARTED"
"04-07-2026 14:12:34","1","Information","Microsoft-Windows-PCI","[PDO] (0x0000.0x0b.0x00): Finish state transition to STARTED"
"04-07-2026 14:12:34","1","Information","Microsoft-Windows-PCI","[PDO] (0x0000.0x08.0x00): Finish state transition to STARTED"
"04-07-2026 14:12:34","1","Information","Microsoft-Windows-PCI","[PDO] (0x0000.0x0b.0x00): Begin state transition from UNINITIALIZED to STARTED"
"04-07-2026 14:12:34","1","Information","Microsoft-Windows-PCI","[PDO] (0x0000.0x08.0x00): Begin state transition from UNINITIALIZED to STARTED"
"04-07-2026 14:12:33","1","Information","Microsoft-Windows-PCI","[PDO] (0x0000.0x1f.0x06): Finish state transition to STARTED"
"04-07-2026 14:12:33","1","Information","Microsoft-Windows-PCI","[PDO] (0x0000.0x0d.0x03): Finish state transition to STARTED"
"04-07-2026 14:12:33","1","Information","Microsoft-Windows-PCI","[PDO] (0x0000.0x16.0x00): Finish state transition to STARTED"
"04-07-2026 14:12:33","1","Information","Microsoft-Windows-PCI","[PDO] (0x0000.0x14.0x00): Finish state transition to STARTED"
"04-07-2026 14:12:33","1","Information","Microsoft-Windows-PCI","[PDO] (0x0000.0x0d.0x00): Finish state transition to STARTED"
"04-07-2026 14:12:33","1","Information","Microsoft-Windows-PCI","[PDO] (0x0000.0x0d.0x03): Begin state transition from UNINITIALIZED to STARTED"
"04-07-2026 14:12:33","1","Information","Microsoft-Windows-PCI","[PDO] (0x0000.0x1f.0x06): Begin state transition from UNINITIALIZED to STARTED"
"04-07-2026 14:12:33","1","Information","Microsoft-Windows-PCI","[PDO] (0x0000.0x0d.0x00): Begin state transition from UNINITIALIZED to STARTED"
"04-07-2026 14:12:33","1","Information","Microsoft-Windows-PCI","[PDO] (0x0000.0x14.0x00): Begin state transition from UNINITIALIZED to STARTED"
"04-07-2026 14:12:33","1","Information","Microsoft-Windows-PCI","[PDO] (0x0000.0x16.0x00): Begin state transition from UNINITIALIZED to STARTED"
"04-07-2026 14:12:33","1","Information","Microsoft-Windows-PCI","[PDO] (0x0000.0x02.0x00): Finish state transition to STARTED"
"04-07-2026 14:12:33","1","Information","Microsoft-Windows-PCI","[PDO] (0x0000.0x02.0x00): Begin state transition from UNINITIALIZED to STARTED"
"04-07-2026 14:12:30","1","Information","Microsoft-Windows-PCI","[PDO] (0x0000.0x0a.0x00): Finish state transition to STARTED"
"04-07-2026 14:12:30","1","Information","Microsoft-Windows-PCI","[PDO] (0x0000.0x0a.0x00): Begin state transition from UNINITIALIZED to STARTED"
"04-07-2026 14:12:30","1","Information","Microsoft-Windows-PCI","[PDO] (0x0000.0x0e.0x00): Finish state transition to STARTED"
"04-07-2026 14:12:30","1","Information","Microsoft-Windows-PCI","[PDO] (0x0000.0x0e.0x00): Begin state transition from UNINITIALIZED to STARTED"
"04-07-2026 14:12:30","1","Information","Microsoft-Windows-PCI","[PDO] (0x0000.0x1f.0x00): Finish state transition to STARTED"
"04-07-2026 14:12:30","1","Information","Microsoft-Windows-PCI","[PDO] (0x0000.0x1f.0x00): Begin state transition from UNINITIALIZED to STARTED"
"04-07-2026 14:12:30","1","Information","Microsoft-Windows-PCI","[PDO] (0x0000.0x00.0x00): Finish state transition to STARTED"
"04-07-2026 14:12:30","1","Information","Microsoft-Windows-PCI","[PDO] (0x0000.0x00.0x00): Begin state transition from UNINITIALIZED to STARTED"
"04-07-2026 14:12:30","1","Information","Microsoft-Windows-PCI","[ROOT] (Bus 0x0000): Finish state transition to STARTED"
"04-07-2026 14:12:30","1","Information","Microsoft-Windows-PCI","[ROOT] (Bus 0x0000): Begin state transition from UNINITIALIZED to STARTED"
"03-07-2026 11:20:23","1","Information","Microsoft-Windows-PCI","[PDO] (0x0000.0x04.0x00): Finish state transition to STARTED"
"03-07-2026 11:20:23","1","Information","Microsoft-Windows-PCI","[PDO] (0x0000.0x04.0x00): Begin state transition from UNINITIALIZED to STARTED"
"03-07-2026 11:20:15","1","Information","Microsoft-Windows-PCI","[FDO] (0x0000.0x07.0x03) (Bus 0x002b): Finish state transition to STARTED"
"03-07-2026 11:20:15","1","Information","Microsoft-Windows-PCI","[FDO] (0x0000.0x07.0x03) (Bus 0x002b): Begin state transition from UNINITIALIZED to STARTED"
"03-07-2026 11:20:15","1","Information","Microsoft-Windows-PCI","[PDO] (0x0000.0x07.0x03): Finish state transition to STARTED"
"03-07-2026 11:20:15","1","Information","Microsoft-Windows-PCI","[PDO] (0x0000.0x07.0x03): Begin state transition from UNINITIALIZED to STARTED"
"03-07-2026 11:20:15","1","Information","Microsoft-Windows-PCI","[FDO] (0x0000.0x07.0x00) (Bus 0x0001): Finish state transition to STARTED"
"03-07-2026 11:20:15","1","Information","Microsoft-Windows-PCI","[FDO] (0x0000.0x07.0x00) (Bus 0x0001): Begin state transition from UNINITIALIZED to STARTED"
"03-07-2026 11:20:15","1","Information","Microsoft-Windows-PCI","[PDO] (0x0000.0x07.0x00): Finish state transition to STARTED"
"03-07-2026 11:20:15","1","Information","Microsoft-Windows-PCI","[PDO] (0x0000.0x07.0x00): Begin state transition from UNINITIALIZED to STARTED"
"03-07-2026 11:20:14","1","Information","Microsoft-Windows-PCI","[PDO] (0x0000.0x14.0x03): Finish state transition to STARTED"
"03-07-2026 11:20:14","1","Information","Microsoft-Windows-PCI","[PDO] (0x0000.0x15.0x03): Finish state transition to STARTED"
"03-07-2026 11:20:14","1","Information","Microsoft-Windows-PCI","[PDO] (0x0000.0x12.0x00): Finish state transition to STARTED"
"03-07-2026 11:20:14","1","Information","Microsoft-Windows-PCI","[PDO] (0x0000.0x15.0x00): Finish state transition to STARTED"
"03-07-2026 11:20:14","1","Information","Microsoft-Windows-PCI","[PDO] (0x0000.0x1e.0x00): Finish state transition to STARTED"
"03-07-2026 11:20:14","1","Information","Microsoft-Windows-PCI","[PDO] (0x0000.0x1f.0x03): Finish state transition to STARTED"
"03-07-2026 11:20:14","1","Information","Microsoft-Windows-PCI","[PDO] (0x0000.0x1f.0x03): Begin state transition from UNINITIALIZED to STARTED"
"03-07-2026 11:20:14","1","Information","Microsoft-Windows-PCI","[PDO] (0x0000.0x1e.0x00): Begin state transition from UNINITIALIZED to STARTED"
"03-07-2026 11:20:14","1","Information","Microsoft-Windows-PCI","[PDO] (0x0000.0x15.0x03): Begin state transition from UNINITIALIZED to STARTED"
"03-07-2026 11:20:14","1","Information","Microsoft-Windows-PCI","[PDO] (0x0000.0x15.0x00): Begin state transition from UNINITIALIZED to STARTED"
"03-07-2026 11:20:14","1","Information","Microsoft-Windows-PCI","[PDO] (0x0000.0x14.0x03): Begin state transition from UNINITIALIZED to STARTED"
"03-07-2026 11:20:14","1","Information","Microsoft-Windows-PCI","[PDO] (0x0000.0x12.0x00): Begin state transition from UNINITIALIZED to STARTED"
"03-07-2026 11:20:14","1","Information","Microsoft-Windows-PCI","[PDO] (0x0000.0x08.0x00): Finish state transition to STARTED"
"03-07-2026 11:20:14","1","Information","Microsoft-Windows-PCI","[PDO] (0x0000.0x0b.0x00): Finish state transition to STARTED"
"03-07-2026 11:20:13","1","Information","Microsoft-Windows-PCI","[PDO] (0x0000.0x0b.0x00): Begin state transition from UNINITIALIZED to STARTED"
"03-07-2026 11:20:13","1","Information","Microsoft-Windows-PCI","[PDO] (0x0000.0x08.0x00): Begin state transition from UNINITIALIZED to STARTED"
"03-07-2026 11:20:13","1","Information","Microsoft-Windows-PCI","[PDO] (0x0000.0x0d.0x03): Finish state transition to STARTED"
"03-07-2026 11:20:13","1","Information","Microsoft-Windows-PCI","[PDO] (0x0000.0x0d.0x00): Finish state transition to STARTED"
"03-07-2026 11:20:13","1","Information","Microsoft-Windows-PCI","[PDO] (0x0000.0x14.0x00): Finish state transition to STARTED"
"03-07-2026 11:20:13","1","Information","Microsoft-Windows-PCI","[PDO] (0x0000.0x1f.0x06): Finish state transition to STARTED"
"03-07-2026 11:20:13","1","Information","Microsoft-Windows-PCI","[PDO] (0x0000.0x16.0x00): Finish state transition to STARTED"
"03-07-2026 11:20:13","1","Information","Microsoft-Windows-PCI","[PDO] (0x0000.0x1f.0x06): Begin state transition from UNINITIALIZED to STARTED"
"03-07-2026 11:20:13","1","Information","Microsoft-Windows-PCI","[PDO] (0x0000.0x0d.0x03): Begin state transition from UNINITIALIZED to STARTED"
"03-07-2026 11:20:13","1","Information","Microsoft-Windows-PCI","[PDO] (0x0000.0x0d.0x00): Begin state transition from UNINITIALIZED to STARTED"
"03-07-2026 11:20:13","1","Information","Microsoft-Windows-PCI","[PDO] (0x0000.0x14.0x00): Begin state transition from UNINITIALIZED to STARTED"
"03-07-2026 11:20:13","1","Information","Microsoft-Windows-PCI","[PDO] (0x0000.0x16.0x00): Begin state transition from UNINITIALIZED to STARTED"
"03-07-2026 11:20:13","1","Information","Microsoft-Windows-PCI","[PDO] (0x0000.0x02.0x00): Finish state transition to STARTED"
"03-07-2026 11:20:13","1","Information","Microsoft-Windows-PCI","[PDO] (0x0000.0x02.0x00): Begin state transition from UNINITIALIZED to STARTED"
"03-07-2026 11:20:10","1","Information","Microsoft-Windows-PCI","[PDO] (0x0000.0x0a.0x00): Finish state transition to STARTED"
"03-07-2026 11:20:10","1","Information","Microsoft-Windows-PCI","[PDO] (0x0000.0x0a.0x00): Begin state transition from UNINITIALIZED to STARTED"
"03-07-2026 11:20:10","1","Information","Microsoft-Windows-PCI","[PDO] (0x0000.0x0e.0x00): Finish state transition to STARTED"
"03-07-2026 11:20:10","1","Information","Microsoft-Windows-PCI","[PDO] (0x0000.0x0e.0x00): Begin state transition from UNINITIALIZED to STARTED"
"03-07-2026 11:20:10","1","Information","Microsoft-Windows-PCI","[PDO] (0x0000.0x1f.0x00): Finish state transition to STARTED"
"03-07-2026 11:20:10","1","Information","Microsoft-Windows-PCI","[PDO] (0x0000.0x00.0x00): Finish state transition to STARTED"
"03-07-2026 11:20:10","1","Information","Microsoft-Windows-PCI","[PDO] (0x0000.0x1f.0x00): Begin state transition from UNINITIALIZED to STARTED"
"03-07-2026 11:20:10","1","Information","Microsoft-Windows-PCI","[PDO] (0x0000.0x00.0x00): Begin state transition from UNINITIALIZED to STARTED"
"03-07-2026 11:20:10","1","Information","Microsoft-Windows-PCI","[ROOT] (Bus 0x0000): Finish state transition to STARTED"
"03-07-2026 11:20:10","1","Information","Microsoft-Windows-PCI","[ROOT] (Bus 0x0000): Begin state transition from UNINITIALIZED to STARTED"
"01-07-2026 10:08:16","1","Information","Microsoft-Windows-PCI","[PDO] (0x0000.0x04.0x00): Finish state transition to STARTED"
"01-07-2026 10:08:16","1","Information","Microsoft-Windows-PCI","[PDO] (0x0000.0x04.0x00): Begin state transition from UNINITIALIZED to STARTED"
"01-07-2026 10:08:11","1","Information","Microsoft-Windows-PCI","[FDO] (0x0000.0x07.0x03) (Bus 0x002b): Finish state transition to STARTED"
"01-07-2026 10:08:11","1","Information","Microsoft-Windows-PCI","[FDO] (0x0000.0x07.0x03) (Bus 0x002b): Begin state transition from UNINITIALIZED to STARTED"
"01-07-2026 10:08:11","1","Information","Microsoft-Windows-PCI","[PDO] (0x0000.0x07.0x03): Finish state transition to STARTED"
"01-07-2026 10:08:11","1","Information","Microsoft-Windows-PCI","[PDO] (0x0000.0x07.0x03): Begin state transition from UNINITIALIZED to STARTED"
"01-07-2026 10:08:11","1","Information","Microsoft-Windows-PCI","[FDO] (0x0000.0x07.0x00) (Bus 0x0001): Finish state transition to STARTED"
"01-07-2026 10:08:11","1","Information","Microsoft-Windows-PCI","[FDO] (0x0000.0x07.0x00) (Bus 0x0001): Begin state transition from UNINITIALIZED to STARTED"
"01-07-2026 10:08:11","1","Information","Microsoft-Windows-PCI","[PDO] (0x0000.0x07.0x00): Finish state transition to STARTED"
"01-07-2026 10:08:11","1","Information","Microsoft-Windows-PCI","[PDO] (0x0000.0x07.0x00): Begin state transition from UNINITIALIZED to STARTED"
"01-07-2026 10:08:10","1","Information","Microsoft-Windows-PCI","[PDO] (0x0000.0x14.0x03): Finish state transition to STARTED"
"01-07-2026 10:08:10","1","Information","Microsoft-Windows-PCI","[PDO] (0x0000.0x15.0x03): Finish state transition to STARTED"
"01-07-2026 10:08:10","1","Information","Microsoft-Windows-PCI","[PDO] (0x0000.0x12.0x00): Finish state transition to STARTED"
"01-07-2026 10:08:10","1","Information","Microsoft-Windows-PCI","[PDO] (0x0000.0x1e.0x00): Finish state transition to STARTED"
"01-07-2026 10:08:10","1","Information","Microsoft-Windows-PCI","[PDO] (0x0000.0x1f.0x03): Finish state transition to STARTED"
"01-07-2026 10:08:10","1","Information","Microsoft-Windows-PCI","[PDO] (0x0000.0x15.0x00): Finish state transition to STARTED"
"01-07-2026 10:08:10","1","Information","Microsoft-Windows-PCI","[PDO] (0x0000.0x1f.0x03): Begin state transition from UNINITIALIZED to STARTED"
"01-07-2026 10:08:10","1","Information","Microsoft-Windows-PCI","[PDO] (0x0000.0x1e.0x00): Begin state transition from UNINITIALIZED to STARTED"
"01-07-2026 10:08:10","1","Information","Microsoft-Windows-PCI","[PDO] (0x0000.0x15.0x03): Begin state transition from UNINITIALIZED to STARTED"
"01-07-2026 10:08:10","1","Information","Microsoft-Windows-PCI","[PDO] (0x0000.0x15.0x00): Begin state transition from UNINITIALIZED to STARTED"
"01-07-2026 10:08:10","1","Information","Microsoft-Windows-PCI","[PDO] (0x0000.0x14.0x03): Begin state transition from UNINITIALIZED to STARTED"
"01-07-2026 10:08:10","1","Information","Microsoft-Windows-PCI","[PDO] (0x0000.0x12.0x00): Begin state transition from UNINITIALIZED to STARTED"
"01-07-2026 10:08:10","1","Information","Microsoft-Windows-PCI","[PDO] (0x0000.0x08.0x00): Finish state transition to STARTED"
"01-07-2026 10:08:10","1","Information","Microsoft-Windows-PCI","[PDO] (0x0000.0x0b.0x00): Finish state transition to STARTED"
"01-07-2026 10:08:10","1","Information","Microsoft-Windows-PCI","[PDO] (0x0000.0x0b.0x00): Begin state transition from UNINITIALIZED to STARTED"
"01-07-2026 10:08:10","1","Information","Microsoft-Windows-PCI","[PDO] (0x0000.0x08.0x00): Begin state transition from UNINITIALIZED to STARTED"
"01-07-2026 10:08:09","1","Information","Microsoft-Windows-PCI","[PDO] (0x0000.0x0d.0x03): Finish state transition to STARTED"
"01-07-2026 10:08:09","1","Information","Microsoft-Windows-PCI","[PDO] (0x0000.0x1f.0x06): Finish state transition to STARTED"
"01-07-2026 10:08:09","1","Information","Microsoft-Windows-PCI","[PDO] (0x0000.0x0d.0x00): Finish state transition to STARTED"
"01-07-2026 10:08:09","1","Information","Microsoft-Windows-PCI","[PDO] (0x0000.0x14.0x00): Finish state transition to STARTED"
"01-07-2026 10:08:09","1","Information","Microsoft-Windows-PCI","[PDO] (0x0000.0x16.0x00): Finish state transition to STARTED"
"01-07-2026 10:08:09","1","Information","Microsoft-Windows-PCI","[PDO] (0x0000.0x1f.0x06): Begin state transition from UNINITIALIZED to STARTED"
"01-07-2026 10:08:09","1","Information","Microsoft-Windows-PCI","[PDO] (0x0000.0x0d.0x03): Begin state transition from UNINITIALIZED to STARTED"
"01-07-2026 10:08:09","1","Information","Microsoft-Windows-PCI","[PDO] (0x0000.0x0d.0x00): Begin state transition from UNINITIALIZED to STARTED"
"01-07-2026 10:08:09","1","Information","Microsoft-Windows-PCI","[PDO] (0x0000.0x14.0x00): Begin state transition from UNINITIALIZED to STARTED"
"01-07-2026 10:08:09","1","Information","Microsoft-Windows-PCI","[PDO] (0x0000.0x16.0x00): Begin state transition from UNINITIALIZED to STARTED"
"01-07-2026 10:08:09","1","Information","Microsoft-Windows-PCI","[PDO] (0x0000.0x02.0x00): Finish state transition to STARTED"
"01-07-2026 10:08:09","1","Information","Microsoft-Windows-PCI","[PDO] (0x0000.0x02.0x00): Begin state transition from UNINITIALIZED to STARTED"
"01-07-2026 10:08:07","1","Information","Microsoft-Windows-PCI","[PDO] (0x0000.0x0a.0x00): Finish state transition to STARTED"
"01-07-2026 10:08:07","1","Information","Microsoft-Windows-PCI","[PDO] (0x0000.0x0a.0x00): Begin state transition from UNINITIALIZED to STARTED"
"01-07-2026 10:08:06","1","Information","Microsoft-Windows-PCI","[PDO] (0x0000.0x0e.0x00): Finish state transition to STARTED"
"01-07-2026 10:08:06","1","Information","Microsoft-Windows-PCI","[PDO] (0x0000.0x0e.0x00): Begin state transition from UNINITIALIZED to STARTED"
"01-07-2026 10:08:06","1","Information","Microsoft-Windows-PCI","[PDO] (0x0000.0x1f.0x00): Finish state transition to STARTED"
"01-07-2026 10:08:06","1","Information","Microsoft-Windows-PCI","[PDO] (0x0000.0x00.0x00): Finish state transition to STARTED"
"01-07-2026 10:08:06","1","Information","Microsoft-Windows-PCI","[PDO] (0x0000.0x1f.0x00): Begin state transition from UNINITIALIZED to STARTED"
"01-07-2026 10:08:06","1","Information","Microsoft-Windows-PCI","[PDO] (0x0000.0x00.0x00): Begin state transition from UNINITIALIZED to STARTED"
"01-07-2026 10:08:06","1","Information","Microsoft-Windows-PCI","[ROOT] (Bus 0x0000): Finish state transition to STARTED"
"01-07-2026 10:08:06","1","Information","Microsoft-Windows-PCI","[ROOT] (Bus 0x0000): Begin state transition from UNINITIALIZED to STARTED"
"29-06-2026 10:24:18","1","Information","Microsoft-Windows-PCI","[PDO] (0x0000.0x04.0x00): Finish state transition to STARTED"
"29-06-2026 10:24:18","1","Information","Microsoft-Windows-PCI","[PDO] (0x0000.0x04.0x00): Begin state transition from UNINITIALIZED to STARTED"
"29-06-2026 10:24:11","1","Information","Microsoft-Windows-PCI","[FDO] (0x0000.0x07.0x03) (Bus 0x002b): Finish state transition to STARTED"
"29-06-2026 10:24:11","1","Information","Microsoft-Windows-PCI","[FDO] (0x0000.0x07.0x03) (Bus 0x002b): Begin state transition from UNINITIALIZED to STARTED"
"29-06-2026 10:24:11","1","Information","Microsoft-Windows-PCI","[PDO] (0x0000.0x07.0x03): Finish state transition to STARTED"
"29-06-2026 10:24:11","1","Information","Microsoft-Windows-PCI","[PDO] (0x0000.0x07.0x03): Begin state transition from UNINITIALIZED to STARTED"
"29-06-2026 10:24:11","1","Information","Microsoft-Windows-PCI","[FDO] (0x0000.0x07.0x00) (Bus 0x0001): Finish state transition to STARTED"
"29-06-2026 10:24:11","1","Information","Microsoft-Windows-PCI","[FDO] (0x0000.0x07.0x00) (Bus 0x0001): Begin state transition from UNINITIALIZED to STARTED"
"29-06-2026 10:24:11","1","Information","Microsoft-Windows-PCI","[PDO] (0x0000.0x07.0x00): Finish state transition to STARTED"
"29-06-2026 10:24:11","1","Information","Microsoft-Windows-PCI","[PDO] (0x0000.0x07.0x00): Begin state transition from UNINITIALIZED to STARTED"
"29-06-2026 10:24:10","1","Information","Microsoft-Windows-PCI","[PDO] (0x0000.0x14.0x03): Finish state transition to STARTED"
"29-06-2026 10:24:10","1","Information","Microsoft-Windows-PCI","[PDO] (0x0000.0x1e.0x00): Finish state transition to STARTED"
"29-06-2026 10:24:10","1","Information","Microsoft-Windows-PCI","[PDO] (0x0000.0x1f.0x03): Finish state transition to STARTED"
"29-06-2026 10:24:10","1","Information","Microsoft-Windows-PCI","[PDO] (0x0000.0x12.0x00): Finish state transition to STARTED"
"29-06-2026 10:24:10","1","Information","Microsoft-Windows-PCI","[PDO] (0x0000.0x15.0x03): Finish state transition to STARTED"
"29-06-2026 10:24:10","1","Information","Microsoft-Windows-PCI","[PDO] (0x0000.0x15.0x00): Finish state transition to STARTED"
"29-06-2026 10:24:10","1","Information","Microsoft-Windows-PCI","[PDO] (0x0000.0x1f.0x03): Begin state transition from UNINITIALIZED to STARTED"
"29-06-2026 10:24:10","1","Information","Microsoft-Windows-PCI","[PDO] (0x0000.0x1e.0x00): Begin state transition from UNINITIALIZED to STARTED"
"29-06-2026 10:24:10","1","Information","Microsoft-Windows-PCI","[PDO] (0x0000.0x15.0x03): Begin state transition from UNINITIALIZED to STARTED"
"29-06-2026 10:24:10","1","Information","Microsoft-Windows-PCI","[PDO] (0x0000.0x15.0x00): Begin state transition from UNINITIALIZED to STARTED"
"29-06-2026 10:24:10","1","Information","Microsoft-Windows-PCI","[PDO] (0x0000.0x14.0x03): Begin state transition from UNINITIALIZED to STARTED"
"29-06-2026 10:24:10","1","Information","Microsoft-Windows-PCI","[PDO] (0x0000.0x12.0x00): Begin state transition from UNINITIALIZED to STARTED"
"29-06-2026 10:24:09","1","Information","Microsoft-Windows-PCI","[PDO] (0x0000.0x0b.0x00): Finish state transition to STARTED"
"29-06-2026 10:24:09","1","Information","Microsoft-Windows-PCI","[PDO] (0x0000.0x08.0x00): Finish state transition to STARTED"
"29-06-2026 10:24:09","1","Information","Microsoft-Windows-PCI","[PDO] (0x0000.0x0b.0x00): Begin state transition from UNINITIALIZED to STARTED"
"29-06-2026 10:24:09","1","Information","Microsoft-Windows-PCI","[PDO] (0x0000.0x08.0x00): Begin state transition from UNINITIALIZED to STARTED"
"29-06-2026 10:24:09","1","Information","Microsoft-Windows-PCI","[PDO] (0x0000.0x0d.0x03): Finish state transition to STARTED"
"29-06-2026 10:24:09","1","Information","Microsoft-Windows-PCI","[PDO] (0x0000.0x14.0x00): Finish state transition to STARTED"
"29-06-2026 10:24:09","1","Information","Microsoft-Windows-PCI","[PDO] (0x0000.0x16.0x00): Finish state transition to STARTED"
"29-06-2026 10:24:09","1","Information","Microsoft-Windows-PCI","[PDO] (0x0000.0x0d.0x00): Finish state transition to STARTED"
"29-06-2026 10:24:09","1","Information","Microsoft-Windows-PCI","[PDO] (0x0000.0x1f.0x06): Finish state transition to STARTED"
"29-06-2026 10:24:09","1","Information","Microsoft-Windows-PCI","[PDO] (0x0000.0x1f.0x06): Begin state transition from UNINITIALIZED to STARTED"
"29-06-2026 10:24:09","1","Information","Microsoft-Windows-PCI","[PDO] (0x0000.0x0d.0x03): Begin state transition from UNINITIALIZED to STARTED"
"29-06-2026 10:24:09","1","Information","Microsoft-Windows-PCI","[PDO] (0x0000.0x0d.0x00): Begin state transition from UNINITIALIZED to STARTED"
"29-06-2026 10:24:09","1","Information","Microsoft-Windows-PCI","[PDO] (0x0000.0x14.0x00): Begin state transition from UNINITIALIZED to STARTED"
"29-06-2026 10:24:09","1","Information","Microsoft-Windows-PCI","[PDO] (0x0000.0x16.0x00): Begin state transition from UNINITIALIZED to STARTED"
"29-06-2026 10:24:09","1","Information","Microsoft-Windows-PCI","[PDO] (0x0000.0x02.0x00): Finish state transition to STARTED"
"29-06-2026 10:24:09","1","Information","Microsoft-Windows-PCI","[PDO] (0x0000.0x02.0x00): Begin state transition from UNINITIALIZED to STARTED"
"29-06-2026 10:24:06","1","Information","Microsoft-Windows-PCI","[PDO] (0x0000.0x0a.0x00): Finish state transition to STARTED"
"29-06-2026 10:24:06","1","Information","Microsoft-Windows-PCI","[PDO] (0x0000.0x0a.0x00): Begin state transition from UNINITIALIZED to STARTED"
"29-06-2026 10:24:06","1","Information","Microsoft-Windows-PCI","[PDO] (0x0000.0x0e.0x00): Finish state transition to STARTED"
"29-06-2026 10:24:06","1","Information","Microsoft-Windows-PCI","[PDO] (0x0000.0x0e.0x00): Begin state transition from UNINITIALIZED to STARTED"
"29-06-2026 10:24:06","1","Information","Microsoft-Windows-PCI","[PDO] (0x0000.0x1f.0x00): Finish state transition to STARTED"
"29-06-2026 10:24:06","1","Information","Microsoft-Windows-PCI","[PDO] (0x0000.0x00.0x00): Finish state transition to STARTED"
"29-06-2026 10:24:06","1","Information","Microsoft-Windows-PCI","[PDO] (0x0000.0x1f.0x00): Begin state transition from UNINITIALIZED to STARTED"
"29-06-2026 10:24:06","1","Information","Microsoft-Windows-PCI","[PDO] (0x0000.0x00.0x00): Begin state transition from UNINITIALIZED to STARTED"
"29-06-2026 10:24:06","1","Information","Microsoft-Windows-PCI","[ROOT] (Bus 0x0000): Finish state transition to STARTED"
"29-06-2026 10:24:06","1","Information","Microsoft-Windows-PCI","[ROOT] (Bus 0x0000): Begin state transition from UNINITIALIZED to STARTED"
"29-06-2026 10:02:09","1","Information","Microsoft-Windows-PCI","[PDO] (0x0000.0x0b.0x00): Finish state transition to STARTED"
"29-06-2026 10:02:09","1","Information","Microsoft-Windows-PCI","[PDO] (0x0000.0x0b.0x00): Begin state transition from UNINITIALIZED to STARTED"
"29-06-2026 10:02:08","1","Information","Microsoft-Windows-PCI","[PDO] (0x0000.0x0b.0x00): Finish state transition to UNINITIALIZED"
"29-06-2026 10:02:08","1","Information","Microsoft-Windows-PCI","[PDO] (0x0000.0x0b.0x00): Begin state transition from STARTED to UNINITIALIZED"
"29-06-2026 09:02:29","1","Information","Microsoft-Windows-PCI","[PDO] (0x0000.0x04.0x00): Finish state transition to STARTED"
"29-06-2026 09:02:29","1","Information","Microsoft-Windows-PCI","[PDO] (0x0000.0x04.0x00): Begin state transition from UNINITIALIZED to STARTED"
"29-06-2026 09:02:22","1","Information","Microsoft-Windows-PCI","[FDO] (0x0000.0x07.0x03) (Bus 0x002b): Finish state transition to STARTED"
"29-06-2026 09:02:22","1","Information","Microsoft-Windows-PCI","[FDO] (0x0000.0x07.0x03) (Bus 0x002b): Begin state transition from UNINITIALIZED to STARTED"
"29-06-2026 09:02:22","1","Information","Microsoft-Windows-PCI","[PDO] (0x0000.0x07.0x03): Finish state transition to STARTED"
"29-06-2026 09:02:22","1","Information","Microsoft-Windows-PCI","[PDO] (0x0000.0x07.0x03): Begin state transition from UNINITIALIZED to STARTED"
"29-06-2026 09:02:21","1","Information","Microsoft-Windows-PCI","[FDO] (0x0000.0x07.0x00) (Bus 0x0001): Finish state transition to STARTED"
"29-06-2026 09:02:21","1","Information","Microsoft-Windows-PCI","[FDO] (0x0000.0x07.0x00) (Bus 0x0001): Begin state transition from UNINITIALIZED to STARTED"
"29-06-2026 09:02:21","1","Information","Microsoft-Windows-PCI","[PDO] (0x0000.0x07.0x00): Finish state transition to STARTED"
"29-06-2026 09:02:21","1","Information","Microsoft-Windows-PCI","[PDO] (0x0000.0x07.0x00): Begin state transition from UNINITIALIZED to STARTED"
"29-06-2026 09:02:21","1","Information","Microsoft-Windows-PCI","[PDO] (0x0000.0x14.0x03): Finish state transition to STARTED"
"29-06-2026 09:02:21","1","Information","Microsoft-Windows-PCI","[PDO] (0x0000.0x12.0x00): Finish state transition to STARTED"
"29-06-2026 09:02:21","1","Information","Microsoft-Windows-PCI","[PDO] (0x0000.0x15.0x03): Finish state transition to STARTED"
"29-06-2026 09:02:21","1","Information","Microsoft-Windows-PCI","[PDO] (0x0000.0x1e.0x00): Finish state transition to STARTED"
"29-06-2026 09:02:21","1","Information","Microsoft-Windows-PCI","[PDO] (0x0000.0x1f.0x03): Finish state transition to STARTED"
"29-06-2026 09:02:21","1","Information","Microsoft-Windows-PCI","[PDO] (0x0000.0x15.0x00): Finish state transition to STARTED"
"29-06-2026 09:02:21","1","Information","Microsoft-Windows-PCI","[PDO] (0x0000.0x1f.0x03): Begin state transition from UNINITIALIZED to STARTED"
"29-06-2026 09:02:21","1","Information","Microsoft-Windows-PCI","[PDO] (0x0000.0x1e.0x00): Begin state transition from UNINITIALIZED to STARTED"
"29-06-2026 09:02:21","1","Information","Microsoft-Windows-PCI","[PDO] (0x0000.0x15.0x03): Begin state transition from UNINITIALIZED to STARTED"
"29-06-2026 09:02:21","1","Information","Microsoft-Windows-PCI","[PDO] (0x0000.0x15.0x00): Begin state transition from UNINITIALIZED to STARTED"
"29-06-2026 09:02:21","1","Information","Microsoft-Windows-PCI","[PDO] (0x0000.0x14.0x03): Begin state transition from UNINITIALIZED to STARTED"
"29-06-2026 09:02:21","1","Information","Microsoft-Windows-PCI","[PDO] (0x0000.0x12.0x00): Begin state transition from UNINITIALIZED to STARTED"
"29-06-2026 09:02:20","1","Information","Microsoft-Windows-PCI","[PDO] (0x0000.0x0b.0x00): Finish state transition to STARTED"
"29-06-2026 09:02:20","1","Information","Microsoft-Windows-PCI","[PDO] (0x0000.0x08.0x00): Finish state transition to STARTED"
"29-06-2026 09:02:20","1","Information","Microsoft-Windows-PCI","[PDO] (0x0000.0x0b.0x00): Begin state transition from UNINITIALIZED to STARTED"
"29-06-2026 09:02:20","1","Information","Microsoft-Windows-PCI","[PDO] (0x0000.0x08.0x00): Begin state transition from UNINITIALIZED to STARTED"
"29-06-2026 09:02:20","1","Information","Microsoft-Windows-PCI","[PDO] (0x0000.0x1f.0x06): Finish state transition to STARTED"
"29-06-2026 09:02:20","1","Information","Microsoft-Windows-PCI","[PDO] (0x0000.0x0d.0x03): Finish state transition to STARTED"
"29-06-2026 09:02:20","1","Information","Microsoft-Windows-PCI","[PDO] (0x0000.0x16.0x00): Finish state transition to STARTED"
"29-06-2026 09:02:20","1","Information","Microsoft-Windows-PCI","[PDO] (0x0000.0x0d.0x00): Finish state transition to STARTED"
"29-06-2026 09:02:20","1","Information","Microsoft-Windows-PCI","[PDO] (0x0000.0x14.0x00): Finish state transition to STARTED"
"29-06-2026 09:02:20","1","Information","Microsoft-Windows-PCI","[PDO] (0x0000.0x1f.0x06): Begin state transition from UNINITIALIZED to STARTED"
"29-06-2026 09:02:20","1","Information","Microsoft-Windows-PCI","[PDO] (0x0000.0x0d.0x03): Begin state transition from UNINITIALIZED to STARTED"
"29-06-2026 09:02:20","1","Information","Microsoft-Windows-PCI","[PDO] (0x0000.0x0d.0x00): Begin state transition from UNINITIALIZED to STARTED"
"29-06-2026 09:02:20","1","Information","Microsoft-Windows-PCI","[PDO] (0x0000.0x14.0x00): Begin state transition from UNINITIALIZED to STARTED"
"29-06-2026 09:02:20","1","Information","Microsoft-Windows-PCI","[PDO] (0x0000.0x16.0x00): Begin state transition from UNINITIALIZED to STARTED"
"29-06-2026 09:02:20","1","Information","Microsoft-Windows-PCI","[PDO] (0x0000.0x02.0x00): Finish state transition to STARTED"
"29-06-2026 09:02:20","1","Information","Microsoft-Windows-PCI","[PDO] (0x0000.0x02.0x00): Begin state transition from UNINITIALIZED to STARTED"
"29-06-2026 09:02:17","1","Information","Microsoft-Windows-PCI","[PDO] (0x0000.0x0a.0x00): Finish state transition to STARTED"
"29-06-2026 09:02:17","1","Information","Microsoft-Windows-PCI","[PDO] (0x0000.0x0a.0x00): Begin state transition from UNINITIALIZED to STARTED"
"29-06-2026 09:02:17","1","Information","Microsoft-Windows-PCI","[PDO] (0x0000.0x0e.0x00): Finish state transition to STARTED"
"29-06-2026 09:02:17","1","Information","Microsoft-Windows-PCI","[PDO] (0x0000.0x0e.0x00): Begin state transition from UNINITIALIZED to STARTED"
"29-06-2026 09:02:17","1","Information","Microsoft-Windows-PCI","[PDO] (0x0000.0x1f.0x00): Finish state transition to STARTED"
"29-06-2026 09:02:17","1","Information","Microsoft-Windows-PCI","[PDO] (0x0000.0x1f.0x00): Begin state transition from UNINITIALIZED to STARTED"
"29-06-2026 09:02:17","1","Information","Microsoft-Windows-PCI","[PDO] (0x0000.0x00.0x00): Finish state transition to STARTED"
"29-06-2026 09:02:17","1","Information","Microsoft-Windows-PCI","[PDO] (0x0000.0x00.0x00): Begin state transition from UNINITIALIZED to STARTED"
"29-06-2026 09:02:17","1","Information","Microsoft-Windows-PCI","[ROOT] (Bus 0x0000): Finish state transition to STARTED"
"29-06-2026 09:02:17","1","Information","Microsoft-Windows-PCI","[ROOT] (Bus 0x0000): Begin state transition from UNINITIALIZED to STARTED"
"25-06-2026 09:36:00","1","Information","Microsoft-Windows-PCI","[PDO] (0x0000.0x04.0x00): Finish state transition to STARTED"
"25-06-2026 09:36:00","1","Information","Microsoft-Windows-PCI","[PDO] (0x0000.0x04.0x00): Begin state transition from UNINITIALIZED to STARTED"
"25-06-2026 09:35:54","1","Information","Microsoft-Windows-PCI","[FDO] (0x0000.0x07.0x03) (Bus 0x002b): Finish state transition to STARTED"
"25-06-2026 09:35:54","1","Information","Microsoft-Windows-PCI","[FDO] (0x0000.0x07.0x03) (Bus 0x002b): Begin state transition from UNINITIALIZED to STARTED"
"25-06-2026 09:35:54","1","Information","Microsoft-Windows-PCI","[PDO] (0x0000.0x07.0x03): Finish state transition to STARTED"
"25-06-2026 09:35:54","1","Information","Microsoft-Windows-PCI","[PDO] (0x0000.0x07.0x03): Begin state transition from UNINITIALIZED to STARTED"
"25-06-2026 09:35:54","1","Information","Microsoft-Windows-PCI","[FDO] (0x0000.0x07.0x00) (Bus 0x0001): Finish state transition to STARTED"
"25-06-2026 09:35:54","1","Information","Microsoft-Windows-PCI","[FDO] (0x0000.0x07.0x00) (Bus 0x0001): Begin state transition from UNINITIALIZED to STARTED"
"25-06-2026 09:35:54","1","Information","Microsoft-Windows-PCI","[PDO] (0x0000.0x07.0x00): Finish state transition to STARTED"
"25-06-2026 09:35:54","1","Information","Microsoft-Windows-PCI","[PDO] (0x0000.0x07.0x00): Begin state transition from UNINITIALIZED to STARTED"
"25-06-2026 09:35:54","1","Information","Microsoft-Windows-PCI","[PDO] (0x0000.0x14.0x03): Finish state transition to STARTED"
"25-06-2026 09:35:54","1","Information","Microsoft-Windows-PCI","[PDO] (0x0000.0x1e.0x00): Finish state transition to STARTED"
"25-06-2026 09:35:54","1","Information","Microsoft-Windows-PCI","[PDO] (0x0000.0x12.0x00): Finish state transition to STARTED"
"25-06-2026 09:35:54","1","Information","Microsoft-Windows-PCI","[PDO] (0x0000.0x15.0x00): Finish state transition to STARTED"
"25-06-2026 09:35:54","1","Information","Microsoft-Windows-PCI","[PDO] (0x0000.0x15.0x03): Finish state transition to STARTED"
"25-06-2026 09:35:54","1","Information","Microsoft-Windows-PCI","[PDO] (0x0000.0x1f.0x03): Finish state transition to STARTED"
"25-06-2026 09:35:54","1","Information","Microsoft-Windows-PCI","[PDO] (0x0000.0x1f.0x03): Begin state transition from UNINITIALIZED to STARTED"
"25-06-2026 09:35:54","1","Information","Microsoft-Windows-PCI","[PDO] (0x0000.0x1e.0x00): Begin state transition from UNINITIALIZED to STARTED"
"25-06-2026 09:35:54","1","Information","Microsoft-Windows-PCI","[PDO] (0x0000.0x14.0x03): Begin state transition from UNINITIALIZED to STARTED"
"25-06-2026 09:35:54","1","Information","Microsoft-Windows-PCI","[PDO] (0x0000.0x15.0x00): Begin state transition from UNINITIALIZED to STARTED"
"25-06-2026 09:35:54","1","Information","Microsoft-Windows-PCI","[PDO] (0x0000.0x15.0x03): Begin state transition from UNINITIALIZED to STARTED"
"25-06-2026 09:35:54","1","Information","Microsoft-Windows-PCI","[PDO] (0x0000.0x12.0x00): Begin state transition from UNINITIALIZED to STARTED"
"25-06-2026 09:35:53","1","Information","Microsoft-Windows-PCI","[PDO] (0x0000.0x08.0x00): Finish state transition to STARTED"
"25-06-2026 09:35:53","1","Information","Microsoft-Windows-PCI","[PDO] (0x0000.0x0b.0x00): Finish state transition to STARTED"
"25-06-2026 09:35:53","1","Information","Microsoft-Windows-PCI","[PDO] (0x0000.0x0b.0x00): Begin state transition from UNINITIALIZED to STARTED"
"25-06-2026 09:35:53","1","Information","Microsoft-Windows-PCI","[PDO] (0x0000.0x08.0x00): Begin state transition from UNINITIALIZED to STARTED"
"25-06-2026 09:35:52","1","Information","Microsoft-Windows-PCI","[PDO] (0x0000.0x1f.0x06): Finish state transition to STARTED"
"25-06-2026 09:35:52","1","Information","Microsoft-Windows-PCI","[PDO] (0x0000.0x0d.0x03): Finish state transition to STARTED"
"25-06-2026 09:35:52","1","Information","Microsoft-Windows-PCI","[PDO] (0x0000.0x16.0x00): Finish state transition to STARTED"
"25-06-2026 09:35:52","1","Information","Microsoft-Windows-PCI","[PDO] (0x0000.0x0d.0x00): Finish state transition to STARTED"
"25-06-2026 09:35:52","1","Information","Microsoft-Windows-PCI","[PDO] (0x0000.0x14.0x00): Finish state transition to STARTED"
"25-06-2026 09:35:52","1","Information","Microsoft-Windows-PCI","[PDO] (0x0000.0x1f.0x06): Begin state transition from UNINITIALIZED to STARTED"
"25-06-2026 09:35:52","1","Information","Microsoft-Windows-PCI","[PDO] (0x0000.0x0d.0x03): Begin state transition from UNINITIALIZED to STARTED"
"25-06-2026 09:35:52","1","Information","Microsoft-Windows-PCI","[PDO] (0x0000.0x0d.0x00): Begin state transition from UNINITIALIZED to STARTED"
"25-06-2026 09:35:52","1","Information","Microsoft-Windows-PCI","[PDO] (0x0000.0x14.0x00): Begin state transition from UNINITIALIZED to STARTED"
"25-06-2026 09:35:52","1","Information","Microsoft-Windows-PCI","[PDO] (0x0000.0x16.0x00): Begin state transition from UNINITIALIZED to STARTED"
"25-06-2026 09:35:52","1","Information","Microsoft-Windows-PCI","[PDO] (0x0000.0x02.0x00): Finish state transition to STARTED"
"25-06-2026 09:35:52","1","Information","Microsoft-Windows-PCI","[PDO] (0x0000.0x02.0x00): Begin state transition from UNINITIALIZED to STARTED"
"25-06-2026 09:35:49","1","Information","Microsoft-Windows-PCI","[PDO] (0x0000.0x0a.0x00): Finish state transition to STARTED"
"25-06-2026 09:35:49","1","Information","Microsoft-Windows-PCI","[PDO] (0x0000.0x0a.0x00): Begin state transition from UNINITIALIZED to STARTED"
"25-06-2026 09:35:49","1","Information","Microsoft-Windows-PCI","[PDO] (0x0000.0x0e.0x00): Finish state transition to STARTED"
"25-06-2026 09:35:49","1","Information","Microsoft-Windows-PCI","[PDO] (0x0000.0x0e.0x00): Begin state transition from UNINITIALIZED to STARTED"
"25-06-2026 09:35:49","1","Information","Microsoft-Windows-PCI","[PDO] (0x0000.0x1f.0x00): Finish state transition to STARTED"
"25-06-2026 09:35:49","1","Information","Microsoft-Windows-PCI","[PDO] (0x0000.0x00.0x00): Finish state transition to STARTED"
"25-06-2026 09:35:49","1","Information","Microsoft-Windows-PCI","[PDO] (0x0000.0x1f.0x00): Begin state transition from UNINITIALIZED to STARTED"
"25-06-2026 09:35:49","1","Information","Microsoft-Windows-PCI","[PDO] (0x0000.0x00.0x00): Begin state transition from UNINITIALIZED to STARTED"
"25-06-2026 09:35:49","1","Information","Microsoft-Windows-PCI","[ROOT] (Bus 0x0000): Finish state transition to STARTED"
"25-06-2026 09:35:49","1","Information","Microsoft-Windows-PCI","[ROOT] (Bus 0x0000): Begin state transition from UNINITIALIZED to STARTED"
"24-06-2026 13:32:55","1","Information","Microsoft-Windows-PCI","[PDO] (0x0000.0x0b.0x00): Finish state transition to STARTED"
"24-06-2026 13:32:55","1","Information","Microsoft-Windows-PCI","[PDO] (0x0000.0x0b.0x00): Begin state transition from UNINITIALIZED to STARTED"
"24-06-2026 13:32:55","1","Information","Microsoft-Windows-PCI","[PDO] (0x0000.0x0b.0x00): Finish state transition to UNINITIALIZED"
"24-06-2026 13:32:54","1","Information","Microsoft-Windows-PCI","[PDO] (0x0000.0x0b.0x00): Begin state transition from STARTED to UNINITIALIZED"
"23-06-2026 12:16:10","1","Information","Microsoft-Windows-PCI","[PDO] (0x0000.0x14.0x03): Finish state transition to STARTED"
"23-06-2026 12:16:10","1","Information","Microsoft-Windows-PCI","[PDO] (0x0000.0x14.0x03): Begin state transition from UNINITIALIZED to STARTED"
"23-06-2026 12:16:09","1","Information","Microsoft-Windows-PCI","[PDO] (0x0000.0x14.0x03): Finish state transition to UNINITIALIZED"
"23-06-2026 12:16:09","1","Information","Microsoft-Windows-PCI","[PDO] (0x0000.0x14.0x03): Begin state transition from STARTED to UNINITIALIZED"
"18-06-2026 09:05:34","1","Information","Microsoft-Windows-PCI","[PDO] (0x0000.0x04.0x00): Finish state transition to STARTED"
"18-06-2026 09:05:34","1","Information","Microsoft-Windows-PCI","[PDO] (0x0000.0x04.0x00): Begin state transition from UNINITIALIZED to STARTED"
"18-06-2026 09:05:28","1","Information","Microsoft-Windows-PCI","[FDO] (0x0000.0x07.0x03) (Bus 0x002b): Finish state transition to STARTED"
"18-06-2026 09:05:28","1","Information","Microsoft-Windows-PCI","[FDO] (0x0000.0x07.0x03) (Bus 0x002b): Begin state transition from UNINITIALIZED to STARTED"
"18-06-2026 09:05:28","1","Information","Microsoft-Windows-PCI","[PDO] (0x0000.0x07.0x03): Finish state transition to STARTED"
"18-06-2026 09:05:28","1","Information","Microsoft-Windows-PCI","[PDO] (0x0000.0x07.0x03): Begin state transition from UNINITIALIZED to STARTED"
"18-06-2026 09:05:28","1","Information","Microsoft-Windows-PCI","[FDO] (0x0000.0x07.0x00) (Bus 0x0001): Finish state transition to STARTED"
"18-06-2026 09:05:28","1","Information","Microsoft-Windows-PCI","[FDO] (0x0000.0x07.0x00) (Bus 0x0001): Begin state transition from UNINITIALIZED to STARTED"
"18-06-2026 09:05:28","1","Information","Microsoft-Windows-PCI","[PDO] (0x0000.0x07.0x00): Finish state transition to STARTED"
"18-06-2026 09:05:28","1","Information","Microsoft-Windows-PCI","[PDO] (0x0000.0x07.0x00): Begin state transition from UNINITIALIZED to STARTED"
"18-06-2026 09:05:27","1","Information","Microsoft-Windows-PCI","[PDO] (0x0000.0x1f.0x03): Finish state transition to STARTED"
"18-06-2026 09:05:27","1","Information","Microsoft-Windows-PCI","[PDO] (0x0000.0x14.0x03): Finish state transition to STARTED"
"18-06-2026 09:05:27","1","Information","Microsoft-Windows-PCI","[PDO] (0x0000.0x15.0x03): Finish state transition to STARTED"
"18-06-2026 09:05:27","1","Information","Microsoft-Windows-PCI","[PDO] (0x0000.0x1e.0x00): Finish state transition to STARTED"
"18-06-2026 09:05:27","1","Information","Microsoft-Windows-PCI","[PDO] (0x0000.0x15.0x00): Finish state transition to STARTED"
"18-06-2026 09:05:27","1","Information","Microsoft-Windows-PCI","[PDO] (0x0000.0x12.0x00): Finish state transition to STARTED"
"18-06-2026 09:05:27","1","Information","Microsoft-Windows-PCI","[PDO] (0x0000.0x1f.0x03): Begin state transition from UNINITIALIZED to STARTED"
"18-06-2026 09:05:27","1","Information","Microsoft-Windows-PCI","[PDO] (0x0000.0x1e.0x00): Begin state transition from UNINITIALIZED to STARTED"
"18-06-2026 09:05:27","1","Information","Microsoft-Windows-PCI","[PDO] (0x0000.0x15.0x00): Begin state transition from UNINITIALIZED to STARTED"
"18-06-2026 09:05:27","1","Information","Microsoft-Windows-PCI","[PDO] (0x0000.0x14.0x03): Begin state transition from UNINITIALIZED to STARTED"
"18-06-2026 09:05:27","1","Information","Microsoft-Windows-PCI","[PDO] (0x0000.0x15.0x03): Begin state transition from UNINITIALIZED to STARTED"
"18-06-2026 09:05:27","1","Information","Microsoft-Windows-PCI","[PDO] (0x0000.0x12.0x00): Begin state transition from UNINITIALIZED to STARTED"
"18-06-2026 09:05:27","1","Information","Microsoft-Windows-PCI","[PDO] (0x0000.0x08.0x00): Finish state transition to STARTED"
"18-06-2026 09:05:27","1","Information","Microsoft-Windows-PCI","[PDO] (0x0000.0x0b.0x00): Finish state transition to STARTED"
"18-06-2026 09:05:27","1","Information","Microsoft-Windows-PCI","[PDO] (0x0000.0x0b.0x00): Begin state transition from UNINITIALIZED to STARTED"
"18-06-2026 09:05:27","1","Information","Microsoft-Windows-PCI","[PDO] (0x0000.0x08.0x00): Begin state transition from UNINITIALIZED to STARTED"
"18-06-2026 09:05:26","1","Information","Microsoft-Windows-PCI","[PDO] (0x0000.0x0d.0x03): Finish state transition to STARTED"
"18-06-2026 09:05:26","1","Information","Microsoft-Windows-PCI","[PDO] (0x0000.0x16.0x00): Finish state transition to STARTED"
"18-06-2026 09:05:26","1","Information","Microsoft-Windows-PCI","[PDO] (0x0000.0x1f.0x06): Finish state transition to STARTED"
"18-06-2026 09:05:26","1","Information","Microsoft-Windows-PCI","[PDO] (0x0000.0x14.0x00): Finish state transition to STARTED"
"18-06-2026 09:05:26","1","Information","Microsoft-Windows-PCI","[PDO] (0x0000.0x0d.0x00): Finish state transition to STARTED"
"18-06-2026 09:05:26","1","Information","Microsoft-Windows-PCI","[PDO] (0x0000.0x0d.0x03): Begin state transition from UNINITIALIZED to STARTED"
"18-06-2026 09:05:26","1","Information","Microsoft-Windows-PCI","[PDO] (0x0000.0x1f.0x06): Begin state transition from UNINITIALIZED to STARTED"
"18-06-2026 09:05:26","1","Information","Microsoft-Windows-PCI","[PDO] (0x0000.0x0d.0x00): Begin state transition from UNINITIALIZED to STARTED"
"18-06-2026 09:05:26","1","Information","Microsoft-Windows-PCI","[PDO] (0x0000.0x14.0x00): Begin state transition from UNINITIALIZED to STARTED"
"18-06-2026 09:05:26","1","Information","Microsoft-Windows-PCI","[PDO] (0x0000.0x16.0x00): Begin state transition from UNINITIALIZED to STARTED"
"18-06-2026 09:05:26","1","Information","Microsoft-Windows-PCI","[PDO] (0x0000.0x02.0x00): Finish state transition to STARTED"
"18-06-2026 09:05:26","1","Information","Microsoft-Windows-PCI","[PDO] (0x0000.0x02.0x00): Begin state transition from UNINITIALIZED to STARTED"
"18-06-2026 09:05:24","1","Information","Microsoft-Windows-PCI","[PDO] (0x0000.0x0a.0x00): Finish state transition to STARTED"
"18-06-2026 09:05:24","1","Information","Microsoft-Windows-PCI","[PDO] (0x0000.0x0a.0x00): Begin state transition from UNINITIALIZED to STARTED"
"18-06-2026 09:05:24","1","Information","Microsoft-Windows-PCI","[PDO] (0x0000.0x0e.0x00): Finish state transition to STARTED"
"18-06-2026 09:05:24","1","Information","Microsoft-Windows-PCI","[PDO] (0x0000.0x0e.0x00): Begin state transition from UNINITIALIZED to STARTED"
"18-06-2026 09:05:24","1","Information","Microsoft-Windows-PCI","[PDO] (0x0000.0x1f.0x00): Finish state transition to STARTED"
"18-06-2026 09:05:24","1","Information","Microsoft-Windows-PCI","[PDO] (0x0000.0x1f.0x00): Begin state transition from UNINITIALIZED to STARTED"
"18-06-2026 09:05:24","1","Information","Microsoft-Windows-PCI","[PDO] (0x0000.0x00.0x00): Finish state transition to STARTED"
"18-06-2026 09:05:24","1","Information","Microsoft-Windows-PCI","[PDO] (0x0000.0x00.0x00): Begin state transition from UNINITIALIZED to STARTED"
"18-06-2026 09:05:24","1","Information","Microsoft-Windows-PCI","[ROOT] (Bus 0x0000): Finish state transition to STARTED"
"18-06-2026 09:05:24","1","Information","Microsoft-Windows-PCI","[ROOT] (Bus 0x0000): Begin state transition from UNINITIALIZED to STARTED"
"17-06-2026 19:18:09","1","Information","Microsoft-Windows-PCI","[PDO] (0x0000.0x04.0x00): Finish state transition to STARTED"
"17-06-2026 19:18:09","1","Information","Microsoft-Windows-PCI","[PDO] (0x0000.0x04.0x00): Begin state transition from UNINITIALIZED to STARTED"
"17-06-2026 19:18:05","1","Information","Microsoft-Windows-PCI","[FDO] (0x0000.0x07.0x03) (Bus 0x002b): Finish state transition to STARTED"
"17-06-2026 19:18:05","1","Information","Microsoft-Windows-PCI","[FDO] (0x0000.0x07.0x03) (Bus 0x002b): Begin state transition from UNINITIALIZED to STARTED"
"17-06-2026 19:18:05","1","Information","Microsoft-Windows-PCI","[PDO] (0x0000.0x07.0x03): Finish state transition to STARTED"
"17-06-2026 19:18:05","1","Information","Microsoft-Windows-PCI","[PDO] (0x0000.0x07.0x03): Begin state transition from UNINITIALIZED to STARTED"
"17-06-2026 19:18:05","1","Information","Microsoft-Windows-PCI","[FDO] (0x0000.0x07.0x00) (Bus 0x0001): Finish state transition to STARTED"
"17-06-2026 19:18:05","1","Information","Microsoft-Windows-PCI","[FDO] (0x0000.0x07.0x00) (Bus 0x0001): Begin state transition from UNINITIALIZED to STARTED"
"17-06-2026 19:18:05","1","Information","Microsoft-Windows-PCI","[PDO] (0x0000.0x07.0x00): Finish state transition to STARTED"
"17-06-2026 19:18:05","1","Information","Microsoft-Windows-PCI","[PDO] (0x0000.0x07.0x00): Begin state transition from UNINITIALIZED to STARTED"
"17-06-2026 19:18:04","1","Information","Microsoft-Windows-PCI","[PDO] (0x0000.0x14.0x03): Finish state transition to STARTED"
"17-06-2026 19:18:04","1","Information","Microsoft-Windows-PCI","[PDO] (0x0000.0x1f.0x03): Finish state transition to STARTED"
"17-06-2026 19:18:04","1","Information","Microsoft-Windows-PCI","[PDO] (0x0000.0x1e.0x00): Finish state transition to STARTED"
"17-06-2026 19:18:04","1","Information","Microsoft-Windows-PCI","[PDO] (0x0000.0x12.0x00): Finish state transition to STARTED"
"17-06-2026 19:18:04","1","Information","Microsoft-Windows-PCI","[PDO] (0x0000.0x15.0x03): Finish state transition to STARTED"
"17-06-2026 19:18:04","1","Information","Microsoft-Windows-PCI","[PDO] (0x0000.0x15.0x00): Finish state transition to STARTED"
"17-06-2026 19:18:04","1","Information","Microsoft-Windows-PCI","[PDO] (0x0000.0x1f.0x03): Begin state transition from UNINITIALIZED to STARTED"
"17-06-2026 19:18:04","1","Information","Microsoft-Windows-PCI","[PDO] (0x0000.0x1e.0x00): Begin state transition from UNINITIALIZED to STARTED"
"17-06-2026 19:18:04","1","Information","Microsoft-Windows-PCI","[PDO] (0x0000.0x15.0x03): Begin state transition from UNINITIALIZED to STARTED"
"17-06-2026 19:18:04","1","Information","Microsoft-Windows-PCI","[PDO] (0x0000.0x14.0x03): Begin state transition from UNINITIALIZED to STARTED"
"17-06-2026 19:18:04","1","Information","Microsoft-Windows-PCI","[PDO] (0x0000.0x15.0x00): Begin state transition from UNINITIALIZED to STARTED"
"17-06-2026 19:18:04","1","Information","Microsoft-Windows-PCI","[PDO] (0x0000.0x12.0x00): Begin state transition from UNINITIALIZED to STARTED"
"17-06-2026 19:18:03","1","Information","Microsoft-Windows-PCI","[PDO] (0x0000.0x0b.0x00): Finish state transition to STARTED"
"17-06-2026 19:18:03","1","Information","Microsoft-Windows-PCI","[PDO] (0x0000.0x08.0x00): Finish state transition to STARTED"
"17-06-2026 19:18:03","1","Information","Microsoft-Windows-PCI","[PDO] (0x0000.0x0b.0x00): Begin state transition from UNINITIALIZED to STARTED"
"17-06-2026 19:18:03","1","Information","Microsoft-Windows-PCI","[PDO] (0x0000.0x08.0x00): Begin state transition from UNINITIALIZED to STARTED"
"17-06-2026 19:18:03","1","Information","Microsoft-Windows-PCI","[PDO] (0x0000.0x0d.0x03): Finish state transition to STARTED"
"17-06-2026 19:18:03","1","Information","Microsoft-Windows-PCI","[PDO] (0x0000.0x14.0x00): Finish state transition to STARTED"
"17-06-2026 19:18:03","1","Information","Microsoft-Windows-PCI","[PDO] (0x0000.0x0d.0x00): Finish state transition to STARTED"
"17-06-2026 19:18:03","1","Information","Microsoft-Windows-PCI","[PDO] (0x0000.0x16.0x00): Finish state transition to STARTED"
"17-06-2026 19:18:03","1","Information","Microsoft-Windows-PCI","[PDO] (0x0000.0x1f.0x06): Finish state transition to STARTED"
"17-06-2026 19:18:03","1","Information","Microsoft-Windows-PCI","[PDO] (0x0000.0x1f.0x06): Begin state transition from UNINITIALIZED to STARTED"
"17-06-2026 19:18:03","1","Information","Microsoft-Windows-PCI","[PDO] (0x0000.0x0d.0x03): Begin state transition from UNINITIALIZED to STARTED"
"17-06-2026 19:18:03","1","Information","Microsoft-Windows-PCI","[PDO] (0x0000.0x0d.0x00): Begin state transition from UNINITIALIZED to STARTED"
"17-06-2026 19:18:03","1","Information","Microsoft-Windows-PCI","[PDO] (0x0000.0x14.0x00): Begin state transition from UNINITIALIZED to STARTED"
"17-06-2026 19:18:03","1","Information","Microsoft-Windows-PCI","[PDO] (0x0000.0x16.0x00): Begin state transition from UNINITIALIZED to STARTED"
"17-06-2026 19:18:03","1","Information","Microsoft-Windows-PCI","[PDO] (0x0000.0x02.0x00): Finish state transition to STARTED"
"17-06-2026 19:18:03","1","Information","Microsoft-Windows-PCI","[PDO] (0x0000.0x02.0x00): Begin state transition from UNINITIALIZED to STARTED"
"17-06-2026 19:17:59","1","Information","Microsoft-Windows-PCI","[PDO] (0x0000.0x0a.0x00): Finish state transition to STARTED"
"17-06-2026 19:17:59","1","Information","Microsoft-Windows-PCI","[PDO] (0x0000.0x0a.0x00): Begin state transition from UNINITIALIZED to STARTED"
"17-06-2026 19:17:58","1","Information","Microsoft-Windows-PCI","[PDO] (0x0000.0x0e.0x00): Finish state transition to STARTED"
"17-06-2026 19:17:58","1","Information","Microsoft-Windows-PCI","[PDO] (0x0000.0x0e.0x00): Begin state transition from UNINITIALIZED to STARTED"
"17-06-2026 19:17:58","1","Information","Microsoft-Windows-PCI","[PDO] (0x0000.0x1f.0x00): Finish state transition to STARTED"
"17-06-2026 19:17:58","1","Information","Microsoft-Windows-PCI","[PDO] (0x0000.0x1f.0x00): Begin state transition from UNINITIALIZED to STARTED"
"17-06-2026 19:17:58","1","Information","Microsoft-Windows-PCI","[PDO] (0x0000.0x00.0x00): Finish state transition to STARTED"
"17-06-2026 19:17:58","1","Information","Microsoft-Windows-PCI","[PDO] (0x0000.0x00.0x00): Begin state transition from UNINITIALIZED to STARTED"
"17-06-2026 19:17:58","1","Information","Microsoft-Windows-PCI","[ROOT] (Bus 0x0000): Finish state transition to STARTED"
"17-06-2026 19:17:58","1","Information","Microsoft-Windows-PCI","[ROOT] (Bus 0x0000): Begin state transition from UNINITIALIZED to STARTED"
"17-06-2026 19:16:42","1","Information","Microsoft-Windows-PCI","[PDO] (0x0000.0x04.0x00): Finish state transition to STARTED"
"17-06-2026 19:16:42","1","Information","Microsoft-Windows-PCI","[PDO] (0x0000.0x04.0x00): Begin state transition from UNINITIALIZED to STARTED"
"17-06-2026 19:16:37","1","Information","Microsoft-Windows-PCI","[FDO] (0x0000.0x07.0x03) (Bus 0x002b): Finish state transition to STARTED"
"17-06-2026 19:16:37","1","Information","Microsoft-Windows-PCI","[FDO] (0x0000.0x07.0x03) (Bus 0x002b): Begin state transition from UNINITIALIZED to STARTED"
"17-06-2026 19:16:37","1","Information","Microsoft-Windows-PCI","[PDO] (0x0000.0x07.0x03): Finish state transition to STARTED"
"17-06-2026 19:16:37","1","Information","Microsoft-Windows-PCI","[PDO] (0x0000.0x07.0x03): Begin state transition from UNINITIALIZED to STARTED"
"17-06-2026 19:16:37","1","Information","Microsoft-Windows-PCI","[FDO] (0x0000.0x07.0x00) (Bus 0x0001): Finish state transition to STARTED"
"17-06-2026 19:16:37","1","Information","Microsoft-Windows-PCI","[FDO] (0x0000.0x07.0x00) (Bus 0x0001): Begin state transition from UNINITIALIZED to STARTED"
"17-06-2026 19:16:37","1","Information","Microsoft-Windows-PCI","[PDO] (0x0000.0x07.0x00): Finish state transition to STARTED"
"17-06-2026 19:16:37","1","Information","Microsoft-Windows-PCI","[PDO] (0x0000.0x07.0x00): Begin state transition from UNINITIALIZED to STARTED"
"17-06-2026 19:16:36","1","Information","Microsoft-Windows-PCI","[PDO] (0x0000.0x14.0x03): Finish state transition to STARTED"
"17-06-2026 19:16:36","1","Information","Microsoft-Windows-PCI","[PDO] (0x0000.0x1f.0x03): Finish state transition to STARTED"
"17-06-2026 19:16:36","1","Information","Microsoft-Windows-PCI","[PDO] (0x0000.0x15.0x03): Finish state transition to STARTED"
"17-06-2026 19:16:36","1","Information","Microsoft-Windows-PCI","[PDO] (0x0000.0x12.0x00): Finish state transition to STARTED"
"17-06-2026 19:16:36","1","Information","Microsoft-Windows-PCI","[PDO] (0x0000.0x1e.0x00): Finish state transition to STARTED"
"17-06-2026 19:16:36","1","Information","Microsoft-Windows-PCI","[PDO] (0x0000.0x15.0x00): Finish state transition to STARTED"
"17-06-2026 19:16:36","1","Information","Microsoft-Windows-PCI","[PDO] (0x0000.0x1f.0x03): Begin state transition from UNINITIALIZED to STARTED"
"17-06-2026 19:16:36","1","Information","Microsoft-Windows-PCI","[PDO] (0x0000.0x1e.0x00): Begin state transition from UNINITIALIZED to STARTED"
"17-06-2026 19:16:36","1","Information","Microsoft-Windows-PCI","[PDO] (0x0000.0x15.0x00): Begin state transition from UNINITIALIZED to STARTED"
"17-06-2026 19:16:36","1","Information","Microsoft-Windows-PCI","[PDO] (0x0000.0x15.0x03): Begin state transition from UNINITIALIZED to STARTED"
"17-06-2026 19:16:36","1","Information","Microsoft-Windows-PCI","[PDO] (0x0000.0x14.0x03): Begin state transition from UNINITIALIZED to STARTED"
"17-06-2026 19:16:36","1","Information","Microsoft-Windows-PCI","[PDO] (0x0000.0x12.0x00): Begin state transition from UNINITIALIZED to STARTED"
"17-06-2026 19:16:36","1","Information","Microsoft-Windows-PCI","[PDO] (0x0000.0x0b.0x00): Finish state transition to STARTED"
"17-06-2026 19:16:36","1","Information","Microsoft-Windows-PCI","[PDO] (0x0000.0x08.0x00): Finish state transition to STARTED"
"17-06-2026 19:16:36","1","Information","Microsoft-Windows-PCI","[PDO] (0x0000.0x0b.0x00): Begin state transition from UNINITIALIZED to STARTED"
"17-06-2026 19:16:36","1","Information","Microsoft-Windows-PCI","[PDO] (0x0000.0x08.0x00): Begin state transition from UNINITIALIZED to STARTED"
"17-06-2026 19:16:35","1","Information","Microsoft-Windows-PCI","[PDO] (0x0000.0x16.0x00): Finish state transition to STARTED"
"17-06-2026 19:16:35","1","Information","Microsoft-Windows-PCI","[PDO] (0x0000.0x14.0x00): Finish state transition to STARTED"
"17-06-2026 19:16:35","1","Information","Microsoft-Windows-PCI","[PDO] (0x0000.0x0d.0x03): Finish state transition to STARTED"
"17-06-2026 19:16:35","1","Information","Microsoft-Windows-PCI","[PDO] (0x0000.0x0d.0x00): Finish state transition to STARTED"
"17-06-2026 19:16:35","1","Information","Microsoft-Windows-PCI","[PDO] (0x0000.0x1f.0x06): Finish state transition to STARTED"
"17-06-2026 19:16:35","1","Information","Microsoft-Windows-PCI","[PDO] (0x0000.0x1f.0x06): Begin state transition from UNINITIALIZED to STARTED"
"17-06-2026 19:16:35","1","Information","Microsoft-Windows-PCI","[PDO] (0x0000.0x0d.0x03): Begin state transition from UNINITIALIZED to STARTED"
"17-06-2026 19:16:35","1","Information","Microsoft-Windows-PCI","[PDO] (0x0000.0x0d.0x00): Begin state transition from UNINITIALIZED to STARTED"
"17-06-2026 19:16:35","1","Information","Microsoft-Windows-PCI","[PDO] (0x0000.0x14.0x00): Begin state transition from UNINITIALIZED to STARTED"
"17-06-2026 19:16:35","1","Information","Microsoft-Windows-PCI","[PDO] (0x0000.0x16.0x00): Begin state transition from UNINITIALIZED to STARTED"
"17-06-2026 19:16:35","1","Information","Microsoft-Windows-PCI","[PDO] (0x0000.0x02.0x00): Finish state transition to STARTED"
"17-06-2026 19:16:35","1","Information","Microsoft-Windows-PCI","[PDO] (0x0000.0x02.0x00): Begin state transition from UNINITIALIZED to STARTED"
"17-06-2026 19:16:31","1","Information","Microsoft-Windows-PCI","[PDO] (0x0000.0x0a.0x00): Finish state transition to STARTED"
"17-06-2026 19:16:31","1","Information","Microsoft-Windows-PCI","[PDO] (0x0000.0x0a.0x00): Begin state transition from UNINITIALIZED to STARTED"
"17-06-2026 19:16:31","1","Information","Microsoft-Windows-PCI","[PDO] (0x0000.0x0e.0x00): Finish state transition to STARTED"
"17-06-2026 19:16:31","1","Information","Microsoft-Windows-PCI","[PDO] (0x0000.0x0e.0x00): Begin state transition from UNINITIALIZED to STARTED"
"17-06-2026 19:16:31","1","Information","Microsoft-Windows-PCI","[PDO] (0x0000.0x1f.0x00): Finish state transition to STARTED"
"17-06-2026 19:16:31","1","Information","Microsoft-Windows-PCI","[PDO] (0x0000.0x1f.0x00): Begin state transition from UNINITIALIZED to STARTED"
"17-06-2026 19:16:31","1","Information","Microsoft-Windows-PCI","[PDO] (0x0000.0x00.0x00): Finish state transition to STARTED"
"17-06-2026 19:16:31","1","Information","Microsoft-Windows-PCI","[PDO] (0x0000.0x00.0x00): Begin state transition from UNINITIALIZED to STARTED"
"17-06-2026 19:16:31","1","Information","Microsoft-Windows-PCI","[ROOT] (Bus 0x0000): Finish state transition to STARTED"
"17-06-2026 19:16:31","1","Information","Microsoft-Windows-PCI","[ROOT] (Bus 0x0000): Begin state transition from UNINITIALIZED to STARTED"
"17-06-2026 19:13:35","1","Information","Microsoft-Windows-PCI","[PDO] (0x0000.0x04.0x00): Finish state transition to STARTED"
"17-06-2026 19:13:35","1","Information","Microsoft-Windows-PCI","[PDO] (0x0000.0x04.0x00): Begin state transition from UNINITIALIZED to STARTED"
"17-06-2026 19:13:30","1","Information","Microsoft-Windows-PCI","[FDO] (0x0000.0x07.0x03) (Bus 0x002b): Finish state transition to STARTED"
"17-06-2026 19:13:30","1","Information","Microsoft-Windows-PCI","[FDO] (0x0000.0x07.0x03) (Bus 0x002b): Begin state transition from UNINITIALIZED to STARTED"
"17-06-2026 19:13:30","1","Information","Microsoft-Windows-PCI","[PDO] (0x0000.0x07.0x03): Finish state transition to STARTED"
"17-06-2026 19:13:30","1","Information","Microsoft-Windows-PCI","[PDO] (0x0000.0x07.0x03): Begin state transition from UNINITIALIZED to STARTED"
"17-06-2026 19:13:29","1","Information","Microsoft-Windows-PCI","[FDO] (0x0000.0x07.0x00) (Bus 0x0001): Finish state transition to STARTED"
"17-06-2026 19:13:29","1","Information","Microsoft-Windows-PCI","[FDO] (0x0000.0x07.0x00) (Bus 0x0001): Begin state transition from UNINITIALIZED to STARTED"
"17-06-2026 19:13:29","1","Information","Microsoft-Windows-PCI","[PDO] (0x0000.0x07.0x00): Finish state transition to STARTED"
"17-06-2026 19:13:29","1","Information","Microsoft-Windows-PCI","[PDO] (0x0000.0x07.0x00): Begin state transition from UNINITIALIZED to STARTED"
"17-06-2026 19:13:29","1","Information","Microsoft-Windows-PCI","[PDO] (0x0000.0x14.0x03): Finish state transition to STARTED"
"17-06-2026 19:13:29","1","Information","Microsoft-Windows-PCI","[PDO] (0x0000.0x12.0x00): Finish state transition to STARTED"
"17-06-2026 19:13:29","1","Information","Microsoft-Windows-PCI","[PDO] (0x0000.0x1e.0x00): Finish state transition to STARTED"
"17-06-2026 19:13:29","1","Information","Microsoft-Windows-PCI","[PDO] (0x0000.0x15.0x03): Finish state transition to STARTED"
"17-06-2026 19:13:29","1","Information","Microsoft-Windows-PCI","[PDO] (0x0000.0x1f.0x03): Finish state transition to STARTED"
"17-06-2026 19:13:29","1","Information","Microsoft-Windows-PCI","[PDO] (0x0000.0x15.0x00): Finish state transition to STARTED"
"17-06-2026 19:13:29","1","Information","Microsoft-Windows-PCI","[PDO] (0x0000.0x1f.0x03): Begin state transition from UNINITIALIZED to STARTED"
"17-06-2026 19:13:29","1","Information","Microsoft-Windows-PCI","[PDO] (0x0000.0x1e.0x00): Begin state transition from UNINITIALIZED to STARTED"
"17-06-2026 19:13:29","1","Information","Microsoft-Windows-PCI","[PDO] (0x0000.0x15.0x03): Begin state transition from UNINITIALIZED to STARTED"
"17-06-2026 19:13:29","1","Information","Microsoft-Windows-PCI","[PDO] (0x0000.0x15.0x00): Begin state transition from UNINITIALIZED to STARTED"
"17-06-2026 19:13:29","1","Information","Microsoft-Windows-PCI","[PDO] (0x0000.0x14.0x03): Begin state transition from UNINITIALIZED to STARTED"
"17-06-2026 19:13:29","1","Information","Microsoft-Windows-PCI","[PDO] (0x0000.0x12.0x00): Begin state transition from UNINITIALIZED to STARTED"
"17-06-2026 19:13:28","1","Information","Microsoft-Windows-PCI","[PDO] (0x0000.0x08.0x00): Finish state transition to STARTED"
"17-06-2026 19:13:28","1","Information","Microsoft-Windows-PCI","[PDO] (0x0000.0x0b.0x00): Finish state transition to STARTED"
"17-06-2026 19:13:28","1","Information","Microsoft-Windows-PCI","[PDO] (0x0000.0x0b.0x00): Begin state transition from UNINITIALIZED to STARTED"
"17-06-2026 19:13:28","1","Information","Microsoft-Windows-PCI","[PDO] (0x0000.0x08.0x00): Begin state transition from UNINITIALIZED to STARTED"
"17-06-2026 19:13:28","1","Information","Microsoft-Windows-PCI","[PDO] (0x0000.0x0d.0x03): Finish state transition to STARTED"
"17-06-2026 19:13:28","1","Information","Microsoft-Windows-PCI","[PDO] (0x0000.0x14.0x00): Finish state transition to STARTED"
"17-06-2026 19:13:28","1","Information","Microsoft-Windows-PCI","[PDO] (0x0000.0x16.0x00): Finish state transition to STARTED"
"17-06-2026 19:13:28","1","Information","Microsoft-Windows-PCI","[PDO] (0x0000.0x1f.0x06): Finish state transition to STARTED"
"17-06-2026 19:13:28","1","Information","Microsoft-Windows-PCI","[PDO] (0x0000.0x0d.0x00): Finish state transition to STARTED"
"17-06-2026 19:13:28","1","Information","Microsoft-Windows-PCI","[PDO] (0x0000.0x1f.0x06): Begin state transition from UNINITIALIZED to STARTED"
"17-06-2026 19:13:28","1","Information","Microsoft-Windows-PCI","[PDO] (0x0000.0x0d.0x03): Begin state transition from UNINITIALIZED to STARTED"
"17-06-2026 19:13:28","1","Information","Microsoft-Windows-PCI","[PDO] (0x0000.0x0d.0x00): Begin state transition from UNINITIALIZED to STARTED"
"17-06-2026 19:13:28","1","Information","Microsoft-Windows-PCI","[PDO] (0x0000.0x14.0x00): Begin state transition from UNINITIALIZED to STARTED"
"17-06-2026 19:13:28","1","Information","Microsoft-Windows-PCI","[PDO] (0x0000.0x16.0x00): Begin state transition from UNINITIALIZED to STARTED"
"17-06-2026 19:13:28","1","Information","Microsoft-Windows-PCI","[PDO] (0x0000.0x02.0x00): Finish state transition to STARTED"
"17-06-2026 19:13:28","1","Information","Microsoft-Windows-PCI","[PDO] (0x0000.0x02.0x00): Begin state transition from UNINITIALIZED to STARTED"
"17-06-2026 19:13:23","1","Information","Microsoft-Windows-PCI","[PDO] (0x0000.0x0a.0x00): Finish state transition to STARTED"
"17-06-2026 19:13:23","1","Information","Microsoft-Windows-PCI","[PDO] (0x0000.0x0a.0x00): Begin state transition from UNINITIALIZED to STARTED"
"17-06-2026 19:13:23","1","Information","Microsoft-Windows-PCI","[PDO] (0x0000.0x0e.0x00): Finish state transition to STARTED"
"17-06-2026 19:13:23","1","Information","Microsoft-Windows-PCI","[PDO] (0x0000.0x0e.0x00): Begin state transition from UNINITIALIZED to STARTED"
"17-06-2026 19:13:23","1","Information","Microsoft-Windows-PCI","[PDO] (0x0000.0x1f.0x00): Finish state transition to STARTED"
"17-06-2026 19:13:23","1","Information","Microsoft-Windows-PCI","[PDO] (0x0000.0x1f.0x00): Begin state transition from UNINITIALIZED to STARTED"
"17-06-2026 19:13:23","1","Information","Microsoft-Windows-PCI","[PDO] (0x0000.0x00.0x00): Finish state transition to STARTED"
"17-06-2026 19:13:23","1","Information","Microsoft-Windows-PCI","[PDO] (0x0000.0x00.0x00): Begin state transition from UNINITIALIZED to STARTED"
"17-06-2026 19:13:23","1","Information","Microsoft-Windows-PCI","[ROOT] (Bus 0x0000): Finish state transition to STARTED"
"17-06-2026 19:13:23","1","Information","Microsoft-Windows-PCI","[ROOT] (Bus 0x0000): Begin state transition from UNINITIALIZED to STARTED"
"16-06-2026 09:59:21","1","Information","Microsoft-Windows-PCI","[PDO] (0x0000.0x04.0x00): Finish state transition to STARTED"
"16-06-2026 09:59:21","1","Information","Microsoft-Windows-PCI","[PDO] (0x0000.0x04.0x00): Begin state transition from UNINITIALIZED to STARTED"
"16-06-2026 09:59:16","1","Information","Microsoft-Windows-PCI","[FDO] (0x0000.0x07.0x03) (Bus 0x002b): Finish state transition to STARTED"
"16-06-2026 09:59:16","1","Information","Microsoft-Windows-PCI","[FDO] (0x0000.0x07.0x03) (Bus 0x002b): Begin state transition from UNINITIALIZED to STARTED"
"16-06-2026 09:59:16","1","Information","Microsoft-Windows-PCI","[PDO] (0x0000.0x07.0x03): Finish state transition to STARTED"
"16-06-2026 09:59:16","1","Information","Microsoft-Windows-PCI","[PDO] (0x0000.0x07.0x03): Begin state transition from UNINITIALIZED to STARTED"
"16-06-2026 09:59:16","1","Information","Microsoft-Windows-PCI","[FDO] (0x0000.0x07.0x00) (Bus 0x0001): Finish state transition to STARTED"
"16-06-2026 09:59:16","1","Information","Microsoft-Windows-PCI","[FDO] (0x0000.0x07.0x00) (Bus 0x0001): Begin state transition from UNINITIALIZED to STARTED"
"16-06-2026 09:59:16","1","Information","Microsoft-Windows-PCI","[PDO] (0x0000.0x07.0x00): Finish state transition to STARTED"
"16-06-2026 09:59:16","1","Information","Microsoft-Windows-PCI","[PDO] (0x0000.0x07.0x00): Begin state transition from UNINITIALIZED to STARTED"
"16-06-2026 09:59:15","1","Information","Microsoft-Windows-PCI","[PDO] (0x0000.0x1f.0x03): Finish state transition to STARTED"
"16-06-2026 09:59:15","1","Information","Microsoft-Windows-PCI","[PDO] (0x0000.0x14.0x03): Finish state transition to STARTED"
"16-06-2026 09:59:15","1","Information","Microsoft-Windows-PCI","[PDO] (0x0000.0x12.0x00): Finish state transition to STARTED"
"16-06-2026 09:59:15","1","Information","Microsoft-Windows-PCI","[PDO] (0x0000.0x15.0x03): Finish state transition to STARTED"
"16-06-2026 09:59:15","1","Information","Microsoft-Windows-PCI","[PDO] (0x0000.0x1e.0x00): Finish state transition to STARTED"
"16-06-2026 09:59:15","1","Information","Microsoft-Windows-PCI","[PDO] (0x0000.0x15.0x00): Finish state transition to STARTED"
"16-06-2026 09:59:15","1","Information","Microsoft-Windows-PCI","[PDO] (0x0000.0x1e.0x00): Begin state transition from UNINITIALIZED to STARTED"
"16-06-2026 09:59:15","1","Information","Microsoft-Windows-PCI","[PDO] (0x0000.0x14.0x03): Begin state transition from UNINITIALIZED to STARTED"
"16-06-2026 09:59:15","1","Information","Microsoft-Windows-PCI","[PDO] (0x0000.0x1f.0x03): Begin state transition from UNINITIALIZED to STARTED"
"16-06-2026 09:59:15","1","Information","Microsoft-Windows-PCI","[PDO] (0x0000.0x15.0x03): Begin state transition from UNINITIALIZED to STARTED"
"16-06-2026 09:59:15","1","Information","Microsoft-Windows-PCI","[PDO] (0x0000.0x15.0x00): Begin state transition from UNINITIALIZED to STARTED"
"16-06-2026 09:59:15","1","Information","Microsoft-Windows-PCI","[PDO] (0x0000.0x12.0x00): Begin state transition from UNINITIALIZED to STARTED"
"16-06-2026 09:59:15","1","Information","Microsoft-Windows-PCI","[PDO] (0x0000.0x08.0x00): Finish state transition to STARTED"
"16-06-2026 09:59:15","1","Information","Microsoft-Windows-PCI","[PDO] (0x0000.0x0b.0x00): Finish state transition to STARTED"
"16-06-2026 09:59:15","1","Information","Microsoft-Windows-PCI","[PDO] (0x0000.0x0b.0x00): Begin state transition from UNINITIALIZED to STARTED"
"16-06-2026 09:59:15","1","Information","Microsoft-Windows-PCI","[PDO] (0x0000.0x08.0x00): Begin state transition from UNINITIALIZED to STARTED"
"16-06-2026 09:59:14","1","Information","Microsoft-Windows-PCI","[PDO] (0x0000.0x0d.0x03): Finish state transition to STARTED"
"16-06-2026 09:59:14","1","Information","Microsoft-Windows-PCI","[PDO] (0x0000.0x1f.0x06): Finish state transition to STARTED"
"16-06-2026 09:59:14","1","Information","Microsoft-Windows-PCI","[PDO] (0x0000.0x16.0x00): Finish state transition to STARTED"
"16-06-2026 09:59:14","1","Information","Microsoft-Windows-PCI","[PDO] (0x0000.0x14.0x00): Finish state transition to STARTED"
"16-06-2026 09:59:14","1","Information","Microsoft-Windows-PCI","[PDO] (0x0000.0x0d.0x00): Finish state transition to STARTED"
"16-06-2026 09:59:14","1","Information","Microsoft-Windows-PCI","[PDO] (0x0000.0x0d.0x03): Begin state transition from UNINITIALIZED to STARTED"
"16-06-2026 09:59:14","1","Information","Microsoft-Windows-PCI","[PDO] (0x0000.0x1f.0x06): Begin state transition from UNINITIALIZED to STARTED"
"16-06-2026 09:59:14","1","Information","Microsoft-Windows-PCI","[PDO] (0x0000.0x0d.0x00): Begin state transition from UNINITIALIZED to STARTED"
"16-06-2026 09:59:14","1","Information","Microsoft-Windows-PCI","[PDO] (0x0000.0x14.0x00): Begin state transition from UNINITIALIZED to STARTED"
"16-06-2026 09:59:14","1","Information","Microsoft-Windows-PCI","[PDO] (0x0000.0x16.0x00): Begin state transition from UNINITIALIZED to STARTED"
"16-06-2026 09:59:14","1","Information","Microsoft-Windows-PCI","[PDO] (0x0000.0x02.0x00): Finish state transition to STARTED"
"16-06-2026 09:59:14","1","Information","Microsoft-Windows-PCI","[PDO] (0x0000.0x02.0x00): Begin state transition from UNINITIALIZED to STARTED"
"16-06-2026 09:59:11","1","Information","Microsoft-Windows-PCI","[PDO] (0x0000.0x0a.0x00): Finish state transition to STARTED"
"16-06-2026 09:59:11","1","Information","Microsoft-Windows-PCI","[PDO] (0x0000.0x0a.0x00): Begin state transition from UNINITIALIZED to STARTED"
"16-06-2026 09:59:11","1","Information","Microsoft-Windows-PCI","[PDO] (0x0000.0x0e.0x00): Finish state transition to STARTED"
"16-06-2026 09:59:11","1","Information","Microsoft-Windows-PCI","[PDO] (0x0000.0x0e.0x00): Begin state transition from UNINITIALIZED to STARTED"
"16-06-2026 09:59:11","1","Information","Microsoft-Windows-PCI","[PDO] (0x0000.0x1f.0x00): Finish state transition to STARTED"
"16-06-2026 09:59:11","1","Information","Microsoft-Windows-PCI","[PDO] (0x0000.0x1f.0x00): Begin state transition from UNINITIALIZED to STARTED"
"16-06-2026 09:59:11","1","Information","Microsoft-Windows-PCI","[PDO] (0x0000.0x00.0x00): Finish state transition to STARTED"
"16-06-2026 09:59:11","1","Information","Microsoft-Windows-PCI","[PDO] (0x0000.0x00.0x00): Begin state transition from UNINITIALIZED to STARTED"
"16-06-2026 09:59:11","1","Information","Microsoft-Windows-PCI","[ROOT] (Bus 0x0000): Finish state transition to STARTED"
"16-06-2026 09:59:11","1","Information","Microsoft-Windows-PCI","[ROOT] (Bus 0x0000): Begin state transition from UNINITIALIZED to STARTED"
"16-06-2026 09:40:25","1","Information","Microsoft-Windows-PCI","[PDO] (0x0000.0x08.0x00): Finish state transition to STARTED"
"16-06-2026 09:40:25","1","Information","Microsoft-Windows-PCI","[PDO] (0x0000.0x08.0x00): Begin state transition from UNINITIALIZED to STARTED"
"16-06-2026 09:40:15","1","Information","Microsoft-Windows-PCI","[PDO] (0x0000.0x1f.0x03): Finish state transition to STARTED"
"16-06-2026 09:40:15","1","Information","Microsoft-Windows-PCI","[PDO] (0x0000.0x1f.0x03): Begin state transition from UNINITIALIZED to STARTED"
"16-06-2026 09:40:15","1","Information","Microsoft-Windows-PCI","[PDO] (0x0000.0x1f.0x03): Finish state transition to UNINITIALIZED"
"16-06-2026 09:40:15","1","Information","Microsoft-Windows-PCI","[PDO] (0x0000.0x1f.0x03): Begin state transition from STARTED to UNINITIALIZED"
"16-06-2026 09:37:59","1","Information","Microsoft-Windows-PCI","[PDO] (0x0000.0x1f.0x03): Finish state transition to STARTED"
"16-06-2026 09:37:59","1","Information","Microsoft-Windows-PCI","[PDO] (0x0000.0x1f.0x03): Begin state transition from UNINITIALIZED to STARTED"
"16-06-2026 09:37:59","1","Information","Microsoft-Windows-PCI","[PDO] (0x0000.0x1f.0x03): Finish state transition to UNINITIALIZED"
"16-06-2026 09:37:59","1","Information","Microsoft-Windows-PCI","[PDO] (0x0000.0x1f.0x03): Begin state transition from STARTED to UNINITIALIZED"
"16-06-2026 09:37:10","1","Information","Microsoft-Windows-PCI","[PDO] (0x0000.0x08.0x00): Finish state transition to UNINITIALIZED"
"16-06-2026 09:37:10","1","Information","Microsoft-Windows-PCI","[PDO] (0x0000.0x08.0x00): Begin state transition from STARTED to UNINITIALIZED"
"15-06-2026 16:35:21","1","Information","Microsoft-Windows-PCI","[PDO] (0x0000.0x14.0x03): Finish state transition to STARTED"
"15-06-2026 16:35:21","1","Information","Microsoft-Windows-PCI","[PDO] (0x0000.0x14.0x03): Begin state transition from UNINITIALIZED to STARTED"
"15-06-2026 16:35:21","1","Information","Microsoft-Windows-PCI","[PDO] (0x0000.0x14.0x03): Finish state transition to UNINITIALIZED"
"15-06-2026 16:35:21","1","Information","Microsoft-Windows-PCI","[PDO] (0x0000.0x14.0x03): Begin state transition from STARTED to UNINITIALIZED"
"12-06-2026 09:54:33","1","Information","Microsoft-Windows-PCI","[PDO] (0x0000.0x04.0x00): Finish state transition to STARTED"
"12-06-2026 09:54:33","1","Information","Microsoft-Windows-PCI","[PDO] (0x0000.0x04.0x00): Begin state transition from UNINITIALIZED to STARTED"
"12-06-2026 09:54:26","1","Information","Microsoft-Windows-PCI","[FDO] (0x0000.0x07.0x03) (Bus 0x002b): Finish state transition to STARTED"
"12-06-2026 09:54:26","1","Information","Microsoft-Windows-PCI","[FDO] (0x0000.0x07.0x03) (Bus 0x002b): Begin state transition from UNINITIALIZED to STARTED"
"12-06-2026 09:54:26","1","Information","Microsoft-Windows-PCI","[PDO] (0x0000.0x07.0x03): Finish state transition to STARTED"
"12-06-2026 09:54:26","1","Information","Microsoft-Windows-PCI","[PDO] (0x0000.0x07.0x03): Begin state transition from UNINITIALIZED to STARTED"
"12-06-2026 09:54:26","1","Information","Microsoft-Windows-PCI","[FDO] (0x0000.0x07.0x00) (Bus 0x0001): Finish state transition to STARTED"
"12-06-2026 09:54:26","1","Information","Microsoft-Windows-PCI","[FDO] (0x0000.0x07.0x00) (Bus 0x0001): Begin state transition from UNINITIALIZED to STARTED"
"12-06-2026 09:54:26","1","Information","Microsoft-Windows-PCI","[PDO] (0x0000.0x07.0x00): Finish state transition to STARTED"
"12-06-2026 09:54:26","1","Information","Microsoft-Windows-PCI","[PDO] (0x0000.0x07.0x00): Begin state transition from UNINITIALIZED to STARTED"
"12-06-2026 09:54:25","1","Information","Microsoft-Windows-PCI","[PDO] (0x0000.0x1e.0x00): Finish state transition to STARTED"
"12-06-2026 09:54:25","1","Information","Microsoft-Windows-PCI","[PDO] (0x0000.0x14.0x03): Finish state transition to STARTED"
"12-06-2026 09:54:25","1","Information","Microsoft-Windows-PCI","[PDO] (0x0000.0x15.0x03): Finish state transition to STARTED"
"12-06-2026 09:54:25","1","Information","Microsoft-Windows-PCI","[PDO] (0x0000.0x15.0x00): Finish state transition to STARTED"
"12-06-2026 09:54:25","1","Information","Microsoft-Windows-PCI","[PDO] (0x0000.0x1f.0x03): Finish state transition to STARTED"
"12-06-2026 09:54:25","1","Information","Microsoft-Windows-PCI","[PDO] (0x0000.0x12.0x00): Finish state transition to STARTED"
"12-06-2026 09:54:25","1","Information","Microsoft-Windows-PCI","[PDO] (0x0000.0x15.0x00): Begin state transition from UNINITIALIZED to STARTED"
"12-06-2026 09:54:25","1","Information","Microsoft-Windows-PCI","[PDO] (0x0000.0x1f.0x03): Begin state transition from UNINITIALIZED to STARTED"
"12-06-2026 09:54:25","1","Information","Microsoft-Windows-PCI","[PDO] (0x0000.0x15.0x03): Begin state transition from UNINITIALIZED to STARTED"
"12-06-2026 09:54:25","1","Information","Microsoft-Windows-PCI","[PDO] (0x0000.0x1e.0x00): Begin state transition from UNINITIALIZED to STARTED"
"12-06-2026 09:54:25","1","Information","Microsoft-Windows-PCI","[PDO] (0x0000.0x14.0x03): Begin state transition from UNINITIALIZED to STARTED"
"12-06-2026 09:54:25","1","Information","Microsoft-Windows-PCI","[PDO] (0x0000.0x12.0x00): Begin state transition from UNINITIALIZED to STARTED"
"12-06-2026 09:54:24","1","Information","Microsoft-Windows-PCI","[PDO] (0x0000.0x0b.0x00): Finish state transition to STARTED"
"12-06-2026 09:54:24","1","Information","Microsoft-Windows-PCI","[PDO] (0x0000.0x08.0x00): Finish state transition to STARTED"
"12-06-2026 09:54:24","1","Information","Microsoft-Windows-PCI","[PDO] (0x0000.0x0b.0x00): Begin state transition from UNINITIALIZED to STARTED"
"12-06-2026 09:54:24","1","Information","Microsoft-Windows-PCI","[PDO] (0x0000.0x08.0x00): Begin state transition from UNINITIALIZED to STARTED"
"12-06-2026 09:54:24","1","Information","Microsoft-Windows-PCI","[PDO] (0x0000.0x0d.0x03): Finish state transition to STARTED"
"12-06-2026 09:54:24","1","Information","Microsoft-Windows-PCI","[PDO] (0x0000.0x16.0x00): Finish state transition to STARTED"
"12-06-2026 09:54:24","1","Information","Microsoft-Windows-PCI","[PDO] (0x0000.0x1f.0x06): Finish state transition to STARTED"
"12-06-2026 09:54:24","1","Information","Microsoft-Windows-PCI","[PDO] (0x0000.0x0d.0x00): Finish state transition to STARTED"
"12-06-2026 09:54:24","1","Information","Microsoft-Windows-PCI","[PDO] (0x0000.0x14.0x00): Finish state transition to STARTED"
"12-06-2026 09:54:24","1","Information","Microsoft-Windows-PCI","[PDO] (0x0000.0x1f.0x06): Begin state transition from UNINITIALIZED to STARTED"
"12-06-2026 09:54:24","1","Information","Microsoft-Windows-PCI","[PDO] (0x0000.0x0d.0x03): Begin state transition from UNINITIALIZED to STARTED"
"12-06-2026 09:54:24","1","Information","Microsoft-Windows-PCI","[PDO] (0x0000.0x0d.0x00): Begin state transition from UNINITIALIZED to STARTED"
"12-06-2026 09:54:24","1","Information","Microsoft-Windows-PCI","[PDO] (0x0000.0x14.0x00): Begin state transition from UNINITIALIZED to STARTED"
"12-06-2026 09:54:24","1","Information","Microsoft-Windows-PCI","[PDO] (0x0000.0x16.0x00): Begin state transition from UNINITIALIZED to STARTED"
"12-06-2026 09:54:24","1","Information","Microsoft-Windows-PCI","[PDO] (0x0000.0x02.0x00): Finish state transition to STARTED"
"12-06-2026 09:54:24","1","Information","Microsoft-Windows-PCI","[PDO] (0x0000.0x02.0x00): Begin state transition from UNINITIALIZED to STARTED"
"12-06-2026 09:54:22","1","Information","Microsoft-Windows-PCI","[PDO] (0x0000.0x0a.0x00): Finish state transition to STARTED"
"12-06-2026 09:54:21","1","Information","Microsoft-Windows-PCI","[PDO] (0x0000.0x0a.0x00): Begin state transition from UNINITIALIZED to STARTED"
"12-06-2026 09:54:21","1","Information","Microsoft-Windows-PCI","[PDO] (0x0000.0x0e.0x00): Finish state transition to STARTED"
"12-06-2026 09:54:21","1","Information","Microsoft-Windows-PCI","[PDO] (0x0000.0x0e.0x00): Begin state transition from UNINITIALIZED to STARTED"
"12-06-2026 09:54:21","1","Information","Microsoft-Windows-PCI","[PDO] (0x0000.0x1f.0x00): Finish state transition to STARTED"
"12-06-2026 09:54:21","1","Information","Microsoft-Windows-PCI","[PDO] (0x0000.0x1f.0x00): Begin state transition from UNINITIALIZED to STARTED"
"12-06-2026 09:54:21","1","Information","Microsoft-Windows-PCI","[PDO] (0x0000.0x00.0x00): Finish state transition to STARTED"
"12-06-2026 09:54:21","1","Information","Microsoft-Windows-PCI","[PDO] (0x0000.0x00.0x00): Begin state transition from UNINITIALIZED to STARTED"
"12-06-2026 09:54:21","1","Information","Microsoft-Windows-PCI","[ROOT] (Bus 0x0000): Finish state transition to STARTED"
"12-06-2026 09:54:21","1","Information","Microsoft-Windows-PCI","[ROOT] (Bus 0x0000): Begin state transition from UNINITIALIZED to STARTED"
"12-06-2026 09:19:56","1","Information","Microsoft-Windows-PCI","[PDO] (0x0000.0x14.0x03): Finish state transition to STARTED"
"12-06-2026 09:19:56","1","Information","Microsoft-Windows-PCI","[PDO] (0x0000.0x14.0x03): Begin state transition from UNINITIALIZED to STARTED"
"12-06-2026 09:19:56","1","Information","Microsoft-Windows-PCI","[PDO] (0x0000.0x14.0x03): Finish state transition to UNINITIALIZED"
"12-06-2026 09:19:55","1","Information","Microsoft-Windows-PCI","[PDO] (0x0000.0x14.0x03): Begin state transition from STARTED to UNINITIALIZED"
"08-06-2026 19:13:52","1","Information","Microsoft-Windows-PCI","[PDO] (0x0000.0x04.0x00): Finish state transition to STARTED"
"08-06-2026 19:13:51","1","Information","Microsoft-Windows-PCI","[PDO] (0x0000.0x04.0x00): Begin state transition from UNINITIALIZED to STARTED"
"08-06-2026 19:13:44","1","Information","Microsoft-Windows-PCI","[FDO] (0x0000.0x07.0x03) (Bus 0x002b): Finish state transition to STARTED"
"08-06-2026 19:13:44","1","Information","Microsoft-Windows-PCI","[FDO] (0x0000.0x07.0x03) (Bus 0x002b): Begin state transition from UNINITIALIZED to STARTED"
"08-06-2026 19:13:44","1","Information","Microsoft-Windows-PCI","[PDO] (0x0000.0x07.0x03): Finish state transition to STARTED"
"08-06-2026 19:13:44","1","Information","Microsoft-Windows-PCI","[PDO] (0x0000.0x07.0x03): Begin state transition from UNINITIALIZED to STARTED"
"08-06-2026 19:13:44","1","Information","Microsoft-Windows-PCI","[FDO] (0x0000.0x07.0x00) (Bus 0x0001): Finish state transition to STARTED"
"08-06-2026 19:13:44","1","Information","Microsoft-Windows-PCI","[FDO] (0x0000.0x07.0x00) (Bus 0x0001): Begin state transition from UNINITIALIZED to STARTED"
"08-06-2026 19:13:44","1","Information","Microsoft-Windows-PCI","[PDO] (0x0000.0x07.0x00): Finish state transition to STARTED"
"08-06-2026 19:13:44","1","Information","Microsoft-Windows-PCI","[PDO] (0x0000.0x07.0x00): Begin state transition from UNINITIALIZED to STARTED"
"08-06-2026 19:13:43","1","Information","Microsoft-Windows-PCI","[PDO] (0x0000.0x14.0x03): Finish state transition to STARTED"
"08-06-2026 19:13:43","1","Information","Microsoft-Windows-PCI","[PDO] (0x0000.0x1e.0x00): Finish state transition to STARTED"
"08-06-2026 19:13:43","1","Information","Microsoft-Windows-PCI","[PDO] (0x0000.0x1f.0x03): Finish state transition to STARTED"
"08-06-2026 19:13:43","1","Information","Microsoft-Windows-PCI","[PDO] (0x0000.0x12.0x00): Finish state transition to STARTED"
"08-06-2026 19:13:43","1","Information","Microsoft-Windows-PCI","[PDO] (0x0000.0x15.0x03): Finish state transition to STARTED"
"08-06-2026 19:13:43","1","Information","Microsoft-Windows-PCI","[PDO] (0x0000.0x15.0x00): Finish state transition to STARTED"
"08-06-2026 19:13:43","1","Information","Microsoft-Windows-PCI","[PDO] (0x0000.0x1f.0x03): Begin state transition from UNINITIALIZED to STARTED"
"08-06-2026 19:13:43","1","Information","Microsoft-Windows-PCI","[PDO] (0x0000.0x15.0x03): Begin state transition from UNINITIALIZED to STARTED"
"08-06-2026 19:13:43","1","Information","Microsoft-Windows-PCI","[PDO] (0x0000.0x14.0x03): Begin state transition from UNINITIALIZED to STARTED"
"08-06-2026 19:13:43","1","Information","Microsoft-Windows-PCI","[PDO] (0x0000.0x1e.0x00): Begin state transition from UNINITIALIZED to STARTED"
"08-06-2026 19:13:43","1","Information","Microsoft-Windows-PCI","[PDO] (0x0000.0x15.0x00): Begin state transition from UNINITIALIZED to STARTED"
"08-06-2026 19:13:43","1","Information","Microsoft-Windows-PCI","[PDO] (0x0000.0x12.0x00): Begin state transition from UNINITIALIZED to STARTED"
"08-06-2026 19:13:42","1","Information","Microsoft-Windows-PCI","[PDO] (0x0000.0x08.0x00): Finish state transition to STARTED"
"08-06-2026 19:13:42","1","Information","Microsoft-Windows-PCI","[PDO] (0x0000.0x0b.0x00): Finish state transition to STARTED"
"08-06-2026 19:13:42","1","Information","Microsoft-Windows-PCI","[PDO] (0x0000.0x0b.0x00): Begin state transition from UNINITIALIZED to STARTED"
"08-06-2026 19:13:42","1","Information","Microsoft-Windows-PCI","[PDO] (0x0000.0x08.0x00): Begin state transition from UNINITIALIZED to STARTED"
"08-06-2026 19:13:42","1","Information","Microsoft-Windows-PCI","[PDO] (0x0000.0x14.0x00): Finish state transition to STARTED"
"08-06-2026 19:13:42","1","Information","Microsoft-Windows-PCI","[PDO] (0x0000.0x0d.0x03): Finish state transition to STARTED"
"08-06-2026 19:13:42","1","Information","Microsoft-Windows-PCI","[PDO] (0x0000.0x16.0x00): Finish state transition to STARTED"
"08-06-2026 19:13:42","1","Information","Microsoft-Windows-PCI","[PDO] (0x0000.0x1f.0x06): Finish state transition to STARTED"
"08-06-2026 19:13:42","1","Information","Microsoft-Windows-PCI","[PDO] (0x0000.0x0d.0x00): Finish state transition to STARTED"
"08-06-2026 19:13:42","1","Information","Microsoft-Windows-PCI","[PDO] (0x0000.0x1f.0x06): Begin state transition from UNINITIALIZED to STARTED"
"08-06-2026 19:13:42","1","Information","Microsoft-Windows-PCI","[PDO] (0x0000.0x0d.0x03): Begin state transition from UNINITIALIZED to STARTED"
"08-06-2026 19:13:42","1","Information","Microsoft-Windows-PCI","[PDO] (0x0000.0x0d.0x00): Begin state transition from UNINITIALIZED to STARTED"
"08-06-2026 19:13:42","1","Information","Microsoft-Windows-PCI","[PDO] (0x0000.0x14.0x00): Begin state transition from UNINITIALIZED to STARTED"
"08-06-2026 19:13:42","1","Information","Microsoft-Windows-PCI","[PDO] (0x0000.0x16.0x00): Begin state transition from UNINITIALIZED to STARTED"
"08-06-2026 19:13:42","1","Information","Microsoft-Windows-PCI","[PDO] (0x0000.0x02.0x00): Finish state transition to STARTED"
"08-06-2026 19:13:42","1","Information","Microsoft-Windows-PCI","[PDO] (0x0000.0x02.0x00): Begin state transition from UNINITIALIZED to STARTED"
"08-06-2026 19:13:39","1","Information","Microsoft-Windows-PCI","[PDO] (0x0000.0x0a.0x00): Finish state transition to STARTED"
"08-06-2026 19:13:39","1","Information","Microsoft-Windows-PCI","[PDO] (0x0000.0x0a.0x00): Begin state transition from UNINITIALIZED to STARTED"
"08-06-2026 19:13:39","1","Information","Microsoft-Windows-PCI","[PDO] (0x0000.0x0e.0x00): Finish state transition to STARTED"
"08-06-2026 19:13:39","1","Information","Microsoft-Windows-PCI","[PDO] (0x0000.0x0e.0x00): Begin state transition from UNINITIALIZED to STARTED"
"08-06-2026 19:13:39","1","Information","Microsoft-Windows-PCI","[PDO] (0x0000.0x1f.0x00): Finish state transition to STARTED"
"08-06-2026 19:13:39","1","Information","Microsoft-Windows-PCI","[PDO] (0x0000.0x00.0x00): Finish state transition to STARTED"
"08-06-2026 19:13:39","1","Information","Microsoft-Windows-PCI","[PDO] (0x0000.0x1f.0x00): Begin state transition from UNINITIALIZED to STARTED"
"08-06-2026 19:13:39","1","Information","Microsoft-Windows-PCI","[PDO] (0x0000.0x00.0x00): Begin state transition from UNINITIALIZED to STARTED"
"08-06-2026 19:13:39","1","Information","Microsoft-Windows-PCI","[ROOT] (Bus 0x0000): Finish state transition to STARTED"
"08-06-2026 19:13:39","1","Information","Microsoft-Windows-PCI","[ROOT] (Bus 0x0000): Begin state transition from UNINITIALIZED to STARTED"
"08-06-2026 16:56:21","1","Information","Microsoft-Windows-PCI","[PDO] (0x0000.0x02.0x00): Finish state transition to STARTED"
"08-06-2026 16:56:21","1","Information","Microsoft-Windows-PCI","[PDO] (0x0000.0x02.0x00): Begin state transition from UNINITIALIZED to STARTED"
"08-06-2026 16:56:21","1","Information","Microsoft-Windows-PCI","[PDO] (0x0000.0x02.0x00): Finish state transition to UNINITIALIZED"
"08-06-2026 16:56:20","1","Information","Microsoft-Windows-PCI","[PDO] (0x0000.0x02.0x00): Begin state transition from STARTED to UNINITIALIZED"
"08-06-2026 16:55:49","1","Information","Microsoft-Windows-PCI","[PDO] (0x0000.0x1f.0x03): Finish state transition to STARTED"
"08-06-2026 16:55:49","1","Information","Microsoft-Windows-PCI","[PDO] (0x0000.0x1f.0x03): Begin state transition from UNINITIALIZED to STARTED"
"08-06-2026 16:55:49","1","Information","Microsoft-Windows-PCI","[PDO] (0x0000.0x1f.0x03): Finish state transition to UNINITIALIZED"
"08-06-2026 16:55:48","1","Information","Microsoft-Windows-PCI","[PDO] (0x0000.0x1f.0x03): Begin state transition from STARTED to UNINITIALIZED"
"08-06-2026 16:55:42","2","Warning","Microsoft-Windows-PCI","[PDO] (0x0000.0x1f.0x03): Cancel state transition to UNINITIALIZED, status=0x0"
"08-06-2026 16:55:33","1","Information","Microsoft-Windows-PCI","[PDO] (0x0000.0x1f.0x03): Begin state transition from STARTED to UNINITIALIZED"
"08-06-2026 16:55:26","1","Information","Microsoft-Windows-PCI","[PDO] (0x0000.0x02.0x00): Finish state transition to STARTED"
"08-06-2026 16:55:26","1","Information","Microsoft-Windows-PCI","[PDO] (0x0000.0x02.0x00): Begin state transition from UNINITIALIZED to STARTED"
"08-06-2026 16:55:25","1","Information","Microsoft-Windows-PCI","[PDO] (0x0000.0x02.0x00): Finish state transition to UNINITIALIZED"
"08-06-2026 16:55:22","1","Information","Microsoft-Windows-PCI","[PDO] (0x0000.0x02.0x00): Begin state transition from STARTED to UNINITIALIZED"
"08-06-2026 09:40:06","1","Information","Microsoft-Windows-PCI","[PDO] (0x0000.0x04.0x00): Finish state transition to STARTED"
"08-06-2026 09:40:06","1","Information","Microsoft-Windows-PCI","[PDO] (0x0000.0x04.0x00): Begin state transition from UNINITIALIZED to STARTED"
"08-06-2026 09:40:00","1","Information","Microsoft-Windows-PCI","[FDO] (0x0000.0x07.0x03) (Bus 0x002b): Finish state transition to STARTED"
"08-06-2026 09:40:00","1","Information","Microsoft-Windows-PCI","[FDO] (0x0000.0x07.0x03) (Bus 0x002b): Begin state transition from UNINITIALIZED to STARTED"
"08-06-2026 09:40:00","1","Information","Microsoft-Windows-PCI","[PDO] (0x0000.0x07.0x03): Finish state transition to STARTED"
"08-06-2026 09:40:00","1","Information","Microsoft-Windows-PCI","[PDO] (0x0000.0x07.0x03): Begin state transition from UNINITIALIZED to STARTED"
"08-06-2026 09:40:00","1","Information","Microsoft-Windows-PCI","[FDO] (0x0000.0x07.0x00) (Bus 0x0001): Finish state transition to STARTED"
"08-06-2026 09:40:00","1","Information","Microsoft-Windows-PCI","[FDO] (0x0000.0x07.0x00) (Bus 0x0001): Begin state transition from UNINITIALIZED to STARTED"
"08-06-2026 09:40:00","1","Information","Microsoft-Windows-PCI","[PDO] (0x0000.0x07.0x00): Finish state transition to STARTED"
"08-06-2026 09:40:00","1","Information","Microsoft-Windows-PCI","[PDO] (0x0000.0x07.0x00): Begin state transition from UNINITIALIZED to STARTED"
"08-06-2026 09:39:59","1","Information","Microsoft-Windows-PCI","[PDO] (0x0000.0x14.0x03): Finish state transition to STARTED"
"08-06-2026 09:39:59","1","Information","Microsoft-Windows-PCI","[PDO] (0x0000.0x1e.0x00): Finish state transition to STARTED"
"08-06-2026 09:39:59","1","Information","Microsoft-Windows-PCI","[PDO] (0x0000.0x12.0x00): Finish state transition to STARTED"
"08-06-2026 09:39:59","1","Information","Microsoft-Windows-PCI","[PDO] (0x0000.0x15.0x00): Finish state transition to STARTED"
"08-06-2026 09:39:59","1","Information","Microsoft-Windows-PCI","[PDO] (0x0000.0x15.0x03): Finish state transition to STARTED"
"08-06-2026 09:39:59","1","Information","Microsoft-Windows-PCI","[PDO] (0x0000.0x1f.0x03): Finish state transition to STARTED"
"08-06-2026 09:39:59","1","Information","Microsoft-Windows-PCI","[PDO] (0x0000.0x1f.0x03): Begin state transition from UNINITIALIZED to STARTED"
"08-06-2026 09:39:59","1","Information","Microsoft-Windows-PCI","[PDO] (0x0000.0x1e.0x00): Begin state transition from UNINITIALIZED to STARTED"
"08-06-2026 09:39:59","1","Information","Microsoft-Windows-PCI","[PDO] (0x0000.0x15.0x03): Begin state transition from UNINITIALIZED to STARTED"
"08-06-2026 09:39:59","1","Information","Microsoft-Windows-PCI","[PDO] (0x0000.0x15.0x00): Begin state transition from UNINITIALIZED to STARTED"
"08-06-2026 09:39:59","1","Information","Microsoft-Windows-PCI","[PDO] (0x0000.0x14.0x03): Begin state transition from UNINITIALIZED to STARTED"
"08-06-2026 09:39:59","1","Information","Microsoft-Windows-PCI","[PDO] (0x0000.0x12.0x00): Begin state transition from UNINITIALIZED to STARTED"
"08-06-2026 09:39:59","1","Information","Microsoft-Windows-PCI","[PDO] (0x0000.0x0b.0x00): Finish state transition to STARTED"
"08-06-2026 09:39:59","1","Information","Microsoft-Windows-PCI","[PDO] (0x0000.0x08.0x00): Finish state transition to STARTED"
"08-06-2026 09:39:59","1","Information","Microsoft-Windows-PCI","[PDO] (0x0000.0x0b.0x00): Begin state transition from UNINITIALIZED to STARTED"
"08-06-2026 09:39:59","1","Information","Microsoft-Windows-PCI","[PDO] (0x0000.0x08.0x00): Begin state transition from UNINITIALIZED to STARTED"
"08-06-2026 09:39:58","1","Information","Microsoft-Windows-PCI","[PDO] (0x0000.0x0d.0x03): Finish state transition to STARTED"
"08-06-2026 09:39:58","1","Information","Microsoft-Windows-PCI","[PDO] (0x0000.0x1f.0x06): Finish state transition to STARTED"
"08-06-2026 09:39:58","1","Information","Microsoft-Windows-PCI","[PDO] (0x0000.0x14.0x00): Finish state transition to STARTED"
"08-06-2026 09:39:58","1","Information","Microsoft-Windows-PCI","[PDO] (0x0000.0x16.0x00): Finish state transition to STARTED"
"08-06-2026 09:39:58","1","Information","Microsoft-Windows-PCI","[PDO] (0x0000.0x0d.0x00): Finish state transition to STARTED"
"08-06-2026 09:39:58","1","Information","Microsoft-Windows-PCI","[PDO] (0x0000.0x1f.0x06): Begin state transition from UNINITIALIZED to STARTED"
"08-06-2026 09:39:58","1","Information","Microsoft-Windows-PCI","[PDO] (0x0000.0x0d.0x03): Begin state transition from UNINITIALIZED to STARTED"
"08-06-2026 09:39:58","1","Information","Microsoft-Windows-PCI","[PDO] (0x0000.0x0d.0x00): Begin state transition from UNINITIALIZED to STARTED"
"08-06-2026 09:39:58","1","Information","Microsoft-Windows-PCI","[PDO] (0x0000.0x14.0x00): Begin state transition from UNINITIALIZED to STARTED"
"08-06-2026 09:39:58","1","Information","Microsoft-Windows-PCI","[PDO] (0x0000.0x16.0x00): Begin state transition from UNINITIALIZED to STARTED"
"08-06-2026 09:39:58","1","Information","Microsoft-Windows-PCI","[PDO] (0x0000.0x02.0x00): Finish state transition to STARTED"
"08-06-2026 09:39:58","1","Information","Microsoft-Windows-PCI","[PDO] (0x0000.0x02.0x00): Begin state transition from UNINITIALIZED to STARTED"
"08-06-2026 09:39:55","1","Information","Microsoft-Windows-PCI","[PDO] (0x0000.0x0a.0x00): Finish state transition to STARTED"
"08-06-2026 09:39:55","1","Information","Microsoft-Windows-PCI","[PDO] (0x0000.0x0a.0x00): Begin state transition from UNINITIALIZED to STARTED"
"08-06-2026 09:39:55","1","Information","Microsoft-Windows-PCI","[PDO] (0x0000.0x0e.0x00): Finish state transition to STARTED"
"08-06-2026 09:39:55","1","Information","Microsoft-Windows-PCI","[PDO] (0x0000.0x0e.0x00): Begin state transition from UNINITIALIZED to STARTED"
"08-06-2026 09:39:55","1","Information","Microsoft-Windows-PCI","[PDO] (0x0000.0x1f.0x00): Finish state transition to STARTED"
"08-06-2026 09:39:55","1","Information","Microsoft-Windows-PCI","[PDO] (0x0000.0x00.0x00): Finish state transition to STARTED"
"08-06-2026 09:39:55","1","Information","Microsoft-Windows-PCI","[PDO] (0x0000.0x1f.0x00): Begin state transition from UNINITIALIZED to STARTED"
"08-06-2026 09:39:55","1","Information","Microsoft-Windows-PCI","[PDO] (0x0000.0x00.0x00): Begin state transition from UNINITIALIZED to STARTED"
"08-06-2026 09:39:55","1","Information","Microsoft-Windows-PCI","[ROOT] (Bus 0x0000): Finish state transition to STARTED"
"08-06-2026 09:39:55","1","Information","Microsoft-Windows-PCI","[ROOT] (Bus 0x0000): Begin state transition from UNINITIALIZED to STARTED"
"05-06-2026 11:32:05","1","Information","Microsoft-Windows-PCI","[PDO] (0x0000.0x02.0x00): Finish state transition to STARTED"
"05-06-2026 11:32:05","1","Information","Microsoft-Windows-PCI","[PDO] (0x0000.0x02.0x00): Begin state transition from UNINITIALIZED to STARTED"
"05-06-2026 11:32:04","1","Information","Microsoft-Windows-PCI","[PDO] (0x0000.0x02.0x00): Finish state transition to UNINITIALIZED"
"05-06-2026 11:32:01","1","Information","Microsoft-Windows-PCI","[PDO] (0x0000.0x02.0x00): Begin state transition from STARTED to UNINITIALIZED"
"03-06-2026 10:14:03","1","Information","Microsoft-Windows-PCI","[PDO] (0x0000.0x04.0x00): Finish state transition to STARTED"
"03-06-2026 10:14:03","1","Information","Microsoft-Windows-PCI","[PDO] (0x0000.0x04.0x00): Begin state transition from UNINITIALIZED to STARTED"
"03-06-2026 10:13:57","1","Information","Microsoft-Windows-PCI","[FDO] (0x0000.0x07.0x03) (Bus 0x002b): Finish state transition to STARTED"
"03-06-2026 10:13:57","1","Information","Microsoft-Windows-PCI","[FDO] (0x0000.0x07.0x03) (Bus 0x002b): Begin state transition from UNINITIALIZED to STARTED"
"03-06-2026 10:13:57","1","Information","Microsoft-Windows-PCI","[PDO] (0x0000.0x07.0x03): Finish state transition to STARTED"
"03-06-2026 10:13:57","1","Information","Microsoft-Windows-PCI","[PDO] (0x0000.0x07.0x03): Begin state transition from UNINITIALIZED to STARTED"
"03-06-2026 10:13:57","1","Information","Microsoft-Windows-PCI","[FDO] (0x0000.0x07.0x00) (Bus 0x0001): Finish state transition to STARTED"
"03-06-2026 10:13:57","1","Information","Microsoft-Windows-PCI","[FDO] (0x0000.0x07.0x00) (Bus 0x0001): Begin state transition from UNINITIALIZED to STARTED"
"03-06-2026 10:13:57","1","Information","Microsoft-Windows-PCI","[PDO] (0x0000.0x07.0x00): Finish state transition to STARTED"
"03-06-2026 10:13:57","1","Information","Microsoft-Windows-PCI","[PDO] (0x0000.0x07.0x00): Begin state transition from UNINITIALIZED to STARTED"
"03-06-2026 10:13:56","1","Information","Microsoft-Windows-PCI","[PDO] (0x0000.0x14.0x03): Finish state transition to STARTED"
"03-06-2026 10:13:56","1","Information","Microsoft-Windows-PCI","[PDO] (0x0000.0x15.0x03): Finish state transition to STARTED"
"03-06-2026 10:13:56","1","Information","Microsoft-Windows-PCI","[PDO] (0x0000.0x1e.0x00): Finish state transition to STARTED"
"03-06-2026 10:13:56","1","Information","Microsoft-Windows-PCI","[PDO] (0x0000.0x12.0x00): Finish state transition to STARTED"
"03-06-2026 10:13:56","1","Information","Microsoft-Windows-PCI","[PDO] (0x0000.0x1f.0x03): Finish state transition to STARTED"
"03-06-2026 10:13:56","1","Information","Microsoft-Windows-PCI","[PDO] (0x0000.0x15.0x00): Finish state transition to STARTED"
"03-06-2026 10:13:56","1","Information","Microsoft-Windows-PCI","[PDO] (0x0000.0x1e.0x00): Begin state transition from UNINITIALIZED to STARTED"
"03-06-2026 10:13:56","1","Information","Microsoft-Windows-PCI","[PDO] (0x0000.0x1f.0x03): Begin state transition from UNINITIALIZED to STARTED"
"03-06-2026 10:13:56","1","Information","Microsoft-Windows-PCI","[PDO] (0x0000.0x15.0x03): Begin state transition from UNINITIALIZED to STARTED"
"03-06-2026 10:13:56","1","Information","Microsoft-Windows-PCI","[PDO] (0x0000.0x14.0x03): Begin state transition from UNINITIALIZED to STARTED"
"03-06-2026 10:13:56","1","Information","Microsoft-Windows-PCI","[PDO] (0x0000.0x15.0x00): Begin state transition from UNINITIALIZED to STARTED"
"03-06-2026 10:13:56","1","Information","Microsoft-Windows-PCI","[PDO] (0x0000.0x12.0x00): Begin state transition from UNINITIALIZED to STARTED"
"03-06-2026 10:13:56","1","Information","Microsoft-Windows-PCI","[PDO] (0x0000.0x08.0x00): Finish state transition to STARTED"
"03-06-2026 10:13:56","1","Information","Microsoft-Windows-PCI","[PDO] (0x0000.0x0b.0x00): Finish state transition to STARTED"
"03-06-2026 10:13:56","1","Information","Microsoft-Windows-PCI","[PDO] (0x0000.0x0b.0x00): Begin state transition from UNINITIALIZED to STARTED"
"03-06-2026 10:13:56","1","Information","Microsoft-Windows-PCI","[PDO] (0x0000.0x08.0x00): Begin state transition from UNINITIALIZED to STARTED"
"03-06-2026 10:13:55","1","Information","Microsoft-Windows-PCI","[PDO] (0x0000.0x0d.0x03): Finish state transition to STARTED"
"03-06-2026 10:13:55","1","Information","Microsoft-Windows-PCI","[PDO] (0x0000.0x0d.0x00): Finish state transition to STARTED"
"03-06-2026 10:13:55","1","Information","Microsoft-Windows-PCI","[PDO] (0x0000.0x14.0x00): Finish state transition to STARTED"
"03-06-2026 10:13:55","1","Information","Microsoft-Windows-PCI","[PDO] (0x0000.0x16.0x00): Finish state transition to STARTED"
"03-06-2026 10:13:55","1","Information","Microsoft-Windows-PCI","[PDO] (0x0000.0x1f.0x06): Finish state transition to STARTED"
"03-06-2026 10:13:55","1","Information","Microsoft-Windows-PCI","[PDO] (0x0000.0x1f.0x06): Begin state transition from UNINITIALIZED to STARTED"
"03-06-2026 10:13:55","1","Information","Microsoft-Windows-PCI","[PDO] (0x0000.0x0d.0x03): Begin state transition from UNINITIALIZED to STARTED"
"03-06-2026 10:13:55","1","Information","Microsoft-Windows-PCI","[PDO] (0x0000.0x0d.0x00): Begin state transition from UNINITIALIZED to STARTED"
"03-06-2026 10:13:55","1","Information","Microsoft-Windows-PCI","[PDO] (0x0000.0x14.0x00): Begin state transition from UNINITIALIZED to STARTED"
"03-06-2026 10:13:55","1","Information","Microsoft-Windows-PCI","[PDO] (0x0000.0x16.0x00): Begin state transition from UNINITIALIZED to STARTED"
"03-06-2026 10:13:55","1","Information","Microsoft-Windows-PCI","[PDO] (0x0000.0x02.0x00): Finish state transition to STARTED"
"03-06-2026 10:13:55","1","Information","Microsoft-Windows-PCI","[PDO] (0x0000.0x02.0x00): Begin state transition from UNINITIALIZED to STARTED"
"03-06-2026 10:13:53","1","Information","Microsoft-Windows-PCI","[PDO] (0x0000.0x0a.0x00): Finish state transition to STARTED"
"03-06-2026 10:13:53","1","Information","Microsoft-Windows-PCI","[PDO] (0x0000.0x0a.0x00): Begin state transition from UNINITIALIZED to STARTED"
"03-06-2026 10:13:53","1","Information","Microsoft-Windows-PCI","[PDO] (0x0000.0x0e.0x00): Finish state transition to STARTED"
"03-06-2026 10:13:53","1","Information","Microsoft-Windows-PCI","[PDO] (0x0000.0x0e.0x00): Begin state transition from UNINITIALIZED to STARTED"
"03-06-2026 10:13:53","1","Information","Microsoft-Windows-PCI","[PDO] (0x0000.0x1f.0x00): Finish state transition to STARTED"
"03-06-2026 10:13:53","1","Information","Microsoft-Windows-PCI","[PDO] (0x0000.0x1f.0x00): Begin state transition from UNINITIALIZED to STARTED"
"03-06-2026 10:13:53","1","Information","Microsoft-Windows-PCI","[PDO] (0x0000.0x00.0x00): Finish state transition to STARTED"
"03-06-2026 10:13:53","1","Information","Microsoft-Windows-PCI","[PDO] (0x0000.0x00.0x00): Begin state transition from UNINITIALIZED to STARTED"
"03-06-2026 10:13:53","1","Information","Microsoft-Windows-PCI","[ROOT] (Bus 0x0000): Finish state transition to STARTED"
"03-06-2026 10:13:53","1","Information","Microsoft-Windows-PCI","[ROOT] (Bus 0x0000): Begin state transition from UNINITIALIZED to STARTED"
"03-06-2026 00:13:31","1","Information","Microsoft-Windows-PCI","[PDO] (0x0000.0x04.0x00): Finish state transition to STARTED"
"03-06-2026 00:13:31","1","Information","Microsoft-Windows-PCI","[PDO] (0x0000.0x04.0x00): Begin state transition from UNINITIALIZED to STARTED"
"03-06-2026 00:13:27","1","Information","Microsoft-Windows-PCI","[FDO] (0x0000.0x07.0x03) (Bus 0x002b): Finish state transition to STARTED"
"03-06-2026 00:13:27","1","Information","Microsoft-Windows-PCI","[FDO] (0x0000.0x07.0x03) (Bus 0x002b): Begin state transition from UNINITIALIZED to STARTED"
"03-06-2026 00:13:27","1","Information","Microsoft-Windows-PCI","[PDO] (0x0000.0x07.0x03): Finish state transition to STARTED"
"03-06-2026 00:13:27","1","Information","Microsoft-Windows-PCI","[PDO] (0x0000.0x07.0x03): Begin state transition from UNINITIALIZED to STARTED"
"03-06-2026 00:13:26","1","Information","Microsoft-Windows-PCI","[FDO] (0x0000.0x07.0x00) (Bus 0x0001): Finish state transition to STARTED"
"03-06-2026 00:13:26","1","Information","Microsoft-Windows-PCI","[FDO] (0x0000.0x07.0x00) (Bus 0x0001): Begin state transition from UNINITIALIZED to STARTED"
"03-06-2026 00:13:26","1","Information","Microsoft-Windows-PCI","[PDO] (0x0000.0x07.0x00): Finish state transition to STARTED"
"03-06-2026 00:13:26","1","Information","Microsoft-Windows-PCI","[PDO] (0x0000.0x07.0x00): Begin state transition from UNINITIALIZED to STARTED"
"03-06-2026 00:13:26","1","Information","Microsoft-Windows-PCI","[PDO] (0x0000.0x1f.0x03): Finish state transition to STARTED"
"03-06-2026 00:13:26","1","Information","Microsoft-Windows-PCI","[PDO] (0x0000.0x14.0x03): Finish state transition to STARTED"
"03-06-2026 00:13:26","1","Information","Microsoft-Windows-PCI","[PDO] (0x0000.0x12.0x00): Finish state transition to STARTED"
"03-06-2026 00:13:26","1","Information","Microsoft-Windows-PCI","[PDO] (0x0000.0x15.0x03): Finish state transition to STARTED"
"03-06-2026 00:13:26","1","Information","Microsoft-Windows-PCI","[PDO] (0x0000.0x15.0x00): Finish state transition to STARTED"
"03-06-2026 00:13:26","1","Information","Microsoft-Windows-PCI","[PDO] (0x0000.0x1e.0x00): Finish state transition to STARTED"
"03-06-2026 00:13:26","1","Information","Microsoft-Windows-PCI","[PDO] (0x0000.0x1f.0x03): Begin state transition from UNINITIALIZED to STARTED"
"03-06-2026 00:13:26","1","Information","Microsoft-Windows-PCI","[PDO] (0x0000.0x1e.0x00): Begin state transition from UNINITIALIZED to STARTED"
"03-06-2026 00:13:26","1","Information","Microsoft-Windows-PCI","[PDO] (0x0000.0x14.0x03): Begin state transition from UNINITIALIZED to STARTED"
"03-06-2026 00:13:26","1","Information","Microsoft-Windows-PCI","[PDO] (0x0000.0x15.0x00): Begin state transition from UNINITIALIZED to STARTED"
"03-06-2026 00:13:26","1","Information","Microsoft-Windows-PCI","[PDO] (0x0000.0x15.0x03): Begin state transition from UNINITIALIZED to STARTED"
"03-06-2026 00:13:26","1","Information","Microsoft-Windows-PCI","[PDO] (0x0000.0x12.0x00): Begin state transition from UNINITIALIZED to STARTED"
"03-06-2026 00:13:25","1","Information","Microsoft-Windows-PCI","[PDO] (0x0000.0x0b.0x00): Finish state transition to STARTED"
"03-06-2026 00:13:25","1","Information","Microsoft-Windows-PCI","[PDO] (0x0000.0x08.0x00): Finish state transition to STARTED"
"03-06-2026 00:13:25","1","Information","Microsoft-Windows-PCI","[PDO] (0x0000.0x0b.0x00): Begin state transition from UNINITIALIZED to STARTED"
"03-06-2026 00:13:25","1","Information","Microsoft-Windows-PCI","[PDO] (0x0000.0x08.0x00): Begin state transition from UNINITIALIZED to STARTED"
"03-06-2026 00:13:25","1","Information","Microsoft-Windows-PCI","[PDO] (0x0000.0x14.0x00): Finish state transition to STARTED"
"03-06-2026 00:13:25","1","Information","Microsoft-Windows-PCI","[PDO] (0x0000.0x1f.0x06): Finish state transition to STARTED"
"03-06-2026 00:13:25","1","Information","Microsoft-Windows-PCI","[PDO] (0x0000.0x0d.0x03): Finish state transition to STARTED"
"03-06-2026 00:13:25","1","Information","Microsoft-Windows-PCI","[PDO] (0x0000.0x16.0x00): Finish state transition to STARTED"
"03-06-2026 00:13:25","1","Information","Microsoft-Windows-PCI","[PDO] (0x0000.0x0d.0x00): Finish state transition to STARTED"
"03-06-2026 00:13:25","1","Information","Microsoft-Windows-PCI","[PDO] (0x0000.0x0d.0x03): Begin state transition from UNINITIALIZED to STARTED"
"03-06-2026 00:13:25","1","Information","Microsoft-Windows-PCI","[PDO] (0x0000.0x1f.0x06): Begin state transition from UNINITIALIZED to STARTED"
"03-06-2026 00:13:25","1","Information","Microsoft-Windows-PCI","[PDO] (0x0000.0x0d.0x00): Begin state transition from UNINITIALIZED to STARTED"
"03-06-2026 00:13:25","1","Information","Microsoft-Windows-PCI","[PDO] (0x0000.0x14.0x00): Begin state transition from UNINITIALIZED to STARTED"
"03-06-2026 00:13:25","1","Information","Microsoft-Windows-PCI","[PDO] (0x0000.0x16.0x00): Begin state transition from UNINITIALIZED to STARTED"
"03-06-2026 00:13:25","1","Information","Microsoft-Windows-PCI","[PDO] (0x0000.0x02.0x00): Finish state transition to STARTED"
"03-06-2026 00:13:25","1","Information","Microsoft-Windows-PCI","[PDO] (0x0000.0x02.0x00): Begin state transition from UNINITIALIZED to STARTED"
"03-06-2026 00:13:23","1","Information","Microsoft-Windows-PCI","[PDO] (0x0000.0x0a.0x00): Finish state transition to STARTED"
"03-06-2026 00:13:23","1","Information","Microsoft-Windows-PCI","[PDO] (0x0000.0x0a.0x00): Begin state transition from UNINITIALIZED to STARTED"
"03-06-2026 00:13:22","1","Information","Microsoft-Windows-PCI","[PDO] (0x0000.0x0e.0x00): Finish state transition to STARTED"
"03-06-2026 00:13:22","1","Information","Microsoft-Windows-PCI","[PDO] (0x0000.0x0e.0x00): Begin state transition from UNINITIALIZED to STARTED"
"03-06-2026 00:13:22","1","Information","Microsoft-Windows-PCI","[PDO] (0x0000.0x1f.0x00): Finish state transition to STARTED"
"03-06-2026 00:13:22","1","Information","Microsoft-Windows-PCI","[PDO] (0x0000.0x00.0x00): Finish state transition to STARTED"
"03-06-2026 00:13:22","1","Information","Microsoft-Windows-PCI","[PDO] (0x0000.0x1f.0x00): Begin state transition from UNINITIALIZED to STARTED"
"03-06-2026 00:13:22","1","Information","Microsoft-Windows-PCI","[PDO] (0x0000.0x00.0x00): Begin state transition from UNINITIALIZED to STARTED"
"03-06-2026 00:13:22","1","Information","Microsoft-Windows-PCI","[ROOT] (Bus 0x0000): Finish state transition to STARTED"
"03-06-2026 00:13:22","1","Information","Microsoft-Windows-PCI","[ROOT] (Bus 0x0000): Begin state transition from UNINITIALIZED to STARTED"
"02-06-2026 10:14:09","1","Information","Microsoft-Windows-PCI","[PDO] (0x0000.0x04.0x00): Finish state transition to STARTED"
"02-06-2026 10:14:09","1","Information","Microsoft-Windows-PCI","[PDO] (0x0000.0x04.0x00): Begin state transition from UNINITIALIZED to STARTED"
"02-06-2026 10:14:01","1","Information","Microsoft-Windows-PCI","[FDO] (0x0000.0x07.0x03) (Bus 0x002b): Finish state transition to STARTED"
"02-06-2026 10:14:01","1","Information","Microsoft-Windows-PCI","[FDO] (0x0000.0x07.0x03) (Bus 0x002b): Begin state transition from UNINITIALIZED to STARTED"
"02-06-2026 10:14:01","1","Information","Microsoft-Windows-PCI","[PDO] (0x0000.0x07.0x03): Finish state transition to STARTED"
"02-06-2026 10:14:01","1","Information","Microsoft-Windows-PCI","[PDO] (0x0000.0x07.0x03): Begin state transition from UNINITIALIZED to STARTED"
"02-06-2026 10:14:01","1","Information","Microsoft-Windows-PCI","[FDO] (0x0000.0x07.0x00) (Bus 0x0001): Finish state transition to STARTED"
"02-06-2026 10:14:01","1","Information","Microsoft-Windows-PCI","[FDO] (0x0000.0x07.0x00) (Bus 0x0001): Begin state transition from UNINITIALIZED to STARTED"
"02-06-2026 10:14:01","1","Information","Microsoft-Windows-PCI","[PDO] (0x0000.0x07.0x00): Finish state transition to STARTED"
"02-06-2026 10:14:01","1","Information","Microsoft-Windows-PCI","[PDO] (0x0000.0x07.0x00): Begin state transition from UNINITIALIZED to STARTED"
"02-06-2026 10:14:00","1","Information","Microsoft-Windows-PCI","[PDO] (0x0000.0x14.0x03): Finish state transition to STARTED"
"02-06-2026 10:14:00","1","Information","Microsoft-Windows-PCI","[PDO] (0x0000.0x15.0x00): Finish state transition to STARTED"
"02-06-2026 10:14:00","1","Information","Microsoft-Windows-PCI","[PDO] (0x0000.0x1e.0x00): Finish state transition to STARTED"
"02-06-2026 10:14:00","1","Information","Microsoft-Windows-PCI","[PDO] (0x0000.0x15.0x03): Finish state transition to STARTED"
"02-06-2026 10:14:00","1","Information","Microsoft-Windows-PCI","[PDO] (0x0000.0x12.0x00): Finish state transition to STARTED"
"02-06-2026 10:14:00","1","Information","Microsoft-Windows-PCI","[PDO] (0x0000.0x1f.0x03): Finish state transition to STARTED"
"02-06-2026 10:14:00","1","Information","Microsoft-Windows-PCI","[PDO] (0x0000.0x15.0x00): Begin state transition from UNINITIALIZED to STARTED"
"02-06-2026 10:14:00","1","Information","Microsoft-Windows-PCI","[PDO] (0x0000.0x1f.0x03): Begin state transition from UNINITIALIZED to STARTED"
"02-06-2026 10:14:00","1","Information","Microsoft-Windows-PCI","[PDO] (0x0000.0x1e.0x00): Begin state transition from UNINITIALIZED to STARTED"
"02-06-2026 10:14:00","1","Information","Microsoft-Windows-PCI","[PDO] (0x0000.0x15.0x03): Begin state transition from UNINITIALIZED to STARTED"
"02-06-2026 10:14:00","1","Information","Microsoft-Windows-PCI","[PDO] (0x0000.0x14.0x03): Begin state transition from UNINITIALIZED to STARTED"
"02-06-2026 10:14:00","1","Information","Microsoft-Windows-PCI","[PDO] (0x0000.0x12.0x00): Begin state transition from UNINITIALIZED to STARTED"
"02-06-2026 10:13:59","1","Information","Microsoft-Windows-PCI","[PDO] (0x0000.0x08.0x00): Finish state transition to STARTED"
"02-06-2026 10:13:59","1","Information","Microsoft-Windows-PCI","[PDO] (0x0000.0x0b.0x00): Finish state transition to STARTED"
"02-06-2026 10:13:59","1","Information","Microsoft-Windows-PCI","[PDO] (0x0000.0x0b.0x00): Begin state transition from UNINITIALIZED to STARTED"
"02-06-2026 10:13:59","1","Information","Microsoft-Windows-PCI","[PDO] (0x0000.0x08.0x00): Begin state transition from UNINITIALIZED to STARTED"
"02-06-2026 10:13:59","1","Information","Microsoft-Windows-PCI","[PDO] (0x0000.0x0d.0x03): Finish state transition to STARTED"
"02-06-2026 10:13:59","1","Information","Microsoft-Windows-PCI","[PDO] (0x0000.0x1f.0x06): Finish state transition to STARTED"
"02-06-2026 10:13:59","1","Information","Microsoft-Windows-PCI","[PDO] (0x0000.0x14.0x00): Finish state transition to STARTED"
"02-06-2026 10:13:59","1","Information","Microsoft-Windows-PCI","[PDO] (0x0000.0x0d.0x00): Finish state transition to STARTED"
"02-06-2026 10:13:59","1","Information","Microsoft-Windows-PCI","[PDO] (0x0000.0x16.0x00): Finish state transition to STARTED"
"02-06-2026 10:13:59","1","Information","Microsoft-Windows-PCI","[PDO] (0x0000.0x1f.0x06): Begin state transition from UNINITIALIZED to STARTED"
"02-06-2026 10:13:59","1","Information","Microsoft-Windows-PCI","[PDO] (0x0000.0x0d.0x03): Begin state transition from UNINITIALIZED to STARTED"
"02-06-2026 10:13:59","1","Information","Microsoft-Windows-PCI","[PDO] (0x0000.0x0d.0x00): Begin state transition from UNINITIALIZED to STARTED"
"02-06-2026 10:13:59","1","Information","Microsoft-Windows-PCI","[PDO] (0x0000.0x14.0x00): Begin state transition from UNINITIALIZED to STARTED"
"02-06-2026 10:13:59","1","Information","Microsoft-Windows-PCI","[PDO] (0x0000.0x16.0x00): Begin state transition from UNINITIALIZED to STARTED"
"02-06-2026 10:13:59","1","Information","Microsoft-Windows-PCI","[PDO] (0x0000.0x02.0x00): Finish state transition to STARTED"
"02-06-2026 10:13:59","1","Information","Microsoft-Windows-PCI","[PDO] (0x0000.0x02.0x00): Begin state transition from UNINITIALIZED to STARTED"
"02-06-2026 10:13:54","1","Information","Microsoft-Windows-PCI","[PDO] (0x0000.0x0a.0x00): Finish state transition to STARTED"
"02-06-2026 10:13:54","1","Information","Microsoft-Windows-PCI","[PDO] (0x0000.0x0a.0x00): Begin state transition from UNINITIALIZED to STARTED"
"02-06-2026 10:13:54","1","Information","Microsoft-Windows-PCI","[PDO] (0x0000.0x0e.0x00): Finish state transition to STARTED"
"02-06-2026 10:13:54","1","Information","Microsoft-Windows-PCI","[PDO] (0x0000.0x0e.0x00): Begin state transition from UNINITIALIZED to STARTED"
"02-06-2026 10:13:54","1","Information","Microsoft-Windows-PCI","[PDO] (0x0000.0x1f.0x00): Finish state transition to STARTED"
"02-06-2026 10:13:54","1","Information","Microsoft-Windows-PCI","[PDO] (0x0000.0x1f.0x00): Begin state transition from UNINITIALIZED to STARTED"
"02-06-2026 10:13:54","1","Information","Microsoft-Windows-PCI","[PDO] (0x0000.0x00.0x00): Finish state transition to STARTED"
"02-06-2026 10:13:54","1","Information","Microsoft-Windows-PCI","[PDO] (0x0000.0x00.0x00): Begin state transition from UNINITIALIZED to STARTED"
"02-06-2026 10:13:54","1","Information","Microsoft-Windows-PCI","[ROOT] (Bus 0x0000): Finish state transition to STARTED"
"02-06-2026 10:13:54","1","Information","Microsoft-Windows-PCI","[ROOT] (Bus 0x0000): Begin state transition from UNINITIALIZED to STARTED"
"02-06-2026 09:49:10","1","Information","Microsoft-Windows-PCI","[PDO] (0x0000.0x14.0x03): Finish state transition to STARTED"
"02-06-2026 09:49:10","1","Information","Microsoft-Windows-PCI","[PDO] (0x0000.0x14.0x03): Begin state transition from UNINITIALIZED to STARTED"
"02-06-2026 09:49:09","1","Information","Microsoft-Windows-PCI","[PDO] (0x0000.0x14.0x03): Finish state transition to UNINITIALIZED"
"02-06-2026 09:49:09","1","Information","Microsoft-Windows-PCI","[PDO] (0x0000.0x14.0x03): Begin state transition from STARTED to UNINITIALIZED"
"01-06-2026 09:19:24","1","Information","Microsoft-Windows-PCI","[PDO] (0x0000.0x04.0x00): Finish state transition to STARTED"
"01-06-2026 09:19:23","1","Information","Microsoft-Windows-PCI","[PDO] (0x0000.0x04.0x00): Begin state transition from UNINITIALIZED to STARTED"
"01-06-2026 09:19:16","1","Information","Microsoft-Windows-PCI","[FDO] (0x0000.0x07.0x03) (Bus 0x002b): Finish state transition to STARTED"
"01-06-2026 09:19:16","1","Information","Microsoft-Windows-PCI","[FDO] (0x0000.0x07.0x03) (Bus 0x002b): Begin state transition from UNINITIALIZED to STARTED"
"01-06-2026 09:19:16","1","Information","Microsoft-Windows-PCI","[PDO] (0x0000.0x07.0x03): Finish state transition to STARTED"
"01-06-2026 09:19:16","1","Information","Microsoft-Windows-PCI","[PDO] (0x0000.0x07.0x03): Begin state transition from UNINITIALIZED to STARTED"
"01-06-2026 09:19:15","1","Information","Microsoft-Windows-PCI","[FDO] (0x0000.0x07.0x00) (Bus 0x0001): Finish state transition to STARTED"
"01-06-2026 09:19:15","1","Information","Microsoft-Windows-PCI","[FDO] (0x0000.0x07.0x00) (Bus 0x0001): Begin state transition from UNINITIALIZED to STARTED"
"01-06-2026 09:19:15","1","Information","Microsoft-Windows-PCI","[PDO] (0x0000.0x07.0x00): Finish state transition to STARTED"
"01-06-2026 09:19:15","1","Information","Microsoft-Windows-PCI","[PDO] (0x0000.0x07.0x00): Begin state transition from UNINITIALIZED to STARTED"
"01-06-2026 09:19:15","1","Information","Microsoft-Windows-PCI","[PDO] (0x0000.0x14.0x03): Finish state transition to STARTED"
"01-06-2026 09:19:15","1","Information","Microsoft-Windows-PCI","[PDO] (0x0000.0x1f.0x03): Finish state transition to STARTED"
"01-06-2026 09:19:15","1","Information","Microsoft-Windows-PCI","[PDO] (0x0000.0x15.0x03): Finish state transition to STARTED"
"01-06-2026 09:19:15","1","Information","Microsoft-Windows-PCI","[PDO] (0x0000.0x12.0x00): Finish state transition to STARTED"
"01-06-2026 09:19:15","1","Information","Microsoft-Windows-PCI","[PDO] (0x0000.0x15.0x00): Finish state transition to STARTED"
"01-06-2026 09:19:15","1","Information","Microsoft-Windows-PCI","[PDO] (0x0000.0x1e.0x00): Finish state transition to STARTED"
"01-06-2026 09:19:15","1","Information","Microsoft-Windows-PCI","[PDO] (0x0000.0x15.0x03): Begin state transition from UNINITIALIZED to STARTED"
"01-06-2026 09:19:15","1","Information","Microsoft-Windows-PCI","[PDO] (0x0000.0x1e.0x00): Begin state transition from UNINITIALIZED to STARTED"
"01-06-2026 09:19:15","1","Information","Microsoft-Windows-PCI","[PDO] (0x0000.0x14.0x03): Begin state transition from UNINITIALIZED to STARTED"
"01-06-2026 09:19:15","1","Information","Microsoft-Windows-PCI","[PDO] (0x0000.0x15.0x00): Begin state transition from UNINITIALIZED to STARTED"
"01-06-2026 09:19:15","1","Information","Microsoft-Windows-PCI","[PDO] (0x0000.0x1f.0x03): Begin state transition from UNINITIALIZED to STARTED"
"01-06-2026 09:19:15","1","Information","Microsoft-Windows-PCI","[PDO] (0x0000.0x12.0x00): Begin state transition from UNINITIALIZED to STARTED"
"01-06-2026 09:19:13","1","Information","Microsoft-Windows-PCI","[PDO] (0x0000.0x08.0x00): Finish state transition to STARTED"
"01-06-2026 09:19:13","1","Information","Microsoft-Windows-PCI","[PDO] (0x0000.0x0b.0x00): Finish state transition to STARTED"
"01-06-2026 09:19:13","1","Information","Microsoft-Windows-PCI","[PDO] (0x0000.0x0b.0x00): Begin state transition from UNINITIALIZED to STARTED"
"01-06-2026 09:19:13","1","Information","Microsoft-Windows-PCI","[PDO] (0x0000.0x08.0x00): Begin state transition from UNINITIALIZED to STARTED"
"01-06-2026 09:19:13","1","Information","Microsoft-Windows-PCI","[PDO] (0x0000.0x14.0x00): Finish state transition to STARTED"
"01-06-2026 09:19:13","1","Information","Microsoft-Windows-PCI","[PDO] (0x0000.0x0d.0x03): Finish state transition to STARTED"
"01-06-2026 09:19:13","1","Information","Microsoft-Windows-PCI","[PDO] (0x0000.0x1f.0x06): Finish state transition to STARTED"
"01-06-2026 09:19:13","1","Information","Microsoft-Windows-PCI","[PDO] (0x0000.0x0d.0x00): Finish state transition to STARTED"
"01-06-2026 09:19:13","1","Information","Microsoft-Windows-PCI","[PDO] (0x0000.0x16.0x00): Finish state transition to STARTED"
"01-06-2026 09:19:13","1","Information","Microsoft-Windows-PCI","[PDO] (0x0000.0x1f.0x06): Begin state transition from UNINITIALIZED to STARTED"
"01-06-2026 09:19:13","1","Information","Microsoft-Windows-PCI","[PDO] (0x0000.0x0d.0x03): Begin state transition from UNINITIALIZED to STARTED"
"01-06-2026 09:19:13","1","Information","Microsoft-Windows-PCI","[PDO] (0x0000.0x0d.0x00): Begin state transition from UNINITIALIZED to STARTED"
"01-06-2026 09:19:13","1","Information","Microsoft-Windows-PCI","[PDO] (0x0000.0x14.0x00): Begin state transition from UNINITIALIZED to STARTED"
"01-06-2026 09:19:13","1","Information","Microsoft-Windows-PCI","[PDO] (0x0000.0x16.0x00): Begin state transition from UNINITIALIZED to STARTED"
"01-06-2026 09:19:13","1","Information","Microsoft-Windows-PCI","[PDO] (0x0000.0x02.0x00): Finish state transition to STARTED"
"01-06-2026 09:19:13","1","Information","Microsoft-Windows-PCI","[PDO] (0x0000.0x02.0x00): Begin state transition from UNINITIALIZED to STARTED"
"01-06-2026 09:19:10","1","Information","Microsoft-Windows-PCI","[PDO] (0x0000.0x0a.0x00): Finish state transition to STARTED"
"01-06-2026 09:19:10","1","Information","Microsoft-Windows-PCI","[PDO] (0x0000.0x0a.0x00): Begin state transition from UNINITIALIZED to STARTED"
"01-06-2026 09:19:10","1","Information","Microsoft-Windows-PCI","[PDO] (0x0000.0x0e.0x00): Finish state transition to STARTED"
"01-06-2026 09:19:10","1","Information","Microsoft-Windows-PCI","[PDO] (0x0000.0x0e.0x00): Begin state transition from UNINITIALIZED to STARTED"
"01-06-2026 09:19:10","1","Information","Microsoft-Windows-PCI","[PDO] (0x0000.0x00.0x00): Finish state transition to STARTED"
"01-06-2026 09:19:10","1","Information","Microsoft-Windows-PCI","[PDO] (0x0000.0x1f.0x00): Finish state transition to STARTED"
"01-06-2026 09:19:10","1","Information","Microsoft-Windows-PCI","[PDO] (0x0000.0x1f.0x00): Begin state transition from UNINITIALIZED to STARTED"
"01-06-2026 09:19:10","1","Information","Microsoft-Windows-PCI","[PDO] (0x0000.0x00.0x00): Begin state transition from UNINITIALIZED to STARTED"
"01-06-2026 09:19:10","1","Information","Microsoft-Windows-PCI","[ROOT] (Bus 0x0000): Finish state transition to STARTED"
"01-06-2026 09:19:10","1","Information","Microsoft-Windows-PCI","[ROOT] (Bus 0x0000): Begin state transition from UNINITIALIZED to STARTED"
"28-05-2026 10:19:36","1","Information","Microsoft-Windows-PCI","[PDO] (0x0000.0x04.0x00): Finish state transition to STARTED"
"28-05-2026 10:19:36","1","Information","Microsoft-Windows-PCI","[PDO] (0x0000.0x04.0x00): Begin state transition from UNINITIALIZED to STARTED"
"28-05-2026 10:19:28","1","Information","Microsoft-Windows-PCI","[FDO] (0x0000.0x07.0x03) (Bus 0x002b): Finish state transition to STARTED"
"28-05-2026 10:19:28","1","Information","Microsoft-Windows-PCI","[FDO] (0x0000.0x07.0x03) (Bus 0x002b): Begin state transition from UNINITIALIZED to STARTED"
"28-05-2026 10:19:28","1","Information","Microsoft-Windows-PCI","[PDO] (0x0000.0x07.0x03): Finish state transition to STARTED"
"28-05-2026 10:19:28","1","Information","Microsoft-Windows-PCI","[PDO] (0x0000.0x07.0x03): Begin state transition from UNINITIALIZED to STARTED"
"28-05-2026 10:19:28","1","Information","Microsoft-Windows-PCI","[FDO] (0x0000.0x07.0x00) (Bus 0x0001): Finish state transition to STARTED"
"28-05-2026 10:19:28","1","Information","Microsoft-Windows-PCI","[FDO] (0x0000.0x07.0x00) (Bus 0x0001): Begin state transition from UNINITIALIZED to STARTED"
"28-05-2026 10:19:28","1","Information","Microsoft-Windows-PCI","[PDO] (0x0000.0x07.0x00): Finish state transition to STARTED"
"28-05-2026 10:19:28","1","Information","Microsoft-Windows-PCI","[PDO] (0x0000.0x07.0x00): Begin state transition from UNINITIALIZED to STARTED"
"28-05-2026 10:19:27","1","Information","Microsoft-Windows-PCI","[PDO] (0x0000.0x14.0x03): Finish state transition to STARTED"
"28-05-2026 10:19:27","1","Information","Microsoft-Windows-PCI","[PDO] (0x0000.0x1f.0x03): Finish state transition to STARTED"
"28-05-2026 10:19:27","1","Information","Microsoft-Windows-PCI","[PDO] (0x0000.0x1e.0x00): Finish state transition to STARTED"
"28-05-2026 10:19:27","1","Information","Microsoft-Windows-PCI","[PDO] (0x0000.0x15.0x03): Finish state transition to STARTED"
"28-05-2026 10:19:27","1","Information","Microsoft-Windows-PCI","[PDO] (0x0000.0x15.0x00): Finish state transition to STARTED"
"28-05-2026 10:19:27","1","Information","Microsoft-Windows-PCI","[PDO] (0x0000.0x12.0x00): Finish state transition to STARTED"
"28-05-2026 10:19:27","1","Information","Microsoft-Windows-PCI","[PDO] (0x0000.0x1f.0x03): Begin state transition from UNINITIALIZED to STARTED"
"28-05-2026 10:19:27","1","Information","Microsoft-Windows-PCI","[PDO] (0x0000.0x1e.0x00): Begin state transition from UNINITIALIZED to STARTED"
"28-05-2026 10:19:27","1","Information","Microsoft-Windows-PCI","[PDO] (0x0000.0x15.0x00): Begin state transition from UNINITIALIZED to STARTED"
"28-05-2026 10:19:27","1","Information","Microsoft-Windows-PCI","[PDO] (0x0000.0x15.0x03): Begin state transition from UNINITIALIZED to STARTED"
"28-05-2026 10:19:27","1","Information","Microsoft-Windows-PCI","[PDO] (0x0000.0x14.0x03): Begin state transition from UNINITIALIZED to STARTED"
"28-05-2026 10:19:27","1","Information","Microsoft-Windows-PCI","[PDO] (0x0000.0x12.0x00): Begin state transition from UNINITIALIZED to STARTED"
"28-05-2026 10:19:26","1","Information","Microsoft-Windows-PCI","[PDO] (0x0000.0x08.0x00): Finish state transition to STARTED"
"28-05-2026 10:19:26","1","Information","Microsoft-Windows-PCI","[PDO] (0x0000.0x0b.0x00): Finish state transition to STARTED"
"28-05-2026 10:19:26","1","Information","Microsoft-Windows-PCI","[PDO] (0x0000.0x0b.0x00): Begin state transition from UNINITIALIZED to STARTED"
"28-05-2026 10:19:26","1","Information","Microsoft-Windows-PCI","[PDO] (0x0000.0x08.0x00): Begin state transition from UNINITIALIZED to STARTED"
"28-05-2026 10:19:26","1","Information","Microsoft-Windows-PCI","[PDO] (0x0000.0x0d.0x03): Finish state transition to STARTED"
"28-05-2026 10:19:26","1","Information","Microsoft-Windows-PCI","[PDO] (0x0000.0x1f.0x06): Finish state transition to STARTED"
"28-05-2026 10:19:26","1","Information","Microsoft-Windows-PCI","[PDO] (0x0000.0x0d.0x00): Finish state transition to STARTED"
"28-05-2026 10:19:26","1","Information","Microsoft-Windows-PCI","[PDO] (0x0000.0x14.0x00): Finish state transition to STARTED"
"28-05-2026 10:19:26","1","Information","Microsoft-Windows-PCI","[PDO] (0x0000.0x16.0x00): Finish state transition to STARTED"
"28-05-2026 10:19:26","1","Information","Microsoft-Windows-PCI","[PDO] (0x0000.0x1f.0x06): Begin state transition from UNINITIALIZED to STARTED"
"28-05-2026 10:19:26","1","Information","Microsoft-Windows-PCI","[PDO] (0x0000.0x0d.0x03): Begin state transition from UNINITIALIZED to STARTED"
"28-05-2026 10:19:26","1","Information","Microsoft-Windows-PCI","[PDO] (0x0000.0x0d.0x00): Begin state transition from UNINITIALIZED to STARTED"
"28-05-2026 10:19:26","1","Information","Microsoft-Windows-PCI","[PDO] (0x0000.0x14.0x00): Begin state transition from UNINITIALIZED to STARTED"
"28-05-2026 10:19:26","1","Information","Microsoft-Windows-PCI","[PDO] (0x0000.0x16.0x00): Begin state transition from UNINITIALIZED to STARTED"
"28-05-2026 10:19:26","1","Information","Microsoft-Windows-PCI","[PDO] (0x0000.0x02.0x00): Finish state transition to STARTED"
"28-05-2026 10:19:26","1","Information","Microsoft-Windows-PCI","[PDO] (0x0000.0x02.0x00): Begin state transition from UNINITIALIZED to STARTED"
"28-05-2026 10:19:23","1","Information","Microsoft-Windows-PCI","[PDO] (0x0000.0x0a.0x00): Finish state transition to STARTED"
"28-05-2026 10:19:23","1","Information","Microsoft-Windows-PCI","[PDO] (0x0000.0x0a.0x00): Begin state transition from UNINITIALIZED to STARTED"
"28-05-2026 10:19:23","1","Information","Microsoft-Windows-PCI","[PDO] (0x0000.0x0e.0x00): Finish state transition to STARTED"
"28-05-2026 10:19:23","1","Information","Microsoft-Windows-PCI","[PDO] (0x0000.0x0e.0x00): Begin state transition from UNINITIALIZED to STARTED"
"28-05-2026 10:19:23","1","Information","Microsoft-Windows-PCI","[PDO] (0x0000.0x1f.0x00): Finish state transition to STARTED"
"28-05-2026 10:19:23","1","Information","Microsoft-Windows-PCI","[PDO] (0x0000.0x00.0x00): Finish state transition to STARTED"
"28-05-2026 10:19:23","1","Information","Microsoft-Windows-PCI","[PDO] (0x0000.0x1f.0x00): Begin state transition from UNINITIALIZED to STARTED"
"28-05-2026 10:19:23","1","Information","Microsoft-Windows-PCI","[PDO] (0x0000.0x00.0x00): Begin state transition from UNINITIALIZED to STARTED"
"28-05-2026 10:19:23","1","Information","Microsoft-Windows-PCI","[ROOT] (Bus 0x0000): Finish state transition to STARTED"
"28-05-2026 10:19:23","1","Information","Microsoft-Windows-PCI","[ROOT] (Bus 0x0000): Begin state transition from UNINITIALIZED to STARTED"
"27-05-2026 09:27:37","1","Information","Microsoft-Windows-PCI","[PDO] (0x0000.0x14.0x03): Finish state transition to STARTED"
"27-05-2026 09:27:37","1","Information","Microsoft-Windows-PCI","[PDO] (0x0000.0x14.0x03): Begin state transition from UNINITIALIZED to STARTED"
"27-05-2026 09:27:35","1","Information","Microsoft-Windows-PCI","[PDO] (0x0000.0x14.0x03): Finish state transition to UNINITIALIZED"
"27-05-2026 09:27:35","1","Information","Microsoft-Windows-PCI","[PDO] (0x0000.0x14.0x03): Begin state transition from STARTED to UNINITIALIZED"
"25-05-2026 09:00:00","1","Information","Microsoft-Windows-PCI","[PDO] (0x0000.0x04.0x00): Finish state transition to STARTED"
"25-05-2026 09:00:00","1","Information","Microsoft-Windows-PCI","[PDO] (0x0000.0x04.0x00): Begin state transition from UNINITIALIZED to STARTED"
"25-05-2026 08:59:54","1","Information","Microsoft-Windows-PCI","[FDO] (0x0000.0x07.0x03) (Bus 0x002b): Finish state transition to STARTED"
"25-05-2026 08:59:54","1","Information","Microsoft-Windows-PCI","[FDO] (0x0000.0x07.0x03) (Bus 0x002b): Begin state transition from UNINITIALIZED to STARTED"
"25-05-2026 08:59:54","1","Information","Microsoft-Windows-PCI","[PDO] (0x0000.0x07.0x03): Finish state transition to STARTED"
"25-05-2026 08:59:54","1","Information","Microsoft-Windows-PCI","[PDO] (0x0000.0x07.0x03): Begin state transition from UNINITIALIZED to STARTED"
"25-05-2026 08:59:54","1","Information","Microsoft-Windows-PCI","[FDO] (0x0000.0x07.0x00) (Bus 0x0001): Finish state transition to STARTED"
"25-05-2026 08:59:54","1","Information","Microsoft-Windows-PCI","[FDO] (0x0000.0x07.0x00) (Bus 0x0001): Begin state transition from UNINITIALIZED to STARTED"
"25-05-2026 08:59:54","1","Information","Microsoft-Windows-PCI","[PDO] (0x0000.0x07.0x00): Finish state transition to STARTED"
"25-05-2026 08:59:54","1","Information","Microsoft-Windows-PCI","[PDO] (0x0000.0x07.0x00): Begin state transition from UNINITIALIZED to STARTED"
"25-05-2026 08:59:53","1","Information","Microsoft-Windows-PCI","[PDO] (0x0000.0x12.0x00): Finish state transition to STARTED"
"25-05-2026 08:59:53","1","Information","Microsoft-Windows-PCI","[PDO] (0x0000.0x14.0x03): Finish state transition to STARTED"
"25-05-2026 08:59:53","1","Information","Microsoft-Windows-PCI","[PDO] (0x0000.0x1f.0x03): Finish state transition to STARTED"
"25-05-2026 08:59:53","1","Information","Microsoft-Windows-PCI","[PDO] (0x0000.0x15.0x00): Finish state transition to STARTED"
"25-05-2026 08:59:53","1","Information","Microsoft-Windows-PCI","[PDO] (0x0000.0x1e.0x00): Finish state transition to STARTED"
"25-05-2026 08:59:53","1","Information","Microsoft-Windows-PCI","[PDO] (0x0000.0x15.0x03): Finish state transition to STARTED"
"25-05-2026 08:59:53","1","Information","Microsoft-Windows-PCI","[PDO] (0x0000.0x1f.0x03): Begin state transition from UNINITIALIZED to STARTED"
"25-05-2026 08:59:53","1","Information","Microsoft-Windows-PCI","[PDO] (0x0000.0x1e.0x00): Begin state transition from UNINITIALIZED to STARTED"
"25-05-2026 08:59:53","1","Information","Microsoft-Windows-PCI","[PDO] (0x0000.0x15.0x03): Begin state transition from UNINITIALIZED to STARTED"
"25-05-2026 08:59:53","1","Information","Microsoft-Windows-PCI","[PDO] (0x0000.0x15.0x00): Begin state transition from UNINITIALIZED to STARTED"
"25-05-2026 08:59:53","1","Information","Microsoft-Windows-PCI","[PDO] (0x0000.0x14.0x03): Begin state transition from UNINITIALIZED to STARTED"
"25-05-2026 08:59:53","1","Information","Microsoft-Windows-PCI","[PDO] (0x0000.0x12.0x00): Begin state transition from UNINITIALIZED to STARTED"
"25-05-2026 08:59:53","1","Information","Microsoft-Windows-PCI","[PDO] (0x0000.0x0b.0x00): Finish state transition to STARTED"
"25-05-2026 08:59:53","1","Information","Microsoft-Windows-PCI","[PDO] (0x0000.0x08.0x00): Finish state transition to STARTED"
"25-05-2026 08:59:53","1","Information","Microsoft-Windows-PCI","[PDO] (0x0000.0x0b.0x00): Begin state transition from UNINITIALIZED to STARTED"
"25-05-2026 08:59:53","1","Information","Microsoft-Windows-PCI","[PDO] (0x0000.0x08.0x00): Begin state transition from UNINITIALIZED to STARTED"
"25-05-2026 08:59:52","1","Information","Microsoft-Windows-PCI","[PDO] (0x0000.0x0d.0x03): Finish state transition to STARTED"
"25-05-2026 08:59:52","1","Information","Microsoft-Windows-PCI","[PDO] (0x0000.0x1f.0x06): Finish state transition to STARTED"
"25-05-2026 08:59:52","1","Information","Microsoft-Windows-PCI","[PDO] (0x0000.0x14.0x00): Finish state transition to STARTED"
"25-05-2026 08:59:52","1","Information","Microsoft-Windows-PCI","[PDO] (0x0000.0x16.0x00): Finish state transition to STARTED"
"25-05-2026 08:59:52","1","Information","Microsoft-Windows-PCI","[PDO] (0x0000.0x0d.0x00): Finish state transition to STARTED"
"25-05-2026 08:59:52","1","Information","Microsoft-Windows-PCI","[PDO] (0x0000.0x0d.0x03): Begin state transition from UNINITIALIZED to STARTED"
"25-05-2026 08:59:52","1","Information","Microsoft-Windows-PCI","[PDO] (0x0000.0x1f.0x06): Begin state transition from UNINITIALIZED to STARTED"
"25-05-2026 08:59:52","1","Information","Microsoft-Windows-PCI","[PDO] (0x0000.0x0d.0x00): Begin state transition from UNINITIALIZED to STARTED"
"25-05-2026 08:59:52","1","Information","Microsoft-Windows-PCI","[PDO] (0x0000.0x14.0x00): Begin state transition from UNINITIALIZED to STARTED"
"25-05-2026 08:59:52","1","Information","Microsoft-Windows-PCI","[PDO] (0x0000.0x16.0x00): Begin state transition from UNINITIALIZED to STARTED"
"25-05-2026 08:59:52","1","Information","Microsoft-Windows-PCI","[PDO] (0x0000.0x02.0x00): Finish state transition to STARTED"
"25-05-2026 08:59:52","1","Information","Microsoft-Windows-PCI","[PDO] (0x0000.0x02.0x00): Begin state transition from UNINITIALIZED to STARTED"
"25-05-2026 08:59:50","1","Information","Microsoft-Windows-PCI","[PDO] (0x0000.0x0a.0x00): Finish state transition to STARTED"
"25-05-2026 08:59:50","1","Information","Microsoft-Windows-PCI","[PDO] (0x0000.0x0a.0x00): Begin state transition from UNINITIALIZED to STARTED"
"25-05-2026 08:59:49","1","Information","Microsoft-Windows-PCI","[PDO] (0x0000.0x0e.0x00): Finish state transition to STARTED"
"25-05-2026 08:59:49","1","Information","Microsoft-Windows-PCI","[PDO] (0x0000.0x0e.0x00): Begin state transition from UNINITIALIZED to STARTED"
"25-05-2026 08:59:49","1","Information","Microsoft-Windows-PCI","[PDO] (0x0000.0x1f.0x00): Finish state transition to STARTED"
"25-05-2026 08:59:49","1","Information","Microsoft-Windows-PCI","[PDO] (0x0000.0x00.0x00): Finish state transition to STARTED"
"25-05-2026 08:59:49","1","Information","Microsoft-Windows-PCI","[PDO] (0x0000.0x1f.0x00): Begin state transition from UNINITIALIZED to STARTED"
"25-05-2026 08:59:49","1","Information","Microsoft-Windows-PCI","[PDO] (0x0000.0x00.0x00): Begin state transition from UNINITIALIZED to STARTED"
"25-05-2026 08:59:49","1","Information","Microsoft-Windows-PCI","[ROOT] (Bus 0x0000): Finish state transition to STARTED"
"25-05-2026 08:59:49","1","Information","Microsoft-Windows-PCI","[ROOT] (Bus 0x0000): Begin state transition from UNINITIALIZED to STARTED"
"23-05-2026 21:48:31","1","Information","Microsoft-Windows-PCI","[PDO] (0x0000.0x04.0x00): Finish state transition to STARTED"
"23-05-2026 21:48:31","1","Information","Microsoft-Windows-PCI","[PDO] (0x0000.0x04.0x00): Begin state transition from UNINITIALIZED to STARTED"
"23-05-2026 21:48:26","1","Information","Microsoft-Windows-PCI","[FDO] (0x0000.0x07.0x03) (Bus 0x002b): Finish state transition to STARTED"
"23-05-2026 21:48:26","1","Information","Microsoft-Windows-PCI","[FDO] (0x0000.0x07.0x03) (Bus 0x002b): Begin state transition from UNINITIALIZED to STARTED"
"23-05-2026 21:48:26","1","Information","Microsoft-Windows-PCI","[PDO] (0x0000.0x07.0x03): Finish state transition to STARTED"
"23-05-2026 21:48:26","1","Information","Microsoft-Windows-PCI","[PDO] (0x0000.0x07.0x03): Begin state transition from UNINITIALIZED to STARTED"
"23-05-2026 21:48:26","1","Information","Microsoft-Windows-PCI","[FDO] (0x0000.0x07.0x00) (Bus 0x0001): Finish state transition to STARTED"
"23-05-2026 21:48:26","1","Information","Microsoft-Windows-PCI","[FDO] (0x0000.0x07.0x00) (Bus 0x0001): Begin state transition from UNINITIALIZED to STARTED"
"23-05-2026 21:48:26","1","Information","Microsoft-Windows-PCI","[PDO] (0x0000.0x07.0x00): Finish state transition to STARTED"
"23-05-2026 21:48:26","1","Information","Microsoft-Windows-PCI","[PDO] (0x0000.0x07.0x00): Begin state transition from UNINITIALIZED to STARTED"
"23-05-2026 21:48:26","1","Information","Microsoft-Windows-PCI","[PDO] (0x0000.0x14.0x03): Finish state transition to STARTED"
"23-05-2026 21:48:26","1","Information","Microsoft-Windows-PCI","[PDO] (0x0000.0x12.0x00): Finish state transition to STARTED"
"23-05-2026 21:48:26","1","Information","Microsoft-Windows-PCI","[PDO] (0x0000.0x15.0x03): Finish state transition to STARTED"
"23-05-2026 21:48:26","1","Information","Microsoft-Windows-PCI","[PDO] (0x0000.0x15.0x00): Finish state transition to STARTED"
"23-05-2026 21:48:26","1","Information","Microsoft-Windows-PCI","[PDO] (0x0000.0x1f.0x03): Finish state transition to STARTED"
"23-05-2026 21:48:26","1","Information","Microsoft-Windows-PCI","[PDO] (0x0000.0x1e.0x00): Finish state transition to STARTED"
"23-05-2026 21:48:26","1","Information","Microsoft-Windows-PCI","[PDO] (0x0000.0x1f.0x03): Begin state transition from UNINITIALIZED to STARTED"
"23-05-2026 21:48:26","1","Information","Microsoft-Windows-PCI","[PDO] (0x0000.0x1e.0x00): Begin state transition from UNINITIALIZED to STARTED"
"23-05-2026 21:48:26","1","Information","Microsoft-Windows-PCI","[PDO] (0x0000.0x14.0x03): Begin state transition from UNINITIALIZED to STARTED"
"23-05-2026 21:48:26","1","Information","Microsoft-Windows-PCI","[PDO] (0x0000.0x15.0x03): Begin state transition from UNINITIALIZED to STARTED"
"23-05-2026 21:48:26","1","Information","Microsoft-Windows-PCI","[PDO] (0x0000.0x15.0x00): Begin state transition from UNINITIALIZED to STARTED"
"23-05-2026 21:48:26","1","Information","Microsoft-Windows-PCI","[PDO] (0x0000.0x12.0x00): Begin state transition from UNINITIALIZED to STARTED"
"23-05-2026 21:48:25","1","Information","Microsoft-Windows-PCI","[PDO] (0x0000.0x0b.0x00): Finish state transition to STARTED"
"23-05-2026 21:48:25","1","Information","Microsoft-Windows-PCI","[PDO] (0x0000.0x08.0x00): Finish state transition to STARTED"
"23-05-2026 21:48:25","1","Information","Microsoft-Windows-PCI","[PDO] (0x0000.0x0b.0x00): Begin state transition from UNINITIALIZED to STARTED"
"23-05-2026 21:48:25","1","Information","Microsoft-Windows-PCI","[PDO] (0x0000.0x08.0x00): Begin state transition from UNINITIALIZED to STARTED"
"23-05-2026 21:48:24","1","Information","Microsoft-Windows-PCI","[PDO] (0x0000.0x14.0x00): Finish state transition to STARTED"
"23-05-2026 21:48:24","1","Information","Microsoft-Windows-PCI","[PDO] (0x0000.0x1f.0x06): Finish state transition to STARTED"
"23-05-2026 21:48:24","1","Information","Microsoft-Windows-PCI","[PDO] (0x0000.0x0d.0x03): Finish state transition to STARTED"
"23-05-2026 21:48:24","1","Information","Microsoft-Windows-PCI","[PDO] (0x0000.0x0d.0x00): Finish state transition to STARTED"
"23-05-2026 21:48:24","1","Information","Microsoft-Windows-PCI","[PDO] (0x0000.0x16.0x00): Finish state transition to STARTED"
"23-05-2026 21:48:24","1","Information","Microsoft-Windows-PCI","[PDO] (0x0000.0x1f.0x06): Begin state transition from UNINITIALIZED to STARTED"
"23-05-2026 21:48:24","1","Information","Microsoft-Windows-PCI","[PDO] (0x0000.0x0d.0x03): Begin state transition from UNINITIALIZED to STARTED"
"23-05-2026 21:48:24","1","Information","Microsoft-Windows-PCI","[PDO] (0x0000.0x0d.0x00): Begin state transition from UNINITIALIZED to STARTED"
"23-05-2026 21:48:24","1","Information","Microsoft-Windows-PCI","[PDO] (0x0000.0x14.0x00): Begin state transition from UNINITIALIZED to STARTED"
"23-05-2026 21:48:24","1","Information","Microsoft-Windows-PCI","[PDO] (0x0000.0x16.0x00): Begin state transition from UNINITIALIZED to STARTED"
"23-05-2026 21:48:24","1","Information","Microsoft-Windows-PCI","[PDO] (0x0000.0x02.0x00): Finish state transition to STARTED"
"23-05-2026 21:48:24","1","Information","Microsoft-Windows-PCI","[PDO] (0x0000.0x02.0x00): Begin state transition from UNINITIALIZED to STARTED"
"23-05-2026 21:48:21","1","Information","Microsoft-Windows-PCI","[PDO] (0x0000.0x0a.0x00): Finish state transition to STARTED"
"23-05-2026 21:48:21","1","Information","Microsoft-Windows-PCI","[PDO] (0x0000.0x0a.0x00): Begin state transition from UNINITIALIZED to STARTED"
"23-05-2026 21:48:21","1","Information","Microsoft-Windows-PCI","[PDO] (0x0000.0x0e.0x00): Finish state transition to STARTED"
"23-05-2026 21:48:21","1","Information","Microsoft-Windows-PCI","[PDO] (0x0000.0x0e.0x00): Begin state transition from UNINITIALIZED to STARTED"
"23-05-2026 21:48:21","1","Information","Microsoft-Windows-PCI","[PDO] (0x0000.0x1f.0x00): Finish state transition to STARTED"
"23-05-2026 21:48:21","1","Information","Microsoft-Windows-PCI","[PDO] (0x0000.0x00.0x00): Finish state transition to STARTED"
"23-05-2026 21:48:21","1","Information","Microsoft-Windows-PCI","[PDO] (0x0000.0x1f.0x00): Begin state transition from UNINITIALIZED to STARTED"
"23-05-2026 21:48:21","1","Information","Microsoft-Windows-PCI","[PDO] (0x0000.0x00.0x00): Begin state transition from UNINITIALIZED to STARTED"
"23-05-2026 21:48:21","1","Information","Microsoft-Windows-PCI","[ROOT] (Bus 0x0000): Finish state transition to STARTED"
"23-05-2026 21:48:21","1","Information","Microsoft-Windows-PCI","[ROOT] (Bus 0x0000): Begin state transition from UNINITIALIZED to STARTED"
"23-05-2026 11:01:35","1","Information","Microsoft-Windows-PCI","[PDO] (0x0000.0x04.0x00): Finish state transition to STARTED"
"23-05-2026 11:01:35","1","Information","Microsoft-Windows-PCI","[PDO] (0x0000.0x04.0x00): Begin state transition from UNINITIALIZED to STARTED"
"23-05-2026 11:01:30","1","Information","Microsoft-Windows-PCI","[FDO] (0x0000.0x07.0x03) (Bus 0x002b): Finish state transition to STARTED"
"23-05-2026 11:01:30","1","Information","Microsoft-Windows-PCI","[FDO] (0x0000.0x07.0x03) (Bus 0x002b): Begin state transition from UNINITIALIZED to STARTED"
"23-05-2026 11:01:30","1","Information","Microsoft-Windows-PCI","[PDO] (0x0000.0x07.0x03): Finish state transition to STARTED"
"23-05-2026 11:01:30","1","Information","Microsoft-Windows-PCI","[PDO] (0x0000.0x07.0x03): Begin state transition from UNINITIALIZED to STARTED"
"23-05-2026 11:01:30","1","Information","Microsoft-Windows-PCI","[FDO] (0x0000.0x07.0x00) (Bus 0x0001): Finish state transition to STARTED"
"23-05-2026 11:01:30","1","Information","Microsoft-Windows-PCI","[FDO] (0x0000.0x07.0x00) (Bus 0x0001): Begin state transition from UNINITIALIZED to STARTED"
"23-05-2026 11:01:30","1","Information","Microsoft-Windows-PCI","[PDO] (0x0000.0x07.0x00): Finish state transition to STARTED"
"23-05-2026 11:01:30","1","Information","Microsoft-Windows-PCI","[PDO] (0x0000.0x07.0x00): Begin state transition from UNINITIALIZED to STARTED"
"23-05-2026 11:01:29","1","Information","Microsoft-Windows-PCI","[PDO] (0x0000.0x14.0x03): Finish state transition to STARTED"
"23-05-2026 11:01:29","1","Information","Microsoft-Windows-PCI","[PDO] (0x0000.0x15.0x03): Finish state transition to STARTED"
"23-05-2026 11:01:29","1","Information","Microsoft-Windows-PCI","[PDO] (0x0000.0x1f.0x03): Finish state transition to STARTED"
"23-05-2026 11:01:29","1","Information","Microsoft-Windows-PCI","[PDO] (0x0000.0x12.0x00): Finish state transition to STARTED"
"23-05-2026 11:01:29","1","Information","Microsoft-Windows-PCI","[PDO] (0x0000.0x1e.0x00): Finish state transition to STARTED"
"23-05-2026 11:01:29","1","Information","Microsoft-Windows-PCI","[PDO] (0x0000.0x15.0x00): Finish state transition to STARTED"
"23-05-2026 11:01:29","1","Information","Microsoft-Windows-PCI","[PDO] (0x0000.0x1f.0x03): Begin state transition from UNINITIALIZED to STARTED"
"23-05-2026 11:01:29","1","Information","Microsoft-Windows-PCI","[PDO] (0x0000.0x1e.0x00): Begin state transition from UNINITIALIZED to STARTED"
"23-05-2026 11:01:29","1","Information","Microsoft-Windows-PCI","[PDO] (0x0000.0x14.0x03): Begin state transition from UNINITIALIZED to STARTED"
"23-05-2026 11:01:29","1","Information","Microsoft-Windows-PCI","[PDO] (0x0000.0x15.0x00): Begin state transition from UNINITIALIZED to STARTED"
"23-05-2026 11:01:29","1","Information","Microsoft-Windows-PCI","[PDO] (0x0000.0x15.0x03): Begin state transition from UNINITIALIZED to STARTED"
"23-05-2026 11:01:29","1","Information","Microsoft-Windows-PCI","[PDO] (0x0000.0x12.0x00): Begin state transition from UNINITIALIZED to STARTED"
"23-05-2026 11:01:29","1","Information","Microsoft-Windows-PCI","[PDO] (0x0000.0x0b.0x00): Finish state transition to STARTED"
"23-05-2026 11:01:29","1","Information","Microsoft-Windows-PCI","[PDO] (0x0000.0x08.0x00): Finish state transition to STARTED"
"23-05-2026 11:01:29","1","Information","Microsoft-Windows-PCI","[PDO] (0x0000.0x08.0x00): Begin state transition from UNINITIALIZED to STARTED"
"23-05-2026 11:01:29","1","Information","Microsoft-Windows-PCI","[PDO] (0x0000.0x0b.0x00): Begin state transition from UNINITIALIZED to STARTED"
"23-05-2026 11:01:28","1","Information","Microsoft-Windows-PCI","[PDO] (0x0000.0x1f.0x06): Finish state transition to STARTED"
"23-05-2026 11:01:28","1","Information","Microsoft-Windows-PCI","[PDO] (0x0000.0x0d.0x03): Finish state transition to STARTED"
"23-05-2026 11:01:28","1","Information","Microsoft-Windows-PCI","[PDO] (0x0000.0x0d.0x00): Finish state transition to STARTED"
"23-05-2026 11:01:28","1","Information","Microsoft-Windows-PCI","[PDO] (0x0000.0x14.0x00): Finish state transition to STARTED"
"23-05-2026 11:01:28","1","Information","Microsoft-Windows-PCI","[PDO] (0x0000.0x16.0x00): Finish state transition to STARTED"
"23-05-2026 11:01:28","1","Information","Microsoft-Windows-PCI","[PDO] (0x0000.0x1f.0x06): Begin state transition from UNINITIALIZED to STARTED"
"23-05-2026 11:01:28","1","Information","Microsoft-Windows-PCI","[PDO] (0x0000.0x0d.0x03): Begin state transition from UNINITIALIZED to STARTED"
"23-05-2026 11:01:28","1","Information","Microsoft-Windows-PCI","[PDO] (0x0000.0x0d.0x00): Begin state transition from UNINITIALIZED to STARTED"
"23-05-2026 11:01:28","1","Information","Microsoft-Windows-PCI","[PDO] (0x0000.0x14.0x00): Begin state transition from UNINITIALIZED to STARTED"
"23-05-2026 11:01:28","1","Information","Microsoft-Windows-PCI","[PDO] (0x0000.0x16.0x00): Begin state transition from UNINITIALIZED to STARTED"
"23-05-2026 11:01:28","1","Information","Microsoft-Windows-PCI","[PDO] (0x0000.0x02.0x00): Finish state transition to STARTED"
"23-05-2026 11:01:28","1","Information","Microsoft-Windows-PCI","[PDO] (0x0000.0x02.0x00): Begin state transition from UNINITIALIZED to STARTED"
"23-05-2026 11:01:27","1","Information","Microsoft-Windows-PCI","[PDO] (0x0000.0x0a.0x00): Finish state transition to STARTED"
"23-05-2026 11:01:27","1","Information","Microsoft-Windows-PCI","[PDO] (0x0000.0x0a.0x00): Begin state transition from UNINITIALIZED to STARTED"
"23-05-2026 11:01:26","1","Information","Microsoft-Windows-PCI","[PDO] (0x0000.0x0e.0x00): Finish state transition to STARTED"
"23-05-2026 11:01:26","1","Information","Microsoft-Windows-PCI","[PDO] (0x0000.0x0e.0x00): Begin state transition from UNINITIALIZED to STARTED"
"23-05-2026 11:01:26","1","Information","Microsoft-Windows-PCI","[PDO] (0x0000.0x1f.0x00): Finish state transition to STARTED"
"23-05-2026 11:01:26","1","Information","Microsoft-Windows-PCI","[PDO] (0x0000.0x00.0x00): Finish state transition to STARTED"
"23-05-2026 11:01:26","1","Information","Microsoft-Windows-PCI","[PDO] (0x0000.0x1f.0x00): Begin state transition from UNINITIALIZED to STARTED"
"23-05-2026 11:01:26","1","Information","Microsoft-Windows-PCI","[PDO] (0x0000.0x00.0x00): Begin state transition from UNINITIALIZED to STARTED"
"23-05-2026 11:01:26","1","Information","Microsoft-Windows-PCI","[ROOT] (Bus 0x0000): Finish state transition to STARTED"
"23-05-2026 11:01:26","1","Information","Microsoft-Windows-PCI","[ROOT] (Bus 0x0000): Begin state transition from UNINITIALIZED to STARTED"
"23-05-2026 10:51:53","1","Information","Microsoft-Windows-PCI","[PDO] (0x0000.0x04.0x00): Finish state transition to STARTED"
"23-05-2026 10:51:53","1","Information","Microsoft-Windows-PCI","[PDO] (0x0000.0x04.0x00): Begin state transition from UNINITIALIZED to STARTED"
"23-05-2026 10:51:48","1","Information","Microsoft-Windows-PCI","[FDO] (0x0000.0x07.0x03) (Bus 0x002b): Finish state transition to STARTED"
"23-05-2026 10:51:48","1","Information","Microsoft-Windows-PCI","[FDO] (0x0000.0x07.0x03) (Bus 0x002b): Begin state transition from UNINITIALIZED to STARTED"
"23-05-2026 10:51:48","1","Information","Microsoft-Windows-PCI","[PDO] (0x0000.0x07.0x03): Finish state transition to STARTED"
"23-05-2026 10:51:48","1","Information","Microsoft-Windows-PCI","[PDO] (0x0000.0x07.0x03): Begin state transition from UNINITIALIZED to STARTED"
"23-05-2026 10:51:48","1","Information","Microsoft-Windows-PCI","[FDO] (0x0000.0x07.0x00) (Bus 0x0001): Finish state transition to STARTED"
"23-05-2026 10:51:48","1","Information","Microsoft-Windows-PCI","[FDO] (0x0000.0x07.0x00) (Bus 0x0001): Begin state transition from UNINITIALIZED to STARTED"
"23-05-2026 10:51:48","1","Information","Microsoft-Windows-PCI","[PDO] (0x0000.0x07.0x00): Finish state transition to STARTED"
"23-05-2026 10:51:48","1","Information","Microsoft-Windows-PCI","[PDO] (0x0000.0x07.0x00): Begin state transition from UNINITIALIZED to STARTED"
"23-05-2026 10:51:47","1","Information","Microsoft-Windows-PCI","[PDO] (0x0000.0x14.0x03): Finish state transition to STARTED"
"23-05-2026 10:51:47","1","Information","Microsoft-Windows-PCI","[PDO] (0x0000.0x1f.0x03): Finish state transition to STARTED"
"23-05-2026 10:51:47","1","Information","Microsoft-Windows-PCI","[PDO] (0x0000.0x1e.0x00): Finish state transition to STARTED"
"23-05-2026 10:51:47","1","Information","Microsoft-Windows-PCI","[PDO] (0x0000.0x15.0x03): Finish state transition to STARTED"
"23-05-2026 10:51:47","1","Information","Microsoft-Windows-PCI","[PDO] (0x0000.0x15.0x00): Finish state transition to STARTED"
"23-05-2026 10:51:47","1","Information","Microsoft-Windows-PCI","[PDO] (0x0000.0x12.0x00): Finish state transition to STARTED"
"23-05-2026 10:51:47","1","Information","Microsoft-Windows-PCI","[PDO] (0x0000.0x1f.0x03): Begin state transition from UNINITIALIZED to STARTED"
"23-05-2026 10:51:47","1","Information","Microsoft-Windows-PCI","[PDO] (0x0000.0x1e.0x00): Begin state transition from UNINITIALIZED to STARTED"
"23-05-2026 10:51:47","1","Information","Microsoft-Windows-PCI","[PDO] (0x0000.0x15.0x03): Begin state transition from UNINITIALIZED to STARTED"
"23-05-2026 10:51:47","1","Information","Microsoft-Windows-PCI","[PDO] (0x0000.0x14.0x03): Begin state transition from UNINITIALIZED to STARTED"
"23-05-2026 10:51:47","1","Information","Microsoft-Windows-PCI","[PDO] (0x0000.0x15.0x00): Begin state transition from UNINITIALIZED to STARTED"
"23-05-2026 10:51:47","1","Information","Microsoft-Windows-PCI","[PDO] (0x0000.0x12.0x00): Begin state transition from UNINITIALIZED to STARTED"
"23-05-2026 10:51:47","1","Information","Microsoft-Windows-PCI","[PDO] (0x0000.0x0b.0x00): Finish state transition to STARTED"
"23-05-2026 10:51:47","1","Information","Microsoft-Windows-PCI","[PDO] (0x0000.0x08.0x00): Finish state transition to STARTED"
"23-05-2026 10:51:47","1","Information","Microsoft-Windows-PCI","[PDO] (0x0000.0x08.0x00): Begin state transition from UNINITIALIZED to STARTED"
"23-05-2026 10:51:47","1","Information","Microsoft-Windows-PCI","[PDO] (0x0000.0x0b.0x00): Begin state transition from UNINITIALIZED to STARTED"
"23-05-2026 10:51:46","1","Information","Microsoft-Windows-PCI","[PDO] (0x0000.0x0d.0x00): Finish state transition to STARTED"
"23-05-2026 10:51:46","1","Information","Microsoft-Windows-PCI","[PDO] (0x0000.0x0d.0x03): Finish state transition to STARTED"
"23-05-2026 10:51:46","1","Information","Microsoft-Windows-PCI","[PDO] (0x0000.0x1f.0x06): Finish state transition to STARTED"
"23-05-2026 10:51:46","1","Information","Microsoft-Windows-PCI","[PDO] (0x0000.0x16.0x00): Finish state transition to STARTED"
"23-05-2026 10:51:46","1","Information","Microsoft-Windows-PCI","[PDO] (0x0000.0x14.0x00): Finish state transition to STARTED"
"23-05-2026 10:51:46","1","Information","Microsoft-Windows-PCI","[PDO] (0x0000.0x1f.0x06): Begin state transition from UNINITIALIZED to STARTED"
"23-05-2026 10:51:46","1","Information","Microsoft-Windows-PCI","[PDO] (0x0000.0x0d.0x03): Begin state transition from UNINITIALIZED to STARTED"
"23-05-2026 10:51:46","1","Information","Microsoft-Windows-PCI","[PDO] (0x0000.0x0d.0x00): Begin state transition from UNINITIALIZED to STARTED"
"23-05-2026 10:51:46","1","Information","Microsoft-Windows-PCI","[PDO] (0x0000.0x14.0x00): Begin state transition from UNINITIALIZED to STARTED"
"23-05-2026 10:51:46","1","Information","Microsoft-Windows-PCI","[PDO] (0x0000.0x16.0x00): Begin state transition from UNINITIALIZED to STARTED"
"23-05-2026 10:51:46","1","Information","Microsoft-Windows-PCI","[PDO] (0x0000.0x02.0x00): Finish state transition to STARTED"
"23-05-2026 10:51:46","1","Information","Microsoft-Windows-PCI","[PDO] (0x0000.0x02.0x00): Begin state transition from UNINITIALIZED to STARTED"
