"TimeCreated","Id","LevelDisplayName","ProviderName","Message"
"19-08-2026 14:09:15","1104","Error","Microsoft-Windows-AAD","AAD Cloud AP plugin call Post logon processing returned error: 0xC000006D"
"19-08-2026 14:09:15","1159","Warning","Microsoft-Windows-AAD","AadCloudAPPlugin S4U logon failed. Status: 0xC000006D"
"19-08-2026 14:09:13","1241","Information","Microsoft-Windows-AAD","On-prem tgt error: On-prem configuration is missing"
"19-08-2026 14:09:12","1251","Information","Microsoft-Windows-AAD","DoGetEnterpriseToken Diagnostic Event:
Result: 0xC0000250
User Identity: joe.prakash@nielseniq.com
Credential Type: 2
Correlation ID: bc492fe4-552f-4a24-80bf-834ecbf8b501
Endpoint Uri: https://sts.nielseniq.com/adfs/oauth2/token/
HTTP Status: POST
HTTP Method: The operation completed successfully.
ErrorCode: 401
Error Description: interaction_required"
"19-08-2026 14:09:12","1118","Error","Microsoft-Windows-AAD","Enterprise STS Logon failure. Status: 0xC0000250 Correlation ID: bc492fe4-552f-4a24-80bf-834ecbf8b501"
"19-08-2026 14:09:12","1081","Error","Microsoft-Windows-AAD","OAuth response error: interaction_required
Error description: MSIS9699: GlobalAuthenticationPolicy on the Server doesn't allow this OAuth JWT Bearer request. Please contact the administrator to update the GlobalAuthenticationPolicy.
CorrelationID: "
"19-08-2026 14:09:12","1025","Error","Microsoft-Windows-AAD","Http request status: 401. Method: POST Endpoint Uri: https://sts.nielseniq.com/adfs/oauth2/token/ Correlation ID: bc492fe4-552f-4a24-80bf-834ecbf8b501"
"19-08-2026 14:09:10","1241","Information","Microsoft-Windows-AAD","On-prem tgt error: On-prem configuration is missing"
"19-08-2026 13:56:41","1241","Information","Microsoft-Windows-AAD","On-prem tgt error: On-prem configuration is missing"
"19-08-2026 13:35:04","1104","Error","Microsoft-Windows-AAD","AAD Cloud AP plugin call Lookup name name from SID returned error: 0xC00485D3"
"19-08-2026 13:35:04","1025","Error","Microsoft-Windows-AAD","Http request status: 400. Method: GET Endpoint Uri: https://login.microsoftonline.com/6ac7a1f4-5fb1-4153-bb4f-12d2020a1f7d/sidtoname Correlation ID: 4459ae4a-bd93-414f-a045-719d9e6b96e5"
"19-08-2026 13:35:03","1104","Error","Microsoft-Windows-AAD","AAD Cloud AP plugin call Lookup name name from SID returned error: 0xC00485D3"
"19-08-2026 13:35:03","1025","Error","Microsoft-Windows-AAD","Http request status: 400. Method: GET Endpoint Uri: https://login.microsoftonline.com/6ac7a1f4-5fb1-4153-bb4f-12d2020a1f7d/sidtoname Correlation ID: 8db1c7ed-0d13-4a49-b4ad-7a2f51357482"
"19-08-2026 13:35:02","1104","Error","Microsoft-Windows-AAD","AAD Cloud AP plugin call Lookup name name from SID returned error: 0xC00485D3"
"19-08-2026 13:35:02","1025","Error","Microsoft-Windows-AAD","Http request status: 400. Method: GET Endpoint Uri: https://login.microsoftonline.com/6ac7a1f4-5fb1-4153-bb4f-12d2020a1f7d/sidtoname Correlation ID: 4cfe3318-7041-4653-8581-3af8e4bb2a81"
"19-08-2026 13:35:01","1104","Error","Microsoft-Windows-AAD","AAD Cloud AP plugin call Lookup name name from SID returned error: 0xC00485D3"
"19-08-2026 13:35:01","1025","Error","Microsoft-Windows-AAD","Http request status: 400. Method: GET Endpoint Uri: https://login.microsoftonline.com/6ac7a1f4-5fb1-4153-bb4f-12d2020a1f7d/sidtoname Correlation ID: b6dbeb11-1913-41fe-8bc5-dc11bb8ecb1e"
"19-08-2026 13:35:00","1104","Error","Microsoft-Windows-AAD","AAD Cloud AP plugin call Lookup name name from SID returned error: 0xC00485D3"
"19-08-2026 13:35:00","1025","Error","Microsoft-Windows-AAD","Http request status: 400. Method: GET Endpoint Uri: https://login.microsoftonline.com/6ac7a1f4-5fb1-4153-bb4f-12d2020a1f7d/sidtoname Correlation ID: 80058e3f-e768-4da1-895c-51524c9da55d"
"19-08-2026 13:34:59","1104","Error","Microsoft-Windows-AAD","AAD Cloud AP plugin call Lookup name name from SID returned error: 0xC00485D3"
"19-08-2026 13:34:59","1025","Error","Microsoft-Windows-AAD","Http request status: 400. Method: GET Endpoint Uri: https://login.microsoftonline.com/6ac7a1f4-5fb1-4153-bb4f-12d2020a1f7d/sidtoname Correlation ID: 1fbaef44-edb1-482b-8046-fb7011077d7b"
"19-08-2026 13:34:48","1104","Error","Microsoft-Windows-AAD","AAD Cloud AP plugin call Lookup name name from SID returned error: 0xC00485D3"
"19-08-2026 13:34:48","1025","Error","Microsoft-Windows-AAD","Http request status: 400. Method: GET Endpoint Uri: https://login.microsoftonline.com/6ac7a1f4-5fb1-4153-bb4f-12d2020a1f7d/sidtoname Correlation ID: a94cb2ca-e3fd-49e5-ac3b-d1d69c0a406c"
"19-08-2026 13:34:47","1104","Error","Microsoft-Windows-AAD","AAD Cloud AP plugin call Lookup name name from SID returned error: 0xC00485D3"
"19-08-2026 13:34:47","1025","Error","Microsoft-Windows-AAD","Http request status: 400. Method: GET Endpoint Uri: https://login.microsoftonline.com/6ac7a1f4-5fb1-4153-bb4f-12d2020a1f7d/sidtoname Correlation ID: 3d160fb8-1373-44c3-8279-d29cec39ffa0"
"19-08-2026 13:34:46","1104","Error","Microsoft-Windows-AAD","AAD Cloud AP plugin call Lookup name name from SID returned error: 0xC00485D3"
"19-08-2026 13:34:46","1025","Error","Microsoft-Windows-AAD","Http request status: 400. Method: GET Endpoint Uri: https://login.microsoftonline.com/6ac7a1f4-5fb1-4153-bb4f-12d2020a1f7d/sidtoname Correlation ID: 16dee856-da53-41f7-9c9c-7b1dd52ee59d"
"19-08-2026 13:34:45","1104","Error","Microsoft-Windows-AAD","AAD Cloud AP plugin call Lookup name name from SID returned error: 0xC00485D3"
"19-08-2026 13:34:45","1025","Error","Microsoft-Windows-AAD","Http request status: 400. Method: GET Endpoint Uri: https://login.microsoftonline.com/6ac7a1f4-5fb1-4153-bb4f-12d2020a1f7d/sidtoname Correlation ID: caddc4a6-894a-4b8a-a7fb-35995deab7ec"
"19-08-2026 13:34:44","1104","Error","Microsoft-Windows-AAD","AAD Cloud AP plugin call Lookup name name from SID returned error: 0xC00485D3"
"19-08-2026 13:34:44","1025","Error","Microsoft-Windows-AAD","Http request status: 400. Method: GET Endpoint Uri: https://login.microsoftonline.com/6ac7a1f4-5fb1-4153-bb4f-12d2020a1f7d/sidtoname Correlation ID: 71c26f61-d250-430c-9783-ac75a6998d5e"
"19-08-2026 13:34:43","1104","Error","Microsoft-Windows-AAD","AAD Cloud AP plugin call Lookup name name from SID returned error: 0xC00485D3"
"19-08-2026 13:34:43","1025","Error","Microsoft-Windows-AAD","Http request status: 400. Method: GET Endpoint Uri: https://login.microsoftonline.com/6ac7a1f4-5fb1-4153-bb4f-12d2020a1f7d/sidtoname Correlation ID: e5e2dfd9-11b5-48f0-a6c1-25d07a78ba0a"
"19-08-2026 13:31:55","1104","Error","Microsoft-Windows-AAD","AAD Cloud AP plugin call Lookup name name from SID returned error: 0xC00485D3"
"19-08-2026 13:31:55","1025","Error","Microsoft-Windows-AAD","Http request status: 400. Method: GET Endpoint Uri: https://login.microsoftonline.com/6ac7a1f4-5fb1-4153-bb4f-12d2020a1f7d/sidtoname Correlation ID: 0c94315d-4d6c-47ae-a2c1-ea7fbd8aa5a5"
"19-08-2026 13:31:54","1104","Error","Microsoft-Windows-AAD","AAD Cloud AP plugin call Lookup name name from SID returned error: 0xC00485D3"
"19-08-2026 13:31:54","1025","Error","Microsoft-Windows-AAD","Http request status: 400. Method: GET Endpoint Uri: https://login.microsoftonline.com/6ac7a1f4-5fb1-4153-bb4f-12d2020a1f7d/sidtoname Correlation ID: 8232b8c6-b8e9-46e8-88c9-4353dd98131f"
"19-08-2026 13:31:53","1104","Error","Microsoft-Windows-AAD","AAD Cloud AP plugin call Lookup name name from SID returned error: 0xC00485D3"
"19-08-2026 13:31:53","1025","Error","Microsoft-Windows-AAD","Http request status: 400. Method: GET Endpoint Uri: https://login.microsoftonline.com/6ac7a1f4-5fb1-4153-bb4f-12d2020a1f7d/sidtoname Correlation ID: 92bcf0a2-afd7-4eb7-84bb-bf8a883318c0"
"19-08-2026 13:31:52","1104","Error","Microsoft-Windows-AAD","AAD Cloud AP plugin call Lookup name name from SID returned error: 0xC00485D3"
"19-08-2026 13:31:52","1025","Error","Microsoft-Windows-AAD","Http request status: 400. Method: GET Endpoint Uri: https://login.microsoftonline.com/6ac7a1f4-5fb1-4153-bb4f-12d2020a1f7d/sidtoname Correlation ID: 0cca71e0-0be3-4e05-a23e-a3a567c5f6f4"
"19-08-2026 13:31:51","1104","Error","Microsoft-Windows-AAD","AAD Cloud AP plugin call Lookup name name from SID returned error: 0xC00485D3"
"19-08-2026 13:31:51","1025","Error","Microsoft-Windows-AAD","Http request status: 400. Method: GET Endpoint Uri: https://login.microsoftonline.com/6ac7a1f4-5fb1-4153-bb4f-12d2020a1f7d/sidtoname Correlation ID: 94fe08ac-6988-47c0-a238-a7b86c54d09a"
"19-08-2026 13:31:50","1104","Error","Microsoft-Windows-AAD","AAD Cloud AP plugin call Lookup name name from SID returned error: 0xC00485D3"
"19-08-2026 13:31:50","1025","Error","Microsoft-Windows-AAD","Http request status: 400. Method: GET Endpoint Uri: https://login.microsoftonline.com/6ac7a1f4-5fb1-4153-bb4f-12d2020a1f7d/sidtoname Correlation ID: 3b56e6fb-9c0d-47b8-ba94-26c45f7237cc"
"19-08-2026 13:26:25","1241","Information","Microsoft-Windows-AAD","On-prem tgt error: On-prem configuration is missing"
"19-08-2026 12:18:37","1104","Error","Microsoft-Windows-AAD","AAD Cloud AP plugin call Post logon processing returned error: 0xC000006D"
"19-08-2026 12:18:37","1159","Warning","Microsoft-Windows-AAD","AadCloudAPPlugin S4U logon failed. Status: 0xC000006D"
"19-08-2026 12:18:35","1241","Information","Microsoft-Windows-AAD","On-prem tgt error: On-prem configuration is missing"
"19-08-2026 12:18:33","1251","Information","Microsoft-Windows-AAD","DoGetEnterpriseToken Diagnostic Event:
Result: 0xC0000250
User Identity: joe.prakash@nielseniq.com
Credential Type: 2
Correlation ID: 09bc64b5-de78-4c4b-b764-c9a1d8fdcddd
Endpoint Uri: https://sts.nielseniq.com/adfs/oauth2/token/
HTTP Status: POST
HTTP Method: The operation completed successfully.
ErrorCode: 401
Error Description: interaction_required"
"19-08-2026 12:18:33","1118","Error","Microsoft-Windows-AAD","Enterprise STS Logon failure. Status: 0xC0000250 Correlation ID: 09bc64b5-de78-4c4b-b764-c9a1d8fdcddd"
"19-08-2026 12:18:33","1081","Error","Microsoft-Windows-AAD","OAuth response error: interaction_required
Error description: MSIS9699: GlobalAuthenticationPolicy on the Server doesn't allow this OAuth JWT Bearer request. Please contact the administrator to update the GlobalAuthenticationPolicy.
CorrelationID: "
"19-08-2026 12:18:33","1025","Error","Microsoft-Windows-AAD","Http request status: 401. Method: POST Endpoint Uri: https://sts.nielseniq.com/adfs/oauth2/token/ Correlation ID: 09bc64b5-de78-4c4b-b764-c9a1d8fdcddd"
"19-08-2026 12:18:32","1241","Information","Microsoft-Windows-AAD","On-prem tgt error: On-prem configuration is missing"
"19-08-2026 10:23:26","1104","Error","Microsoft-Windows-AAD","AAD Cloud AP plugin call Post logon processing returned error: 0xC000006D"
"19-08-2026 10:23:26","1159","Warning","Microsoft-Windows-AAD","AadCloudAPPlugin S4U logon failed. Status: 0xC000006D"
"19-08-2026 10:23:24","1241","Information","Microsoft-Windows-AAD","On-prem tgt error: On-prem configuration is missing"
"19-08-2026 10:23:23","1251","Information","Microsoft-Windows-AAD","DoGetEnterpriseToken Diagnostic Event:
Result: 0xC0000250
User Identity: joe.prakash@nielseniq.com
Credential Type: 2
Correlation ID: cc56501d-0229-4ba2-8c99-f9fadbe84b91
Endpoint Uri: https://sts.nielseniq.com/adfs/oauth2/token/
HTTP Status: POST
HTTP Method: The operation completed successfully.
ErrorCode: 401
Error Description: interaction_required"
"19-08-2026 10:23:23","1118","Error","Microsoft-Windows-AAD","Enterprise STS Logon failure. Status: 0xC0000250 Correlation ID: cc56501d-0229-4ba2-8c99-f9fadbe84b91"
"19-08-2026 10:23:23","1081","Error","Microsoft-Windows-AAD","OAuth response error: interaction_required
Error description: MSIS9699: GlobalAuthenticationPolicy on the Server doesn't allow this OAuth JWT Bearer request. Please contact the administrator to update the GlobalAuthenticationPolicy.
CorrelationID: "
"19-08-2026 10:23:23","1025","Error","Microsoft-Windows-AAD","Http request status: 401. Method: POST Endpoint Uri: https://sts.nielseniq.com/adfs/oauth2/token/ Correlation ID: cc56501d-0229-4ba2-8c99-f9fadbe84b91"
"19-08-2026 10:23:21","1241","Information","Microsoft-Windows-AAD","On-prem tgt error: On-prem configuration is missing"
"19-08-2026 10:17:59","1104","Error","Microsoft-Windows-AAD","AAD Cloud AP plugin call Lookup name name from SID returned error: 0xC00485D3"
"19-08-2026 10:17:59","1025","Error","Microsoft-Windows-AAD","Http request status: 400. Method: GET Endpoint Uri: https://login.microsoftonline.com/6ac7a1f4-5fb1-4153-bb4f-12d2020a1f7d/sidtoname Correlation ID: 62987a45-1aae-43c2-81a1-525bd76ce5f2"
"19-08-2026 10:17:58","1104","Error","Microsoft-Windows-AAD","AAD Cloud AP plugin call Lookup name name from SID returned error: 0xC00485D3"
"19-08-2026 10:17:58","1025","Error","Microsoft-Windows-AAD","Http request status: 400. Method: GET Endpoint Uri: https://login.microsoftonline.com/6ac7a1f4-5fb1-4153-bb4f-12d2020a1f7d/sidtoname Correlation ID: d0efbb94-190b-4507-ab67-57a422bc9baf"
"19-08-2026 10:17:57","1104","Error","Microsoft-Windows-AAD","AAD Cloud AP plugin call Lookup name name from SID returned error: 0xC00485D3"
"19-08-2026 10:17:57","1025","Error","Microsoft-Windows-AAD","Http request status: 400. Method: GET Endpoint Uri: https://login.microsoftonline.com/6ac7a1f4-5fb1-4153-bb4f-12d2020a1f7d/sidtoname Correlation ID: bdbfa44a-4495-4579-a92a-01bc72d19117"
"19-08-2026 10:17:56","1104","Error","Microsoft-Windows-AAD","AAD Cloud AP plugin call Lookup name name from SID returned error: 0xC00485D3"
"19-08-2026 10:17:56","1025","Error","Microsoft-Windows-AAD","Http request status: 400. Method: GET Endpoint Uri: https://login.microsoftonline.com/6ac7a1f4-5fb1-4153-bb4f-12d2020a1f7d/sidtoname Correlation ID: 8357b064-194e-4bde-ae35-84113aca3058"
"19-08-2026 10:17:55","1104","Error","Microsoft-Windows-AAD","AAD Cloud AP plugin call Lookup name name from SID returned error: 0xC00485D3"
"19-08-2026 10:17:55","1025","Error","Microsoft-Windows-AAD","Http request status: 400. Method: GET Endpoint Uri: https://login.microsoftonline.com/6ac7a1f4-5fb1-4153-bb4f-12d2020a1f7d/sidtoname Correlation ID: 28023c2e-e956-4d71-9a8d-d11d256de802"
"19-08-2026 10:17:54","1104","Error","Microsoft-Windows-AAD","AAD Cloud AP plugin call Lookup name name from SID returned error: 0xC00485D3"
"19-08-2026 10:17:54","1025","Error","Microsoft-Windows-AAD","Http request status: 400. Method: GET Endpoint Uri: https://login.microsoftonline.com/6ac7a1f4-5fb1-4153-bb4f-12d2020a1f7d/sidtoname Correlation ID: 60f11ed7-f76b-4bed-a4c5-11ff56215f51"
"19-08-2026 10:17:53","1104","Error","Microsoft-Windows-AAD","AAD Cloud AP plugin call Lookup name name from SID returned error: 0xC00485D3"
"19-08-2026 10:17:53","1025","Error","Microsoft-Windows-AAD","Http request status: 400. Method: GET Endpoint Uri: https://login.microsoftonline.com/6ac7a1f4-5fb1-4153-bb4f-12d2020a1f7d/sidtoname Correlation ID: 193495e6-78fe-4acd-b40f-9b12a7da2e21"
"19-08-2026 10:17:52","1104","Error","Microsoft-Windows-AAD","AAD Cloud AP plugin call Lookup name name from SID returned error: 0xC00485D3"
"19-08-2026 10:17:52","1025","Error","Microsoft-Windows-AAD","Http request status: 400. Method: GET Endpoint Uri: https://login.microsoftonline.com/6ac7a1f4-5fb1-4153-bb4f-12d2020a1f7d/sidtoname Correlation ID: 938e7b48-af39-4e36-8131-96ffb9a7c5b2"
"19-08-2026 10:17:51","1104","Error","Microsoft-Windows-AAD","AAD Cloud AP plugin call Lookup name name from SID returned error: 0xC00485D3"
"19-08-2026 10:17:51","1025","Error","Microsoft-Windows-AAD","Http request status: 400. Method: GET Endpoint Uri: https://login.microsoftonline.com/6ac7a1f4-5fb1-4153-bb4f-12d2020a1f7d/sidtoname Correlation ID: b36638c9-9f51-457a-b3ae-59380e5d682d"
"19-08-2026 10:17:50","1104","Error","Microsoft-Windows-AAD","AAD Cloud AP plugin call Lookup name name from SID returned error: 0xC00485D3"
"19-08-2026 10:17:50","1025","Error","Microsoft-Windows-AAD","Http request status: 400. Method: GET Endpoint Uri: https://login.microsoftonline.com/6ac7a1f4-5fb1-4153-bb4f-12d2020a1f7d/sidtoname Correlation ID: 48946e75-3642-4b7d-ab74-5f0f5241ad9e"
"19-08-2026 10:17:50","1104","Error","Microsoft-Windows-AAD","AAD Cloud AP plugin call Lookup name name from SID returned error: 0xC00485D3"
"19-08-2026 10:17:50","1025","Error","Microsoft-Windows-AAD","Http request status: 400. Method: GET Endpoint Uri: https://login.microsoftonline.com/6ac7a1f4-5fb1-4153-bb4f-12d2020a1f7d/sidtoname Correlation ID: 11a7f16f-3fcb-41fd-8190-718b672207f0"
"19-08-2026 10:17:49","1104","Error","Microsoft-Windows-AAD","AAD Cloud AP plugin call Lookup name name from SID returned error: 0xC00485D3"
"19-08-2026 10:17:49","1025","Error","Microsoft-Windows-AAD","Http request status: 400. Method: GET Endpoint Uri: https://login.microsoftonline.com/6ac7a1f4-5fb1-4153-bb4f-12d2020a1f7d/sidtoname Correlation ID: 2fb39604-6252-459c-9a40-f985e353bb48"
"19-08-2026 10:17:47","1104","Error","Microsoft-Windows-AAD","AAD Cloud AP plugin call Lookup name name from SID returned error: 0xC00485D3"
"19-08-2026 10:17:47","1025","Error","Microsoft-Windows-AAD","Http request status: 400. Method: GET Endpoint Uri: https://login.microsoftonline.com/6ac7a1f4-5fb1-4153-bb4f-12d2020a1f7d/sidtoname Correlation ID: 94e0fa6e-e9a8-4063-b717-c6177f7c7827"
"19-08-2026 10:17:47","1104","Error","Microsoft-Windows-AAD","AAD Cloud AP plugin call Lookup name name from SID returned error: 0xC00485D3"
"19-08-2026 10:17:47","1025","Error","Microsoft-Windows-AAD","Http request status: 400. Method: GET Endpoint Uri: https://login.microsoftonline.com/6ac7a1f4-5fb1-4153-bb4f-12d2020a1f7d/sidtoname Correlation ID: fd4a0750-6af2-466c-afb3-0b9001f3a62a"
"19-08-2026 10:17:46","1104","Error","Microsoft-Windows-AAD","AAD Cloud AP plugin call Lookup name name from SID returned error: 0xC00485D3"
"19-08-2026 10:17:46","1025","Error","Microsoft-Windows-AAD","Http request status: 400. Method: GET Endpoint Uri: https://login.microsoftonline.com/6ac7a1f4-5fb1-4153-bb4f-12d2020a1f7d/sidtoname Correlation ID: c42abcb1-c190-4e09-86c4-f538cbd875d5"
"19-08-2026 10:17:45","1104","Error","Microsoft-Windows-AAD","AAD Cloud AP plugin call Lookup name name from SID returned error: 0xC00485D3"
"19-08-2026 10:17:45","1025","Error","Microsoft-Windows-AAD","Http request status: 400. Method: GET Endpoint Uri: https://login.microsoftonline.com/6ac7a1f4-5fb1-4153-bb4f-12d2020a1f7d/sidtoname Correlation ID: 4acd0de8-87fe-4901-9601-f8e9203bbd4f"
"19-08-2026 10:17:44","1104","Error","Microsoft-Windows-AAD","AAD Cloud AP plugin call Lookup name name from SID returned error: 0xC00485D3"
"19-08-2026 10:17:44","1025","Error","Microsoft-Windows-AAD","Http request status: 400. Method: GET Endpoint Uri: https://login.microsoftonline.com/6ac7a1f4-5fb1-4153-bb4f-12d2020a1f7d/sidtoname Correlation ID: 7d90431d-c060-427e-a9d3-8fa338434bbf"
"19-08-2026 10:17:43","1104","Error","Microsoft-Windows-AAD","AAD Cloud AP plugin call Lookup name name from SID returned error: 0xC00485D3"
"19-08-2026 10:17:43","1025","Error","Microsoft-Windows-AAD","Http request status: 400. Method: GET Endpoint Uri: https://login.microsoftonline.com/6ac7a1f4-5fb1-4153-bb4f-12d2020a1f7d/sidtoname Correlation ID: 8caa9fde-ad60-4969-b76c-36daf88b75f0"
"19-08-2026 10:17:42","1104","Error","Microsoft-Windows-AAD","AAD Cloud AP plugin call Lookup name name from SID returned error: 0xC00485D3"
"19-08-2026 10:17:42","1025","Error","Microsoft-Windows-AAD","Http request status: 400. Method: GET Endpoint Uri: https://login.microsoftonline.com/6ac7a1f4-5fb1-4153-bb4f-12d2020a1f7d/sidtoname Correlation ID: 5ba6d58b-6426-4ff8-a6ec-3a18c89d70ef"
"19-08-2026 10:17:41","1104","Error","Microsoft-Windows-AAD","AAD Cloud AP plugin call Lookup name name from SID returned error: 0xC00485D3"
"19-08-2026 10:17:41","1025","Error","Microsoft-Windows-AAD","Http request status: 400. Method: GET Endpoint Uri: https://login.microsoftonline.com/6ac7a1f4-5fb1-4153-bb4f-12d2020a1f7d/sidtoname Correlation ID: ff63c472-aa9c-4177-b7ba-fc06f710b528"
"19-08-2026 10:17:40","1104","Error","Microsoft-Windows-AAD","AAD Cloud AP plugin call Lookup name name from SID returned error: 0xC00485D3"
"19-08-2026 10:17:40","1025","Error","Microsoft-Windows-AAD","Http request status: 400. Method: GET Endpoint Uri: https://login.microsoftonline.com/6ac7a1f4-5fb1-4153-bb4f-12d2020a1f7d/sidtoname Correlation ID: 3481aa78-e065-4587-8930-5d17de449880"
"19-08-2026 10:17:39","1104","Error","Microsoft-Windows-AAD","AAD Cloud AP plugin call Lookup name name from SID returned error: 0xC00485D3"
"19-08-2026 10:17:39","1025","Error","Microsoft-Windows-AAD","Http request status: 400. Method: GET Endpoint Uri: https://login.microsoftonline.com/6ac7a1f4-5fb1-4153-bb4f-12d2020a1f7d/sidtoname Correlation ID: da838509-f523-4f2b-8bcb-bf5076aa33d4"
"19-08-2026 10:17:38","1104","Error","Microsoft-Windows-AAD","AAD Cloud AP plugin call Lookup name name from SID returned error: 0xC00485D3"
"19-08-2026 10:17:38","1025","Error","Microsoft-Windows-AAD","Http request status: 400. Method: GET Endpoint Uri: https://login.microsoftonline.com/6ac7a1f4-5fb1-4153-bb4f-12d2020a1f7d/sidtoname Correlation ID: b1216747-cdd3-4d3f-9935-6a0551f188f8"
"19-08-2026 10:17:38","1104","Error","Microsoft-Windows-AAD","AAD Cloud AP plugin call Lookup name name from SID returned error: 0xC00485D3"
"19-08-2026 10:17:38","1025","Error","Microsoft-Windows-AAD","Http request status: 400. Method: GET Endpoint Uri: https://login.microsoftonline.com/6ac7a1f4-5fb1-4153-bb4f-12d2020a1f7d/sidtoname Correlation ID: a924e836-8572-4ef3-b368-3e89151ecc69"
"19-08-2026 10:17:36","1104","Error","Microsoft-Windows-AAD","AAD Cloud AP plugin call Lookup name name from SID returned error: 0xC00485D3"
"19-08-2026 10:17:36","1025","Error","Microsoft-Windows-AAD","Http request status: 400. Method: GET Endpoint Uri: https://login.microsoftonline.com/6ac7a1f4-5fb1-4153-bb4f-12d2020a1f7d/sidtoname Correlation ID: f3a82c6e-1b91-4b08-83b6-72a040399eaa"
"19-08-2026 10:17:35","1104","Error","Microsoft-Windows-AAD","AAD Cloud AP plugin call Lookup name name from SID returned error: 0xC00485D3"
"19-08-2026 10:17:35","1025","Error","Microsoft-Windows-AAD","Http request status: 400. Method: GET Endpoint Uri: https://login.microsoftonline.com/6ac7a1f4-5fb1-4153-bb4f-12d2020a1f7d/sidtoname Correlation ID: bc2ead1c-8dd4-4ef0-81af-60df141cf63b"
"19-08-2026 10:17:34","1104","Error","Microsoft-Windows-AAD","AAD Cloud AP plugin call Lookup name name from SID returned error: 0xC00485D3"
"19-08-2026 10:17:34","1025","Error","Microsoft-Windows-AAD","Http request status: 400. Method: GET Endpoint Uri: https://login.microsoftonline.com/6ac7a1f4-5fb1-4153-bb4f-12d2020a1f7d/sidtoname Correlation ID: 0a3b0143-5b00-4db2-93f9-82c4131bdfd9"
"19-08-2026 10:17:33","1104","Error","Microsoft-Windows-AAD","AAD Cloud AP plugin call Lookup name name from SID returned error: 0xC00485D3"
"19-08-2026 10:17:33","1025","Error","Microsoft-Windows-AAD","Http request status: 400. Method: GET Endpoint Uri: https://login.microsoftonline.com/6ac7a1f4-5fb1-4153-bb4f-12d2020a1f7d/sidtoname Correlation ID: 512ec3f7-b6e0-4191-867c-8f1bb09a6675"
"19-08-2026 10:17:32","1104","Error","Microsoft-Windows-AAD","AAD Cloud AP plugin call Lookup name name from SID returned error: 0xC00485D3"
"19-08-2026 10:17:32","1025","Error","Microsoft-Windows-AAD","Http request status: 400. Method: GET Endpoint Uri: https://login.microsoftonline.com/6ac7a1f4-5fb1-4153-bb4f-12d2020a1f7d/sidtoname Correlation ID: b4bbabd2-fd55-42e5-96db-cd54a48878f1"
"19-08-2026 10:17:31","1104","Error","Microsoft-Windows-AAD","AAD Cloud AP plugin call Lookup name name from SID returned error: 0xC00485D3"
"19-08-2026 10:17:31","1025","Error","Microsoft-Windows-AAD","Http request status: 400. Method: GET Endpoint Uri: https://login.microsoftonline.com/6ac7a1f4-5fb1-4153-bb4f-12d2020a1f7d/sidtoname Correlation ID: 9ddebcc3-fa08-4027-b9a1-d46c8e2468a0"
"19-08-2026 10:17:30","1104","Error","Microsoft-Windows-AAD","AAD Cloud AP plugin call Lookup name name from SID returned error: 0xC00485D3"
"19-08-2026 10:17:30","1025","Error","Microsoft-Windows-AAD","Http request status: 400. Method: GET Endpoint Uri: https://login.microsoftonline.com/6ac7a1f4-5fb1-4153-bb4f-12d2020a1f7d/sidtoname Correlation ID: 2462f8e6-c38a-4ba6-9b9d-26de8ec484c8"
"19-08-2026 10:17:30","1104","Error","Microsoft-Windows-AAD","AAD Cloud AP plugin call Lookup name name from SID returned error: 0xC00485D3"
"19-08-2026 10:17:30","1025","Error","Microsoft-Windows-AAD","Http request status: 400. Method: GET Endpoint Uri: https://login.microsoftonline.com/6ac7a1f4-5fb1-4153-bb4f-12d2020a1f7d/sidtoname Correlation ID: deace996-834c-40cf-98e2-c37c7493fd0e"
"19-08-2026 10:17:29","1104","Error","Microsoft-Windows-AAD","AAD Cloud AP plugin call Lookup name name from SID returned error: 0xC00485D3"
"19-08-2026 10:17:29","1025","Error","Microsoft-Windows-AAD","Http request status: 400. Method: GET Endpoint Uri: https://login.microsoftonline.com/6ac7a1f4-5fb1-4153-bb4f-12d2020a1f7d/sidtoname Correlation ID: 8cc57f0f-18ad-4786-875a-2a2e0391802c"
"19-08-2026 10:17:28","1104","Error","Microsoft-Windows-AAD","AAD Cloud AP plugin call Lookup name name from SID returned error: 0xC00485D3"
"19-08-2026 10:17:28","1025","Error","Microsoft-Windows-AAD","Http request status: 400. Method: GET Endpoint Uri: https://login.microsoftonline.com/6ac7a1f4-5fb1-4153-bb4f-12d2020a1f7d/sidtoname Correlation ID: 544dbd38-9c75-4f88-98cb-0846a72ec551"
"19-08-2026 10:17:27","1104","Error","Microsoft-Windows-AAD","AAD Cloud AP plugin call Lookup name name from SID returned error: 0xC00485D3"
"19-08-2026 10:17:27","1025","Error","Microsoft-Windows-AAD","Http request status: 400. Method: GET Endpoint Uri: https://login.microsoftonline.com/6ac7a1f4-5fb1-4153-bb4f-12d2020a1f7d/sidtoname Correlation ID: fc860d31-5cc7-4344-81a9-c80373c213e7"
"19-08-2026 10:17:26","1104","Error","Microsoft-Windows-AAD","AAD Cloud AP plugin call Lookup name name from SID returned error: 0xC00485D3"
"19-08-2026 10:17:26","1025","Error","Microsoft-Windows-AAD","Http request status: 400. Method: GET Endpoint Uri: https://login.microsoftonline.com/6ac7a1f4-5fb1-4153-bb4f-12d2020a1f7d/sidtoname Correlation ID: 24ff85b4-9b4a-48a3-a765-1079457cdf55"
"19-08-2026 09:56:53","1104","Error","Microsoft-Windows-AAD","AAD Cloud AP plugin call Post logon processing returned error: 0xC000006D"
"19-08-2026 09:56:53","1159","Warning","Microsoft-Windows-AAD","AadCloudAPPlugin S4U logon failed. Status: 0xC000006D"
"19-08-2026 09:56:49","1241","Information","Microsoft-Windows-AAD","On-prem tgt error: On-prem configuration is missing"
"19-08-2026 09:56:48","1251","Information","Microsoft-Windows-AAD","DoGetEnterpriseToken Diagnostic Event:
Result: 0xC0000250
User Identity: joe.prakash@nielseniq.com
Credential Type: 2
Correlation ID: de1b3ac1-d5ee-4f10-a244-30b37993f9fc
Endpoint Uri: https://sts.nielseniq.com/adfs/oauth2/token/
HTTP Status: POST
HTTP Method: The operation completed successfully.
ErrorCode: 401
Error Description: interaction_required"
"19-08-2026 09:56:48","1118","Error","Microsoft-Windows-AAD","Enterprise STS Logon failure. Status: 0xC0000250 Correlation ID: de1b3ac1-d5ee-4f10-a244-30b37993f9fc"
"19-08-2026 09:56:48","1081","Error","Microsoft-Windows-AAD","OAuth response error: interaction_required
Error description: MSIS9699: GlobalAuthenticationPolicy on the Server doesn't allow this OAuth JWT Bearer request. Please contact the administrator to update the GlobalAuthenticationPolicy.
CorrelationID: "
"19-08-2026 09:56:48","1025","Error","Microsoft-Windows-AAD","Http request status: 401. Method: POST Endpoint Uri: https://sts.nielseniq.com/adfs/oauth2/token/ Correlation ID: de1b3ac1-d5ee-4f10-a244-30b37993f9fc"
"19-08-2026 09:56:45","1241","Information","Microsoft-Windows-AAD","On-prem tgt error: On-prem configuration is missing"
"19-08-2026 09:56:41","1241","Information","Microsoft-Windows-AAD","On-prem tgt error: On-prem configuration is missing"
"19-08-2026 09:56:32","1104","Error","Microsoft-Windows-AAD","AAD Cloud AP plugin call GenericCallPkg returned error: 0xC000023C"
"19-08-2026 09:56:32","1084","Error","Microsoft-Windows-AAD","Http transport error. Status: Unknown HResult Error code: 0x80072ee7 Correlation ID: {41E79DCE-CDBB-46C2-8EC0-974987436B83}"
"19-08-2026 00:26:07","1241","Information","Microsoft-Windows-AAD","On-prem tgt error: On-prem configuration is missing"
"19-08-2026 00:26:04","1098","Error","Microsoft-Windows-AAD","Error: 0xCAA5001C Token broker operation failed.
Operation name: GetTokenSilently, Error: -895025148 (0xcaa70004), Description: The server or proxy was not found.
Logged at WebAccountProcessor.cpp, line: 723, method: AAD::Core::WebAccountProcessor::ReportOperationError."
"19-08-2026 00:26:04","1097","Warning","Microsoft-Windows-AAD","Error: 0xCAA90056 Renew token by the primary refresh token failed.
Logged at RefreshTokenRequest.cpp, line: 149, method: RefreshTokenRequest::AcquireToken.

Request: authority: https://login.microsoftonline.com/6ac7a1f4-5fb1-4153-bb4f-12d2020a1f7d, client: ab9b8c07-8f02-4f72-87fa-80105867a763, redirect URI: ms-appx-web://Microsoft.AAD.BrokerPlugin/ab9b8c07-8f02-4f72-87fa-80105867a763, resource: , correlation ID (request): ffb79a2a-e7fd-4651-8a57-a138414962fe"
"19-08-2026 00:26:04","1098","Error","Microsoft-Windows-AAD","Error: 0xCAA70004 The server or proxy was not found.
Code: authentication_failed
Description: The server or proxy was not found.
TokenEndpoint: https://login.microsoftonline.com/6ac7a1f4-5fb1-4153-bb4f-12d2020a1f7d/oauth2/token
Logged at OAuthTokenRequestBase.cpp, line: 323, method: OAuthTokenRequestBase::SendRequest.

Request: authority: https://login.microsoftonline.com/6ac7a1f4-5fb1-4153-bb4f-12d2020a1f7d, client: ab9b8c07-8f02-4f72-87fa-80105867a763, redirect URI: ms-appx-web://Microsoft.AAD.BrokerPlugin/ab9b8c07-8f02-4f72-87fa-80105867a763, resource: , correlation ID (request): ffb79a2a-e7fd-4651-8a57-a138414962fe"
"19-08-2026 00:26:04","1098","Error","Microsoft-Windows-AAD","Error: 0xCAA70004 The server or proxy was not found.
Exception of type 'class HttpException' at XMLHTTPWebRequest.cpp, line: 184, method: XMLHTTPWebRequest::ReceiveResponse.

Log: 0xcaa90051 Sending OAuth request failed.
Logged at OAuthTokenRequestBase.cpp, line: 323, method: OAuthTokenRequestBase::SendRequest.

Request: authority: https://login.microsoftonline.com/6ac7a1f4-5fb1-4153-bb4f-12d2020a1f7d, client: ab9b8c07-8f02-4f72-87fa-80105867a763, redirect URI: ms-appx-web://Microsoft.AAD.BrokerPlugin/ab9b8c07-8f02-4f72-87fa-80105867a763, resource: , correlation ID (request): ffb79a2a-e7fd-4651-8a57-a138414962fe"
"19-08-2026 00:26:04","1098","Error","Microsoft-Windows-AAD","Error: 0xCAA5001C Token broker operation failed.
Operation name: GetTokenSilently, Error: -895025148 (0xcaa70004), Description: The server or proxy was not found.
Logged at WebAccountProcessor.cpp, line: 723, method: AAD::Core::WebAccountProcessor::ReportOperationError."
"19-08-2026 00:26:04","1097","Warning","Microsoft-Windows-AAD","Error: 0xCAA90056 Renew token by the primary refresh token failed.
Logged at RefreshTokenRequest.cpp, line: 149, method: RefreshTokenRequest::AcquireToken.

Request: authority: https://login.microsoftonline.com/6ac7a1f4-5fb1-4153-bb4f-12d2020a1f7d, client: d3590ed6-52b3-4102-aeff-aad2292ab01c, redirect URI: ms-appx-web://Microsoft.AAD.BrokerPlugin/d3590ed6-52b3-4102-aeff-aad2292ab01c, resource: , correlation ID (request): 815f47e6-bc36-4eb7-a36d-3c20858a6f6a"
"19-08-2026 00:26:04","1098","Error","Microsoft-Windows-AAD","Error: 0xCAA70004 The server or proxy was not found.
Code: authentication_failed
Description: The server or proxy was not found.
TokenEndpoint: https://login.microsoftonline.com/6ac7a1f4-5fb1-4153-bb4f-12d2020a1f7d/oauth2/token
Logged at OAuthTokenRequestBase.cpp, line: 323, method: OAuthTokenRequestBase::SendRequest.

Request: authority: https://login.microsoftonline.com/6ac7a1f4-5fb1-4153-bb4f-12d2020a1f7d, client: d3590ed6-52b3-4102-aeff-aad2292ab01c, redirect URI: ms-appx-web://Microsoft.AAD.BrokerPlugin/d3590ed6-52b3-4102-aeff-aad2292ab01c, resource: , correlation ID (request): 815f47e6-bc36-4eb7-a36d-3c20858a6f6a"
"19-08-2026 00:26:04","1098","Error","Microsoft-Windows-AAD","Error: 0xCAA70004 The server or proxy was not found.
Exception of type 'class HttpException' at XMLHTTPWebRequest.cpp, line: 184, method: XMLHTTPWebRequest::ReceiveResponse.

Log: 0xcaa90051 Sending OAuth request failed.
Logged at OAuthTokenRequestBase.cpp, line: 323, method: OAuthTokenRequestBase::SendRequest.

Request: authority: https://login.microsoftonline.com/6ac7a1f4-5fb1-4153-bb4f-12d2020a1f7d, client: d3590ed6-52b3-4102-aeff-aad2292ab01c, redirect URI: ms-appx-web://Microsoft.AAD.BrokerPlugin/d3590ed6-52b3-4102-aeff-aad2292ab01c, resource: , correlation ID (request): 815f47e6-bc36-4eb7-a36d-3c20858a6f6a"
"19-08-2026 00:26:04","1098","Error","Microsoft-Windows-AAD","Error: 0xCAA5001C Token broker operation failed.
Operation name: GetTokenSilently, Error: -895025148 (0xcaa70004), Description: The server or proxy was not found.
Logged at WebAccountProcessor.cpp, line: 723, method: AAD::Core::WebAccountProcessor::ReportOperationError."
"19-08-2026 00:26:04","1097","Warning","Microsoft-Windows-AAD","Error: 0xCAA90056 Renew token by the primary refresh token failed.
Logged at RefreshTokenRequest.cpp, line: 149, method: RefreshTokenRequest::AcquireToken.

Request: authority: https://login.microsoftonline.com/6ac7a1f4-5fb1-4153-bb4f-12d2020a1f7d, client: ab9b8c07-8f02-4f72-87fa-80105867a763, redirect URI: ms-appx-web://Microsoft.AAD.BrokerPlugin/ab9b8c07-8f02-4f72-87fa-80105867a763, resource: , correlation ID (request): ca49eb88-1c80-4acc-9e82-e2767f75595b"
"19-08-2026 00:26:04","1098","Error","Microsoft-Windows-AAD","Error: 0xCAA70004 The server or proxy was not found.
Code: authentication_failed
Description: The server or proxy was not found.
TokenEndpoint: https://login.microsoftonline.com/6ac7a1f4-5fb1-4153-bb4f-12d2020a1f7d/oauth2/token
Logged at OAuthTokenRequestBase.cpp, line: 323, method: OAuthTokenRequestBase::SendRequest.

Request: authority: https://login.microsoftonline.com/6ac7a1f4-5fb1-4153-bb4f-12d2020a1f7d, client: ab9b8c07-8f02-4f72-87fa-80105867a763, redirect URI: ms-appx-web://Microsoft.AAD.BrokerPlugin/ab9b8c07-8f02-4f72-87fa-80105867a763, resource: , correlation ID (request): ca49eb88-1c80-4acc-9e82-e2767f75595b"
"19-08-2026 00:26:04","1098","Error","Microsoft-Windows-AAD","Error: 0xCAA70004 The server or proxy was not found.
Exception of type 'class HttpException' at XMLHTTPWebRequest.cpp, line: 184, method: XMLHTTPWebRequest::ReceiveResponse.

Log: 0xcaa90051 Sending OAuth request failed.
Logged at OAuthTokenRequestBase.cpp, line: 323, method: OAuthTokenRequestBase::SendRequest.

Request: authority: https://login.microsoftonline.com/6ac7a1f4-5fb1-4153-bb4f-12d2020a1f7d, client: ab9b8c07-8f02-4f72-87fa-80105867a763, redirect URI: ms-appx-web://Microsoft.AAD.BrokerPlugin/ab9b8c07-8f02-4f72-87fa-80105867a763, resource: , correlation ID (request): ca49eb88-1c80-4acc-9e82-e2767f75595b"
"19-08-2026 00:26:03","1098","Error","Microsoft-Windows-AAD","Error: 0xCAA5001C Token broker operation failed.
Operation name: GetTokenSilently, Error: -895025148 (0xcaa70004), Description: The server or proxy was not found.
Logged at WebAccountProcessor.cpp, line: 723, method: AAD::Core::WebAccountProcessor::ReportOperationError."
"19-08-2026 00:26:03","1097","Warning","Microsoft-Windows-AAD","Error: 0xCAA90056 Renew token by the primary refresh token failed.
Logged at RefreshTokenRequest.cpp, line: 149, method: RefreshTokenRequest::AcquireToken.

Request: authority: https://login.microsoftonline.com/organizations, client: d3590ed6-52b3-4102-aeff-aad2292ab01c, redirect URI: ms-appx-web://Microsoft.AAD.BrokerPlugin/d3590ed6-52b3-4102-aeff-aad2292ab01c, resource: https://dataservice.o365filtering.com, correlation ID (request): 50d28408-bde0-4466-b36f-fdf8f9ed7ba5"
"19-08-2026 00:26:03","1098","Error","Microsoft-Windows-AAD","Error: 0xCAA70004 The server or proxy was not found.
Code: authentication_failed
Description: The server or proxy was not found.
TokenEndpoint: https://login.microsoftonline.com/organizations/oauth2/token
Logged at OAuthTokenRequestBase.cpp, line: 323, method: OAuthTokenRequestBase::SendRequest.

Request: authority: https://login.microsoftonline.com/organizations, client: d3590ed6-52b3-4102-aeff-aad2292ab01c, redirect URI: ms-appx-web://Microsoft.AAD.BrokerPlugin/d3590ed6-52b3-4102-aeff-aad2292ab01c, resource: https://dataservice.o365filtering.com, correlation ID (request): 50d28408-bde0-4466-b36f-fdf8f9ed7ba5"
"19-08-2026 00:26:03","1098","Error","Microsoft-Windows-AAD","Error: 0xCAA70004 The server or proxy was not found.
Exception of type 'class HttpException' at XMLHTTPWebRequest.cpp, line: 184, method: XMLHTTPWebRequest::ReceiveResponse.

Log: 0xcaa90051 Sending OAuth request failed.
Logged at OAuthTokenRequestBase.cpp, line: 323, method: OAuthTokenRequestBase::SendRequest.

Request: authority: https://login.microsoftonline.com/organizations, client: d3590ed6-52b3-4102-aeff-aad2292ab01c, redirect URI: ms-appx-web://Microsoft.AAD.BrokerPlugin/d3590ed6-52b3-4102-aeff-aad2292ab01c, resource: https://dataservice.o365filtering.com, correlation ID (request): 50d28408-bde0-4466-b36f-fdf8f9ed7ba5"
"19-08-2026 00:26:03","1098","Error","Microsoft-Windows-AAD","Error: 0xCAA5001C Token broker operation failed.
Operation name: GetTokenSilently, Error: -895025148 (0xcaa70004), Description: The server or proxy was not found.
Logged at WebAccountProcessor.cpp, line: 723, method: AAD::Core::WebAccountProcessor::ReportOperationError."
"19-08-2026 00:26:03","1097","Warning","Microsoft-Windows-AAD","Error: 0xCAA90056 Renew token by the primary refresh token failed.
Logged at RefreshTokenRequest.cpp, line: 149, method: RefreshTokenRequest::AcquireToken.

Request: authority: https://login.microsoftonline.com/6ac7a1f4-5fb1-4153-bb4f-12d2020a1f7d, client: 0ec893e0-5785-4de6-99da-4ed124e5296c, redirect URI: ms-appx-web://Microsoft.AAD.BrokerPlugin/0ec893e0-5785-4de6-99da-4ed124e5296c, resource: , correlation ID (request): d1123ef9-6e63-40fe-8a8e-ba89fd715c89"
"19-08-2026 00:26:03","1098","Error","Microsoft-Windows-AAD","Error: 0xCAA70004 The server or proxy was not found.
Code: authentication_failed
Description: The server or proxy was not found.
TokenEndpoint: https://login.microsoftonline.com/6ac7a1f4-5fb1-4153-bb4f-12d2020a1f7d/oauth2/token
Logged at OAuthTokenRequestBase.cpp, line: 323, method: OAuthTokenRequestBase::SendRequest.

Request: authority: https://login.microsoftonline.com/6ac7a1f4-5fb1-4153-bb4f-12d2020a1f7d, client: 0ec893e0-5785-4de6-99da-4ed124e5296c, redirect URI: ms-appx-web://Microsoft.AAD.BrokerPlugin/0ec893e0-5785-4de6-99da-4ed124e5296c, resource: , correlation ID (request): d1123ef9-6e63-40fe-8a8e-ba89fd715c89"
"19-08-2026 00:26:03","1098","Error","Microsoft-Windows-AAD","Error: 0xCAA70004 The server or proxy was not found.
Exception of type 'class HttpException' at XMLHTTPWebRequest.cpp, line: 184, method: XMLHTTPWebRequest::ReceiveResponse.

Log: 0xcaa90051 Sending OAuth request failed.
Logged at OAuthTokenRequestBase.cpp, line: 323, method: OAuthTokenRequestBase::SendRequest.

Request: authority: https://login.microsoftonline.com/6ac7a1f4-5fb1-4153-bb4f-12d2020a1f7d, client: 0ec893e0-5785-4de6-99da-4ed124e5296c, redirect URI: ms-appx-web://Microsoft.AAD.BrokerPlugin/0ec893e0-5785-4de6-99da-4ed124e5296c, resource: , correlation ID (request): d1123ef9-6e63-40fe-8a8e-ba89fd715c89"
"19-08-2026 00:26:03","1098","Error","Microsoft-Windows-AAD","Error: 0xCAA5001C Token broker operation failed.
Operation name: GetTokenSilently, Error: -895025148 (0xcaa70004), Description: The server or proxy was not found.
Logged at WebAccountProcessor.cpp, line: 723, method: AAD::Core::WebAccountProcessor::ReportOperationError."
"19-08-2026 00:26:03","1097","Warning","Microsoft-Windows-AAD","Error: 0xCAA90056 Renew token by the primary refresh token failed.
Logged at RefreshTokenRequest.cpp, line: 149, method: RefreshTokenRequest::AcquireToken.

Request: authority: https://login.microsoftonline.com/6ac7a1f4-5fb1-4153-bb4f-12d2020a1f7d, client: ecd6b820-32c2-49b6-98a6-444530e5a77a, redirect URI: ms-appx-web://Microsoft.AAD.BrokerPlugin/ecd6b820-32c2-49b6-98a6-444530e5a77a, resource: , correlation ID (request): 1cc566b2-617d-48af-9b79-3d7f04049183"
"19-08-2026 00:26:03","1098","Error","Microsoft-Windows-AAD","Error: 0xCAA70004 The server or proxy was not found.
Code: authentication_failed
Description: The server or proxy was not found.
TokenEndpoint: https://login.microsoftonline.com/6ac7a1f4-5fb1-4153-bb4f-12d2020a1f7d/oauth2/token
Logged at OAuthTokenRequestBase.cpp, line: 323, method: OAuthTokenRequestBase::SendRequest.

Request: authority: https://login.microsoftonline.com/6ac7a1f4-5fb1-4153-bb4f-12d2020a1f7d, client: ecd6b820-32c2-49b6-98a6-444530e5a77a, redirect URI: ms-appx-web://Microsoft.AAD.BrokerPlugin/ecd6b820-32c2-49b6-98a6-444530e5a77a, resource: , correlation ID (request): 1cc566b2-617d-48af-9b79-3d7f04049183"
"19-08-2026 00:26:03","1098","Error","Microsoft-Windows-AAD","Error: 0xCAA70004 The server or proxy was not found.
Exception of type 'class HttpException' at XMLHTTPWebRequest.cpp, line: 184, method: XMLHTTPWebRequest::ReceiveResponse.

Log: 0xcaa90051 Sending OAuth request failed.
Logged at OAuthTokenRequestBase.cpp, line: 323, method: OAuthTokenRequestBase::SendRequest.

Request: authority: https://login.microsoftonline.com/6ac7a1f4-5fb1-4153-bb4f-12d2020a1f7d, client: ecd6b820-32c2-49b6-98a6-444530e5a77a, redirect URI: ms-appx-web://Microsoft.AAD.BrokerPlugin/ecd6b820-32c2-49b6-98a6-444530e5a77a, resource: , correlation ID (request): 1cc566b2-617d-48af-9b79-3d7f04049183"
"19-08-2026 00:26:03","1098","Error","Microsoft-Windows-AAD","Error: 0xCAA5001C Token broker operation failed.
Operation name: GetTokenSilently, Error: -895025148 (0xcaa70004), Description: The server or proxy was not found.
Logged at WebAccountProcessor.cpp, line: 723, method: AAD::Core::WebAccountProcessor::ReportOperationError."
"19-08-2026 00:26:03","1097","Warning","Microsoft-Windows-AAD","Error: 0xCAA90056 Renew token by the primary refresh token failed.
Logged at RefreshTokenRequest.cpp, line: 149, method: RefreshTokenRequest::AcquireToken.

Request: authority: https://login.microsoftonline.com/6ac7a1f4-5fb1-4153-bb4f-12d2020a1f7d, client: d3590ed6-52b3-4102-aeff-aad2292ab01c, redirect URI: ms-appx-web://Microsoft.AAD.BrokerPlugin/d3590ed6-52b3-4102-aeff-aad2292ab01c, resource: , correlation ID (request): 8ab8c93c-1ace-46e3-a882-2b8395fecc29"
"19-08-2026 00:26:03","1098","Error","Microsoft-Windows-AAD","Error: 0xCAA70004 The server or proxy was not found.
Code: authentication_failed
Description: The server or proxy was not found.
TokenEndpoint: https://login.microsoftonline.com/6ac7a1f4-5fb1-4153-bb4f-12d2020a1f7d/oauth2/token
Logged at OAuthTokenRequestBase.cpp, line: 323, method: OAuthTokenRequestBase::SendRequest.

Request: authority: https://login.microsoftonline.com/6ac7a1f4-5fb1-4153-bb4f-12d2020a1f7d, client: d3590ed6-52b3-4102-aeff-aad2292ab01c, redirect URI: ms-appx-web://Microsoft.AAD.BrokerPlugin/d3590ed6-52b3-4102-aeff-aad2292ab01c, resource: , correlation ID (request): 8ab8c93c-1ace-46e3-a882-2b8395fecc29"
"19-08-2026 00:26:03","1098","Error","Microsoft-Windows-AAD","Error: 0xCAA70004 The server or proxy was not found.
Exception of type 'class HttpException' at XMLHTTPWebRequest.cpp, line: 184, method: XMLHTTPWebRequest::ReceiveResponse.

Log: 0xcaa90051 Sending OAuth request failed.
Logged at OAuthTokenRequestBase.cpp, line: 323, method: OAuthTokenRequestBase::SendRequest.

Request: authority: https://login.microsoftonline.com/6ac7a1f4-5fb1-4153-bb4f-12d2020a1f7d, client: d3590ed6-52b3-4102-aeff-aad2292ab01c, redirect URI: ms-appx-web://Microsoft.AAD.BrokerPlugin/d3590ed6-52b3-4102-aeff-aad2292ab01c, resource: , correlation ID (request): 8ab8c93c-1ace-46e3-a882-2b8395fecc29"
"19-08-2026 00:26:03","1098","Error","Microsoft-Windows-AAD","Error: 0xCAA5001C Token broker operation failed.
Operation name: GetTokenSilently, Error: -895025148 (0xcaa70004), Description: The server or proxy was not found.
Logged at WebAccountProcessor.cpp, line: 723, method: AAD::Core::WebAccountProcessor::ReportOperationError."
"19-08-2026 00:26:03","1097","Warning","Microsoft-Windows-AAD","Error: 0xCAA90056 Renew token by the primary refresh token failed.
Logged at RefreshTokenRequest.cpp, line: 149, method: RefreshTokenRequest::AcquireToken.

Request: authority: https://login.microsoftonline.com/6ac7a1f4-5fb1-4153-bb4f-12d2020a1f7d, client: ecd6b820-32c2-49b6-98a6-444530e5a77a, redirect URI: ms-appx-web://Microsoft.AAD.BrokerPlugin/ecd6b820-32c2-49b6-98a6-444530e5a77a, resource: , correlation ID (request): 09527425-e2b8-4bae-b975-a95ad1e26466"
"19-08-2026 00:26:03","1098","Error","Microsoft-Windows-AAD","Error: 0xCAA70004 The server or proxy was not found.
Code: authentication_failed
Description: The server or proxy was not found.
TokenEndpoint: https://login.microsoftonline.com/6ac7a1f4-5fb1-4153-bb4f-12d2020a1f7d/oauth2/token
Logged at OAuthTokenRequestBase.cpp, line: 323, method: OAuthTokenRequestBase::SendRequest.

Request: authority: https://login.microsoftonline.com/6ac7a1f4-5fb1-4153-bb4f-12d2020a1f7d, client: ecd6b820-32c2-49b6-98a6-444530e5a77a, redirect URI: ms-appx-web://Microsoft.AAD.BrokerPlugin/ecd6b820-32c2-49b6-98a6-444530e5a77a, resource: , correlation ID (request): 09527425-e2b8-4bae-b975-a95ad1e26466"
"19-08-2026 00:26:03","1098","Error","Microsoft-Windows-AAD","Error: 0xCAA70004 The server or proxy was not found.
Exception of type 'class HttpException' at XMLHTTPWebRequest.cpp, line: 184, method: XMLHTTPWebRequest::ReceiveResponse.

Log: 0xcaa90051 Sending OAuth request failed.
Logged at OAuthTokenRequestBase.cpp, line: 323, method: OAuthTokenRequestBase::SendRequest.

Request: authority: https://login.microsoftonline.com/6ac7a1f4-5fb1-4153-bb4f-12d2020a1f7d, client: ecd6b820-32c2-49b6-98a6-444530e5a77a, redirect URI: ms-appx-web://Microsoft.AAD.BrokerPlugin/ecd6b820-32c2-49b6-98a6-444530e5a77a, resource: , correlation ID (request): 09527425-e2b8-4bae-b975-a95ad1e26466"
"19-08-2026 00:26:03","1098","Error","Microsoft-Windows-AAD","Error: 0xCAA5001C Token broker operation failed.
Operation name: GetTokenSilently, Error: -895025148 (0xcaa70004), Description: The server or proxy was not found.
Logged at WebAccountProcessor.cpp, line: 723, method: AAD::Core::WebAccountProcessor::ReportOperationError."
"19-08-2026 00:26:03","1097","Warning","Microsoft-Windows-AAD","Error: 0xCAA90056 Renew token by the primary refresh token failed.
Logged at RefreshTokenRequest.cpp, line: 149, method: RefreshTokenRequest::AcquireToken.

Request: authority: https://login.microsoftonline.com/6ac7a1f4-5fb1-4153-bb4f-12d2020a1f7d, client: d7b530a4-7680-4c23-a8bf-c52c121d2e87, redirect URI: ms-appx-web://Microsoft.AAD.BrokerPlugin/d7b530a4-7680-4c23-a8bf-c52c121d2e87, resource: , correlation ID (request): 3ecb707c-a30b-4a2a-8977-188e845dcfd4"
"19-08-2026 00:26:03","1098","Error","Microsoft-Windows-AAD","Error: 0xCAA70004 The server or proxy was not found.
Code: authentication_failed
Description: The server or proxy was not found.
TokenEndpoint: https://login.microsoftonline.com/6ac7a1f4-5fb1-4153-bb4f-12d2020a1f7d/oauth2/token
Logged at OAuthTokenRequestBase.cpp, line: 323, method: OAuthTokenRequestBase::SendRequest.

Request: authority: https://login.microsoftonline.com/6ac7a1f4-5fb1-4153-bb4f-12d2020a1f7d, client: d7b530a4-7680-4c23-a8bf-c52c121d2e87, redirect URI: ms-appx-web://Microsoft.AAD.BrokerPlugin/d7b530a4-7680-4c23-a8bf-c52c121d2e87, resource: , correlation ID (request): 3ecb707c-a30b-4a2a-8977-188e845dcfd4"
"19-08-2026 00:26:03","1098","Error","Microsoft-Windows-AAD","Error: 0xCAA70004 The server or proxy was not found.
Exception of type 'class HttpException' at XMLHTTPWebRequest.cpp, line: 184, method: XMLHTTPWebRequest::ReceiveResponse.

Log: 0xcaa90051 Sending OAuth request failed.
Logged at OAuthTokenRequestBase.cpp, line: 323, method: OAuthTokenRequestBase::SendRequest.

Request: authority: https://login.microsoftonline.com/6ac7a1f4-5fb1-4153-bb4f-12d2020a1f7d, client: d7b530a4-7680-4c23-a8bf-c52c121d2e87, redirect URI: ms-appx-web://Microsoft.AAD.BrokerPlugin/d7b530a4-7680-4c23-a8bf-c52c121d2e87, resource: , correlation ID (request): 3ecb707c-a30b-4a2a-8977-188e845dcfd4"
"19-08-2026 00:26:03","1098","Error","Microsoft-Windows-AAD","Error: 0xCAA5001C Token broker operation failed.
Operation name: GetTokenSilently, Error: -895025148 (0xcaa70004), Description: The server or proxy was not found.
Logged at WebAccountProcessor.cpp, line: 723, method: AAD::Core::WebAccountProcessor::ReportOperationError."
"19-08-2026 00:26:03","1097","Warning","Microsoft-Windows-AAD","Error: 0xCAA90056 Renew token by the primary refresh token failed.
Logged at RefreshTokenRequest.cpp, line: 149, method: RefreshTokenRequest::AcquireToken.

Request: authority: https://login.microsoftonline.com/6ac7a1f4-5fb1-4153-bb4f-12d2020a1f7d, client: d7b530a4-7680-4c23-a8bf-c52c121d2e87, redirect URI: ms-appx-web://Microsoft.AAD.BrokerPlugin/d7b530a4-7680-4c23-a8bf-c52c121d2e87, resource: , correlation ID (request): 002f04aa-3307-44a3-810d-2300ad9ca53b"
"19-08-2026 00:26:03","1098","Error","Microsoft-Windows-AAD","Error: 0xCAA70004 The server or proxy was not found.
Code: authentication_failed
Description: The server or proxy was not found.
TokenEndpoint: https://login.microsoftonline.com/6ac7a1f4-5fb1-4153-bb4f-12d2020a1f7d/oauth2/token
Logged at OAuthTokenRequestBase.cpp, line: 323, method: OAuthTokenRequestBase::SendRequest.

Request: authority: https://login.microsoftonline.com/6ac7a1f4-5fb1-4153-bb4f-12d2020a1f7d, client: d7b530a4-7680-4c23-a8bf-c52c121d2e87, redirect URI: ms-appx-web://Microsoft.AAD.BrokerPlugin/d7b530a4-7680-4c23-a8bf-c52c121d2e87, resource: , correlation ID (request): 002f04aa-3307-44a3-810d-2300ad9ca53b"
"19-08-2026 00:26:03","1098","Error","Microsoft-Windows-AAD","Error: 0xCAA70004 The server or proxy was not found.
Exception of type 'class HttpException' at XMLHTTPWebRequest.cpp, line: 184, method: XMLHTTPWebRequest::ReceiveResponse.

Log: 0xcaa90051 Sending OAuth request failed.
Logged at OAuthTokenRequestBase.cpp, line: 323, method: OAuthTokenRequestBase::SendRequest.

Request: authority: https://login.microsoftonline.com/6ac7a1f4-5fb1-4153-bb4f-12d2020a1f7d, client: d7b530a4-7680-4c23-a8bf-c52c121d2e87, redirect URI: ms-appx-web://Microsoft.AAD.BrokerPlugin/d7b530a4-7680-4c23-a8bf-c52c121d2e87, resource: , correlation ID (request): 002f04aa-3307-44a3-810d-2300ad9ca53b"
"19-08-2026 00:26:03","1098","Error","Microsoft-Windows-AAD","Error: 0xCAA5001C Token broker operation failed.
Operation name: GetTokenSilently, Error: -895025148 (0xcaa70004), Description: The server or proxy was not found.
Logged at WebAccountProcessor.cpp, line: 723, method: AAD::Core::WebAccountProcessor::ReportOperationError."
"19-08-2026 00:26:03","1097","Warning","Microsoft-Windows-AAD","Error: 0xCAA90056 Renew token by the primary refresh token failed.
Logged at RefreshTokenRequest.cpp, line: 149, method: RefreshTokenRequest::AcquireToken.

Request: authority: https://login.microsoftonline.com/6ac7a1f4-5fb1-4153-bb4f-12d2020a1f7d, client: ab9b8c07-8f02-4f72-87fa-80105867a763, redirect URI: ms-appx-web://Microsoft.AAD.BrokerPlugin/ab9b8c07-8f02-4f72-87fa-80105867a763, resource: , correlation ID (request): c597b6b7-8908-43e9-94a0-008d4f64df33"
"19-08-2026 00:26:03","1098","Error","Microsoft-Windows-AAD","Error: 0xCAA70004 The server or proxy was not found.
Code: authentication_failed
Description: The server or proxy was not found.
TokenEndpoint: https://login.microsoftonline.com/6ac7a1f4-5fb1-4153-bb4f-12d2020a1f7d/oauth2/token
Logged at OAuthTokenRequestBase.cpp, line: 323, method: OAuthTokenRequestBase::SendRequest.

Request: authority: https://login.microsoftonline.com/6ac7a1f4-5fb1-4153-bb4f-12d2020a1f7d, client: ab9b8c07-8f02-4f72-87fa-80105867a763, redirect URI: ms-appx-web://Microsoft.AAD.BrokerPlugin/ab9b8c07-8f02-4f72-87fa-80105867a763, resource: , correlation ID (request): c597b6b7-8908-43e9-94a0-008d4f64df33"
"19-08-2026 00:26:03","1098","Error","Microsoft-Windows-AAD","Error: 0xCAA70004 The server or proxy was not found.
Exception of type 'class HttpException' at XMLHTTPWebRequest.cpp, line: 184, method: XMLHTTPWebRequest::ReceiveResponse.

Log: 0xcaa90051 Sending OAuth request failed.
Logged at OAuthTokenRequestBase.cpp, line: 323, method: OAuthTokenRequestBase::SendRequest.

Request: authority: https://login.microsoftonline.com/6ac7a1f4-5fb1-4153-bb4f-12d2020a1f7d, client: ab9b8c07-8f02-4f72-87fa-80105867a763, redirect URI: ms-appx-web://Microsoft.AAD.BrokerPlugin/ab9b8c07-8f02-4f72-87fa-80105867a763, resource: , correlation ID (request): c597b6b7-8908-43e9-94a0-008d4f64df33"
"19-08-2026 00:26:03","1098","Error","Microsoft-Windows-AAD","Error: 0xCAA5001C Token broker operation failed.
Operation name: GetTokenSilently, Error: -895025148 (0xcaa70004), Description: The server or proxy was not found.
Logged at WebAccountProcessor.cpp, line: 723, method: AAD::Core::WebAccountProcessor::ReportOperationError."
"19-08-2026 00:26:03","1097","Warning","Microsoft-Windows-AAD","Error: 0xCAA90056 Renew token by the primary refresh token failed.
Logged at RefreshTokenRequest.cpp, line: 149, method: RefreshTokenRequest::AcquireToken.

Request: authority: https://login.microsoftonline.com/6ac7a1f4-5fb1-4153-bb4f-12d2020a1f7d, client: 0ec893e0-5785-4de6-99da-4ed124e5296c, redirect URI: ms-appx-web://Microsoft.AAD.BrokerPlugin/0ec893e0-5785-4de6-99da-4ed124e5296c, resource: , correlation ID (request): 01a0163b-08f1-790f-acb3-a9d4f502a760"
"19-08-2026 00:26:03","1098","Error","Microsoft-Windows-AAD","Error: 0xCAA70004 The server or proxy was not found.
Code: authentication_failed
Description: The server or proxy was not found.
TokenEndpoint: https://login.microsoftonline.com/6ac7a1f4-5fb1-4153-bb4f-12d2020a1f7d/oauth2/token
Logged at OAuthTokenRequestBase.cpp, line: 323, method: OAuthTokenRequestBase::SendRequest.

Request: authority: https://login.microsoftonline.com/6ac7a1f4-5fb1-4153-bb4f-12d2020a1f7d, client: 0ec893e0-5785-4de6-99da-4ed124e5296c, redirect URI: ms-appx-web://Microsoft.AAD.BrokerPlugin/0ec893e0-5785-4de6-99da-4ed124e5296c, resource: , correlation ID (request): 01a0163b-08f1-790f-acb3-a9d4f502a760"
"19-08-2026 00:26:03","1098","Error","Microsoft-Windows-AAD","Error: 0xCAA70004 The server or proxy was not found.
Exception of type 'class HttpException' at XMLHTTPWebRequest.cpp, line: 184, method: XMLHTTPWebRequest::ReceiveResponse.

Log: 0xcaa90051 Sending OAuth request failed.
Logged at OAuthTokenRequestBase.cpp, line: 323, method: OAuthTokenRequestBase::SendRequest.

Request: authority: https://login.microsoftonline.com/6ac7a1f4-5fb1-4153-bb4f-12d2020a1f7d, client: 0ec893e0-5785-4de6-99da-4ed124e5296c, redirect URI: ms-appx-web://Microsoft.AAD.BrokerPlugin/0ec893e0-5785-4de6-99da-4ed124e5296c, resource: , correlation ID (request): 01a0163b-08f1-790f-acb3-a9d4f502a760"
"19-08-2026 00:26:03","1098","Error","Microsoft-Windows-AAD","Error: 0xCAA5001C Token broker operation failed.
Operation name: GetTokenSilently, Error: -895025148 (0xcaa70004), Description: The server or proxy was not found.
Logged at WebAccountProcessor.cpp, line: 723, method: AAD::Core::WebAccountProcessor::ReportOperationError."
"19-08-2026 00:26:03","1097","Warning","Microsoft-Windows-AAD","Error: 0xCAA90056 Renew token by the primary refresh token failed.
Logged at RefreshTokenRequest.cpp, line: 149, method: RefreshTokenRequest::AcquireToken.

Request: authority: https://login.microsoftonline.com/6ac7a1f4-5fb1-4153-bb4f-12d2020a1f7d, client: c0ab8ce9-e9a0-42e7-b064-33d422df41f1, redirect URI: ms-appx-web://Microsoft.AAD.BrokerPlugin/c0ab8ce9-e9a0-42e7-b064-33d422df41f1, resource: , correlation ID (request): 0ff17ceb-3e95-4b86-893f-32db5f6c318a"
"19-08-2026 00:26:03","1098","Error","Microsoft-Windows-AAD","Error: 0xCAA70004 The server or proxy was not found.
Code: authentication_failed
Description: The server or proxy was not found.
TokenEndpoint: https://login.microsoftonline.com/6ac7a1f4-5fb1-4153-bb4f-12d2020a1f7d/oauth2/token
Logged at OAuthTokenRequestBase.cpp, line: 323, method: OAuthTokenRequestBase::SendRequest.

Request: authority: https://login.microsoftonline.com/6ac7a1f4-5fb1-4153-bb4f-12d2020a1f7d, client: c0ab8ce9-e9a0-42e7-b064-33d422df41f1, redirect URI: ms-appx-web://Microsoft.AAD.BrokerPlugin/c0ab8ce9-e9a0-42e7-b064-33d422df41f1, resource: , correlation ID (request): 0ff17ceb-3e95-4b86-893f-32db5f6c318a"
"19-08-2026 00:26:03","1098","Error","Microsoft-Windows-AAD","Error: 0xCAA70004 The server or proxy was not found.
Exception of type 'class HttpException' at XMLHTTPWebRequest.cpp, line: 184, method: XMLHTTPWebRequest::ReceiveResponse.

Log: 0xcaa90051 Sending OAuth request failed.
Logged at OAuthTokenRequestBase.cpp, line: 323, method: OAuthTokenRequestBase::SendRequest.

Request: authority: https://login.microsoftonline.com/6ac7a1f4-5fb1-4153-bb4f-12d2020a1f7d, client: c0ab8ce9-e9a0-42e7-b064-33d422df41f1, redirect URI: ms-appx-web://Microsoft.AAD.BrokerPlugin/c0ab8ce9-e9a0-42e7-b064-33d422df41f1, resource: , correlation ID (request): 0ff17ceb-3e95-4b86-893f-32db5f6c318a"
"19-08-2026 00:26:03","1098","Error","Microsoft-Windows-AAD","Error: 0xCAA5001C Token broker operation failed.
Operation name: GetTokenSilently, Error: -895025148 (0xcaa70004), Description: The server or proxy was not found.
Logged at WebAccountProcessor.cpp, line: 723, method: AAD::Core::WebAccountProcessor::ReportOperationError."
"19-08-2026 00:26:03","1097","Warning","Microsoft-Windows-AAD","Error: 0xCAA90056 Renew token by the primary refresh token failed.
Logged at RefreshTokenRequest.cpp, line: 149, method: RefreshTokenRequest::AcquireToken.

Request: authority: https://login.microsoftonline.com/6ac7a1f4-5fb1-4153-bb4f-12d2020a1f7d, client: 0ec893e0-5785-4de6-99da-4ed124e5296c, redirect URI: ms-appx-web://Microsoft.AAD.BrokerPlugin/0ec893e0-5785-4de6-99da-4ed124e5296c, resource: , correlation ID (request): 01a0163b-08a0-717c-b920-5a23d0717a3e"
"19-08-2026 00:26:03","1098","Error","Microsoft-Windows-AAD","Error: 0xCAA70004 The server or proxy was not found.
Code: authentication_failed
Description: The server or proxy was not found.
TokenEndpoint: https://login.microsoftonline.com/6ac7a1f4-5fb1-4153-bb4f-12d2020a1f7d/oauth2/token
Logged at OAuthTokenRequestBase.cpp, line: 323, method: OAuthTokenRequestBase::SendRequest.

Request: authority: https://login.microsoftonline.com/6ac7a1f4-5fb1-4153-bb4f-12d2020a1f7d, client: 0ec893e0-5785-4de6-99da-4ed124e5296c, redirect URI: ms-appx-web://Microsoft.AAD.BrokerPlugin/0ec893e0-5785-4de6-99da-4ed124e5296c, resource: , correlation ID (request): 01a0163b-08a0-717c-b920-5a23d0717a3e"
"19-08-2026 00:26:03","1098","Error","Microsoft-Windows-AAD","Error: 0xCAA70004 The server or proxy was not found.
Exception of type 'class HttpException' at XMLHTTPWebRequest.cpp, line: 184, method: XMLHTTPWebRequest::ReceiveResponse.

Log: 0xcaa90051 Sending OAuth request failed.
Logged at OAuthTokenRequestBase.cpp, line: 323, method: OAuthTokenRequestBase::SendRequest.

Request: authority: https://login.microsoftonline.com/6ac7a1f4-5fb1-4153-bb4f-12d2020a1f7d, client: 0ec893e0-5785-4de6-99da-4ed124e5296c, redirect URI: ms-appx-web://Microsoft.AAD.BrokerPlugin/0ec893e0-5785-4de6-99da-4ed124e5296c, resource: , correlation ID (request): 01a0163b-08a0-717c-b920-5a23d0717a3e"
"19-08-2026 00:26:03","1098","Error","Microsoft-Windows-AAD","Error: 0xCAA5001C Token broker operation failed.
Operation name: GetTokenSilently, Error: -895025148 (0xcaa70004), Description: The server or proxy was not found.
Logged at WebAccountProcessor.cpp, line: 723, method: AAD::Core::WebAccountProcessor::ReportOperationError."
"19-08-2026 00:26:03","1097","Warning","Microsoft-Windows-AAD","Error: 0xCAA90056 Renew token by the primary refresh token failed.
Logged at RefreshTokenRequest.cpp, line: 149, method: RefreshTokenRequest::AcquireToken.

Request: authority: https://login.microsoftonline.com/6ac7a1f4-5fb1-4153-bb4f-12d2020a1f7d, client: 0ec893e0-5785-4de6-99da-4ed124e5296c, redirect URI: ms-appx-web://Microsoft.AAD.BrokerPlugin/0ec893e0-5785-4de6-99da-4ed124e5296c, resource: , correlation ID (request): a201835f-6cc3-4a09-8f46-00c7e9b796ef"
"19-08-2026 00:26:03","1098","Error","Microsoft-Windows-AAD","Error: 0xCAA70004 The server or proxy was not found.
Code: authentication_failed
Description: The server or proxy was not found.
TokenEndpoint: https://login.microsoftonline.com/6ac7a1f4-5fb1-4153-bb4f-12d2020a1f7d/oauth2/token
Logged at OAuthTokenRequestBase.cpp, line: 323, method: OAuthTokenRequestBase::SendRequest.

Request: authority: https://login.microsoftonline.com/6ac7a1f4-5fb1-4153-bb4f-12d2020a1f7d, client: 0ec893e0-5785-4de6-99da-4ed124e5296c, redirect URI: ms-appx-web://Microsoft.AAD.BrokerPlugin/0ec893e0-5785-4de6-99da-4ed124e5296c, resource: , correlation ID (request): a201835f-6cc3-4a09-8f46-00c7e9b796ef"
"19-08-2026 00:26:03","1098","Error","Microsoft-Windows-AAD","Error: 0xCAA70004 The server or proxy was not found.
Exception of type 'class HttpException' at XMLHTTPWebRequest.cpp, line: 184, method: XMLHTTPWebRequest::ReceiveResponse.

Log: 0xcaa90051 Sending OAuth request failed.
Logged at OAuthTokenRequestBase.cpp, line: 323, method: OAuthTokenRequestBase::SendRequest.

Request: authority: https://login.microsoftonline.com/6ac7a1f4-5fb1-4153-bb4f-12d2020a1f7d, client: 0ec893e0-5785-4de6-99da-4ed124e5296c, redirect URI: ms-appx-web://Microsoft.AAD.BrokerPlugin/0ec893e0-5785-4de6-99da-4ed124e5296c, resource: , correlation ID (request): a201835f-6cc3-4a09-8f46-00c7e9b796ef"
"19-08-2026 00:26:03","1098","Error","Microsoft-Windows-AAD","Error: 0xCAA5001C Token broker operation failed.
Operation name: GetTokenSilently, Error: -895025148 (0xcaa70004), Description: The server or proxy was not found.
Logged at WebAccountProcessor.cpp, line: 723, method: AAD::Core::WebAccountProcessor::ReportOperationError."
"19-08-2026 00:26:03","1097","Warning","Microsoft-Windows-AAD","Error: 0xCAA90056 Renew token by the primary refresh token failed.
Logged at RefreshTokenRequest.cpp, line: 149, method: RefreshTokenRequest::AcquireToken.

Request: authority: https://login.microsoftonline.com/6ac7a1f4-5fb1-4153-bb4f-12d2020a1f7d, client: 0ec893e0-5785-4de6-99da-4ed124e5296c, redirect URI: ms-appx-web://Microsoft.AAD.BrokerPlugin/0ec893e0-5785-4de6-99da-4ed124e5296c, resource: , correlation ID (request): 01a0163b-08de-7911-960b-4665cdc3aa17"
"19-08-2026 00:26:03","1098","Error","Microsoft-Windows-AAD","Error: 0xCAA70004 The server or proxy was not found.
Code: authentication_failed
Description: The server or proxy was not found.
TokenEndpoint: https://login.microsoftonline.com/6ac7a1f4-5fb1-4153-bb4f-12d2020a1f7d/oauth2/token
Logged at OAuthTokenRequestBase.cpp, line: 323, method: OAuthTokenRequestBase::SendRequest.

Request: authority: https://login.microsoftonline.com/6ac7a1f4-5fb1-4153-bb4f-12d2020a1f7d, client: 0ec893e0-5785-4de6-99da-4ed124e5296c, redirect URI: ms-appx-web://Microsoft.AAD.BrokerPlugin/0ec893e0-5785-4de6-99da-4ed124e5296c, resource: , correlation ID (request): 01a0163b-08de-7911-960b-4665cdc3aa17"
"19-08-2026 00:26:03","1098","Error","Microsoft-Windows-AAD","Error: 0xCAA70004 The server or proxy was not found.
Exception of type 'class HttpException' at XMLHTTPWebRequest.cpp, line: 184, method: XMLHTTPWebRequest::ReceiveResponse.

Log: 0xcaa90051 Sending OAuth request failed.
Logged at OAuthTokenRequestBase.cpp, line: 323, method: OAuthTokenRequestBase::SendRequest.

Request: authority: https://login.microsoftonline.com/6ac7a1f4-5fb1-4153-bb4f-12d2020a1f7d, client: 0ec893e0-5785-4de6-99da-4ed124e5296c, redirect URI: ms-appx-web://Microsoft.AAD.BrokerPlugin/0ec893e0-5785-4de6-99da-4ed124e5296c, resource: , correlation ID (request): 01a0163b-08de-7911-960b-4665cdc3aa17"
"19-08-2026 00:26:03","1098","Error","Microsoft-Windows-AAD","Error: 0xCAA5001C Token broker operation failed.
Operation name: GetTokenSilently, Error: -895025148 (0xcaa70004), Description: The server or proxy was not found.
Logged at WebAccountProcessor.cpp, line: 723, method: AAD::Core::WebAccountProcessor::ReportOperationError."
"19-08-2026 00:26:03","1097","Warning","Microsoft-Windows-AAD","Error: 0xCAA90056 Renew token by the primary refresh token failed.
Logged at RefreshTokenRequest.cpp, line: 149, method: RefreshTokenRequest::AcquireToken.

Request: authority: https://login.microsoftonline.com/6ac7a1f4-5fb1-4153-bb4f-12d2020a1f7d, client: ecd6b820-32c2-49b6-98a6-444530e5a77a, redirect URI: ms-appx-web://Microsoft.AAD.BrokerPlugin/ecd6b820-32c2-49b6-98a6-444530e5a77a, resource: , correlation ID (request): 8e180a02-91bc-476a-b977-85b762f96b31"
"19-08-2026 00:26:03","1098","Error","Microsoft-Windows-AAD","Error: 0xCAA70004 The server or proxy was not found.
Code: authentication_failed
Description: The server or proxy was not found.
TokenEndpoint: https://login.microsoftonline.com/6ac7a1f4-5fb1-4153-bb4f-12d2020a1f7d/oauth2/token
Logged at OAuthTokenRequestBase.cpp, line: 323, method: OAuthTokenRequestBase::SendRequest.

Request: authority: https://login.microsoftonline.com/6ac7a1f4-5fb1-4153-bb4f-12d2020a1f7d, client: ecd6b820-32c2-49b6-98a6-444530e5a77a, redirect URI: ms-appx-web://Microsoft.AAD.BrokerPlugin/ecd6b820-32c2-49b6-98a6-444530e5a77a, resource: , correlation ID (request): 8e180a02-91bc-476a-b977-85b762f96b31"
"19-08-2026 00:26:03","1098","Error","Microsoft-Windows-AAD","Error: 0xCAA70004 The server or proxy was not found.
Exception of type 'class HttpException' at XMLHTTPWebRequest.cpp, line: 184, method: XMLHTTPWebRequest::ReceiveResponse.

Log: 0xcaa90051 Sending OAuth request failed.
Logged at OAuthTokenRequestBase.cpp, line: 323, method: OAuthTokenRequestBase::SendRequest.

Request: authority: https://login.microsoftonline.com/6ac7a1f4-5fb1-4153-bb4f-12d2020a1f7d, client: ecd6b820-32c2-49b6-98a6-444530e5a77a, redirect URI: ms-appx-web://Microsoft.AAD.BrokerPlugin/ecd6b820-32c2-49b6-98a6-444530e5a77a, resource: , correlation ID (request): 8e180a02-91bc-476a-b977-85b762f96b31"
"19-08-2026 00:26:03","1098","Error","Microsoft-Windows-AAD","Error: 0xCAA5001C Token broker operation failed.
Operation name: GetTokenSilently, Error: -895025148 (0xcaa70004), Description: The server or proxy was not found.
Logged at WebAccountProcessor.cpp, line: 723, method: AAD::Core::WebAccountProcessor::ReportOperationError."
"19-08-2026 00:26:03","1097","Warning","Microsoft-Windows-AAD","Error: 0xCAA90056 Renew token by the primary refresh token failed.
Logged at RefreshTokenRequest.cpp, line: 149, method: RefreshTokenRequest::AcquireToken.

Request: authority: https://login.microsoftonline.com/6ac7a1f4-5fb1-4153-bb4f-12d2020a1f7d, client: c0ab8ce9-e9a0-42e7-b064-33d422df41f1, redirect URI: ms-appx-web://Microsoft.AAD.BrokerPlugin/c0ab8ce9-e9a0-42e7-b064-33d422df41f1, resource: , correlation ID (request): 7f2ed2ac-61de-4cc2-aaa6-b345e2a459c4"
"19-08-2026 00:26:03","1098","Error","Microsoft-Windows-AAD","Error: 0xCAA70004 The server or proxy was not found.
Code: authentication_failed
Description: The server or proxy was not found.
TokenEndpoint: https://login.microsoftonline.com/6ac7a1f4-5fb1-4153-bb4f-12d2020a1f7d/oauth2/token
Logged at OAuthTokenRequestBase.cpp, line: 323, method: OAuthTokenRequestBase::SendRequest.

Request: authority: https://login.microsoftonline.com/6ac7a1f4-5fb1-4153-bb4f-12d2020a1f7d, client: c0ab8ce9-e9a0-42e7-b064-33d422df41f1, redirect URI: ms-appx-web://Microsoft.AAD.BrokerPlugin/c0ab8ce9-e9a0-42e7-b064-33d422df41f1, resource: , correlation ID (request): 7f2ed2ac-61de-4cc2-aaa6-b345e2a459c4"
"19-08-2026 00:26:03","1098","Error","Microsoft-Windows-AAD","Error: 0xCAA70004 The server or proxy was not found.
Exception of type 'class HttpException' at XMLHTTPWebRequest.cpp, line: 184, method: XMLHTTPWebRequest::ReceiveResponse.

Log: 0xcaa90051 Sending OAuth request failed.
Logged at OAuthTokenRequestBase.cpp, line: 323, method: OAuthTokenRequestBase::SendRequest.

Request: authority: https://login.microsoftonline.com/6ac7a1f4-5fb1-4153-bb4f-12d2020a1f7d, client: c0ab8ce9-e9a0-42e7-b064-33d422df41f1, redirect URI: ms-appx-web://Microsoft.AAD.BrokerPlugin/c0ab8ce9-e9a0-42e7-b064-33d422df41f1, resource: , correlation ID (request): 7f2ed2ac-61de-4cc2-aaa6-b345e2a459c4"
"19-08-2026 00:26:03","1098","Error","Microsoft-Windows-AAD","Error: 0xCAA5001C Token broker operation failed.
Operation name: GetTokenSilently, Error: -895025148 (0xcaa70004), Description: The server or proxy was not found.
Logged at WebAccountProcessor.cpp, line: 723, method: AAD::Core::WebAccountProcessor::ReportOperationError."
"19-08-2026 00:26:03","1097","Warning","Microsoft-Windows-AAD","Error: 0xCAA90056 Renew token by the primary refresh token failed.
Logged at RefreshTokenRequest.cpp, line: 149, method: RefreshTokenRequest::AcquireToken.

Request: authority: https://login.microsoftonline.com/6ac7a1f4-5fb1-4153-bb4f-12d2020a1f7d, client: ecd6b820-32c2-49b6-98a6-444530e5a77a, redirect URI: ms-appx-web://Microsoft.AAD.BrokerPlugin/ecd6b820-32c2-49b6-98a6-444530e5a77a, resource: , correlation ID (request): 06c0c3a7-e5a1-4b7d-95f0-8a8214efcd62"
"19-08-2026 00:26:03","1098","Error","Microsoft-Windows-AAD","Error: 0xCAA70004 The server or proxy was not found.
Code: authentication_failed
Description: The server or proxy was not found.
TokenEndpoint: https://login.microsoftonline.com/6ac7a1f4-5fb1-4153-bb4f-12d2020a1f7d/oauth2/token
Logged at OAuthTokenRequestBase.cpp, line: 323, method: OAuthTokenRequestBase::SendRequest.

Request: authority: https://login.microsoftonline.com/6ac7a1f4-5fb1-4153-bb4f-12d2020a1f7d, client: ecd6b820-32c2-49b6-98a6-444530e5a77a, redirect URI: ms-appx-web://Microsoft.AAD.BrokerPlugin/ecd6b820-32c2-49b6-98a6-444530e5a77a, resource: , correlation ID (request): 06c0c3a7-e5a1-4b7d-95f0-8a8214efcd62"
"19-08-2026 00:26:03","1098","Error","Microsoft-Windows-AAD","Error: 0xCAA70004 The server or proxy was not found.
Exception of type 'class HttpException' at XMLHTTPWebRequest.cpp, line: 184, method: XMLHTTPWebRequest::ReceiveResponse.

Log: 0xcaa90051 Sending OAuth request failed.
Logged at OAuthTokenRequestBase.cpp, line: 323, method: OAuthTokenRequestBase::SendRequest.

Request: authority: https://login.microsoftonline.com/6ac7a1f4-5fb1-4153-bb4f-12d2020a1f7d, client: ecd6b820-32c2-49b6-98a6-444530e5a77a, redirect URI: ms-appx-web://Microsoft.AAD.BrokerPlugin/ecd6b820-32c2-49b6-98a6-444530e5a77a, resource: , correlation ID (request): 06c0c3a7-e5a1-4b7d-95f0-8a8214efcd62"
"19-08-2026 00:26:03","1098","Error","Microsoft-Windows-AAD","Error: 0xCAA5001C Token broker operation failed.
Operation name: GetTokenSilently, Error: -895025148 (0xcaa70004), Description: The server or proxy was not found.
Logged at WebAccountProcessor.cpp, line: 723, method: AAD::Core::WebAccountProcessor::ReportOperationError."
"19-08-2026 00:26:03","1098","Error","Microsoft-Windows-AAD","Error: 0xCAA5001C Token broker operation failed.
Operation name: GetTokenSilently, Error: -895025148 (0xcaa70004), Description: The server or proxy was not found.
Logged at WebAccountProcessor.cpp, line: 723, method: AAD::Core::WebAccountProcessor::ReportOperationError."
"19-08-2026 00:26:03","1098","Error","Microsoft-Windows-AAD","Error: 0xCAA5001C Token broker operation failed.
Operation name: GetTokenSilently, Error: -895025148 (0xcaa70004), Description: The server or proxy was not found.
Logged at WebAccountProcessor.cpp, line: 723, method: AAD::Core::WebAccountProcessor::ReportOperationError."
"19-08-2026 00:26:03","1097","Warning","Microsoft-Windows-AAD","Error: 0xCAA90056 Renew token by the primary refresh token failed.
Logged at RefreshTokenRequest.cpp, line: 149, method: RefreshTokenRequest::AcquireToken.

Request: authority: https://login.microsoftonline.com/6ac7a1f4-5fb1-4153-bb4f-12d2020a1f7d, client: ab9b8c07-8f02-4f72-87fa-80105867a763, redirect URI: ms-appx-web://Microsoft.AAD.BrokerPlugin/ab9b8c07-8f02-4f72-87fa-80105867a763, resource: , correlation ID (request): 5f15f6d1-171c-4848-850f-c68e0befc2d6"
"19-08-2026 00:26:03","1098","Error","Microsoft-Windows-AAD","Error: 0xCAA70004 The server or proxy was not found.
Code: authentication_failed
Description: The server or proxy was not found.
TokenEndpoint: https://login.microsoftonline.com/6ac7a1f4-5fb1-4153-bb4f-12d2020a1f7d/oauth2/token
Logged at OAuthTokenRequestBase.cpp, line: 323, method: OAuthTokenRequestBase::SendRequest.

Request: authority: https://login.microsoftonline.com/6ac7a1f4-5fb1-4153-bb4f-12d2020a1f7d, client: ab9b8c07-8f02-4f72-87fa-80105867a763, redirect URI: ms-appx-web://Microsoft.AAD.BrokerPlugin/ab9b8c07-8f02-4f72-87fa-80105867a763, resource: , correlation ID (request): 5f15f6d1-171c-4848-850f-c68e0befc2d6"
"19-08-2026 00:26:03","1098","Error","Microsoft-Windows-AAD","Error: 0xCAA70004 The server or proxy was not found.
Exception of type 'class HttpException' at XMLHTTPWebRequest.cpp, line: 184, method: XMLHTTPWebRequest::ReceiveResponse.

Log: 0xcaa90051 Sending OAuth request failed.
Logged at OAuthTokenRequestBase.cpp, line: 323, method: OAuthTokenRequestBase::SendRequest.

Request: authority: https://login.microsoftonline.com/6ac7a1f4-5fb1-4153-bb4f-12d2020a1f7d, client: ab9b8c07-8f02-4f72-87fa-80105867a763, redirect URI: ms-appx-web://Microsoft.AAD.BrokerPlugin/ab9b8c07-8f02-4f72-87fa-80105867a763, resource: , correlation ID (request): 5f15f6d1-171c-4848-850f-c68e0befc2d6"
"19-08-2026 00:26:03","1097","Warning","Microsoft-Windows-AAD","Error: 0xCAA90056 Renew token by the primary refresh token failed.
Logged at RefreshTokenRequest.cpp, line: 149, method: RefreshTokenRequest::AcquireToken.

Request: authority: https://login.microsoftonline.com/6ac7a1f4-5fb1-4153-bb4f-12d2020a1f7d, client: 4765445b-32c6-49b0-83e6-1d93765276ca, redirect URI: ms-appx-web://Microsoft.AAD.BrokerPlugin/4765445b-32c6-49b0-83e6-1d93765276ca, resource: , correlation ID (request): 3b574f31-f2ad-4a54-a9bf-c3b5d6b76407"
"19-08-2026 00:26:03","1097","Warning","Microsoft-Windows-AAD","Error: 0xCAA90056 Renew token by the primary refresh token failed.
Logged at RefreshTokenRequest.cpp, line: 149, method: RefreshTokenRequest::AcquireToken.

Request: authority: https://login.microsoftonline.com/6ac7a1f4-5fb1-4153-bb4f-12d2020a1f7d, client: d3590ed6-52b3-4102-aeff-aad2292ab01c, redirect URI: ms-appx-web://Microsoft.AAD.BrokerPlugin/d3590ed6-52b3-4102-aeff-aad2292ab01c, resource: , correlation ID (request): c9430fe7-280b-434e-905d-390f4ecafb3f"
"19-08-2026 00:26:03","1098","Error","Microsoft-Windows-AAD","Error: 0xCAA70004 The server or proxy was not found.
Code: authentication_failed
Description: The server or proxy was not found.
TokenEndpoint: https://login.microsoftonline.com/6ac7a1f4-5fb1-4153-bb4f-12d2020a1f7d/oauth2/token
Logged at OAuthTokenRequestBase.cpp, line: 323, method: OAuthTokenRequestBase::SendRequest.

Request: authority: https://login.microsoftonline.com/6ac7a1f4-5fb1-4153-bb4f-12d2020a1f7d, client: d3590ed6-52b3-4102-aeff-aad2292ab01c, redirect URI: ms-appx-web://Microsoft.AAD.BrokerPlugin/d3590ed6-52b3-4102-aeff-aad2292ab01c, resource: , correlation ID (request): c9430fe7-280b-434e-905d-390f4ecafb3f"
"19-08-2026 00:26:03","1098","Error","Microsoft-Windows-AAD","Error: 0xCAA70004 The server or proxy was not found.
Code: authentication_failed
Description: The server or proxy was not found.
TokenEndpoint: https://login.microsoftonline.com/6ac7a1f4-5fb1-4153-bb4f-12d2020a1f7d/oauth2/token
Logged at OAuthTokenRequestBase.cpp, line: 323, method: OAuthTokenRequestBase::SendRequest.

Request: authority: https://login.microsoftonline.com/6ac7a1f4-5fb1-4153-bb4f-12d2020a1f7d, client: 4765445b-32c6-49b0-83e6-1d93765276ca, redirect URI: ms-appx-web://Microsoft.AAD.BrokerPlugin/4765445b-32c6-49b0-83e6-1d93765276ca, resource: , correlation ID (request): 3b574f31-f2ad-4a54-a9bf-c3b5d6b76407"
"19-08-2026 00:26:03","1098","Error","Microsoft-Windows-AAD","Error: 0xCAA70004 The server or proxy was not found.
Exception of type 'class HttpException' at XMLHTTPWebRequest.cpp, line: 184, method: XMLHTTPWebRequest::ReceiveResponse.

Log: 0xcaa90051 Sending OAuth request failed.
Logged at OAuthTokenRequestBase.cpp, line: 323, method: OAuthTokenRequestBase::SendRequest.

Request: authority: https://login.microsoftonline.com/6ac7a1f4-5fb1-4153-bb4f-12d2020a1f7d, client: d3590ed6-52b3-4102-aeff-aad2292ab01c, redirect URI: ms-appx-web://Microsoft.AAD.BrokerPlugin/d3590ed6-52b3-4102-aeff-aad2292ab01c, resource: , correlation ID (request): c9430fe7-280b-434e-905d-390f4ecafb3f"
"19-08-2026 00:26:03","1098","Error","Microsoft-Windows-AAD","Error: 0xCAA70004 The server or proxy was not found.
Exception of type 'class HttpException' at XMLHTTPWebRequest.cpp, line: 184, method: XMLHTTPWebRequest::ReceiveResponse.

Log: 0xcaa90051 Sending OAuth request failed.
Logged at OAuthTokenRequestBase.cpp, line: 323, method: OAuthTokenRequestBase::SendRequest.

Request: authority: https://login.microsoftonline.com/6ac7a1f4-5fb1-4153-bb4f-12d2020a1f7d, client: 4765445b-32c6-49b0-83e6-1d93765276ca, redirect URI: ms-appx-web://Microsoft.AAD.BrokerPlugin/4765445b-32c6-49b0-83e6-1d93765276ca, resource: , correlation ID (request): 3b574f31-f2ad-4a54-a9bf-c3b5d6b76407"
"18-08-2026 19:08:18","1098","Error","Microsoft-Windows-AAD","Error: 0xCAA5001C Token broker operation failed.
Operation name: GetTokenSilently, Error: -895025148 (0xcaa70004), Description: The server or proxy was not found.
Logged at WebAccountProcessor.cpp, line: 723, method: AAD::Core::WebAccountProcessor::ReportOperationError."
"18-08-2026 19:08:18","1097","Warning","Microsoft-Windows-AAD","Error: 0xCAA90056 Renew token by the primary refresh token failed.
Logged at RefreshTokenRequest.cpp, line: 149, method: RefreshTokenRequest::AcquireToken.

Request: authority: https://login.microsoftonline.com/6ac7a1f4-5fb1-4153-bb4f-12d2020a1f7d, client: 0ec893e0-5785-4de6-99da-4ed124e5296c, redirect URI: ms-appx-web://Microsoft.AAD.BrokerPlugin/0ec893e0-5785-4de6-99da-4ed124e5296c, resource: , correlation ID (request): 41534ba8-5159-4c13-a6f2-ccefd99965c6"
"18-08-2026 19:08:18","1098","Error","Microsoft-Windows-AAD","Error: 0xCAA70004 The server or proxy was not found.
Code: authentication_failed
Description: The server or proxy was not found.
TokenEndpoint: https://login.microsoftonline.com/6ac7a1f4-5fb1-4153-bb4f-12d2020a1f7d/oauth2/token
Logged at OAuthTokenRequestBase.cpp, line: 323, method: OAuthTokenRequestBase::SendRequest.

Request: authority: https://login.microsoftonline.com/6ac7a1f4-5fb1-4153-bb4f-12d2020a1f7d, client: 0ec893e0-5785-4de6-99da-4ed124e5296c, redirect URI: ms-appx-web://Microsoft.AAD.BrokerPlugin/0ec893e0-5785-4de6-99da-4ed124e5296c, resource: , correlation ID (request): 41534ba8-5159-4c13-a6f2-ccefd99965c6"
"18-08-2026 19:08:18","1098","Error","Microsoft-Windows-AAD","Error: 0xCAA70004 The server or proxy was not found.
Exception of type 'class HttpException' at XMLHTTPWebRequest.cpp, line: 184, method: XMLHTTPWebRequest::ReceiveResponse.

Log: 0xcaa90051 Sending OAuth request failed.
Logged at OAuthTokenRequestBase.cpp, line: 323, method: OAuthTokenRequestBase::SendRequest.

Request: authority: https://login.microsoftonline.com/6ac7a1f4-5fb1-4153-bb4f-12d2020a1f7d, client: 0ec893e0-5785-4de6-99da-4ed124e5296c, redirect URI: ms-appx-web://Microsoft.AAD.BrokerPlugin/0ec893e0-5785-4de6-99da-4ed124e5296c, resource: , correlation ID (request): 41534ba8-5159-4c13-a6f2-ccefd99965c6"
"18-08-2026 19:08:18","1098","Error","Microsoft-Windows-AAD","Error: 0xCAA5001C Token broker operation failed.
Operation name: GetTokenSilently, Error: -895025148 (0xcaa70004), Description: The server or proxy was not found.
Logged at WebAccountProcessor.cpp, line: 723, method: AAD::Core::WebAccountProcessor::ReportOperationError."
"18-08-2026 19:08:18","1097","Warning","Microsoft-Windows-AAD","Error: 0xCAA90056 Renew token by the primary refresh token failed.
Logged at RefreshTokenRequest.cpp, line: 149, method: RefreshTokenRequest::AcquireToken.

Request: authority: https://login.microsoftonline.com/6ac7a1f4-5fb1-4153-bb4f-12d2020a1f7d, client: 0ec893e0-5785-4de6-99da-4ed124e5296c, redirect URI: ms-appx-web://Microsoft.AAD.BrokerPlugin/0ec893e0-5785-4de6-99da-4ed124e5296c, resource: , correlation ID (request): d1123ef9-6e63-40fe-8a8e-ba89fd715c89"
"18-08-2026 19:08:18","1098","Error","Microsoft-Windows-AAD","Error: 0xCAA70004 The server or proxy was not found.
Code: authentication_failed
Description: The server or proxy was not found.
TokenEndpoint: https://login.microsoftonline.com/6ac7a1f4-5fb1-4153-bb4f-12d2020a1f7d/oauth2/token
Logged at OAuthTokenRequestBase.cpp, line: 323, method: OAuthTokenRequestBase::SendRequest.

Request: authority: https://login.microsoftonline.com/6ac7a1f4-5fb1-4153-bb4f-12d2020a1f7d, client: 0ec893e0-5785-4de6-99da-4ed124e5296c, redirect URI: ms-appx-web://Microsoft.AAD.BrokerPlugin/0ec893e0-5785-4de6-99da-4ed124e5296c, resource: , correlation ID (request): d1123ef9-6e63-40fe-8a8e-ba89fd715c89"
"18-08-2026 19:08:18","1098","Error","Microsoft-Windows-AAD","Error: 0xCAA70004 The server or proxy was not found.
Exception of type 'class HttpException' at XMLHTTPWebRequest.cpp, line: 184, method: XMLHTTPWebRequest::ReceiveResponse.

Log: 0xcaa90051 Sending OAuth request failed.
Logged at OAuthTokenRequestBase.cpp, line: 323, method: OAuthTokenRequestBase::SendRequest.

Request: authority: https://login.microsoftonline.com/6ac7a1f4-5fb1-4153-bb4f-12d2020a1f7d, client: 0ec893e0-5785-4de6-99da-4ed124e5296c, redirect URI: ms-appx-web://Microsoft.AAD.BrokerPlugin/0ec893e0-5785-4de6-99da-4ed124e5296c, resource: , correlation ID (request): d1123ef9-6e63-40fe-8a8e-ba89fd715c89"
"18-08-2026 19:08:16","1098","Error","Microsoft-Windows-AAD","Error: 0xCAA5001C Token broker operation failed.
Operation name: GetTokenSilently, Error: -895025148 (0xcaa70004), Description: The server or proxy was not found.
Logged at WebAccountProcessor.cpp, line: 723, method: AAD::Core::WebAccountProcessor::ReportOperationError."
"18-08-2026 19:08:16","1097","Warning","Microsoft-Windows-AAD","Error: 0xCAA90056 Renew token by the primary refresh token failed.
Logged at RefreshTokenRequest.cpp, line: 149, method: RefreshTokenRequest::AcquireToken.

Request: authority: https://login.microsoftonline.com/6ac7a1f4-5fb1-4153-bb4f-12d2020a1f7d, client: 0ec893e0-5785-4de6-99da-4ed124e5296c, redirect URI: ms-appx-web://Microsoft.AAD.BrokerPlugin/0ec893e0-5785-4de6-99da-4ed124e5296c, resource: , correlation ID (request): d1123ef9-6e63-40fe-8a8e-ba89fd715c89"
"18-08-2026 19:08:16","1098","Error","Microsoft-Windows-AAD","Error: 0xCAA70004 The server or proxy was not found.
Code: authentication_failed
Description: The server or proxy was not found.
TokenEndpoint: https://login.microsoftonline.com/6ac7a1f4-5fb1-4153-bb4f-12d2020a1f7d/oauth2/token
Logged at OAuthTokenRequestBase.cpp, line: 323, method: OAuthTokenRequestBase::SendRequest.

Request: authority: https://login.microsoftonline.com/6ac7a1f4-5fb1-4153-bb4f-12d2020a1f7d, client: 0ec893e0-5785-4de6-99da-4ed124e5296c, redirect URI: ms-appx-web://Microsoft.AAD.BrokerPlugin/0ec893e0-5785-4de6-99da-4ed124e5296c, resource: , correlation ID (request): d1123ef9-6e63-40fe-8a8e-ba89fd715c89"
"18-08-2026 19:08:16","1098","Error","Microsoft-Windows-AAD","Error: 0xCAA70004 The server or proxy was not found.
Exception of type 'class HttpException' at XMLHTTPWebRequest.cpp, line: 184, method: XMLHTTPWebRequest::ReceiveResponse.

Log: 0xcaa90051 Sending OAuth request failed.
Logged at OAuthTokenRequestBase.cpp, line: 323, method: OAuthTokenRequestBase::SendRequest.

Request: authority: https://login.microsoftonline.com/6ac7a1f4-5fb1-4153-bb4f-12d2020a1f7d, client: 0ec893e0-5785-4de6-99da-4ed124e5296c, redirect URI: ms-appx-web://Microsoft.AAD.BrokerPlugin/0ec893e0-5785-4de6-99da-4ed124e5296c, resource: , correlation ID (request): d1123ef9-6e63-40fe-8a8e-ba89fd715c89"
"18-08-2026 19:06:16","1098","Error","Microsoft-Windows-AAD","Error: 0xCAA5001C Token broker operation failed.
Operation name: GetTokenSilently, Error: -895025148 (0xcaa70004), Description: The server or proxy was not found.
Logged at WebAccountProcessor.cpp, line: 723, method: AAD::Core::WebAccountProcessor::ReportOperationError."
"18-08-2026 19:06:16","1097","Warning","Microsoft-Windows-AAD","Error: 0xCAA90056 Renew token by the primary refresh token failed.
Logged at RefreshTokenRequest.cpp, line: 149, method: RefreshTokenRequest::AcquireToken.

Request: authority: https://login.microsoftonline.com/6ac7a1f4-5fb1-4153-bb4f-12d2020a1f7d, client: 0ec893e0-5785-4de6-99da-4ed124e5296c, redirect URI: ms-appx-web://Microsoft.AAD.BrokerPlugin/0ec893e0-5785-4de6-99da-4ed124e5296c, resource: , correlation ID (request): 41534ba8-5159-4c13-a6f2-ccefd99965c6"
"18-08-2026 19:06:16","1098","Error","Microsoft-Windows-AAD","Error: 0xCAA70004 The server or proxy was not found.
Code: authentication_failed
Description: The server or proxy was not found.
TokenEndpoint: https://login.microsoftonline.com/6ac7a1f4-5fb1-4153-bb4f-12d2020a1f7d/oauth2/token
Logged at OAuthTokenRequestBase.cpp, line: 323, method: OAuthTokenRequestBase::SendRequest.

Request: authority: https://login.microsoftonline.com/6ac7a1f4-5fb1-4153-bb4f-12d2020a1f7d, client: 0ec893e0-5785-4de6-99da-4ed124e5296c, redirect URI: ms-appx-web://Microsoft.AAD.BrokerPlugin/0ec893e0-5785-4de6-99da-4ed124e5296c, resource: , correlation ID (request): 41534ba8-5159-4c13-a6f2-ccefd99965c6"
"18-08-2026 19:06:16","1098","Error","Microsoft-Windows-AAD","Error: 0xCAA70004 The server or proxy was not found.
Exception of type 'class HttpException' at XMLHTTPWebRequest.cpp, line: 184, method: XMLHTTPWebRequest::ReceiveResponse.

Log: 0xcaa90051 Sending OAuth request failed.
Logged at OAuthTokenRequestBase.cpp, line: 323, method: OAuthTokenRequestBase::SendRequest.

Request: authority: https://login.microsoftonline.com/6ac7a1f4-5fb1-4153-bb4f-12d2020a1f7d, client: 0ec893e0-5785-4de6-99da-4ed124e5296c, redirect URI: ms-appx-web://Microsoft.AAD.BrokerPlugin/0ec893e0-5785-4de6-99da-4ed124e5296c, resource: , correlation ID (request): 41534ba8-5159-4c13-a6f2-ccefd99965c6"
"18-08-2026 19:06:13","1098","Error","Microsoft-Windows-AAD","Error: 0xCAA5001C Token broker operation failed.
Operation name: GetTokenSilently, Error: -895025148 (0xcaa70004), Description: The server or proxy was not found.
Logged at WebAccountProcessor.cpp, line: 723, method: AAD::Core::WebAccountProcessor::ReportOperationError."
"18-08-2026 19:06:13","1097","Warning","Microsoft-Windows-AAD","Error: 0xCAA90056 Renew token by the primary refresh token failed.
Logged at RefreshTokenRequest.cpp, line: 149, method: RefreshTokenRequest::AcquireToken.

Request: authority: https://login.microsoftonline.com/6ac7a1f4-5fb1-4153-bb4f-12d2020a1f7d, client: 0ec893e0-5785-4de6-99da-4ed124e5296c, redirect URI: ms-appx-web://Microsoft.AAD.BrokerPlugin/0ec893e0-5785-4de6-99da-4ed124e5296c, resource: , correlation ID (request): 41534ba8-5159-4c13-a6f2-ccefd99965c6"
"18-08-2026 19:06:13","1098","Error","Microsoft-Windows-AAD","Error: 0xCAA70004 The server or proxy was not found.
Code: authentication_failed
Description: The server or proxy was not found.
TokenEndpoint: https://login.microsoftonline.com/6ac7a1f4-5fb1-4153-bb4f-12d2020a1f7d/oauth2/token
Logged at OAuthTokenRequestBase.cpp, line: 323, method: OAuthTokenRequestBase::SendRequest.

Request: authority: https://login.microsoftonline.com/6ac7a1f4-5fb1-4153-bb4f-12d2020a1f7d, client: 0ec893e0-5785-4de6-99da-4ed124e5296c, redirect URI: ms-appx-web://Microsoft.AAD.BrokerPlugin/0ec893e0-5785-4de6-99da-4ed124e5296c, resource: , correlation ID (request): 41534ba8-5159-4c13-a6f2-ccefd99965c6"
"18-08-2026 19:06:13","1098","Error","Microsoft-Windows-AAD","Error: 0xCAA70004 The server or proxy was not found.
Exception of type 'class HttpException' at XMLHTTPWebRequest.cpp, line: 184, method: XMLHTTPWebRequest::ReceiveResponse.

Log: 0xcaa90051 Sending OAuth request failed.
Logged at OAuthTokenRequestBase.cpp, line: 323, method: OAuthTokenRequestBase::SendRequest.

Request: authority: https://login.microsoftonline.com/6ac7a1f4-5fb1-4153-bb4f-12d2020a1f7d, client: 0ec893e0-5785-4de6-99da-4ed124e5296c, redirect URI: ms-appx-web://Microsoft.AAD.BrokerPlugin/0ec893e0-5785-4de6-99da-4ed124e5296c, resource: , correlation ID (request): 41534ba8-5159-4c13-a6f2-ccefd99965c6"
"18-08-2026 19:06:12","1098","Error","Microsoft-Windows-AAD","Error: 0xCAA5001C Token broker operation failed.
Operation name: GetTokenSilently, Error: -895025148 (0xcaa70004), Description: The server or proxy was not found.
Logged at WebAccountProcessor.cpp, line: 723, method: AAD::Core::WebAccountProcessor::ReportOperationError."
"18-08-2026 19:06:11","1097","Warning","Microsoft-Windows-AAD","Error: 0xCAA90056 Renew token by the primary refresh token failed.
Logged at RefreshTokenRequest.cpp, line: 149, method: RefreshTokenRequest::AcquireToken.

Request: authority: https://login.microsoftonline.com/6ac7a1f4-5fb1-4153-bb4f-12d2020a1f7d, client: 0ec893e0-5785-4de6-99da-4ed124e5296c, redirect URI: ms-appx-web://Microsoft.AAD.BrokerPlugin/0ec893e0-5785-4de6-99da-4ed124e5296c, resource: , correlation ID (request): 41534ba8-5159-4c13-a6f2-ccefd99965c6"
"18-08-2026 19:06:11","1098","Error","Microsoft-Windows-AAD","Error: 0xCAA70004 The server or proxy was not found.
Code: authentication_failed
Description: The server or proxy was not found.
TokenEndpoint: https://login.microsoftonline.com/6ac7a1f4-5fb1-4153-bb4f-12d2020a1f7d/oauth2/token
Logged at OAuthTokenRequestBase.cpp, line: 323, method: OAuthTokenRequestBase::SendRequest.

Request: authority: https://login.microsoftonline.com/6ac7a1f4-5fb1-4153-bb4f-12d2020a1f7d, client: 0ec893e0-5785-4de6-99da-4ed124e5296c, redirect URI: ms-appx-web://Microsoft.AAD.BrokerPlugin/0ec893e0-5785-4de6-99da-4ed124e5296c, resource: , correlation ID (request): 41534ba8-5159-4c13-a6f2-ccefd99965c6"
"18-08-2026 19:06:11","1098","Error","Microsoft-Windows-AAD","Error: 0xCAA70004 The server or proxy was not found.
Exception of type 'class HttpException' at XMLHTTPWebRequest.cpp, line: 184, method: XMLHTTPWebRequest::ReceiveResponse.

Log: 0xcaa90051 Sending OAuth request failed.
Logged at OAuthTokenRequestBase.cpp, line: 323, method: OAuthTokenRequestBase::SendRequest.

Request: authority: https://login.microsoftonline.com/6ac7a1f4-5fb1-4153-bb4f-12d2020a1f7d, client: 0ec893e0-5785-4de6-99da-4ed124e5296c, redirect URI: ms-appx-web://Microsoft.AAD.BrokerPlugin/0ec893e0-5785-4de6-99da-4ed124e5296c, resource: , correlation ID (request): 41534ba8-5159-4c13-a6f2-ccefd99965c6"
"18-08-2026 19:01:23","1104","Error","Microsoft-Windows-AAD","AAD Cloud AP plugin call Post logon processing returned error: 0xC000006D"
"18-08-2026 19:01:23","1159","Warning","Microsoft-Windows-AAD","AadCloudAPPlugin S4U logon failed. Status: 0xC000006D"
"18-08-2026 19:01:20","1241","Information","Microsoft-Windows-AAD","On-prem tgt error: On-prem configuration is missing"
"18-08-2026 19:01:19","1251","Information","Microsoft-Windows-AAD","DoGetEnterpriseToken Diagnostic Event:
Result: 0xC0000250
User Identity: joe.prakash@nielseniq.com
Credential Type: 2
Correlation ID: 6b65b5b2-18dd-428b-b780-bed6ee76cbdf
Endpoint Uri: https://sts.nielseniq.com/adfs/oauth2/token/
HTTP Status: POST
HTTP Method: The operation completed successfully.
ErrorCode: 401
Error Description: interaction_required"
"18-08-2026 19:01:19","1118","Error","Microsoft-Windows-AAD","Enterprise STS Logon failure. Status: 0xC0000250 Correlation ID: 6b65b5b2-18dd-428b-b780-bed6ee76cbdf"
"18-08-2026 19:01:19","1081","Error","Microsoft-Windows-AAD","OAuth response error: interaction_required
Error description: MSIS9699: GlobalAuthenticationPolicy on the Server doesn't allow this OAuth JWT Bearer request. Please contact the administrator to update the GlobalAuthenticationPolicy.
CorrelationID: "
"18-08-2026 19:01:19","1025","Error","Microsoft-Windows-AAD","Http request status: 401. Method: POST Endpoint Uri: https://sts.nielseniq.com/adfs/oauth2/token/ Correlation ID: 6b65b5b2-18dd-428b-b780-bed6ee76cbdf"
"18-08-2026 19:01:17","1241","Information","Microsoft-Windows-AAD","On-prem tgt error: On-prem configuration is missing"
"18-08-2026 18:42:32","1241","Information","Microsoft-Windows-AAD","On-prem tgt error: On-prem configuration is missing"
"18-08-2026 18:34:32","1104","Error","Microsoft-Windows-AAD","AAD Cloud AP plugin call Post logon processing returned error: 0xC000006D"
"18-08-2026 18:34:32","1159","Warning","Microsoft-Windows-AAD","AadCloudAPPlugin S4U logon failed. Status: 0xC000006D"
"18-08-2026 18:34:29","1241","Information","Microsoft-Windows-AAD","On-prem tgt error: On-prem configuration is missing"
"18-08-2026 18:34:28","1251","Information","Microsoft-Windows-AAD","DoGetEnterpriseToken Diagnostic Event:
Result: 0xC0000250
User Identity: joe.prakash@nielseniq.com
Credential Type: 2
Correlation ID: fe4d8b7e-54d6-482b-86e8-8f54b887ec58
Endpoint Uri: https://sts.nielseniq.com/adfs/oauth2/token/
HTTP Status: POST
HTTP Method: The operation completed successfully.
ErrorCode: 401
Error Description: interaction_required"
"18-08-2026 18:34:28","1118","Error","Microsoft-Windows-AAD","Enterprise STS Logon failure. Status: 0xC0000250 Correlation ID: fe4d8b7e-54d6-482b-86e8-8f54b887ec58"
"18-08-2026 18:34:28","1081","Error","Microsoft-Windows-AAD","OAuth response error: interaction_required
Error description: MSIS9699: GlobalAuthenticationPolicy on the Server doesn't allow this OAuth JWT Bearer request. Please contact the administrator to update the GlobalAuthenticationPolicy.
CorrelationID: "
"18-08-2026 18:34:28","1025","Error","Microsoft-Windows-AAD","Http request status: 401. Method: POST Endpoint Uri: https://sts.nielseniq.com/adfs/oauth2/token/ Correlation ID: fe4d8b7e-54d6-482b-86e8-8f54b887ec58"
"18-08-2026 18:34:27","1241","Information","Microsoft-Windows-AAD","On-prem tgt error: On-prem configuration is missing"
"18-08-2026 15:57:52","1104","Error","Microsoft-Windows-AAD","AAD Cloud AP plugin call Post logon processing returned error: 0xC000006D"
"18-08-2026 15:57:52","1159","Warning","Microsoft-Windows-AAD","AadCloudAPPlugin S4U logon failed. Status: 0xC000006D"
"18-08-2026 15:57:50","1241","Information","Microsoft-Windows-AAD","On-prem tgt error: On-prem configuration is missing"
"18-08-2026 15:57:49","1251","Information","Microsoft-Windows-AAD","DoGetEnterpriseToken Diagnostic Event:
Result: 0xC0000250
User Identity: joe.prakash@nielseniq.com
Credential Type: 2
Correlation ID: 5d9911b6-aa10-4779-9f79-674166390184
Endpoint Uri: https://sts.nielseniq.com/adfs/oauth2/token/
HTTP Status: POST
HTTP Method: The operation completed successfully.
ErrorCode: 401
Error Description: interaction_required"
"18-08-2026 15:57:49","1118","Error","Microsoft-Windows-AAD","Enterprise STS Logon failure. Status: 0xC0000250 Correlation ID: 5d9911b6-aa10-4779-9f79-674166390184"
"18-08-2026 15:57:49","1081","Error","Microsoft-Windows-AAD","OAuth response error: interaction_required
Error description: MSIS9699: GlobalAuthenticationPolicy on the Server doesn't allow this OAuth JWT Bearer request. Please contact the administrator to update the GlobalAuthenticationPolicy.
CorrelationID: "
"18-08-2026 15:57:49","1025","Error","Microsoft-Windows-AAD","Http request status: 401. Method: POST Endpoint Uri: https://sts.nielseniq.com/adfs/oauth2/token/ Correlation ID: 5d9911b6-aa10-4779-9f79-674166390184"
"18-08-2026 15:57:47","1241","Information","Microsoft-Windows-AAD","On-prem tgt error: On-prem configuration is missing"
"18-08-2026 15:36:21","1104","Error","Microsoft-Windows-AAD","AAD Cloud AP plugin call Post logon processing returned error: 0xC000006D"
"18-08-2026 15:36:21","1159","Warning","Microsoft-Windows-AAD","AadCloudAPPlugin S4U logon failed. Status: 0xC000006D"
"18-08-2026 15:36:19","1241","Information","Microsoft-Windows-AAD","On-prem tgt error: On-prem configuration is missing"
"18-08-2026 15:36:17","1251","Information","Microsoft-Windows-AAD","DoGetEnterpriseToken Diagnostic Event:
Result: 0xC0000250
User Identity: joe.prakash@nielseniq.com
Credential Type: 2
Correlation ID: b0206a66-722a-423b-bbd7-c779ac5cbddf
Endpoint Uri: https://sts.nielseniq.com/adfs/oauth2/token/
HTTP Status: POST
HTTP Method: The operation completed successfully.
ErrorCode: 401
Error Description: interaction_required"
"18-08-2026 15:36:17","1118","Error","Microsoft-Windows-AAD","Enterprise STS Logon failure. Status: 0xC0000250 Correlation ID: b0206a66-722a-423b-bbd7-c779ac5cbddf"
"18-08-2026 15:36:17","1081","Error","Microsoft-Windows-AAD","OAuth response error: interaction_required
Error description: MSIS9699: GlobalAuthenticationPolicy on the Server doesn't allow this OAuth JWT Bearer request. Please contact the administrator to update the GlobalAuthenticationPolicy.
CorrelationID: "
"18-08-2026 15:36:17","1025","Error","Microsoft-Windows-AAD","Http request status: 401. Method: POST Endpoint Uri: https://sts.nielseniq.com/adfs/oauth2/token/ Correlation ID: b0206a66-722a-423b-bbd7-c779ac5cbddf"
"18-08-2026 15:36:16","1241","Information","Microsoft-Windows-AAD","On-prem tgt error: On-prem configuration is missing"
"18-08-2026 15:30:16","1104","Error","Microsoft-Windows-AAD","AAD Cloud AP plugin call Post logon processing returned error: 0xC000006D"
"18-08-2026 15:30:16","1159","Warning","Microsoft-Windows-AAD","AadCloudAPPlugin S4U logon failed. Status: 0xC000006D"
"18-08-2026 15:30:13","1241","Information","Microsoft-Windows-AAD","On-prem tgt error: On-prem configuration is missing"
"18-08-2026 15:30:12","1251","Information","Microsoft-Windows-AAD","DoGetEnterpriseToken Diagnostic Event:
Result: 0xC0000250
User Identity: joe.prakash@nielseniq.com
Credential Type: 2
Correlation ID: 0d7a3dbb-c87a-46e0-87da-8ed839812af9
Endpoint Uri: https://sts.nielseniq.com/adfs/oauth2/token/
HTTP Status: POST
HTTP Method: The operation completed successfully.
ErrorCode: 401
Error Description: interaction_required"
"18-08-2026 15:30:12","1118","Error","Microsoft-Windows-AAD","Enterprise STS Logon failure. Status: 0xC0000250 Correlation ID: 0d7a3dbb-c87a-46e0-87da-8ed839812af9"
"18-08-2026 15:30:12","1081","Error","Microsoft-Windows-AAD","OAuth response error: interaction_required
Error description: MSIS9699: GlobalAuthenticationPolicy on the Server doesn't allow this OAuth JWT Bearer request. Please contact the administrator to update the GlobalAuthenticationPolicy.
CorrelationID: "
"18-08-2026 15:30:12","1025","Error","Microsoft-Windows-AAD","Http request status: 401. Method: POST Endpoint Uri: https://sts.nielseniq.com/adfs/oauth2/token/ Correlation ID: 0d7a3dbb-c87a-46e0-87da-8ed839812af9"
"18-08-2026 15:30:10","1241","Information","Microsoft-Windows-AAD","On-prem tgt error: On-prem configuration is missing"
"18-08-2026 15:10:38","1104","Error","Microsoft-Windows-AAD","AAD Cloud AP plugin call Post logon processing returned error: 0xC000006D"
"18-08-2026 15:10:38","1159","Warning","Microsoft-Windows-AAD","AadCloudAPPlugin S4U logon failed. Status: 0xC000006D"
"18-08-2026 15:10:36","1241","Information","Microsoft-Windows-AAD","On-prem tgt error: On-prem configuration is missing"
"18-08-2026 15:10:35","1251","Information","Microsoft-Windows-AAD","DoGetEnterpriseToken Diagnostic Event:
Result: 0xC0000250
User Identity: joe.prakash@nielseniq.com
Credential Type: 2
Correlation ID: cb8404e1-223a-4628-b72c-876e7051582f
Endpoint Uri: https://sts.nielseniq.com/adfs/oauth2/token/
HTTP Status: POST
HTTP Method: The operation completed successfully.
ErrorCode: 401
Error Description: interaction_required"
"18-08-2026 15:10:35","1118","Error","Microsoft-Windows-AAD","Enterprise STS Logon failure. Status: 0xC0000250 Correlation ID: cb8404e1-223a-4628-b72c-876e7051582f"
"18-08-2026 15:10:35","1081","Error","Microsoft-Windows-AAD","OAuth response error: interaction_required
Error description: MSIS9699: GlobalAuthenticationPolicy on the Server doesn't allow this OAuth JWT Bearer request. Please contact the administrator to update the GlobalAuthenticationPolicy.
CorrelationID: "
"18-08-2026 15:10:35","1025","Error","Microsoft-Windows-AAD","Http request status: 401. Method: POST Endpoint Uri: https://sts.nielseniq.com/adfs/oauth2/token/ Correlation ID: cb8404e1-223a-4628-b72c-876e7051582f"
"18-08-2026 15:10:33","1241","Information","Microsoft-Windows-AAD","On-prem tgt error: On-prem configuration is missing"
"18-08-2026 14:48:51","1097","Warning","Microsoft-Windows-AAD","Error: 0x8AA100AB Missing value in ApplicationDataContainer.
Logged at UserPictureController.cpp, line: 1125, method: UserPictureController::IsContainerPictureStale.

Request: authority: https://login.microsoftonline.com/common, client: 0a31c71e-0abf-4238-add7-b1a24c165dc1, redirect URI: ms-appx-web://Microsoft.AAD.BrokerPlugin/0a31c71e-0abf-4238-add7-b1a24c165dc1"
"18-08-2026 14:40:00","1241","Information","Microsoft-Windows-AAD","On-prem tgt error: On-prem configuration is missing"
"18-08-2026 14:33:21","1251","Information","Microsoft-Windows-AAD","DoGetEnterpriseToken Diagnostic Event:
Result: 0xC0000250
User Identity: arjo5004.t1@nielseniq.com
Credential Type: 1
Correlation ID: c324db50-9024-4d76-87ac-8e1e50a92fec
Endpoint Uri: https://sts.nielseniq.com/adfs/oauth2/token/
HTTP Status: POST
HTTP Method: The operation completed successfully.
ErrorCode: 401
Error Description: interaction_required"
"18-08-2026 14:33:21","1118","Error","Microsoft-Windows-AAD","Enterprise STS Logon failure. Status: 0xC0000250 Correlation ID: c324db50-9024-4d76-87ac-8e1e50a92fec"
"18-08-2026 14:33:21","1081","Error","Microsoft-Windows-AAD","OAuth response error: interaction_required
Error description: MSIS9699: GlobalAuthenticationPolicy on the Server doesn't allow this OAuth JWT Bearer request. Please contact the administrator to update the GlobalAuthenticationPolicy.
CorrelationID: "
"18-08-2026 14:33:21","1025","Error","Microsoft-Windows-AAD","Http request status: 401. Method: POST Endpoint Uri: https://sts.nielseniq.com/adfs/oauth2/token/ Correlation ID: c324db50-9024-4d76-87ac-8e1e50a92fec"
"18-08-2026 14:33:20","1241","Information","Microsoft-Windows-AAD","On-prem tgt error: On-prem configuration is missing"
"18-08-2026 14:33:18","1280","Information","Microsoft-Windows-AAD","PRT session key needs to be rolled.
Reason: VSM key rollover"
"18-08-2026 14:31:33","1098","Error","Microsoft-Windows-AAD","Error: 0xCAA5001C Token broker operation failed.
Operation name: GetTokenSilently, Error: -895352823 (0xcaa20009), Description: AADSTS50011: The redirect URI 'ms-appx-web://Microsoft.AAD.BrokerPlugin/S-1-15-2-283421221-3183566570-1718213290-751554359-3541592344-2312209569-3374928651' specified in the request does not match the redirect URIs configured for the application 'ecd6b820-32c2-49b6-98a6-444530e5a77a'. Make sure the redirect URI sent in the request matches one added to your application in the Azure portal. Navigate to https://aka.ms/redirectUriMismatchError to learn more about how to fix this. Trace ID: f9078740-58f0-46c7-9ad7-a8fcbb8c1501 Correlation ID: 7b31b56a-473a-4ac2-aeda-91b0e97d3ebe Timestamp: 2026-08-18 09:01:32Z
Logged at WebAccountProcessor.cpp, line: 723, method: AAD::Core::WebAccountProcessor::ReportOperationError."
"18-08-2026 14:31:33","1098","Error","Microsoft-Windows-AAD","Error: 0xCAA5001C Token broker operation failed.
Operation name: GetTokenSilently, Error: -895352823 (0xcaa20009), Description: AADSTS50011: The redirect URI 'ms-appx-web://Microsoft.AAD.BrokerPlugin/S-1-15-2-283421221-3183566570-1718213290-751554359-3541592344-2312209569-3374928651' specified in the request does not match the redirect URIs configured for the application '82864fa0-ed49-4711-8395-a0e6003dca1f'. Make sure the redirect URI sent in the request matches one added to your application in the Azure portal. Navigate to https://aka.ms/redirectUriMismatchError to learn more about how to fix this. Trace ID: 9a0ef8dd-30f5-4600-afc0-0ab7f8c8c600 Correlation ID: 7b31b56a-473a-4ac2-aeda-91b0e97d3ebe Timestamp: 2026-08-18 09:01:32Z
Logged at WebAccountProcessor.cpp, line: 723, method: AAD::Core::WebAccountProcessor::ReportOperationError."
"18-08-2026 14:31:33","1097","Warning","Microsoft-Windows-AAD","Error: 0xCAA90056 Renew token by the primary refresh token failed.
Logged at RefreshTokenRequest.cpp, line: 149, method: RefreshTokenRequest::AcquireToken.

Request: authority: https://login.microsoftonline.com/6ac7a1f4-5fb1-4153-bb4f-12d2020a1f7d, client: ecd6b820-32c2-49b6-98a6-444530e5a77a, redirect URI: ms-appx-web://Microsoft.AAD.BrokerPlugin/S-1-15-2-283421221-3183566570-1718213290-751554359-3541592344-2312209569-3374928651, resource: , correlation ID (request): 7b31b56a-473a-4ac2-aeda-91b0e97d3ebe"
"18-08-2026 14:31:33","1097","Warning","Microsoft-Windows-AAD","Error: 0xCAA90056 Renew token by the primary refresh token failed.
Logged at RefreshTokenRequest.cpp, line: 149, method: RefreshTokenRequest::AcquireToken.

Request: authority: https://login.microsoftonline.com/6ac7a1f4-5fb1-4153-bb4f-12d2020a1f7d, client: 82864fa0-ed49-4711-8395-a0e6003dca1f, redirect URI: ms-appx-web://Microsoft.AAD.BrokerPlugin/S-1-15-2-283421221-3183566570-1718213290-751554359-3541592344-2312209569-3374928651, resource: , correlation ID (request): 7b31b56a-473a-4ac2-aeda-91b0e97d3ebe"
"18-08-2026 14:31:33","1098","Error","Microsoft-Windows-AAD","Error: 0xCAA20009 Client authentication failed (e.g., unknown client, no client authentication included, or unsupported authentication method).
Code: invalid_client
Description: AADSTS50011: The redirect URI 'ms-appx-web://Microsoft.AAD.BrokerPlugin/S-1-15-2-283421221-3183566570-1718213290-751554359-3541592344-2312209569-3374928651' specified in the request does not match the redirect URIs configured for the application 'ecd6b820-32c2-49b6-98a6-444530e5a77a'. Make sure the redirect URI sent in the request matches one added to your application in the Azure portal. Navigate to https://aka.ms/redirectUriMismatchError to learn more about how to fix this. Trace ID: f9078740-58f0-46c7-9ad7-a8fcbb8c1501 Correlation ID: 7b31b56a-473a-4ac2-aeda-91b0e97d3ebe Timestamp: 2026-08-18 09:01:32Z
TokenEndpoint: https://login.microsoftonline.com/6ac7a1f4-5fb1-4153-bb4f-12d2020a1f7d/oauth2/token
Logged at OAuthTokenRequestBase.cpp, line: 518, method: OAuthTokenRequestBase::ProcessOAuthResponse.

Request: authority: https://login.microsoftonline.com/6ac7a1f4-5fb1-4153-bb4f-12d2020a1f7d, client: ecd6b820-32c2-49b6-98a6-444530e5a77a, redirect URI: ms-appx-web://Microsoft.AAD.BrokerPlugin/S-1-15-2-283421221-3183566570-1718213290-751554359-3541592344-2312209569-3374928651, resource: , correlation ID (request): 7b31b56a-473a-4ac2-aeda-91b0e97d3ebe"
"18-08-2026 14:31:33","1098","Error","Microsoft-Windows-AAD","Error: 0xCAA20009 Client authentication failed (e.g., unknown client, no client authentication included, or unsupported authentication method).
Code: invalid_client
Description: AADSTS50011: The redirect URI 'ms-appx-web://Microsoft.AAD.BrokerPlugin/S-1-15-2-283421221-3183566570-1718213290-751554359-3541592344-2312209569-3374928651' specified in the request does not match the redirect URIs configured for the application '82864fa0-ed49-4711-8395-a0e6003dca1f'. Make sure the redirect URI sent in the request matches one added to your application in the Azure portal. Navigate to https://aka.ms/redirectUriMismatchError to learn more about how to fix this. Trace ID: 9a0ef8dd-30f5-4600-afc0-0ab7f8c8c600 Correlation ID: 7b31b56a-473a-4ac2-aeda-91b0e97d3ebe Timestamp: 2026-08-18 09:01:32Z
TokenEndpoint: https://login.microsoftonline.com/6ac7a1f4-5fb1-4153-bb4f-12d2020a1f7d/oauth2/token
Logged at OAuthTokenRequestBase.cpp, line: 518, method: OAuthTokenRequestBase::ProcessOAuthResponse.

Request: authority: https://login.microsoftonline.com/6ac7a1f4-5fb1-4153-bb4f-12d2020a1f7d, client: 82864fa0-ed49-4711-8395-a0e6003dca1f, redirect URI: ms-appx-web://Microsoft.AAD.BrokerPlugin/S-1-15-2-283421221-3183566570-1718213290-751554359-3541592344-2312209569-3374928651, resource: , correlation ID (request): 7b31b56a-473a-4ac2-aeda-91b0e97d3ebe"
"18-08-2026 14:31:27","1241","Information","Microsoft-Windows-AAD","On-prem tgt error: On-prem configuration is missing"
"18-08-2026 14:31:25","1251","Information","Microsoft-Windows-AAD","DoGetEnterpriseToken Diagnostic Event:
Result: 0xC0000250
User Identity: joe.prakash@nielseniq.com
Credential Type: 1
Correlation ID: 58a030c5-56b2-42e4-b22c-8cac97e21e6a
Endpoint Uri: https://sts.nielseniq.com/adfs/oauth2/token/
HTTP Status: POST
HTTP Method: The operation completed successfully.
ErrorCode: 401
Error Description: interaction_required"
"18-08-2026 14:31:25","1118","Error","Microsoft-Windows-AAD","Enterprise STS Logon failure. Status: 0xC0000250 Correlation ID: 58a030c5-56b2-42e4-b22c-8cac97e21e6a"
"18-08-2026 14:31:25","1081","Error","Microsoft-Windows-AAD","OAuth response error: interaction_required
Error description: MSIS9699: GlobalAuthenticationPolicy on the Server doesn't allow this OAuth JWT Bearer request. Please contact the administrator to update the GlobalAuthenticationPolicy.
CorrelationID: "
"18-08-2026 14:31:25","1025","Error","Microsoft-Windows-AAD","Http request status: 401. Method: POST Endpoint Uri: https://sts.nielseniq.com/adfs/oauth2/token/ Correlation ID: 58a030c5-56b2-42e4-b22c-8cac97e21e6a"
"18-08-2026 14:31:24","1241","Information","Microsoft-Windows-AAD","On-prem tgt error: On-prem configuration is missing"
"18-08-2026 14:31:23","1241","Information","Microsoft-Windows-AAD","On-prem tgt error: On-prem configuration is missing"
"18-08-2026 14:31:22","1241","Information","Microsoft-Windows-AAD","On-prem tgt error: On-prem configuration is missing"
"18-08-2026 14:17:04","1160","Error","Microsoft-Windows-AAD","Logon failure. Status: 0xC000006A Correlation ID: 31bbc7aa-3997-49fd-9e5d-2e6c40d21741"
"18-08-2026 14:17:04","1250","Information","Microsoft-Windows-AAD","DoGetToken Diagnostic Event:
Result: 0xC000006A
User Identity: arjo5004.t1@nielseniq.com
Credential Type: 1
Correlation ID: 31bbc7aa-3997-49fd-9e5d-2e6c40d21741
Endpoint Uri: https://sts.nielseniq.com/adfs/services/trust/13/usernamemixed
HTTP Status: POST
HTTP Method: The operation completed successfully.
ErrorCode: 500
Error Description: "
"18-08-2026 14:17:04","1085","Error","Microsoft-Windows-AAD","Logon failure. Status: 0xC000006A Correlation ID: 31bbc7aa-3997-49fd-9e5d-2e6c40d21741"
"18-08-2026 14:17:04","1088","Error","Microsoft-Windows-AAD","WSTrust response error: FailedAuthentication
Error description: <s:Text xml:lang=""en-US"" xmlns:s=""http://www.w3.org/2003/05/soap-envelope"">ID3242: The security token could not be authenticated or authorized.</s:Text>"
"18-08-2026 14:17:04","1025","Error","Microsoft-Windows-AAD","Http request status: 500. Method: POST Endpoint Uri: https://sts.nielseniq.com/adfs/services/trust/13/usernamemixed Correlation ID: 31bbc7aa-3997-49fd-9e5d-2e6c40d21741"
"18-08-2026 14:06:05","1104","Error","Microsoft-Windows-AAD","AAD Cloud AP plugin call Post logon processing returned error: 0xC000006D"
"18-08-2026 14:06:05","1159","Warning","Microsoft-Windows-AAD","AadCloudAPPlugin S4U logon failed. Status: 0xC000006D"
"18-08-2026 14:06:03","1241","Information","Microsoft-Windows-AAD","On-prem tgt error: On-prem configuration is missing"
"18-08-2026 14:06:02","1251","Information","Microsoft-Windows-AAD","DoGetEnterpriseToken Diagnostic Event:
Result: 0xC0000250
User Identity: joe.prakash@nielseniq.com
Credential Type: 2
Correlation ID: b0fb2b7a-5a1a-44be-916c-109e770c7de7
Endpoint Uri: https://sts.nielseniq.com/adfs/oauth2/token/
HTTP Status: POST
HTTP Method: The operation completed successfully.
ErrorCode: 401
Error Description: interaction_required"
"18-08-2026 14:06:02","1118","Error","Microsoft-Windows-AAD","Enterprise STS Logon failure. Status: 0xC0000250 Correlation ID: b0fb2b7a-5a1a-44be-916c-109e770c7de7"
"18-08-2026 14:06:02","1081","Error","Microsoft-Windows-AAD","OAuth response error: interaction_required
Error description: MSIS9699: GlobalAuthenticationPolicy on the Server doesn't allow this OAuth JWT Bearer request. Please contact the administrator to update the GlobalAuthenticationPolicy.
CorrelationID: "
"18-08-2026 14:06:02","1025","Error","Microsoft-Windows-AAD","Http request status: 401. Method: POST Endpoint Uri: https://sts.nielseniq.com/adfs/oauth2/token/ Correlation ID: b0fb2b7a-5a1a-44be-916c-109e770c7de7"
"18-08-2026 14:06:00","1241","Information","Microsoft-Windows-AAD","On-prem tgt error: On-prem configuration is missing"
"18-08-2026 13:15:26","1241","Information","Microsoft-Windows-AAD","On-prem tgt error: On-prem configuration is missing"
"18-08-2026 13:13:24","1098","Error","Microsoft-Windows-AAD","Error: 0xCAA5001C Token broker operation failed.
Operation name: GetTokenSilently, Error: -895025148 (0xcaa70004), Description: The server or proxy was not found.
Logged at WebAccountProcessor.cpp, line: 723, method: AAD::Core::WebAccountProcessor::ReportOperationError."
"18-08-2026 13:13:24","1098","Error","Microsoft-Windows-AAD","Error: 0xCAA5001C Token broker operation failed.
Operation name: GetTokenSilently, Error: -895025148 (0xcaa70004), Description: The server or proxy was not found.
Logged at WebAccountProcessor.cpp, line: 723, method: AAD::Core::WebAccountProcessor::ReportOperationError."
"18-08-2026 13:13:24","1097","Warning","Microsoft-Windows-AAD","Error: 0xCAA90056 Renew token by the primary refresh token failed.
Logged at RefreshTokenRequest.cpp, line: 149, method: RefreshTokenRequest::AcquireToken.

Request: authority: https://login.microsoftonline.com/6ac7a1f4-5fb1-4153-bb4f-12d2020a1f7d, client: 0ec893e0-5785-4de6-99da-4ed124e5296c, redirect URI: ms-appx-web://Microsoft.AAD.BrokerPlugin/0ec893e0-5785-4de6-99da-4ed124e5296c, resource: , correlation ID (request): b837c13d-5f21-41f1-97ea-d8c5efed33b3"
"18-08-2026 13:13:24","1097","Warning","Microsoft-Windows-AAD","Error: 0xCAA90056 Renew token by the primary refresh token failed.
Logged at RefreshTokenRequest.cpp, line: 149, method: RefreshTokenRequest::AcquireToken.

Request: authority: https://login.microsoftonline.com/common, client: 6f7e0f60-9401-4f5b-98e2-cf15bd5fd5e3, redirect URI: ms-appx-web://Microsoft.AAD.BrokerPlugin/{6F7E0F60-9401-4F5b-98E2-CF15BD5Fd5E3}, resource: https://cs.dds.microsoft.com, correlation ID (request): 03820324-f53e-4e68-ab3f-153dabe9800a"
"18-08-2026 13:13:24","1098","Error","Microsoft-Windows-AAD","Error: 0xCAA70004 The server or proxy was not found.
Code: authentication_failed
Description: The server or proxy was not found.
TokenEndpoint: https://login.microsoftonline.com/common/oauth2/token
Logged at OAuthTokenRequestBase.cpp, line: 323, method: OAuthTokenRequestBase::SendRequest.

Request: authority: https://login.microsoftonline.com/common, client: 6f7e0f60-9401-4f5b-98e2-cf15bd5fd5e3, redirect URI: ms-appx-web://Microsoft.AAD.BrokerPlugin/{6F7E0F60-9401-4F5b-98E2-CF15BD5Fd5E3}, resource: https://cs.dds.microsoft.com, correlation ID (request): 03820324-f53e-4e68-ab3f-153dabe9800a"
"18-08-2026 13:13:24","1098","Error","Microsoft-Windows-AAD","Error: 0xCAA70004 The server or proxy was not found.
Code: authentication_failed
Description: The server or proxy was not found.
TokenEndpoint: https://login.microsoftonline.com/6ac7a1f4-5fb1-4153-bb4f-12d2020a1f7d/oauth2/token
Logged at OAuthTokenRequestBase.cpp, line: 323, method: OAuthTokenRequestBase::SendRequest.

Request: authority: https://login.microsoftonline.com/6ac7a1f4-5fb1-4153-bb4f-12d2020a1f7d, client: 0ec893e0-5785-4de6-99da-4ed124e5296c, redirect URI: ms-appx-web://Microsoft.AAD.BrokerPlugin/0ec893e0-5785-4de6-99da-4ed124e5296c, resource: , correlation ID (request): b837c13d-5f21-41f1-97ea-d8c5efed33b3"
"18-08-2026 13:13:24","1098","Error","Microsoft-Windows-AAD","Error: 0xCAA70004 The server or proxy was not found.
Exception of type 'class HttpException' at XMLHTTPWebRequest.cpp, line: 184, method: XMLHTTPWebRequest::ReceiveResponse.

Log: 0xcaa90051 Sending OAuth request failed.
Logged at OAuthTokenRequestBase.cpp, line: 323, method: OAuthTokenRequestBase::SendRequest.

Request: authority: https://login.microsoftonline.com/6ac7a1f4-5fb1-4153-bb4f-12d2020a1f7d, client: 0ec893e0-5785-4de6-99da-4ed124e5296c, redirect URI: ms-appx-web://Microsoft.AAD.BrokerPlugin/0ec893e0-5785-4de6-99da-4ed124e5296c, resource: , correlation ID (request): b837c13d-5f21-41f1-97ea-d8c5efed33b3"
"18-08-2026 13:13:24","1098","Error","Microsoft-Windows-AAD","Error: 0xCAA70004 The server or proxy was not found.
Exception of type 'class HttpException' at XMLHTTPWebRequest.cpp, line: 184, method: XMLHTTPWebRequest::ReceiveResponse.

Log: 0xcaa90051 Sending OAuth request failed.
Logged at OAuthTokenRequestBase.cpp, line: 323, method: OAuthTokenRequestBase::SendRequest.

Request: authority: https://login.microsoftonline.com/common, client: 6f7e0f60-9401-4f5b-98e2-cf15bd5fd5e3, redirect URI: ms-appx-web://Microsoft.AAD.BrokerPlugin/{6F7E0F60-9401-4F5b-98E2-CF15BD5Fd5E3}, resource: https://cs.dds.microsoft.com, correlation ID (request): 03820324-f53e-4e68-ab3f-153dabe9800a"
"18-08-2026 13:13:18","1104","Error","Microsoft-Windows-AAD","AAD Cloud AP plugin call Post logon processing returned error: 0xC000006D"
"18-08-2026 13:13:18","1159","Warning","Microsoft-Windows-AAD","AadCloudAPPlugin S4U logon failed. Status: 0xC000006D"
"18-08-2026 13:13:16","1161","Error","Microsoft-Windows-AAD","Logon failure. Status: 0xC000023C Correlation ID: a7865c8d-937e-40d1-a846-dbfe942f8945"
"18-08-2026 13:13:16","1252","Information","Microsoft-Windows-AAD","DoRefreshToken Diagnostic Event:
Result: 0xC000023C
User Identity: joe.prakash@nielseniq.com
Credential Type: 2
Correlation ID: false
Endpoint Uri: a7865c8d-937e-40d1-a846-dbfe942f8945
HTTP Status: https://login.microsoftonline.com/6ac7a1f4-5fb1-4153-bb4f-12d2020a1f7d/oauth2/token
HTTP Method: 
ErrorCode: Unknown HResult Error code: 0x80072ee7
Error Description: 0"
"18-08-2026 13:13:16","1094","Error","Microsoft-Windows-AAD","Refresh token failure. Status: 0xC000023C Correlation ID: a7865c8d-937e-40d1-a846-dbfe942f8945"
"18-08-2026 13:13:16","1084","Error","Microsoft-Windows-AAD","Http transport error. Status: Unknown HResult Error code: 0x80072ee7 Correlation ID: a7865c8d-937e-40d1-a846-dbfe942f8945"
"18-08-2026 13:13:05","1160","Error","Microsoft-Windows-AAD","Logon failure. Status: 0xC000023C Correlation ID: dcd1855a-8b67-403f-ba05-04f1ea49b6f6"
"18-08-2026 13:13:05","1250","Information","Microsoft-Windows-AAD","DoGetToken Diagnostic Event:
Result: 0xC000023C
User Identity: joe.prakash@nielseniq.com
Credential Type: 2
Correlation ID: dcd1855a-8b67-403f-ba05-04f1ea49b6f6
Endpoint Uri: https://login.microsoftonline.com/common/UserRealm/?user=nielseniq.com&api-version=1.0&checkForMicrosoftAccount=false
HTTP Status: 
HTTP Method: Unknown HResult Error code: 0x80072ee7
ErrorCode: 0
Error Description: "
"18-08-2026 13:13:05","1086","Error","Microsoft-Windows-AAD","Get user realm failure. Status: 0xC000023C Correlation ID: dcd1855a-8b67-403f-ba05-04f1ea49b6f6"
"18-08-2026 13:13:05","1084","Error","Microsoft-Windows-AAD","Http transport error. Status: Unknown HResult Error code: 0x80072ee7 Correlation ID: dcd1855a-8b67-403f-ba05-04f1ea49b6f6"
"18-08-2026 11:03:08","1104","Error","Microsoft-Windows-AAD","AAD Cloud AP plugin call Post logon processing returned error: 0xC000006D"
"18-08-2026 11:03:08","1159","Warning","Microsoft-Windows-AAD","AadCloudAPPlugin S4U logon failed. Status: 0xC000006D"
"18-08-2026 11:03:05","1241","Information","Microsoft-Windows-AAD","On-prem tgt error: On-prem configuration is missing"
"18-08-2026 11:03:04","1251","Information","Microsoft-Windows-AAD","DoGetEnterpriseToken Diagnostic Event:
Result: 0xC0000250
User Identity: joe.prakash@nielseniq.com
Credential Type: 2
Correlation ID: 5252f221-a349-4dd1-847f-e938e59781ce
Endpoint Uri: https://sts.nielseniq.com/adfs/oauth2/token/
HTTP Status: POST
HTTP Method: The operation completed successfully.
ErrorCode: 401
Error Description: interaction_required"
"18-08-2026 11:03:04","1118","Error","Microsoft-Windows-AAD","Enterprise STS Logon failure. Status: 0xC0000250 Correlation ID: 5252f221-a349-4dd1-847f-e938e59781ce"
"18-08-2026 11:03:04","1081","Error","Microsoft-Windows-AAD","OAuth response error: interaction_required
Error description: MSIS9699: GlobalAuthenticationPolicy on the Server doesn't allow this OAuth JWT Bearer request. Please contact the administrator to update the GlobalAuthenticationPolicy.
CorrelationID: "
"18-08-2026 11:03:04","1025","Error","Microsoft-Windows-AAD","Http request status: 401. Method: POST Endpoint Uri: https://sts.nielseniq.com/adfs/oauth2/token/ Correlation ID: 5252f221-a349-4dd1-847f-e938e59781ce"
"18-08-2026 11:03:03","1241","Information","Microsoft-Windows-AAD","On-prem tgt error: On-prem configuration is missing"
"18-08-2026 10:50:23","1104","Error","Microsoft-Windows-AAD","AAD Cloud AP plugin call Post logon processing returned error: 0xC000006D"
"18-08-2026 10:50:23","1159","Warning","Microsoft-Windows-AAD","AadCloudAPPlugin S4U logon failed. Status: 0xC000006D"
"18-08-2026 10:50:20","1241","Information","Microsoft-Windows-AAD","On-prem tgt error: On-prem configuration is missing"
"18-08-2026 10:50:19","1251","Information","Microsoft-Windows-AAD","DoGetEnterpriseToken Diagnostic Event:
Result: 0xC0000250
User Identity: joe.prakash@nielseniq.com
Credential Type: 2
Correlation ID: b7e5aad2-048b-4514-8c01-a4548bf4b4ca
Endpoint Uri: https://sts.nielseniq.com/adfs/oauth2/token/
HTTP Status: POST
HTTP Method: The operation completed successfully.
ErrorCode: 401
Error Description: interaction_required"
"18-08-2026 10:50:19","1118","Error","Microsoft-Windows-AAD","Enterprise STS Logon failure. Status: 0xC0000250 Correlation ID: b7e5aad2-048b-4514-8c01-a4548bf4b4ca"
"18-08-2026 10:50:19","1081","Error","Microsoft-Windows-AAD","OAuth response error: interaction_required
Error description: MSIS9699: GlobalAuthenticationPolicy on the Server doesn't allow this OAuth JWT Bearer request. Please contact the administrator to update the GlobalAuthenticationPolicy.
CorrelationID: "
"18-08-2026 10:50:19","1025","Error","Microsoft-Windows-AAD","Http request status: 401. Method: POST Endpoint Uri: https://sts.nielseniq.com/adfs/oauth2/token/ Correlation ID: b7e5aad2-048b-4514-8c01-a4548bf4b4ca"
"18-08-2026 10:50:17","1241","Information","Microsoft-Windows-AAD","On-prem tgt error: On-prem configuration is missing"
"18-08-2026 10:46:14","1097","Warning","Microsoft-Windows-AAD","Error: 0x80070017 Data error (cyclic redundancy check).
Exception of type 'class NGCException' at NgcHelper.cpp, line: 121, method: NgcHelper::DecryptWithSymmetricPopKey.

Log: 0x8aa500e3 Error when decrypting OAuth response. Will try next session key.
Logged at OAuthTokenResponse.cpp, line: 214, method: OAuthResponse::TryDecryptResponseByBestFitKey.

Request: authority: https://login.microsoftonline.com/6ac7a1f4-5fb1-4153-bb4f-12d2020a1f7d, client: d3590ed6-52b3-4102-aeff-aad2292ab01c, redirect URI: ms-appx-web://Microsoft.AAD.BrokerPlugin/d3590ed6-52b3-4102-aeff-aad2292ab01c, resource: , correlation ID (request): 45e71d3b-5b5d-414a-bbfd-8ab3a7b4e042"
"18-08-2026 10:46:13","1097","Warning","Microsoft-Windows-AAD","Error: 0x8AA9004C Acquire token by refresh token failed, trying PRT.
Logged at RefreshTokenRequest.cpp, line: 110, method: RefreshTokenRequest::AcquireToken.

Request: authority: https://login.microsoftonline.com/6ac7a1f4-5fb1-4153-bb4f-12d2020a1f7d, client: d3590ed6-52b3-4102-aeff-aad2292ab01c, redirect URI: ms-appx-web://Microsoft.AAD.BrokerPlugin/d3590ed6-52b3-4102-aeff-aad2292ab01c, resource: , correlation ID (request): 45e71d3b-5b5d-414a-bbfd-8ab3a7b4e042"
"18-08-2026 10:46:13","1098","Error","Microsoft-Windows-AAD","Error: 0xCAA20003 Authorization grant failed for this assertion.
Code: invalid_grant
Description: V2Error: invalid_grant AADSTS50173: The provided grant has expired due to it being revoked, a fresh auth token is needed. The user might have changed or reset their password. The grant was issued on '2026-07-27T04:19:45.8223635Z' and the TokensValidFrom date (before which tokens are not valid) for this user is '2026-08-12T03:47:35.0000000Z'. Trace ID: 0a0b7727-fe1e-484f-a0fa-f7a866969b00 Correlation ID: 45e71d3b-5b5d-414a-bbfd-8ab3a7b4e042 Timestamp: 2026-08-18 05:16:13Z
TokenEndpoint: https://login.microsoftonline.com/6ac7a1f4-5fb1-4153-bb4f-12d2020a1f7d/oauth2/token
Logged at OAuthTokenRequestBase.cpp, line: 518, method: OAuthTokenRequestBase::ProcessOAuthResponse.

Request: authority: https://login.microsoftonline.com/6ac7a1f4-5fb1-4153-bb4f-12d2020a1f7d, client: d3590ed6-52b3-4102-aeff-aad2292ab01c, redirect URI: ms-appx-web://Microsoft.AAD.BrokerPlugin/d3590ed6-52b3-4102-aeff-aad2292ab01c, resource: , correlation ID (request): 45e71d3b-5b5d-414a-bbfd-8ab3a7b4e042"
"18-08-2026 10:45:45","1104","Error","Microsoft-Windows-AAD","AAD Cloud AP plugin call Lookup name name from SID returned error: 0xC00485D3"
"18-08-2026 10:45:45","1025","Error","Microsoft-Windows-AAD","Http request status: 400. Method: GET Endpoint Uri: https://login.microsoftonline.com/6ac7a1f4-5fb1-4153-bb4f-12d2020a1f7d/sidtoname Correlation ID: 5a2e2571-27ad-4408-8f38-d2672e33e1a2"
"18-08-2026 10:45:45","1104","Error","Microsoft-Windows-AAD","AAD Cloud AP plugin call Lookup name name from SID returned error: 0xC00485D3"
"18-08-2026 10:45:45","1025","Error","Microsoft-Windows-AAD","Http request status: 400. Method: GET Endpoint Uri: https://login.microsoftonline.com/6ac7a1f4-5fb1-4153-bb4f-12d2020a1f7d/sidtoname Correlation ID: 96c2c619-081c-457f-93e8-c7cc428d6889"
"18-08-2026 10:45:44","1104","Error","Microsoft-Windows-AAD","AAD Cloud AP plugin call Lookup name name from SID returned error: 0xC00485D3"
"18-08-2026 10:45:44","1025","Error","Microsoft-Windows-AAD","Http request status: 400. Method: GET Endpoint Uri: https://login.microsoftonline.com/6ac7a1f4-5fb1-4153-bb4f-12d2020a1f7d/sidtoname Correlation ID: ad307f98-92e7-473e-9569-5e97de5e8b62"
"18-08-2026 10:45:43","1104","Error","Microsoft-Windows-AAD","AAD Cloud AP plugin call Lookup name name from SID returned error: 0xC00485D3"
"18-08-2026 10:45:43","1025","Error","Microsoft-Windows-AAD","Http request status: 400. Method: GET Endpoint Uri: https://login.microsoftonline.com/6ac7a1f4-5fb1-4153-bb4f-12d2020a1f7d/sidtoname Correlation ID: c63ba881-d996-4c5d-8571-375b27f7fb1f"
"18-08-2026 10:45:42","1104","Error","Microsoft-Windows-AAD","AAD Cloud AP plugin call Lookup name name from SID returned error: 0xC00485D3"
"18-08-2026 10:45:42","1025","Error","Microsoft-Windows-AAD","Http request status: 400. Method: GET Endpoint Uri: https://login.microsoftonline.com/6ac7a1f4-5fb1-4153-bb4f-12d2020a1f7d/sidtoname Correlation ID: 59497346-5fd5-4049-a562-dd172a4ebc74"
"18-08-2026 10:45:41","1104","Error","Microsoft-Windows-AAD","AAD Cloud AP plugin call Lookup name name from SID returned error: 0xC00485D3"
"18-08-2026 10:45:41","1025","Error","Microsoft-Windows-AAD","Http request status: 400. Method: GET Endpoint Uri: https://login.microsoftonline.com/6ac7a1f4-5fb1-4153-bb4f-12d2020a1f7d/sidtoname Correlation ID: ee3d576b-eec5-4ec1-abea-7330d280933e"
"18-08-2026 10:45:29","1104","Error","Microsoft-Windows-AAD","AAD Cloud AP plugin call Lookup name name from SID returned error: 0xC00485D3"
"18-08-2026 10:45:29","1025","Error","Microsoft-Windows-AAD","Http request status: 400. Method: GET Endpoint Uri: https://login.microsoftonline.com/6ac7a1f4-5fb1-4153-bb4f-12d2020a1f7d/sidtoname Correlation ID: e2c2c45d-3719-49cb-bd0e-1f35b5281969"
"18-08-2026 10:45:28","1104","Error","Microsoft-Windows-AAD","AAD Cloud AP plugin call Lookup name name from SID returned error: 0xC00485D3"
"18-08-2026 10:45:28","1025","Error","Microsoft-Windows-AAD","Http request status: 400. Method: GET Endpoint Uri: https://login.microsoftonline.com/6ac7a1f4-5fb1-4153-bb4f-12d2020a1f7d/sidtoname Correlation ID: cf30fc5d-422a-4a06-adec-c658ab554030"
"18-08-2026 10:45:27","1104","Error","Microsoft-Windows-AAD","AAD Cloud AP plugin call Lookup name name from SID returned error: 0xC00485D3"
"18-08-2026 10:45:27","1025","Error","Microsoft-Windows-AAD","Http request status: 400. Method: GET Endpoint Uri: https://login.microsoftonline.com/6ac7a1f4-5fb1-4153-bb4f-12d2020a1f7d/sidtoname Correlation ID: 6fbf0d38-5728-49eb-a29a-baf9affe29d2"
"18-08-2026 10:45:26","1104","Error","Microsoft-Windows-AAD","AAD Cloud AP plugin call Lookup name name from SID returned error: 0xC00485D3"
"18-08-2026 10:45:26","1025","Error","Microsoft-Windows-AAD","Http request status: 400. Method: GET Endpoint Uri: https://login.microsoftonline.com/6ac7a1f4-5fb1-4153-bb4f-12d2020a1f7d/sidtoname Correlation ID: 51d0773f-1bfc-4f9e-80ed-c5eb29eb459c"
"18-08-2026 10:45:25","1104","Error","Microsoft-Windows-AAD","AAD Cloud AP plugin call Lookup name name from SID returned error: 0xC00485D3"
"18-08-2026 10:45:25","1025","Error","Microsoft-Windows-AAD","Http request status: 400. Method: GET Endpoint Uri: https://login.microsoftonline.com/6ac7a1f4-5fb1-4153-bb4f-12d2020a1f7d/sidtoname Correlation ID: afb3a09c-c77d-42e6-930b-ee4a4fc2199c"
"18-08-2026 10:45:24","1104","Error","Microsoft-Windows-AAD","AAD Cloud AP plugin call Lookup name name from SID returned error: 0xC00485D3"
"18-08-2026 10:45:24","1025","Error","Microsoft-Windows-AAD","Http request status: 400. Method: GET Endpoint Uri: https://login.microsoftonline.com/6ac7a1f4-5fb1-4153-bb4f-12d2020a1f7d/sidtoname Correlation ID: f0fd4927-3f05-49bb-83e8-e132b8d8d290"
"18-08-2026 10:42:03","1104","Error","Microsoft-Windows-AAD","AAD Cloud AP plugin call Lookup name name from SID returned error: 0xC00485D3"
"18-08-2026 10:42:03","1025","Error","Microsoft-Windows-AAD","Http request status: 400. Method: GET Endpoint Uri: https://login.microsoftonline.com/6ac7a1f4-5fb1-4153-bb4f-12d2020a1f7d/sidtoname Correlation ID: 2b0aebdf-19b9-439d-acb8-93f794d58451"
"18-08-2026 10:42:02","1104","Error","Microsoft-Windows-AAD","AAD Cloud AP plugin call Lookup name name from SID returned error: 0xC00485D3"
"18-08-2026 10:42:02","1025","Error","Microsoft-Windows-AAD","Http request status: 400. Method: GET Endpoint Uri: https://login.microsoftonline.com/6ac7a1f4-5fb1-4153-bb4f-12d2020a1f7d/sidtoname Correlation ID: a14f33dd-be55-4068-9d96-c1792f1c6cf8"
"18-08-2026 10:42:01","1104","Error","Microsoft-Windows-AAD","AAD Cloud AP plugin call Lookup name name from SID returned error: 0xC00485D3"
"18-08-2026 10:42:01","1025","Error","Microsoft-Windows-AAD","Http request status: 400. Method: GET Endpoint Uri: https://login.microsoftonline.com/6ac7a1f4-5fb1-4153-bb4f-12d2020a1f7d/sidtoname Correlation ID: 2e66245e-6536-46cb-83cc-a1869bf75a7c"
"18-08-2026 10:42:00","1104","Error","Microsoft-Windows-AAD","AAD Cloud AP plugin call Lookup name name from SID returned error: 0xC00485D3"
"18-08-2026 10:42:00","1025","Error","Microsoft-Windows-AAD","Http request status: 400. Method: GET Endpoint Uri: https://login.microsoftonline.com/6ac7a1f4-5fb1-4153-bb4f-12d2020a1f7d/sidtoname Correlation ID: adfac3c3-0c33-437a-9b73-02431e9aad0f"
"18-08-2026 10:41:59","1104","Error","Microsoft-Windows-AAD","AAD Cloud AP plugin call Lookup name name from SID returned error: 0xC00485D3"
"18-08-2026 10:41:59","1025","Error","Microsoft-Windows-AAD","Http request status: 400. Method: GET Endpoint Uri: https://login.microsoftonline.com/6ac7a1f4-5fb1-4153-bb4f-12d2020a1f7d/sidtoname Correlation ID: 9dac59ea-80d9-4d47-9664-67155713d852"
"18-08-2026 10:41:58","1104","Error","Microsoft-Windows-AAD","AAD Cloud AP plugin call Lookup name name from SID returned error: 0xC00485D3"
"18-08-2026 10:41:58","1025","Error","Microsoft-Windows-AAD","Http request status: 400. Method: GET Endpoint Uri: https://login.microsoftonline.com/6ac7a1f4-5fb1-4153-bb4f-12d2020a1f7d/sidtoname Correlation ID: 95000c00-d792-4af6-816d-1c5ec4d59d73"
"18-08-2026 10:40:21","1097","Warning","Microsoft-Windows-AAD","Error: 0x80070017 Data error (cyclic redundancy check).
Exception of type 'class NGCException' at NgcHelper.cpp, line: 121, method: NgcHelper::DecryptWithSymmetricPopKey.

Log: 0x8aa500e3 Error when decrypting OAuth response. Will try next session key.
Logged at OAuthTokenResponse.cpp, line: 214, method: OAuthResponse::TryDecryptResponseByBestFitKey.

Request: authority: https://login.microsoftonline.com/common, client: cab96880-db5b-4e15-90a7-f3f1d62ffe39, redirect URI: ms-appx-web://Microsoft.AAD.BrokerPlugin/cab96880-db5b-4e15-90a7-f3f1d62ffe39, resource: https://graph.microsoft.com, correlation ID (request): d5065923-d88b-4c39-961e-637bbd561ab9"
"18-08-2026 10:40:20","1097","Warning","Microsoft-Windows-AAD","Error: 0x8AA9004C Acquire token by refresh token failed, trying PRT.
Logged at RefreshTokenRequest.cpp, line: 110, method: RefreshTokenRequest::AcquireToken.

Request: authority: https://login.microsoftonline.com/common, client: cab96880-db5b-4e15-90a7-f3f1d62ffe39, redirect URI: ms-appx-web://Microsoft.AAD.BrokerPlugin/cab96880-db5b-4e15-90a7-f3f1d62ffe39, resource: https://graph.microsoft.com, correlation ID (request): d5065923-d88b-4c39-961e-637bbd561ab9"
"18-08-2026 10:40:20","1098","Error","Microsoft-Windows-AAD","Error: 0xCAA20003 Authorization grant failed for this assertion.
Code: invalid_grant
Description: AADSTS50173: The provided grant has expired due to it being revoked, a fresh auth token is needed. The user might have changed or reset their password. The grant was issued on '2026-07-27T04:19:45.8223635Z' and the TokensValidFrom date (before which tokens are not valid) for this user is '2026-08-12T03:47:35.0000000Z'. Trace ID: 0a0b7727-fe1e-484f-a0fa-f7a884459b00 Correlation ID: d5065923-d88b-4c39-961e-637bbd561ab9 Timestamp: 2026-08-18 05:10:20Z
TokenEndpoint: https://login.microsoftonline.com/common/oauth2/token
Logged at OAuthTokenRequestBase.cpp, line: 518, method: OAuthTokenRequestBase::ProcessOAuthResponse.

Request: authority: https://login.microsoftonline.com/common, client: cab96880-db5b-4e15-90a7-f3f1d62ffe39, redirect URI: ms-appx-web://Microsoft.AAD.BrokerPlugin/cab96880-db5b-4e15-90a7-f3f1d62ffe39, resource: https://graph.microsoft.com, correlation ID (request): d5065923-d88b-4c39-961e-637bbd561ab9"
"18-08-2026 10:39:16","1241","Information","Microsoft-Windows-AAD","On-prem tgt error: On-prem configuration is missing"
"18-08-2026 10:39:15","1097","Warning","Microsoft-Windows-AAD","Error: 0xCAA10002 User interface waits for user input.
Exception of type 'class Exception' at WebUIControllerWebViewBase.cpp, line: 324, method: WebUIControllerWebViewBase::Start.

Log: 0x8aa5000d Navigation on progress page failed.
Logged at AppUITokenRequest.cpp, line: 675, method: AppUITokenRequest::ShowProgress.

Request: authority: https://login.microsoftonline.com/6ac7a1f4-5fb1-4153-bb4f-12d2020a1f7d, client: ab9b8c07-8f02-4f72-87fa-80105867a763, redirect URI: ms-appx-web://Microsoft.AAD.BrokerPlugin/ab9b8c07-8f02-4f72-87fa-80105867a763, resource: , correlation ID (request): 63ed13fb-21a9-41b8-a022-f7e74418dc8c"
"18-08-2026 10:38:57","1097","Warning","Microsoft-Windows-AAD","Error: 0xCAA90056 Renew token by the primary refresh token failed.
Logged at RefreshTokenRequest.cpp, line: 149, method: RefreshTokenRequest::AcquireToken.

Request: authority: https://login.microsoftonline.com/6ac7a1f4-5fb1-4153-bb4f-12d2020a1f7d, client: ab9b8c07-8f02-4f72-87fa-80105867a763, redirect URI: ms-appx-web://Microsoft.AAD.BrokerPlugin/ab9b8c07-8f02-4f72-87fa-80105867a763, resource: , correlation ID (request): 63ed13fb-21a9-41b8-a022-f7e74418dc8c"
"18-08-2026 10:38:57","1098","Error","Microsoft-Windows-AAD","Error: 0xCAA2000C The request requires user interaction.
Code: interaction_required
Description: SubError: basic_action V2Error: invalid_grant AADSTS50076: Due to a configuration change made by your administrator, or because you moved to a new location, you must use multi-factor authentication to access '9e4a5442-a5c9-4f6f-b03f-5b9fcaaf24b1'. Trace ID: 2cf1534c-f5c4-4ad0-8008-a06db6701f01 Correlation ID: 63ed13fb-21a9-41b8-a022-f7e74418dc8c Timestamp: 2026-08-18 05:08:57Z
TokenEndpoint: https://login.microsoftonline.com/6ac7a1f4-5fb1-4153-bb4f-12d2020a1f7d/oauth2/token
Logged at OAuthTokenRequestBase.cpp, line: 518, method: OAuthTokenRequestBase::ProcessOAuthResponse.

Request: authority: https://login.microsoftonline.com/6ac7a1f4-5fb1-4153-bb4f-12d2020a1f7d, client: ab9b8c07-8f02-4f72-87fa-80105867a763, redirect URI: ms-appx-web://Microsoft.AAD.BrokerPlugin/ab9b8c07-8f02-4f72-87fa-80105867a763, resource: , correlation ID (request): 63ed13fb-21a9-41b8-a022-f7e74418dc8c"
"18-08-2026 10:38:42","1097","Warning","Microsoft-Windows-AAD","Error: 0xCAA90056 Renew token by the primary refresh token failed.
Logged at RefreshTokenRequest.cpp, line: 149, method: RefreshTokenRequest::AcquireToken.

Request: authority: https://login.microsoftonline.com/6ac7a1f4-5fb1-4153-bb4f-12d2020a1f7d, client: ab9b8c07-8f02-4f72-87fa-80105867a763, redirect URI: ms-appx-web://Microsoft.AAD.BrokerPlugin/ab9b8c07-8f02-4f72-87fa-80105867a763, resource: , correlation ID (request): e63546e4-cb41-40da-b99a-3c43bc45eef0"
"18-08-2026 10:38:42","1098","Error","Microsoft-Windows-AAD","Error: 0xCAA2000C The request requires user interaction.
Code: interaction_required
Description: SubError: basic_action V2Error: invalid_grant AADSTS50076: Due to a configuration change made by your administrator, or because you moved to a new location, you must use multi-factor authentication to access '9e4a5442-a5c9-4f6f-b03f-5b9fcaaf24b1'. Trace ID: 995fb2c5-14b2-4b59-8aa6-7d268209e400 Correlation ID: e63546e4-cb41-40da-b99a-3c43bc45eef0 Timestamp: 2026-08-18 05:08:42Z
TokenEndpoint: https://login.microsoftonline.com/6ac7a1f4-5fb1-4153-bb4f-12d2020a1f7d/oauth2/token
Logged at OAuthTokenRequestBase.cpp, line: 518, method: OAuthTokenRequestBase::ProcessOAuthResponse.

Request: authority: https://login.microsoftonline.com/6ac7a1f4-5fb1-4153-bb4f-12d2020a1f7d, client: ab9b8c07-8f02-4f72-87fa-80105867a763, redirect URI: ms-appx-web://Microsoft.AAD.BrokerPlugin/ab9b8c07-8f02-4f72-87fa-80105867a763, resource: , correlation ID (request): e63546e4-cb41-40da-b99a-3c43bc45eef0"
"18-08-2026 10:34:39","1097","Warning","Microsoft-Windows-AAD","Error: 0xCAA90056 Renew token by the primary refresh token failed.
Logged at RefreshTokenRequest.cpp, line: 149, method: RefreshTokenRequest::AcquireToken.

Request: authority: https://login.microsoftonline.com/common, client: cab96880-db5b-4e15-90a7-f3f1d62ffe39, redirect URI: ms-appx-web://Microsoft.AAD.BrokerPlugin/cab96880-db5b-4e15-90a7-f3f1d62ffe39, resource: https://graph.microsoft.com, correlation ID (request): 081f4566-f996-4e29-9445-21fad1dffc11"
"18-08-2026 10:34:39","1098","Error","Microsoft-Windows-AAD","Error: 0xCAA2000C The request requires user interaction.
Code: interaction_required
Description: AADSTS50076: Due to a configuration change made by your administrator, or because you moved to a new location, you must use multi-factor authentication to access '00000003-0000-0000-c000-000000000000'. Trace ID: 2bb8e1f5-f9b7-48ec-8d34-ec082a26df00 Correlation ID: 081f4566-f996-4e29-9445-21fad1dffc11 Timestamp: 2026-08-18 05:04:38Z
TokenEndpoint: https://login.microsoftonline.com/common/oauth2/token
Logged at OAuthTokenRequestBase.cpp, line: 518, method: OAuthTokenRequestBase::ProcessOAuthResponse.

Request: authority: https://login.microsoftonline.com/common, client: cab96880-db5b-4e15-90a7-f3f1d62ffe39, redirect URI: ms-appx-web://Microsoft.AAD.BrokerPlugin/cab96880-db5b-4e15-90a7-f3f1d62ffe39, resource: https://graph.microsoft.com, correlation ID (request): 081f4566-f996-4e29-9445-21fad1dffc11"
"18-08-2026 10:34:38","1097","Warning","Microsoft-Windows-AAD","Error: 0x8AA9004C Acquire token by refresh token failed, trying PRT.
Logged at RefreshTokenRequest.cpp, line: 110, method: RefreshTokenRequest::AcquireToken.

Request: authority: https://login.microsoftonline.com/common, client: cab96880-db5b-4e15-90a7-f3f1d62ffe39, redirect URI: ms-appx-web://Microsoft.AAD.BrokerPlugin/cab96880-db5b-4e15-90a7-f3f1d62ffe39, resource: https://graph.microsoft.com, correlation ID (request): 081f4566-f996-4e29-9445-21fad1dffc11"
"18-08-2026 10:34:38","1098","Error","Microsoft-Windows-AAD","Error: 0xCAA20003 Authorization grant failed for this assertion.
Code: invalid_grant
Description: AADSTS50173: The provided grant has expired due to it being revoked, a fresh auth token is needed. The user might have changed or reset their password. The grant was issued on '2026-07-27T04:19:45.8223635Z' and the TokensValidFrom date (before which tokens are not valid) for this user is '2026-08-12T03:47:35.0000000Z'. Trace ID: 5452b9dc-e855-4d81-8f01-278a2a2ecf00 Correlation ID: 081f4566-f996-4e29-9445-21fad1dffc11 Timestamp: 2026-08-18 05:04:38Z
TokenEndpoint: https://login.microsoftonline.com/common/oauth2/token
Logged at OAuthTokenRequestBase.cpp, line: 518, method: OAuthTokenRequestBase::ProcessOAuthResponse.

Request: authority: https://login.microsoftonline.com/common, client: cab96880-db5b-4e15-90a7-f3f1d62ffe39, redirect URI: ms-appx-web://Microsoft.AAD.BrokerPlugin/cab96880-db5b-4e15-90a7-f3f1d62ffe39, resource: https://graph.microsoft.com, correlation ID (request): 081f4566-f996-4e29-9445-21fad1dffc11"
"18-08-2026 10:33:58","1097","Warning","Microsoft-Windows-AAD","Error: 0xCAA90056 Renew token by the primary refresh token failed.
Logged at RefreshTokenRequest.cpp, line: 149, method: RefreshTokenRequest::AcquireToken.

Request: authority: https://login.microsoftonline.com/6ac7a1f4-5fb1-4153-bb4f-12d2020a1f7d, client: 1fec8e78-bce4-4aaf-ab1b-5451cc387264, redirect URI: ms-appx-web://Microsoft.AAD.BrokerPlugin/1fec8e78-bce4-4aaf-ab1b-5451cc387264, resource: , correlation ID (request): c4d09caf-0348-43ac-a657-3caf0d8233be"
"18-08-2026 10:33:58","1098","Error","Microsoft-Windows-AAD","Error: 0xCAA2000C The request requires user interaction.
Code: interaction_required
Description: SubError: basic_action V2Error: invalid_grant AADSTS50076: Due to a configuration change made by your administrator, or because you moved to a new location, you must use multi-factor authentication to access '04d0a7dc-1ad3-45b8-b293-987738546732'. Trace ID: d0ddd68e-d372-4302-956b-9b919fd7d100 Correlation ID: c4d09caf-0348-43ac-a657-3caf0d8233be Timestamp: 2026-08-18 05:03:58Z
TokenEndpoint: https://login.microsoftonline.com/6ac7a1f4-5fb1-4153-bb4f-12d2020a1f7d/oauth2/token
Logged at OAuthTokenRequestBase.cpp, line: 518, method: OAuthTokenRequestBase::ProcessOAuthResponse.

Request: authority: https://login.microsoftonline.com/6ac7a1f4-5fb1-4153-bb4f-12d2020a1f7d, client: 1fec8e78-bce4-4aaf-ab1b-5451cc387264, redirect URI: ms-appx-web://Microsoft.AAD.BrokerPlugin/1fec8e78-bce4-4aaf-ab1b-5451cc387264, resource: , correlation ID (request): c4d09caf-0348-43ac-a657-3caf0d8233be"
"18-08-2026 10:33:37","1097","Warning","Microsoft-Windows-AAD","Error: 0xCAA90056 Renew token by the primary refresh token failed.
Logged at RefreshTokenRequest.cpp, line: 149, method: RefreshTokenRequest::AcquireToken.

Request: authority: https://login.microsoftonline.com/6ac7a1f4-5fb1-4153-bb4f-12d2020a1f7d, client: 1fec8e78-bce4-4aaf-ab1b-5451cc387264, redirect URI: ms-appx-web://Microsoft.AAD.BrokerPlugin/1fec8e78-bce4-4aaf-ab1b-5451cc387264, resource: , correlation ID (request): 869069b6-daba-4584-88a5-67518fe6325e"
"18-08-2026 10:33:37","1098","Error","Microsoft-Windows-AAD","Error: 0xCAA2000C The request requires user interaction.
Code: interaction_required
Description: SubError: basic_action V2Error: invalid_grant AADSTS50076: Due to a configuration change made by your administrator, or because you moved to a new location, you must use multi-factor authentication to access '00000002-0000-0ff1-ce00-000000000000'. Trace ID: a8388977-278c-4761-a5b2-21f4ad89be00 Correlation ID: 869069b6-daba-4584-88a5-67518fe6325e Timestamp: 2026-08-18 05:03:37Z
TokenEndpoint: https://login.microsoftonline.com/6ac7a1f4-5fb1-4153-bb4f-12d2020a1f7d/oauth2/token
Logged at OAuthTokenRequestBase.cpp, line: 518, method: OAuthTokenRequestBase::ProcessOAuthResponse.

Request: authority: https://login.microsoftonline.com/6ac7a1f4-5fb1-4153-bb4f-12d2020a1f7d, client: 1fec8e78-bce4-4aaf-ab1b-5451cc387264, redirect URI: ms-appx-web://Microsoft.AAD.BrokerPlugin/1fec8e78-bce4-4aaf-ab1b-5451cc387264, resource: , correlation ID (request): 869069b6-daba-4584-88a5-67518fe6325e"
"18-08-2026 10:33:37","1097","Warning","Microsoft-Windows-AAD","Error: 0xCAA90056 Renew token by the primary refresh token failed.
Logged at RefreshTokenRequest.cpp, line: 149, method: RefreshTokenRequest::AcquireToken.

Request: authority: https://login.microsoftonline.com/6ac7a1f4-5fb1-4153-bb4f-12d2020a1f7d, client: 1fec8e78-bce4-4aaf-ab1b-5451cc387264, redirect URI: ms-appx-web://Microsoft.AAD.BrokerPlugin/1fec8e78-bce4-4aaf-ab1b-5451cc387264, resource: , correlation ID (request): 7dd3df21-696b-4719-905a-0e839cf63e55"
"18-08-2026 10:33:37","1098","Error","Microsoft-Windows-AAD","Error: 0xCAA2000C The request requires user interaction.
Code: interaction_required
Description: SubError: basic_action V2Error: invalid_grant AADSTS50076: Due to a configuration change made by your administrator, or because you moved to a new location, you must use multi-factor authentication to access 'api://9e3981dd-e6a2-473a-992d-92ba6d92597e'. Trace ID: 6fa161da-5bf7-4fd0-8ab0-b783d90ae600 Correlation ID: 7dd3df21-696b-4719-905a-0e839cf63e55 Timestamp: 2026-08-18 05:03:37Z
TokenEndpoint: https://login.microsoftonline.com/6ac7a1f4-5fb1-4153-bb4f-12d2020a1f7d/oauth2/token
Logged at OAuthTokenRequestBase.cpp, line: 518, method: OAuthTokenRequestBase::ProcessOAuthResponse.

Request: authority: https://login.microsoftonline.com/6ac7a1f4-5fb1-4153-bb4f-12d2020a1f7d, client: 1fec8e78-bce4-4aaf-ab1b-5451cc387264, redirect URI: ms-appx-web://Microsoft.AAD.BrokerPlugin/1fec8e78-bce4-4aaf-ab1b-5451cc387264, resource: , correlation ID (request): 7dd3df21-696b-4719-905a-0e839cf63e55"
"18-08-2026 10:33:31","1097","Warning","Microsoft-Windows-AAD","Error: 0xCAA90056 Renew token by the primary refresh token failed.
Logged at RefreshTokenRequest.cpp, line: 149, method: RefreshTokenRequest::AcquireToken.

Request: authority: https://login.microsoftonline.com/6ac7a1f4-5fb1-4153-bb4f-12d2020a1f7d, client: 1fec8e78-bce4-4aaf-ab1b-5451cc387264, redirect URI: ms-appx-web://Microsoft.AAD.BrokerPlugin/1fec8e78-bce4-4aaf-ab1b-5451cc387264, resource: , correlation ID (request): 36fef946-2731-486a-b55d-ac0176b05cbc"
"18-08-2026 10:33:31","1098","Error","Microsoft-Windows-AAD","Error: 0xCAA2000C The request requires user interaction.
Code: interaction_required
Description: SubError: basic_action V2Error: invalid_grant AADSTS50076: Due to a configuration change made by your administrator, or because you moved to a new location, you must use multi-factor authentication to access '00000003-0000-0000-c000-000000000000'. Trace ID: f1c1fc6d-b7b2-4a73-a363-e7ec0a491401 Correlation ID: 36fef946-2731-486a-b55d-ac0176b05cbc Timestamp: 2026-08-18 05:03:31Z
TokenEndpoint: https://login.microsoftonline.com/6ac7a1f4-5fb1-4153-bb4f-12d2020a1f7d/oauth2/token
Logged at OAuthTokenRequestBase.cpp, line: 518, method: OAuthTokenRequestBase::ProcessOAuthResponse.

Request: authority: https://login.microsoftonline.com/6ac7a1f4-5fb1-4153-bb4f-12d2020a1f7d, client: 1fec8e78-bce4-4aaf-ab1b-5451cc387264, redirect URI: ms-appx-web://Microsoft.AAD.BrokerPlugin/1fec8e78-bce4-4aaf-ab1b-5451cc387264, resource: , correlation ID (request): 36fef946-2731-486a-b55d-ac0176b05cbc"
"18-08-2026 10:32:26","1097","Warning","Microsoft-Windows-AAD","Error: 0xCAA90056 Renew token by the primary refresh token failed.
Logged at RefreshTokenRequest.cpp, line: 149, method: RefreshTokenRequest::AcquireToken.

Request: authority: https://login.microsoftonline.com/6ac7a1f4-5fb1-4153-bb4f-12d2020a1f7d, client: ab9b8c07-8f02-4f72-87fa-80105867a763, redirect URI: ms-appx-web://Microsoft.AAD.BrokerPlugin/ab9b8c07-8f02-4f72-87fa-80105867a763, resource: , correlation ID (request): 7e6793c4-6729-427c-b7cc-0aad49f9aac1"
"18-08-2026 10:32:26","1098","Error","Microsoft-Windows-AAD","Error: 0xCAA2000C The request requires user interaction.
Code: interaction_required
Description: SubError: basic_action V2Error: invalid_grant AADSTS50076: Due to a configuration change made by your administrator, or because you moved to a new location, you must use multi-factor authentication to access '6a9b9266-8161-4a7b-913a-a9eda19da220'. Trace ID: 3684c0e0-5c49-4700-9583-6bed1fc6d000 Correlation ID: 7e6793c4-6729-427c-b7cc-0aad49f9aac1 Timestamp: 2026-08-18 05:02:26Z
TokenEndpoint: https://login.microsoftonline.com/6ac7a1f4-5fb1-4153-bb4f-12d2020a1f7d/oauth2/token
Logged at OAuthTokenRequestBase.cpp, line: 518, method: OAuthTokenRequestBase::ProcessOAuthResponse.

Request: authority: https://login.microsoftonline.com/6ac7a1f4-5fb1-4153-bb4f-12d2020a1f7d, client: ab9b8c07-8f02-4f72-87fa-80105867a763, redirect URI: ms-appx-web://Microsoft.AAD.BrokerPlugin/ab9b8c07-8f02-4f72-87fa-80105867a763, resource: , correlation ID (request): 7e6793c4-6729-427c-b7cc-0aad49f9aac1"
"18-08-2026 10:32:07","1097","Warning","Microsoft-Windows-AAD","Error: 0xCAA90056 Renew token by the primary refresh token failed.
Logged at RefreshTokenRequest.cpp, line: 149, method: RefreshTokenRequest::AcquireToken.

Request: authority: https://login.microsoftonline.com/6ac7a1f4-5fb1-4153-bb4f-12d2020a1f7d, client: ab9b8c07-8f02-4f72-87fa-80105867a763, redirect URI: ms-appx-web://Microsoft.AAD.BrokerPlugin/ab9b8c07-8f02-4f72-87fa-80105867a763, resource: , correlation ID (request): 6ad73aeb-d6f6-4703-91fe-a95db7c5ad73"
"18-08-2026 10:32:07","1098","Error","Microsoft-Windows-AAD","Error: 0xCAA2000C The request requires user interaction.
Code: interaction_required
Description: SubError: basic_action V2Error: invalid_grant AADSTS50076: Due to a configuration change made by your administrator, or because you moved to a new location, you must use multi-factor authentication to access '00000003-0000-0000-c000-000000000000'. Trace ID: 1cd403ef-1edb-412d-8cee-f3ef36200301 Correlation ID: 6ad73aeb-d6f6-4703-91fe-a95db7c5ad73 Timestamp: 2026-08-18 05:02:06Z
TokenEndpoint: https://login.microsoftonline.com/6ac7a1f4-5fb1-4153-bb4f-12d2020a1f7d/oauth2/token
Logged at OAuthTokenRequestBase.cpp, line: 518, method: OAuthTokenRequestBase::ProcessOAuthResponse.

Request: authority: https://login.microsoftonline.com/6ac7a1f4-5fb1-4153-bb4f-12d2020a1f7d, client: ab9b8c07-8f02-4f72-87fa-80105867a763, redirect URI: ms-appx-web://Microsoft.AAD.BrokerPlugin/ab9b8c07-8f02-4f72-87fa-80105867a763, resource: , correlation ID (request): 6ad73aeb-d6f6-4703-91fe-a95db7c5ad73"
"18-08-2026 10:32:06","1097","Warning","Microsoft-Windows-AAD","Error: 0xCAA90056 Renew token by the primary refresh token failed.
Logged at RefreshTokenRequest.cpp, line: 149, method: RefreshTokenRequest::AcquireToken.

Request: authority: https://login.microsoftonline.com/6ac7a1f4-5fb1-4153-bb4f-12d2020a1f7d, client: ab9b8c07-8f02-4f72-87fa-80105867a763, redirect URI: ms-appx-web://Microsoft.AAD.BrokerPlugin/ab9b8c07-8f02-4f72-87fa-80105867a763, resource: , correlation ID (request): b5a9aa98-ecc2-495e-8083-d4b14f2615f1"
"18-08-2026 10:32:06","1098","Error","Microsoft-Windows-AAD","Error: 0xCAA2000C The request requires user interaction.
Code: interaction_required
Description: SubError: basic_action V2Error: invalid_grant AADSTS50076: Due to a configuration change made by your administrator, or because you moved to a new location, you must use multi-factor authentication to access '00000003-0000-0000-c000-000000000000'. Trace ID: 8f45da93-1bcd-48cd-a6cb-48f8b836be00 Correlation ID: b5a9aa98-ecc2-495e-8083-d4b14f2615f1 Timestamp: 2026-08-18 05:02:06Z
TokenEndpoint: https://login.microsoftonline.com/6ac7a1f4-5fb1-4153-bb4f-12d2020a1f7d/oauth2/token
Logged at OAuthTokenRequestBase.cpp, line: 518, method: OAuthTokenRequestBase::ProcessOAuthResponse.

Request: authority: https://login.microsoftonline.com/6ac7a1f4-5fb1-4153-bb4f-12d2020a1f7d, client: ab9b8c07-8f02-4f72-87fa-80105867a763, redirect URI: ms-appx-web://Microsoft.AAD.BrokerPlugin/ab9b8c07-8f02-4f72-87fa-80105867a763, resource: , correlation ID (request): b5a9aa98-ecc2-495e-8083-d4b14f2615f1"
"18-08-2026 10:31:58","1097","Warning","Microsoft-Windows-AAD","Error: 0xCAA90056 Renew token by the primary refresh token failed.
Logged at RefreshTokenRequest.cpp, line: 149, method: RefreshTokenRequest::AcquireToken.

Request: authority: https://login.microsoftonline.com/6ac7a1f4-5fb1-4153-bb4f-12d2020a1f7d, client: ab9b8c07-8f02-4f72-87fa-80105867a763, redirect URI: ms-appx-web://Microsoft.AAD.BrokerPlugin/ab9b8c07-8f02-4f72-87fa-80105867a763, resource: , correlation ID (request): 694eb6c0-b922-40b3-a8f2-1fd7f2753669"
"18-08-2026 10:31:58","1098","Error","Microsoft-Windows-AAD","Error: 0xCAA2000C The request requires user interaction.
Code: interaction_required
Description: SubError: basic_action V2Error: invalid_grant AADSTS50076: Due to a configuration change made by your administrator, or because you moved to a new location, you must use multi-factor authentication to access '9e4a5442-a5c9-4f6f-b03f-5b9fcaaf24b1'. Trace ID: 903ee77b-8091-43f4-bae8-0ef4625eb800 Correlation ID: 694eb6c0-b922-40b3-a8f2-1fd7f2753669 Timestamp: 2026-08-18 05:01:58Z
TokenEndpoint: https://login.microsoftonline.com/6ac7a1f4-5fb1-4153-bb4f-12d2020a1f7d/oauth2/token
Logged at OAuthTokenRequestBase.cpp, line: 518, method: OAuthTokenRequestBase::ProcessOAuthResponse.

Request: authority: https://login.microsoftonline.com/6ac7a1f4-5fb1-4153-bb4f-12d2020a1f7d, client: ab9b8c07-8f02-4f72-87fa-80105867a763, redirect URI: ms-appx-web://Microsoft.AAD.BrokerPlugin/ab9b8c07-8f02-4f72-87fa-80105867a763, resource: , correlation ID (request): 694eb6c0-b922-40b3-a8f2-1fd7f2753669"
"18-08-2026 10:31:37","1097","Warning","Microsoft-Windows-AAD","Error: 0xCAA90056 Renew token by the primary refresh token failed.
Logged at RefreshTokenRequest.cpp, line: 149, method: RefreshTokenRequest::AcquireToken.

Request: authority: https://login.microsoftonline.com/6ac7a1f4-5fb1-4153-bb4f-12d2020a1f7d, client: ab9b8c07-8f02-4f72-87fa-80105867a763, redirect URI: ms-appx-web://Microsoft.AAD.BrokerPlugin/ab9b8c07-8f02-4f72-87fa-80105867a763, resource: , correlation ID (request): 052ac19f-bde3-426f-b60a-849715f407ed"
"18-08-2026 10:31:37","1098","Error","Microsoft-Windows-AAD","Error: 0xCAA2000C The request requires user interaction.
Code: interaction_required
Description: SubError: basic_action V2Error: invalid_grant AADSTS50076: Due to a configuration change made by your administrator, or because you moved to a new location, you must use multi-factor authentication to access '9e4a5442-a5c9-4f6f-b03f-5b9fcaaf24b1'. Trace ID: 7c6cb2c5-f9e0-49e5-b9c1-2f534f01d000 Correlation ID: 052ac19f-bde3-426f-b60a-849715f407ed Timestamp: 2026-08-18 05:01:37Z
TokenEndpoint: https://login.microsoftonline.com/6ac7a1f4-5fb1-4153-bb4f-12d2020a1f7d/oauth2/token
Logged at OAuthTokenRequestBase.cpp, line: 518, method: OAuthTokenRequestBase::ProcessOAuthResponse.

Request: authority: https://login.microsoftonline.com/6ac7a1f4-5fb1-4153-bb4f-12d2020a1f7d, client: ab9b8c07-8f02-4f72-87fa-80105867a763, redirect URI: ms-appx-web://Microsoft.AAD.BrokerPlugin/ab9b8c07-8f02-4f72-87fa-80105867a763, resource: , correlation ID (request): 052ac19f-bde3-426f-b60a-849715f407ed"
"18-08-2026 10:31:37","1097","Warning","Microsoft-Windows-AAD","Error: 0xCAA90056 Renew token by the primary refresh token failed.
Logged at RefreshTokenRequest.cpp, line: 149, method: RefreshTokenRequest::AcquireToken.

Request: authority: https://login.microsoftonline.com/6ac7a1f4-5fb1-4153-bb4f-12d2020a1f7d, client: ab9b8c07-8f02-4f72-87fa-80105867a763, redirect URI: ms-appx-web://Microsoft.AAD.BrokerPlugin/ab9b8c07-8f02-4f72-87fa-80105867a763, resource: , correlation ID (request): b7d399ea-c178-4ef6-8fc2-176f034ac05b"
"18-08-2026 10:31:37","1098","Error","Microsoft-Windows-AAD","Error: 0xCAA2000C The request requires user interaction.
Code: interaction_required
Description: SubError: basic_action V2Error: invalid_grant AADSTS50076: Due to a configuration change made by your administrator, or because you moved to a new location, you must use multi-factor authentication to access '9e4a5442-a5c9-4f6f-b03f-5b9fcaaf24b1'. Trace ID: 7f5f5266-9359-4b1d-ab61-24cd3e7ed200 Correlation ID: b7d399ea-c178-4ef6-8fc2-176f034ac05b Timestamp: 2026-08-18 05:01:37Z
TokenEndpoint: https://login.microsoftonline.com/6ac7a1f4-5fb1-4153-bb4f-12d2020a1f7d/oauth2/token
Logged at OAuthTokenRequestBase.cpp, line: 518, method: OAuthTokenRequestBase::ProcessOAuthResponse.

Request: authority: https://login.microsoftonline.com/6ac7a1f4-5fb1-4153-bb4f-12d2020a1f7d, client: ab9b8c07-8f02-4f72-87fa-80105867a763, redirect URI: ms-appx-web://Microsoft.AAD.BrokerPlugin/ab9b8c07-8f02-4f72-87fa-80105867a763, resource: , correlation ID (request): b7d399ea-c178-4ef6-8fc2-176f034ac05b"
"18-08-2026 10:31:01","1097","Warning","Microsoft-Windows-AAD","Error: 0xCAA90056 Renew token by the primary refresh token failed.
Logged at RefreshTokenRequest.cpp, line: 149, method: RefreshTokenRequest::AcquireToken.

Request: authority: https://login.microsoftonline.com/6ac7a1f4-5fb1-4153-bb4f-12d2020a1f7d, client: d3590ed6-52b3-4102-aeff-aad2292ab01c, redirect URI: ms-appx-web://Microsoft.AAD.BrokerPlugin/d3590ed6-52b3-4102-aeff-aad2292ab01c, resource: , correlation ID (request): 64abdecc-2575-4a32-8bab-e9ca6f6bd771"
"18-08-2026 10:31:01","1098","Error","Microsoft-Windows-AAD","Error: 0xCAA2000C The request requires user interaction.
Code: interaction_required
Description: SubError: basic_action V2Error: invalid_grant AADSTS50076: Due to a configuration change made by your administrator, or because you moved to a new location, you must use multi-factor authentication to access 'https://api.diagnostics-eudb.office.com/'. Trace ID: 9f35a525-d238-4c41-9e19-f2d780bab500 Correlation ID: 64abdecc-2575-4a32-8bab-e9ca6f6bd771 Timestamp: 2026-08-18 05:01:00Z
TokenEndpoint: https://login.microsoftonline.com/6ac7a1f4-5fb1-4153-bb4f-12d2020a1f7d/oauth2/token
Logged at OAuthTokenRequestBase.cpp, line: 518, method: OAuthTokenRequestBase::ProcessOAuthResponse.

Request: authority: https://login.microsoftonline.com/6ac7a1f4-5fb1-4153-bb4f-12d2020a1f7d, client: d3590ed6-52b3-4102-aeff-aad2292ab01c, redirect URI: ms-appx-web://Microsoft.AAD.BrokerPlugin/d3590ed6-52b3-4102-aeff-aad2292ab01c, resource: , correlation ID (request): 64abdecc-2575-4a32-8bab-e9ca6f6bd771"
"18-08-2026 10:31:00","1097","Warning","Microsoft-Windows-AAD","Error: 0x8AA9004C Acquire token by refresh token failed, trying PRT.
Logged at RefreshTokenRequest.cpp, line: 110, method: RefreshTokenRequest::AcquireToken.

Request: authority: https://login.microsoftonline.com/6ac7a1f4-5fb1-4153-bb4f-12d2020a1f7d, client: d3590ed6-52b3-4102-aeff-aad2292ab01c, redirect URI: ms-appx-web://Microsoft.AAD.BrokerPlugin/d3590ed6-52b3-4102-aeff-aad2292ab01c, resource: , correlation ID (request): 64abdecc-2575-4a32-8bab-e9ca6f6bd771"
"18-08-2026 10:31:00","1098","Error","Microsoft-Windows-AAD","Error: 0xCAA20003 Authorization grant failed for this assertion.
Code: invalid_grant
Description: V2Error: invalid_grant AADSTS50173: The provided grant has expired due to it being revoked, a fresh auth token is needed. The user might have changed or reset their password. The grant was issued on '2026-07-27T04:19:45.8223635Z' and the TokensValidFrom date (before which tokens are not valid) for this user is '2026-08-12T03:47:35.0000000Z'. Trace ID: df33cea1-9808-44d1-9edc-11318072c000 Correlation ID: 64abdecc-2575-4a32-8bab-e9ca6f6bd771 Timestamp: 2026-08-18 05:01:00Z
TokenEndpoint: https://login.microsoftonline.com/6ac7a1f4-5fb1-4153-bb4f-12d2020a1f7d/oauth2/token
Logged at OAuthTokenRequestBase.cpp, line: 518, method: OAuthTokenRequestBase::ProcessOAuthResponse.

Request: authority: https://login.microsoftonline.com/6ac7a1f4-5fb1-4153-bb4f-12d2020a1f7d, client: d3590ed6-52b3-4102-aeff-aad2292ab01c, redirect URI: ms-appx-web://Microsoft.AAD.BrokerPlugin/d3590ed6-52b3-4102-aeff-aad2292ab01c, resource: , correlation ID (request): 64abdecc-2575-4a32-8bab-e9ca6f6bd771"
"18-08-2026 10:30:57","1097","Warning","Microsoft-Windows-AAD","Error: 0xCAA90056 Renew token by the primary refresh token failed.
Logged at RefreshTokenRequest.cpp, line: 149, method: RefreshTokenRequest::AcquireToken.

Request: authority: https://login.microsoftonline.com/6ac7a1f4-5fb1-4153-bb4f-12d2020a1f7d, client: d3590ed6-52b3-4102-aeff-aad2292ab01c, redirect URI: ms-appx-web://Microsoft.AAD.BrokerPlugin/d3590ed6-52b3-4102-aeff-aad2292ab01c, resource: , correlation ID (request): 7717e2e3-1371-49e7-a92c-52ead09038d7"
"18-08-2026 10:30:57","1098","Error","Microsoft-Windows-AAD","Error: 0xCAA2000C The request requires user interaction.
Code: interaction_required
Description: SubError: basic_action V2Error: invalid_grant AADSTS50076: Due to a configuration change made by your administrator, or because you moved to a new location, you must use multi-factor authentication to access 'https://api.diagnostics-eudb.office.com/'. Trace ID: 9e478576-3d23-44ea-83df-e0998c4bc600 Correlation ID: 7717e2e3-1371-49e7-a92c-52ead09038d7 Timestamp: 2026-08-18 05:00:57Z
TokenEndpoint: https://login.microsoftonline.com/6ac7a1f4-5fb1-4153-bb4f-12d2020a1f7d/oauth2/token
Logged at OAuthTokenRequestBase.cpp, line: 518, method: OAuthTokenRequestBase::ProcessOAuthResponse.

Request: authority: https://login.microsoftonline.com/6ac7a1f4-5fb1-4153-bb4f-12d2020a1f7d, client: d3590ed6-52b3-4102-aeff-aad2292ab01c, redirect URI: ms-appx-web://Microsoft.AAD.BrokerPlugin/d3590ed6-52b3-4102-aeff-aad2292ab01c, resource: , correlation ID (request): 7717e2e3-1371-49e7-a92c-52ead09038d7"
"18-08-2026 10:30:57","1097","Warning","Microsoft-Windows-AAD","Error: 0x8AA9004C Acquire token by refresh token failed, trying PRT.
Logged at RefreshTokenRequest.cpp, line: 110, method: RefreshTokenRequest::AcquireToken.

Request: authority: https://login.microsoftonline.com/6ac7a1f4-5fb1-4153-bb4f-12d2020a1f7d, client: d3590ed6-52b3-4102-aeff-aad2292ab01c, redirect URI: ms-appx-web://Microsoft.AAD.BrokerPlugin/d3590ed6-52b3-4102-aeff-aad2292ab01c, resource: , correlation ID (request): 7717e2e3-1371-49e7-a92c-52ead09038d7"
"18-08-2026 10:30:57","1098","Error","Microsoft-Windows-AAD","Error: 0xCAA20003 Authorization grant failed for this assertion.
Code: invalid_grant
Description: V2Error: invalid_grant AADSTS50173: The provided grant has expired due to it being revoked, a fresh auth token is needed. The user might have changed or reset their password. The grant was issued on '2026-07-27T04:19:45.8223635Z' and the TokensValidFrom date (before which tokens are not valid) for this user is '2026-08-12T03:47:35.0000000Z'. Trace ID: 091214c2-cdd3-4edb-83b0-11c8a245c700 Correlation ID: 7717e2e3-1371-49e7-a92c-52ead09038d7 Timestamp: 2026-08-18 05:00:57Z
TokenEndpoint: https://login.microsoftonline.com/6ac7a1f4-5fb1-4153-bb4f-12d2020a1f7d/oauth2/token
Logged at OAuthTokenRequestBase.cpp, line: 518, method: OAuthTokenRequestBase::ProcessOAuthResponse.

Request: authority: https://login.microsoftonline.com/6ac7a1f4-5fb1-4153-bb4f-12d2020a1f7d, client: d3590ed6-52b3-4102-aeff-aad2292ab01c, redirect URI: ms-appx-web://Microsoft.AAD.BrokerPlugin/d3590ed6-52b3-4102-aeff-aad2292ab01c, resource: , correlation ID (request): 7717e2e3-1371-49e7-a92c-52ead09038d7"
"18-08-2026 10:30:45","1097","Warning","Microsoft-Windows-AAD","Error: 0xCAA90056 Renew token by the primary refresh token failed.
Logged at RefreshTokenRequest.cpp, line: 149, method: RefreshTokenRequest::AcquireToken.

Request: authority: https://login.microsoftonline.com/6ac7a1f4-5fb1-4153-bb4f-12d2020a1f7d, client: 1fec8e78-bce4-4aaf-ab1b-5451cc387264, redirect URI: ms-appx-web://Microsoft.AAD.BrokerPlugin/1fec8e78-bce4-4aaf-ab1b-5451cc387264, resource: , correlation ID (request): f195609d-e215-4450-b8f0-76569525fe2c"
"18-08-2026 10:30:45","1098","Error","Microsoft-Windows-AAD","Error: 0xCAA2000C The request requires user interaction.
Code: interaction_required
Description: SubError: basic_action V2Error: invalid_grant AADSTS50076: Due to a configuration change made by your administrator, or because you moved to a new location, you must use multi-factor authentication to access 'cc15fd57-2c6c-4117-a88c-83b1d56b4bbe'. Trace ID: 7c15429f-e284-44cf-9fc2-ba5dfb1ec900 Correlation ID: f195609d-e215-4450-b8f0-76569525fe2c Timestamp: 2026-08-18 05:00:45Z
TokenEndpoint: https://login.microsoftonline.com/6ac7a1f4-5fb1-4153-bb4f-12d2020a1f7d/oauth2/token
Logged at OAuthTokenRequestBase.cpp, line: 518, method: OAuthTokenRequestBase::ProcessOAuthResponse.

Request: authority: https://login.microsoftonline.com/6ac7a1f4-5fb1-4153-bb4f-12d2020a1f7d, client: 1fec8e78-bce4-4aaf-ab1b-5451cc387264, redirect URI: ms-appx-web://Microsoft.AAD.BrokerPlugin/1fec8e78-bce4-4aaf-ab1b-5451cc387264, resource: , correlation ID (request): f195609d-e215-4450-b8f0-76569525fe2c"
"18-08-2026 10:30:02","1097","Warning","Microsoft-Windows-AAD","Error: 0xCAA90056 Renew token by the primary refresh token failed.
Logged at RefreshTokenRequest.cpp, line: 149, method: RefreshTokenRequest::AcquireToken.

Request: authority: https://login.microsoftonline.com/common, client: c98e5057-edde-4666-b301-186a01b4dc58, redirect URI: ms-appx-web://Microsoft.AAD.BrokerPlugin/c98e5057-edde-4666-b301-186a01b4dc58, resource: https://syncservice.o365syncservice.com/, correlation ID (request): 152f61f4-c38e-4ab1-a865-c2c917a3e3e1"
"18-08-2026 10:30:02","1098","Error","Microsoft-Windows-AAD","Error: 0xCAA2000C The request requires user interaction.
Code: interaction_required
Description: AADSTS50076: Due to a configuration change made by your administrator, or because you moved to a new location, you must use multi-factor authentication to access '870c4f2e-85b6-4d43-bdda-6ed9a579b725'. Trace ID: 0b29a573-3596-43f7-99d1-169b1455b600 Correlation ID: 152f61f4-c38e-4ab1-a865-c2c917a3e3e1 Timestamp: 2026-08-18 05:00:02Z
TokenEndpoint: https://login.microsoftonline.com/common/oauth2/token
Logged at OAuthTokenRequestBase.cpp, line: 518, method: OAuthTokenRequestBase::ProcessOAuthResponse.

Request: authority: https://login.microsoftonline.com/common, client: c98e5057-edde-4666-b301-186a01b4dc58, redirect URI: ms-appx-web://Microsoft.AAD.BrokerPlugin/c98e5057-edde-4666-b301-186a01b4dc58, resource: https://syncservice.o365syncservice.com/, correlation ID (request): 152f61f4-c38e-4ab1-a865-c2c917a3e3e1"
"18-08-2026 10:29:51","1097","Warning","Microsoft-Windows-AAD","Error: 0xCAA90056 Renew token by the primary refresh token failed.
Logged at RefreshTokenRequest.cpp, line: 149, method: RefreshTokenRequest::AcquireToken.

Request: authority: https://login.microsoftonline.com/6ac7a1f4-5fb1-4153-bb4f-12d2020a1f7d, client: ecd6b820-32c2-49b6-98a6-444530e5a77a, redirect URI: ms-appx-web://Microsoft.AAD.BrokerPlugin/S-1-15-2-283421221-3183566570-1718213290-751554359-3541592344-2312209569-3374928651, resource: , correlation ID (request): 00e61e0f-70c5-4728-ad1b-7bdc257d06fd"
"18-08-2026 10:29:51","1098","Error","Microsoft-Windows-AAD","Error: 0xCAA2000C The request requires user interaction.
Code: interaction_required
Description: SubError: basic_action V2Error: invalid_grant AADSTS50076: Due to a configuration change made by your administrator, or because you moved to a new location, you must use multi-factor authentication to access '00000003-0000-0000-c000-000000000000'. Trace ID: f8b99f29-59ed-411f-831c-d08f0073c100 Correlation ID: 00e61e0f-70c5-4728-ad1b-7bdc257d06fd Timestamp: 2026-08-18 04:59:50Z
TokenEndpoint: https://login.microsoftonline.com/6ac7a1f4-5fb1-4153-bb4f-12d2020a1f7d/oauth2/token
Logged at OAuthTokenRequestBase.cpp, line: 518, method: OAuthTokenRequestBase::ProcessOAuthResponse.

Request: authority: https://login.microsoftonline.com/6ac7a1f4-5fb1-4153-bb4f-12d2020a1f7d, client: ecd6b820-32c2-49b6-98a6-444530e5a77a, redirect URI: ms-appx-web://Microsoft.AAD.BrokerPlugin/S-1-15-2-283421221-3183566570-1718213290-751554359-3541592344-2312209569-3374928651, resource: , correlation ID (request): 00e61e0f-70c5-4728-ad1b-7bdc257d06fd"
"18-08-2026 10:29:51","1097","Warning","Microsoft-Windows-AAD","Error: 0xCAA90056 Renew token by the primary refresh token failed.
Logged at RefreshTokenRequest.cpp, line: 149, method: RefreshTokenRequest::AcquireToken.

Request: authority: https://login.microsoftonline.com/6ac7a1f4-5fb1-4153-bb4f-12d2020a1f7d, client: 82864fa0-ed49-4711-8395-a0e6003dca1f, redirect URI: ms-appx-web://Microsoft.AAD.BrokerPlugin/S-1-15-2-283421221-3183566570-1718213290-751554359-3541592344-2312209569-3374928651, resource: , correlation ID (request): 00e61e0f-70c5-4728-ad1b-7bdc257d06fd"
"18-08-2026 10:29:51","1098","Error","Microsoft-Windows-AAD","Error: 0xCAA2000C The request requires user interaction.
Code: interaction_required
Description: SubError: basic_action V2Error: invalid_grant AADSTS50076: Due to a configuration change made by your administrator, or because you moved to a new location, you must use multi-factor authentication to access '00000003-0000-0000-c000-000000000000'. Trace ID: c6f2a85a-b115-44be-ad5a-d3668d24d100 Correlation ID: 00e61e0f-70c5-4728-ad1b-7bdc257d06fd Timestamp: 2026-08-18 04:59:50Z
TokenEndpoint: https://login.microsoftonline.com/6ac7a1f4-5fb1-4153-bb4f-12d2020a1f7d/oauth2/token
Logged at OAuthTokenRequestBase.cpp, line: 518, method: OAuthTokenRequestBase::ProcessOAuthResponse.

Request: authority: https://login.microsoftonline.com/6ac7a1f4-5fb1-4153-bb4f-12d2020a1f7d, client: 82864fa0-ed49-4711-8395-a0e6003dca1f, redirect URI: ms-appx-web://Microsoft.AAD.BrokerPlugin/S-1-15-2-283421221-3183566570-1718213290-751554359-3541592344-2312209569-3374928651, resource: , correlation ID (request): 00e61e0f-70c5-4728-ad1b-7bdc257d06fd"
"18-08-2026 10:29:50","1097","Warning","Microsoft-Windows-AAD","Error: 0xCAA90056 Renew token by the primary refresh token failed.
Logged at RefreshTokenRequest.cpp, line: 149, method: RefreshTokenRequest::AcquireToken.

Request: authority: https://login.microsoftonline.com/common, client: 7fba38f4-ec1f-458d-906c-f4e3c4f41335, redirect URI: ms-appx-web://Microsoft.AAD.BrokerPlugin/S-1-15-2-3539788797-2700867667-1432428195-1581642-2885308443-3834444517-2495346167, resource: https://outlook.office365.com, correlation ID (request): 7db62301-9d5f-4d4b-a6c2-27eda10e1b5f"
"18-08-2026 10:29:50","1098","Error","Microsoft-Windows-AAD","Error: 0xCAA2000C The request requires user interaction.
Code: interaction_required
Description: AADSTS50076: Due to a configuration change made by your administrator, or because you moved to a new location, you must use multi-factor authentication to access '00000002-0000-0ff1-ce00-000000000000'. Trace ID: 5b4de8a9-a9ea-4111-bd41-7cc4b9b7cb00 Correlation ID: 7db62301-9d5f-4d4b-a6c2-27eda10e1b5f Timestamp: 2026-08-18 04:59:49Z
TokenEndpoint: https://login.microsoftonline.com/common/oauth2/token
Logged at OAuthTokenRequestBase.cpp, line: 518, method: OAuthTokenRequestBase::ProcessOAuthResponse.

Request: authority: https://login.microsoftonline.com/common, client: 7fba38f4-ec1f-458d-906c-f4e3c4f41335, redirect URI: ms-appx-web://Microsoft.AAD.BrokerPlugin/S-1-15-2-3539788797-2700867667-1432428195-1581642-2885308443-3834444517-2495346167, resource: https://outlook.office365.com, correlation ID (request): 7db62301-9d5f-4d4b-a6c2-27eda10e1b5f"
"18-08-2026 10:29:49","1097","Warning","Microsoft-Windows-AAD","Error: 0xCAA90056 Renew token by the primary refresh token failed.
Logged at RefreshTokenRequest.cpp, line: 149, method: RefreshTokenRequest::AcquireToken.

Request: authority: https://login.microsoftonline.com/common, client: cab96880-db5b-4e15-90a7-f3f1d62ffe39, redirect URI: ms-appx-web://Microsoft.AAD.BrokerPlugin/cab96880-db5b-4e15-90a7-f3f1d62ffe39, resource: https://graph.microsoft.com, correlation ID (request): ec6ffc9b-a24c-4c6c-a7f5-4867d7b98fe9"
"18-08-2026 10:29:49","1098","Error","Microsoft-Windows-AAD","Error: 0xCAA2000C The request requires user interaction.
Code: interaction_required
Description: AADSTS50076: Due to a configuration change made by your administrator, or because you moved to a new location, you must use multi-factor authentication to access '00000003-0000-0000-c000-000000000000'. Trace ID: f47fe05a-4e7f-4c98-9520-19eaf9fcc800 Correlation ID: ec6ffc9b-a24c-4c6c-a7f5-4867d7b98fe9 Timestamp: 2026-08-18 04:59:48Z
TokenEndpoint: https://login.microsoftonline.com/common/oauth2/token
Logged at OAuthTokenRequestBase.cpp, line: 518, method: OAuthTokenRequestBase::ProcessOAuthResponse.

Request: authority: https://login.microsoftonline.com/common, client: cab96880-db5b-4e15-90a7-f3f1d62ffe39, redirect URI: ms-appx-web://Microsoft.AAD.BrokerPlugin/cab96880-db5b-4e15-90a7-f3f1d62ffe39, resource: https://graph.microsoft.com, correlation ID (request): ec6ffc9b-a24c-4c6c-a7f5-4867d7b98fe9"
"18-08-2026 10:29:48","1097","Warning","Microsoft-Windows-AAD","Error: 0xCAA90056 Renew token by the primary refresh token failed.
Logged at RefreshTokenRequest.cpp, line: 149, method: RefreshTokenRequest::AcquireToken.

Request: authority: https://login.microsoftonline.com/common, client: 6f7e0f60-9401-4f5b-98e2-cf15bd5fd5e3, redirect URI: ms-appx-web://Microsoft.AAD.BrokerPlugin/{6F7E0F60-9401-4F5b-98E2-CF15BD5Fd5E3}, resource: https://cs.dds.microsoft.com, correlation ID (request): 6c855e90-315e-4146-92ad-a6ef69f2a606"
"18-08-2026 10:29:48","1098","Error","Microsoft-Windows-AAD","Error: 0xCAA2000C The request requires user interaction.
Code: interaction_required
Description: AADSTS50076: Due to a configuration change made by your administrator, or because you moved to a new location, you must use multi-factor authentication to access '8f41dc7c-542c-4bdd-8eb3-e60543f607ca'. Trace ID: 649dd2b3-80b5-43e2-a5fa-308cb807cd00 Correlation ID: 6c855e90-315e-4146-92ad-a6ef69f2a606 Timestamp: 2026-08-18 04:59:48Z
TokenEndpoint: https://login.microsoftonline.com/common/oauth2/token
Logged at OAuthTokenRequestBase.cpp, line: 518, method: OAuthTokenRequestBase::ProcessOAuthResponse.

Request: authority: https://login.microsoftonline.com/common, client: 6f7e0f60-9401-4f5b-98e2-cf15bd5fd5e3, redirect URI: ms-appx-web://Microsoft.AAD.BrokerPlugin/{6F7E0F60-9401-4F5b-98E2-CF15BD5Fd5E3}, resource: https://cs.dds.microsoft.com, correlation ID (request): 6c855e90-315e-4146-92ad-a6ef69f2a606"
"18-08-2026 10:29:48","1097","Warning","Microsoft-Windows-AAD","Error: 0x8AA9004C Acquire token by refresh token failed, trying PRT.
Logged at RefreshTokenRequest.cpp, line: 110, method: RefreshTokenRequest::AcquireToken.

Request: authority: https://login.microsoftonline.com/common, client: cab96880-db5b-4e15-90a7-f3f1d62ffe39, redirect URI: ms-appx-web://Microsoft.AAD.BrokerPlugin/cab96880-db5b-4e15-90a7-f3f1d62ffe39, resource: https://graph.microsoft.com, correlation ID (request): ec6ffc9b-a24c-4c6c-a7f5-4867d7b98fe9"
"18-08-2026 10:29:48","1098","Error","Microsoft-Windows-AAD","Error: 0xCAA20003 Authorization grant failed for this assertion.
Code: invalid_grant
Description: AADSTS50173: The provided grant has expired due to it being revoked, a fresh auth token is needed. The user might have changed or reset their password. The grant was issued on '2026-07-27T04:19:45.8223635Z' and the TokensValidFrom date (before which tokens are not valid) for this user is '2026-08-12T03:47:35.0000000Z'. Trace ID: 528eb66a-09c2-4b5e-a0e8-a693527fb200 Correlation ID: ec6ffc9b-a24c-4c6c-a7f5-4867d7b98fe9 Timestamp: 2026-08-18 04:59:48Z
TokenEndpoint: https://login.microsoftonline.com/common/oauth2/token
Logged at OAuthTokenRequestBase.cpp, line: 518, method: OAuthTokenRequestBase::ProcessOAuthResponse.

Request: authority: https://login.microsoftonline.com/common, client: cab96880-db5b-4e15-90a7-f3f1d62ffe39, redirect URI: ms-appx-web://Microsoft.AAD.BrokerPlugin/cab96880-db5b-4e15-90a7-f3f1d62ffe39, resource: https://graph.microsoft.com, correlation ID (request): ec6ffc9b-a24c-4c6c-a7f5-4867d7b98fe9"
"18-08-2026 10:29:41","1097","Warning","Microsoft-Windows-AAD","Error: 0xCAA90056 Renew token by the primary refresh token failed.
Logged at RefreshTokenRequest.cpp, line: 149, method: RefreshTokenRequest::AcquireToken.

Request: authority: https://login.microsoftonline.com/common, client: cab96880-db5b-4e15-90a7-f3f1d62ffe39, redirect URI: ms-appx-web://Microsoft.AAD.BrokerPlugin/cab96880-db5b-4e15-90a7-f3f1d62ffe39, resource: https://graph.microsoft.com, correlation ID (request): e910ae96-aeda-44c6-8722-eb135303d67f"
"18-08-2026 10:29:41","1098","Error","Microsoft-Windows-AAD","Error: 0xCAA2000C The request requires user interaction.
Code: interaction_required
Description: AADSTS50076: Due to a configuration change made by your administrator, or because you moved to a new location, you must use multi-factor authentication to access '00000003-0000-0000-c000-000000000000'. Trace ID: c96aff5e-3f25-4f25-9c15-5b80bcdd0a01 Correlation ID: e910ae96-aeda-44c6-8722-eb135303d67f Timestamp: 2026-08-18 04:59:41Z
TokenEndpoint: https://login.microsoftonline.com/common/oauth2/token
Logged at OAuthTokenRequestBase.cpp, line: 518, method: OAuthTokenRequestBase::ProcessOAuthResponse.

Request: authority: https://login.microsoftonline.com/common, client: cab96880-db5b-4e15-90a7-f3f1d62ffe39, redirect URI: ms-appx-web://Microsoft.AAD.BrokerPlugin/cab96880-db5b-4e15-90a7-f3f1d62ffe39, resource: https://graph.microsoft.com, correlation ID (request): e910ae96-aeda-44c6-8722-eb135303d67f"
"18-08-2026 10:29:41","1097","Warning","Microsoft-Windows-AAD","Error: 0x8AA9004C Acquire token by refresh token failed, trying PRT.
Logged at RefreshTokenRequest.cpp, line: 110, method: RefreshTokenRequest::AcquireToken.

Request: authority: https://login.microsoftonline.com/common, client: cab96880-db5b-4e15-90a7-f3f1d62ffe39, redirect URI: ms-appx-web://Microsoft.AAD.BrokerPlugin/cab96880-db5b-4e15-90a7-f3f1d62ffe39, resource: https://graph.microsoft.com, correlation ID (request): e910ae96-aeda-44c6-8722-eb135303d67f"
"18-08-2026 10:29:41","1098","Error","Microsoft-Windows-AAD","Error: 0xCAA20003 Authorization grant failed for this assertion.
Code: invalid_grant
Description: AADSTS50173: The provided grant has expired due to it being revoked, a fresh auth token is needed. The user might have changed or reset their password. The grant was issued on '2026-07-27T04:19:45.8223635Z' and the TokensValidFrom date (before which tokens are not valid) for this user is '2026-08-12T03:47:35.0000000Z'. Trace ID: 8899e17c-a186-4a8b-91ce-f91f7087ce00 Correlation ID: e910ae96-aeda-44c6-8722-eb135303d67f Timestamp: 2026-08-18 04:59:41Z
TokenEndpoint: https://login.microsoftonline.com/common/oauth2/token
Logged at OAuthTokenRequestBase.cpp, line: 518, method: OAuthTokenRequestBase::ProcessOAuthResponse.

Request: authority: https://login.microsoftonline.com/common, client: cab96880-db5b-4e15-90a7-f3f1d62ffe39, redirect URI: ms-appx-web://Microsoft.AAD.BrokerPlugin/cab96880-db5b-4e15-90a7-f3f1d62ffe39, resource: https://graph.microsoft.com, correlation ID (request): e910ae96-aeda-44c6-8722-eb135303d67f"
"18-08-2026 10:29:41","1097","Warning","Microsoft-Windows-AAD","Error: 0xCAA90056 Renew token by the primary refresh token failed.
Logged at RefreshTokenRequest.cpp, line: 149, method: RefreshTokenRequest::AcquireToken.

Request: authority: https://login.microsoftonline.com/organizations, client: d3590ed6-52b3-4102-aeff-aad2292ab01c, redirect URI: ms-appx-web://Microsoft.AAD.BrokerPlugin/d3590ed6-52b3-4102-aeff-aad2292ab01c, resource: https://dataservice.o365filtering.com, correlation ID (request): d531841a-f7c9-45fa-96c0-20b9f9c0de00"
"18-08-2026 10:29:41","1098","Error","Microsoft-Windows-AAD","Error: 0xCAA2000C The request requires user interaction.
Code: interaction_required
Description: AADSTS50076: Due to a configuration change made by your administrator, or because you moved to a new location, you must use multi-factor authentication to access '00000007-0000-0ff1-ce00-000000000000'. Trace ID: 9c0f5012-7187-4be9-bdbb-0597c29cc600 Correlation ID: d531841a-f7c9-45fa-96c0-20b9f9c0de00 Timestamp: 2026-08-18 04:59:41Z
TokenEndpoint: https://login.microsoftonline.com/organizations/oauth2/token
Logged at OAuthTokenRequestBase.cpp, line: 518, method: OAuthTokenRequestBase::ProcessOAuthResponse.

Request: authority: https://login.microsoftonline.com/organizations, client: d3590ed6-52b3-4102-aeff-aad2292ab01c, redirect URI: ms-appx-web://Microsoft.AAD.BrokerPlugin/d3590ed6-52b3-4102-aeff-aad2292ab01c, resource: https://dataservice.o365filtering.com, correlation ID (request): d531841a-f7c9-45fa-96c0-20b9f9c0de00"
"18-08-2026 10:29:39","1241","Information","Microsoft-Windows-AAD","On-prem tgt error: On-prem configuration is missing"
"18-08-2026 10:29:38","1241","Information","Microsoft-Windows-AAD","On-prem tgt error: On-prem configuration is missing"
"18-08-2026 10:29:36","1251","Information","Microsoft-Windows-AAD","DoGetEnterpriseToken Diagnostic Event:
Result: 0xC0000250
User Identity: joe.prakash@nielseniq.com
Credential Type: 1
Correlation ID: c0206d72-60ec-4db2-9533-6ca4e3cbabb8
Endpoint Uri: https://sts.nielseniq.com/adfs/oauth2/token/
HTTP Status: POST
HTTP Method: The operation completed successfully.
ErrorCode: 401
Error Description: interaction_required"
"18-08-2026 10:29:36","1118","Error","Microsoft-Windows-AAD","Enterprise STS Logon failure. Status: 0xC0000250 Correlation ID: c0206d72-60ec-4db2-9533-6ca4e3cbabb8"
"18-08-2026 10:29:36","1081","Error","Microsoft-Windows-AAD","OAuth response error: interaction_required
Error description: MSIS9699: GlobalAuthenticationPolicy on the Server doesn't allow this OAuth JWT Bearer request. Please contact the administrator to update the GlobalAuthenticationPolicy.
CorrelationID: "
"18-08-2026 10:29:36","1025","Error","Microsoft-Windows-AAD","Http request status: 401. Method: POST Endpoint Uri: https://sts.nielseniq.com/adfs/oauth2/token/ Correlation ID: c0206d72-60ec-4db2-9533-6ca4e3cbabb8"
"18-08-2026 10:29:35","1241","Information","Microsoft-Windows-AAD","On-prem tgt error: On-prem configuration is missing"
"18-08-2026 10:29:32","1280","Information","Microsoft-Windows-AAD","PRT session key needs to be rolled.
Reason: VSM key rollover"
"18-08-2026 10:29:22","1160","Error","Microsoft-Windows-AAD","Logon failure. Status: 0xC000006A Correlation ID: 4ec8594f-3c11-45c1-90cb-5a49f48758ac"
"18-08-2026 10:29:22","1250","Information","Microsoft-Windows-AAD","DoGetToken Diagnostic Event:
Result: 0xC000006A
User Identity: joe.prakash@nielseniq.com
Credential Type: 1
Correlation ID: 4ec8594f-3c11-45c1-90cb-5a49f48758ac
Endpoint Uri: https://sts.nielseniq.com/adfs/services/trust/13/usernamemixed
HTTP Status: POST
HTTP Method: The operation completed successfully.
ErrorCode: 500
Error Description: "
"18-08-2026 10:29:22","1085","Error","Microsoft-Windows-AAD","Logon failure. Status: 0xC000006A Correlation ID: 4ec8594f-3c11-45c1-90cb-5a49f48758ac"
"18-08-2026 10:29:22","1088","Error","Microsoft-Windows-AAD","WSTrust response error: FailedAuthentication
Error description: <s:Text xml:lang=""en-US"" xmlns:s=""http://www.w3.org/2003/05/soap-envelope"">ID3242: The security token could not be authenticated or authorized.</s:Text>"
"18-08-2026 10:29:22","1025","Error","Microsoft-Windows-AAD","Http request status: 500. Method: POST Endpoint Uri: https://sts.nielseniq.com/adfs/services/trust/13/usernamemixed Correlation ID: 4ec8594f-3c11-45c1-90cb-5a49f48758ac"
"18-08-2026 10:22:54","1241","Information","Microsoft-Windows-AAD","On-prem tgt error: On-prem configuration is missing"
"18-08-2026 10:09:18","1241","Information","Microsoft-Windows-AAD","On-prem tgt error: On-prem configuration is missing"
"18-08-2026 10:09:17","1104","Error","Microsoft-Windows-AAD","AAD Cloud AP plugin call Post logon processing returned error: 0xC000006D"
"18-08-2026 10:09:17","1159","Warning","Microsoft-Windows-AAD","AadCloudAPPlugin S4U logon failed. Status: 0xC000006D"
"18-08-2026 10:09:15","1241","Information","Microsoft-Windows-AAD","On-prem tgt error: On-prem configuration is missing"
"18-08-2026 10:09:13","1251","Information","Microsoft-Windows-AAD","DoGetEnterpriseToken Diagnostic Event:
Result: 0xC0000250
User Identity: joe.prakash@nielseniq.com
Credential Type: 2
Correlation ID: c16c02b6-f469-4d36-9946-22e66f1be754
Endpoint Uri: https://sts.nielseniq.com/adfs/oauth2/token/
HTTP Status: POST
HTTP Method: The operation completed successfully.
ErrorCode: 401
Error Description: interaction_required"
"18-08-2026 10:09:13","1118","Error","Microsoft-Windows-AAD","Enterprise STS Logon failure. Status: 0xC0000250 Correlation ID: c16c02b6-f469-4d36-9946-22e66f1be754"
"18-08-2026 10:09:13","1081","Error","Microsoft-Windows-AAD","OAuth response error: interaction_required
Error description: MSIS9699: GlobalAuthenticationPolicy on the Server doesn't allow this OAuth JWT Bearer request. Please contact the administrator to update the GlobalAuthenticationPolicy.
CorrelationID: "
"18-08-2026 10:09:13","1025","Error","Microsoft-Windows-AAD","Http request status: 401. Method: POST Endpoint Uri: https://sts.nielseniq.com/adfs/oauth2/token/ Correlation ID: c16c02b6-f469-4d36-9946-22e66f1be754"
"18-08-2026 10:09:13","1241","Information","Microsoft-Windows-AAD","On-prem tgt error: On-prem configuration is missing"
"18-08-2026 10:09:12","1241","Information","Microsoft-Windows-AAD","On-prem tgt error: On-prem configuration is missing"
"18-08-2026 10:09:11","1241","Information","Microsoft-Windows-AAD","On-prem tgt error: On-prem configuration is missing"
"18-08-2026 10:09:11","1241","Information","Microsoft-Windows-AAD","On-prem tgt error: On-prem configuration is missing"
"18-08-2026 09:41:06","1104","Error","Microsoft-Windows-AAD","AAD Cloud AP plugin call Post logon processing returned error: 0xC000006D"
"18-08-2026 09:41:06","1159","Warning","Microsoft-Windows-AAD","AadCloudAPPlugin S4U logon failed. Status: 0xC000006D"
"18-08-2026 09:41:04","1241","Information","Microsoft-Windows-AAD","On-prem tgt error: On-prem configuration is missing"
"18-08-2026 09:41:02","1251","Information","Microsoft-Windows-AAD","DoGetEnterpriseToken Diagnostic Event:
Result: 0xC0000250
User Identity: joe.prakash@nielseniq.com
Credential Type: 2
Correlation ID: 2fb5293d-c3aa-4949-9f3b-47b1bed9e4a8
Endpoint Uri: https://sts.nielseniq.com/adfs/oauth2/token/
HTTP Status: POST
HTTP Method: The operation completed successfully.
ErrorCode: 401
Error Description: interaction_required"
"18-08-2026 09:41:02","1118","Error","Microsoft-Windows-AAD","Enterprise STS Logon failure. Status: 0xC0000250 Correlation ID: 2fb5293d-c3aa-4949-9f3b-47b1bed9e4a8"
"18-08-2026 09:41:02","1081","Error","Microsoft-Windows-AAD","OAuth response error: interaction_required
Error description: MSIS9699: GlobalAuthenticationPolicy on the Server doesn't allow this OAuth JWT Bearer request. Please contact the administrator to update the GlobalAuthenticationPolicy.
CorrelationID: "
"18-08-2026 09:41:02","1025","Error","Microsoft-Windows-AAD","Http request status: 401. Method: POST Endpoint Uri: https://sts.nielseniq.com/adfs/oauth2/token/ Correlation ID: 2fb5293d-c3aa-4949-9f3b-47b1bed9e4a8"
"18-08-2026 09:41:00","1241","Information","Microsoft-Windows-AAD","On-prem tgt error: On-prem configuration is missing"
"18-08-2026 09:40:48","1104","Error","Microsoft-Windows-AAD","AAD Cloud AP plugin call GenericCallPkg returned error: 0xC000023C"
"18-08-2026 09:40:48","1084","Error","Microsoft-Windows-AAD","Http transport error. Status: Unknown HResult Error code: 0x80072ee7 Correlation ID: {0082FA50-429E-4ABC-A78F-7BEDB183255C}"
"18-08-2026 06:22:57","1241","Information","Microsoft-Windows-AAD","On-prem tgt error: On-prem configuration is missing"
"18-08-2026 06:22:56","1241","Information","Microsoft-Windows-AAD","On-prem tgt error: On-prem configuration is missing"
"18-08-2026 06:22:51","1241","Information","Microsoft-Windows-AAD","On-prem tgt error: On-prem configuration is missing"
"18-08-2026 06:22:51","1241","Information","Microsoft-Windows-AAD","On-prem tgt error: On-prem configuration is missing"
"18-08-2026 06:22:49","1098","Error","Microsoft-Windows-AAD","Error: 0xCAA5001C Token broker operation failed.
Operation name: GetTokenSilently, Error: -895025148 (0xcaa70004), Description: The server or proxy was not found.
Logged at WebAccountProcessor.cpp, line: 723, method: AAD::Core::WebAccountProcessor::ReportOperationError."
"18-08-2026 06:22:49","1097","Warning","Microsoft-Windows-AAD","Error: 0xCAA90056 Renew token by the primary refresh token failed.
Logged at RefreshTokenRequest.cpp, line: 149, method: RefreshTokenRequest::AcquireToken.

Request: authority: https://login.microsoftonline.com/6ac7a1f4-5fb1-4153-bb4f-12d2020a1f7d, client: 0ec893e0-5785-4de6-99da-4ed124e5296c, redirect URI: ms-appx-web://Microsoft.AAD.BrokerPlugin/0ec893e0-5785-4de6-99da-4ed124e5296c, resource: , correlation ID (request): 01a0125b-42d2-7756-9a0a-b317b224305d"
"18-08-2026 06:22:49","1098","Error","Microsoft-Windows-AAD","Error: 0xCAA70004 The server or proxy was not found.
Code: authentication_failed
Description: The server or proxy was not found.
TokenEndpoint: https://login.microsoftonline.com/6ac7a1f4-5fb1-4153-bb4f-12d2020a1f7d/oauth2/token
Logged at OAuthTokenRequestBase.cpp, line: 323, method: OAuthTokenRequestBase::SendRequest.

Request: authority: https://login.microsoftonline.com/6ac7a1f4-5fb1-4153-bb4f-12d2020a1f7d, client: 0ec893e0-5785-4de6-99da-4ed124e5296c, redirect URI: ms-appx-web://Microsoft.AAD.BrokerPlugin/0ec893e0-5785-4de6-99da-4ed124e5296c, resource: , correlation ID (request): 01a0125b-42d2-7756-9a0a-b317b224305d"
"18-08-2026 06:22:49","1098","Error","Microsoft-Windows-AAD","Error: 0xCAA70004 The server or proxy was not found.
Exception of type 'class HttpException' at XMLHTTPWebRequest.cpp, line: 184, method: XMLHTTPWebRequest::ReceiveResponse.

Log: 0xcaa90051 Sending OAuth request failed.
Logged at OAuthTokenRequestBase.cpp, line: 323, method: OAuthTokenRequestBase::SendRequest.

Request: authority: https://login.microsoftonline.com/6ac7a1f4-5fb1-4153-bb4f-12d2020a1f7d, client: 0ec893e0-5785-4de6-99da-4ed124e5296c, redirect URI: ms-appx-web://Microsoft.AAD.BrokerPlugin/0ec893e0-5785-4de6-99da-4ed124e5296c, resource: , correlation ID (request): 01a0125b-42d2-7756-9a0a-b317b224305d"
"18-08-2026 06:22:49","1161","Error","Microsoft-Windows-AAD","Logon failure. Status: 0xC000023C Correlation ID: ea91d2db-88b4-49ed-ad22-fa039a854c00"
"18-08-2026 06:22:49","1252","Information","Microsoft-Windows-AAD","DoRefreshToken Diagnostic Event:
Result: 0xC000023C
User Identity: joe.prakash@nielseniq.com
Credential Type: 2
Correlation ID: false
Endpoint Uri: ea91d2db-88b4-49ed-ad22-fa039a854c00
HTTP Status: https://login.microsoftonline.com/6ac7a1f4-5fb1-4153-bb4f-12d2020a1f7d/oauth2/token
HTTP Method: 
ErrorCode: Unknown HResult Error code: 0x80072efd
Error Description: 0"
"18-08-2026 06:22:49","1094","Error","Microsoft-Windows-AAD","Refresh token failure. Status: 0xC000023C Correlation ID: ea91d2db-88b4-49ed-ad22-fa039a854c00"
"18-08-2026 06:22:49","1084","Error","Microsoft-Windows-AAD","Http transport error. Status: Unknown HResult Error code: 0x80072efd Correlation ID: ea91d2db-88b4-49ed-ad22-fa039a854c00"
"18-08-2026 06:22:49","1098","Error","Microsoft-Windows-AAD","Error: 0xCAA5001C Token broker operation failed.
Operation name: GetTokenSilently, Error: -895025148 (0xcaa70004), Description: The server or proxy was not found.
Logged at WebAccountProcessor.cpp, line: 723, method: AAD::Core::WebAccountProcessor::ReportOperationError."
"18-08-2026 06:22:49","1098","Error","Microsoft-Windows-AAD","Error: 0xCAA5001C Token broker operation failed.
Operation name: GetTokenSilently, Error: -895025148 (0xcaa70004), Description: The server or proxy was not found.
Logged at WebAccountProcessor.cpp, line: 723, method: AAD::Core::WebAccountProcessor::ReportOperationError."
"18-08-2026 06:22:49","1098","Error","Microsoft-Windows-AAD","Error: 0xCAA5001C Token broker operation failed.
Operation name: GetTokenSilently, Error: -895025148 (0xcaa70004), Description: The server or proxy was not found.
Logged at WebAccountProcessor.cpp, line: 723, method: AAD::Core::WebAccountProcessor::ReportOperationError."
"18-08-2026 06:22:49","1097","Warning","Microsoft-Windows-AAD","Error: 0xCAA90056 Renew token by the primary refresh token failed.
Logged at RefreshTokenRequest.cpp, line: 149, method: RefreshTokenRequest::AcquireToken.

Request: authority: https://login.microsoftonline.com/6ac7a1f4-5fb1-4153-bb4f-12d2020a1f7d, client: d3590ed6-52b3-4102-aeff-aad2292ab01c, redirect URI: ms-appx-web://Microsoft.AAD.BrokerPlugin/d3590ed6-52b3-4102-aeff-aad2292ab01c, resource: , correlation ID (request): ccb8af94-01e7-4b9d-a9af-e5879e6fb007"
"18-08-2026 06:22:49","1098","Error","Microsoft-Windows-AAD","Error: 0xCAA70004 The server or proxy was not found.
Code: authentication_failed
Description: The server or proxy was not found.
TokenEndpoint: https://login.microsoftonline.com/6ac7a1f4-5fb1-4153-bb4f-12d2020a1f7d/oauth2/token
Logged at OAuthTokenRequestBase.cpp, line: 323, method: OAuthTokenRequestBase::SendRequest.

Request: authority: https://login.microsoftonline.com/6ac7a1f4-5fb1-4153-bb4f-12d2020a1f7d, client: d3590ed6-52b3-4102-aeff-aad2292ab01c, redirect URI: ms-appx-web://Microsoft.AAD.BrokerPlugin/d3590ed6-52b3-4102-aeff-aad2292ab01c, resource: , correlation ID (request): ccb8af94-01e7-4b9d-a9af-e5879e6fb007"
"18-08-2026 06:22:49","1098","Error","Microsoft-Windows-AAD","Error: 0xCAA70004 The server or proxy was not found.
Exception of type 'class HttpException' at XMLHTTPWebRequest.cpp, line: 184, method: XMLHTTPWebRequest::ReceiveResponse.

Log: 0xcaa90051 Sending OAuth request failed.
Logged at OAuthTokenRequestBase.cpp, line: 323, method: OAuthTokenRequestBase::SendRequest.

Request: authority: https://login.microsoftonline.com/6ac7a1f4-5fb1-4153-bb4f-12d2020a1f7d, client: d3590ed6-52b3-4102-aeff-aad2292ab01c, redirect URI: ms-appx-web://Microsoft.AAD.BrokerPlugin/d3590ed6-52b3-4102-aeff-aad2292ab01c, resource: , correlation ID (request): ccb8af94-01e7-4b9d-a9af-e5879e6fb007"
"18-08-2026 06:22:49","1097","Warning","Microsoft-Windows-AAD","Error: 0xCAA90056 Renew token by the primary refresh token failed.
Logged at RefreshTokenRequest.cpp, line: 149, method: RefreshTokenRequest::AcquireToken.

Request: authority: https://login.microsoftonline.com/6ac7a1f4-5fb1-4153-bb4f-12d2020a1f7d, client: ab9b8c07-8f02-4f72-87fa-80105867a763, redirect URI: ms-appx-web://Microsoft.AAD.BrokerPlugin/ab9b8c07-8f02-4f72-87fa-80105867a763, resource: , correlation ID (request): aeae4162-2383-4571-adde-01480d8595e5"
"18-08-2026 06:22:49","1098","Error","Microsoft-Windows-AAD","Error: 0xCAA70004 The server or proxy was not found.
Code: authentication_failed
Description: The server or proxy was not found.
TokenEndpoint: https://login.microsoftonline.com/6ac7a1f4-5fb1-4153-bb4f-12d2020a1f7d/oauth2/token
Logged at OAuthTokenRequestBase.cpp, line: 323, method: OAuthTokenRequestBase::SendRequest.

Request: authority: https://login.microsoftonline.com/6ac7a1f4-5fb1-4153-bb4f-12d2020a1f7d, client: ab9b8c07-8f02-4f72-87fa-80105867a763, redirect URI: ms-appx-web://Microsoft.AAD.BrokerPlugin/ab9b8c07-8f02-4f72-87fa-80105867a763, resource: , correlation ID (request): aeae4162-2383-4571-adde-01480d8595e5"
"18-08-2026 06:22:49","1098","Error","Microsoft-Windows-AAD","Error: 0xCAA70004 The server or proxy was not found.
Exception of type 'class HttpException' at XMLHTTPWebRequest.cpp, line: 184, method: XMLHTTPWebRequest::ReceiveResponse.

Log: 0xcaa90051 Sending OAuth request failed.
Logged at OAuthTokenRequestBase.cpp, line: 323, method: OAuthTokenRequestBase::SendRequest.

Request: authority: https://login.microsoftonline.com/6ac7a1f4-5fb1-4153-bb4f-12d2020a1f7d, client: ab9b8c07-8f02-4f72-87fa-80105867a763, redirect URI: ms-appx-web://Microsoft.AAD.BrokerPlugin/ab9b8c07-8f02-4f72-87fa-80105867a763, resource: , correlation ID (request): aeae4162-2383-4571-adde-01480d8595e5"
"18-08-2026 06:22:49","1097","Warning","Microsoft-Windows-AAD","Error: 0xCAA90056 Renew token by the primary refresh token failed.
Logged at RefreshTokenRequest.cpp, line: 149, method: RefreshTokenRequest::AcquireToken.

Request: authority: https://login.microsoftonline.com/6ac7a1f4-5fb1-4153-bb4f-12d2020a1f7d, client: d3590ed6-52b3-4102-aeff-aad2292ab01c, redirect URI: ms-appx-web://Microsoft.AAD.BrokerPlugin/d3590ed6-52b3-4102-aeff-aad2292ab01c, resource: , correlation ID (request): b5c0b76f-d683-4525-85b7-75db022e7145"
"18-08-2026 06:22:49","1098","Error","Microsoft-Windows-AAD","Error: 0xCAA70004 The server or proxy was not found.
Code: authentication_failed
Description: The server or proxy was not found.
TokenEndpoint: https://login.microsoftonline.com/6ac7a1f4-5fb1-4153-bb4f-12d2020a1f7d/oauth2/token
Logged at OAuthTokenRequestBase.cpp, line: 323, method: OAuthTokenRequestBase::SendRequest.

Request: authority: https://login.microsoftonline.com/6ac7a1f4-5fb1-4153-bb4f-12d2020a1f7d, client: d3590ed6-52b3-4102-aeff-aad2292ab01c, redirect URI: ms-appx-web://Microsoft.AAD.BrokerPlugin/d3590ed6-52b3-4102-aeff-aad2292ab01c, resource: , correlation ID (request): b5c0b76f-d683-4525-85b7-75db022e7145"
"18-08-2026 06:22:49","1098","Error","Microsoft-Windows-AAD","Error: 0xCAA70004 The server or proxy was not found.
Exception of type 'class HttpException' at XMLHTTPWebRequest.cpp, line: 184, method: XMLHTTPWebRequest::ReceiveResponse.

Log: 0xcaa90051 Sending OAuth request failed.
Logged at OAuthTokenRequestBase.cpp, line: 323, method: OAuthTokenRequestBase::SendRequest.

Request: authority: https://login.microsoftonline.com/6ac7a1f4-5fb1-4153-bb4f-12d2020a1f7d, client: d3590ed6-52b3-4102-aeff-aad2292ab01c, redirect URI: ms-appx-web://Microsoft.AAD.BrokerPlugin/d3590ed6-52b3-4102-aeff-aad2292ab01c, resource: , correlation ID (request): b5c0b76f-d683-4525-85b7-75db022e7145"
"18-08-2026 06:22:48","1098","Error","Microsoft-Windows-AAD","Error: 0xCAA5001C Token broker operation failed.
Operation name: GetTokenSilently, Error: -895025148 (0xcaa70004), Description: The server or proxy was not found.
Logged at WebAccountProcessor.cpp, line: 723, method: AAD::Core::WebAccountProcessor::ReportOperationError."
"18-08-2026 06:22:48","1097","Warning","Microsoft-Windows-AAD","Error: 0xCAA90056 Renew token by the primary refresh token failed.
Logged at RefreshTokenRequest.cpp, line: 149, method: RefreshTokenRequest::AcquireToken.

Request: authority: https://login.microsoftonline.com/6ac7a1f4-5fb1-4153-bb4f-12d2020a1f7d, client: d3590ed6-52b3-4102-aeff-aad2292ab01c, redirect URI: ms-appx-web://Microsoft.AAD.BrokerPlugin/d3590ed6-52b3-4102-aeff-aad2292ab01c, resource: , correlation ID (request): 29622c37-3d86-4f67-8d6c-169737647c8c"
"18-08-2026 06:22:48","1098","Error","Microsoft-Windows-AAD","Error: 0xCAA70004 The server or proxy was not found.
Code: authentication_failed
Description: The server or proxy was not found.
TokenEndpoint: https://login.microsoftonline.com/6ac7a1f4-5fb1-4153-bb4f-12d2020a1f7d/oauth2/token
Logged at OAuthTokenRequestBase.cpp, line: 323, method: OAuthTokenRequestBase::SendRequest.

Request: authority: https://login.microsoftonline.com/6ac7a1f4-5fb1-4153-bb4f-12d2020a1f7d, client: d3590ed6-52b3-4102-aeff-aad2292ab01c, redirect URI: ms-appx-web://Microsoft.AAD.BrokerPlugin/d3590ed6-52b3-4102-aeff-aad2292ab01c, resource: , correlation ID (request): 29622c37-3d86-4f67-8d6c-169737647c8c"
"18-08-2026 06:22:48","1098","Error","Microsoft-Windows-AAD","Error: 0xCAA70004 The server or proxy was not found.
Exception of type 'class HttpException' at XMLHTTPWebRequest.cpp, line: 184, method: XMLHTTPWebRequest::ReceiveResponse.

Log: 0xcaa90051 Sending OAuth request failed.
Logged at OAuthTokenRequestBase.cpp, line: 323, method: OAuthTokenRequestBase::SendRequest.

Request: authority: https://login.microsoftonline.com/6ac7a1f4-5fb1-4153-bb4f-12d2020a1f7d, client: d3590ed6-52b3-4102-aeff-aad2292ab01c, redirect URI: ms-appx-web://Microsoft.AAD.BrokerPlugin/d3590ed6-52b3-4102-aeff-aad2292ab01c, resource: , correlation ID (request): 29622c37-3d86-4f67-8d6c-169737647c8c"
"18-08-2026 06:22:48","1098","Error","Microsoft-Windows-AAD","Error: 0xCAA5001C Token broker operation failed.
Operation name: GetTokenSilently, Error: -895025148 (0xcaa70004), Description: The server or proxy was not found.
Logged at WebAccountProcessor.cpp, line: 723, method: AAD::Core::WebAccountProcessor::ReportOperationError."
"18-08-2026 06:22:48","1097","Warning","Microsoft-Windows-AAD","Error: 0xCAA90056 Renew token by the primary refresh token failed.
Logged at RefreshTokenRequest.cpp, line: 149, method: RefreshTokenRequest::AcquireToken.

Request: authority: https://login.microsoftonline.com/6ac7a1f4-5fb1-4153-bb4f-12d2020a1f7d, client: d3590ed6-52b3-4102-aeff-aad2292ab01c, redirect URI: ms-appx-web://Microsoft.AAD.BrokerPlugin/d3590ed6-52b3-4102-aeff-aad2292ab01c, resource: , correlation ID (request): 4d796764-b823-4b45-94f6-2f6e7743d796"
"18-08-2026 06:22:48","1098","Error","Microsoft-Windows-AAD","Error: 0xCAA70004 The server or proxy was not found.
Code: authentication_failed
Description: The server or proxy was not found.
TokenEndpoint: https://login.microsoftonline.com/6ac7a1f4-5fb1-4153-bb4f-12d2020a1f7d/oauth2/token
Logged at OAuthTokenRequestBase.cpp, line: 323, method: OAuthTokenRequestBase::SendRequest.

Request: authority: https://login.microsoftonline.com/6ac7a1f4-5fb1-4153-bb4f-12d2020a1f7d, client: d3590ed6-52b3-4102-aeff-aad2292ab01c, redirect URI: ms-appx-web://Microsoft.AAD.BrokerPlugin/d3590ed6-52b3-4102-aeff-aad2292ab01c, resource: , correlation ID (request): 4d796764-b823-4b45-94f6-2f6e7743d796"
"18-08-2026 06:22:48","1098","Error","Microsoft-Windows-AAD","Error: 0xCAA70004 The server or proxy was not found.
Exception of type 'class HttpException' at XMLHTTPWebRequest.cpp, line: 184, method: XMLHTTPWebRequest::ReceiveResponse.

Log: 0xcaa90051 Sending OAuth request failed.
Logged at OAuthTokenRequestBase.cpp, line: 323, method: OAuthTokenRequestBase::SendRequest.

Request: authority: https://login.microsoftonline.com/6ac7a1f4-5fb1-4153-bb4f-12d2020a1f7d, client: d3590ed6-52b3-4102-aeff-aad2292ab01c, redirect URI: ms-appx-web://Microsoft.AAD.BrokerPlugin/d3590ed6-52b3-4102-aeff-aad2292ab01c, resource: , correlation ID (request): 4d796764-b823-4b45-94f6-2f6e7743d796"
"18-08-2026 06:22:48","1098","Error","Microsoft-Windows-AAD","Error: 0xCAA5001C Token broker operation failed.
Operation name: GetTokenSilently, Error: -895025148 (0xcaa70004), Description: The server or proxy was not found.
Logged at WebAccountProcessor.cpp, line: 723, method: AAD::Core::WebAccountProcessor::ReportOperationError."
"18-08-2026 06:22:48","1097","Warning","Microsoft-Windows-AAD","Error: 0xCAA90056 Renew token by the primary refresh token failed.
Logged at RefreshTokenRequest.cpp, line: 149, method: RefreshTokenRequest::AcquireToken.

Request: authority: https://login.microsoftonline.com/6ac7a1f4-5fb1-4153-bb4f-12d2020a1f7d, client: 0ec893e0-5785-4de6-99da-4ed124e5296c, redirect URI: ms-appx-web://Microsoft.AAD.BrokerPlugin/0ec893e0-5785-4de6-99da-4ed124e5296c, resource: , correlation ID (request): 01a0125b-451e-7313-972e-a1fad4c46691"
"18-08-2026 06:22:48","1098","Error","Microsoft-Windows-AAD","Error: 0xCAA70004 The server or proxy was not found.
Code: authentication_failed
Description: The server or proxy was not found.
TokenEndpoint: https://login.microsoftonline.com/6ac7a1f4-5fb1-4153-bb4f-12d2020a1f7d/oauth2/token
Logged at OAuthTokenRequestBase.cpp, line: 323, method: OAuthTokenRequestBase::SendRequest.

Request: authority: https://login.microsoftonline.com/6ac7a1f4-5fb1-4153-bb4f-12d2020a1f7d, client: 0ec893e0-5785-4de6-99da-4ed124e5296c, redirect URI: ms-appx-web://Microsoft.AAD.BrokerPlugin/0ec893e0-5785-4de6-99da-4ed124e5296c, resource: , correlation ID (request): 01a0125b-451e-7313-972e-a1fad4c46691"
"18-08-2026 06:22:48","1098","Error","Microsoft-Windows-AAD","Error: 0xCAA70004 The server or proxy was not found.
Exception of type 'class HttpException' at XMLHTTPWebRequest.cpp, line: 184, method: XMLHTTPWebRequest::ReceiveResponse.

Log: 0xcaa90051 Sending OAuth request failed.
Logged at OAuthTokenRequestBase.cpp, line: 323, method: OAuthTokenRequestBase::SendRequest.

Request: authority: https://login.microsoftonline.com/6ac7a1f4-5fb1-4153-bb4f-12d2020a1f7d, client: 0ec893e0-5785-4de6-99da-4ed124e5296c, redirect URI: ms-appx-web://Microsoft.AAD.BrokerPlugin/0ec893e0-5785-4de6-99da-4ed124e5296c, resource: , correlation ID (request): 01a0125b-451e-7313-972e-a1fad4c46691"
"18-08-2026 06:22:48","1098","Error","Microsoft-Windows-AAD","Error: 0xCAA5001C Token broker operation failed.
Operation name: GetTokenSilently, Error: -895025148 (0xcaa70004), Description: The server or proxy was not found.
Logged at WebAccountProcessor.cpp, line: 723, method: AAD::Core::WebAccountProcessor::ReportOperationError."
"18-08-2026 06:22:48","1097","Warning","Microsoft-Windows-AAD","Error: 0xCAA90056 Renew token by the primary refresh token failed.
Logged at RefreshTokenRequest.cpp, line: 149, method: RefreshTokenRequest::AcquireToken.

Request: authority: https://login.microsoftonline.com/6ac7a1f4-5fb1-4153-bb4f-12d2020a1f7d, client: ab9b8c07-8f02-4f72-87fa-80105867a763, redirect URI: ms-appx-web://Microsoft.AAD.BrokerPlugin/ab9b8c07-8f02-4f72-87fa-80105867a763, resource: , correlation ID (request): a82d6dfd-111e-4e0f-a9e2-0bf882c3787a"
"18-08-2026 06:22:48","1098","Error","Microsoft-Windows-AAD","Error: 0xCAA70004 The server or proxy was not found.
Code: authentication_failed
Description: The server or proxy was not found.
TokenEndpoint: https://login.microsoftonline.com/6ac7a1f4-5fb1-4153-bb4f-12d2020a1f7d/oauth2/token
Logged at OAuthTokenRequestBase.cpp, line: 323, method: OAuthTokenRequestBase::SendRequest.

Request: authority: https://login.microsoftonline.com/6ac7a1f4-5fb1-4153-bb4f-12d2020a1f7d, client: ab9b8c07-8f02-4f72-87fa-80105867a763, redirect URI: ms-appx-web://Microsoft.AAD.BrokerPlugin/ab9b8c07-8f02-4f72-87fa-80105867a763, resource: , correlation ID (request): a82d6dfd-111e-4e0f-a9e2-0bf882c3787a"
"18-08-2026 06:22:48","1098","Error","Microsoft-Windows-AAD","Error: 0xCAA70004 The server or proxy was not found.
Exception of type 'class HttpException' at XMLHTTPWebRequest.cpp, line: 184, method: XMLHTTPWebRequest::ReceiveResponse.

Log: 0xcaa90051 Sending OAuth request failed.
Logged at OAuthTokenRequestBase.cpp, line: 323, method: OAuthTokenRequestBase::SendRequest.

Request: authority: https://login.microsoftonline.com/6ac7a1f4-5fb1-4153-bb4f-12d2020a1f7d, client: ab9b8c07-8f02-4f72-87fa-80105867a763, redirect URI: ms-appx-web://Microsoft.AAD.BrokerPlugin/ab9b8c07-8f02-4f72-87fa-80105867a763, resource: , correlation ID (request): a82d6dfd-111e-4e0f-a9e2-0bf882c3787a"
"18-08-2026 06:22:48","1098","Error","Microsoft-Windows-AAD","Error: 0xCAA5001C Token broker operation failed.
Operation name: GetTokenSilently, Error: -895025148 (0xcaa70004), Description: The server or proxy was not found.
Logged at WebAccountProcessor.cpp, line: 723, method: AAD::Core::WebAccountProcessor::ReportOperationError."
"18-08-2026 06:22:48","1097","Warning","Microsoft-Windows-AAD","Error: 0xCAA90056 Renew token by the primary refresh token failed.
Logged at RefreshTokenRequest.cpp, line: 149, method: RefreshTokenRequest::AcquireToken.

Request: authority: https://login.microsoftonline.com/6ac7a1f4-5fb1-4153-bb4f-12d2020a1f7d, client: ab9b8c07-8f02-4f72-87fa-80105867a763, redirect URI: ms-appx-web://Microsoft.AAD.BrokerPlugin/ab9b8c07-8f02-4f72-87fa-80105867a763, resource: , correlation ID (request): 51e592e0-dc0c-457f-9d02-17df27547da7"
"18-08-2026 06:22:48","1098","Error","Microsoft-Windows-AAD","Error: 0xCAA70004 The server or proxy was not found.
Code: authentication_failed
Description: The server or proxy was not found.
TokenEndpoint: https://login.microsoftonline.com/6ac7a1f4-5fb1-4153-bb4f-12d2020a1f7d/oauth2/token
Logged at OAuthTokenRequestBase.cpp, line: 323, method: OAuthTokenRequestBase::SendRequest.

Request: authority: https://login.microsoftonline.com/6ac7a1f4-5fb1-4153-bb4f-12d2020a1f7d, client: ab9b8c07-8f02-4f72-87fa-80105867a763, redirect URI: ms-appx-web://Microsoft.AAD.BrokerPlugin/ab9b8c07-8f02-4f72-87fa-80105867a763, resource: , correlation ID (request): 51e592e0-dc0c-457f-9d02-17df27547da7"
"18-08-2026 06:22:48","1098","Error","Microsoft-Windows-AAD","Error: 0xCAA70004 The server or proxy was not found.
Exception of type 'class HttpException' at XMLHTTPWebRequest.cpp, line: 184, method: XMLHTTPWebRequest::ReceiveResponse.

Log: 0xcaa90051 Sending OAuth request failed.
Logged at OAuthTokenRequestBase.cpp, line: 323, method: OAuthTokenRequestBase::SendRequest.

Request: authority: https://login.microsoftonline.com/6ac7a1f4-5fb1-4153-bb4f-12d2020a1f7d, client: ab9b8c07-8f02-4f72-87fa-80105867a763, redirect URI: ms-appx-web://Microsoft.AAD.BrokerPlugin/ab9b8c07-8f02-4f72-87fa-80105867a763, resource: , correlation ID (request): 51e592e0-dc0c-457f-9d02-17df27547da7"
"18-08-2026 06:22:48","1098","Error","Microsoft-Windows-AAD","Error: 0xCAA5001C Token broker operation failed.
Operation name: GetTokenSilently, Error: -895025148 (0xcaa70004), Description: The server or proxy was not found.
Logged at WebAccountProcessor.cpp, line: 723, method: AAD::Core::WebAccountProcessor::ReportOperationError."
"18-08-2026 06:22:48","1097","Warning","Microsoft-Windows-AAD","Error: 0xCAA90056 Renew token by the primary refresh token failed.
Logged at RefreshTokenRequest.cpp, line: 149, method: RefreshTokenRequest::AcquireToken.

Request: authority: https://login.microsoftonline.com/6ac7a1f4-5fb1-4153-bb4f-12d2020a1f7d, client: d3590ed6-52b3-4102-aeff-aad2292ab01c, redirect URI: ms-appx-web://Microsoft.AAD.BrokerPlugin/d3590ed6-52b3-4102-aeff-aad2292ab01c, resource: , correlation ID (request): 0560b57b-2df3-4e42-8856-0d56ff0a71d2"
"18-08-2026 06:22:48","1098","Error","Microsoft-Windows-AAD","Error: 0xCAA70004 The server or proxy was not found.
Code: authentication_failed
Description: The server or proxy was not found.
TokenEndpoint: https://login.microsoftonline.com/6ac7a1f4-5fb1-4153-bb4f-12d2020a1f7d/oauth2/token
Logged at OAuthTokenRequestBase.cpp, line: 323, method: OAuthTokenRequestBase::SendRequest.

Request: authority: https://login.microsoftonline.com/6ac7a1f4-5fb1-4153-bb4f-12d2020a1f7d, client: d3590ed6-52b3-4102-aeff-aad2292ab01c, redirect URI: ms-appx-web://Microsoft.AAD.BrokerPlugin/d3590ed6-52b3-4102-aeff-aad2292ab01c, resource: , correlation ID (request): 0560b57b-2df3-4e42-8856-0d56ff0a71d2"
"18-08-2026 06:22:48","1098","Error","Microsoft-Windows-AAD","Error: 0xCAA70004 The server or proxy was not found.
Exception of type 'class HttpException' at XMLHTTPWebRequest.cpp, line: 184, method: XMLHTTPWebRequest::ReceiveResponse.

Log: 0xcaa90051 Sending OAuth request failed.
Logged at OAuthTokenRequestBase.cpp, line: 323, method: OAuthTokenRequestBase::SendRequest.

Request: authority: https://login.microsoftonline.com/6ac7a1f4-5fb1-4153-bb4f-12d2020a1f7d, client: d3590ed6-52b3-4102-aeff-aad2292ab01c, redirect URI: ms-appx-web://Microsoft.AAD.BrokerPlugin/d3590ed6-52b3-4102-aeff-aad2292ab01c, resource: , correlation ID (request): 0560b57b-2df3-4e42-8856-0d56ff0a71d2"
"18-08-2026 06:22:48","1098","Error","Microsoft-Windows-AAD","Error: 0xCAA5001C Token broker operation failed.
Operation name: GetTokenSilently, Error: -895025148 (0xcaa70004), Description: The server or proxy was not found.
Logged at WebAccountProcessor.cpp, line: 723, method: AAD::Core::WebAccountProcessor::ReportOperationError."
"18-08-2026 06:22:48","1097","Warning","Microsoft-Windows-AAD","Error: 0xCAA90056 Renew token by the primary refresh token failed.
Logged at RefreshTokenRequest.cpp, line: 149, method: RefreshTokenRequest::AcquireToken.

Request: authority: https://login.microsoftonline.com/6ac7a1f4-5fb1-4153-bb4f-12d2020a1f7d, client: d3590ed6-52b3-4102-aeff-aad2292ab01c, redirect URI: ms-appx-web://Microsoft.AAD.BrokerPlugin/d3590ed6-52b3-4102-aeff-aad2292ab01c, resource: , correlation ID (request): cb681e46-83fa-4764-9954-de647ff000c9"
"18-08-2026 06:22:48","1098","Error","Microsoft-Windows-AAD","Error: 0xCAA70004 The server or proxy was not found.
Code: authentication_failed
Description: The server or proxy was not found.
TokenEndpoint: https://login.microsoftonline.com/6ac7a1f4-5fb1-4153-bb4f-12d2020a1f7d/oauth2/token
Logged at OAuthTokenRequestBase.cpp, line: 323, method: OAuthTokenRequestBase::SendRequest.

Request: authority: https://login.microsoftonline.com/6ac7a1f4-5fb1-4153-bb4f-12d2020a1f7d, client: d3590ed6-52b3-4102-aeff-aad2292ab01c, redirect URI: ms-appx-web://Microsoft.AAD.BrokerPlugin/d3590ed6-52b3-4102-aeff-aad2292ab01c, resource: , correlation ID (request): cb681e46-83fa-4764-9954-de647ff000c9"
"18-08-2026 06:22:48","1098","Error","Microsoft-Windows-AAD","Error: 0xCAA70004 The server or proxy was not found.
Exception of type 'class HttpException' at XMLHTTPWebRequest.cpp, line: 184, method: XMLHTTPWebRequest::ReceiveResponse.

Log: 0xcaa90051 Sending OAuth request failed.
Logged at OAuthTokenRequestBase.cpp, line: 323, method: OAuthTokenRequestBase::SendRequest.

Request: authority: https://login.microsoftonline.com/6ac7a1f4-5fb1-4153-bb4f-12d2020a1f7d, client: d3590ed6-52b3-4102-aeff-aad2292ab01c, redirect URI: ms-appx-web://Microsoft.AAD.BrokerPlugin/d3590ed6-52b3-4102-aeff-aad2292ab01c, resource: , correlation ID (request): cb681e46-83fa-4764-9954-de647ff000c9"
"18-08-2026 06:22:48","1098","Error","Microsoft-Windows-AAD","Error: 0xCAA5001C Token broker operation failed.
Operation name: GetTokenSilently, Error: -895025148 (0xcaa70004), Description: The server or proxy was not found.
Logged at WebAccountProcessor.cpp, line: 723, method: AAD::Core::WebAccountProcessor::ReportOperationError."
"18-08-2026 06:22:48","1097","Warning","Microsoft-Windows-AAD","Error: 0xCAA90056 Renew token by the primary refresh token failed.
Logged at RefreshTokenRequest.cpp, line: 149, method: RefreshTokenRequest::AcquireToken.

Request: authority: https://login.microsoftonline.com/6ac7a1f4-5fb1-4153-bb4f-12d2020a1f7d, client: 0ec893e0-5785-4de6-99da-4ed124e5296c, redirect URI: ms-appx-web://Microsoft.AAD.BrokerPlugin/0ec893e0-5785-4de6-99da-4ed124e5296c, resource: , correlation ID (request): 2e1d04e4-76d0-4d07-b5d7-2f1a9837ab59"
"18-08-2026 06:22:48","1098","Error","Microsoft-Windows-AAD","Error: 0xCAA70004 The server or proxy was not found.
Code: authentication_failed
Description: The server or proxy was not found.
TokenEndpoint: https://login.microsoftonline.com/6ac7a1f4-5fb1-4153-bb4f-12d2020a1f7d/oauth2/token
Logged at OAuthTokenRequestBase.cpp, line: 323, method: OAuthTokenRequestBase::SendRequest.

Request: authority: https://login.microsoftonline.com/6ac7a1f4-5fb1-4153-bb4f-12d2020a1f7d, client: 0ec893e0-5785-4de6-99da-4ed124e5296c, redirect URI: ms-appx-web://Microsoft.AAD.BrokerPlugin/0ec893e0-5785-4de6-99da-4ed124e5296c, resource: , correlation ID (request): 2e1d04e4-76d0-4d07-b5d7-2f1a9837ab59"
"18-08-2026 06:22:48","1098","Error","Microsoft-Windows-AAD","Error: 0xCAA70004 The server or proxy was not found.
Exception of type 'class HttpException' at XMLHTTPWebRequest.cpp, line: 184, method: XMLHTTPWebRequest::ReceiveResponse.

Log: 0xcaa90051 Sending OAuth request failed.
Logged at OAuthTokenRequestBase.cpp, line: 323, method: OAuthTokenRequestBase::SendRequest.

Request: authority: https://login.microsoftonline.com/6ac7a1f4-5fb1-4153-bb4f-12d2020a1f7d, client: 0ec893e0-5785-4de6-99da-4ed124e5296c, redirect URI: ms-appx-web://Microsoft.AAD.BrokerPlugin/0ec893e0-5785-4de6-99da-4ed124e5296c, resource: , correlation ID (request): 2e1d04e4-76d0-4d07-b5d7-2f1a9837ab59"
"18-08-2026 06:22:48","1098","Error","Microsoft-Windows-AAD","Error: 0xCAA5001C Token broker operation failed.
Operation name: GetTokenSilently, Error: -895025148 (0xcaa70004), Description: The server or proxy was not found.
Logged at WebAccountProcessor.cpp, line: 723, method: AAD::Core::WebAccountProcessor::ReportOperationError."
"18-08-2026 06:22:48","1097","Warning","Microsoft-Windows-AAD","Error: 0xCAA90056 Renew token by the primary refresh token failed.
Logged at RefreshTokenRequest.cpp, line: 149, method: RefreshTokenRequest::AcquireToken.

Request: authority: https://login.microsoftonline.com/6ac7a1f4-5fb1-4153-bb4f-12d2020a1f7d, client: 0ec893e0-5785-4de6-99da-4ed124e5296c, redirect URI: ms-appx-web://Microsoft.AAD.BrokerPlugin/0ec893e0-5785-4de6-99da-4ed124e5296c, resource: , correlation ID (request): 01a01071-8a9f-708d-a22f-e5d238a42704"
"18-08-2026 06:22:48","1098","Error","Microsoft-Windows-AAD","Error: 0xCAA70004 The server or proxy was not found.
Code: authentication_failed
Description: The server or proxy was not found.
TokenEndpoint: https://login.microsoftonline.com/6ac7a1f4-5fb1-4153-bb4f-12d2020a1f7d/oauth2/token
Logged at OAuthTokenRequestBase.cpp, line: 323, method: OAuthTokenRequestBase::SendRequest.

Request: authority: https://login.microsoftonline.com/6ac7a1f4-5fb1-4153-bb4f-12d2020a1f7d, client: 0ec893e0-5785-4de6-99da-4ed124e5296c, redirect URI: ms-appx-web://Microsoft.AAD.BrokerPlugin/0ec893e0-5785-4de6-99da-4ed124e5296c, resource: , correlation ID (request): 01a01071-8a9f-708d-a22f-e5d238a42704"
"18-08-2026 06:22:48","1098","Error","Microsoft-Windows-AAD","Error: 0xCAA70004 The server or proxy was not found.
Exception of type 'class HttpException' at XMLHTTPWebRequest.cpp, line: 184, method: XMLHTTPWebRequest::ReceiveResponse.

Log: 0xcaa90051 Sending OAuth request failed.
Logged at OAuthTokenRequestBase.cpp, line: 323, method: OAuthTokenRequestBase::SendRequest.

Request: authority: https://login.microsoftonline.com/6ac7a1f4-5fb1-4153-bb4f-12d2020a1f7d, client: 0ec893e0-5785-4de6-99da-4ed124e5296c, redirect URI: ms-appx-web://Microsoft.AAD.BrokerPlugin/0ec893e0-5785-4de6-99da-4ed124e5296c, resource: , correlation ID (request): 01a01071-8a9f-708d-a22f-e5d238a42704"
"18-08-2026 06:22:48","1098","Error","Microsoft-Windows-AAD","Error: 0xCAA5001C Token broker operation failed.
Operation name: GetTokenSilently, Error: -895025148 (0xcaa70004), Description: The server or proxy was not found.
Logged at WebAccountProcessor.cpp, line: 723, method: AAD::Core::WebAccountProcessor::ReportOperationError."
"18-08-2026 06:22:48","1097","Warning","Microsoft-Windows-AAD","Error: 0xCAA90056 Renew token by the primary refresh token failed.
Logged at RefreshTokenRequest.cpp, line: 149, method: RefreshTokenRequest::AcquireToken.

Request: authority: https://login.microsoftonline.com/6ac7a1f4-5fb1-4153-bb4f-12d2020a1f7d, client: 4765445b-32c6-49b0-83e6-1d93765276ca, redirect URI: ms-appx-web://Microsoft.AAD.BrokerPlugin/4765445b-32c6-49b0-83e6-1d93765276ca, resource: , correlation ID (request): b9687f99-672b-4588-9125-ab0c1dd5278e"
"18-08-2026 06:22:48","1098","Error","Microsoft-Windows-AAD","Error: 0xCAA70004 The server or proxy was not found.
Code: authentication_failed
Description: The server or proxy was not found.
TokenEndpoint: https://login.microsoftonline.com/6ac7a1f4-5fb1-4153-bb4f-12d2020a1f7d/oauth2/token
Logged at OAuthTokenRequestBase.cpp, line: 323, method: OAuthTokenRequestBase::SendRequest.

Request: authority: https://login.microsoftonline.com/6ac7a1f4-5fb1-4153-bb4f-12d2020a1f7d, client: 4765445b-32c6-49b0-83e6-1d93765276ca, redirect URI: ms-appx-web://Microsoft.AAD.BrokerPlugin/4765445b-32c6-49b0-83e6-1d93765276ca, resource: , correlation ID (request): b9687f99-672b-4588-9125-ab0c1dd5278e"
"18-08-2026 06:22:48","1098","Error","Microsoft-Windows-AAD","Error: 0xCAA70004 The server or proxy was not found.
Exception of type 'class HttpException' at XMLHTTPWebRequest.cpp, line: 184, method: XMLHTTPWebRequest::ReceiveResponse.

Log: 0xcaa90051 Sending OAuth request failed.
Logged at OAuthTokenRequestBase.cpp, line: 323, method: OAuthTokenRequestBase::SendRequest.

Request: authority: https://login.microsoftonline.com/6ac7a1f4-5fb1-4153-bb4f-12d2020a1f7d, client: 4765445b-32c6-49b0-83e6-1d93765276ca, redirect URI: ms-appx-web://Microsoft.AAD.BrokerPlugin/4765445b-32c6-49b0-83e6-1d93765276ca, resource: , correlation ID (request): b9687f99-672b-4588-9125-ab0c1dd5278e"
"18-08-2026 06:22:48","1098","Error","Microsoft-Windows-AAD","Error: 0xCAA5001C Token broker operation failed.
Operation name: GetTokenSilently, Error: -895025148 (0xcaa70004), Description: The server or proxy was not found.
Logged at WebAccountProcessor.cpp, line: 723, method: AAD::Core::WebAccountProcessor::ReportOperationError."
"18-08-2026 06:22:47","1097","Warning","Microsoft-Windows-AAD","Error: 0xCAA90056 Renew token by the primary refresh token failed.
Logged at RefreshTokenRequest.cpp, line: 149, method: RefreshTokenRequest::AcquireToken.

Request: authority: https://login.microsoftonline.com/6ac7a1f4-5fb1-4153-bb4f-12d2020a1f7d, client: ecd6b820-32c2-49b6-98a6-444530e5a77a, redirect URI: ms-appx-web://Microsoft.AAD.BrokerPlugin/ecd6b820-32c2-49b6-98a6-444530e5a77a, resource: , correlation ID (request): ee22fe8d-4b37-427d-8d68-32de6fecf949"
"18-08-2026 06:22:47","1098","Error","Microsoft-Windows-AAD","Error: 0xCAA70004 The server or proxy was not found.
Code: authentication_failed
Description: The server or proxy was not found.
TokenEndpoint: https://login.microsoftonline.com/6ac7a1f4-5fb1-4153-bb4f-12d2020a1f7d/oauth2/token
Logged at OAuthTokenRequestBase.cpp, line: 323, method: OAuthTokenRequestBase::SendRequest.

Request: authority: https://login.microsoftonline.com/6ac7a1f4-5fb1-4153-bb4f-12d2020a1f7d, client: ecd6b820-32c2-49b6-98a6-444530e5a77a, redirect URI: ms-appx-web://Microsoft.AAD.BrokerPlugin/ecd6b820-32c2-49b6-98a6-444530e5a77a, resource: , correlation ID (request): ee22fe8d-4b37-427d-8d68-32de6fecf949"
"18-08-2026 06:22:47","1098","Error","Microsoft-Windows-AAD","Error: 0xCAA70004 The server or proxy was not found.
Exception of type 'class HttpException' at XMLHTTPWebRequest.cpp, line: 184, method: XMLHTTPWebRequest::ReceiveResponse.

Log: 0xcaa90051 Sending OAuth request failed.
Logged at OAuthTokenRequestBase.cpp, line: 323, method: OAuthTokenRequestBase::SendRequest.

Request: authority: https://login.microsoftonline.com/6ac7a1f4-5fb1-4153-bb4f-12d2020a1f7d, client: ecd6b820-32c2-49b6-98a6-444530e5a77a, redirect URI: ms-appx-web://Microsoft.AAD.BrokerPlugin/ecd6b820-32c2-49b6-98a6-444530e5a77a, resource: , correlation ID (request): ee22fe8d-4b37-427d-8d68-32de6fecf949"
"18-08-2026 06:22:47","1098","Error","Microsoft-Windows-AAD","Error: 0xCAA5001C Token broker operation failed.
Operation name: GetTokenSilently, Error: -895025148 (0xcaa70004), Description: The server or proxy was not found.
Logged at WebAccountProcessor.cpp, line: 723, method: AAD::Core::WebAccountProcessor::ReportOperationError."
"18-08-2026 06:22:47","1098","Error","Microsoft-Windows-AAD","Error: 0xCAA5001C Token broker operation failed.
Operation name: GetTokenSilently, Error: -895025148 (0xcaa70004), Description: The server or proxy was not found.
Logged at WebAccountProcessor.cpp, line: 723, method: AAD::Core::WebAccountProcessor::ReportOperationError."
"18-08-2026 06:22:47","1097","Warning","Microsoft-Windows-AAD","Error: 0xCAA90056 Renew token by the primary refresh token failed.
Logged at RefreshTokenRequest.cpp, line: 149, method: RefreshTokenRequest::AcquireToken.

Request: authority: https://login.microsoftonline.com/6ac7a1f4-5fb1-4153-bb4f-12d2020a1f7d, client: 0ec893e0-5785-4de6-99da-4ed124e5296c, redirect URI: ms-appx-web://Microsoft.AAD.BrokerPlugin/0ec893e0-5785-4de6-99da-4ed124e5296c, resource: , correlation ID (request): 3addf8d9-0959-4cf0-981f-5cf593b1a119"
"18-08-2026 06:22:47","1097","Warning","Microsoft-Windows-AAD","Error: 0xCAA90056 Renew token by the primary refresh token failed.
Logged at RefreshTokenRequest.cpp, line: 149, method: RefreshTokenRequest::AcquireToken.

Request: authority: https://login.microsoftonline.com/6ac7a1f4-5fb1-4153-bb4f-12d2020a1f7d, client: c0ab8ce9-e9a0-42e7-b064-33d422df41f1, redirect URI: ms-appx-web://Microsoft.AAD.BrokerPlugin/c0ab8ce9-e9a0-42e7-b064-33d422df41f1, resource: , correlation ID (request): 15d2437d-4f47-4e26-8e89-2e1e971d5cc4"
"18-08-2026 06:22:47","1098","Error","Microsoft-Windows-AAD","Error: 0xCAA70004 The server or proxy was not found.
Code: authentication_failed
Description: The server or proxy was not found.
TokenEndpoint: https://login.microsoftonline.com/6ac7a1f4-5fb1-4153-bb4f-12d2020a1f7d/oauth2/token
Logged at OAuthTokenRequestBase.cpp, line: 323, method: OAuthTokenRequestBase::SendRequest.

Request: authority: https://login.microsoftonline.com/6ac7a1f4-5fb1-4153-bb4f-12d2020a1f7d, client: 0ec893e0-5785-4de6-99da-4ed124e5296c, redirect URI: ms-appx-web://Microsoft.AAD.BrokerPlugin/0ec893e0-5785-4de6-99da-4ed124e5296c, resource: , correlation ID (request): 3addf8d9-0959-4cf0-981f-5cf593b1a119"
"18-08-2026 06:22:47","1098","Error","Microsoft-Windows-AAD","Error: 0xCAA70004 The server or proxy was not found.
Code: authentication_failed
Description: The server or proxy was not found.
TokenEndpoint: https://login.microsoftonline.com/6ac7a1f4-5fb1-4153-bb4f-12d2020a1f7d/oauth2/token
Logged at OAuthTokenRequestBase.cpp, line: 323, method: OAuthTokenRequestBase::SendRequest.

Request: authority: https://login.microsoftonline.com/6ac7a1f4-5fb1-4153-bb4f-12d2020a1f7d, client: c0ab8ce9-e9a0-42e7-b064-33d422df41f1, redirect URI: ms-appx-web://Microsoft.AAD.BrokerPlugin/c0ab8ce9-e9a0-42e7-b064-33d422df41f1, resource: , correlation ID (request): 15d2437d-4f47-4e26-8e89-2e1e971d5cc4"
"18-08-2026 06:22:47","1098","Error","Microsoft-Windows-AAD","Error: 0xCAA70004 The server or proxy was not found.
Exception of type 'class HttpException' at XMLHTTPWebRequest.cpp, line: 184, method: XMLHTTPWebRequest::ReceiveResponse.

Log: 0xcaa90051 Sending OAuth request failed.
Logged at OAuthTokenRequestBase.cpp, line: 323, method: OAuthTokenRequestBase::SendRequest.

Request: authority: https://login.microsoftonline.com/6ac7a1f4-5fb1-4153-bb4f-12d2020a1f7d, client: c0ab8ce9-e9a0-42e7-b064-33d422df41f1, redirect URI: ms-appx-web://Microsoft.AAD.BrokerPlugin/c0ab8ce9-e9a0-42e7-b064-33d422df41f1, resource: , correlation ID (request): 15d2437d-4f47-4e26-8e89-2e1e971d5cc4"
"18-08-2026 06:22:47","1098","Error","Microsoft-Windows-AAD","Error: 0xCAA70004 The server or proxy was not found.
Exception of type 'class HttpException' at XMLHTTPWebRequest.cpp, line: 184, method: XMLHTTPWebRequest::ReceiveResponse.

Log: 0xcaa90051 Sending OAuth request failed.
Logged at OAuthTokenRequestBase.cpp, line: 323, method: OAuthTokenRequestBase::SendRequest.

Request: authority: https://login.microsoftonline.com/6ac7a1f4-5fb1-4153-bb4f-12d2020a1f7d, client: 0ec893e0-5785-4de6-99da-4ed124e5296c, redirect URI: ms-appx-web://Microsoft.AAD.BrokerPlugin/0ec893e0-5785-4de6-99da-4ed124e5296c, resource: , correlation ID (request): 3addf8d9-0959-4cf0-981f-5cf593b1a119"
"18-08-2026 06:22:47","1098","Error","Microsoft-Windows-AAD","Error: 0xCAA5001C Token broker operation failed.
Operation name: GetTokenSilently, Error: -895025148 (0xcaa70004), Description: The server or proxy was not found.
Logged at WebAccountProcessor.cpp, line: 723, method: AAD::Core::WebAccountProcessor::ReportOperationError."
"18-08-2026 06:22:47","1098","Error","Microsoft-Windows-AAD","Error: 0xCAA5001C Token broker operation failed.
Operation name: GetTokenSilently, Error: -895025148 (0xcaa70004), Description: The server or proxy was not found.
Logged at WebAccountProcessor.cpp, line: 723, method: AAD::Core::WebAccountProcessor::ReportOperationError."
"18-08-2026 06:22:47","1098","Error","Microsoft-Windows-AAD","Error: 0xCAA5001C Token broker operation failed.
Operation name: GetTokenSilently, Error: -895025148 (0xcaa70004), Description: The server or proxy was not found.
Logged at WebAccountProcessor.cpp, line: 723, method: AAD::Core::WebAccountProcessor::ReportOperationError."
"18-08-2026 06:22:47","1098","Error","Microsoft-Windows-AAD","Error: 0xCAA5001C Token broker operation failed.
Operation name: GetTokenSilently, Error: -895025148 (0xcaa70004), Description: The server or proxy was not found.
Logged at WebAccountProcessor.cpp, line: 723, method: AAD::Core::WebAccountProcessor::ReportOperationError."
"18-08-2026 06:22:47","1098","Error","Microsoft-Windows-AAD","Error: 0xCAA5001C Token broker operation failed.
Operation name: GetTokenSilently, Error: -895025148 (0xcaa70004), Description: The server or proxy was not found.
Logged at WebAccountProcessor.cpp, line: 723, method: AAD::Core::WebAccountProcessor::ReportOperationError."
"18-08-2026 06:22:47","1098","Error","Microsoft-Windows-AAD","Error: 0xCAA5001C Token broker operation failed.
Operation name: GetTokenSilently, Error: -895025148 (0xcaa70004), Description: The server or proxy was not found.
Logged at WebAccountProcessor.cpp, line: 723, method: AAD::Core::WebAccountProcessor::ReportOperationError."
"18-08-2026 06:22:47","1098","Error","Microsoft-Windows-AAD","Error: 0xCAA5001C Token broker operation failed.
Operation name: GetTokenSilently, Error: -895025148 (0xcaa70004), Description: The server or proxy was not found.
Logged at WebAccountProcessor.cpp, line: 723, method: AAD::Core::WebAccountProcessor::ReportOperationError."
"18-08-2026 06:22:47","1097","Warning","Microsoft-Windows-AAD","Error: 0xCAA90056 Renew token by the primary refresh token failed.
Logged at RefreshTokenRequest.cpp, line: 149, method: RefreshTokenRequest::AcquireToken.

Request: authority: https://login.microsoftonline.com/6ac7a1f4-5fb1-4153-bb4f-12d2020a1f7d, client: d7b530a4-7680-4c23-a8bf-c52c121d2e87, redirect URI: ms-appx-web://Microsoft.AAD.BrokerPlugin/d7b530a4-7680-4c23-a8bf-c52c121d2e87, resource: , correlation ID (request): 8551e401-ed26-47db-ac63-f9053a6ec9f3"
"18-08-2026 06:22:47","1097","Warning","Microsoft-Windows-AAD","Error: 0xCAA90056 Renew token by the primary refresh token failed.
Logged at RefreshTokenRequest.cpp, line: 149, method: RefreshTokenRequest::AcquireToken.

Request: authority: https://login.microsoftonline.com/6ac7a1f4-5fb1-4153-bb4f-12d2020a1f7d, client: c0ab8ce9-e9a0-42e7-b064-33d422df41f1, redirect URI: ms-appx-web://Microsoft.AAD.BrokerPlugin/c0ab8ce9-e9a0-42e7-b064-33d422df41f1, resource: , correlation ID (request): 0ab69744-27a4-4fbc-8ce1-ceee93e701c4"
"18-08-2026 06:22:47","1097","Warning","Microsoft-Windows-AAD","Error: 0xCAA90056 Renew token by the primary refresh token failed.
Logged at RefreshTokenRequest.cpp, line: 149, method: RefreshTokenRequest::AcquireToken.

Request: authority: https://login.microsoftonline.com/6ac7a1f4-5fb1-4153-bb4f-12d2020a1f7d, client: ecd6b820-32c2-49b6-98a6-444530e5a77a, redirect URI: ms-appx-web://Microsoft.AAD.BrokerPlugin/ecd6b820-32c2-49b6-98a6-444530e5a77a, resource: , correlation ID (request): 5838d013-f105-4251-ae97-595b6dd7a84f"
"18-08-2026 06:22:47","1098","Error","Microsoft-Windows-AAD","Error: 0xCAA70004 The server or proxy was not found.
Code: authentication_failed
Description: The server or proxy was not found.
TokenEndpoint: https://login.microsoftonline.com/6ac7a1f4-5fb1-4153-bb4f-12d2020a1f7d/oauth2/token
Logged at OAuthTokenRequestBase.cpp, line: 323, method: OAuthTokenRequestBase::SendRequest.

Request: authority: https://login.microsoftonline.com/6ac7a1f4-5fb1-4153-bb4f-12d2020a1f7d, client: d7b530a4-7680-4c23-a8bf-c52c121d2e87, redirect URI: ms-appx-web://Microsoft.AAD.BrokerPlugin/d7b530a4-7680-4c23-a8bf-c52c121d2e87, resource: , correlation ID (request): 8551e401-ed26-47db-ac63-f9053a6ec9f3"
"18-08-2026 06:22:47","1098","Error","Microsoft-Windows-AAD","Error: 0xCAA70004 The server or proxy was not found.
Code: authentication_failed
Description: The server or proxy was not found.
TokenEndpoint: https://login.microsoftonline.com/6ac7a1f4-5fb1-4153-bb4f-12d2020a1f7d/oauth2/token
Logged at OAuthTokenRequestBase.cpp, line: 323, method: OAuthTokenRequestBase::SendRequest.

Request: authority: https://login.microsoftonline.com/6ac7a1f4-5fb1-4153-bb4f-12d2020a1f7d, client: c0ab8ce9-e9a0-42e7-b064-33d422df41f1, redirect URI: ms-appx-web://Microsoft.AAD.BrokerPlugin/c0ab8ce9-e9a0-42e7-b064-33d422df41f1, resource: , correlation ID (request): 0ab69744-27a4-4fbc-8ce1-ceee93e701c4"
"18-08-2026 06:22:47","1098","Error","Microsoft-Windows-AAD","Error: 0xCAA70004 The server or proxy was not found.
Code: authentication_failed
Description: The server or proxy was not found.
TokenEndpoint: https://login.microsoftonline.com/6ac7a1f4-5fb1-4153-bb4f-12d2020a1f7d/oauth2/token
Logged at OAuthTokenRequestBase.cpp, line: 323, method: OAuthTokenRequestBase::SendRequest.

Request: authority: https://login.microsoftonline.com/6ac7a1f4-5fb1-4153-bb4f-12d2020a1f7d, client: ecd6b820-32c2-49b6-98a6-444530e5a77a, redirect URI: ms-appx-web://Microsoft.AAD.BrokerPlugin/ecd6b820-32c2-49b6-98a6-444530e5a77a, resource: , correlation ID (request): 5838d013-f105-4251-ae97-595b6dd7a84f"
"18-08-2026 06:22:47","1098","Error","Microsoft-Windows-AAD","Error: 0xCAA70004 The server or proxy was not found.
Exception of type 'class HttpException' at XMLHTTPWebRequest.cpp, line: 184, method: XMLHTTPWebRequest::ReceiveResponse.

Log: 0xcaa90051 Sending OAuth request failed.
Logged at OAuthTokenRequestBase.cpp, line: 323, method: OAuthTokenRequestBase::SendRequest.

Request: authority: https://login.microsoftonline.com/6ac7a1f4-5fb1-4153-bb4f-12d2020a1f7d, client: d7b530a4-7680-4c23-a8bf-c52c121d2e87, redirect URI: ms-appx-web://Microsoft.AAD.BrokerPlugin/d7b530a4-7680-4c23-a8bf-c52c121d2e87, resource: , correlation ID (request): 8551e401-ed26-47db-ac63-f9053a6ec9f3"
"18-08-2026 06:22:47","1098","Error","Microsoft-Windows-AAD","Error: 0xCAA70004 The server or proxy was not found.
Exception of type 'class HttpException' at XMLHTTPWebRequest.cpp, line: 184, method: XMLHTTPWebRequest::ReceiveResponse.

Log: 0xcaa90051 Sending OAuth request failed.
Logged at OAuthTokenRequestBase.cpp, line: 323, method: OAuthTokenRequestBase::SendRequest.

Request: authority: https://login.microsoftonline.com/6ac7a1f4-5fb1-4153-bb4f-12d2020a1f7d, client: c0ab8ce9-e9a0-42e7-b064-33d422df41f1, redirect URI: ms-appx-web://Microsoft.AAD.BrokerPlugin/c0ab8ce9-e9a0-42e7-b064-33d422df41f1, resource: , correlation ID (request): 0ab69744-27a4-4fbc-8ce1-ceee93e701c4"
"18-08-2026 06:22:47","1098","Error","Microsoft-Windows-AAD","Error: 0xCAA70004 The server or proxy was not found.
Exception of type 'class HttpException' at XMLHTTPWebRequest.cpp, line: 184, method: XMLHTTPWebRequest::ReceiveResponse.

Log: 0xcaa90051 Sending OAuth request failed.
Logged at OAuthTokenRequestBase.cpp, line: 323, method: OAuthTokenRequestBase::SendRequest.

Request: authority: https://login.microsoftonline.com/6ac7a1f4-5fb1-4153-bb4f-12d2020a1f7d, client: ecd6b820-32c2-49b6-98a6-444530e5a77a, redirect URI: ms-appx-web://Microsoft.AAD.BrokerPlugin/ecd6b820-32c2-49b6-98a6-444530e5a77a, resource: , correlation ID (request): 5838d013-f105-4251-ae97-595b6dd7a84f"
"18-08-2026 06:22:47","1097","Warning","Microsoft-Windows-AAD","Error: 0xCAA90056 Renew token by the primary refresh token failed.
Logged at RefreshTokenRequest.cpp, line: 149, method: RefreshTokenRequest::AcquireToken.

Request: authority: https://login.microsoftonline.com/6ac7a1f4-5fb1-4153-bb4f-12d2020a1f7d, client: d3590ed6-52b3-4102-aeff-aad2292ab01c, redirect URI: ms-appx-web://Microsoft.AAD.BrokerPlugin/d3590ed6-52b3-4102-aeff-aad2292ab01c, resource: , correlation ID (request): 935eab59-fdd4-4d4d-a8f6-9fa47d0e0646"
"18-08-2026 06:22:47","1098","Error","Microsoft-Windows-AAD","Error: 0xCAA70004 The server or proxy was not found.
Code: authentication_failed
Description: The server or proxy was not found.
TokenEndpoint: https://login.microsoftonline.com/6ac7a1f4-5fb1-4153-bb4f-12d2020a1f7d/oauth2/token
Logged at OAuthTokenRequestBase.cpp, line: 323, method: OAuthTokenRequestBase::SendRequest.

Request: authority: https://login.microsoftonline.com/6ac7a1f4-5fb1-4153-bb4f-12d2020a1f7d, client: d3590ed6-52b3-4102-aeff-aad2292ab01c, redirect URI: ms-appx-web://Microsoft.AAD.BrokerPlugin/d3590ed6-52b3-4102-aeff-aad2292ab01c, resource: , correlation ID (request): 935eab59-fdd4-4d4d-a8f6-9fa47d0e0646"
"18-08-2026 06:22:47","1098","Error","Microsoft-Windows-AAD","Error: 0xCAA70004 The server or proxy was not found.
Exception of type 'class HttpException' at XMLHTTPWebRequest.cpp, line: 184, method: XMLHTTPWebRequest::ReceiveResponse.

Log: 0xcaa90051 Sending OAuth request failed.
Logged at OAuthTokenRequestBase.cpp, line: 323, method: OAuthTokenRequestBase::SendRequest.

Request: authority: https://login.microsoftonline.com/6ac7a1f4-5fb1-4153-bb4f-12d2020a1f7d, client: d3590ed6-52b3-4102-aeff-aad2292ab01c, redirect URI: ms-appx-web://Microsoft.AAD.BrokerPlugin/d3590ed6-52b3-4102-aeff-aad2292ab01c, resource: , correlation ID (request): 935eab59-fdd4-4d4d-a8f6-9fa47d0e0646"
"18-08-2026 06:22:47","1098","Error","Microsoft-Windows-AAD","Error: 0xCAA5001C Token broker operation failed.
Operation name: GetTokenSilently, Error: -895025148 (0xcaa70004), Description: The server or proxy was not found.
Logged at WebAccountProcessor.cpp, line: 723, method: AAD::Core::WebAccountProcessor::ReportOperationError."
"18-08-2026 06:22:47","1097","Warning","Microsoft-Windows-AAD","Error: 0xCAA90056 Renew token by the primary refresh token failed.
Logged at RefreshTokenRequest.cpp, line: 149, method: RefreshTokenRequest::AcquireToken.

Request: authority: https://login.microsoftonline.com/6ac7a1f4-5fb1-4153-bb4f-12d2020a1f7d, client: 0ec893e0-5785-4de6-99da-4ed124e5296c, redirect URI: ms-appx-web://Microsoft.AAD.BrokerPlugin/0ec893e0-5785-4de6-99da-4ed124e5296c, resource: , correlation ID (request): 01a0125b-42d2-7756-9a0a-b317b224305d"
"18-08-2026 06:22:47","1097","Warning","Microsoft-Windows-AAD","Error: 0xCAA90056 Renew token by the primary refresh token failed.
Logged at RefreshTokenRequest.cpp, line: 149, method: RefreshTokenRequest::AcquireToken.

Request: authority: https://login.microsoftonline.com/6ac7a1f4-5fb1-4153-bb4f-12d2020a1f7d, client: ecd6b820-32c2-49b6-98a6-444530e5a77a, redirect URI: ms-appx-web://Microsoft.AAD.BrokerPlugin/ecd6b820-32c2-49b6-98a6-444530e5a77a, resource: , correlation ID (request): d22e1b71-a9c8-4c97-b30e-e361bef15a59"
"18-08-2026 06:22:47","1098","Error","Microsoft-Windows-AAD","Error: 0xCAA70004 The server or proxy was not found.
Code: authentication_failed
Description: The server or proxy was not found.
TokenEndpoint: https://login.microsoftonline.com/6ac7a1f4-5fb1-4153-bb4f-12d2020a1f7d/oauth2/token
Logged at OAuthTokenRequestBase.cpp, line: 323, method: OAuthTokenRequestBase::SendRequest.

Request: authority: https://login.microsoftonline.com/6ac7a1f4-5fb1-4153-bb4f-12d2020a1f7d, client: 0ec893e0-5785-4de6-99da-4ed124e5296c, redirect URI: ms-appx-web://Microsoft.AAD.BrokerPlugin/0ec893e0-5785-4de6-99da-4ed124e5296c, resource: , correlation ID (request): 01a0125b-42d2-7756-9a0a-b317b224305d"
"18-08-2026 06:22:47","1098","Error","Microsoft-Windows-AAD","Error: 0xCAA70004 The server or proxy was not found.
Code: authentication_failed
Description: The server or proxy was not found.
TokenEndpoint: https://login.microsoftonline.com/6ac7a1f4-5fb1-4153-bb4f-12d2020a1f7d/oauth2/token
Logged at OAuthTokenRequestBase.cpp, line: 323, method: OAuthTokenRequestBase::SendRequest.

Request: authority: https://login.microsoftonline.com/6ac7a1f4-5fb1-4153-bb4f-12d2020a1f7d, client: ecd6b820-32c2-49b6-98a6-444530e5a77a, redirect URI: ms-appx-web://Microsoft.AAD.BrokerPlugin/ecd6b820-32c2-49b6-98a6-444530e5a77a, resource: , correlation ID (request): d22e1b71-a9c8-4c97-b30e-e361bef15a59"
"18-08-2026 06:22:47","1098","Error","Microsoft-Windows-AAD","Error: 0xCAA70004 The server or proxy was not found.
Exception of type 'class HttpException' at XMLHTTPWebRequest.cpp, line: 184, method: XMLHTTPWebRequest::ReceiveResponse.

Log: 0xcaa90051 Sending OAuth request failed.
Logged at OAuthTokenRequestBase.cpp, line: 323, method: OAuthTokenRequestBase::SendRequest.

Request: authority: https://login.microsoftonline.com/6ac7a1f4-5fb1-4153-bb4f-12d2020a1f7d, client: ecd6b820-32c2-49b6-98a6-444530e5a77a, redirect URI: ms-appx-web://Microsoft.AAD.BrokerPlugin/ecd6b820-32c2-49b6-98a6-444530e5a77a, resource: , correlation ID (request): d22e1b71-a9c8-4c97-b30e-e361bef15a59"
"18-08-2026 06:22:47","1098","Error","Microsoft-Windows-AAD","Error: 0xCAA70004 The server or proxy was not found.
Exception of type 'class HttpException' at XMLHTTPWebRequest.cpp, line: 184, method: XMLHTTPWebRequest::ReceiveResponse.

Log: 0xcaa90051 Sending OAuth request failed.
Logged at OAuthTokenRequestBase.cpp, line: 323, method: OAuthTokenRequestBase::SendRequest.

Request: authority: https://login.microsoftonline.com/6ac7a1f4-5fb1-4153-bb4f-12d2020a1f7d, client: 0ec893e0-5785-4de6-99da-4ed124e5296c, redirect URI: ms-appx-web://Microsoft.AAD.BrokerPlugin/0ec893e0-5785-4de6-99da-4ed124e5296c, resource: , correlation ID (request): 01a0125b-42d2-7756-9a0a-b317b224305d"
"18-08-2026 06:22:47","1097","Warning","Microsoft-Windows-AAD","Error: 0xCAA90056 Renew token by the primary refresh token failed.
Logged at RefreshTokenRequest.cpp, line: 149, method: RefreshTokenRequest::AcquireToken.

Request: authority: https://login.microsoftonline.com/6ac7a1f4-5fb1-4153-bb4f-12d2020a1f7d, client: d7b530a4-7680-4c23-a8bf-c52c121d2e87, redirect URI: ms-appx-web://Microsoft.AAD.BrokerPlugin/d7b530a4-7680-4c23-a8bf-c52c121d2e87, resource: , correlation ID (request): 1e0aa0fd-5a4f-48f3-ac98-42a0d4f3e123"
"18-08-2026 06:22:47","1098","Error","Microsoft-Windows-AAD","Error: 0xCAA70004 The server or proxy was not found.
Code: authentication_failed
Description: The server or proxy was not found.
TokenEndpoint: https://login.microsoftonline.com/6ac7a1f4-5fb1-4153-bb4f-12d2020a1f7d/oauth2/token
Logged at OAuthTokenRequestBase.cpp, line: 323, method: OAuthTokenRequestBase::SendRequest.

Request: authority: https://login.microsoftonline.com/6ac7a1f4-5fb1-4153-bb4f-12d2020a1f7d, client: d7b530a4-7680-4c23-a8bf-c52c121d2e87, redirect URI: ms-appx-web://Microsoft.AAD.BrokerPlugin/d7b530a4-7680-4c23-a8bf-c52c121d2e87, resource: , correlation ID (request): 1e0aa0fd-5a4f-48f3-ac98-42a0d4f3e123"
"18-08-2026 06:22:47","1097","Warning","Microsoft-Windows-AAD","Error: 0xCAA90056 Renew token by the primary refresh token failed.
Logged at RefreshTokenRequest.cpp, line: 149, method: RefreshTokenRequest::AcquireToken.

Request: authority: https://login.microsoftonline.com/6ac7a1f4-5fb1-4153-bb4f-12d2020a1f7d, client: d3590ed6-52b3-4102-aeff-aad2292ab01c, redirect URI: ms-appx-web://Microsoft.AAD.BrokerPlugin/d3590ed6-52b3-4102-aeff-aad2292ab01c, resource: , correlation ID (request): 26557d3b-54a4-42a3-8b5e-b3026c2d0067"
"18-08-2026 06:22:47","1098","Error","Microsoft-Windows-AAD","Error: 0xCAA70004 The server or proxy was not found.
Exception of type 'class HttpException' at XMLHTTPWebRequest.cpp, line: 184, method: XMLHTTPWebRequest::ReceiveResponse.

Log: 0xcaa90051 Sending OAuth request failed.
Logged at OAuthTokenRequestBase.cpp, line: 323, method: OAuthTokenRequestBase::SendRequest.

Request: authority: https://login.microsoftonline.com/6ac7a1f4-5fb1-4153-bb4f-12d2020a1f7d, client: d7b530a4-7680-4c23-a8bf-c52c121d2e87, redirect URI: ms-appx-web://Microsoft.AAD.BrokerPlugin/d7b530a4-7680-4c23-a8bf-c52c121d2e87, resource: , correlation ID (request): 1e0aa0fd-5a4f-48f3-ac98-42a0d4f3e123"
"18-08-2026 06:22:47","1098","Error","Microsoft-Windows-AAD","Error: 0xCAA70004 The server or proxy was not found.
Code: authentication_failed
Description: The server or proxy was not found.
TokenEndpoint: https://login.microsoftonline.com/6ac7a1f4-5fb1-4153-bb4f-12d2020a1f7d/oauth2/token
Logged at OAuthTokenRequestBase.cpp, line: 323, method: OAuthTokenRequestBase::SendRequest.

Request: authority: https://login.microsoftonline.com/6ac7a1f4-5fb1-4153-bb4f-12d2020a1f7d, client: d3590ed6-52b3-4102-aeff-aad2292ab01c, redirect URI: ms-appx-web://Microsoft.AAD.BrokerPlugin/d3590ed6-52b3-4102-aeff-aad2292ab01c, resource: , correlation ID (request): 26557d3b-54a4-42a3-8b5e-b3026c2d0067"
"18-08-2026 06:22:47","1098","Error","Microsoft-Windows-AAD","Error: 0xCAA70004 The server or proxy was not found.
Exception of type 'class HttpException' at XMLHTTPWebRequest.cpp, line: 184, method: XMLHTTPWebRequest::ReceiveResponse.

Log: 0xcaa90051 Sending OAuth request failed.
Logged at OAuthTokenRequestBase.cpp, line: 323, method: OAuthTokenRequestBase::SendRequest.

Request: authority: https://login.microsoftonline.com/6ac7a1f4-5fb1-4153-bb4f-12d2020a1f7d, client: d3590ed6-52b3-4102-aeff-aad2292ab01c, redirect URI: ms-appx-web://Microsoft.AAD.BrokerPlugin/d3590ed6-52b3-4102-aeff-aad2292ab01c, resource: , correlation ID (request): 26557d3b-54a4-42a3-8b5e-b3026c2d0067"
"17-08-2026 21:27:56","1098","Error","Microsoft-Windows-AAD","Error: 0xCAA5001C Token broker operation failed.
Operation name: GetTokenSilently, Error: -895025148 (0xcaa70004), Description: The server or proxy was not found.
Logged at WebAccountProcessor.cpp, line: 723, method: AAD::Core::WebAccountProcessor::ReportOperationError."
"17-08-2026 21:27:56","1098","Error","Microsoft-Windows-AAD","Error: 0xCAA5001C Token broker operation failed.
Operation name: GetTokenSilently, Error: -895025148 (0xcaa70004), Description: The server or proxy was not found.
Logged at WebAccountProcessor.cpp, line: 723, method: AAD::Core::WebAccountProcessor::ReportOperationError."
"17-08-2026 21:27:56","1098","Error","Microsoft-Windows-AAD","Error: 0xCAA5001C Token broker operation failed.
Operation name: GetTokenSilently, Error: -895025148 (0xcaa70004), Description: The server or proxy was not found.
Logged at WebAccountProcessor.cpp, line: 723, method: AAD::Core::WebAccountProcessor::ReportOperationError."
"17-08-2026 21:27:56","1098","Error","Microsoft-Windows-AAD","Error: 0xCAA5001C Token broker operation failed.
Operation name: GetTokenSilently, Error: -895025148 (0xcaa70004), Description: The server or proxy was not found.
Logged at WebAccountProcessor.cpp, line: 723, method: AAD::Core::WebAccountProcessor::ReportOperationError."
"17-08-2026 21:27:56","1097","Warning","Microsoft-Windows-AAD","Error: 0xCAA90056 Renew token by the primary refresh token failed.
Logged at RefreshTokenRequest.cpp, line: 149, method: RefreshTokenRequest::AcquireToken.

Request: authority: https://login.microsoftonline.com/6ac7a1f4-5fb1-4153-bb4f-12d2020a1f7d, client: ecd6b820-32c2-49b6-98a6-444530e5a77a, redirect URI: ms-appx-web://Microsoft.AAD.BrokerPlugin/ecd6b820-32c2-49b6-98a6-444530e5a77a, resource: , correlation ID (request): d15a4694-ef36-46b1-87f9-b3db6fdc7e3f"
"17-08-2026 21:27:56","1097","Warning","Microsoft-Windows-AAD","Error: 0xCAA90056 Renew token by the primary refresh token failed.
Logged at RefreshTokenRequest.cpp, line: 149, method: RefreshTokenRequest::AcquireToken.

Request: authority: https://login.microsoftonline.com/6ac7a1f4-5fb1-4153-bb4f-12d2020a1f7d, client: ab9b8c07-8f02-4f72-87fa-80105867a763, redirect URI: ms-appx-web://Microsoft.AAD.BrokerPlugin/ab9b8c07-8f02-4f72-87fa-80105867a763, resource: , correlation ID (request): a4266185-c7d0-45b6-9194-28eb8dc26f7a"
"17-08-2026 21:27:56","1098","Error","Microsoft-Windows-AAD","Error: 0xCAA70004 The server or proxy was not found.
Code: authentication_failed
Description: The server or proxy was not found.
TokenEndpoint: https://login.microsoftonline.com/6ac7a1f4-5fb1-4153-bb4f-12d2020a1f7d/oauth2/token
Logged at OAuthTokenRequestBase.cpp, line: 323, method: OAuthTokenRequestBase::SendRequest.

Request: authority: https://login.microsoftonline.com/6ac7a1f4-5fb1-4153-bb4f-12d2020a1f7d, client: ecd6b820-32c2-49b6-98a6-444530e5a77a, redirect URI: ms-appx-web://Microsoft.AAD.BrokerPlugin/ecd6b820-32c2-49b6-98a6-444530e5a77a, resource: , correlation ID (request): d15a4694-ef36-46b1-87f9-b3db6fdc7e3f"
"17-08-2026 21:27:56","1098","Error","Microsoft-Windows-AAD","Error: 0xCAA70004 The server or proxy was not found.
Code: authentication_failed
Description: The server or proxy was not found.
TokenEndpoint: https://login.microsoftonline.com/6ac7a1f4-5fb1-4153-bb4f-12d2020a1f7d/oauth2/token
Logged at OAuthTokenRequestBase.cpp, line: 323, method: OAuthTokenRequestBase::SendRequest.

Request: authority: https://login.microsoftonline.com/6ac7a1f4-5fb1-4153-bb4f-12d2020a1f7d, client: ab9b8c07-8f02-4f72-87fa-80105867a763, redirect URI: ms-appx-web://Microsoft.AAD.BrokerPlugin/ab9b8c07-8f02-4f72-87fa-80105867a763, resource: , correlation ID (request): a4266185-c7d0-45b6-9194-28eb8dc26f7a"
"17-08-2026 21:27:56","1098","Error","Microsoft-Windows-AAD","Error: 0xCAA70004 The server or proxy was not found.
Exception of type 'class HttpException' at XMLHTTPWebRequest.cpp, line: 184, method: XMLHTTPWebRequest::ReceiveResponse.

Log: 0xcaa90051 Sending OAuth request failed.
Logged at OAuthTokenRequestBase.cpp, line: 323, method: OAuthTokenRequestBase::SendRequest.

Request: authority: https://login.microsoftonline.com/6ac7a1f4-5fb1-4153-bb4f-12d2020a1f7d, client: ecd6b820-32c2-49b6-98a6-444530e5a77a, redirect URI: ms-appx-web://Microsoft.AAD.BrokerPlugin/ecd6b820-32c2-49b6-98a6-444530e5a77a, resource: , correlation ID (request): d15a4694-ef36-46b1-87f9-b3db6fdc7e3f"
"17-08-2026 21:27:56","1098","Error","Microsoft-Windows-AAD","Error: 0xCAA70004 The server or proxy was not found.
Exception of type 'class HttpException' at XMLHTTPWebRequest.cpp, line: 184, method: XMLHTTPWebRequest::ReceiveResponse.

Log: 0xcaa90051 Sending OAuth request failed.
Logged at OAuthTokenRequestBase.cpp, line: 323, method: OAuthTokenRequestBase::SendRequest.

Request: authority: https://login.microsoftonline.com/6ac7a1f4-5fb1-4153-bb4f-12d2020a1f7d, client: ab9b8c07-8f02-4f72-87fa-80105867a763, redirect URI: ms-appx-web://Microsoft.AAD.BrokerPlugin/ab9b8c07-8f02-4f72-87fa-80105867a763, resource: , correlation ID (request): a4266185-c7d0-45b6-9194-28eb8dc26f7a"
"17-08-2026 21:27:56","1097","Warning","Microsoft-Windows-AAD","Error: 0xCAA90056 Renew token by the primary refresh token failed.
Logged at RefreshTokenRequest.cpp, line: 149, method: RefreshTokenRequest::AcquireToken.

Request: authority: https://login.microsoftonline.com/6ac7a1f4-5fb1-4153-bb4f-12d2020a1f7d, client: d3590ed6-52b3-4102-aeff-aad2292ab01c, redirect URI: ms-appx-web://Microsoft.AAD.BrokerPlugin/d3590ed6-52b3-4102-aeff-aad2292ab01c, resource: , correlation ID (request): 90b434d2-e970-4a6a-8ace-df2692122302"
"17-08-2026 21:27:56","1098","Error","Microsoft-Windows-AAD","Error: 0xCAA70004 The server or proxy was not found.
Code: authentication_failed
Description: The server or proxy was not found.
TokenEndpoint: https://login.microsoftonline.com/6ac7a1f4-5fb1-4153-bb4f-12d2020a1f7d/oauth2/token
Logged at OAuthTokenRequestBase.cpp, line: 323, method: OAuthTokenRequestBase::SendRequest.

Request: authority: https://login.microsoftonline.com/6ac7a1f4-5fb1-4153-bb4f-12d2020a1f7d, client: d3590ed6-52b3-4102-aeff-aad2292ab01c, redirect URI: ms-appx-web://Microsoft.AAD.BrokerPlugin/d3590ed6-52b3-4102-aeff-aad2292ab01c, resource: , correlation ID (request): 90b434d2-e970-4a6a-8ace-df2692122302"
"17-08-2026 21:27:56","1098","Error","Microsoft-Windows-AAD","Error: 0xCAA70004 The server or proxy was not found.
Exception of type 'class HttpException' at XMLHTTPWebRequest.cpp, line: 184, method: XMLHTTPWebRequest::ReceiveResponse.

Log: 0xcaa90051 Sending OAuth request failed.
Logged at OAuthTokenRequestBase.cpp, line: 323, method: OAuthTokenRequestBase::SendRequest.

Request: authority: https://login.microsoftonline.com/6ac7a1f4-5fb1-4153-bb4f-12d2020a1f7d, client: d3590ed6-52b3-4102-aeff-aad2292ab01c, redirect URI: ms-appx-web://Microsoft.AAD.BrokerPlugin/d3590ed6-52b3-4102-aeff-aad2292ab01c, resource: , correlation ID (request): 90b434d2-e970-4a6a-8ace-df2692122302"
"17-08-2026 21:27:56","1097","Warning","Microsoft-Windows-AAD","Error: 0xCAA90056 Renew token by the primary refresh token failed.
Logged at RefreshTokenRequest.cpp, line: 149, method: RefreshTokenRequest::AcquireToken.

Request: authority: https://login.microsoftonline.com/6ac7a1f4-5fb1-4153-bb4f-12d2020a1f7d, client: d3590ed6-52b3-4102-aeff-aad2292ab01c, redirect URI: ms-appx-web://Microsoft.AAD.BrokerPlugin/d3590ed6-52b3-4102-aeff-aad2292ab01c, resource: , correlation ID (request): 670e339d-9fb5-413a-8248-e78b3a225593"
"17-08-2026 21:27:56","1098","Error","Microsoft-Windows-AAD","Error: 0xCAA70004 The server or proxy was not found.
Code: authentication_failed
Description: The server or proxy was not found.
TokenEndpoint: https://login.microsoftonline.com/6ac7a1f4-5fb1-4153-bb4f-12d2020a1f7d/oauth2/token
Logged at OAuthTokenRequestBase.cpp, line: 323, method: OAuthTokenRequestBase::SendRequest.

Request: authority: https://login.microsoftonline.com/6ac7a1f4-5fb1-4153-bb4f-12d2020a1f7d, client: d3590ed6-52b3-4102-aeff-aad2292ab01c, redirect URI: ms-appx-web://Microsoft.AAD.BrokerPlugin/d3590ed6-52b3-4102-aeff-aad2292ab01c, resource: , correlation ID (request): 670e339d-9fb5-413a-8248-e78b3a225593"
"17-08-2026 21:27:56","1098","Error","Microsoft-Windows-AAD","Error: 0xCAA70004 The server or proxy was not found.
Exception of type 'class HttpException' at XMLHTTPWebRequest.cpp, line: 184, method: XMLHTTPWebRequest::ReceiveResponse.

Log: 0xcaa90051 Sending OAuth request failed.
Logged at OAuthTokenRequestBase.cpp, line: 323, method: OAuthTokenRequestBase::SendRequest.

Request: authority: https://login.microsoftonline.com/6ac7a1f4-5fb1-4153-bb4f-12d2020a1f7d, client: d3590ed6-52b3-4102-aeff-aad2292ab01c, redirect URI: ms-appx-web://Microsoft.AAD.BrokerPlugin/d3590ed6-52b3-4102-aeff-aad2292ab01c, resource: , correlation ID (request): 670e339d-9fb5-413a-8248-e78b3a225593"
"17-08-2026 21:27:55","1098","Error","Microsoft-Windows-AAD","Error: 0xCAA5001C Token broker operation failed.
Operation name: GetTokenSilently, Error: -895025148 (0xcaa70004), Description: The server or proxy was not found.
Logged at WebAccountProcessor.cpp, line: 723, method: AAD::Core::WebAccountProcessor::ReportOperationError."
"17-08-2026 21:27:55","1098","Error","Microsoft-Windows-AAD","Error: 0xCAA5001C Token broker operation failed.
Operation name: GetTokenSilently, Error: -895025148 (0xcaa70004), Description: The server or proxy was not found.
Logged at WebAccountProcessor.cpp, line: 723, method: AAD::Core::WebAccountProcessor::ReportOperationError."
"17-08-2026 21:27:55","1098","Error","Microsoft-Windows-AAD","Error: 0xCAA5001C Token broker operation failed.
Operation name: GetTokenSilently, Error: -895025148 (0xcaa70004), Description: The server or proxy was not found.
Logged at WebAccountProcessor.cpp, line: 723, method: AAD::Core::WebAccountProcessor::ReportOperationError."
"17-08-2026 21:27:55","1098","Error","Microsoft-Windows-AAD","Error: 0xCAA5001C Token broker operation failed.
Operation name: GetTokenSilently, Error: -895025148 (0xcaa70004), Description: The server or proxy was not found.
Logged at WebAccountProcessor.cpp, line: 723, method: AAD::Core::WebAccountProcessor::ReportOperationError."
"17-08-2026 21:27:55","1098","Error","Microsoft-Windows-AAD","Error: 0xCAA5001C Token broker operation failed.
Operation name: GetTokenSilently, Error: -895025148 (0xcaa70004), Description: The server or proxy was not found.
Logged at WebAccountProcessor.cpp, line: 723, method: AAD::Core::WebAccountProcessor::ReportOperationError."
"17-08-2026 21:27:55","1098","Error","Microsoft-Windows-AAD","Error: 0xCAA5001C Token broker operation failed.
Operation name: GetTokenSilently, Error: -895025148 (0xcaa70004), Description: The server or proxy was not found.
Logged at WebAccountProcessor.cpp, line: 723, method: AAD::Core::WebAccountProcessor::ReportOperationError."
"17-08-2026 21:27:55","1097","Warning","Microsoft-Windows-AAD","Error: 0xCAA90056 Renew token by the primary refresh token failed.
Logged at RefreshTokenRequest.cpp, line: 149, method: RefreshTokenRequest::AcquireToken.

Request: authority: https://login.microsoftonline.com/6ac7a1f4-5fb1-4153-bb4f-12d2020a1f7d, client: c0ab8ce9-e9a0-42e7-b064-33d422df41f1, redirect URI: ms-appx-web://Microsoft.AAD.BrokerPlugin/c0ab8ce9-e9a0-42e7-b064-33d422df41f1, resource: , correlation ID (request): b6e6eb7c-a3c4-4dcf-9fda-82494f0fdf45"
"17-08-2026 21:27:55","1097","Warning","Microsoft-Windows-AAD","Error: 0xCAA90056 Renew token by the primary refresh token failed.
Logged at RefreshTokenRequest.cpp, line: 149, method: RefreshTokenRequest::AcquireToken.

Request: authority: https://login.microsoftonline.com/6ac7a1f4-5fb1-4153-bb4f-12d2020a1f7d, client: d3590ed6-52b3-4102-aeff-aad2292ab01c, redirect URI: ms-appx-web://Microsoft.AAD.BrokerPlugin/d3590ed6-52b3-4102-aeff-aad2292ab01c, resource: , correlation ID (request): 4d796764-4d14-4e00-843a-20ba666bdde4"
"17-08-2026 21:27:55","1097","Warning","Microsoft-Windows-AAD","Error: 0xCAA90056 Renew token by the primary refresh token failed.
Logged at RefreshTokenRequest.cpp, line: 149, method: RefreshTokenRequest::AcquireToken.

Request: authority: https://login.microsoftonline.com/6ac7a1f4-5fb1-4153-bb4f-12d2020a1f7d, client: 0ec893e0-5785-4de6-99da-4ed124e5296c, redirect URI: ms-appx-web://Microsoft.AAD.BrokerPlugin/0ec893e0-5785-4de6-99da-4ed124e5296c, resource: , correlation ID (request): 01a01071-8a9f-708d-a22f-e5d238a42704"
"17-08-2026 21:27:55","1097","Warning","Microsoft-Windows-AAD","Error: 0xCAA90056 Renew token by the primary refresh token failed.
Logged at RefreshTokenRequest.cpp, line: 149, method: RefreshTokenRequest::AcquireToken.

Request: authority: https://login.microsoftonline.com/6ac7a1f4-5fb1-4153-bb4f-12d2020a1f7d, client: d7b530a4-7680-4c23-a8bf-c52c121d2e87, redirect URI: ms-appx-web://Microsoft.AAD.BrokerPlugin/d7b530a4-7680-4c23-a8bf-c52c121d2e87, resource: , correlation ID (request): b9949cdf-11c6-49d2-80c9-fc57555dcbb6"
"17-08-2026 21:27:55","1097","Warning","Microsoft-Windows-AAD","Error: 0xCAA90056 Renew token by the primary refresh token failed.
Logged at RefreshTokenRequest.cpp, line: 149, method: RefreshTokenRequest::AcquireToken.

Request: authority: https://login.microsoftonline.com/6ac7a1f4-5fb1-4153-bb4f-12d2020a1f7d, client: ab9b8c07-8f02-4f72-87fa-80105867a763, redirect URI: ms-appx-web://Microsoft.AAD.BrokerPlugin/ab9b8c07-8f02-4f72-87fa-80105867a763, resource: , correlation ID (request): 3825b225-4212-4e2e-9a86-47078d119943"
"17-08-2026 21:27:55","1097","Warning","Microsoft-Windows-AAD","Error: 0xCAA90056 Renew token by the primary refresh token failed.
Logged at RefreshTokenRequest.cpp, line: 149, method: RefreshTokenRequest::AcquireToken.

Request: authority: https://login.microsoftonline.com/6ac7a1f4-5fb1-4153-bb4f-12d2020a1f7d, client: 0ec893e0-5785-4de6-99da-4ed124e5296c, redirect URI: ms-appx-web://Microsoft.AAD.BrokerPlugin/0ec893e0-5785-4de6-99da-4ed124e5296c, resource: , correlation ID (request): 2e1d04e4-76d0-4d07-b5d7-2f1a9837ab59"
"17-08-2026 21:27:55","1098","Error","Microsoft-Windows-AAD","Error: 0xCAA70004 The server or proxy was not found.
Code: authentication_failed
Description: The server or proxy was not found.
TokenEndpoint: https://login.microsoftonline.com/6ac7a1f4-5fb1-4153-bb4f-12d2020a1f7d/oauth2/token
Logged at OAuthTokenRequestBase.cpp, line: 323, method: OAuthTokenRequestBase::SendRequest.

Request: authority: https://login.microsoftonline.com/6ac7a1f4-5fb1-4153-bb4f-12d2020a1f7d, client: d3590ed6-52b3-4102-aeff-aad2292ab01c, redirect URI: ms-appx-web://Microsoft.AAD.BrokerPlugin/d3590ed6-52b3-4102-aeff-aad2292ab01c, resource: , correlation ID (request): 4d796764-4d14-4e00-843a-20ba666bdde4"
"17-08-2026 21:27:55","1098","Error","Microsoft-Windows-AAD","Error: 0xCAA70004 The server or proxy was not found.
Code: authentication_failed
Description: The server or proxy was not found.
TokenEndpoint: https://login.microsoftonline.com/6ac7a1f4-5fb1-4153-bb4f-12d2020a1f7d/oauth2/token
Logged at OAuthTokenRequestBase.cpp, line: 323, method: OAuthTokenRequestBase::SendRequest.

Request: authority: https://login.microsoftonline.com/6ac7a1f4-5fb1-4153-bb4f-12d2020a1f7d, client: ab9b8c07-8f02-4f72-87fa-80105867a763, redirect URI: ms-appx-web://Microsoft.AAD.BrokerPlugin/ab9b8c07-8f02-4f72-87fa-80105867a763, resource: , correlation ID (request): 3825b225-4212-4e2e-9a86-47078d119943"
"17-08-2026 21:27:55","1098","Error","Microsoft-Windows-AAD","Error: 0xCAA70004 The server or proxy was not found.
Exception of type 'class HttpException' at XMLHTTPWebRequest.cpp, line: 184, method: XMLHTTPWebRequest::ReceiveResponse.

Log: 0xcaa90051 Sending OAuth request failed.
Logged at OAuthTokenRequestBase.cpp, line: 323, method: OAuthTokenRequestBase::SendRequest.

Request: authority: https://login.microsoftonline.com/6ac7a1f4-5fb1-4153-bb4f-12d2020a1f7d, client: d3590ed6-52b3-4102-aeff-aad2292ab01c, redirect URI: ms-appx-web://Microsoft.AAD.BrokerPlugin/d3590ed6-52b3-4102-aeff-aad2292ab01c, resource: , correlation ID (request): 4d796764-4d14-4e00-843a-20ba666bdde4"
"17-08-2026 21:27:55","1098","Error","Microsoft-Windows-AAD","Error: 0xCAA70004 The server or proxy was not found.
Exception of type 'class HttpException' at XMLHTTPWebRequest.cpp, line: 184, method: XMLHTTPWebRequest::ReceiveResponse.

Log: 0xcaa90051 Sending OAuth request failed.
Logged at OAuthTokenRequestBase.cpp, line: 323, method: OAuthTokenRequestBase::SendRequest.

Request: authority: https://login.microsoftonline.com/6ac7a1f4-5fb1-4153-bb4f-12d2020a1f7d, client: ab9b8c07-8f02-4f72-87fa-80105867a763, redirect URI: ms-appx-web://Microsoft.AAD.BrokerPlugin/ab9b8c07-8f02-4f72-87fa-80105867a763, resource: , correlation ID (request): 3825b225-4212-4e2e-9a86-47078d119943"
"17-08-2026 21:27:55","1098","Error","Microsoft-Windows-AAD","Error: 0xCAA70004 The server or proxy was not found.
Code: authentication_failed
Description: The server or proxy was not found.
TokenEndpoint: https://login.microsoftonline.com/6ac7a1f4-5fb1-4153-bb4f-12d2020a1f7d/oauth2/token
Logged at OAuthTokenRequestBase.cpp, line: 323, method: OAuthTokenRequestBase::SendRequest.

Request: authority: https://login.microsoftonline.com/6ac7a1f4-5fb1-4153-bb4f-12d2020a1f7d, client: 0ec893e0-5785-4de6-99da-4ed124e5296c, redirect URI: ms-appx-web://Microsoft.AAD.BrokerPlugin/0ec893e0-5785-4de6-99da-4ed124e5296c, resource: , correlation ID (request): 2e1d04e4-76d0-4d07-b5d7-2f1a9837ab59"
"17-08-2026 21:27:55","1098","Error","Microsoft-Windows-AAD","Error: 0xCAA70004 The server or proxy was not found.
Code: authentication_failed
Description: The server or proxy was not found.
TokenEndpoint: https://login.microsoftonline.com/6ac7a1f4-5fb1-4153-bb4f-12d2020a1f7d/oauth2/token
Logged at OAuthTokenRequestBase.cpp, line: 323, method: OAuthTokenRequestBase::SendRequest.

Request: authority: https://login.microsoftonline.com/6ac7a1f4-5fb1-4153-bb4f-12d2020a1f7d, client: 0ec893e0-5785-4de6-99da-4ed124e5296c, redirect URI: ms-appx-web://Microsoft.AAD.BrokerPlugin/0ec893e0-5785-4de6-99da-4ed124e5296c, resource: , correlation ID (request): 01a01071-8a9f-708d-a22f-e5d238a42704"
"17-08-2026 21:27:55","1098","Error","Microsoft-Windows-AAD","Error: 0xCAA70004 The server or proxy was not found.
Code: authentication_failed
Description: The server or proxy was not found.
TokenEndpoint: https://login.microsoftonline.com/6ac7a1f4-5fb1-4153-bb4f-12d2020a1f7d/oauth2/token
Logged at OAuthTokenRequestBase.cpp, line: 323, method: OAuthTokenRequestBase::SendRequest.

Request: authority: https://login.microsoftonline.com/6ac7a1f4-5fb1-4153-bb4f-12d2020a1f7d, client: d7b530a4-7680-4c23-a8bf-c52c121d2e87, redirect URI: ms-appx-web://Microsoft.AAD.BrokerPlugin/d7b530a4-7680-4c23-a8bf-c52c121d2e87, resource: , correlation ID (request): b9949cdf-11c6-49d2-80c9-fc57555dcbb6"
"17-08-2026 21:27:55","1098","Error","Microsoft-Windows-AAD","Error: 0xCAA70004 The server or proxy was not found.
Code: authentication_failed
Description: The server or proxy was not found.
TokenEndpoint: https://login.microsoftonline.com/6ac7a1f4-5fb1-4153-bb4f-12d2020a1f7d/oauth2/token
Logged at OAuthTokenRequestBase.cpp, line: 323, method: OAuthTokenRequestBase::SendRequest.

Request: authority: https://login.microsoftonline.com/6ac7a1f4-5fb1-4153-bb4f-12d2020a1f7d, client: c0ab8ce9-e9a0-42e7-b064-33d422df41f1, redirect URI: ms-appx-web://Microsoft.AAD.BrokerPlugin/c0ab8ce9-e9a0-42e7-b064-33d422df41f1, resource: , correlation ID (request): b6e6eb7c-a3c4-4dcf-9fda-82494f0fdf45"
"17-08-2026 21:27:55","1098","Error","Microsoft-Windows-AAD","Error: 0xCAA70004 The server or proxy was not found.
Exception of type 'class HttpException' at XMLHTTPWebRequest.cpp, line: 184, method: XMLHTTPWebRequest::ReceiveResponse.

Log: 0xcaa90051 Sending OAuth request failed.
Logged at OAuthTokenRequestBase.cpp, line: 323, method: OAuthTokenRequestBase::SendRequest.

Request: authority: https://login.microsoftonline.com/6ac7a1f4-5fb1-4153-bb4f-12d2020a1f7d, client: d7b530a4-7680-4c23-a8bf-c52c121d2e87, redirect URI: ms-appx-web://Microsoft.AAD.BrokerPlugin/d7b530a4-7680-4c23-a8bf-c52c121d2e87, resource: , correlation ID (request): b9949cdf-11c6-49d2-80c9-fc57555dcbb6"
"17-08-2026 21:27:55","1098","Error","Microsoft-Windows-AAD","Error: 0xCAA70004 The server or proxy was not found.
Exception of type 'class HttpException' at XMLHTTPWebRequest.cpp, line: 184, method: XMLHTTPWebRequest::ReceiveResponse.

Log: 0xcaa90051 Sending OAuth request failed.
Logged at OAuthTokenRequestBase.cpp, line: 323, method: OAuthTokenRequestBase::SendRequest.

Request: authority: https://login.microsoftonline.com/6ac7a1f4-5fb1-4153-bb4f-12d2020a1f7d, client: 0ec893e0-5785-4de6-99da-4ed124e5296c, redirect URI: ms-appx-web://Microsoft.AAD.BrokerPlugin/0ec893e0-5785-4de6-99da-4ed124e5296c, resource: , correlation ID (request): 01a01071-8a9f-708d-a22f-e5d238a42704"
"17-08-2026 21:27:55","1098","Error","Microsoft-Windows-AAD","Error: 0xCAA70004 The server or proxy was not found.
Exception of type 'class HttpException' at XMLHTTPWebRequest.cpp, line: 184, method: XMLHTTPWebRequest::ReceiveResponse.

Log: 0xcaa90051 Sending OAuth request failed.
Logged at OAuthTokenRequestBase.cpp, line: 323, method: OAuthTokenRequestBase::SendRequest.

Request: authority: https://login.microsoftonline.com/6ac7a1f4-5fb1-4153-bb4f-12d2020a1f7d, client: 0ec893e0-5785-4de6-99da-4ed124e5296c, redirect URI: ms-appx-web://Microsoft.AAD.BrokerPlugin/0ec893e0-5785-4de6-99da-4ed124e5296c, resource: , correlation ID (request): 2e1d04e4-76d0-4d07-b5d7-2f1a9837ab59"
"17-08-2026 21:27:55","1098","Error","Microsoft-Windows-AAD","Error: 0xCAA70004 The server or proxy was not found.
Exception of type 'class HttpException' at XMLHTTPWebRequest.cpp, line: 184, method: XMLHTTPWebRequest::ReceiveResponse.

Log: 0xcaa90051 Sending OAuth request failed.
Logged at OAuthTokenRequestBase.cpp, line: 323, method: OAuthTokenRequestBase::SendRequest.

Request: authority: https://login.microsoftonline.com/6ac7a1f4-5fb1-4153-bb4f-12d2020a1f7d, client: c0ab8ce9-e9a0-42e7-b064-33d422df41f1, redirect URI: ms-appx-web://Microsoft.AAD.BrokerPlugin/c0ab8ce9-e9a0-42e7-b064-33d422df41f1, resource: , correlation ID (request): b6e6eb7c-a3c4-4dcf-9fda-82494f0fdf45"
"17-08-2026 19:41:22","1104","Error","Microsoft-Windows-AAD","AAD Cloud AP plugin call Post logon processing returned error: 0xC000006D"
"17-08-2026 19:41:22","1159","Warning","Microsoft-Windows-AAD","AadCloudAPPlugin S4U logon failed. Status: 0xC000006D"
"17-08-2026 19:41:20","1241","Information","Microsoft-Windows-AAD","On-prem tgt error: On-prem configuration is missing"
"17-08-2026 19:41:18","1251","Information","Microsoft-Windows-AAD","DoGetEnterpriseToken Diagnostic Event:
Result: 0xC0000250
User Identity: joe.prakash@nielseniq.com
Credential Type: 2
Correlation ID: 289a5753-0de7-4046-bb7d-36af4c163565
Endpoint Uri: https://sts.nielseniq.com/adfs/oauth2/token/
HTTP Status: POST
HTTP Method: The operation completed successfully.
ErrorCode: 401
Error Description: interaction_required"
"17-08-2026 19:41:18","1118","Error","Microsoft-Windows-AAD","Enterprise STS Logon failure. Status: 0xC0000250 Correlation ID: 289a5753-0de7-4046-bb7d-36af4c163565"
"17-08-2026 19:41:18","1081","Error","Microsoft-Windows-AAD","OAuth response error: interaction_required
Error description: MSIS9699: GlobalAuthenticationPolicy on the Server doesn't allow this OAuth JWT Bearer request. Please contact the administrator to update the GlobalAuthenticationPolicy.
CorrelationID: "
"17-08-2026 19:41:18","1025","Error","Microsoft-Windows-AAD","Http request status: 401. Method: POST Endpoint Uri: https://sts.nielseniq.com/adfs/oauth2/token/ Correlation ID: 289a5753-0de7-4046-bb7d-36af4c163565"
"17-08-2026 19:41:17","1241","Information","Microsoft-Windows-AAD","On-prem tgt error: On-prem configuration is missing"
"17-08-2026 18:51:00","1241","Information","Microsoft-Windows-AAD","On-prem tgt error: On-prem configuration is missing"
"17-08-2026 18:33:57","1104","Error","Microsoft-Windows-AAD","AAD Cloud AP plugin call Post logon processing returned error: 0xC000006D"
"17-08-2026 18:33:57","1159","Warning","Microsoft-Windows-AAD","AadCloudAPPlugin S4U logon failed. Status: 0xC000006D"
"17-08-2026 18:33:54","1241","Information","Microsoft-Windows-AAD","On-prem tgt error: On-prem configuration is missing"
"17-08-2026 18:33:53","1251","Information","Microsoft-Windows-AAD","DoGetEnterpriseToken Diagnostic Event:
Result: 0xC0000250
User Identity: joe.prakash@nielseniq.com
Credential Type: 2
Correlation ID: 3e088c02-f335-4819-a154-6b891c1de68f
Endpoint Uri: https://sts.nielseniq.com/adfs/oauth2/token/
HTTP Status: POST
HTTP Method: The operation completed successfully.
ErrorCode: 401
Error Description: interaction_required"
"17-08-2026 18:33:53","1118","Error","Microsoft-Windows-AAD","Enterprise STS Logon failure. Status: 0xC0000250 Correlation ID: 3e088c02-f335-4819-a154-6b891c1de68f"
"17-08-2026 18:33:53","1081","Error","Microsoft-Windows-AAD","OAuth response error: interaction_required
Error description: MSIS9699: GlobalAuthenticationPolicy on the Server doesn't allow this OAuth JWT Bearer request. Please contact the administrator to update the GlobalAuthenticationPolicy.
CorrelationID: "
"17-08-2026 18:33:53","1025","Error","Microsoft-Windows-AAD","Http request status: 401. Method: POST Endpoint Uri: https://sts.nielseniq.com/adfs/oauth2/token/ Correlation ID: 3e088c02-f335-4819-a154-6b891c1de68f"
"17-08-2026 18:33:51","1241","Information","Microsoft-Windows-AAD","On-prem tgt error: On-prem configuration is missing"
"17-08-2026 17:39:30","1241","Information","Microsoft-Windows-AAD","On-prem tgt error: On-prem configuration is missing"
"17-08-2026 17:37:14","1241","Information","Microsoft-Windows-AAD","On-prem tgt error: On-prem configuration is missing"
"17-08-2026 17:35:58","1104","Error","Microsoft-Windows-AAD","AAD Cloud AP plugin call Post logon processing returned error: 0xC000006D"
"17-08-2026 17:35:58","1159","Warning","Microsoft-Windows-AAD","AadCloudAPPlugin S4U logon failed. Status: 0xC000006D"
"17-08-2026 17:35:55","1241","Information","Microsoft-Windows-AAD","On-prem tgt error: On-prem configuration is missing"
"17-08-2026 17:35:54","1251","Information","Microsoft-Windows-AAD","DoGetEnterpriseToken Diagnostic Event:
Result: 0xC0000250
User Identity: joe.prakash@nielseniq.com
Credential Type: 2
Correlation ID: a18df44c-d1d2-4bf9-bd0a-aed0ab43eddb
Endpoint Uri: https://sts.nielseniq.com/adfs/oauth2/token/
HTTP Status: POST
HTTP Method: The operation completed successfully.
ErrorCode: 401
Error Description: interaction_required"
"17-08-2026 17:35:54","1118","Error","Microsoft-Windows-AAD","Enterprise STS Logon failure. Status: 0xC0000250 Correlation ID: a18df44c-d1d2-4bf9-bd0a-aed0ab43eddb"
"17-08-2026 17:35:54","1081","Error","Microsoft-Windows-AAD","OAuth response error: interaction_required
Error description: MSIS9699: GlobalAuthenticationPolicy on the Server doesn't allow this OAuth JWT Bearer request. Please contact the administrator to update the GlobalAuthenticationPolicy.
CorrelationID: "
"17-08-2026 17:35:54","1025","Error","Microsoft-Windows-AAD","Http request status: 401. Method: POST Endpoint Uri: https://sts.nielseniq.com/adfs/oauth2/token/ Correlation ID: a18df44c-d1d2-4bf9-bd0a-aed0ab43eddb"
"17-08-2026 17:35:52","1241","Information","Microsoft-Windows-AAD","On-prem tgt error: On-prem configuration is missing"
"17-08-2026 17:05:57","1241","Information","Microsoft-Windows-AAD","On-prem tgt error: On-prem configuration is missing"
"17-08-2026 16:59:13","1104","Error","Microsoft-Windows-AAD","AAD Cloud AP plugin call Post logon processing returned error: 0xC000006D"
"17-08-2026 16:59:13","1159","Warning","Microsoft-Windows-AAD","AadCloudAPPlugin S4U logon failed. Status: 0xC000006D"
"17-08-2026 16:59:10","1241","Information","Microsoft-Windows-AAD","On-prem tgt error: On-prem configuration is missing"
"17-08-2026 16:59:09","1251","Information","Microsoft-Windows-AAD","DoGetEnterpriseToken Diagnostic Event:
Result: 0xC0000250
User Identity: joe.prakash@nielseniq.com
Credential Type: 2
Correlation ID: 1f813328-4915-4a2d-9fc0-53e21c5c10c5
Endpoint Uri: https://sts.nielseniq.com/adfs/oauth2/token/
HTTP Status: POST
HTTP Method: The operation completed successfully.
ErrorCode: 401
Error Description: interaction_required"
"17-08-2026 16:59:09","1118","Error","Microsoft-Windows-AAD","Enterprise STS Logon failure. Status: 0xC0000250 Correlation ID: 1f813328-4915-4a2d-9fc0-53e21c5c10c5"
"17-08-2026 16:59:09","1081","Error","Microsoft-Windows-AAD","OAuth response error: interaction_required
Error description: MSIS9699: GlobalAuthenticationPolicy on the Server doesn't allow this OAuth JWT Bearer request. Please contact the administrator to update the GlobalAuthenticationPolicy.
CorrelationID: "
"17-08-2026 16:59:09","1025","Error","Microsoft-Windows-AAD","Http request status: 401. Method: POST Endpoint Uri: https://sts.nielseniq.com/adfs/oauth2/token/ Correlation ID: 1f813328-4915-4a2d-9fc0-53e21c5c10c5"
"17-08-2026 16:59:07","1241","Information","Microsoft-Windows-AAD","On-prem tgt error: On-prem configuration is missing"
"17-08-2026 16:55:10","1241","Information","Microsoft-Windows-AAD","On-prem tgt error: On-prem configuration is missing"
"17-08-2026 16:55:09","1104","Error","Microsoft-Windows-AAD","AAD Cloud AP plugin call Post logon processing returned error: 0xC000006D"
"17-08-2026 16:55:09","1159","Warning","Microsoft-Windows-AAD","AadCloudAPPlugin S4U logon failed. Status: 0xC000006D"
"17-08-2026 16:55:07","1241","Information","Microsoft-Windows-AAD","On-prem tgt error: On-prem configuration is missing"
"17-08-2026 16:55:05","1251","Information","Microsoft-Windows-AAD","DoGetEnterpriseToken Diagnostic Event:
Result: 0xC0000250
User Identity: joe.prakash@nielseniq.com
Credential Type: 2
Correlation ID: d4acafa5-25d4-47c6-8aee-eed5ea69762a
Endpoint Uri: https://sts.nielseniq.com/adfs/oauth2/token/
HTTP Status: POST
HTTP Method: The operation completed successfully.
ErrorCode: 401
Error Description: interaction_required"
"17-08-2026 16:55:05","1118","Error","Microsoft-Windows-AAD","Enterprise STS Logon failure. Status: 0xC0000250 Correlation ID: d4acafa5-25d4-47c6-8aee-eed5ea69762a"
"17-08-2026 16:55:05","1081","Error","Microsoft-Windows-AAD","OAuth response error: interaction_required
Error description: MSIS9699: GlobalAuthenticationPolicy on the Server doesn't allow this OAuth JWT Bearer request. Please contact the administrator to update the GlobalAuthenticationPolicy.
CorrelationID: "
"17-08-2026 16:55:05","1025","Error","Microsoft-Windows-AAD","Http request status: 401. Method: POST Endpoint Uri: https://sts.nielseniq.com/adfs/oauth2/token/ Correlation ID: d4acafa5-25d4-47c6-8aee-eed5ea69762a"
"17-08-2026 16:55:04","1241","Information","Microsoft-Windows-AAD","On-prem tgt error: On-prem configuration is missing"
"17-08-2026 16:55:03","1241","Information","Microsoft-Windows-AAD","On-prem tgt error: On-prem configuration is missing"
"17-08-2026 16:55:03","1241","Information","Microsoft-Windows-AAD","On-prem tgt error: On-prem configuration is missing"
"17-08-2026 16:55:03","1241","Information","Microsoft-Windows-AAD","On-prem tgt error: On-prem configuration is missing"
"17-08-2026 16:38:36","1104","Error","Microsoft-Windows-AAD","AAD Cloud AP plugin call Post logon processing returned error: 0xC000006D"
"17-08-2026 16:38:36","1159","Warning","Microsoft-Windows-AAD","AadCloudAPPlugin S4U logon failed. Status: 0xC000006D"
"17-08-2026 16:38:34","1241","Information","Microsoft-Windows-AAD","On-prem tgt error: On-prem configuration is missing"
"17-08-2026 16:38:33","1251","Information","Microsoft-Windows-AAD","DoGetEnterpriseToken Diagnostic Event:
Result: 0xC0000250
User Identity: joe.prakash@nielseniq.com
Credential Type: 2
Correlation ID: 8702963f-b231-4e46-963d-b85a93cd83bd
Endpoint Uri: https://sts.nielseniq.com/adfs/oauth2/token/
HTTP Status: POST
HTTP Method: The operation completed successfully.
ErrorCode: 401
Error Description: interaction_required"
"17-08-2026 16:38:33","1118","Error","Microsoft-Windows-AAD","Enterprise STS Logon failure. Status: 0xC0000250 Correlation ID: 8702963f-b231-4e46-963d-b85a93cd83bd"
"17-08-2026 16:38:33","1081","Error","Microsoft-Windows-AAD","OAuth response error: interaction_required
Error description: MSIS9699: GlobalAuthenticationPolicy on the Server doesn't allow this OAuth JWT Bearer request. Please contact the administrator to update the GlobalAuthenticationPolicy.
CorrelationID: "
"17-08-2026 16:38:33","1025","Error","Microsoft-Windows-AAD","Http request status: 401. Method: POST Endpoint Uri: https://sts.nielseniq.com/adfs/oauth2/token/ Correlation ID: 8702963f-b231-4e46-963d-b85a93cd83bd"
"17-08-2026 16:38:31","1241","Information","Microsoft-Windows-AAD","On-prem tgt error: On-prem configuration is missing"
"17-08-2026 16:32:24","1097","Warning","Microsoft-Windows-AAD","Error: 0x4AA50081 An application specific account is loading in cloud joined session.
Logged at ClientCache.cpp, line: 413, method: ClientCache::LoadPrimaryAccount."
"17-08-2026 16:00:15","1104","Error","Microsoft-Windows-AAD","AAD Cloud AP plugin call Lookup name name from SID returned error: 0xC00485D3"
"17-08-2026 16:00:15","1025","Error","Microsoft-Windows-AAD","Http request status: 400. Method: GET Endpoint Uri: https://login.microsoftonline.com/6ac7a1f4-5fb1-4153-bb4f-12d2020a1f7d/sidtoname Correlation ID: 6880bfcb-c365-44e4-9130-3725a36731a6"
"17-08-2026 16:00:14","1104","Error","Microsoft-Windows-AAD","AAD Cloud AP plugin call Lookup name name from SID returned error: 0xC00485D3"
"17-08-2026 16:00:14","1025","Error","Microsoft-Windows-AAD","Http request status: 400. Method: GET Endpoint Uri: https://login.microsoftonline.com/6ac7a1f4-5fb1-4153-bb4f-12d2020a1f7d/sidtoname Correlation ID: 7ce452d4-a2d7-4030-8f5e-29a63816a8a9"
"17-08-2026 16:00:13","1104","Error","Microsoft-Windows-AAD","AAD Cloud AP plugin call Lookup name name from SID returned error: 0xC00485D3"
"17-08-2026 16:00:13","1025","Error","Microsoft-Windows-AAD","Http request status: 400. Method: GET Endpoint Uri: https://login.microsoftonline.com/6ac7a1f4-5fb1-4153-bb4f-12d2020a1f7d/sidtoname Correlation ID: 5174a32d-3880-414c-8ecc-3c90c364d916"
"17-08-2026 16:00:12","1104","Error","Microsoft-Windows-AAD","AAD Cloud AP plugin call Lookup name name from SID returned error: 0xC00485D3"
"17-08-2026 16:00:12","1025","Error","Microsoft-Windows-AAD","Http request status: 400. Method: GET Endpoint Uri: https://login.microsoftonline.com/6ac7a1f4-5fb1-4153-bb4f-12d2020a1f7d/sidtoname Correlation ID: bafe4ab9-03ac-4028-ad17-e11a9918c0c1"
"17-08-2026 16:00:11","1104","Error","Microsoft-Windows-AAD","AAD Cloud AP plugin call Lookup name name from SID returned error: 0xC00485D3"
"17-08-2026 16:00:11","1025","Error","Microsoft-Windows-AAD","Http request status: 400. Method: GET Endpoint Uri: https://login.microsoftonline.com/6ac7a1f4-5fb1-4153-bb4f-12d2020a1f7d/sidtoname Correlation ID: c1d26ed2-5b82-4c82-bee6-f5124b061d06"
"17-08-2026 16:00:10","1104","Error","Microsoft-Windows-AAD","AAD Cloud AP plugin call Lookup name name from SID returned error: 0xC00485D3"
"17-08-2026 16:00:10","1025","Error","Microsoft-Windows-AAD","Http request status: 400. Method: GET Endpoint Uri: https://login.microsoftonline.com/6ac7a1f4-5fb1-4153-bb4f-12d2020a1f7d/sidtoname Correlation ID: 89f6bd7c-d6ba-463a-9fd9-646ff07f5a8a"
"17-08-2026 15:59:59","1104","Error","Microsoft-Windows-AAD","AAD Cloud AP plugin call Lookup name name from SID returned error: 0xC00485D3"
"17-08-2026 15:59:59","1025","Error","Microsoft-Windows-AAD","Http request status: 400. Method: GET Endpoint Uri: https://login.microsoftonline.com/6ac7a1f4-5fb1-4153-bb4f-12d2020a1f7d/sidtoname Correlation ID: 9443d25a-0785-403a-9ddf-7a8d0be394ca"
"17-08-2026 15:59:58","1104","Error","Microsoft-Windows-AAD","AAD Cloud AP plugin call Lookup name name from SID returned error: 0xC00485D3"
"17-08-2026 15:59:58","1025","Error","Microsoft-Windows-AAD","Http request status: 400. Method: GET Endpoint Uri: https://login.microsoftonline.com/6ac7a1f4-5fb1-4153-bb4f-12d2020a1f7d/sidtoname Correlation ID: 3cd3ebf3-c5b5-4191-a18e-0a36f4758707"
"17-08-2026 15:59:57","1104","Error","Microsoft-Windows-AAD","AAD Cloud AP plugin call Lookup name name from SID returned error: 0xC00485D3"
"17-08-2026 15:59:57","1025","Error","Microsoft-Windows-AAD","Http request status: 400. Method: GET Endpoint Uri: https://login.microsoftonline.com/6ac7a1f4-5fb1-4153-bb4f-12d2020a1f7d/sidtoname Correlation ID: 7ecaa7a8-1ce4-4fdd-b6ef-157f6994c5fb"
"17-08-2026 15:59:56","1104","Error","Microsoft-Windows-AAD","AAD Cloud AP plugin call Lookup name name from SID returned error: 0xC00485D3"
"17-08-2026 15:59:56","1025","Error","Microsoft-Windows-AAD","Http request status: 400. Method: GET Endpoint Uri: https://login.microsoftonline.com/6ac7a1f4-5fb1-4153-bb4f-12d2020a1f7d/sidtoname Correlation ID: b241202c-9dd5-45ca-92ab-d4bac47b0069"
"17-08-2026 15:59:55","1104","Error","Microsoft-Windows-AAD","AAD Cloud AP plugin call Lookup name name from SID returned error: 0xC00485D3"
"17-08-2026 15:59:55","1025","Error","Microsoft-Windows-AAD","Http request status: 400. Method: GET Endpoint Uri: https://login.microsoftonline.com/6ac7a1f4-5fb1-4153-bb4f-12d2020a1f7d/sidtoname Correlation ID: a5734939-149f-4934-b919-ad8f3dbdb4b1"
"17-08-2026 15:59:54","1104","Error","Microsoft-Windows-AAD","AAD Cloud AP plugin call Lookup name name from SID returned error: 0xC00485D3"
"17-08-2026 15:59:54","1025","Error","Microsoft-Windows-AAD","Http request status: 400. Method: GET Endpoint Uri: https://login.microsoftonline.com/6ac7a1f4-5fb1-4153-bb4f-12d2020a1f7d/sidtoname Correlation ID: 86c6a548-b252-4d71-bfeb-990315aef340"
"17-08-2026 15:56:57","1104","Error","Microsoft-Windows-AAD","AAD Cloud AP plugin call Lookup name name from SID returned error: 0xC00485D3"
"17-08-2026 15:56:57","1025","Error","Microsoft-Windows-AAD","Http request status: 400. Method: GET Endpoint Uri: https://login.microsoftonline.com/6ac7a1f4-5fb1-4153-bb4f-12d2020a1f7d/sidtoname Correlation ID: ac80d1f3-1b0d-4662-bc49-c6aee8825c48"
"17-08-2026 15:56:56","1104","Error","Microsoft-Windows-AAD","AAD Cloud AP plugin call Lookup name name from SID returned error: 0xC00485D3"
"17-08-2026 15:56:56","1025","Error","Microsoft-Windows-AAD","Http request status: 400. Method: GET Endpoint Uri: https://login.microsoftonline.com/6ac7a1f4-5fb1-4153-bb4f-12d2020a1f7d/sidtoname Correlation ID: 5250b334-7eaf-41ea-af9f-10f662d13b87"
"17-08-2026 15:56:55","1104","Error","Microsoft-Windows-AAD","AAD Cloud AP plugin call Lookup name name from SID returned error: 0xC00485D3"
"17-08-2026 15:56:55","1025","Error","Microsoft-Windows-AAD","Http request status: 400. Method: GET Endpoint Uri: https://login.microsoftonline.com/6ac7a1f4-5fb1-4153-bb4f-12d2020a1f7d/sidtoname Correlation ID: a3279b5c-8e92-4cd0-ae75-88651d224573"
"17-08-2026 15:56:54","1104","Error","Microsoft-Windows-AAD","AAD Cloud AP plugin call Lookup name name from SID returned error: 0xC00485D3"
"17-08-2026 15:56:54","1025","Error","Microsoft-Windows-AAD","Http request status: 400. Method: GET Endpoint Uri: https://login.microsoftonline.com/6ac7a1f4-5fb1-4153-bb4f-12d2020a1f7d/sidtoname Correlation ID: fa805e41-7447-46c8-921a-84c64659af14"
"17-08-2026 15:56:53","1104","Error","Microsoft-Windows-AAD","AAD Cloud AP plugin call Lookup name name from SID returned error: 0xC00485D3"
"17-08-2026 15:56:53","1025","Error","Microsoft-Windows-AAD","Http request status: 400. Method: GET Endpoint Uri: https://login.microsoftonline.com/6ac7a1f4-5fb1-4153-bb4f-12d2020a1f7d/sidtoname Correlation ID: 262609cd-24c6-4bea-b329-c35ead4b5f5c"
"17-08-2026 15:56:52","1104","Error","Microsoft-Windows-AAD","AAD Cloud AP plugin call Lookup name name from SID returned error: 0xC00485D3"
"17-08-2026 15:56:52","1025","Error","Microsoft-Windows-AAD","Http request status: 400. Method: GET Endpoint Uri: https://login.microsoftonline.com/6ac7a1f4-5fb1-4153-bb4f-12d2020a1f7d/sidtoname Correlation ID: ac04bc5d-1772-4cd9-9b96-87ed4dd11827"
"17-08-2026 15:48:31","1251","Information","Microsoft-Windows-AAD","DoGetEnterpriseToken Diagnostic Event:
Result: 0xC0000250
User Identity: arjo5004.t1@nielseniq.com
Credential Type: 1
Correlation ID: 460f8c8b-f656-472c-ab6a-ea7b41a6a68b
Endpoint Uri: https://sts.nielseniq.com/adfs/oauth2/token/
HTTP Status: POST
HTTP Method: The operation completed successfully.
ErrorCode: 401
Error Description: interaction_required"
"17-08-2026 15:48:31","1118","Error","Microsoft-Windows-AAD","Enterprise STS Logon failure. Status: 0xC0000250 Correlation ID: 460f8c8b-f656-472c-ab6a-ea7b41a6a68b"
"17-08-2026 15:48:31","1081","Error","Microsoft-Windows-AAD","OAuth response error: interaction_required
Error description: MSIS9699: GlobalAuthenticationPolicy on the Server doesn't allow this OAuth JWT Bearer request. Please contact the administrator to update the GlobalAuthenticationPolicy.
CorrelationID: "
"17-08-2026 15:48:31","1025","Error","Microsoft-Windows-AAD","Http request status: 401. Method: POST Endpoint Uri: https://sts.nielseniq.com/adfs/oauth2/token/ Correlation ID: 460f8c8b-f656-472c-ab6a-ea7b41a6a68b"
"17-08-2026 15:48:30","1241","Information","Microsoft-Windows-AAD","On-prem tgt error: On-prem configuration is missing"
"17-08-2026 15:09:42","1251","Information","Microsoft-Windows-AAD","DoGetEnterpriseToken Diagnostic Event:
Result: 0xC0000250
User Identity: arjo5004.t1@nielseniq.com
Credential Type: 1
Correlation ID: d717c106-921c-46b0-af2a-0e02aac5302b
Endpoint Uri: https://sts.nielseniq.com/adfs/oauth2/token/
HTTP Status: POST
HTTP Method: The operation completed successfully.
ErrorCode: 401
Error Description: interaction_required"
"17-08-2026 15:09:42","1118","Error","Microsoft-Windows-AAD","Enterprise STS Logon failure. Status: 0xC0000250 Correlation ID: d717c106-921c-46b0-af2a-0e02aac5302b"
"17-08-2026 15:09:42","1081","Error","Microsoft-Windows-AAD","OAuth response error: interaction_required
Error description: MSIS9699: GlobalAuthenticationPolicy on the Server doesn't allow this OAuth JWT Bearer request. Please contact the administrator to update the GlobalAuthenticationPolicy.
CorrelationID: "
"17-08-2026 15:09:42","1025","Error","Microsoft-Windows-AAD","Http request status: 401. Method: POST Endpoint Uri: https://sts.nielseniq.com/adfs/oauth2/token/ Correlation ID: d717c106-921c-46b0-af2a-0e02aac5302b"
"17-08-2026 15:09:41","1241","Information","Microsoft-Windows-AAD","On-prem tgt error: On-prem configuration is missing"
"17-08-2026 15:09:39","1280","Information","Microsoft-Windows-AAD","PRT session key needs to be rolled.
Reason: VSM key rollover"
"17-08-2026 14:28:25","1241","Information","Microsoft-Windows-AAD","On-prem tgt error: On-prem configuration is missing"
"17-08-2026 14:03:58","1104","Error","Microsoft-Windows-AAD","AAD Cloud AP plugin call Post logon processing returned error: 0xC000006D"
"17-08-2026 14:03:58","1159","Warning","Microsoft-Windows-AAD","AadCloudAPPlugin S4U logon failed. Status: 0xC000006D"
"17-08-2026 14:03:56","1241","Information","Microsoft-Windows-AAD","On-prem tgt error: On-prem configuration is missing"
"17-08-2026 14:03:54","1251","Information","Microsoft-Windows-AAD","DoGetEnterpriseToken Diagnostic Event:
Result: 0xC0000250
User Identity: joe.prakash@nielseniq.com
Credential Type: 2
Correlation ID: d5fc3a00-aac8-4da5-bb2c-a65dc153f114
Endpoint Uri: https://sts.nielseniq.com/adfs/oauth2/token/
HTTP Status: POST
HTTP Method: The operation completed successfully.
ErrorCode: 401
Error Description: interaction_required"
"17-08-2026 14:03:54","1118","Error","Microsoft-Windows-AAD","Enterprise STS Logon failure. Status: 0xC0000250 Correlation ID: d5fc3a00-aac8-4da5-bb2c-a65dc153f114"
"17-08-2026 14:03:54","1081","Error","Microsoft-Windows-AAD","OAuth response error: interaction_required
Error description: MSIS9699: GlobalAuthenticationPolicy on the Server doesn't allow this OAuth JWT Bearer request. Please contact the administrator to update the GlobalAuthenticationPolicy.
CorrelationID: "
"17-08-2026 14:03:54","1025","Error","Microsoft-Windows-AAD","Http request status: 401. Method: POST Endpoint Uri: https://sts.nielseniq.com/adfs/oauth2/token/ Correlation ID: d5fc3a00-aac8-4da5-bb2c-a65dc153f114"
"17-08-2026 14:03:52","1241","Information","Microsoft-Windows-AAD","On-prem tgt error: On-prem configuration is missing"
"17-08-2026 13:37:10","1241","Information","Microsoft-Windows-AAD","On-prem tgt error: On-prem configuration is missing"
"17-08-2026 13:35:54","1241","Information","Microsoft-Windows-AAD","On-prem tgt error: On-prem configuration is missing"
"17-08-2026 13:30:59","1104","Error","Microsoft-Windows-AAD","AAD Cloud AP plugin call Post logon processing returned error: 0xC000006D"
"17-08-2026 13:30:59","1159","Warning","Microsoft-Windows-AAD","AadCloudAPPlugin S4U logon failed. Status: 0xC000006D"
"17-08-2026 13:30:56","1241","Information","Microsoft-Windows-AAD","On-prem tgt error: On-prem configuration is missing"
"17-08-2026 13:30:55","1251","Information","Microsoft-Windows-AAD","DoGetEnterpriseToken Diagnostic Event:
Result: 0xC0000250
User Identity: joe.prakash@nielseniq.com
Credential Type: 2
Correlation ID: 0b46f9f3-e45b-4743-9e87-bfdb8aa0d8ef
Endpoint Uri: https://sts.nielseniq.com/adfs/oauth2/token/
HTTP Status: POST
HTTP Method: The operation completed successfully.
ErrorCode: 401
Error Description: interaction_required"
"17-08-2026 13:30:55","1118","Error","Microsoft-Windows-AAD","Enterprise STS Logon failure. Status: 0xC0000250 Correlation ID: 0b46f9f3-e45b-4743-9e87-bfdb8aa0d8ef"
"17-08-2026 13:30:55","1081","Error","Microsoft-Windows-AAD","OAuth response error: interaction_required
Error description: MSIS9699: GlobalAuthenticationPolicy on the Server doesn't allow this OAuth JWT Bearer request. Please contact the administrator to update the GlobalAuthenticationPolicy.
CorrelationID: "
"17-08-2026 13:30:55","1025","Error","Microsoft-Windows-AAD","Http request status: 401. Method: POST Endpoint Uri: https://sts.nielseniq.com/adfs/oauth2/token/ Correlation ID: 0b46f9f3-e45b-4743-9e87-bfdb8aa0d8ef"
"17-08-2026 13:30:53","1241","Information","Microsoft-Windows-AAD","On-prem tgt error: On-prem configuration is missing"
"17-08-2026 11:50:52","1241","Information","Microsoft-Windows-AAD","On-prem tgt error: On-prem configuration is missing"
"17-08-2026 11:28:40","1104","Error","Microsoft-Windows-AAD","AAD Cloud AP plugin call Post logon processing returned error: 0xC000006D"
"17-08-2026 11:28:40","1159","Warning","Microsoft-Windows-AAD","AadCloudAPPlugin S4U logon failed. Status: 0xC000006D"
"17-08-2026 11:28:37","1241","Information","Microsoft-Windows-AAD","On-prem tgt error: On-prem configuration is missing"
"17-08-2026 11:28:36","1251","Information","Microsoft-Windows-AAD","DoGetEnterpriseToken Diagnostic Event:
Result: 0xC0000250
User Identity: joe.prakash@nielseniq.com
Credential Type: 2
Correlation ID: 6991ea7c-18b9-4af2-936b-255b1f1ce1dd
Endpoint Uri: https://sts.nielseniq.com/adfs/oauth2/token/
HTTP Status: POST
HTTP Method: The operation completed successfully.
ErrorCode: 401
Error Description: interaction_required"
"17-08-2026 11:28:36","1118","Error","Microsoft-Windows-AAD","Enterprise STS Logon failure. Status: 0xC0000250 Correlation ID: 6991ea7c-18b9-4af2-936b-255b1f1ce1dd"
"17-08-2026 11:28:36","1081","Error","Microsoft-Windows-AAD","OAuth response error: interaction_required
Error description: MSIS9699: GlobalAuthenticationPolicy on the Server doesn't allow this OAuth JWT Bearer request. Please contact the administrator to update the GlobalAuthenticationPolicy.
CorrelationID: "
"17-08-2026 11:28:36","1025","Error","Microsoft-Windows-AAD","Http request status: 401. Method: POST Endpoint Uri: https://sts.nielseniq.com/adfs/oauth2/token/ Correlation ID: 6991ea7c-18b9-4af2-936b-255b1f1ce1dd"
"17-08-2026 11:28:35","1241","Information","Microsoft-Windows-AAD","On-prem tgt error: On-prem configuration is missing"
"17-08-2026 10:58:21","1241","Information","Microsoft-Windows-AAD","On-prem tgt error: On-prem configuration is missing"
"17-08-2026 10:10:05","1104","Error","Microsoft-Windows-AAD","AAD Cloud AP plugin call Post logon processing returned error: 0xC000006D"
"17-08-2026 10:10:05","1159","Warning","Microsoft-Windows-AAD","AadCloudAPPlugin S4U logon failed. Status: 0xC000006D"
"17-08-2026 10:10:03","1241","Information","Microsoft-Windows-AAD","On-prem tgt error: On-prem configuration is missing"
"17-08-2026 10:10:02","1251","Information","Microsoft-Windows-AAD","DoGetEnterpriseToken Diagnostic Event:
Result: 0xC0000250
User Identity: joe.prakash@nielseniq.com
Credential Type: 2
Correlation ID: b3f780f5-cae0-4692-9505-3a66bdf3a43c
Endpoint Uri: https://sts.nielseniq.com/adfs/oauth2/token/
HTTP Status: POST
HTTP Method: The operation completed successfully.
ErrorCode: 401
Error Description: interaction_required"
"17-08-2026 10:10:02","1118","Error","Microsoft-Windows-AAD","Enterprise STS Logon failure. Status: 0xC0000250 Correlation ID: b3f780f5-cae0-4692-9505-3a66bdf3a43c"
"17-08-2026 10:10:02","1081","Error","Microsoft-Windows-AAD","OAuth response error: interaction_required
Error description: MSIS9699: GlobalAuthenticationPolicy on the Server doesn't allow this OAuth JWT Bearer request. Please contact the administrator to update the GlobalAuthenticationPolicy.
CorrelationID: "
"17-08-2026 10:10:02","1025","Error","Microsoft-Windows-AAD","Http request status: 401. Method: POST Endpoint Uri: https://sts.nielseniq.com/adfs/oauth2/token/ Correlation ID: b3f780f5-cae0-4692-9505-3a66bdf3a43c"
"17-08-2026 10:09:59","1241","Information","Microsoft-Windows-AAD","On-prem tgt error: On-prem configuration is missing"
"17-08-2026 10:09:59","1241","Information","Microsoft-Windows-AAD","On-prem tgt error: On-prem configuration is missing"
"17-08-2026 10:09:59","1241","Information","Microsoft-Windows-AAD","On-prem tgt error: On-prem configuration is missing"
"17-08-2026 10:01:00","1241","Information","Microsoft-Windows-AAD","On-prem tgt error: On-prem configuration is missing"
"17-08-2026 09:37:01","1104","Error","Microsoft-Windows-AAD","AAD Cloud AP plugin call Post logon processing returned error: 0xC000006D"
"17-08-2026 09:37:01","1159","Warning","Microsoft-Windows-AAD","AadCloudAPPlugin S4U logon failed. Status: 0xC000006D"
"17-08-2026 09:36:58","1241","Information","Microsoft-Windows-AAD","On-prem tgt error: On-prem configuration is missing"
"17-08-2026 09:36:56","1251","Information","Microsoft-Windows-AAD","DoGetEnterpriseToken Diagnostic Event:
Result: 0xC0000250
User Identity: joe.prakash@nielseniq.com
Credential Type: 2
Correlation ID: cc9e9142-bf5f-4fd8-a0ab-ef4ce1bef257
Endpoint Uri: https://sts.nielseniq.com/adfs/oauth2/token/
HTTP Status: POST
HTTP Method: The operation completed successfully.
ErrorCode: 401
Error Description: interaction_required"
"17-08-2026 09:36:56","1118","Error","Microsoft-Windows-AAD","Enterprise STS Logon failure. Status: 0xC0000250 Correlation ID: cc9e9142-bf5f-4fd8-a0ab-ef4ce1bef257"
"17-08-2026 09:36:56","1081","Error","Microsoft-Windows-AAD","OAuth response error: interaction_required
Error description: MSIS9699: GlobalAuthenticationPolicy on the Server doesn't allow this OAuth JWT Bearer request. Please contact the administrator to update the GlobalAuthenticationPolicy.
CorrelationID: "
"17-08-2026 09:36:56","1025","Error","Microsoft-Windows-AAD","Http request status: 401. Method: POST Endpoint Uri: https://sts.nielseniq.com/adfs/oauth2/token/ Correlation ID: cc9e9142-bf5f-4fd8-a0ab-ef4ce1bef257"
"17-08-2026 09:36:55","1241","Information","Microsoft-Windows-AAD","On-prem tgt error: On-prem configuration is missing"
"17-08-2026 09:36:54","1241","Information","Microsoft-Windows-AAD","On-prem tgt error: On-prem configuration is missing"
"17-08-2026 09:36:53","1241","Information","Microsoft-Windows-AAD","On-prem tgt error: On-prem configuration is missing"
"17-08-2026 09:36:50","1241","Information","Microsoft-Windows-AAD","On-prem tgt error: On-prem configuration is missing"
"17-08-2026 09:36:49","1241","Information","Microsoft-Windows-AAD","On-prem tgt error: On-prem configuration is missing"
"17-08-2026 09:36:46","1241","Information","Microsoft-Windows-AAD","On-prem tgt error: On-prem configuration is missing"
"17-08-2026 09:36:44","1098","Error","Microsoft-Windows-AAD","Error: 0xCAA5001C Token broker operation failed.
Operation name: GetTokenSilently, Error: -895025148 (0xcaa70004), Description: The server or proxy was not found.
Logged at WebAccountProcessor.cpp, line: 723, method: AAD::Core::WebAccountProcessor::ReportOperationError."
"17-08-2026 09:36:44","1098","Error","Microsoft-Windows-AAD","Error: 0xCAA5001C Token broker operation failed.
Operation name: GetTokenSilently, Error: -895025148 (0xcaa70004), Description: The server or proxy was not found.
Logged at WebAccountProcessor.cpp, line: 723, method: AAD::Core::WebAccountProcessor::ReportOperationError."
"17-08-2026 09:36:44","1098","Error","Microsoft-Windows-AAD","Error: 0xCAA5001C Token broker operation failed.
Operation name: GetTokenSilently, Error: -895025148 (0xcaa70004), Description: The server or proxy was not found.
Logged at WebAccountProcessor.cpp, line: 723, method: AAD::Core::WebAccountProcessor::ReportOperationError."
"17-08-2026 09:36:44","1098","Error","Microsoft-Windows-AAD","Error: 0xCAA5001C Token broker operation failed.
Operation name: GetTokenSilently, Error: -895025148 (0xcaa70004), Description: The server or proxy was not found.
Logged at WebAccountProcessor.cpp, line: 723, method: AAD::Core::WebAccountProcessor::ReportOperationError."
"17-08-2026 09:36:44","1098","Error","Microsoft-Windows-AAD","Error: 0xCAA5001C Token broker operation failed.
Operation name: GetTokenSilently, Error: -895025148 (0xcaa70004), Description: The server or proxy was not found.
Logged at WebAccountProcessor.cpp, line: 723, method: AAD::Core::WebAccountProcessor::ReportOperationError."
"17-08-2026 09:36:44","1098","Error","Microsoft-Windows-AAD","Error: 0xCAA5001C Token broker operation failed.
Operation name: GetTokenSilently, Error: -895025148 (0xcaa70004), Description: The server or proxy was not found.
Logged at WebAccountProcessor.cpp, line: 723, method: AAD::Core::WebAccountProcessor::ReportOperationError."
"17-08-2026 09:36:43","1098","Error","Microsoft-Windows-AAD","Error: 0xCAA5001C Token broker operation failed.
Operation name: GetTokenSilently, Error: -895025148 (0xcaa70004), Description: The server or proxy was not found.
Logged at WebAccountProcessor.cpp, line: 723, method: AAD::Core::WebAccountProcessor::ReportOperationError."
"17-08-2026 09:36:43","1098","Error","Microsoft-Windows-AAD","Error: 0xCAA5001C Token broker operation failed.
Operation name: GetTokenSilently, Error: -895025148 (0xcaa70004), Description: The server or proxy was not found.
Logged at WebAccountProcessor.cpp, line: 723, method: AAD::Core::WebAccountProcessor::ReportOperationError."
"17-08-2026 09:36:43","1098","Error","Microsoft-Windows-AAD","Error: 0xCAA5001C Token broker operation failed.
Operation name: GetTokenSilently, Error: -895025148 (0xcaa70004), Description: The server or proxy was not found.
Logged at WebAccountProcessor.cpp, line: 723, method: AAD::Core::WebAccountProcessor::ReportOperationError."
"17-08-2026 09:36:43","1098","Error","Microsoft-Windows-AAD","Error: 0xCAA5001C Token broker operation failed.
Operation name: GetTokenSilently, Error: -895025148 (0xcaa70004), Description: The server or proxy was not found.
Logged at WebAccountProcessor.cpp, line: 723, method: AAD::Core::WebAccountProcessor::ReportOperationError."
"17-08-2026 09:36:43","1098","Error","Microsoft-Windows-AAD","Error: 0xCAA5001C Token broker operation failed.
Operation name: GetTokenSilently, Error: -895025148 (0xcaa70004), Description: The server or proxy was not found.
Logged at WebAccountProcessor.cpp, line: 723, method: AAD::Core::WebAccountProcessor::ReportOperationError."
"17-08-2026 09:36:43","1097","Warning","Microsoft-Windows-AAD","Error: 0xCAA90056 Renew token by the primary refresh token failed.
Logged at RefreshTokenRequest.cpp, line: 149, method: RefreshTokenRequest::AcquireToken.

Request: authority: https://login.microsoftonline.com/6ac7a1f4-5fb1-4153-bb4f-12d2020a1f7d, client: 4765445b-32c6-49b0-83e6-1d93765276ca, redirect URI: ms-appx-web://Microsoft.AAD.BrokerPlugin/4765445b-32c6-49b0-83e6-1d93765276ca, resource: , correlation ID (request): 68b814d3-79c8-4871-80f4-3f316f1004db"
"17-08-2026 09:36:43","1098","Error","Microsoft-Windows-AAD","Error: 0xCAA70004 The server or proxy was not found.
Code: authentication_failed
Description: The server or proxy was not found.
TokenEndpoint: https://login.microsoftonline.com/6ac7a1f4-5fb1-4153-bb4f-12d2020a1f7d/oauth2/token
Logged at OAuthTokenRequestBase.cpp, line: 323, method: OAuthTokenRequestBase::SendRequest.

Request: authority: https://login.microsoftonline.com/6ac7a1f4-5fb1-4153-bb4f-12d2020a1f7d, client: 4765445b-32c6-49b0-83e6-1d93765276ca, redirect URI: ms-appx-web://Microsoft.AAD.BrokerPlugin/4765445b-32c6-49b0-83e6-1d93765276ca, resource: , correlation ID (request): 68b814d3-79c8-4871-80f4-3f316f1004db"
"17-08-2026 09:36:43","1098","Error","Microsoft-Windows-AAD","Error: 0xCAA70004 The server or proxy was not found.
Exception of type 'class HttpException' at XMLHTTPWebRequest.cpp, line: 184, method: XMLHTTPWebRequest::ReceiveResponse.

Log: 0xcaa90051 Sending OAuth request failed.
Logged at OAuthTokenRequestBase.cpp, line: 323, method: OAuthTokenRequestBase::SendRequest.

Request: authority: https://login.microsoftonline.com/6ac7a1f4-5fb1-4153-bb4f-12d2020a1f7d, client: 4765445b-32c6-49b0-83e6-1d93765276ca, redirect URI: ms-appx-web://Microsoft.AAD.BrokerPlugin/4765445b-32c6-49b0-83e6-1d93765276ca, resource: , correlation ID (request): 68b814d3-79c8-4871-80f4-3f316f1004db"
"17-08-2026 09:36:43","1097","Warning","Microsoft-Windows-AAD","Error: 0xCAA90056 Renew token by the primary refresh token failed.
Logged at RefreshTokenRequest.cpp, line: 149, method: RefreshTokenRequest::AcquireToken.

Request: authority: https://login.microsoftonline.com/6ac7a1f4-5fb1-4153-bb4f-12d2020a1f7d, client: d3590ed6-52b3-4102-aeff-aad2292ab01c, redirect URI: ms-appx-web://Microsoft.AAD.BrokerPlugin/d3590ed6-52b3-4102-aeff-aad2292ab01c, resource: , correlation ID (request): ffd5aa01-0598-499e-a2ae-1aa9a1a05ebe"
"17-08-2026 09:36:43","1098","Error","Microsoft-Windows-AAD","Error: 0xCAA70004 The server or proxy was not found.
Code: authentication_failed
Description: The server or proxy was not found.
TokenEndpoint: https://login.microsoftonline.com/6ac7a1f4-5fb1-4153-bb4f-12d2020a1f7d/oauth2/token
Logged at OAuthTokenRequestBase.cpp, line: 323, method: OAuthTokenRequestBase::SendRequest.

Request: authority: https://login.microsoftonline.com/6ac7a1f4-5fb1-4153-bb4f-12d2020a1f7d, client: d3590ed6-52b3-4102-aeff-aad2292ab01c, redirect URI: ms-appx-web://Microsoft.AAD.BrokerPlugin/d3590ed6-52b3-4102-aeff-aad2292ab01c, resource: , correlation ID (request): ffd5aa01-0598-499e-a2ae-1aa9a1a05ebe"
"17-08-2026 09:36:43","1098","Error","Microsoft-Windows-AAD","Error: 0xCAA70004 The server or proxy was not found.
Exception of type 'class HttpException' at XMLHTTPWebRequest.cpp, line: 184, method: XMLHTTPWebRequest::ReceiveResponse.

Log: 0xcaa90051 Sending OAuth request failed.
Logged at OAuthTokenRequestBase.cpp, line: 323, method: OAuthTokenRequestBase::SendRequest.

Request: authority: https://login.microsoftonline.com/6ac7a1f4-5fb1-4153-bb4f-12d2020a1f7d, client: d3590ed6-52b3-4102-aeff-aad2292ab01c, redirect URI: ms-appx-web://Microsoft.AAD.BrokerPlugin/d3590ed6-52b3-4102-aeff-aad2292ab01c, resource: , correlation ID (request): ffd5aa01-0598-499e-a2ae-1aa9a1a05ebe"
"17-08-2026 09:36:43","1097","Warning","Microsoft-Windows-AAD","Error: 0xCAA90056 Renew token by the primary refresh token failed.
Logged at RefreshTokenRequest.cpp, line: 149, method: RefreshTokenRequest::AcquireToken.

Request: authority: https://login.microsoftonline.com/6ac7a1f4-5fb1-4153-bb4f-12d2020a1f7d, client: ab9b8c07-8f02-4f72-87fa-80105867a763, redirect URI: ms-appx-web://Microsoft.AAD.BrokerPlugin/ab9b8c07-8f02-4f72-87fa-80105867a763, resource: , correlation ID (request): c0c2330a-8010-448f-9bea-af89c7b83c5f"
"17-08-2026 09:36:43","1098","Error","Microsoft-Windows-AAD","Error: 0xCAA70004 The server or proxy was not found.
Code: authentication_failed
Description: The server or proxy was not found.
TokenEndpoint: https://login.microsoftonline.com/6ac7a1f4-5fb1-4153-bb4f-12d2020a1f7d/oauth2/token
Logged at OAuthTokenRequestBase.cpp, line: 323, method: OAuthTokenRequestBase::SendRequest.

Request: authority: https://login.microsoftonline.com/6ac7a1f4-5fb1-4153-bb4f-12d2020a1f7d, client: ab9b8c07-8f02-4f72-87fa-80105867a763, redirect URI: ms-appx-web://Microsoft.AAD.BrokerPlugin/ab9b8c07-8f02-4f72-87fa-80105867a763, resource: , correlation ID (request): c0c2330a-8010-448f-9bea-af89c7b83c5f"
"17-08-2026 09:36:43","1098","Error","Microsoft-Windows-AAD","Error: 0xCAA70004 The server or proxy was not found.
Exception of type 'class HttpException' at XMLHTTPWebRequest.cpp, line: 184, method: XMLHTTPWebRequest::ReceiveResponse.

Log: 0xcaa90051 Sending OAuth request failed.
Logged at OAuthTokenRequestBase.cpp, line: 323, method: OAuthTokenRequestBase::SendRequest.

Request: authority: https://login.microsoftonline.com/6ac7a1f4-5fb1-4153-bb4f-12d2020a1f7d, client: ab9b8c07-8f02-4f72-87fa-80105867a763, redirect URI: ms-appx-web://Microsoft.AAD.BrokerPlugin/ab9b8c07-8f02-4f72-87fa-80105867a763, resource: , correlation ID (request): c0c2330a-8010-448f-9bea-af89c7b83c5f"
"17-08-2026 09:36:43","1097","Warning","Microsoft-Windows-AAD","Error: 0xCAA90056 Renew token by the primary refresh token failed.
Logged at RefreshTokenRequest.cpp, line: 149, method: RefreshTokenRequest::AcquireToken.

Request: authority: https://login.microsoftonline.com/6ac7a1f4-5fb1-4153-bb4f-12d2020a1f7d, client: d3590ed6-52b3-4102-aeff-aad2292ab01c, redirect URI: ms-appx-web://Microsoft.AAD.BrokerPlugin/d3590ed6-52b3-4102-aeff-aad2292ab01c, resource: , correlation ID (request): ff87c7ec-c776-45ea-a31b-51c8233d5dff"
"17-08-2026 09:36:43","1098","Error","Microsoft-Windows-AAD","Error: 0xCAA70004 The server or proxy was not found.
Code: authentication_failed
Description: The server or proxy was not found.
TokenEndpoint: https://login.microsoftonline.com/6ac7a1f4-5fb1-4153-bb4f-12d2020a1f7d/oauth2/token
Logged at OAuthTokenRequestBase.cpp, line: 323, method: OAuthTokenRequestBase::SendRequest.

Request: authority: https://login.microsoftonline.com/6ac7a1f4-5fb1-4153-bb4f-12d2020a1f7d, client: d3590ed6-52b3-4102-aeff-aad2292ab01c, redirect URI: ms-appx-web://Microsoft.AAD.BrokerPlugin/d3590ed6-52b3-4102-aeff-aad2292ab01c, resource: , correlation ID (request): ff87c7ec-c776-45ea-a31b-51c8233d5dff"
"17-08-2026 09:36:43","1098","Error","Microsoft-Windows-AAD","Error: 0xCAA70004 The server or proxy was not found.
Exception of type 'class HttpException' at XMLHTTPWebRequest.cpp, line: 184, method: XMLHTTPWebRequest::ReceiveResponse.

Log: 0xcaa90051 Sending OAuth request failed.
Logged at OAuthTokenRequestBase.cpp, line: 323, method: OAuthTokenRequestBase::SendRequest.

Request: authority: https://login.microsoftonline.com/6ac7a1f4-5fb1-4153-bb4f-12d2020a1f7d, client: d3590ed6-52b3-4102-aeff-aad2292ab01c, redirect URI: ms-appx-web://Microsoft.AAD.BrokerPlugin/d3590ed6-52b3-4102-aeff-aad2292ab01c, resource: , correlation ID (request): ff87c7ec-c776-45ea-a31b-51c8233d5dff"
"17-08-2026 09:36:43","1097","Warning","Microsoft-Windows-AAD","Error: 0xCAA90056 Renew token by the primary refresh token failed.
Logged at RefreshTokenRequest.cpp, line: 149, method: RefreshTokenRequest::AcquireToken.

Request: authority: https://login.microsoftonline.com/6ac7a1f4-5fb1-4153-bb4f-12d2020a1f7d, client: 0ec893e0-5785-4de6-99da-4ed124e5296c, redirect URI: ms-appx-web://Microsoft.AAD.BrokerPlugin/0ec893e0-5785-4de6-99da-4ed124e5296c, resource: , correlation ID (request): 01a00de6-5a7b-73e6-9bda-132f1b1f2bd4"
"17-08-2026 09:36:43","1098","Error","Microsoft-Windows-AAD","Error: 0xCAA70004 The server or proxy was not found.
Code: authentication_failed
Description: The server or proxy was not found.
TokenEndpoint: https://login.microsoftonline.com/6ac7a1f4-5fb1-4153-bb4f-12d2020a1f7d/oauth2/token
Logged at OAuthTokenRequestBase.cpp, line: 323, method: OAuthTokenRequestBase::SendRequest.

Request: authority: https://login.microsoftonline.com/6ac7a1f4-5fb1-4153-bb4f-12d2020a1f7d, client: 0ec893e0-5785-4de6-99da-4ed124e5296c, redirect URI: ms-appx-web://Microsoft.AAD.BrokerPlugin/0ec893e0-5785-4de6-99da-4ed124e5296c, resource: , correlation ID (request): 01a00de6-5a7b-73e6-9bda-132f1b1f2bd4"
"17-08-2026 09:36:43","1098","Error","Microsoft-Windows-AAD","Error: 0xCAA70004 The server or proxy was not found.
Exception of type 'class HttpException' at XMLHTTPWebRequest.cpp, line: 184, method: XMLHTTPWebRequest::ReceiveResponse.

Log: 0xcaa90051 Sending OAuth request failed.
Logged at OAuthTokenRequestBase.cpp, line: 323, method: OAuthTokenRequestBase::SendRequest.

Request: authority: https://login.microsoftonline.com/6ac7a1f4-5fb1-4153-bb4f-12d2020a1f7d, client: 0ec893e0-5785-4de6-99da-4ed124e5296c, redirect URI: ms-appx-web://Microsoft.AAD.BrokerPlugin/0ec893e0-5785-4de6-99da-4ed124e5296c, resource: , correlation ID (request): 01a00de6-5a7b-73e6-9bda-132f1b1f2bd4"
"17-08-2026 09:36:43","1097","Warning","Microsoft-Windows-AAD","Error: 0xCAA90056 Renew token by the primary refresh token failed.
Logged at RefreshTokenRequest.cpp, line: 149, method: RefreshTokenRequest::AcquireToken.

Request: authority: https://login.microsoftonline.com/6ac7a1f4-5fb1-4153-bb4f-12d2020a1f7d, client: d3590ed6-52b3-4102-aeff-aad2292ab01c, redirect URI: ms-appx-web://Microsoft.AAD.BrokerPlugin/d3590ed6-52b3-4102-aeff-aad2292ab01c, resource: , correlation ID (request): f8ae212e-c255-453d-ab6d-1acdc7bde389"
"17-08-2026 09:36:43","1098","Error","Microsoft-Windows-AAD","Error: 0xCAA70004 The server or proxy was not found.
Code: authentication_failed
Description: The server or proxy was not found.
TokenEndpoint: https://login.microsoftonline.com/6ac7a1f4-5fb1-4153-bb4f-12d2020a1f7d/oauth2/token
Logged at OAuthTokenRequestBase.cpp, line: 323, method: OAuthTokenRequestBase::SendRequest.

Request: authority: https://login.microsoftonline.com/6ac7a1f4-5fb1-4153-bb4f-12d2020a1f7d, client: d3590ed6-52b3-4102-aeff-aad2292ab01c, redirect URI: ms-appx-web://Microsoft.AAD.BrokerPlugin/d3590ed6-52b3-4102-aeff-aad2292ab01c, resource: , correlation ID (request): f8ae212e-c255-453d-ab6d-1acdc7bde389"
"17-08-2026 09:36:43","1098","Error","Microsoft-Windows-AAD","Error: 0xCAA70004 The server or proxy was not found.
Exception of type 'class HttpException' at XMLHTTPWebRequest.cpp, line: 184, method: XMLHTTPWebRequest::ReceiveResponse.

Log: 0xcaa90051 Sending OAuth request failed.
Logged at OAuthTokenRequestBase.cpp, line: 323, method: OAuthTokenRequestBase::SendRequest.

Request: authority: https://login.microsoftonline.com/6ac7a1f4-5fb1-4153-bb4f-12d2020a1f7d, client: d3590ed6-52b3-4102-aeff-aad2292ab01c, redirect URI: ms-appx-web://Microsoft.AAD.BrokerPlugin/d3590ed6-52b3-4102-aeff-aad2292ab01c, resource: , correlation ID (request): f8ae212e-c255-453d-ab6d-1acdc7bde389"
"17-08-2026 09:36:43","1097","Warning","Microsoft-Windows-AAD","Error: 0xCAA90056 Renew token by the primary refresh token failed.
Logged at RefreshTokenRequest.cpp, line: 149, method: RefreshTokenRequest::AcquireToken.

Request: authority: https://login.microsoftonline.com/6ac7a1f4-5fb1-4153-bb4f-12d2020a1f7d, client: d3590ed6-52b3-4102-aeff-aad2292ab01c, redirect URI: ms-appx-web://Microsoft.AAD.BrokerPlugin/d3590ed6-52b3-4102-aeff-aad2292ab01c, resource: , correlation ID (request): da340141-ebe3-49f7-90f6-5d30c0b1b55f"
"17-08-2026 09:36:43","1098","Error","Microsoft-Windows-AAD","Error: 0xCAA70004 The server or proxy was not found.
Code: authentication_failed
Description: The server or proxy was not found.
TokenEndpoint: https://login.microsoftonline.com/6ac7a1f4-5fb1-4153-bb4f-12d2020a1f7d/oauth2/token
Logged at OAuthTokenRequestBase.cpp, line: 323, method: OAuthTokenRequestBase::SendRequest.

Request: authority: https://login.microsoftonline.com/6ac7a1f4-5fb1-4153-bb4f-12d2020a1f7d, client: d3590ed6-52b3-4102-aeff-aad2292ab01c, redirect URI: ms-appx-web://Microsoft.AAD.BrokerPlugin/d3590ed6-52b3-4102-aeff-aad2292ab01c, resource: , correlation ID (request): da340141-ebe3-49f7-90f6-5d30c0b1b55f"
"17-08-2026 09:36:43","1098","Error","Microsoft-Windows-AAD","Error: 0xCAA70004 The server or proxy was not found.
Exception of type 'class HttpException' at XMLHTTPWebRequest.cpp, line: 184, method: XMLHTTPWebRequest::ReceiveResponse.

Log: 0xcaa90051 Sending OAuth request failed.
Logged at OAuthTokenRequestBase.cpp, line: 323, method: OAuthTokenRequestBase::SendRequest.

Request: authority: https://login.microsoftonline.com/6ac7a1f4-5fb1-4153-bb4f-12d2020a1f7d, client: d3590ed6-52b3-4102-aeff-aad2292ab01c, redirect URI: ms-appx-web://Microsoft.AAD.BrokerPlugin/d3590ed6-52b3-4102-aeff-aad2292ab01c, resource: , correlation ID (request): da340141-ebe3-49f7-90f6-5d30c0b1b55f"
"17-08-2026 09:36:43","1097","Warning","Microsoft-Windows-AAD","Error: 0xCAA90056 Renew token by the primary refresh token failed.
Logged at RefreshTokenRequest.cpp, line: 149, method: RefreshTokenRequest::AcquireToken.

Request: authority: https://login.microsoftonline.com/6ac7a1f4-5fb1-4153-bb4f-12d2020a1f7d, client: 0ec893e0-5785-4de6-99da-4ed124e5296c, redirect URI: ms-appx-web://Microsoft.AAD.BrokerPlugin/0ec893e0-5785-4de6-99da-4ed124e5296c, resource: , correlation ID (request): 01a00de6-5a8d-7073-be92-12c010651c6b"
"17-08-2026 09:36:43","1098","Error","Microsoft-Windows-AAD","Error: 0xCAA70004 The server or proxy was not found.
Code: authentication_failed
Description: The server or proxy was not found.
TokenEndpoint: https://login.microsoftonline.com/6ac7a1f4-5fb1-4153-bb4f-12d2020a1f7d/oauth2/token
Logged at OAuthTokenRequestBase.cpp, line: 323, method: OAuthTokenRequestBase::SendRequest.

Request: authority: https://login.microsoftonline.com/6ac7a1f4-5fb1-4153-bb4f-12d2020a1f7d, client: 0ec893e0-5785-4de6-99da-4ed124e5296c, redirect URI: ms-appx-web://Microsoft.AAD.BrokerPlugin/0ec893e0-5785-4de6-99da-4ed124e5296c, resource: , correlation ID (request): 01a00de6-5a8d-7073-be92-12c010651c6b"
"17-08-2026 09:36:43","1098","Error","Microsoft-Windows-AAD","Error: 0xCAA70004 The server or proxy was not found.
Exception of type 'class HttpException' at XMLHTTPWebRequest.cpp, line: 184, method: XMLHTTPWebRequest::ReceiveResponse.

Log: 0xcaa90051 Sending OAuth request failed.
Logged at OAuthTokenRequestBase.cpp, line: 323, method: OAuthTokenRequestBase::SendRequest.

Request: authority: https://login.microsoftonline.com/6ac7a1f4-5fb1-4153-bb4f-12d2020a1f7d, client: 0ec893e0-5785-4de6-99da-4ed124e5296c, redirect URI: ms-appx-web://Microsoft.AAD.BrokerPlugin/0ec893e0-5785-4de6-99da-4ed124e5296c, resource: , correlation ID (request): 01a00de6-5a8d-7073-be92-12c010651c6b"
"17-08-2026 09:36:43","1097","Warning","Microsoft-Windows-AAD","Error: 0xCAA90056 Renew token by the primary refresh token failed.
Logged at RefreshTokenRequest.cpp, line: 149, method: RefreshTokenRequest::AcquireToken.

Request: authority: https://login.microsoftonline.com/6ac7a1f4-5fb1-4153-bb4f-12d2020a1f7d, client: ab9b8c07-8f02-4f72-87fa-80105867a763, redirect URI: ms-appx-web://Microsoft.AAD.BrokerPlugin/ab9b8c07-8f02-4f72-87fa-80105867a763, resource: , correlation ID (request): 8b9758d3-b356-41b9-953e-83fbb0f00ee1"
"17-08-2026 09:36:43","1098","Error","Microsoft-Windows-AAD","Error: 0xCAA70004 The server or proxy was not found.
Code: authentication_failed
Description: The server or proxy was not found.
TokenEndpoint: https://login.microsoftonline.com/6ac7a1f4-5fb1-4153-bb4f-12d2020a1f7d/oauth2/token
Logged at OAuthTokenRequestBase.cpp, line: 323, method: OAuthTokenRequestBase::SendRequest.

Request: authority: https://login.microsoftonline.com/6ac7a1f4-5fb1-4153-bb4f-12d2020a1f7d, client: ab9b8c07-8f02-4f72-87fa-80105867a763, redirect URI: ms-appx-web://Microsoft.AAD.BrokerPlugin/ab9b8c07-8f02-4f72-87fa-80105867a763, resource: , correlation ID (request): 8b9758d3-b356-41b9-953e-83fbb0f00ee1"
"17-08-2026 09:36:43","1098","Error","Microsoft-Windows-AAD","Error: 0xCAA70004 The server or proxy was not found.
Exception of type 'class HttpException' at XMLHTTPWebRequest.cpp, line: 184, method: XMLHTTPWebRequest::ReceiveResponse.

Log: 0xcaa90051 Sending OAuth request failed.
Logged at OAuthTokenRequestBase.cpp, line: 323, method: OAuthTokenRequestBase::SendRequest.

Request: authority: https://login.microsoftonline.com/6ac7a1f4-5fb1-4153-bb4f-12d2020a1f7d, client: ab9b8c07-8f02-4f72-87fa-80105867a763, redirect URI: ms-appx-web://Microsoft.AAD.BrokerPlugin/ab9b8c07-8f02-4f72-87fa-80105867a763, resource: , correlation ID (request): 8b9758d3-b356-41b9-953e-83fbb0f00ee1"
"17-08-2026 09:36:43","1104","Error","Microsoft-Windows-AAD","AAD Cloud AP plugin call GenericCallPkg returned error: 0xC000023C"
"17-08-2026 09:36:43","1084","Error","Microsoft-Windows-AAD","Http transport error. Status: Unknown HResult Error code: 0x80072efd Correlation ID: {25BC92A7-0285-46B3-92EC-F1CB968C62BF}"
"17-08-2026 09:36:43","1097","Warning","Microsoft-Windows-AAD","Error: 0xCAA90056 Renew token by the primary refresh token failed.
Logged at RefreshTokenRequest.cpp, line: 149, method: RefreshTokenRequest::AcquireToken.

Request: authority: https://login.microsoftonline.com/6ac7a1f4-5fb1-4153-bb4f-12d2020a1f7d, client: d3590ed6-52b3-4102-aeff-aad2292ab01c, redirect URI: ms-appx-web://Microsoft.AAD.BrokerPlugin/d3590ed6-52b3-4102-aeff-aad2292ab01c, resource: , correlation ID (request): 9e063850-d928-4477-826b-1ff15a624ae5"
"17-08-2026 09:36:43","1098","Error","Microsoft-Windows-AAD","Error: 0xCAA70004 The server or proxy was not found.
Code: authentication_failed
Description: The server or proxy was not found.
TokenEndpoint: https://login.microsoftonline.com/6ac7a1f4-5fb1-4153-bb4f-12d2020a1f7d/oauth2/token
Logged at OAuthTokenRequestBase.cpp, line: 323, method: OAuthTokenRequestBase::SendRequest.

Request: authority: https://login.microsoftonline.com/6ac7a1f4-5fb1-4153-bb4f-12d2020a1f7d, client: d3590ed6-52b3-4102-aeff-aad2292ab01c, redirect URI: ms-appx-web://Microsoft.AAD.BrokerPlugin/d3590ed6-52b3-4102-aeff-aad2292ab01c, resource: , correlation ID (request): 9e063850-d928-4477-826b-1ff15a624ae5"
"17-08-2026 09:36:43","1098","Error","Microsoft-Windows-AAD","Error: 0xCAA70004 The server or proxy was not found.
Exception of type 'class HttpException' at XMLHTTPWebRequest.cpp, line: 184, method: XMLHTTPWebRequest::ReceiveResponse.

Log: 0xcaa90051 Sending OAuth request failed.
Logged at OAuthTokenRequestBase.cpp, line: 323, method: OAuthTokenRequestBase::SendRequest.

Request: authority: https://login.microsoftonline.com/6ac7a1f4-5fb1-4153-bb4f-12d2020a1f7d, client: d3590ed6-52b3-4102-aeff-aad2292ab01c, redirect URI: ms-appx-web://Microsoft.AAD.BrokerPlugin/d3590ed6-52b3-4102-aeff-aad2292ab01c, resource: , correlation ID (request): 9e063850-d928-4477-826b-1ff15a624ae5"
"17-08-2026 09:36:43","1097","Warning","Microsoft-Windows-AAD","Error: 0xCAA90056 Renew token by the primary refresh token failed.
Logged at RefreshTokenRequest.cpp, line: 149, method: RefreshTokenRequest::AcquireToken.

Request: authority: https://login.microsoftonline.com/6ac7a1f4-5fb1-4153-bb4f-12d2020a1f7d, client: 0ec893e0-5785-4de6-99da-4ed124e5296c, redirect URI: ms-appx-web://Microsoft.AAD.BrokerPlugin/0ec893e0-5785-4de6-99da-4ed124e5296c, resource: , correlation ID (request): 01a00de6-5a79-7b39-9720-dfcd7c2a4d28"
"17-08-2026 09:36:43","1098","Error","Microsoft-Windows-AAD","Error: 0xCAA70004 The server or proxy was not found.
Code: authentication_failed
Description: The server or proxy was not found.
TokenEndpoint: https://login.microsoftonline.com/6ac7a1f4-5fb1-4153-bb4f-12d2020a1f7d/oauth2/token
Logged at OAuthTokenRequestBase.cpp, line: 323, method: OAuthTokenRequestBase::SendRequest.

Request: authority: https://login.microsoftonline.com/6ac7a1f4-5fb1-4153-bb4f-12d2020a1f7d, client: 0ec893e0-5785-4de6-99da-4ed124e5296c, redirect URI: ms-appx-web://Microsoft.AAD.BrokerPlugin/0ec893e0-5785-4de6-99da-4ed124e5296c, resource: , correlation ID (request): 01a00de6-5a79-7b39-9720-dfcd7c2a4d28"
"17-08-2026 09:36:43","1098","Error","Microsoft-Windows-AAD","Error: 0xCAA70004 The server or proxy was not found.
Exception of type 'class HttpException' at XMLHTTPWebRequest.cpp, line: 184, method: XMLHTTPWebRequest::ReceiveResponse.

Log: 0xcaa90051 Sending OAuth request failed.
Logged at OAuthTokenRequestBase.cpp, line: 323, method: OAuthTokenRequestBase::SendRequest.

Request: authority: https://login.microsoftonline.com/6ac7a1f4-5fb1-4153-bb4f-12d2020a1f7d, client: 0ec893e0-5785-4de6-99da-4ed124e5296c, redirect URI: ms-appx-web://Microsoft.AAD.BrokerPlugin/0ec893e0-5785-4de6-99da-4ed124e5296c, resource: , correlation ID (request): 01a00de6-5a79-7b39-9720-dfcd7c2a4d28"
"17-08-2026 09:36:41","1098","Error","Microsoft-Windows-AAD","Error: 0x80073DBE State Manager failed to delete the container.
Log: 0xcaa50116 Error while accessing throttling data.
Logged at WamPluginThrottler.cpp, line: 290, method: WamPluginThrottler::CleanupThrottlingDataIfNeeded."
"17-08-2026 09:36:41","1098","Error","Microsoft-Windows-AAD","Error: 0x80073DBE State Manager failed to delete the container.
Log: 0xcaa50116 Error while accessing throttling data.
Logged at WamPluginThrottler.cpp, line: 290, method: WamPluginThrottler::CleanupThrottlingDataIfNeeded."
"17-08-2026 09:36:41","1104","Error","Microsoft-Windows-AAD","AAD Cloud AP plugin call GenericCallPkg returned error: 0xC000023C"
"17-08-2026 09:36:41","1084","Error","Microsoft-Windows-AAD","Http transport error. Status: Unknown HResult Error code: 0x80072ee7 Correlation ID: {2F103727-D12A-44E0-A244-D6166E1FE5AF}"
"17-08-2026 09:36:41","1104","Error","Microsoft-Windows-AAD","AAD Cloud AP plugin call GenericCallPkg returned error: 0xC000023C"
"17-08-2026 09:36:41","1084","Error","Microsoft-Windows-AAD","Http transport error. Status: Unknown HResult Error code: 0x80072ee7 Correlation ID: {987BFE7D-464D-4FD7-A1AF-3794958B9784}"
"17-08-2026 09:36:39","1104","Error","Microsoft-Windows-AAD","AAD Cloud AP plugin call GenericCallPkg returned error: 0xC000023C"
"17-08-2026 09:36:39","1084","Error","Microsoft-Windows-AAD","Http transport error. Status: Unknown HResult Error code: 0x80072ee7 Correlation ID: {0533A62A-8F88-4A1E-AE4F-ABB60A93ED59}"
"17-08-2026 09:36:39","1104","Error","Microsoft-Windows-AAD","AAD Cloud AP plugin call GenericCallPkg returned error: 0xC000023C"
"17-08-2026 09:36:39","1084","Error","Microsoft-Windows-AAD","Http transport error. Status: Unknown HResult Error code: 0x80072ee7 Correlation ID: {D86F5D29-E12E-4095-BD59-1AE0F1496B02}"
"17-08-2026 09:36:36","1104","Error","Microsoft-Windows-AAD","AAD Cloud AP plugin call GenericCallPkg returned error: 0xC000023C"
"17-08-2026 09:36:36","1084","Error","Microsoft-Windows-AAD","Http transport error. Status: Unknown HResult Error code: 0x80072ee7 Correlation ID: {7E4C5A17-5800-4195-A2AD-9FA629CC6FBA}"
"15-08-2026 05:11:38","1241","Information","Microsoft-Windows-AAD","On-prem tgt error: On-prem configuration is missing"
"15-08-2026 05:11:37","1241","Information","Microsoft-Windows-AAD","On-prem tgt error: On-prem configuration is missing"
"15-08-2026 05:11:37","1241","Information","Microsoft-Windows-AAD","On-prem tgt error: On-prem configuration is missing"
"15-08-2026 05:11:35","1241","Information","Microsoft-Windows-AAD","On-prem tgt error: On-prem configuration is missing"
"15-08-2026 05:11:32","1098","Error","Microsoft-Windows-AAD","Error: 0xCAA5001C Token broker operation failed.
Operation name: GetTokenSilently, Error: -895025148 (0xcaa70004), Description: The server or proxy was not found.
Logged at WebAccountProcessor.cpp, line: 723, method: AAD::Core::WebAccountProcessor::ReportOperationError."
"15-08-2026 05:11:32","1098","Error","Microsoft-Windows-AAD","Error: 0xCAA5001C Token broker operation failed.
Operation name: GetTokenSilently, Error: -895025148 (0xcaa70004), Description: The server or proxy was not found.
Logged at WebAccountProcessor.cpp, line: 723, method: AAD::Core::WebAccountProcessor::ReportOperationError."
"15-08-2026 05:11:32","1098","Error","Microsoft-Windows-AAD","Error: 0xCAA5001C Token broker operation failed.
Operation name: GetTokenSilently, Error: -895025148 (0xcaa70004), Description: The server or proxy was not found.
Logged at WebAccountProcessor.cpp, line: 723, method: AAD::Core::WebAccountProcessor::ReportOperationError."
"15-08-2026 05:11:32","1098","Error","Microsoft-Windows-AAD","Error: 0xCAA5001C Token broker operation failed.
Operation name: GetTokenSilently, Error: -895025148 (0xcaa70004), Description: The server or proxy was not found.
Logged at WebAccountProcessor.cpp, line: 723, method: AAD::Core::WebAccountProcessor::ReportOperationError."
"15-08-2026 05:11:32","1097","Warning","Microsoft-Windows-AAD","Error: 0xCAA90056 Renew token by the primary refresh token failed.
Logged at RefreshTokenRequest.cpp, line: 149, method: RefreshTokenRequest::AcquireToken.

Request: authority: https://login.microsoftonline.com/6ac7a1f4-5fb1-4153-bb4f-12d2020a1f7d, client: d3590ed6-52b3-4102-aeff-aad2292ab01c, redirect URI: ms-appx-web://Microsoft.AAD.BrokerPlugin/d3590ed6-52b3-4102-aeff-aad2292ab01c, resource: , correlation ID (request): 5a9605b7-08b3-4a27-9c48-5067967d757c"
"15-08-2026 05:11:32","1098","Error","Microsoft-Windows-AAD","Error: 0xCAA70004 The server or proxy was not found.
Code: authentication_failed
Description: The server or proxy was not found.
TokenEndpoint: https://login.microsoftonline.com/6ac7a1f4-5fb1-4153-bb4f-12d2020a1f7d/oauth2/token
Logged at OAuthTokenRequestBase.cpp, line: 323, method: OAuthTokenRequestBase::SendRequest.

Request: authority: https://login.microsoftonline.com/6ac7a1f4-5fb1-4153-bb4f-12d2020a1f7d, client: d3590ed6-52b3-4102-aeff-aad2292ab01c, redirect URI: ms-appx-web://Microsoft.AAD.BrokerPlugin/d3590ed6-52b3-4102-aeff-aad2292ab01c, resource: , correlation ID (request): 5a9605b7-08b3-4a27-9c48-5067967d757c"
"15-08-2026 05:11:32","1098","Error","Microsoft-Windows-AAD","Error: 0xCAA70004 The server or proxy was not found.
Exception of type 'class HttpException' at XMLHTTPWebRequest.cpp, line: 184, method: XMLHTTPWebRequest::ReceiveResponse.

Log: 0xcaa90051 Sending OAuth request failed.
Logged at OAuthTokenRequestBase.cpp, line: 323, method: OAuthTokenRequestBase::SendRequest.

Request: authority: https://login.microsoftonline.com/6ac7a1f4-5fb1-4153-bb4f-12d2020a1f7d, client: d3590ed6-52b3-4102-aeff-aad2292ab01c, redirect URI: ms-appx-web://Microsoft.AAD.BrokerPlugin/d3590ed6-52b3-4102-aeff-aad2292ab01c, resource: , correlation ID (request): 5a9605b7-08b3-4a27-9c48-5067967d757c"
"15-08-2026 05:11:32","1097","Warning","Microsoft-Windows-AAD","Error: 0xCAA90056 Renew token by the primary refresh token failed.
Logged at RefreshTokenRequest.cpp, line: 149, method: RefreshTokenRequest::AcquireToken.

Request: authority: https://login.microsoftonline.com/6ac7a1f4-5fb1-4153-bb4f-12d2020a1f7d, client: d3590ed6-52b3-4102-aeff-aad2292ab01c, redirect URI: ms-appx-web://Microsoft.AAD.BrokerPlugin/d3590ed6-52b3-4102-aeff-aad2292ab01c, resource: , correlation ID (request): 283a08cc-e56c-41ad-9cbf-e84a097a4e0e"
"15-08-2026 05:11:32","1098","Error","Microsoft-Windows-AAD","Error: 0xCAA70004 The server or proxy was not found.
Code: authentication_failed
Description: The server or proxy was not found.
TokenEndpoint: https://login.microsoftonline.com/6ac7a1f4-5fb1-4153-bb4f-12d2020a1f7d/oauth2/token
Logged at OAuthTokenRequestBase.cpp, line: 323, method: OAuthTokenRequestBase::SendRequest.

Request: authority: https://login.microsoftonline.com/6ac7a1f4-5fb1-4153-bb4f-12d2020a1f7d, client: d3590ed6-52b3-4102-aeff-aad2292ab01c, redirect URI: ms-appx-web://Microsoft.AAD.BrokerPlugin/d3590ed6-52b3-4102-aeff-aad2292ab01c, resource: , correlation ID (request): 283a08cc-e56c-41ad-9cbf-e84a097a4e0e"
"15-08-2026 05:11:32","1098","Error","Microsoft-Windows-AAD","Error: 0xCAA70004 The server or proxy was not found.
Exception of type 'class HttpException' at XMLHTTPWebRequest.cpp, line: 184, method: XMLHTTPWebRequest::ReceiveResponse.

Log: 0xcaa90051 Sending OAuth request failed.
Logged at OAuthTokenRequestBase.cpp, line: 323, method: OAuthTokenRequestBase::SendRequest.

Request: authority: https://login.microsoftonline.com/6ac7a1f4-5fb1-4153-bb4f-12d2020a1f7d, client: d3590ed6-52b3-4102-aeff-aad2292ab01c, redirect URI: ms-appx-web://Microsoft.AAD.BrokerPlugin/d3590ed6-52b3-4102-aeff-aad2292ab01c, resource: , correlation ID (request): 283a08cc-e56c-41ad-9cbf-e84a097a4e0e"
"15-08-2026 05:11:32","1097","Warning","Microsoft-Windows-AAD","Error: 0xCAA90056 Renew token by the primary refresh token failed.
Logged at RefreshTokenRequest.cpp, line: 149, method: RefreshTokenRequest::AcquireToken.

Request: authority: https://login.microsoftonline.com/6ac7a1f4-5fb1-4153-bb4f-12d2020a1f7d, client: ab9b8c07-8f02-4f72-87fa-80105867a763, redirect URI: ms-appx-web://Microsoft.AAD.BrokerPlugin/ab9b8c07-8f02-4f72-87fa-80105867a763, resource: , correlation ID (request): 92c7c92f-65b0-4659-bb1c-d3338b162432"
"15-08-2026 05:11:32","1098","Error","Microsoft-Windows-AAD","Error: 0xCAA70004 The server or proxy was not found.
Code: authentication_failed
Description: The server or proxy was not found.
TokenEndpoint: https://login.microsoftonline.com/6ac7a1f4-5fb1-4153-bb4f-12d2020a1f7d/oauth2/token
Logged at OAuthTokenRequestBase.cpp, line: 323, method: OAuthTokenRequestBase::SendRequest.

Request: authority: https://login.microsoftonline.com/6ac7a1f4-5fb1-4153-bb4f-12d2020a1f7d, client: ab9b8c07-8f02-4f72-87fa-80105867a763, redirect URI: ms-appx-web://Microsoft.AAD.BrokerPlugin/ab9b8c07-8f02-4f72-87fa-80105867a763, resource: , correlation ID (request): 92c7c92f-65b0-4659-bb1c-d3338b162432"
"15-08-2026 05:11:32","1098","Error","Microsoft-Windows-AAD","Error: 0xCAA70004 The server or proxy was not found.
Exception of type 'class HttpException' at XMLHTTPWebRequest.cpp, line: 184, method: XMLHTTPWebRequest::ReceiveResponse.

Log: 0xcaa90051 Sending OAuth request failed.
Logged at OAuthTokenRequestBase.cpp, line: 323, method: OAuthTokenRequestBase::SendRequest.

Request: authority: https://login.microsoftonline.com/6ac7a1f4-5fb1-4153-bb4f-12d2020a1f7d, client: ab9b8c07-8f02-4f72-87fa-80105867a763, redirect URI: ms-appx-web://Microsoft.AAD.BrokerPlugin/ab9b8c07-8f02-4f72-87fa-80105867a763, resource: , correlation ID (request): 92c7c92f-65b0-4659-bb1c-d3338b162432"
"15-08-2026 05:11:32","1097","Warning","Microsoft-Windows-AAD","Error: 0xCAA90056 Renew token by the primary refresh token failed.
Logged at RefreshTokenRequest.cpp, line: 149, method: RefreshTokenRequest::AcquireToken.

Request: authority: https://login.microsoftonline.com/6ac7a1f4-5fb1-4153-bb4f-12d2020a1f7d, client: d3590ed6-52b3-4102-aeff-aad2292ab01c, redirect URI: ms-appx-web://Microsoft.AAD.BrokerPlugin/d3590ed6-52b3-4102-aeff-aad2292ab01c, resource: , correlation ID (request): 7aef62fe-9752-417b-ae1d-245b544c3e58"
"15-08-2026 05:11:32","1098","Error","Microsoft-Windows-AAD","Error: 0xCAA70004 The server or proxy was not found.
Code: authentication_failed
Description: The server or proxy was not found.
TokenEndpoint: https://login.microsoftonline.com/6ac7a1f4-5fb1-4153-bb4f-12d2020a1f7d/oauth2/token
Logged at OAuthTokenRequestBase.cpp, line: 323, method: OAuthTokenRequestBase::SendRequest.

Request: authority: https://login.microsoftonline.com/6ac7a1f4-5fb1-4153-bb4f-12d2020a1f7d, client: d3590ed6-52b3-4102-aeff-aad2292ab01c, redirect URI: ms-appx-web://Microsoft.AAD.BrokerPlugin/d3590ed6-52b3-4102-aeff-aad2292ab01c, resource: , correlation ID (request): 7aef62fe-9752-417b-ae1d-245b544c3e58"
"15-08-2026 05:11:32","1098","Error","Microsoft-Windows-AAD","Error: 0xCAA70004 The server or proxy was not found.
Exception of type 'class HttpException' at XMLHTTPWebRequest.cpp, line: 184, method: XMLHTTPWebRequest::ReceiveResponse.

Log: 0xcaa90051 Sending OAuth request failed.
Logged at OAuthTokenRequestBase.cpp, line: 323, method: OAuthTokenRequestBase::SendRequest.

Request: authority: https://login.microsoftonline.com/6ac7a1f4-5fb1-4153-bb4f-12d2020a1f7d, client: d3590ed6-52b3-4102-aeff-aad2292ab01c, redirect URI: ms-appx-web://Microsoft.AAD.BrokerPlugin/d3590ed6-52b3-4102-aeff-aad2292ab01c, resource: , correlation ID (request): 7aef62fe-9752-417b-ae1d-245b544c3e58"
"15-08-2026 05:11:32","1098","Error","Microsoft-Windows-AAD","Error: 0xCAA5001C Token broker operation failed.
Operation name: GetTokenSilently, Error: -895025148 (0xcaa70004), Description: The server or proxy was not found.
Logged at WebAccountProcessor.cpp, line: 723, method: AAD::Core::WebAccountProcessor::ReportOperationError."
"15-08-2026 05:11:32","1097","Warning","Microsoft-Windows-AAD","Error: 0xCAA90056 Renew token by the primary refresh token failed.
Logged at RefreshTokenRequest.cpp, line: 149, method: RefreshTokenRequest::AcquireToken.

Request: authority: https://login.microsoftonline.com/6ac7a1f4-5fb1-4153-bb4f-12d2020a1f7d, client: d3590ed6-52b3-4102-aeff-aad2292ab01c, redirect URI: ms-appx-web://Microsoft.AAD.BrokerPlugin/d3590ed6-52b3-4102-aeff-aad2292ab01c, resource: , correlation ID (request): e3f63699-086c-47ff-bb11-c20f7893e44a"
"15-08-2026 05:11:32","1098","Error","Microsoft-Windows-AAD","Error: 0xCAA70004 The server or proxy was not found.
Code: authentication_failed
Description: The server or proxy was not found.
TokenEndpoint: https://login.microsoftonline.com/6ac7a1f4-5fb1-4153-bb4f-12d2020a1f7d/oauth2/token
Logged at OAuthTokenRequestBase.cpp, line: 323, method: OAuthTokenRequestBase::SendRequest.

Request: authority: https://login.microsoftonline.com/6ac7a1f4-5fb1-4153-bb4f-12d2020a1f7d, client: d3590ed6-52b3-4102-aeff-aad2292ab01c, redirect URI: ms-appx-web://Microsoft.AAD.BrokerPlugin/d3590ed6-52b3-4102-aeff-aad2292ab01c, resource: , correlation ID (request): e3f63699-086c-47ff-bb11-c20f7893e44a"
"15-08-2026 05:11:32","1098","Error","Microsoft-Windows-AAD","Error: 0xCAA70004 The server or proxy was not found.
Exception of type 'class HttpException' at XMLHTTPWebRequest.cpp, line: 184, method: XMLHTTPWebRequest::ReceiveResponse.

Log: 0xcaa90051 Sending OAuth request failed.
Logged at OAuthTokenRequestBase.cpp, line: 323, method: OAuthTokenRequestBase::SendRequest.

Request: authority: https://login.microsoftonline.com/6ac7a1f4-5fb1-4153-bb4f-12d2020a1f7d, client: d3590ed6-52b3-4102-aeff-aad2292ab01c, redirect URI: ms-appx-web://Microsoft.AAD.BrokerPlugin/d3590ed6-52b3-4102-aeff-aad2292ab01c, resource: , correlation ID (request): e3f63699-086c-47ff-bb11-c20f7893e44a"
"15-08-2026 05:11:32","1098","Error","Microsoft-Windows-AAD","Error: 0xCAA5001C Token broker operation failed.
Operation name: GetTokenSilently, Error: -895025148 (0xcaa70004), Description: The server or proxy was not found.
Logged at WebAccountProcessor.cpp, line: 723, method: AAD::Core::WebAccountProcessor::ReportOperationError."
"15-08-2026 05:11:32","1097","Warning","Microsoft-Windows-AAD","Error: 0xCAA90056 Renew token by the primary refresh token failed.
Logged at RefreshTokenRequest.cpp, line: 149, method: RefreshTokenRequest::AcquireToken.

Request: authority: https://login.microsoftonline.com/6ac7a1f4-5fb1-4153-bb4f-12d2020a1f7d, client: ab9b8c07-8f02-4f72-87fa-80105867a763, redirect URI: ms-appx-web://Microsoft.AAD.BrokerPlugin/ab9b8c07-8f02-4f72-87fa-80105867a763, resource: , correlation ID (request): 621e6817-d299-4f83-bad6-030f1a4b66dd"
"15-08-2026 05:11:32","1098","Error","Microsoft-Windows-AAD","Error: 0xCAA70004 The server or proxy was not found.
Code: authentication_failed
Description: The server or proxy was not found.
TokenEndpoint: https://login.microsoftonline.com/6ac7a1f4-5fb1-4153-bb4f-12d2020a1f7d/oauth2/token
Logged at OAuthTokenRequestBase.cpp, line: 323, method: OAuthTokenRequestBase::SendRequest.

Request: authority: https://login.microsoftonline.com/6ac7a1f4-5fb1-4153-bb4f-12d2020a1f7d, client: ab9b8c07-8f02-4f72-87fa-80105867a763, redirect URI: ms-appx-web://Microsoft.AAD.BrokerPlugin/ab9b8c07-8f02-4f72-87fa-80105867a763, resource: , correlation ID (request): 621e6817-d299-4f83-bad6-030f1a4b66dd"
"15-08-2026 05:11:32","1098","Error","Microsoft-Windows-AAD","Error: 0xCAA70004 The server or proxy was not found.
Exception of type 'class HttpException' at XMLHTTPWebRequest.cpp, line: 184, method: XMLHTTPWebRequest::ReceiveResponse.

Log: 0xcaa90051 Sending OAuth request failed.
Logged at OAuthTokenRequestBase.cpp, line: 323, method: OAuthTokenRequestBase::SendRequest.

Request: authority: https://login.microsoftonline.com/6ac7a1f4-5fb1-4153-bb4f-12d2020a1f7d, client: ab9b8c07-8f02-4f72-87fa-80105867a763, redirect URI: ms-appx-web://Microsoft.AAD.BrokerPlugin/ab9b8c07-8f02-4f72-87fa-80105867a763, resource: , correlation ID (request): 621e6817-d299-4f83-bad6-030f1a4b66dd"
"15-08-2026 05:11:32","1098","Error","Microsoft-Windows-AAD","Error: 0xCAA5001C Token broker operation failed.
Operation name: GetTokenSilently, Error: -895025148 (0xcaa70004), Description: The server or proxy was not found.
Logged at WebAccountProcessor.cpp, line: 723, method: AAD::Core::WebAccountProcessor::ReportOperationError."
"15-08-2026 05:11:32","1097","Warning","Microsoft-Windows-AAD","Error: 0xCAA90056 Renew token by the primary refresh token failed.
Logged at RefreshTokenRequest.cpp, line: 149, method: RefreshTokenRequest::AcquireToken.

Request: authority: https://login.microsoftonline.com/6ac7a1f4-5fb1-4153-bb4f-12d2020a1f7d, client: d3590ed6-52b3-4102-aeff-aad2292ab01c, redirect URI: ms-appx-web://Microsoft.AAD.BrokerPlugin/d3590ed6-52b3-4102-aeff-aad2292ab01c, resource: , correlation ID (request): 03765ae2-72f6-4740-8543-4ee3cd243a78"
"15-08-2026 05:11:32","1098","Error","Microsoft-Windows-AAD","Error: 0xCAA70004 The server or proxy was not found.
Code: authentication_failed
Description: The server or proxy was not found.
TokenEndpoint: https://login.microsoftonline.com/6ac7a1f4-5fb1-4153-bb4f-12d2020a1f7d/oauth2/token
Logged at OAuthTokenRequestBase.cpp, line: 323, method: OAuthTokenRequestBase::SendRequest.

Request: authority: https://login.microsoftonline.com/6ac7a1f4-5fb1-4153-bb4f-12d2020a1f7d, client: d3590ed6-52b3-4102-aeff-aad2292ab01c, redirect URI: ms-appx-web://Microsoft.AAD.BrokerPlugin/d3590ed6-52b3-4102-aeff-aad2292ab01c, resource: , correlation ID (request): 03765ae2-72f6-4740-8543-4ee3cd243a78"
"15-08-2026 05:11:32","1098","Error","Microsoft-Windows-AAD","Error: 0xCAA70004 The server or proxy was not found.
Exception of type 'class HttpException' at XMLHTTPWebRequest.cpp, line: 184, method: XMLHTTPWebRequest::ReceiveResponse.

Log: 0xcaa90051 Sending OAuth request failed.
Logged at OAuthTokenRequestBase.cpp, line: 323, method: OAuthTokenRequestBase::SendRequest.

Request: authority: https://login.microsoftonline.com/6ac7a1f4-5fb1-4153-bb4f-12d2020a1f7d, client: d3590ed6-52b3-4102-aeff-aad2292ab01c, redirect URI: ms-appx-web://Microsoft.AAD.BrokerPlugin/d3590ed6-52b3-4102-aeff-aad2292ab01c, resource: , correlation ID (request): 03765ae2-72f6-4740-8543-4ee3cd243a78"
"15-08-2026 05:11:32","1098","Error","Microsoft-Windows-AAD","Error: 0xCAA5001C Token broker operation failed.
Operation name: GetTokenSilently, Error: -895025148 (0xcaa70004), Description: The server or proxy was not found.
Logged at WebAccountProcessor.cpp, line: 723, method: AAD::Core::WebAccountProcessor::ReportOperationError."
"15-08-2026 05:11:32","1097","Warning","Microsoft-Windows-AAD","Error: 0xCAA90056 Renew token by the primary refresh token failed.
Logged at RefreshTokenRequest.cpp, line: 149, method: RefreshTokenRequest::AcquireToken.

Request: authority: https://login.microsoftonline.com/6ac7a1f4-5fb1-4153-bb4f-12d2020a1f7d, client: d3590ed6-52b3-4102-aeff-aad2292ab01c, redirect URI: ms-appx-web://Microsoft.AAD.BrokerPlugin/d3590ed6-52b3-4102-aeff-aad2292ab01c, resource: , correlation ID (request): 2531baab-9943-4670-9dfe-50be9657d3e5"
"15-08-2026 05:11:32","1098","Error","Microsoft-Windows-AAD","Error: 0xCAA70004 The server or proxy was not found.
Code: authentication_failed
Description: The server or proxy was not found.
TokenEndpoint: https://login.microsoftonline.com/6ac7a1f4-5fb1-4153-bb4f-12d2020a1f7d/oauth2/token
Logged at OAuthTokenRequestBase.cpp, line: 323, method: OAuthTokenRequestBase::SendRequest.

Request: authority: https://login.microsoftonline.com/6ac7a1f4-5fb1-4153-bb4f-12d2020a1f7d, client: d3590ed6-52b3-4102-aeff-aad2292ab01c, redirect URI: ms-appx-web://Microsoft.AAD.BrokerPlugin/d3590ed6-52b3-4102-aeff-aad2292ab01c, resource: , correlation ID (request): 2531baab-9943-4670-9dfe-50be9657d3e5"
"15-08-2026 05:11:32","1098","Error","Microsoft-Windows-AAD","Error: 0xCAA70004 The server or proxy was not found.
Exception of type 'class HttpException' at XMLHTTPWebRequest.cpp, line: 184, method: XMLHTTPWebRequest::ReceiveResponse.

Log: 0xcaa90051 Sending OAuth request failed.
Logged at OAuthTokenRequestBase.cpp, line: 323, method: OAuthTokenRequestBase::SendRequest.

Request: authority: https://login.microsoftonline.com/6ac7a1f4-5fb1-4153-bb4f-12d2020a1f7d, client: d3590ed6-52b3-4102-aeff-aad2292ab01c, redirect URI: ms-appx-web://Microsoft.AAD.BrokerPlugin/d3590ed6-52b3-4102-aeff-aad2292ab01c, resource: , correlation ID (request): 2531baab-9943-4670-9dfe-50be9657d3e5"
"15-08-2026 05:11:32","1098","Error","Microsoft-Windows-AAD","Error: 0xCAA5001C Token broker operation failed.
Operation name: GetTokenSilently, Error: -895025148 (0xcaa70004), Description: The server or proxy was not found.
Logged at WebAccountProcessor.cpp, line: 723, method: AAD::Core::WebAccountProcessor::ReportOperationError."
"15-08-2026 05:11:32","1097","Warning","Microsoft-Windows-AAD","Error: 0xCAA90056 Renew token by the primary refresh token failed.
Logged at RefreshTokenRequest.cpp, line: 149, method: RefreshTokenRequest::AcquireToken.

Request: authority: https://login.microsoftonline.com/6ac7a1f4-5fb1-4153-bb4f-12d2020a1f7d, client: d3590ed6-52b3-4102-aeff-aad2292ab01c, redirect URI: ms-appx-web://Microsoft.AAD.BrokerPlugin/d3590ed6-52b3-4102-aeff-aad2292ab01c, resource: , correlation ID (request): 2ae779ad-63ba-4ef6-98b0-61f7f5b67d07"
"15-08-2026 05:11:32","1098","Error","Microsoft-Windows-AAD","Error: 0xCAA70004 The server or proxy was not found.
Code: authentication_failed
Description: The server or proxy was not found.
TokenEndpoint: https://login.microsoftonline.com/6ac7a1f4-5fb1-4153-bb4f-12d2020a1f7d/oauth2/token
Logged at OAuthTokenRequestBase.cpp, line: 323, method: OAuthTokenRequestBase::SendRequest.

Request: authority: https://login.microsoftonline.com/6ac7a1f4-5fb1-4153-bb4f-12d2020a1f7d, client: d3590ed6-52b3-4102-aeff-aad2292ab01c, redirect URI: ms-appx-web://Microsoft.AAD.BrokerPlugin/d3590ed6-52b3-4102-aeff-aad2292ab01c, resource: , correlation ID (request): 2ae779ad-63ba-4ef6-98b0-61f7f5b67d07"
"15-08-2026 05:11:32","1098","Error","Microsoft-Windows-AAD","Error: 0xCAA70004 The server or proxy was not found.
Exception of type 'class HttpException' at XMLHTTPWebRequest.cpp, line: 184, method: XMLHTTPWebRequest::ReceiveResponse.

Log: 0xcaa90051 Sending OAuth request failed.
Logged at OAuthTokenRequestBase.cpp, line: 323, method: OAuthTokenRequestBase::SendRequest.

Request: authority: https://login.microsoftonline.com/6ac7a1f4-5fb1-4153-bb4f-12d2020a1f7d, client: d3590ed6-52b3-4102-aeff-aad2292ab01c, redirect URI: ms-appx-web://Microsoft.AAD.BrokerPlugin/d3590ed6-52b3-4102-aeff-aad2292ab01c, resource: , correlation ID (request): 2ae779ad-63ba-4ef6-98b0-61f7f5b67d07"
"15-08-2026 05:11:32","1098","Error","Microsoft-Windows-AAD","Error: 0xCAA5001C Token broker operation failed.
Operation name: GetTokenSilently, Error: -895025148 (0xcaa70004), Description: The server or proxy was not found.
Logged at WebAccountProcessor.cpp, line: 723, method: AAD::Core::WebAccountProcessor::ReportOperationError."
"15-08-2026 05:11:32","1097","Warning","Microsoft-Windows-AAD","Error: 0xCAA90056 Renew token by the primary refresh token failed.
Logged at RefreshTokenRequest.cpp, line: 149, method: RefreshTokenRequest::AcquireToken.

Request: authority: https://login.microsoftonline.com/6ac7a1f4-5fb1-4153-bb4f-12d2020a1f7d, client: d3590ed6-52b3-4102-aeff-aad2292ab01c, redirect URI: ms-appx-web://Microsoft.AAD.BrokerPlugin/d3590ed6-52b3-4102-aeff-aad2292ab01c, resource: , correlation ID (request): 15fecb5a-39a6-4d51-af54-7a32b16ab71a"
"15-08-2026 05:11:32","1098","Error","Microsoft-Windows-AAD","Error: 0xCAA70004 The server or proxy was not found.
Code: authentication_failed
Description: The server or proxy was not found.
TokenEndpoint: https://login.microsoftonline.com/6ac7a1f4-5fb1-4153-bb4f-12d2020a1f7d/oauth2/token
Logged at OAuthTokenRequestBase.cpp, line: 323, method: OAuthTokenRequestBase::SendRequest.

Request: authority: https://login.microsoftonline.com/6ac7a1f4-5fb1-4153-bb4f-12d2020a1f7d, client: d3590ed6-52b3-4102-aeff-aad2292ab01c, redirect URI: ms-appx-web://Microsoft.AAD.BrokerPlugin/d3590ed6-52b3-4102-aeff-aad2292ab01c, resource: , correlation ID (request): 15fecb5a-39a6-4d51-af54-7a32b16ab71a"
"15-08-2026 05:11:32","1098","Error","Microsoft-Windows-AAD","Error: 0xCAA70004 The server or proxy was not found.
Exception of type 'class HttpException' at XMLHTTPWebRequest.cpp, line: 184, method: XMLHTTPWebRequest::ReceiveResponse.

Log: 0xcaa90051 Sending OAuth request failed.
Logged at OAuthTokenRequestBase.cpp, line: 323, method: OAuthTokenRequestBase::SendRequest.

Request: authority: https://login.microsoftonline.com/6ac7a1f4-5fb1-4153-bb4f-12d2020a1f7d, client: d3590ed6-52b3-4102-aeff-aad2292ab01c, redirect URI: ms-appx-web://Microsoft.AAD.BrokerPlugin/d3590ed6-52b3-4102-aeff-aad2292ab01c, resource: , correlation ID (request): 15fecb5a-39a6-4d51-af54-7a32b16ab71a"
"15-08-2026 05:11:31","1098","Error","Microsoft-Windows-AAD","Error: 0xCAA5001C Token broker operation failed.
Operation name: GetTokenSilently, Error: -895025148 (0xcaa70004), Description: The server or proxy was not found.
Logged at WebAccountProcessor.cpp, line: 723, method: AAD::Core::WebAccountProcessor::ReportOperationError."
"15-08-2026 05:11:31","1097","Warning","Microsoft-Windows-AAD","Error: 0xCAA90056 Renew token by the primary refresh token failed.
Logged at RefreshTokenRequest.cpp, line: 149, method: RefreshTokenRequest::AcquireToken.

Request: authority: https://login.microsoftonline.com/6ac7a1f4-5fb1-4153-bb4f-12d2020a1f7d, client: ab9b8c07-8f02-4f72-87fa-80105867a763, redirect URI: ms-appx-web://Microsoft.AAD.BrokerPlugin/ab9b8c07-8f02-4f72-87fa-80105867a763, resource: , correlation ID (request): fadb90ba-7f59-4b70-b758-ee21cfddcfef"
"15-08-2026 05:11:31","1098","Error","Microsoft-Windows-AAD","Error: 0xCAA70004 The server or proxy was not found.
Code: authentication_failed
Description: The server or proxy was not found.
TokenEndpoint: https://login.microsoftonline.com/6ac7a1f4-5fb1-4153-bb4f-12d2020a1f7d/oauth2/token
Logged at OAuthTokenRequestBase.cpp, line: 323, method: OAuthTokenRequestBase::SendRequest.

Request: authority: https://login.microsoftonline.com/6ac7a1f4-5fb1-4153-bb4f-12d2020a1f7d, client: ab9b8c07-8f02-4f72-87fa-80105867a763, redirect URI: ms-appx-web://Microsoft.AAD.BrokerPlugin/ab9b8c07-8f02-4f72-87fa-80105867a763, resource: , correlation ID (request): fadb90ba-7f59-4b70-b758-ee21cfddcfef"
"15-08-2026 05:11:31","1098","Error","Microsoft-Windows-AAD","Error: 0xCAA70004 The server or proxy was not found.
Exception of type 'class HttpException' at XMLHTTPWebRequest.cpp, line: 184, method: XMLHTTPWebRequest::ReceiveResponse.

Log: 0xcaa90051 Sending OAuth request failed.
Logged at OAuthTokenRequestBase.cpp, line: 323, method: OAuthTokenRequestBase::SendRequest.

Request: authority: https://login.microsoftonline.com/6ac7a1f4-5fb1-4153-bb4f-12d2020a1f7d, client: ab9b8c07-8f02-4f72-87fa-80105867a763, redirect URI: ms-appx-web://Microsoft.AAD.BrokerPlugin/ab9b8c07-8f02-4f72-87fa-80105867a763, resource: , correlation ID (request): fadb90ba-7f59-4b70-b758-ee21cfddcfef"
"15-08-2026 05:11:31","1098","Error","Microsoft-Windows-AAD","Error: 0xCAA5001C Token broker operation failed.
Operation name: GetTokenSilently, Error: -895025148 (0xcaa70004), Description: The server or proxy was not found.
Logged at WebAccountProcessor.cpp, line: 723, method: AAD::Core::WebAccountProcessor::ReportOperationError."
"15-08-2026 05:11:31","1097","Warning","Microsoft-Windows-AAD","Error: 0xCAA90056 Renew token by the primary refresh token failed.
Logged at RefreshTokenRequest.cpp, line: 149, method: RefreshTokenRequest::AcquireToken.

Request: authority: https://login.microsoftonline.com/6ac7a1f4-5fb1-4153-bb4f-12d2020a1f7d, client: d3590ed6-52b3-4102-aeff-aad2292ab01c, redirect URI: ms-appx-web://Microsoft.AAD.BrokerPlugin/d3590ed6-52b3-4102-aeff-aad2292ab01c, resource: , correlation ID (request): 19fd18db-1a98-4eb7-9bea-553df44e2f9d"
"15-08-2026 05:11:31","1098","Error","Microsoft-Windows-AAD","Error: 0xCAA70004 The server or proxy was not found.
Code: authentication_failed
Description: The server or proxy was not found.
TokenEndpoint: https://login.microsoftonline.com/6ac7a1f4-5fb1-4153-bb4f-12d2020a1f7d/oauth2/token
Logged at OAuthTokenRequestBase.cpp, line: 323, method: OAuthTokenRequestBase::SendRequest.

Request: authority: https://login.microsoftonline.com/6ac7a1f4-5fb1-4153-bb4f-12d2020a1f7d, client: d3590ed6-52b3-4102-aeff-aad2292ab01c, redirect URI: ms-appx-web://Microsoft.AAD.BrokerPlugin/d3590ed6-52b3-4102-aeff-aad2292ab01c, resource: , correlation ID (request): 19fd18db-1a98-4eb7-9bea-553df44e2f9d"
"15-08-2026 05:11:31","1098","Error","Microsoft-Windows-AAD","Error: 0xCAA70004 The server or proxy was not found.
Exception of type 'class HttpException' at XMLHTTPWebRequest.cpp, line: 184, method: XMLHTTPWebRequest::ReceiveResponse.

Log: 0xcaa90051 Sending OAuth request failed.
Logged at OAuthTokenRequestBase.cpp, line: 323, method: OAuthTokenRequestBase::SendRequest.

Request: authority: https://login.microsoftonline.com/6ac7a1f4-5fb1-4153-bb4f-12d2020a1f7d, client: d3590ed6-52b3-4102-aeff-aad2292ab01c, redirect URI: ms-appx-web://Microsoft.AAD.BrokerPlugin/d3590ed6-52b3-4102-aeff-aad2292ab01c, resource: , correlation ID (request): 19fd18db-1a98-4eb7-9bea-553df44e2f9d"
"15-08-2026 05:11:31","1098","Error","Microsoft-Windows-AAD","Error: 0xCAA5001C Token broker operation failed.
Operation name: GetTokenSilently, Error: -895025148 (0xcaa70004), Description: The server or proxy was not found.
Logged at WebAccountProcessor.cpp, line: 723, method: AAD::Core::WebAccountProcessor::ReportOperationError."
"15-08-2026 05:11:31","1097","Warning","Microsoft-Windows-AAD","Error: 0xCAA90056 Renew token by the primary refresh token failed.
Logged at RefreshTokenRequest.cpp, line: 149, method: RefreshTokenRequest::AcquireToken.

Request: authority: https://login.microsoftonline.com/6ac7a1f4-5fb1-4153-bb4f-12d2020a1f7d, client: d3590ed6-52b3-4102-aeff-aad2292ab01c, redirect URI: ms-appx-web://Microsoft.AAD.BrokerPlugin/d3590ed6-52b3-4102-aeff-aad2292ab01c, resource: , correlation ID (request): c0f9798d-5c3d-4c62-a822-653775610414"
"15-08-2026 05:11:31","1098","Error","Microsoft-Windows-AAD","Error: 0xCAA70004 The server or proxy was not found.
Code: authentication_failed
Description: The server or proxy was not found.
TokenEndpoint: https://login.microsoftonline.com/6ac7a1f4-5fb1-4153-bb4f-12d2020a1f7d/oauth2/token
Logged at OAuthTokenRequestBase.cpp, line: 323, method: OAuthTokenRequestBase::SendRequest.

Request: authority: https://login.microsoftonline.com/6ac7a1f4-5fb1-4153-bb4f-12d2020a1f7d, client: d3590ed6-52b3-4102-aeff-aad2292ab01c, redirect URI: ms-appx-web://Microsoft.AAD.BrokerPlugin/d3590ed6-52b3-4102-aeff-aad2292ab01c, resource: , correlation ID (request): c0f9798d-5c3d-4c62-a822-653775610414"
"15-08-2026 05:11:31","1098","Error","Microsoft-Windows-AAD","Error: 0xCAA70004 The server or proxy was not found.
Exception of type 'class HttpException' at XMLHTTPWebRequest.cpp, line: 184, method: XMLHTTPWebRequest::ReceiveResponse.

Log: 0xcaa90051 Sending OAuth request failed.
Logged at OAuthTokenRequestBase.cpp, line: 323, method: OAuthTokenRequestBase::SendRequest.

Request: authority: https://login.microsoftonline.com/6ac7a1f4-5fb1-4153-bb4f-12d2020a1f7d, client: d3590ed6-52b3-4102-aeff-aad2292ab01c, redirect URI: ms-appx-web://Microsoft.AAD.BrokerPlugin/d3590ed6-52b3-4102-aeff-aad2292ab01c, resource: , correlation ID (request): c0f9798d-5c3d-4c62-a822-653775610414"
"15-08-2026 05:11:31","1098","Error","Microsoft-Windows-AAD","Error: 0xCAA5001C Token broker operation failed.
Operation name: GetTokenSilently, Error: -895025148 (0xcaa70004), Description: The server or proxy was not found.
Logged at WebAccountProcessor.cpp, line: 723, method: AAD::Core::WebAccountProcessor::ReportOperationError."
"15-08-2026 05:11:31","1097","Warning","Microsoft-Windows-AAD","Error: 0xCAA90056 Renew token by the primary refresh token failed.
Logged at RefreshTokenRequest.cpp, line: 149, method: RefreshTokenRequest::AcquireToken.

Request: authority: https://login.microsoftonline.com/6ac7a1f4-5fb1-4153-bb4f-12d2020a1f7d, client: d3590ed6-52b3-4102-aeff-aad2292ab01c, redirect URI: ms-appx-web://Microsoft.AAD.BrokerPlugin/d3590ed6-52b3-4102-aeff-aad2292ab01c, resource: , correlation ID (request): 39519918-7b13-45cc-8cfc-32806c1a025f"
"15-08-2026 05:11:31","1098","Error","Microsoft-Windows-AAD","Error: 0xCAA70004 The server or proxy was not found.
Code: authentication_failed
Description: The server or proxy was not found.
TokenEndpoint: https://login.microsoftonline.com/6ac7a1f4-5fb1-4153-bb4f-12d2020a1f7d/oauth2/token
Logged at OAuthTokenRequestBase.cpp, line: 323, method: OAuthTokenRequestBase::SendRequest.

Request: authority: https://login.microsoftonline.com/6ac7a1f4-5fb1-4153-bb4f-12d2020a1f7d, client: d3590ed6-52b3-4102-aeff-aad2292ab01c, redirect URI: ms-appx-web://Microsoft.AAD.BrokerPlugin/d3590ed6-52b3-4102-aeff-aad2292ab01c, resource: , correlation ID (request): 39519918-7b13-45cc-8cfc-32806c1a025f"
"15-08-2026 05:11:31","1098","Error","Microsoft-Windows-AAD","Error: 0xCAA70004 The server or proxy was not found.
Exception of type 'class HttpException' at XMLHTTPWebRequest.cpp, line: 184, method: XMLHTTPWebRequest::ReceiveResponse.

Log: 0xcaa90051 Sending OAuth request failed.
Logged at OAuthTokenRequestBase.cpp, line: 323, method: OAuthTokenRequestBase::SendRequest.

Request: authority: https://login.microsoftonline.com/6ac7a1f4-5fb1-4153-bb4f-12d2020a1f7d, client: d3590ed6-52b3-4102-aeff-aad2292ab01c, redirect URI: ms-appx-web://Microsoft.AAD.BrokerPlugin/d3590ed6-52b3-4102-aeff-aad2292ab01c, resource: , correlation ID (request): 39519918-7b13-45cc-8cfc-32806c1a025f"
"15-08-2026 05:11:31","1098","Error","Microsoft-Windows-AAD","Error: 0xCAA5001C Token broker operation failed.
Operation name: GetTokenSilently, Error: -895025148 (0xcaa70004), Description: The server or proxy was not found.
Logged at WebAccountProcessor.cpp, line: 723, method: AAD::Core::WebAccountProcessor::ReportOperationError."
"15-08-2026 05:11:31","1097","Warning","Microsoft-Windows-AAD","Error: 0xCAA90056 Renew token by the primary refresh token failed.
Logged at RefreshTokenRequest.cpp, line: 149, method: RefreshTokenRequest::AcquireToken.

Request: authority: https://login.microsoftonline.com/6ac7a1f4-5fb1-4153-bb4f-12d2020a1f7d, client: ab9b8c07-8f02-4f72-87fa-80105867a763, redirect URI: ms-appx-web://Microsoft.AAD.BrokerPlugin/ab9b8c07-8f02-4f72-87fa-80105867a763, resource: , correlation ID (request): b47782ed-c64b-4789-87e5-6e24925e504c"
"15-08-2026 05:11:31","1098","Error","Microsoft-Windows-AAD","Error: 0xCAA70004 The server or proxy was not found.
Code: authentication_failed
Description: The server or proxy was not found.
TokenEndpoint: https://login.microsoftonline.com/6ac7a1f4-5fb1-4153-bb4f-12d2020a1f7d/oauth2/token
Logged at OAuthTokenRequestBase.cpp, line: 323, method: OAuthTokenRequestBase::SendRequest.

Request: authority: https://login.microsoftonline.com/6ac7a1f4-5fb1-4153-bb4f-12d2020a1f7d, client: ab9b8c07-8f02-4f72-87fa-80105867a763, redirect URI: ms-appx-web://Microsoft.AAD.BrokerPlugin/ab9b8c07-8f02-4f72-87fa-80105867a763, resource: , correlation ID (request): b47782ed-c64b-4789-87e5-6e24925e504c"
"15-08-2026 05:11:31","1098","Error","Microsoft-Windows-AAD","Error: 0xCAA70004 The server or proxy was not found.
Exception of type 'class HttpException' at XMLHTTPWebRequest.cpp, line: 184, method: XMLHTTPWebRequest::ReceiveResponse.

Log: 0xcaa90051 Sending OAuth request failed.
Logged at OAuthTokenRequestBase.cpp, line: 323, method: OAuthTokenRequestBase::SendRequest.

Request: authority: https://login.microsoftonline.com/6ac7a1f4-5fb1-4153-bb4f-12d2020a1f7d, client: ab9b8c07-8f02-4f72-87fa-80105867a763, redirect URI: ms-appx-web://Microsoft.AAD.BrokerPlugin/ab9b8c07-8f02-4f72-87fa-80105867a763, resource: , correlation ID (request): b47782ed-c64b-4789-87e5-6e24925e504c"
"15-08-2026 05:11:31","1098","Error","Microsoft-Windows-AAD","Error: 0xCAA5001C Token broker operation failed.
Operation name: GetTokenSilently, Error: -895025148 (0xcaa70004), Description: The server or proxy was not found.
Logged at WebAccountProcessor.cpp, line: 723, method: AAD::Core::WebAccountProcessor::ReportOperationError."
"15-08-2026 05:11:31","1097","Warning","Microsoft-Windows-AAD","Error: 0xCAA90056 Renew token by the primary refresh token failed.
Logged at RefreshTokenRequest.cpp, line: 149, method: RefreshTokenRequest::AcquireToken.

Request: authority: https://login.microsoftonline.com/6ac7a1f4-5fb1-4153-bb4f-12d2020a1f7d, client: d3590ed6-52b3-4102-aeff-aad2292ab01c, redirect URI: ms-appx-web://Microsoft.AAD.BrokerPlugin/d3590ed6-52b3-4102-aeff-aad2292ab01c, resource: , correlation ID (request): 15fecb5a-39a6-4d51-af54-7a32b16ab71a"
"15-08-2026 05:11:31","1098","Error","Microsoft-Windows-AAD","Error: 0xCAA70004 The server or proxy was not found.
Code: authentication_failed
Description: The server or proxy was not found.
TokenEndpoint: https://login.microsoftonline.com/6ac7a1f4-5fb1-4153-bb4f-12d2020a1f7d/oauth2/token
Logged at OAuthTokenRequestBase.cpp, line: 323, method: OAuthTokenRequestBase::SendRequest.

Request: authority: https://login.microsoftonline.com/6ac7a1f4-5fb1-4153-bb4f-12d2020a1f7d, client: d3590ed6-52b3-4102-aeff-aad2292ab01c, redirect URI: ms-appx-web://Microsoft.AAD.BrokerPlugin/d3590ed6-52b3-4102-aeff-aad2292ab01c, resource: , correlation ID (request): 15fecb5a-39a6-4d51-af54-7a32b16ab71a"
"15-08-2026 05:11:31","1098","Error","Microsoft-Windows-AAD","Error: 0xCAA70004 The server or proxy was not found.
Exception of type 'class HttpException' at XMLHTTPWebRequest.cpp, line: 184, method: XMLHTTPWebRequest::ReceiveResponse.

Log: 0xcaa90051 Sending OAuth request failed.
Logged at OAuthTokenRequestBase.cpp, line: 323, method: OAuthTokenRequestBase::SendRequest.

Request: authority: https://login.microsoftonline.com/6ac7a1f4-5fb1-4153-bb4f-12d2020a1f7d, client: d3590ed6-52b3-4102-aeff-aad2292ab01c, redirect URI: ms-appx-web://Microsoft.AAD.BrokerPlugin/d3590ed6-52b3-4102-aeff-aad2292ab01c, resource: , correlation ID (request): 15fecb5a-39a6-4d51-af54-7a32b16ab71a"
"15-08-2026 05:11:31","1098","Error","Microsoft-Windows-AAD","Error: 0xCAA5001C Token broker operation failed.
Operation name: GetTokenSilently, Error: -895025148 (0xcaa70004), Description: The server or proxy was not found.
Logged at WebAccountProcessor.cpp, line: 723, method: AAD::Core::WebAccountProcessor::ReportOperationError."
"15-08-2026 05:11:31","1097","Warning","Microsoft-Windows-AAD","Error: 0xCAA90056 Renew token by the primary refresh token failed.
Logged at RefreshTokenRequest.cpp, line: 149, method: RefreshTokenRequest::AcquireToken.

Request: authority: https://login.microsoftonline.com/6ac7a1f4-5fb1-4153-bb4f-12d2020a1f7d, client: d3590ed6-52b3-4102-aeff-aad2292ab01c, redirect URI: ms-appx-web://Microsoft.AAD.BrokerPlugin/d3590ed6-52b3-4102-aeff-aad2292ab01c, resource: , correlation ID (request): 588f4e60-d31c-40fc-ac01-e9e5f09b3b9b"
"15-08-2026 05:11:31","1098","Error","Microsoft-Windows-AAD","Error: 0xCAA70004 The server or proxy was not found.
Code: authentication_failed
Description: The server or proxy was not found.
TokenEndpoint: https://login.microsoftonline.com/6ac7a1f4-5fb1-4153-bb4f-12d2020a1f7d/oauth2/token
Logged at OAuthTokenRequestBase.cpp, line: 323, method: OAuthTokenRequestBase::SendRequest.

Request: authority: https://login.microsoftonline.com/6ac7a1f4-5fb1-4153-bb4f-12d2020a1f7d, client: d3590ed6-52b3-4102-aeff-aad2292ab01c, redirect URI: ms-appx-web://Microsoft.AAD.BrokerPlugin/d3590ed6-52b3-4102-aeff-aad2292ab01c, resource: , correlation ID (request): 588f4e60-d31c-40fc-ac01-e9e5f09b3b9b"
"15-08-2026 05:11:31","1098","Error","Microsoft-Windows-AAD","Error: 0xCAA70004 The server or proxy was not found.
Exception of type 'class HttpException' at XMLHTTPWebRequest.cpp, line: 184, method: XMLHTTPWebRequest::ReceiveResponse.

Log: 0xcaa90051 Sending OAuth request failed.
Logged at OAuthTokenRequestBase.cpp, line: 323, method: OAuthTokenRequestBase::SendRequest.

Request: authority: https://login.microsoftonline.com/6ac7a1f4-5fb1-4153-bb4f-12d2020a1f7d, client: d3590ed6-52b3-4102-aeff-aad2292ab01c, redirect URI: ms-appx-web://Microsoft.AAD.BrokerPlugin/d3590ed6-52b3-4102-aeff-aad2292ab01c, resource: , correlation ID (request): 588f4e60-d31c-40fc-ac01-e9e5f09b3b9b"
"15-08-2026 05:11:31","1098","Error","Microsoft-Windows-AAD","Error: 0xCAA5001C Token broker operation failed.
Operation name: GetTokenSilently, Error: -895025148 (0xcaa70004), Description: The server or proxy was not found.
Logged at WebAccountProcessor.cpp, line: 723, method: AAD::Core::WebAccountProcessor::ReportOperationError."
"15-08-2026 05:11:31","1097","Warning","Microsoft-Windows-AAD","Error: 0xCAA90056 Renew token by the primary refresh token failed.
Logged at RefreshTokenRequest.cpp, line: 149, method: RefreshTokenRequest::AcquireToken.

Request: authority: https://login.microsoftonline.com/6ac7a1f4-5fb1-4153-bb4f-12d2020a1f7d, client: d3590ed6-52b3-4102-aeff-aad2292ab01c, redirect URI: ms-appx-web://Microsoft.AAD.BrokerPlugin/d3590ed6-52b3-4102-aeff-aad2292ab01c, resource: , correlation ID (request): ff87c7ec-b2bb-4745-9671-ed536aa431bb"
"15-08-2026 05:11:31","1098","Error","Microsoft-Windows-AAD","Error: 0xCAA70004 The server or proxy was not found.
Code: authentication_failed
Description: The server or proxy was not found.
TokenEndpoint: https://login.microsoftonline.com/6ac7a1f4-5fb1-4153-bb4f-12d2020a1f7d/oauth2/token
Logged at OAuthTokenRequestBase.cpp, line: 323, method: OAuthTokenRequestBase::SendRequest.

Request: authority: https://login.microsoftonline.com/6ac7a1f4-5fb1-4153-bb4f-12d2020a1f7d, client: d3590ed6-52b3-4102-aeff-aad2292ab01c, redirect URI: ms-appx-web://Microsoft.AAD.BrokerPlugin/d3590ed6-52b3-4102-aeff-aad2292ab01c, resource: , correlation ID (request): ff87c7ec-b2bb-4745-9671-ed536aa431bb"
"15-08-2026 05:11:31","1098","Error","Microsoft-Windows-AAD","Error: 0xCAA70004 The server or proxy was not found.
Exception of type 'class HttpException' at XMLHTTPWebRequest.cpp, line: 184, method: XMLHTTPWebRequest::ReceiveResponse.

Log: 0xcaa90051 Sending OAuth request failed.
Logged at OAuthTokenRequestBase.cpp, line: 323, method: OAuthTokenRequestBase::SendRequest.

Request: authority: https://login.microsoftonline.com/6ac7a1f4-5fb1-4153-bb4f-12d2020a1f7d, client: d3590ed6-52b3-4102-aeff-aad2292ab01c, redirect URI: ms-appx-web://Microsoft.AAD.BrokerPlugin/d3590ed6-52b3-4102-aeff-aad2292ab01c, resource: , correlation ID (request): ff87c7ec-b2bb-4745-9671-ed536aa431bb"
"15-08-2026 05:11:31","1098","Error","Microsoft-Windows-AAD","Error: 0xCAA5001C Token broker operation failed.
Operation name: GetTokenSilently, Error: -895025148 (0xcaa70004), Description: The server or proxy was not found.
Logged at WebAccountProcessor.cpp, line: 723, method: AAD::Core::WebAccountProcessor::ReportOperationError."
"15-08-2026 05:11:31","1097","Warning","Microsoft-Windows-AAD","Error: 0xCAA90056 Renew token by the primary refresh token failed.
Logged at RefreshTokenRequest.cpp, line: 149, method: RefreshTokenRequest::AcquireToken.

Request: authority: https://login.microsoftonline.com/6ac7a1f4-5fb1-4153-bb4f-12d2020a1f7d, client: ab9b8c07-8f02-4f72-87fa-80105867a763, redirect URI: ms-appx-web://Microsoft.AAD.BrokerPlugin/ab9b8c07-8f02-4f72-87fa-80105867a763, resource: , correlation ID (request): 265fdec4-6f52-4789-91b5-bd3bedaabadc"
"15-08-2026 05:11:31","1098","Error","Microsoft-Windows-AAD","Error: 0xCAA70004 The server or proxy was not found.
Code: authentication_failed
Description: The server or proxy was not found.
TokenEndpoint: https://login.microsoftonline.com/6ac7a1f4-5fb1-4153-bb4f-12d2020a1f7d/oauth2/token
Logged at OAuthTokenRequestBase.cpp, line: 323, method: OAuthTokenRequestBase::SendRequest.

Request: authority: https://login.microsoftonline.com/6ac7a1f4-5fb1-4153-bb4f-12d2020a1f7d, client: ab9b8c07-8f02-4f72-87fa-80105867a763, redirect URI: ms-appx-web://Microsoft.AAD.BrokerPlugin/ab9b8c07-8f02-4f72-87fa-80105867a763, resource: , correlation ID (request): 265fdec4-6f52-4789-91b5-bd3bedaabadc"
"15-08-2026 05:11:31","1098","Error","Microsoft-Windows-AAD","Error: 0xCAA70004 The server or proxy was not found.
Exception of type 'class HttpException' at XMLHTTPWebRequest.cpp, line: 184, method: XMLHTTPWebRequest::ReceiveResponse.

Log: 0xcaa90051 Sending OAuth request failed.
Logged at OAuthTokenRequestBase.cpp, line: 323, method: OAuthTokenRequestBase::SendRequest.

Request: authority: https://login.microsoftonline.com/6ac7a1f4-5fb1-4153-bb4f-12d2020a1f7d, client: ab9b8c07-8f02-4f72-87fa-80105867a763, redirect URI: ms-appx-web://Microsoft.AAD.BrokerPlugin/ab9b8c07-8f02-4f72-87fa-80105867a763, resource: , correlation ID (request): 265fdec4-6f52-4789-91b5-bd3bedaabadc"
"15-08-2026 05:11:31","1098","Error","Microsoft-Windows-AAD","Error: 0xCAA5001C Token broker operation failed.
Operation name: GetTokenSilently, Error: -895025148 (0xcaa70004), Description: The server or proxy was not found.
Logged at WebAccountProcessor.cpp, line: 723, method: AAD::Core::WebAccountProcessor::ReportOperationError."
"15-08-2026 05:11:31","1097","Warning","Microsoft-Windows-AAD","Error: 0xCAA90056 Renew token by the primary refresh token failed.
Logged at RefreshTokenRequest.cpp, line: 149, method: RefreshTokenRequest::AcquireToken.

Request: authority: https://login.microsoftonline.com/6ac7a1f4-5fb1-4153-bb4f-12d2020a1f7d, client: d3590ed6-52b3-4102-aeff-aad2292ab01c, redirect URI: ms-appx-web://Microsoft.AAD.BrokerPlugin/d3590ed6-52b3-4102-aeff-aad2292ab01c, resource: , correlation ID (request): 6fb51588-8b40-4778-b49b-dd5f93444ae2"
"15-08-2026 05:11:31","1098","Error","Microsoft-Windows-AAD","Error: 0xCAA70004 The server or proxy was not found.
Code: authentication_failed
Description: The server or proxy was not found.
TokenEndpoint: https://login.microsoftonline.com/6ac7a1f4-5fb1-4153-bb4f-12d2020a1f7d/oauth2/token
Logged at OAuthTokenRequestBase.cpp, line: 323, method: OAuthTokenRequestBase::SendRequest.

Request: authority: https://login.microsoftonline.com/6ac7a1f4-5fb1-4153-bb4f-12d2020a1f7d, client: d3590ed6-52b3-4102-aeff-aad2292ab01c, redirect URI: ms-appx-web://Microsoft.AAD.BrokerPlugin/d3590ed6-52b3-4102-aeff-aad2292ab01c, resource: , correlation ID (request): 6fb51588-8b40-4778-b49b-dd5f93444ae2"
"15-08-2026 05:11:31","1098","Error","Microsoft-Windows-AAD","Error: 0xCAA70004 The server or proxy was not found.
Exception of type 'class HttpException' at XMLHTTPWebRequest.cpp, line: 184, method: XMLHTTPWebRequest::ReceiveResponse.

Log: 0xcaa90051 Sending OAuth request failed.
Logged at OAuthTokenRequestBase.cpp, line: 323, method: OAuthTokenRequestBase::SendRequest.

Request: authority: https://login.microsoftonline.com/6ac7a1f4-5fb1-4153-bb4f-12d2020a1f7d, client: d3590ed6-52b3-4102-aeff-aad2292ab01c, redirect URI: ms-appx-web://Microsoft.AAD.BrokerPlugin/d3590ed6-52b3-4102-aeff-aad2292ab01c, resource: , correlation ID (request): 6fb51588-8b40-4778-b49b-dd5f93444ae2"
"15-08-2026 05:11:31","1098","Error","Microsoft-Windows-AAD","Error: 0xCAA5001C Token broker operation failed.
Operation name: GetTokenSilently, Error: -895025148 (0xcaa70004), Description: The server or proxy was not found.
Logged at WebAccountProcessor.cpp, line: 723, method: AAD::Core::WebAccountProcessor::ReportOperationError."
"15-08-2026 05:11:31","1097","Warning","Microsoft-Windows-AAD","Error: 0xCAA90056 Renew token by the primary refresh token failed.
Logged at RefreshTokenRequest.cpp, line: 149, method: RefreshTokenRequest::AcquireToken.

Request: authority: https://login.microsoftonline.com/6ac7a1f4-5fb1-4153-bb4f-12d2020a1f7d, client: 0ec893e0-5785-4de6-99da-4ed124e5296c, redirect URI: ms-appx-web://Microsoft.AAD.BrokerPlugin/0ec893e0-5785-4de6-99da-4ed124e5296c, resource: , correlation ID (request): 01a002a6-edef-7bc6-96e0-4e940968c727"
"15-08-2026 05:11:31","1098","Error","Microsoft-Windows-AAD","Error: 0xCAA70004 The server or proxy was not found.
Code: authentication_failed
Description: The server or proxy was not found.
TokenEndpoint: https://login.microsoftonline.com/6ac7a1f4-5fb1-4153-bb4f-12d2020a1f7d/oauth2/token
Logged at OAuthTokenRequestBase.cpp, line: 323, method: OAuthTokenRequestBase::SendRequest.

Request: authority: https://login.microsoftonline.com/6ac7a1f4-5fb1-4153-bb4f-12d2020a1f7d, client: 0ec893e0-5785-4de6-99da-4ed124e5296c, redirect URI: ms-appx-web://Microsoft.AAD.BrokerPlugin/0ec893e0-5785-4de6-99da-4ed124e5296c, resource: , correlation ID (request): 01a002a6-edef-7bc6-96e0-4e940968c727"
"15-08-2026 05:11:31","1098","Error","Microsoft-Windows-AAD","Error: 0xCAA70004 The server or proxy was not found.
Exception of type 'class HttpException' at XMLHTTPWebRequest.cpp, line: 184, method: XMLHTTPWebRequest::ReceiveResponse.

Log: 0xcaa90051 Sending OAuth request failed.
Logged at OAuthTokenRequestBase.cpp, line: 323, method: OAuthTokenRequestBase::SendRequest.

Request: authority: https://login.microsoftonline.com/6ac7a1f4-5fb1-4153-bb4f-12d2020a1f7d, client: 0ec893e0-5785-4de6-99da-4ed124e5296c, redirect URI: ms-appx-web://Microsoft.AAD.BrokerPlugin/0ec893e0-5785-4de6-99da-4ed124e5296c, resource: , correlation ID (request): 01a002a6-edef-7bc6-96e0-4e940968c727"
"15-08-2026 05:11:31","1098","Error","Microsoft-Windows-AAD","Error: 0xCAA5001C Token broker operation failed.
Operation name: GetTokenSilently, Error: -895025148 (0xcaa70004), Description: The server or proxy was not found.
Logged at WebAccountProcessor.cpp, line: 723, method: AAD::Core::WebAccountProcessor::ReportOperationError."
"15-08-2026 05:11:31","1097","Warning","Microsoft-Windows-AAD","Error: 0xCAA90056 Renew token by the primary refresh token failed.
Logged at RefreshTokenRequest.cpp, line: 149, method: RefreshTokenRequest::AcquireToken.

Request: authority: https://login.microsoftonline.com/6ac7a1f4-5fb1-4153-bb4f-12d2020a1f7d, client: 0ec893e0-5785-4de6-99da-4ed124e5296c, redirect URI: ms-appx-web://Microsoft.AAD.BrokerPlugin/0ec893e0-5785-4de6-99da-4ed124e5296c, resource: , correlation ID (request): 01a002a6-edac-7483-85e1-3df2f143d4a7"
"15-08-2026 05:11:31","1098","Error","Microsoft-Windows-AAD","Error: 0xCAA70004 The server or proxy was not found.
Code: authentication_failed
Description: The server or proxy was not found.
TokenEndpoint: https://login.microsoftonline.com/6ac7a1f4-5fb1-4153-bb4f-12d2020a1f7d/oauth2/token
Logged at OAuthTokenRequestBase.cpp, line: 323, method: OAuthTokenRequestBase::SendRequest.

Request: authority: https://login.microsoftonline.com/6ac7a1f4-5fb1-4153-bb4f-12d2020a1f7d, client: 0ec893e0-5785-4de6-99da-4ed124e5296c, redirect URI: ms-appx-web://Microsoft.AAD.BrokerPlugin/0ec893e0-5785-4de6-99da-4ed124e5296c, resource: , correlation ID (request): 01a002a6-edac-7483-85e1-3df2f143d4a7"
"15-08-2026 05:11:31","1098","Error","Microsoft-Windows-AAD","Error: 0xCAA70004 The server or proxy was not found.
Exception of type 'class HttpException' at XMLHTTPWebRequest.cpp, line: 184, method: XMLHTTPWebRequest::ReceiveResponse.

Log: 0xcaa90051 Sending OAuth request failed.
Logged at OAuthTokenRequestBase.cpp, line: 323, method: OAuthTokenRequestBase::SendRequest.

Request: authority: https://login.microsoftonline.com/6ac7a1f4-5fb1-4153-bb4f-12d2020a1f7d, client: 0ec893e0-5785-4de6-99da-4ed124e5296c, redirect URI: ms-appx-web://Microsoft.AAD.BrokerPlugin/0ec893e0-5785-4de6-99da-4ed124e5296c, resource: , correlation ID (request): 01a002a6-edac-7483-85e1-3df2f143d4a7"
"15-08-2026 05:11:31","1098","Error","Microsoft-Windows-AAD","Error: 0xCAA5001C Token broker operation failed.
Operation name: GetTokenSilently, Error: -895025148 (0xcaa70004), Description: The server or proxy was not found.
Logged at WebAccountProcessor.cpp, line: 723, method: AAD::Core::WebAccountProcessor::ReportOperationError."
"15-08-2026 05:11:31","1097","Warning","Microsoft-Windows-AAD","Error: 0xCAA90056 Renew token by the primary refresh token failed.
Logged at RefreshTokenRequest.cpp, line: 149, method: RefreshTokenRequest::AcquireToken.

Request: authority: https://login.microsoftonline.com/6ac7a1f4-5fb1-4153-bb4f-12d2020a1f7d, client: c0ab8ce9-e9a0-42e7-b064-33d422df41f1, redirect URI: ms-appx-web://Microsoft.AAD.BrokerPlugin/c0ab8ce9-e9a0-42e7-b064-33d422df41f1, resource: , correlation ID (request): 4b1683f0-10d3-41b6-bb31-106d1d8c00f0"
"15-08-2026 05:11:31","1098","Error","Microsoft-Windows-AAD","Error: 0xCAA70004 The server or proxy was not found.
Code: authentication_failed
Description: The server or proxy was not found.
TokenEndpoint: https://login.microsoftonline.com/6ac7a1f4-5fb1-4153-bb4f-12d2020a1f7d/oauth2/token
Logged at OAuthTokenRequestBase.cpp, line: 323, method: OAuthTokenRequestBase::SendRequest.

Request: authority: https://login.microsoftonline.com/6ac7a1f4-5fb1-4153-bb4f-12d2020a1f7d, client: c0ab8ce9-e9a0-42e7-b064-33d422df41f1, redirect URI: ms-appx-web://Microsoft.AAD.BrokerPlugin/c0ab8ce9-e9a0-42e7-b064-33d422df41f1, resource: , correlation ID (request): 4b1683f0-10d3-41b6-bb31-106d1d8c00f0"
"15-08-2026 05:11:31","1098","Error","Microsoft-Windows-AAD","Error: 0xCAA70004 The server or proxy was not found.
Exception of type 'class HttpException' at XMLHTTPWebRequest.cpp, line: 184, method: XMLHTTPWebRequest::ReceiveResponse.

Log: 0xcaa90051 Sending OAuth request failed.
Logged at OAuthTokenRequestBase.cpp, line: 323, method: OAuthTokenRequestBase::SendRequest.

Request: authority: https://login.microsoftonline.com/6ac7a1f4-5fb1-4153-bb4f-12d2020a1f7d, client: c0ab8ce9-e9a0-42e7-b064-33d422df41f1, redirect URI: ms-appx-web://Microsoft.AAD.BrokerPlugin/c0ab8ce9-e9a0-42e7-b064-33d422df41f1, resource: , correlation ID (request): 4b1683f0-10d3-41b6-bb31-106d1d8c00f0"
"15-08-2026 05:11:31","1098","Error","Microsoft-Windows-AAD","Error: 0xCAA5001C Token broker operation failed.
Operation name: GetTokenSilently, Error: -895025148 (0xcaa70004), Description: The server or proxy was not found.
Logged at WebAccountProcessor.cpp, line: 723, method: AAD::Core::WebAccountProcessor::ReportOperationError."
"15-08-2026 05:11:31","1097","Warning","Microsoft-Windows-AAD","Error: 0xCAA90056 Renew token by the primary refresh token failed.
Logged at RefreshTokenRequest.cpp, line: 149, method: RefreshTokenRequest::AcquireToken.

Request: authority: https://login.microsoftonline.com/6ac7a1f4-5fb1-4153-bb4f-12d2020a1f7d, client: d7b530a4-7680-4c23-a8bf-c52c121d2e87, redirect URI: ms-appx-web://Microsoft.AAD.BrokerPlugin/d7b530a4-7680-4c23-a8bf-c52c121d2e87, resource: , correlation ID (request): 56326f06-a568-4775-a49d-4db7fb61fcc3"
"15-08-2026 05:11:31","1098","Error","Microsoft-Windows-AAD","Error: 0xCAA70004 The server or proxy was not found.
Code: authentication_failed
Description: The server or proxy was not found.
TokenEndpoint: https://login.microsoftonline.com/6ac7a1f4-5fb1-4153-bb4f-12d2020a1f7d/oauth2/token
Logged at OAuthTokenRequestBase.cpp, line: 323, method: OAuthTokenRequestBase::SendRequest.

Request: authority: https://login.microsoftonline.com/6ac7a1f4-5fb1-4153-bb4f-12d2020a1f7d, client: d7b530a4-7680-4c23-a8bf-c52c121d2e87, redirect URI: ms-appx-web://Microsoft.AAD.BrokerPlugin/d7b530a4-7680-4c23-a8bf-c52c121d2e87, resource: , correlation ID (request): 56326f06-a568-4775-a49d-4db7fb61fcc3"
"15-08-2026 05:11:31","1098","Error","Microsoft-Windows-AAD","Error: 0xCAA70004 The server or proxy was not found.
Exception of type 'class HttpException' at XMLHTTPWebRequest.cpp, line: 184, method: XMLHTTPWebRequest::ReceiveResponse.

Log: 0xcaa90051 Sending OAuth request failed.
Logged at OAuthTokenRequestBase.cpp, line: 323, method: OAuthTokenRequestBase::SendRequest.

Request: authority: https://login.microsoftonline.com/6ac7a1f4-5fb1-4153-bb4f-12d2020a1f7d, client: d7b530a4-7680-4c23-a8bf-c52c121d2e87, redirect URI: ms-appx-web://Microsoft.AAD.BrokerPlugin/d7b530a4-7680-4c23-a8bf-c52c121d2e87, resource: , correlation ID (request): 56326f06-a568-4775-a49d-4db7fb61fcc3"
"15-08-2026 05:11:31","1098","Error","Microsoft-Windows-AAD","Error: 0xCAA5001C Token broker operation failed.
Operation name: GetTokenSilently, Error: -895025148 (0xcaa70004), Description: The server or proxy was not found.
Logged at WebAccountProcessor.cpp, line: 723, method: AAD::Core::WebAccountProcessor::ReportOperationError."
"15-08-2026 05:11:31","1097","Warning","Microsoft-Windows-AAD","Error: 0xCAA90056 Renew token by the primary refresh token failed.
Logged at RefreshTokenRequest.cpp, line: 149, method: RefreshTokenRequest::AcquireToken.

Request: authority: https://login.microsoftonline.com/6ac7a1f4-5fb1-4153-bb4f-12d2020a1f7d, client: c0ab8ce9-e9a0-42e7-b064-33d422df41f1, redirect URI: ms-appx-web://Microsoft.AAD.BrokerPlugin/c0ab8ce9-e9a0-42e7-b064-33d422df41f1, resource: , correlation ID (request): 20bf248e-cfc8-439c-a24f-b79424528444"
"15-08-2026 05:11:31","1098","Error","Microsoft-Windows-AAD","Error: 0xCAA70004 The server or proxy was not found.
Code: authentication_failed
Description: The server or proxy was not found.
TokenEndpoint: https://login.microsoftonline.com/6ac7a1f4-5fb1-4153-bb4f-12d2020a1f7d/oauth2/token
Logged at OAuthTokenRequestBase.cpp, line: 323, method: OAuthTokenRequestBase::SendRequest.

Request: authority: https://login.microsoftonline.com/6ac7a1f4-5fb1-4153-bb4f-12d2020a1f7d, client: c0ab8ce9-e9a0-42e7-b064-33d422df41f1, redirect URI: ms-appx-web://Microsoft.AAD.BrokerPlugin/c0ab8ce9-e9a0-42e7-b064-33d422df41f1, resource: , correlation ID (request): 20bf248e-cfc8-439c-a24f-b79424528444"
"15-08-2026 05:11:31","1098","Error","Microsoft-Windows-AAD","Error: 0xCAA70004 The server or proxy was not found.
Exception of type 'class HttpException' at XMLHTTPWebRequest.cpp, line: 184, method: XMLHTTPWebRequest::ReceiveResponse.

Log: 0xcaa90051 Sending OAuth request failed.
Logged at OAuthTokenRequestBase.cpp, line: 323, method: OAuthTokenRequestBase::SendRequest.

Request: authority: https://login.microsoftonline.com/6ac7a1f4-5fb1-4153-bb4f-12d2020a1f7d, client: c0ab8ce9-e9a0-42e7-b064-33d422df41f1, redirect URI: ms-appx-web://Microsoft.AAD.BrokerPlugin/c0ab8ce9-e9a0-42e7-b064-33d422df41f1, resource: , correlation ID (request): 20bf248e-cfc8-439c-a24f-b79424528444"
"15-08-2026 05:11:31","1098","Error","Microsoft-Windows-AAD","Error: 0xCAA5001C Token broker operation failed.
Operation name: GetTokenSilently, Error: -895025148 (0xcaa70004), Description: The server or proxy was not found.
Logged at WebAccountProcessor.cpp, line: 723, method: AAD::Core::WebAccountProcessor::ReportOperationError."
"15-08-2026 05:11:31","1097","Warning","Microsoft-Windows-AAD","Error: 0xCAA90056 Renew token by the primary refresh token failed.
Logged at RefreshTokenRequest.cpp, line: 149, method: RefreshTokenRequest::AcquireToken.

Request: authority: https://login.microsoftonline.com/6ac7a1f4-5fb1-4153-bb4f-12d2020a1f7d, client: ab9b8c07-8f02-4f72-87fa-80105867a763, redirect URI: ms-appx-web://Microsoft.AAD.BrokerPlugin/ab9b8c07-8f02-4f72-87fa-80105867a763, resource: , correlation ID (request): db84096f-a66e-49d4-ad27-7c48493f2281"
"15-08-2026 05:11:31","1098","Error","Microsoft-Windows-AAD","Error: 0xCAA70004 The server or proxy was not found.
Code: authentication_failed
Description: The server or proxy was not found.
TokenEndpoint: https://login.microsoftonline.com/6ac7a1f4-5fb1-4153-bb4f-12d2020a1f7d/oauth2/token
Logged at OAuthTokenRequestBase.cpp, line: 323, method: OAuthTokenRequestBase::SendRequest.

Request: authority: https://login.microsoftonline.com/6ac7a1f4-5fb1-4153-bb4f-12d2020a1f7d, client: ab9b8c07-8f02-4f72-87fa-80105867a763, redirect URI: ms-appx-web://Microsoft.AAD.BrokerPlugin/ab9b8c07-8f02-4f72-87fa-80105867a763, resource: , correlation ID (request): db84096f-a66e-49d4-ad27-7c48493f2281"
"15-08-2026 05:11:31","1098","Error","Microsoft-Windows-AAD","Error: 0xCAA70004 The server or proxy was not found.
Exception of type 'class HttpException' at XMLHTTPWebRequest.cpp, line: 184, method: XMLHTTPWebRequest::ReceiveResponse.

Log: 0xcaa90051 Sending OAuth request failed.
Logged at OAuthTokenRequestBase.cpp, line: 323, method: OAuthTokenRequestBase::SendRequest.

Request: authority: https://login.microsoftonline.com/6ac7a1f4-5fb1-4153-bb4f-12d2020a1f7d, client: ab9b8c07-8f02-4f72-87fa-80105867a763, redirect URI: ms-appx-web://Microsoft.AAD.BrokerPlugin/ab9b8c07-8f02-4f72-87fa-80105867a763, resource: , correlation ID (request): db84096f-a66e-49d4-ad27-7c48493f2281"
"15-08-2026 05:11:31","1098","Error","Microsoft-Windows-AAD","Error: 0xCAA5001C Token broker operation failed.
Operation name: GetTokenSilently, Error: -895025148 (0xcaa70004), Description: The server or proxy was not found.
Logged at WebAccountProcessor.cpp, line: 723, method: AAD::Core::WebAccountProcessor::ReportOperationError."
"15-08-2026 05:11:31","1098","Error","Microsoft-Windows-AAD","Error: 0xCAA5001C Token broker operation failed.
Operation name: GetTokenSilently, Error: -895025148 (0xcaa70004), Description: The server or proxy was not found.
Logged at WebAccountProcessor.cpp, line: 723, method: AAD::Core::WebAccountProcessor::ReportOperationError."
"15-08-2026 05:11:31","1098","Error","Microsoft-Windows-AAD","Error: 0xCAA5001C Token broker operation failed.
Operation name: GetTokenSilently, Error: -895025148 (0xcaa70004), Description: The server or proxy was not found.
Logged at WebAccountProcessor.cpp, line: 723, method: AAD::Core::WebAccountProcessor::ReportOperationError."
"15-08-2026 05:11:31","1097","Warning","Microsoft-Windows-AAD","Error: 0xCAA90056 Renew token by the primary refresh token failed.
Logged at RefreshTokenRequest.cpp, line: 149, method: RefreshTokenRequest::AcquireToken.

Request: authority: https://login.microsoftonline.com/6ac7a1f4-5fb1-4153-bb4f-12d2020a1f7d, client: ecd6b820-32c2-49b6-98a6-444530e5a77a, redirect URI: ms-appx-web://Microsoft.AAD.BrokerPlugin/ecd6b820-32c2-49b6-98a6-444530e5a77a, resource: , correlation ID (request): 1ad55e3a-892b-4d18-acc2-d068afc7fea8"
"15-08-2026 05:11:31","1098","Error","Microsoft-Windows-AAD","Error: 0xCAA70004 The server or proxy was not found.
Code: authentication_failed
Description: The server or proxy was not found.
TokenEndpoint: https://login.microsoftonline.com/6ac7a1f4-5fb1-4153-bb4f-12d2020a1f7d/oauth2/token
Logged at OAuthTokenRequestBase.cpp, line: 323, method: OAuthTokenRequestBase::SendRequest.

Request: authority: https://login.microsoftonline.com/6ac7a1f4-5fb1-4153-bb4f-12d2020a1f7d, client: ecd6b820-32c2-49b6-98a6-444530e5a77a, redirect URI: ms-appx-web://Microsoft.AAD.BrokerPlugin/ecd6b820-32c2-49b6-98a6-444530e5a77a, resource: , correlation ID (request): 1ad55e3a-892b-4d18-acc2-d068afc7fea8"
"15-08-2026 05:11:31","1098","Error","Microsoft-Windows-AAD","Error: 0xCAA70004 The server or proxy was not found.
Exception of type 'class HttpException' at XMLHTTPWebRequest.cpp, line: 184, method: XMLHTTPWebRequest::ReceiveResponse.

Log: 0xcaa90051 Sending OAuth request failed.
Logged at OAuthTokenRequestBase.cpp, line: 323, method: OAuthTokenRequestBase::SendRequest.

Request: authority: https://login.microsoftonline.com/6ac7a1f4-5fb1-4153-bb4f-12d2020a1f7d, client: ecd6b820-32c2-49b6-98a6-444530e5a77a, redirect URI: ms-appx-web://Microsoft.AAD.BrokerPlugin/ecd6b820-32c2-49b6-98a6-444530e5a77a, resource: , correlation ID (request): 1ad55e3a-892b-4d18-acc2-d068afc7fea8"
"15-08-2026 05:11:31","1097","Warning","Microsoft-Windows-AAD","Error: 0xCAA90056 Renew token by the primary refresh token failed.
Logged at RefreshTokenRequest.cpp, line: 149, method: RefreshTokenRequest::AcquireToken.

Request: authority: https://login.microsoftonline.com/6ac7a1f4-5fb1-4153-bb4f-12d2020a1f7d, client: 4765445b-32c6-49b0-83e6-1d93765276ca, redirect URI: ms-appx-web://Microsoft.AAD.BrokerPlugin/4765445b-32c6-49b0-83e6-1d93765276ca, resource: , correlation ID (request): e21b7ed7-71c0-4ff5-b560-8d19823a4d92"
"15-08-2026 05:11:31","1098","Error","Microsoft-Windows-AAD","Error: 0xCAA70004 The server or proxy was not found.
Code: authentication_failed
Description: The server or proxy was not found.
TokenEndpoint: https://login.microsoftonline.com/6ac7a1f4-5fb1-4153-bb4f-12d2020a1f7d/oauth2/token
Logged at OAuthTokenRequestBase.cpp, line: 323, method: OAuthTokenRequestBase::SendRequest.

Request: authority: https://login.microsoftonline.com/6ac7a1f4-5fb1-4153-bb4f-12d2020a1f7d, client: 4765445b-32c6-49b0-83e6-1d93765276ca, redirect URI: ms-appx-web://Microsoft.AAD.BrokerPlugin/4765445b-32c6-49b0-83e6-1d93765276ca, resource: , correlation ID (request): e21b7ed7-71c0-4ff5-b560-8d19823a4d92"
"15-08-2026 05:11:31","1098","Error","Microsoft-Windows-AAD","Error: 0xCAA70004 The server or proxy was not found.
Exception of type 'class HttpException' at XMLHTTPWebRequest.cpp, line: 184, method: XMLHTTPWebRequest::ReceiveResponse.

Log: 0xcaa90051 Sending OAuth request failed.
Logged at OAuthTokenRequestBase.cpp, line: 323, method: OAuthTokenRequestBase::SendRequest.

Request: authority: https://login.microsoftonline.com/6ac7a1f4-5fb1-4153-bb4f-12d2020a1f7d, client: 4765445b-32c6-49b0-83e6-1d93765276ca, redirect URI: ms-appx-web://Microsoft.AAD.BrokerPlugin/4765445b-32c6-49b0-83e6-1d93765276ca, resource: , correlation ID (request): e21b7ed7-71c0-4ff5-b560-8d19823a4d92"
"15-08-2026 05:11:31","1098","Error","Microsoft-Windows-AAD","Error: 0xCAA5001C Token broker operation failed.
Operation name: GetTokenSilently, Error: -895025148 (0xcaa70004), Description: The server or proxy was not found.
Logged at WebAccountProcessor.cpp, line: 723, method: AAD::Core::WebAccountProcessor::ReportOperationError."
"15-08-2026 05:11:31","1098","Error","Microsoft-Windows-AAD","Error: 0xCAA5001C Token broker operation failed.
Operation name: GetTokenSilently, Error: -895025148 (0xcaa70004), Description: The server or proxy was not found.
Logged at WebAccountProcessor.cpp, line: 723, method: AAD::Core::WebAccountProcessor::ReportOperationError."
"15-08-2026 05:11:31","1098","Error","Microsoft-Windows-AAD","Error: 0xCAA5001C Token broker operation failed.
Operation name: GetTokenSilently, Error: -895025148 (0xcaa70004), Description: The server or proxy was not found.
Logged at WebAccountProcessor.cpp, line: 723, method: AAD::Core::WebAccountProcessor::ReportOperationError."
"15-08-2026 05:11:31","1098","Error","Microsoft-Windows-AAD","Error: 0xCAA5001C Token broker operation failed.
Operation name: GetTokenSilently, Error: -895025148 (0xcaa70004), Description: The server or proxy was not found.
Logged at WebAccountProcessor.cpp, line: 723, method: AAD::Core::WebAccountProcessor::ReportOperationError."
"15-08-2026 05:11:31","1098","Error","Microsoft-Windows-AAD","Error: 0xCAA5001C Token broker operation failed.
Operation name: GetTokenSilently, Error: -895025148 (0xcaa70004), Description: The server or proxy was not found.
Logged at WebAccountProcessor.cpp, line: 723, method: AAD::Core::WebAccountProcessor::ReportOperationError."
"15-08-2026 05:11:31","1098","Error","Microsoft-Windows-AAD","Error: 0xCAA5001C Token broker operation failed.
Operation name: GetTokenSilently, Error: -895025148 (0xcaa70004), Description: The server or proxy was not found.
Logged at WebAccountProcessor.cpp, line: 723, method: AAD::Core::WebAccountProcessor::ReportOperationError."
"15-08-2026 05:11:31","1097","Warning","Microsoft-Windows-AAD","Error: 0xCAA90056 Renew token by the primary refresh token failed.
Logged at RefreshTokenRequest.cpp, line: 149, method: RefreshTokenRequest::AcquireToken.

Request: authority: https://login.microsoftonline.com/6ac7a1f4-5fb1-4153-bb4f-12d2020a1f7d, client: d3590ed6-52b3-4102-aeff-aad2292ab01c, redirect URI: ms-appx-web://Microsoft.AAD.BrokerPlugin/d3590ed6-52b3-4102-aeff-aad2292ab01c, resource: , correlation ID (request): 0c168625-2ebd-4cc3-886d-fa9d14836ceb"
"15-08-2026 05:11:31","1097","Warning","Microsoft-Windows-AAD","Error: 0xCAA90056 Renew token by the primary refresh token failed.
Logged at RefreshTokenRequest.cpp, line: 149, method: RefreshTokenRequest::AcquireToken.

Request: authority: https://login.microsoftonline.com/6ac7a1f4-5fb1-4153-bb4f-12d2020a1f7d, client: 0ec893e0-5785-4de6-99da-4ed124e5296c, redirect URI: ms-appx-web://Microsoft.AAD.BrokerPlugin/0ec893e0-5785-4de6-99da-4ed124e5296c, resource: , correlation ID (request): 3bb06c0f-1500-46e1-8246-79f47d96d674"
"15-08-2026 05:11:31","1098","Error","Microsoft-Windows-AAD","Error: 0xCAA70004 The server or proxy was not found.
Code: authentication_failed
Description: The server or proxy was not found.
TokenEndpoint: https://login.microsoftonline.com/6ac7a1f4-5fb1-4153-bb4f-12d2020a1f7d/oauth2/token
Logged at OAuthTokenRequestBase.cpp, line: 323, method: OAuthTokenRequestBase::SendRequest.

Request: authority: https://login.microsoftonline.com/6ac7a1f4-5fb1-4153-bb4f-12d2020a1f7d, client: d3590ed6-52b3-4102-aeff-aad2292ab01c, redirect URI: ms-appx-web://Microsoft.AAD.BrokerPlugin/d3590ed6-52b3-4102-aeff-aad2292ab01c, resource: , correlation ID (request): 0c168625-2ebd-4cc3-886d-fa9d14836ceb"
"15-08-2026 05:11:31","1098","Error","Microsoft-Windows-AAD","Error: 0xCAA70004 The server or proxy was not found.
Code: authentication_failed
Description: The server or proxy was not found.
TokenEndpoint: https://login.microsoftonline.com/6ac7a1f4-5fb1-4153-bb4f-12d2020a1f7d/oauth2/token
Logged at OAuthTokenRequestBase.cpp, line: 323, method: OAuthTokenRequestBase::SendRequest.

Request: authority: https://login.microsoftonline.com/6ac7a1f4-5fb1-4153-bb4f-12d2020a1f7d, client: 0ec893e0-5785-4de6-99da-4ed124e5296c, redirect URI: ms-appx-web://Microsoft.AAD.BrokerPlugin/0ec893e0-5785-4de6-99da-4ed124e5296c, resource: , correlation ID (request): 3bb06c0f-1500-46e1-8246-79f47d96d674"
"15-08-2026 05:11:31","1098","Error","Microsoft-Windows-AAD","Error: 0xCAA70004 The server or proxy was not found.
Exception of type 'class HttpException' at XMLHTTPWebRequest.cpp, line: 184, method: XMLHTTPWebRequest::ReceiveResponse.

Log: 0xcaa90051 Sending OAuth request failed.
Logged at OAuthTokenRequestBase.cpp, line: 323, method: OAuthTokenRequestBase::SendRequest.

Request: authority: https://login.microsoftonline.com/6ac7a1f4-5fb1-4153-bb4f-12d2020a1f7d, client: d3590ed6-52b3-4102-aeff-aad2292ab01c, redirect URI: ms-appx-web://Microsoft.AAD.BrokerPlugin/d3590ed6-52b3-4102-aeff-aad2292ab01c, resource: , correlation ID (request): 0c168625-2ebd-4cc3-886d-fa9d14836ceb"
"15-08-2026 05:11:31","1098","Error","Microsoft-Windows-AAD","Error: 0xCAA70004 The server or proxy was not found.
Exception of type 'class HttpException' at XMLHTTPWebRequest.cpp, line: 184, method: XMLHTTPWebRequest::ReceiveResponse.

Log: 0xcaa90051 Sending OAuth request failed.
Logged at OAuthTokenRequestBase.cpp, line: 323, method: OAuthTokenRequestBase::SendRequest.

Request: authority: https://login.microsoftonline.com/6ac7a1f4-5fb1-4153-bb4f-12d2020a1f7d, client: 0ec893e0-5785-4de6-99da-4ed124e5296c, redirect URI: ms-appx-web://Microsoft.AAD.BrokerPlugin/0ec893e0-5785-4de6-99da-4ed124e5296c, resource: , correlation ID (request): 3bb06c0f-1500-46e1-8246-79f47d96d674"
"15-08-2026 05:11:31","1097","Warning","Microsoft-Windows-AAD","Error: 0xCAA90056 Renew token by the primary refresh token failed.
Logged at RefreshTokenRequest.cpp, line: 149, method: RefreshTokenRequest::AcquireToken.

Request: authority: https://login.microsoftonline.com/6ac7a1f4-5fb1-4153-bb4f-12d2020a1f7d, client: ecd6b820-32c2-49b6-98a6-444530e5a77a, redirect URI: ms-appx-web://Microsoft.AAD.BrokerPlugin/ecd6b820-32c2-49b6-98a6-444530e5a77a, resource: , correlation ID (request): c4a7b1fe-bcb8-4ebd-ac04-6d740ad74831"
"15-08-2026 05:11:31","1098","Error","Microsoft-Windows-AAD","Error: 0xCAA70004 The server or proxy was not found.
Code: authentication_failed
Description: The server or proxy was not found.
TokenEndpoint: https://login.microsoftonline.com/6ac7a1f4-5fb1-4153-bb4f-12d2020a1f7d/oauth2/token
Logged at OAuthTokenRequestBase.cpp, line: 323, method: OAuthTokenRequestBase::SendRequest.

Request: authority: https://login.microsoftonline.com/6ac7a1f4-5fb1-4153-bb4f-12d2020a1f7d, client: ecd6b820-32c2-49b6-98a6-444530e5a77a, redirect URI: ms-appx-web://Microsoft.AAD.BrokerPlugin/ecd6b820-32c2-49b6-98a6-444530e5a77a, resource: , correlation ID (request): c4a7b1fe-bcb8-4ebd-ac04-6d740ad74831"
"15-08-2026 05:11:31","1098","Error","Microsoft-Windows-AAD","Error: 0xCAA70004 The server or proxy was not found.
Exception of type 'class HttpException' at XMLHTTPWebRequest.cpp, line: 184, method: XMLHTTPWebRequest::ReceiveResponse.

Log: 0xcaa90051 Sending OAuth request failed.
Logged at OAuthTokenRequestBase.cpp, line: 323, method: OAuthTokenRequestBase::SendRequest.

Request: authority: https://login.microsoftonline.com/6ac7a1f4-5fb1-4153-bb4f-12d2020a1f7d, client: ecd6b820-32c2-49b6-98a6-444530e5a77a, redirect URI: ms-appx-web://Microsoft.AAD.BrokerPlugin/ecd6b820-32c2-49b6-98a6-444530e5a77a, resource: , correlation ID (request): c4a7b1fe-bcb8-4ebd-ac04-6d740ad74831"
