"TimeCreated","Id","LevelDisplayName","ProviderName","Message"
"19-08-2026 14:09:07","812","Information","Microsoft-Windows-Winlogon","The winlogon notification subscriber <TermSrv> finished handling the notification event (5)."
"19-08-2026 14:09:07","811","Information","Microsoft-Windows-Winlogon","The winlogon notification subscriber <TermSrv> began handling the notification event (5)."
"19-08-2026 14:09:07","812","Information","Microsoft-Windows-Winlogon","The winlogon notification subscriber <Sens> finished handling the notification event (5)."
"19-08-2026 14:09:07","811","Information","Microsoft-Windows-Winlogon","The winlogon notification subscriber <Sens> began handling the notification event (5)."
"19-08-2026 13:28:41","812","Information","Microsoft-Windows-Winlogon","The winlogon notification subscriber <TermSrv> finished handling the notification event (4)."
"19-08-2026 13:28:41","811","Information","Microsoft-Windows-Winlogon","The winlogon notification subscriber <TermSrv> began handling the notification event (4)."
"19-08-2026 13:28:41","812","Information","Microsoft-Windows-Winlogon","The winlogon notification subscriber <Sens> finished handling the notification event (4)."
"19-08-2026 13:28:41","811","Information","Microsoft-Windows-Winlogon","The winlogon notification subscriber <Sens> began handling the notification event (4)."
"19-08-2026 12:18:29","812","Information","Microsoft-Windows-Winlogon","The winlogon notification subscriber <TermSrv> finished handling the notification event (5)."
"19-08-2026 12:18:29","811","Information","Microsoft-Windows-Winlogon","The winlogon notification subscriber <TermSrv> began handling the notification event (5)."
"19-08-2026 12:18:29","812","Information","Microsoft-Windows-Winlogon","The winlogon notification subscriber <Sens> finished handling the notification event (5)."
"19-08-2026 12:18:29","811","Information","Microsoft-Windows-Winlogon","The winlogon notification subscriber <Sens> began handling the notification event (5)."
"19-08-2026 11:58:48","812","Information","Microsoft-Windows-Winlogon","The winlogon notification subscriber <TermSrv> finished handling the notification event (4)."
"19-08-2026 11:58:48","811","Information","Microsoft-Windows-Winlogon","The winlogon notification subscriber <TermSrv> began handling the notification event (4)."
"19-08-2026 11:58:48","812","Information","Microsoft-Windows-Winlogon","The winlogon notification subscriber <Sens> finished handling the notification event (4)."
"19-08-2026 11:58:48","811","Information","Microsoft-Windows-Winlogon","The winlogon notification subscriber <Sens> began handling the notification event (4)."
"19-08-2026 10:23:18","812","Information","Microsoft-Windows-Winlogon","The winlogon notification subscriber <TermSrv> finished handling the notification event (5)."
"19-08-2026 10:23:18","811","Information","Microsoft-Windows-Winlogon","The winlogon notification subscriber <TermSrv> began handling the notification event (5)."
"19-08-2026 10:23:18","812","Information","Microsoft-Windows-Winlogon","The winlogon notification subscriber <Sens> finished handling the notification event (5)."
"19-08-2026 10:23:18","811","Information","Microsoft-Windows-Winlogon","The winlogon notification subscriber <Sens> began handling the notification event (5)."
"19-08-2026 10:01:48","812","Information","Microsoft-Windows-Winlogon","The winlogon notification subscriber <TermSrv> finished handling the notification event (4)."
"19-08-2026 10:01:48","811","Information","Microsoft-Windows-Winlogon","The winlogon notification subscriber <TermSrv> began handling the notification event (4)."
"19-08-2026 10:01:48","812","Information","Microsoft-Windows-Winlogon","The winlogon notification subscriber <Sens> finished handling the notification event (4)."
"19-08-2026 10:01:48","811","Information","Microsoft-Windows-Winlogon","The winlogon notification subscriber <Sens> began handling the notification event (4)."
"19-08-2026 09:56:42","812","Information","Microsoft-Windows-Winlogon","The winlogon notification subscriber <TermSrv> finished handling the notification event (5)."
"19-08-2026 09:56:42","811","Information","Microsoft-Windows-Winlogon","The winlogon notification subscriber <TermSrv> began handling the notification event (5)."
"19-08-2026 09:56:42","812","Information","Microsoft-Windows-Winlogon","The winlogon notification subscriber <Sens> finished handling the notification event (5)."
"19-08-2026 09:56:42","811","Information","Microsoft-Windows-Winlogon","The winlogon notification subscriber <Sens> began handling the notification event (5)."
"18-08-2026 19:05:58","812","Information","Microsoft-Windows-Winlogon","The winlogon notification subscriber <TermSrv> finished handling the notification event (4)."
"18-08-2026 19:05:58","811","Information","Microsoft-Windows-Winlogon","The winlogon notification subscriber <TermSrv> began handling the notification event (4)."
"18-08-2026 19:05:58","812","Information","Microsoft-Windows-Winlogon","The winlogon notification subscriber <Sens> finished handling the notification event (4)."
"18-08-2026 19:05:58","811","Information","Microsoft-Windows-Winlogon","The winlogon notification subscriber <Sens> began handling the notification event (4)."
"18-08-2026 19:01:14","812","Information","Microsoft-Windows-Winlogon","The winlogon notification subscriber <TermSrv> finished handling the notification event (5)."
"18-08-2026 19:01:14","811","Information","Microsoft-Windows-Winlogon","The winlogon notification subscriber <TermSrv> began handling the notification event (5)."
"18-08-2026 19:01:14","812","Information","Microsoft-Windows-Winlogon","The winlogon notification subscriber <Sens> finished handling the notification event (5)."
"18-08-2026 19:01:14","811","Information","Microsoft-Windows-Winlogon","The winlogon notification subscriber <Sens> began handling the notification event (5)."
"18-08-2026 18:36:24","812","Information","Microsoft-Windows-Winlogon","The winlogon notification subscriber <TermSrv> finished handling the notification event (4)."
"18-08-2026 18:36:24","811","Information","Microsoft-Windows-Winlogon","The winlogon notification subscriber <TermSrv> began handling the notification event (4)."
"18-08-2026 18:36:24","812","Information","Microsoft-Windows-Winlogon","The winlogon notification subscriber <Sens> finished handling the notification event (4)."
"18-08-2026 18:36:24","811","Information","Microsoft-Windows-Winlogon","The winlogon notification subscriber <Sens> began handling the notification event (4)."
"18-08-2026 18:34:23","812","Information","Microsoft-Windows-Winlogon","The winlogon notification subscriber <TermSrv> finished handling the notification event (5)."
"18-08-2026 18:34:23","811","Information","Microsoft-Windows-Winlogon","The winlogon notification subscriber <TermSrv> began handling the notification event (5)."
"18-08-2026 18:34:23","812","Information","Microsoft-Windows-Winlogon","The winlogon notification subscriber <Sens> finished handling the notification event (5)."
"18-08-2026 18:34:23","811","Information","Microsoft-Windows-Winlogon","The winlogon notification subscriber <Sens> began handling the notification event (5)."
"18-08-2026 18:34:16","812","Information","Microsoft-Windows-Winlogon","The winlogon notification subscriber <TermSrv> finished handling the notification event (4)."
"18-08-2026 18:34:16","811","Information","Microsoft-Windows-Winlogon","The winlogon notification subscriber <TermSrv> began handling the notification event (4)."
"18-08-2026 18:34:16","812","Information","Microsoft-Windows-Winlogon","The winlogon notification subscriber <Sens> finished handling the notification event (4)."
"18-08-2026 18:34:16","811","Information","Microsoft-Windows-Winlogon","The winlogon notification subscriber <Sens> began handling the notification event (4)."
"18-08-2026 15:57:44","812","Information","Microsoft-Windows-Winlogon","The winlogon notification subscriber <TermSrv> finished handling the notification event (5)."
"18-08-2026 15:57:44","811","Information","Microsoft-Windows-Winlogon","The winlogon notification subscriber <TermSrv> began handling the notification event (5)."
"18-08-2026 15:57:44","812","Information","Microsoft-Windows-Winlogon","The winlogon notification subscriber <Sens> finished handling the notification event (5)."
"18-08-2026 15:57:44","811","Information","Microsoft-Windows-Winlogon","The winlogon notification subscriber <Sens> began handling the notification event (5)."
"18-08-2026 15:36:22","812","Information","Microsoft-Windows-Winlogon","The winlogon notification subscriber <TermSrv> finished handling the notification event (4)."
"18-08-2026 15:36:22","811","Information","Microsoft-Windows-Winlogon","The winlogon notification subscriber <TermSrv> began handling the notification event (4)."
"18-08-2026 15:36:22","812","Information","Microsoft-Windows-Winlogon","The winlogon notification subscriber <Sens> finished handling the notification event (4)."
"18-08-2026 15:36:22","811","Information","Microsoft-Windows-Winlogon","The winlogon notification subscriber <Sens> began handling the notification event (4)."
"18-08-2026 15:36:13","812","Information","Microsoft-Windows-Winlogon","The winlogon notification subscriber <TermSrv> finished handling the notification event (5)."
"18-08-2026 15:36:13","811","Information","Microsoft-Windows-Winlogon","The winlogon notification subscriber <TermSrv> began handling the notification event (5)."
"18-08-2026 15:36:13","812","Information","Microsoft-Windows-Winlogon","The winlogon notification subscriber <Sens> finished handling the notification event (5)."
"18-08-2026 15:36:13","811","Information","Microsoft-Windows-Winlogon","The winlogon notification subscriber <Sens> began handling the notification event (5)."
"18-08-2026 15:31:08","812","Information","Microsoft-Windows-Winlogon","The winlogon notification subscriber <TermSrv> finished handling the notification event (4)."
"18-08-2026 15:31:08","811","Information","Microsoft-Windows-Winlogon","The winlogon notification subscriber <TermSrv> began handling the notification event (4)."
"18-08-2026 15:31:08","812","Information","Microsoft-Windows-Winlogon","The winlogon notification subscriber <Sens> finished handling the notification event (4)."
"18-08-2026 15:31:08","811","Information","Microsoft-Windows-Winlogon","The winlogon notification subscriber <Sens> began handling the notification event (4)."
"18-08-2026 15:30:08","812","Information","Microsoft-Windows-Winlogon","The winlogon notification subscriber <TermSrv> finished handling the notification event (5)."
"18-08-2026 15:30:08","811","Information","Microsoft-Windows-Winlogon","The winlogon notification subscriber <TermSrv> began handling the notification event (5)."
"18-08-2026 15:30:08","812","Information","Microsoft-Windows-Winlogon","The winlogon notification subscriber <Sens> finished handling the notification event (5)."
"18-08-2026 15:30:08","811","Information","Microsoft-Windows-Winlogon","The winlogon notification subscriber <Sens> began handling the notification event (5)."
"18-08-2026 15:29:32","812","Information","Microsoft-Windows-Winlogon","The winlogon notification subscriber <TermSrv> finished handling the notification event (4)."
"18-08-2026 15:29:32","811","Information","Microsoft-Windows-Winlogon","The winlogon notification subscriber <TermSrv> began handling the notification event (4)."
"18-08-2026 15:29:32","812","Information","Microsoft-Windows-Winlogon","The winlogon notification subscriber <Sens> finished handling the notification event (4)."
"18-08-2026 15:29:32","811","Information","Microsoft-Windows-Winlogon","The winlogon notification subscriber <Sens> began handling the notification event (4)."
"18-08-2026 15:10:30","812","Information","Microsoft-Windows-Winlogon","The winlogon notification subscriber <TermSrv> finished handling the notification event (5)."
"18-08-2026 15:10:30","811","Information","Microsoft-Windows-Winlogon","The winlogon notification subscriber <TermSrv> began handling the notification event (5)."
"18-08-2026 15:10:30","812","Information","Microsoft-Windows-Winlogon","The winlogon notification subscriber <Sens> finished handling the notification event (5)."
"18-08-2026 15:10:30","811","Information","Microsoft-Windows-Winlogon","The winlogon notification subscriber <Sens> began handling the notification event (5)."
"18-08-2026 15:06:46","812","Information","Microsoft-Windows-Winlogon","The winlogon notification subscriber <TermSrv> finished handling the notification event (4)."
"18-08-2026 15:06:46","811","Information","Microsoft-Windows-Winlogon","The winlogon notification subscriber <TermSrv> began handling the notification event (4)."
"18-08-2026 15:06:46","812","Information","Microsoft-Windows-Winlogon","The winlogon notification subscriber <Sens> finished handling the notification event (4)."
"18-08-2026 15:06:46","811","Information","Microsoft-Windows-Winlogon","The winlogon notification subscriber <Sens> began handling the notification event (4)."
"18-08-2026 14:31:29","812","Information","Microsoft-Windows-Winlogon","The winlogon notification subscriber <TermSrv> finished handling the notification event (14)."
"18-08-2026 14:31:29","811","Information","Microsoft-Windows-Winlogon","The winlogon notification subscriber <TermSrv> began handling the notification event (14)."
"18-08-2026 14:31:21","812","Information","Microsoft-Windows-Winlogon","The winlogon notification subscriber <TermSrv> finished handling the notification event (12)."
"18-08-2026 14:31:21","811","Information","Microsoft-Windows-Winlogon","The winlogon notification subscriber <TermSrv> began handling the notification event (12)."
"18-08-2026 14:31:21","812","Information","Microsoft-Windows-Winlogon","The winlogon notification subscriber <Sens> finished handling the notification event (12)."
"18-08-2026 14:31:21","811","Information","Microsoft-Windows-Winlogon","The winlogon notification subscriber <Sens> began handling the notification event (12)."
"18-08-2026 14:31:21","812","Information","Microsoft-Windows-Winlogon","The winlogon notification subscriber <GPClient> finished handling the notification event (12)."
"18-08-2026 14:31:21","811","Information","Microsoft-Windows-Winlogon","The winlogon notification subscriber <GPClient> began handling the notification event (12)."
"18-08-2026 14:31:21","812","Information","Microsoft-Windows-Winlogon","The winlogon notification subscriber <SessionEnv> finished handling the notification event (12)."
"18-08-2026 14:31:21","811","Information","Microsoft-Windows-Winlogon","The winlogon notification subscriber <SessionEnv> began handling the notification event (12)."
"18-08-2026 14:31:20","812","Information","Microsoft-Windows-Winlogon","The winlogon notification subscriber <Sens> finished handling the notification event (2)."
"18-08-2026 14:31:20","811","Information","Microsoft-Windows-Winlogon","The winlogon notification subscriber <Sens> began handling the notification event (2)."
"18-08-2026 14:31:20","812","Information","Microsoft-Windows-Winlogon","The winlogon notification subscriber <TermSrv> finished handling the notification event (2)."
"18-08-2026 14:31:20","811","Information","Microsoft-Windows-Winlogon","The winlogon notification subscriber <TermSrv> began handling the notification event (2)."
"18-08-2026 14:31:20","812","Information","Microsoft-Windows-Winlogon","The winlogon notification subscriber <GPClient> finished handling the notification event (2)."
"18-08-2026 14:31:20","811","Information","Microsoft-Windows-Winlogon","The winlogon notification subscriber <GPClient> began handling the notification event (2)."
"18-08-2026 14:31:20","812","Information","Microsoft-Windows-Winlogon","The winlogon notification subscriber <Profiles> finished handling the notification event (2)."
"18-08-2026 14:31:20","811","Information","Microsoft-Windows-Winlogon","The winlogon notification subscriber <Profiles> began handling the notification event (2)."
"18-08-2026 14:31:20","812","Information","Microsoft-Windows-Winlogon","The winlogon notification subscriber <SessionEnv> finished handling the notification event (2)."
"18-08-2026 14:31:20","811","Information","Microsoft-Windows-Winlogon","The winlogon notification subscriber <SessionEnv> began handling the notification event (2)."
"18-08-2026 14:31:20","2","Information","Microsoft-Windows-Winlogon","Authentication stopped. Result 0"
"18-08-2026 14:31:20","1","Information","Microsoft-Windows-Winlogon","Authentication started."
"18-08-2026 14:30:53","812","Information","Microsoft-Windows-Winlogon","The winlogon notification subscriber <TermSrv> finished handling the notification event (0)."
"18-08-2026 14:30:53","811","Information","Microsoft-Windows-Winlogon","The winlogon notification subscriber <TermSrv> began handling the notification event (0)."
"18-08-2026 14:30:53","812","Information","Microsoft-Windows-Winlogon","The winlogon notification subscriber <GPClient> finished handling the notification event (0)."
"18-08-2026 14:30:53","811","Information","Microsoft-Windows-Winlogon","The winlogon notification subscriber <GPClient> began handling the notification event (0)."
"18-08-2026 14:20:16","812","Information","Microsoft-Windows-Winlogon","The winlogon notification subscriber <TermSrv> finished handling the notification event (1)."
"18-08-2026 14:20:16","811","Information","Microsoft-Windows-Winlogon","The winlogon notification subscriber <TermSrv> began handling the notification event (1)."
"18-08-2026 14:20:16","812","Information","Microsoft-Windows-Winlogon","The winlogon notification subscriber <Dot3svc> finished handling the notification event (3)."
"18-08-2026 14:20:16","811","Information","Microsoft-Windows-Winlogon","The winlogon notification subscriber <Dot3svc> began handling the notification event (3)."
"18-08-2026 14:20:16","812","Information","Microsoft-Windows-Winlogon","The winlogon notification subscriber <Wlansvc> finished handling the notification event (3)."
"18-08-2026 14:20:16","811","Information","Microsoft-Windows-Winlogon","The winlogon notification subscriber <Wlansvc> began handling the notification event (3)."
"18-08-2026 14:20:16","812","Information","Microsoft-Windows-Winlogon","The winlogon notification subscriber <SessionEnv> finished handling the notification event (3)."
"18-08-2026 14:20:16","811","Information","Microsoft-Windows-Winlogon","The winlogon notification subscriber <SessionEnv> began handling the notification event (3)."
"18-08-2026 14:20:16","812","Information","Microsoft-Windows-Winlogon","The winlogon notification subscriber <Profiles> finished handling the notification event (3)."
"18-08-2026 14:20:16","811","Information","Microsoft-Windows-Winlogon","The winlogon notification subscriber <Profiles> began handling the notification event (3)."
"18-08-2026 14:20:16","812","Information","Microsoft-Windows-Winlogon","The winlogon notification subscriber <GPClient> finished handling the notification event (3)."
"18-08-2026 14:20:16","811","Information","Microsoft-Windows-Winlogon","The winlogon notification subscriber <GPClient> began handling the notification event (3)."
"18-08-2026 14:20:16","812","Information","Microsoft-Windows-Winlogon","The winlogon notification subscriber <TermSrv> finished handling the notification event (3)."
"18-08-2026 14:20:16","811","Information","Microsoft-Windows-Winlogon","The winlogon notification subscriber <TermSrv> began handling the notification event (3)."
"18-08-2026 14:20:16","812","Information","Microsoft-Windows-Winlogon","The winlogon notification subscriber <Sens> finished handling the notification event (3)."
"18-08-2026 14:20:16","811","Information","Microsoft-Windows-Winlogon","The winlogon notification subscriber <Sens> began handling the notification event (3)."
"18-08-2026 14:20:16","812","Information","Microsoft-Windows-Winlogon","The winlogon notification subscriber <TermSrv> finished handling the notification event (13)."
"18-08-2026 14:20:16","811","Information","Microsoft-Windows-Winlogon","The winlogon notification subscriber <TermSrv> began handling the notification event (13)."
"18-08-2026 14:20:16","812","Information","Microsoft-Windows-Winlogon","The winlogon notification subscriber <GPClient> finished handling the notification event (13)."
"18-08-2026 14:20:16","811","Information","Microsoft-Windows-Winlogon","The winlogon notification subscriber <GPClient> began handling the notification event (13)."
"18-08-2026 14:20:16","812","Information","Microsoft-Windows-Winlogon","The winlogon notification subscriber <GPClient> finished handling the notification event (13)."
"18-08-2026 14:20:16","811","Information","Microsoft-Windows-Winlogon","The winlogon notification subscriber <GPClient> began handling the notification event (13)."
"18-08-2026 14:05:57","812","Information","Microsoft-Windows-Winlogon","The winlogon notification subscriber <TermSrv> finished handling the notification event (5)."
"18-08-2026 14:05:57","811","Information","Microsoft-Windows-Winlogon","The winlogon notification subscriber <TermSrv> began handling the notification event (5)."
"18-08-2026 14:05:57","812","Information","Microsoft-Windows-Winlogon","The winlogon notification subscriber <Sens> finished handling the notification event (5)."
"18-08-2026 14:05:57","811","Information","Microsoft-Windows-Winlogon","The winlogon notification subscriber <Sens> began handling the notification event (5)."
"18-08-2026 13:18:12","812","Information","Microsoft-Windows-Winlogon","The winlogon notification subscriber <TermSrv> finished handling the notification event (4)."
"18-08-2026 13:18:12","811","Information","Microsoft-Windows-Winlogon","The winlogon notification subscriber <TermSrv> began handling the notification event (4)."
"18-08-2026 13:18:12","812","Information","Microsoft-Windows-Winlogon","The winlogon notification subscriber <Sens> finished handling the notification event (4)."
"18-08-2026 13:18:12","811","Information","Microsoft-Windows-Winlogon","The winlogon notification subscriber <Sens> began handling the notification event (4)."
"18-08-2026 13:12:56","812","Information","Microsoft-Windows-Winlogon","The winlogon notification subscriber <TermSrv> finished handling the notification event (5)."
"18-08-2026 13:12:56","811","Information","Microsoft-Windows-Winlogon","The winlogon notification subscriber <TermSrv> began handling the notification event (5)."
"18-08-2026 13:12:56","812","Information","Microsoft-Windows-Winlogon","The winlogon notification subscriber <Sens> finished handling the notification event (5)."
"18-08-2026 13:12:56","811","Information","Microsoft-Windows-Winlogon","The winlogon notification subscriber <Sens> began handling the notification event (5)."
"18-08-2026 12:06:42","812","Information","Microsoft-Windows-Winlogon","The winlogon notification subscriber <TermSrv> finished handling the notification event (4)."
"18-08-2026 12:06:42","811","Information","Microsoft-Windows-Winlogon","The winlogon notification subscriber <TermSrv> began handling the notification event (4)."
"18-08-2026 12:06:42","812","Information","Microsoft-Windows-Winlogon","The winlogon notification subscriber <Sens> finished handling the notification event (4)."
"18-08-2026 12:06:42","811","Information","Microsoft-Windows-Winlogon","The winlogon notification subscriber <Sens> began handling the notification event (4)."
"18-08-2026 11:02:59","812","Information","Microsoft-Windows-Winlogon","The winlogon notification subscriber <TermSrv> finished handling the notification event (5)."
"18-08-2026 11:02:59","811","Information","Microsoft-Windows-Winlogon","The winlogon notification subscriber <TermSrv> began handling the notification event (5)."
"18-08-2026 11:02:59","812","Information","Microsoft-Windows-Winlogon","The winlogon notification subscriber <Sens> finished handling the notification event (5)."
"18-08-2026 11:02:59","811","Information","Microsoft-Windows-Winlogon","The winlogon notification subscriber <Sens> began handling the notification event (5)."
"18-08-2026 10:59:10","812","Information","Microsoft-Windows-Winlogon","The winlogon notification subscriber <TermSrv> finished handling the notification event (4)."
"18-08-2026 10:59:10","811","Information","Microsoft-Windows-Winlogon","The winlogon notification subscriber <TermSrv> began handling the notification event (4)."
"18-08-2026 10:59:10","812","Information","Microsoft-Windows-Winlogon","The winlogon notification subscriber <Sens> finished handling the notification event (4)."
"18-08-2026 10:59:10","811","Information","Microsoft-Windows-Winlogon","The winlogon notification subscriber <Sens> began handling the notification event (4)."
"18-08-2026 10:50:13","812","Information","Microsoft-Windows-Winlogon","The winlogon notification subscriber <TermSrv> finished handling the notification event (5)."
"18-08-2026 10:50:13","811","Information","Microsoft-Windows-Winlogon","The winlogon notification subscriber <TermSrv> began handling the notification event (5)."
"18-08-2026 10:50:13","812","Information","Microsoft-Windows-Winlogon","The winlogon notification subscriber <Sens> finished handling the notification event (5)."
"18-08-2026 10:50:13","811","Information","Microsoft-Windows-Winlogon","The winlogon notification subscriber <Sens> began handling the notification event (5)."
"18-08-2026 10:49:04","812","Information","Microsoft-Windows-Winlogon","The winlogon notification subscriber <TermSrv> finished handling the notification event (4)."
"18-08-2026 10:49:04","811","Information","Microsoft-Windows-Winlogon","The winlogon notification subscriber <TermSrv> began handling the notification event (4)."
"18-08-2026 10:49:04","812","Information","Microsoft-Windows-Winlogon","The winlogon notification subscriber <Sens> finished handling the notification event (4)."
"18-08-2026 10:49:04","811","Information","Microsoft-Windows-Winlogon","The winlogon notification subscriber <Sens> began handling the notification event (4)."
"18-08-2026 10:29:46","812","Information","Microsoft-Windows-Winlogon","The winlogon notification subscriber <TermSrv> finished handling the notification event (14)."
"18-08-2026 10:29:46","811","Information","Microsoft-Windows-Winlogon","The winlogon notification subscriber <TermSrv> began handling the notification event (14)."
"18-08-2026 10:29:37","812","Information","Microsoft-Windows-Winlogon","The winlogon notification subscriber <TermSrv> finished handling the notification event (12)."
"18-08-2026 10:29:37","811","Information","Microsoft-Windows-Winlogon","The winlogon notification subscriber <TermSrv> began handling the notification event (12)."
"18-08-2026 10:29:37","812","Information","Microsoft-Windows-Winlogon","The winlogon notification subscriber <Sens> finished handling the notification event (12)."
"18-08-2026 10:29:37","811","Information","Microsoft-Windows-Winlogon","The winlogon notification subscriber <Sens> began handling the notification event (12)."
"18-08-2026 10:29:37","812","Information","Microsoft-Windows-Winlogon","The winlogon notification subscriber <GPClient> finished handling the notification event (12)."
"18-08-2026 10:29:37","811","Information","Microsoft-Windows-Winlogon","The winlogon notification subscriber <GPClient> began handling the notification event (12)."
"18-08-2026 10:29:37","812","Information","Microsoft-Windows-Winlogon","The winlogon notification subscriber <SessionEnv> finished handling the notification event (12)."
"18-08-2026 10:29:37","811","Information","Microsoft-Windows-Winlogon","The winlogon notification subscriber <SessionEnv> began handling the notification event (12)."
"18-08-2026 10:29:37","812","Information","Microsoft-Windows-Winlogon","The winlogon notification subscriber <Sens> finished handling the notification event (2)."
"18-08-2026 10:29:37","811","Information","Microsoft-Windows-Winlogon","The winlogon notification subscriber <Sens> began handling the notification event (2)."
"18-08-2026 10:29:37","812","Information","Microsoft-Windows-Winlogon","The winlogon notification subscriber <TermSrv> finished handling the notification event (2)."
"18-08-2026 10:29:37","811","Information","Microsoft-Windows-Winlogon","The winlogon notification subscriber <TermSrv> began handling the notification event (2)."
"18-08-2026 10:29:37","812","Information","Microsoft-Windows-Winlogon","The winlogon notification subscriber <GPClient> finished handling the notification event (2)."
"18-08-2026 10:29:37","811","Information","Microsoft-Windows-Winlogon","The winlogon notification subscriber <GPClient> began handling the notification event (2)."
"18-08-2026 10:29:37","812","Information","Microsoft-Windows-Winlogon","The winlogon notification subscriber <Profiles> finished handling the notification event (2)."
"18-08-2026 10:29:37","811","Information","Microsoft-Windows-Winlogon","The winlogon notification subscriber <Profiles> began handling the notification event (2)."
"18-08-2026 10:29:37","812","Information","Microsoft-Windows-Winlogon","The winlogon notification subscriber <SessionEnv> finished handling the notification event (2)."
"18-08-2026 10:29:37","811","Information","Microsoft-Windows-Winlogon","The winlogon notification subscriber <SessionEnv> began handling the notification event (2)."
"18-08-2026 10:29:37","2","Information","Microsoft-Windows-Winlogon","Authentication stopped. Result 0"
"18-08-2026 10:29:30","1","Information","Microsoft-Windows-Winlogon","Authentication started."
"18-08-2026 10:29:23","2","Information","Microsoft-Windows-Winlogon","Authentication stopped. Result 1326"
"18-08-2026 10:29:19","1","Information","Microsoft-Windows-Winlogon","Authentication started."
"18-08-2026 10:28:56","812","Information","Microsoft-Windows-Winlogon","The winlogon notification subscriber <TermSrv> finished handling the notification event (0)."
"18-08-2026 10:28:56","811","Information","Microsoft-Windows-Winlogon","The winlogon notification subscriber <TermSrv> began handling the notification event (0)."
"18-08-2026 10:28:56","812","Information","Microsoft-Windows-Winlogon","The winlogon notification subscriber <GPClient> finished handling the notification event (0)."
"18-08-2026 10:28:56","811","Information","Microsoft-Windows-Winlogon","The winlogon notification subscriber <GPClient> began handling the notification event (0)."
"18-08-2026 10:28:03","812","Information","Microsoft-Windows-Winlogon","The winlogon notification subscriber <TermSrv> finished handling the notification event (1)."
"18-08-2026 10:28:03","811","Information","Microsoft-Windows-Winlogon","The winlogon notification subscriber <TermSrv> began handling the notification event (1)."
"18-08-2026 10:28:03","812","Information","Microsoft-Windows-Winlogon","The winlogon notification subscriber <Dot3svc> finished handling the notification event (3)."
"18-08-2026 10:28:03","811","Information","Microsoft-Windows-Winlogon","The winlogon notification subscriber <Dot3svc> began handling the notification event (3)."
"18-08-2026 10:28:03","812","Information","Microsoft-Windows-Winlogon","The winlogon notification subscriber <Wlansvc> finished handling the notification event (3)."
"18-08-2026 10:28:03","811","Information","Microsoft-Windows-Winlogon","The winlogon notification subscriber <Wlansvc> began handling the notification event (3)."
"18-08-2026 10:28:03","812","Information","Microsoft-Windows-Winlogon","The winlogon notification subscriber <SessionEnv> finished handling the notification event (3)."
"18-08-2026 10:28:03","811","Information","Microsoft-Windows-Winlogon","The winlogon notification subscriber <SessionEnv> began handling the notification event (3)."
"18-08-2026 10:28:03","812","Information","Microsoft-Windows-Winlogon","The winlogon notification subscriber <Profiles> finished handling the notification event (3)."
"18-08-2026 10:28:03","811","Information","Microsoft-Windows-Winlogon","The winlogon notification subscriber <Profiles> began handling the notification event (3)."
"18-08-2026 10:28:03","812","Information","Microsoft-Windows-Winlogon","The winlogon notification subscriber <GPClient> finished handling the notification event (3)."
"18-08-2026 10:28:03","811","Information","Microsoft-Windows-Winlogon","The winlogon notification subscriber <GPClient> began handling the notification event (3)."
"18-08-2026 10:28:03","812","Information","Microsoft-Windows-Winlogon","The winlogon notification subscriber <TermSrv> finished handling the notification event (3)."
"18-08-2026 10:28:03","811","Information","Microsoft-Windows-Winlogon","The winlogon notification subscriber <TermSrv> began handling the notification event (3)."
"18-08-2026 10:28:03","812","Information","Microsoft-Windows-Winlogon","The winlogon notification subscriber <Sens> finished handling the notification event (3)."
"18-08-2026 10:28:03","811","Information","Microsoft-Windows-Winlogon","The winlogon notification subscriber <Sens> began handling the notification event (3)."
"18-08-2026 10:28:03","812","Information","Microsoft-Windows-Winlogon","The winlogon notification subscriber <TermSrv> finished handling the notification event (13)."
"18-08-2026 10:28:03","811","Information","Microsoft-Windows-Winlogon","The winlogon notification subscriber <TermSrv> began handling the notification event (13)."
"18-08-2026 10:28:03","812","Information","Microsoft-Windows-Winlogon","The winlogon notification subscriber <GPClient> finished handling the notification event (13)."
"18-08-2026 10:28:03","811","Information","Microsoft-Windows-Winlogon","The winlogon notification subscriber <GPClient> began handling the notification event (13)."
"18-08-2026 10:28:03","812","Information","Microsoft-Windows-Winlogon","The winlogon notification subscriber <GPClient> finished handling the notification event (13)."
"18-08-2026 10:28:03","811","Information","Microsoft-Windows-Winlogon","The winlogon notification subscriber <GPClient> began handling the notification event (13)."
"18-08-2026 10:09:09","812","Information","Microsoft-Windows-Winlogon","The winlogon notification subscriber <TermSrv> finished handling the notification event (5)."
"18-08-2026 10:09:09","811","Information","Microsoft-Windows-Winlogon","The winlogon notification subscriber <TermSrv> began handling the notification event (5)."
"18-08-2026 10:09:09","812","Information","Microsoft-Windows-Winlogon","The winlogon notification subscriber <Sens> finished handling the notification event (5)."
"18-08-2026 10:09:09","811","Information","Microsoft-Windows-Winlogon","The winlogon notification subscriber <Sens> began handling the notification event (5)."
"18-08-2026 09:43:06","812","Information","Microsoft-Windows-Winlogon","The winlogon notification subscriber <TermSrv> finished handling the notification event (4)."
"18-08-2026 09:43:06","811","Information","Microsoft-Windows-Winlogon","The winlogon notification subscriber <TermSrv> began handling the notification event (4)."
"18-08-2026 09:43:06","812","Information","Microsoft-Windows-Winlogon","The winlogon notification subscriber <Sens> finished handling the notification event (4)."
"18-08-2026 09:43:06","811","Information","Microsoft-Windows-Winlogon","The winlogon notification subscriber <Sens> began handling the notification event (4)."
"18-08-2026 09:40:57","812","Information","Microsoft-Windows-Winlogon","The winlogon notification subscriber <TermSrv> finished handling the notification event (5)."
"18-08-2026 09:40:57","811","Information","Microsoft-Windows-Winlogon","The winlogon notification subscriber <TermSrv> began handling the notification event (5)."
"18-08-2026 09:40:57","812","Information","Microsoft-Windows-Winlogon","The winlogon notification subscriber <Sens> finished handling the notification event (5)."
"18-08-2026 09:40:57","811","Information","Microsoft-Windows-Winlogon","The winlogon notification subscriber <Sens> began handling the notification event (5)."
"17-08-2026 20:07:48","812","Information","Microsoft-Windows-Winlogon","The winlogon notification subscriber <TermSrv> finished handling the notification event (4)."
"17-08-2026 20:07:48","811","Information","Microsoft-Windows-Winlogon","The winlogon notification subscriber <TermSrv> began handling the notification event (4)."
"17-08-2026 20:07:48","812","Information","Microsoft-Windows-Winlogon","The winlogon notification subscriber <Sens> finished handling the notification event (4)."
"17-08-2026 20:07:48","811","Information","Microsoft-Windows-Winlogon","The winlogon notification subscriber <Sens> began handling the notification event (4)."
"17-08-2026 19:41:14","812","Information","Microsoft-Windows-Winlogon","The winlogon notification subscriber <TermSrv> finished handling the notification event (5)."
"17-08-2026 19:41:14","811","Information","Microsoft-Windows-Winlogon","The winlogon notification subscriber <TermSrv> began handling the notification event (5)."
"17-08-2026 19:41:14","812","Information","Microsoft-Windows-Winlogon","The winlogon notification subscriber <Sens> finished handling the notification event (5)."
"17-08-2026 19:41:14","811","Information","Microsoft-Windows-Winlogon","The winlogon notification subscriber <Sens> began handling the notification event (5)."
"17-08-2026 19:41:10","812","Information","Microsoft-Windows-Winlogon","The winlogon notification subscriber <TermSrv> finished handling the notification event (4)."
"17-08-2026 19:41:10","811","Information","Microsoft-Windows-Winlogon","The winlogon notification subscriber <TermSrv> began handling the notification event (4)."
"17-08-2026 19:41:10","812","Information","Microsoft-Windows-Winlogon","The winlogon notification subscriber <Sens> finished handling the notification event (4)."
"17-08-2026 19:41:10","811","Information","Microsoft-Windows-Winlogon","The winlogon notification subscriber <Sens> began handling the notification event (4)."
"17-08-2026 18:33:49","812","Information","Microsoft-Windows-Winlogon","The winlogon notification subscriber <TermSrv> finished handling the notification event (5)."
"17-08-2026 18:33:49","811","Information","Microsoft-Windows-Winlogon","The winlogon notification subscriber <TermSrv> began handling the notification event (5)."
"17-08-2026 18:33:49","812","Information","Microsoft-Windows-Winlogon","The winlogon notification subscriber <Sens> finished handling the notification event (5)."
"17-08-2026 18:33:49","811","Information","Microsoft-Windows-Winlogon","The winlogon notification subscriber <Sens> began handling the notification event (5)."
"17-08-2026 17:51:19","812","Information","Microsoft-Windows-Winlogon","The winlogon notification subscriber <TermSrv> finished handling the notification event (4)."
"17-08-2026 17:51:19","811","Information","Microsoft-Windows-Winlogon","The winlogon notification subscriber <TermSrv> began handling the notification event (4)."
"17-08-2026 17:51:19","812","Information","Microsoft-Windows-Winlogon","The winlogon notification subscriber <Sens> finished handling the notification event (4)."
"17-08-2026 17:51:19","811","Information","Microsoft-Windows-Winlogon","The winlogon notification subscriber <Sens> began handling the notification event (4)."
"17-08-2026 17:35:48","812","Information","Microsoft-Windows-Winlogon","The winlogon notification subscriber <TermSrv> finished handling the notification event (5)."
"17-08-2026 17:35:48","811","Information","Microsoft-Windows-Winlogon","The winlogon notification subscriber <TermSrv> began handling the notification event (5)."
"17-08-2026 17:35:48","812","Information","Microsoft-Windows-Winlogon","The winlogon notification subscriber <Sens> finished handling the notification event (5)."
"17-08-2026 17:35:48","811","Information","Microsoft-Windows-Winlogon","The winlogon notification subscriber <Sens> began handling the notification event (5)."
"17-08-2026 17:31:54","812","Information","Microsoft-Windows-Winlogon","The winlogon notification subscriber <TermSrv> finished handling the notification event (4)."
"17-08-2026 17:31:54","811","Information","Microsoft-Windows-Winlogon","The winlogon notification subscriber <TermSrv> began handling the notification event (4)."
"17-08-2026 17:31:54","812","Information","Microsoft-Windows-Winlogon","The winlogon notification subscriber <Sens> finished handling the notification event (4)."
"17-08-2026 17:31:54","811","Information","Microsoft-Windows-Winlogon","The winlogon notification subscriber <Sens> began handling the notification event (4)."
"17-08-2026 16:59:05","812","Information","Microsoft-Windows-Winlogon","The winlogon notification subscriber <TermSrv> finished handling the notification event (5)."
"17-08-2026 16:59:05","811","Information","Microsoft-Windows-Winlogon","The winlogon notification subscriber <TermSrv> began handling the notification event (5)."
"17-08-2026 16:59:05","812","Information","Microsoft-Windows-Winlogon","The winlogon notification subscriber <Sens> finished handling the notification event (5)."
"17-08-2026 16:59:05","811","Information","Microsoft-Windows-Winlogon","The winlogon notification subscriber <Sens> began handling the notification event (5)."
"17-08-2026 16:56:15","812","Information","Microsoft-Windows-Winlogon","The winlogon notification subscriber <TermSrv> finished handling the notification event (4)."
"17-08-2026 16:56:15","811","Information","Microsoft-Windows-Winlogon","The winlogon notification subscriber <TermSrv> began handling the notification event (4)."
"17-08-2026 16:56:15","812","Information","Microsoft-Windows-Winlogon","The winlogon notification subscriber <Sens> finished handling the notification event (4)."
"17-08-2026 16:56:15","811","Information","Microsoft-Windows-Winlogon","The winlogon notification subscriber <Sens> began handling the notification event (4)."
"17-08-2026 16:55:00","812","Information","Microsoft-Windows-Winlogon","The winlogon notification subscriber <TermSrv> finished handling the notification event (5)."
"17-08-2026 16:55:00","811","Information","Microsoft-Windows-Winlogon","The winlogon notification subscriber <TermSrv> began handling the notification event (5)."
"17-08-2026 16:55:00","812","Information","Microsoft-Windows-Winlogon","The winlogon notification subscriber <Sens> finished handling the notification event (5)."
"17-08-2026 16:55:00","811","Information","Microsoft-Windows-Winlogon","The winlogon notification subscriber <Sens> began handling the notification event (5)."
"17-08-2026 16:38:49","812","Information","Microsoft-Windows-Winlogon","The winlogon notification subscriber <TermSrv> finished handling the notification event (4)."
"17-08-2026 16:38:49","811","Information","Microsoft-Windows-Winlogon","The winlogon notification subscriber <TermSrv> began handling the notification event (4)."
"17-08-2026 16:38:49","812","Information","Microsoft-Windows-Winlogon","The winlogon notification subscriber <Sens> finished handling the notification event (4)."
"17-08-2026 16:38:49","811","Information","Microsoft-Windows-Winlogon","The winlogon notification subscriber <Sens> began handling the notification event (4)."
"17-08-2026 16:38:28","812","Information","Microsoft-Windows-Winlogon","The winlogon notification subscriber <TermSrv> finished handling the notification event (5)."
"17-08-2026 16:38:28","811","Information","Microsoft-Windows-Winlogon","The winlogon notification subscriber <TermSrv> began handling the notification event (5)."
"17-08-2026 16:38:28","812","Information","Microsoft-Windows-Winlogon","The winlogon notification subscriber <Sens> finished handling the notification event (5)."
"17-08-2026 16:38:28","811","Information","Microsoft-Windows-Winlogon","The winlogon notification subscriber <Sens> began handling the notification event (5)."
"17-08-2026 16:38:13","812","Information","Microsoft-Windows-Winlogon","The winlogon notification subscriber <TermSrv> finished handling the notification event (4)."
"17-08-2026 16:38:13","811","Information","Microsoft-Windows-Winlogon","The winlogon notification subscriber <TermSrv> began handling the notification event (4)."
"17-08-2026 16:38:13","812","Information","Microsoft-Windows-Winlogon","The winlogon notification subscriber <Sens> finished handling the notification event (4)."
"17-08-2026 16:38:13","811","Information","Microsoft-Windows-Winlogon","The winlogon notification subscriber <Sens> began handling the notification event (4)."
"17-08-2026 14:03:49","812","Information","Microsoft-Windows-Winlogon","The winlogon notification subscriber <TermSrv> finished handling the notification event (5)."
"17-08-2026 14:03:49","811","Information","Microsoft-Windows-Winlogon","The winlogon notification subscriber <TermSrv> began handling the notification event (5)."
"17-08-2026 14:03:49","812","Information","Microsoft-Windows-Winlogon","The winlogon notification subscriber <Sens> finished handling the notification event (5)."
"17-08-2026 14:03:49","811","Information","Microsoft-Windows-Winlogon","The winlogon notification subscriber <Sens> began handling the notification event (5)."
"17-08-2026 13:39:02","812","Information","Microsoft-Windows-Winlogon","The winlogon notification subscriber <TermSrv> finished handling the notification event (4)."
"17-08-2026 13:39:02","811","Information","Microsoft-Windows-Winlogon","The winlogon notification subscriber <TermSrv> began handling the notification event (4)."
"17-08-2026 13:39:02","812","Information","Microsoft-Windows-Winlogon","The winlogon notification subscriber <Sens> finished handling the notification event (4)."
"17-08-2026 13:39:02","811","Information","Microsoft-Windows-Winlogon","The winlogon notification subscriber <Sens> began handling the notification event (4)."
"17-08-2026 13:30:50","812","Information","Microsoft-Windows-Winlogon","The winlogon notification subscriber <TermSrv> finished handling the notification event (5)."
"17-08-2026 13:30:50","811","Information","Microsoft-Windows-Winlogon","The winlogon notification subscriber <TermSrv> began handling the notification event (5)."
"17-08-2026 13:30:50","812","Information","Microsoft-Windows-Winlogon","The winlogon notification subscriber <Sens> finished handling the notification event (5)."
"17-08-2026 13:30:50","811","Information","Microsoft-Windows-Winlogon","The winlogon notification subscriber <Sens> began handling the notification event (5)."
"17-08-2026 12:47:46","812","Information","Microsoft-Windows-Winlogon","The winlogon notification subscriber <TermSrv> finished handling the notification event (4)."
"17-08-2026 12:47:46","811","Information","Microsoft-Windows-Winlogon","The winlogon notification subscriber <TermSrv> began handling the notification event (4)."
"17-08-2026 12:47:46","812","Information","Microsoft-Windows-Winlogon","The winlogon notification subscriber <Sens> finished handling the notification event (4)."
"17-08-2026 12:47:46","811","Information","Microsoft-Windows-Winlogon","The winlogon notification subscriber <Sens> began handling the notification event (4)."
"17-08-2026 11:28:32","812","Information","Microsoft-Windows-Winlogon","The winlogon notification subscriber <TermSrv> finished handling the notification event (5)."
"17-08-2026 11:28:32","811","Information","Microsoft-Windows-Winlogon","The winlogon notification subscriber <TermSrv> began handling the notification event (5)."
"17-08-2026 11:28:32","812","Information","Microsoft-Windows-Winlogon","The winlogon notification subscriber <Sens> finished handling the notification event (5)."
"17-08-2026 11:28:32","811","Information","Microsoft-Windows-Winlogon","The winlogon notification subscriber <Sens> began handling the notification event (5)."
"17-08-2026 11:05:23","812","Information","Microsoft-Windows-Winlogon","The winlogon notification subscriber <TermSrv> finished handling the notification event (4)."
"17-08-2026 11:05:23","811","Information","Microsoft-Windows-Winlogon","The winlogon notification subscriber <TermSrv> began handling the notification event (4)."
"17-08-2026 11:05:23","812","Information","Microsoft-Windows-Winlogon","The winlogon notification subscriber <Sens> finished handling the notification event (4)."
"17-08-2026 11:05:23","811","Information","Microsoft-Windows-Winlogon","The winlogon notification subscriber <Sens> began handling the notification event (4)."
"17-08-2026 10:09:56","812","Information","Microsoft-Windows-Winlogon","The winlogon notification subscriber <TermSrv> finished handling the notification event (5)."
"17-08-2026 10:09:56","811","Information","Microsoft-Windows-Winlogon","The winlogon notification subscriber <TermSrv> began handling the notification event (5)."
"17-08-2026 10:09:56","812","Information","Microsoft-Windows-Winlogon","The winlogon notification subscriber <Sens> finished handling the notification event (5)."
"17-08-2026 10:09:56","811","Information","Microsoft-Windows-Winlogon","The winlogon notification subscriber <Sens> began handling the notification event (5)."
"17-08-2026 10:00:58","812","Information","Microsoft-Windows-Winlogon","The winlogon notification subscriber <TermSrv> finished handling the notification event (4)."
"17-08-2026 10:00:58","811","Information","Microsoft-Windows-Winlogon","The winlogon notification subscriber <TermSrv> began handling the notification event (4)."
"17-08-2026 10:00:58","812","Information","Microsoft-Windows-Winlogon","The winlogon notification subscriber <Sens> finished handling the notification event (4)."
"17-08-2026 10:00:58","811","Information","Microsoft-Windows-Winlogon","The winlogon notification subscriber <Sens> began handling the notification event (4)."
"17-08-2026 09:36:51","812","Information","Microsoft-Windows-Winlogon","The winlogon notification subscriber <TermSrv> finished handling the notification event (5)."
"17-08-2026 09:36:51","811","Information","Microsoft-Windows-Winlogon","The winlogon notification subscriber <TermSrv> began handling the notification event (5)."
"17-08-2026 09:36:51","812","Information","Microsoft-Windows-Winlogon","The winlogon notification subscriber <Sens> finished handling the notification event (5)."
"17-08-2026 09:36:51","811","Information","Microsoft-Windows-Winlogon","The winlogon notification subscriber <Sens> began handling the notification event (5)."
"14-08-2026 19:42:39","812","Information","Microsoft-Windows-Winlogon","The winlogon notification subscriber <TermSrv> finished handling the notification event (4)."
"14-08-2026 19:42:39","811","Information","Microsoft-Windows-Winlogon","The winlogon notification subscriber <TermSrv> began handling the notification event (4)."
"14-08-2026 19:42:39","812","Information","Microsoft-Windows-Winlogon","The winlogon notification subscriber <Sens> finished handling the notification event (4)."
"14-08-2026 19:42:39","811","Information","Microsoft-Windows-Winlogon","The winlogon notification subscriber <Sens> began handling the notification event (4)."
"14-08-2026 18:35:28","812","Information","Microsoft-Windows-Winlogon","The winlogon notification subscriber <TermSrv> finished handling the notification event (5)."
"14-08-2026 18:35:28","811","Information","Microsoft-Windows-Winlogon","The winlogon notification subscriber <TermSrv> began handling the notification event (5)."
"14-08-2026 18:35:28","812","Information","Microsoft-Windows-Winlogon","The winlogon notification subscriber <Sens> finished handling the notification event (5)."
"14-08-2026 18:35:28","811","Information","Microsoft-Windows-Winlogon","The winlogon notification subscriber <Sens> began handling the notification event (5)."
"14-08-2026 18:08:21","812","Information","Microsoft-Windows-Winlogon","The winlogon notification subscriber <TermSrv> finished handling the notification event (4)."
"14-08-2026 18:08:21","811","Information","Microsoft-Windows-Winlogon","The winlogon notification subscriber <TermSrv> began handling the notification event (4)."
"14-08-2026 18:08:21","812","Information","Microsoft-Windows-Winlogon","The winlogon notification subscriber <Sens> finished handling the notification event (4)."
"14-08-2026 18:08:21","811","Information","Microsoft-Windows-Winlogon","The winlogon notification subscriber <Sens> began handling the notification event (4)."
"14-08-2026 18:07:16","812","Information","Microsoft-Windows-Winlogon","The winlogon notification subscriber <TermSrv> finished handling the notification event (5)."
"14-08-2026 18:07:16","811","Information","Microsoft-Windows-Winlogon","The winlogon notification subscriber <TermSrv> began handling the notification event (5)."
"14-08-2026 18:07:16","812","Information","Microsoft-Windows-Winlogon","The winlogon notification subscriber <Sens> finished handling the notification event (5)."
"14-08-2026 18:07:16","811","Information","Microsoft-Windows-Winlogon","The winlogon notification subscriber <Sens> began handling the notification event (5)."
"14-08-2026 18:04:03","812","Information","Microsoft-Windows-Winlogon","The winlogon notification subscriber <TermSrv> finished handling the notification event (4)."
"14-08-2026 18:04:03","811","Information","Microsoft-Windows-Winlogon","The winlogon notification subscriber <TermSrv> began handling the notification event (4)."
"14-08-2026 18:04:03","812","Information","Microsoft-Windows-Winlogon","The winlogon notification subscriber <Sens> finished handling the notification event (4)."
"14-08-2026 18:04:03","811","Information","Microsoft-Windows-Winlogon","The winlogon notification subscriber <Sens> began handling the notification event (4)."
"14-08-2026 17:50:17","812","Information","Microsoft-Windows-Winlogon","The winlogon notification subscriber <TermSrv> finished handling the notification event (5)."
"14-08-2026 17:50:17","811","Information","Microsoft-Windows-Winlogon","The winlogon notification subscriber <TermSrv> began handling the notification event (5)."
"14-08-2026 17:50:17","812","Information","Microsoft-Windows-Winlogon","The winlogon notification subscriber <Sens> finished handling the notification event (5)."
"14-08-2026 17:50:17","811","Information","Microsoft-Windows-Winlogon","The winlogon notification subscriber <Sens> began handling the notification event (5)."
"14-08-2026 17:49:45","812","Information","Microsoft-Windows-Winlogon","The winlogon notification subscriber <TermSrv> finished handling the notification event (4)."
"14-08-2026 17:49:45","811","Information","Microsoft-Windows-Winlogon","The winlogon notification subscriber <TermSrv> began handling the notification event (4)."
"14-08-2026 17:49:45","812","Information","Microsoft-Windows-Winlogon","The winlogon notification subscriber <Sens> finished handling the notification event (4)."
"14-08-2026 17:49:45","811","Information","Microsoft-Windows-Winlogon","The winlogon notification subscriber <Sens> began handling the notification event (4)."
"14-08-2026 17:35:15","812","Information","Microsoft-Windows-Winlogon","The winlogon notification subscriber <TermSrv> finished handling the notification event (5)."
"14-08-2026 17:35:15","811","Information","Microsoft-Windows-Winlogon","The winlogon notification subscriber <TermSrv> began handling the notification event (5)."
"14-08-2026 17:35:15","812","Information","Microsoft-Windows-Winlogon","The winlogon notification subscriber <Sens> finished handling the notification event (5)."
"14-08-2026 17:35:15","811","Information","Microsoft-Windows-Winlogon","The winlogon notification subscriber <Sens> began handling the notification event (5)."
"14-08-2026 17:16:06","812","Information","Microsoft-Windows-Winlogon","The winlogon notification subscriber <TermSrv> finished handling the notification event (4)."
"14-08-2026 17:16:06","811","Information","Microsoft-Windows-Winlogon","The winlogon notification subscriber <TermSrv> began handling the notification event (4)."
"14-08-2026 17:16:06","812","Information","Microsoft-Windows-Winlogon","The winlogon notification subscriber <Sens> finished handling the notification event (4)."
"14-08-2026 17:16:06","811","Information","Microsoft-Windows-Winlogon","The winlogon notification subscriber <Sens> began handling the notification event (4)."
"14-08-2026 14:09:14","812","Information","Microsoft-Windows-Winlogon","The winlogon notification subscriber <TermSrv> finished handling the notification event (5)."
"14-08-2026 14:09:14","811","Information","Microsoft-Windows-Winlogon","The winlogon notification subscriber <TermSrv> began handling the notification event (5)."
"14-08-2026 14:09:14","812","Information","Microsoft-Windows-Winlogon","The winlogon notification subscriber <Sens> finished handling the notification event (5)."
"14-08-2026 14:09:14","811","Information","Microsoft-Windows-Winlogon","The winlogon notification subscriber <Sens> began handling the notification event (5)."
"14-08-2026 13:51:16","812","Information","Microsoft-Windows-Winlogon","The winlogon notification subscriber <TermSrv> finished handling the notification event (4)."
"14-08-2026 13:51:16","811","Information","Microsoft-Windows-Winlogon","The winlogon notification subscriber <TermSrv> began handling the notification event (4)."
"14-08-2026 13:51:16","812","Information","Microsoft-Windows-Winlogon","The winlogon notification subscriber <Sens> finished handling the notification event (4)."
"14-08-2026 13:51:16","811","Information","Microsoft-Windows-Winlogon","The winlogon notification subscriber <Sens> began handling the notification event (4)."
"14-08-2026 13:23:06","812","Information","Microsoft-Windows-Winlogon","The winlogon notification subscriber <TermSrv> finished handling the notification event (5)."
"14-08-2026 13:23:06","811","Information","Microsoft-Windows-Winlogon","The winlogon notification subscriber <TermSrv> began handling the notification event (5)."
"14-08-2026 13:23:06","812","Information","Microsoft-Windows-Winlogon","The winlogon notification subscriber <Sens> finished handling the notification event (5)."
"14-08-2026 13:23:06","811","Information","Microsoft-Windows-Winlogon","The winlogon notification subscriber <Sens> began handling the notification event (5)."
"13-08-2026 19:09:52","812","Information","Microsoft-Windows-Winlogon","The winlogon notification subscriber <TermSrv> finished handling the notification event (4)."
"13-08-2026 19:09:52","811","Information","Microsoft-Windows-Winlogon","The winlogon notification subscriber <TermSrv> began handling the notification event (4)."
"13-08-2026 19:09:52","812","Information","Microsoft-Windows-Winlogon","The winlogon notification subscriber <Sens> finished handling the notification event (4)."
"13-08-2026 19:09:52","811","Information","Microsoft-Windows-Winlogon","The winlogon notification subscriber <Sens> began handling the notification event (4)."
"13-08-2026 18:29:11","812","Information","Microsoft-Windows-Winlogon","The winlogon notification subscriber <TermSrv> finished handling the notification event (5)."
"13-08-2026 18:29:11","811","Information","Microsoft-Windows-Winlogon","The winlogon notification subscriber <TermSrv> began handling the notification event (5)."
"13-08-2026 18:29:11","812","Information","Microsoft-Windows-Winlogon","The winlogon notification subscriber <Sens> finished handling the notification event (5)."
"13-08-2026 18:29:11","811","Information","Microsoft-Windows-Winlogon","The winlogon notification subscriber <Sens> began handling the notification event (5)."
"13-08-2026 18:13:44","812","Information","Microsoft-Windows-Winlogon","The winlogon notification subscriber <TermSrv> finished handling the notification event (4)."
"13-08-2026 18:13:44","811","Information","Microsoft-Windows-Winlogon","The winlogon notification subscriber <TermSrv> began handling the notification event (4)."
"13-08-2026 18:13:44","812","Information","Microsoft-Windows-Winlogon","The winlogon notification subscriber <Sens> finished handling the notification event (4)."
"13-08-2026 18:13:44","811","Information","Microsoft-Windows-Winlogon","The winlogon notification subscriber <Sens> began handling the notification event (4)."
"13-08-2026 18:00:35","812","Information","Microsoft-Windows-Winlogon","The winlogon notification subscriber <TermSrv> finished handling the notification event (5)."
"13-08-2026 18:00:35","811","Information","Microsoft-Windows-Winlogon","The winlogon notification subscriber <TermSrv> began handling the notification event (5)."
"13-08-2026 18:00:35","812","Information","Microsoft-Windows-Winlogon","The winlogon notification subscriber <Sens> finished handling the notification event (5)."
"13-08-2026 18:00:35","811","Information","Microsoft-Windows-Winlogon","The winlogon notification subscriber <Sens> began handling the notification event (5)."
"13-08-2026 17:55:58","812","Information","Microsoft-Windows-Winlogon","The winlogon notification subscriber <TermSrv> finished handling the notification event (4)."
"13-08-2026 17:55:58","811","Information","Microsoft-Windows-Winlogon","The winlogon notification subscriber <TermSrv> began handling the notification event (4)."
"13-08-2026 17:55:58","812","Information","Microsoft-Windows-Winlogon","The winlogon notification subscriber <Sens> finished handling the notification event (4)."
"13-08-2026 17:55:58","811","Information","Microsoft-Windows-Winlogon","The winlogon notification subscriber <Sens> began handling the notification event (4)."
"13-08-2026 17:30:00","812","Information","Microsoft-Windows-Winlogon","The winlogon notification subscriber <TermSrv> finished handling the notification event (5)."
"13-08-2026 17:30:00","811","Information","Microsoft-Windows-Winlogon","The winlogon notification subscriber <TermSrv> began handling the notification event (5)."
"13-08-2026 17:30:00","812","Information","Microsoft-Windows-Winlogon","The winlogon notification subscriber <Sens> finished handling the notification event (5)."
"13-08-2026 17:30:00","811","Information","Microsoft-Windows-Winlogon","The winlogon notification subscriber <Sens> began handling the notification event (5)."
"13-08-2026 17:17:48","812","Information","Microsoft-Windows-Winlogon","The winlogon notification subscriber <TermSrv> finished handling the notification event (4)."
"13-08-2026 17:17:48","811","Information","Microsoft-Windows-Winlogon","The winlogon notification subscriber <TermSrv> began handling the notification event (4)."
"13-08-2026 17:17:48","812","Information","Microsoft-Windows-Winlogon","The winlogon notification subscriber <Sens> finished handling the notification event (4)."
"13-08-2026 17:17:48","811","Information","Microsoft-Windows-Winlogon","The winlogon notification subscriber <Sens> began handling the notification event (4)."
"13-08-2026 16:57:30","812","Information","Microsoft-Windows-Winlogon","The winlogon notification subscriber <TermSrv> finished handling the notification event (5)."
"13-08-2026 16:57:30","811","Information","Microsoft-Windows-Winlogon","The winlogon notification subscriber <TermSrv> began handling the notification event (5)."
"13-08-2026 16:57:30","812","Information","Microsoft-Windows-Winlogon","The winlogon notification subscriber <Sens> finished handling the notification event (5)."
"13-08-2026 16:57:30","811","Information","Microsoft-Windows-Winlogon","The winlogon notification subscriber <Sens> began handling the notification event (5)."
"13-08-2026 16:50:30","812","Information","Microsoft-Windows-Winlogon","The winlogon notification subscriber <TermSrv> finished handling the notification event (4)."
"13-08-2026 16:50:30","811","Information","Microsoft-Windows-Winlogon","The winlogon notification subscriber <TermSrv> began handling the notification event (4)."
"13-08-2026 16:50:30","812","Information","Microsoft-Windows-Winlogon","The winlogon notification subscriber <Sens> finished handling the notification event (4)."
"13-08-2026 16:50:30","811","Information","Microsoft-Windows-Winlogon","The winlogon notification subscriber <Sens> began handling the notification event (4)."
"13-08-2026 14:10:58","812","Information","Microsoft-Windows-Winlogon","The winlogon notification subscriber <TermSrv> finished handling the notification event (5)."
"13-08-2026 14:10:58","811","Information","Microsoft-Windows-Winlogon","The winlogon notification subscriber <TermSrv> began handling the notification event (5)."
"13-08-2026 14:10:58","812","Information","Microsoft-Windows-Winlogon","The winlogon notification subscriber <Sens> finished handling the notification event (5)."
"13-08-2026 14:10:58","811","Information","Microsoft-Windows-Winlogon","The winlogon notification subscriber <Sens> began handling the notification event (5)."
"13-08-2026 13:11:05","812","Information","Microsoft-Windows-Winlogon","The winlogon notification subscriber <TermSrv> finished handling the notification event (4)."
"13-08-2026 13:11:05","811","Information","Microsoft-Windows-Winlogon","The winlogon notification subscriber <TermSrv> began handling the notification event (4)."
"13-08-2026 13:11:05","812","Information","Microsoft-Windows-Winlogon","The winlogon notification subscriber <Sens> finished handling the notification event (4)."
"13-08-2026 13:11:05","811","Information","Microsoft-Windows-Winlogon","The winlogon notification subscriber <Sens> began handling the notification event (4)."
"13-08-2026 12:44:14","812","Information","Microsoft-Windows-Winlogon","The winlogon notification subscriber <TermSrv> finished handling the notification event (5)."
"13-08-2026 12:44:14","811","Information","Microsoft-Windows-Winlogon","The winlogon notification subscriber <TermSrv> began handling the notification event (5)."
"13-08-2026 12:44:14","812","Information","Microsoft-Windows-Winlogon","The winlogon notification subscriber <Sens> finished handling the notification event (5)."
"13-08-2026 12:44:14","811","Information","Microsoft-Windows-Winlogon","The winlogon notification subscriber <Sens> began handling the notification event (5)."
"13-08-2026 12:21:43","812","Information","Microsoft-Windows-Winlogon","The winlogon notification subscriber <TermSrv> finished handling the notification event (4)."
"13-08-2026 12:21:43","811","Information","Microsoft-Windows-Winlogon","The winlogon notification subscriber <TermSrv> began handling the notification event (4)."
"13-08-2026 12:21:43","812","Information","Microsoft-Windows-Winlogon","The winlogon notification subscriber <Sens> finished handling the notification event (4)."
"13-08-2026 12:21:43","811","Information","Microsoft-Windows-Winlogon","The winlogon notification subscriber <Sens> began handling the notification event (4)."
"13-08-2026 11:12:15","812","Information","Microsoft-Windows-Winlogon","The winlogon notification subscriber <TermSrv> finished handling the notification event (5)."
"13-08-2026 11:12:15","811","Information","Microsoft-Windows-Winlogon","The winlogon notification subscriber <TermSrv> began handling the notification event (5)."
"13-08-2026 11:12:15","812","Information","Microsoft-Windows-Winlogon","The winlogon notification subscriber <Sens> finished handling the notification event (5)."
"13-08-2026 11:12:15","811","Information","Microsoft-Windows-Winlogon","The winlogon notification subscriber <Sens> began handling the notification event (5)."
"13-08-2026 10:46:03","812","Information","Microsoft-Windows-Winlogon","The winlogon notification subscriber <TermSrv> finished handling the notification event (4)."
"13-08-2026 10:46:03","811","Information","Microsoft-Windows-Winlogon","The winlogon notification subscriber <TermSrv> began handling the notification event (4)."
"13-08-2026 10:46:03","812","Information","Microsoft-Windows-Winlogon","The winlogon notification subscriber <Sens> finished handling the notification event (4)."
"13-08-2026 10:46:03","811","Information","Microsoft-Windows-Winlogon","The winlogon notification subscriber <Sens> began handling the notification event (4)."
"13-08-2026 09:36:36","812","Information","Microsoft-Windows-Winlogon","The winlogon notification subscriber <TermSrv> finished handling the notification event (5)."
"13-08-2026 09:36:36","811","Information","Microsoft-Windows-Winlogon","The winlogon notification subscriber <TermSrv> began handling the notification event (5)."
"13-08-2026 09:36:36","812","Information","Microsoft-Windows-Winlogon","The winlogon notification subscriber <Sens> finished handling the notification event (5)."
"13-08-2026 09:36:36","811","Information","Microsoft-Windows-Winlogon","The winlogon notification subscriber <Sens> began handling the notification event (5)."
"13-08-2026 09:14:26","812","Information","Microsoft-Windows-Winlogon","The winlogon notification subscriber <TermSrv> finished handling the notification event (4)."
"13-08-2026 09:14:26","811","Information","Microsoft-Windows-Winlogon","The winlogon notification subscriber <TermSrv> began handling the notification event (4)."
"13-08-2026 09:14:26","812","Information","Microsoft-Windows-Winlogon","The winlogon notification subscriber <Sens> finished handling the notification event (4)."
"13-08-2026 09:14:26","811","Information","Microsoft-Windows-Winlogon","The winlogon notification subscriber <Sens> began handling the notification event (4)."
"13-08-2026 09:13:51","812","Information","Microsoft-Windows-Winlogon","The winlogon notification subscriber <TermSrv> finished handling the notification event (5)."
"13-08-2026 09:13:51","811","Information","Microsoft-Windows-Winlogon","The winlogon notification subscriber <TermSrv> began handling the notification event (5)."
"13-08-2026 09:13:51","812","Information","Microsoft-Windows-Winlogon","The winlogon notification subscriber <Sens> finished handling the notification event (5)."
"13-08-2026 09:13:51","811","Information","Microsoft-Windows-Winlogon","The winlogon notification subscriber <Sens> began handling the notification event (5)."
"12-08-2026 19:24:11","812","Information","Microsoft-Windows-Winlogon","The winlogon notification subscriber <TermSrv> finished handling the notification event (4)."
"12-08-2026 19:24:11","811","Information","Microsoft-Windows-Winlogon","The winlogon notification subscriber <TermSrv> began handling the notification event (4)."
"12-08-2026 19:24:11","812","Information","Microsoft-Windows-Winlogon","The winlogon notification subscriber <Sens> finished handling the notification event (4)."
"12-08-2026 19:24:11","811","Information","Microsoft-Windows-Winlogon","The winlogon notification subscriber <Sens> began handling the notification event (4)."
"12-08-2026 19:23:08","812","Information","Microsoft-Windows-Winlogon","The winlogon notification subscriber <TermSrv> finished handling the notification event (5)."
"12-08-2026 19:23:08","811","Information","Microsoft-Windows-Winlogon","The winlogon notification subscriber <TermSrv> began handling the notification event (5)."
"12-08-2026 19:23:08","812","Information","Microsoft-Windows-Winlogon","The winlogon notification subscriber <Sens> finished handling the notification event (5)."
"12-08-2026 19:23:08","811","Information","Microsoft-Windows-Winlogon","The winlogon notification subscriber <Sens> began handling the notification event (5)."
"12-08-2026 18:56:38","812","Information","Microsoft-Windows-Winlogon","The winlogon notification subscriber <TermSrv> finished handling the notification event (4)."
"12-08-2026 18:56:38","811","Information","Microsoft-Windows-Winlogon","The winlogon notification subscriber <TermSrv> began handling the notification event (4)."
"12-08-2026 18:56:38","812","Information","Microsoft-Windows-Winlogon","The winlogon notification subscriber <Sens> finished handling the notification event (4)."
"12-08-2026 18:56:38","811","Information","Microsoft-Windows-Winlogon","The winlogon notification subscriber <Sens> began handling the notification event (4)."
"12-08-2026 17:24:08","812","Information","Microsoft-Windows-Winlogon","The winlogon notification subscriber <TermSrv> finished handling the notification event (5)."
"12-08-2026 17:24:08","811","Information","Microsoft-Windows-Winlogon","The winlogon notification subscriber <TermSrv> began handling the notification event (5)."
"12-08-2026 17:24:08","812","Information","Microsoft-Windows-Winlogon","The winlogon notification subscriber <Sens> finished handling the notification event (5)."
"12-08-2026 17:24:08","811","Information","Microsoft-Windows-Winlogon","The winlogon notification subscriber <Sens> began handling the notification event (5)."
"12-08-2026 17:08:02","812","Information","Microsoft-Windows-Winlogon","The winlogon notification subscriber <TermSrv> finished handling the notification event (4)."
"12-08-2026 17:08:02","811","Information","Microsoft-Windows-Winlogon","The winlogon notification subscriber <TermSrv> began handling the notification event (4)."
"12-08-2026 17:08:02","812","Information","Microsoft-Windows-Winlogon","The winlogon notification subscriber <Sens> finished handling the notification event (4)."
"12-08-2026 17:08:02","811","Information","Microsoft-Windows-Winlogon","The winlogon notification subscriber <Sens> began handling the notification event (4)."
"12-08-2026 16:03:08","812","Information","Microsoft-Windows-Winlogon","The winlogon notification subscriber <TermSrv> finished handling the notification event (5)."
"12-08-2026 16:03:08","811","Information","Microsoft-Windows-Winlogon","The winlogon notification subscriber <TermSrv> began handling the notification event (5)."
"12-08-2026 16:03:08","812","Information","Microsoft-Windows-Winlogon","The winlogon notification subscriber <Sens> finished handling the notification event (5)."
"12-08-2026 16:03:08","811","Information","Microsoft-Windows-Winlogon","The winlogon notification subscriber <Sens> began handling the notification event (5)."
"12-08-2026 15:59:03","812","Information","Microsoft-Windows-Winlogon","The winlogon notification subscriber <TermSrv> finished handling the notification event (4)."
"12-08-2026 15:59:03","811","Information","Microsoft-Windows-Winlogon","The winlogon notification subscriber <TermSrv> began handling the notification event (4)."
"12-08-2026 15:59:03","812","Information","Microsoft-Windows-Winlogon","The winlogon notification subscriber <Sens> finished handling the notification event (4)."
"12-08-2026 15:59:03","811","Information","Microsoft-Windows-Winlogon","The winlogon notification subscriber <Sens> began handling the notification event (4)."
"12-08-2026 15:54:05","812","Information","Microsoft-Windows-Winlogon","The winlogon notification subscriber <TermSrv> finished handling the notification event (5)."
"12-08-2026 15:54:05","811","Information","Microsoft-Windows-Winlogon","The winlogon notification subscriber <TermSrv> began handling the notification event (5)."
"12-08-2026 15:54:05","812","Information","Microsoft-Windows-Winlogon","The winlogon notification subscriber <Sens> finished handling the notification event (5)."
"12-08-2026 15:54:05","811","Information","Microsoft-Windows-Winlogon","The winlogon notification subscriber <Sens> began handling the notification event (5)."
"12-08-2026 15:23:35","812","Information","Microsoft-Windows-Winlogon","The winlogon notification subscriber <TermSrv> finished handling the notification event (4)."
"12-08-2026 15:23:35","811","Information","Microsoft-Windows-Winlogon","The winlogon notification subscriber <TermSrv> began handling the notification event (4)."
"12-08-2026 15:23:35","812","Information","Microsoft-Windows-Winlogon","The winlogon notification subscriber <Sens> finished handling the notification event (4)."
"12-08-2026 15:23:35","811","Information","Microsoft-Windows-Winlogon","The winlogon notification subscriber <Sens> began handling the notification event (4)."
"12-08-2026 15:05:38","812","Information","Microsoft-Windows-Winlogon","The winlogon notification subscriber <TermSrv> finished handling the notification event (5)."
"12-08-2026 15:05:38","811","Information","Microsoft-Windows-Winlogon","The winlogon notification subscriber <TermSrv> began handling the notification event (5)."
"12-08-2026 15:05:38","812","Information","Microsoft-Windows-Winlogon","The winlogon notification subscriber <Sens> finished handling the notification event (5)."
"12-08-2026 15:05:38","811","Information","Microsoft-Windows-Winlogon","The winlogon notification subscriber <Sens> began handling the notification event (5)."
"12-08-2026 14:42:57","812","Information","Microsoft-Windows-Winlogon","The winlogon notification subscriber <TermSrv> finished handling the notification event (4)."
"12-08-2026 14:42:57","811","Information","Microsoft-Windows-Winlogon","The winlogon notification subscriber <TermSrv> began handling the notification event (4)."
"12-08-2026 14:42:57","812","Information","Microsoft-Windows-Winlogon","The winlogon notification subscriber <Sens> finished handling the notification event (4)."
"12-08-2026 14:42:57","811","Information","Microsoft-Windows-Winlogon","The winlogon notification subscriber <Sens> began handling the notification event (4)."
"12-08-2026 14:27:46","812","Information","Microsoft-Windows-Winlogon","The winlogon notification subscriber <TermSrv> finished handling the notification event (5)."
"12-08-2026 14:27:46","811","Information","Microsoft-Windows-Winlogon","The winlogon notification subscriber <TermSrv> began handling the notification event (5)."
"12-08-2026 14:27:46","812","Information","Microsoft-Windows-Winlogon","The winlogon notification subscriber <Sens> finished handling the notification event (5)."
"12-08-2026 14:27:46","811","Information","Microsoft-Windows-Winlogon","The winlogon notification subscriber <Sens> began handling the notification event (5)."
"12-08-2026 13:36:28","812","Information","Microsoft-Windows-Winlogon","The winlogon notification subscriber <TermSrv> finished handling the notification event (4)."
"12-08-2026 13:36:28","811","Information","Microsoft-Windows-Winlogon","The winlogon notification subscriber <TermSrv> began handling the notification event (4)."
"12-08-2026 13:36:28","812","Information","Microsoft-Windows-Winlogon","The winlogon notification subscriber <Sens> finished handling the notification event (4)."
"12-08-2026 13:36:28","811","Information","Microsoft-Windows-Winlogon","The winlogon notification subscriber <Sens> began handling the notification event (4)."
"12-08-2026 13:21:11","812","Information","Microsoft-Windows-Winlogon","The winlogon notification subscriber <TermSrv> finished handling the notification event (5)."
"12-08-2026 13:21:11","811","Information","Microsoft-Windows-Winlogon","The winlogon notification subscriber <TermSrv> began handling the notification event (5)."
"12-08-2026 13:21:11","812","Information","Microsoft-Windows-Winlogon","The winlogon notification subscriber <Sens> finished handling the notification event (5)."
"12-08-2026 13:21:11","811","Information","Microsoft-Windows-Winlogon","The winlogon notification subscriber <Sens> began handling the notification event (5)."
"12-08-2026 13:21:05","812","Information","Microsoft-Windows-Winlogon","The winlogon notification subscriber <TermSrv> finished handling the notification event (4)."
"12-08-2026 13:21:05","811","Information","Microsoft-Windows-Winlogon","The winlogon notification subscriber <TermSrv> began handling the notification event (4)."
"12-08-2026 13:21:05","812","Information","Microsoft-Windows-Winlogon","The winlogon notification subscriber <Sens> finished handling the notification event (4)."
"12-08-2026 13:21:05","811","Information","Microsoft-Windows-Winlogon","The winlogon notification subscriber <Sens> began handling the notification event (4)."
"12-08-2026 12:52:13","812","Information","Microsoft-Windows-Winlogon","The winlogon notification subscriber <TermSrv> finished handling the notification event (5)."
"12-08-2026 12:52:13","811","Information","Microsoft-Windows-Winlogon","The winlogon notification subscriber <TermSrv> began handling the notification event (5)."
"12-08-2026 12:52:13","812","Information","Microsoft-Windows-Winlogon","The winlogon notification subscriber <Sens> finished handling the notification event (5)."
"12-08-2026 12:52:13","811","Information","Microsoft-Windows-Winlogon","The winlogon notification subscriber <Sens> began handling the notification event (5)."
"12-08-2026 12:42:46","812","Information","Microsoft-Windows-Winlogon","The winlogon notification subscriber <TermSrv> finished handling the notification event (4)."
"12-08-2026 12:42:46","811","Information","Microsoft-Windows-Winlogon","The winlogon notification subscriber <TermSrv> began handling the notification event (4)."
"12-08-2026 12:42:46","812","Information","Microsoft-Windows-Winlogon","The winlogon notification subscriber <Sens> finished handling the notification event (4)."
"12-08-2026 12:42:46","811","Information","Microsoft-Windows-Winlogon","The winlogon notification subscriber <Sens> began handling the notification event (4)."
"12-08-2026 12:16:45","812","Information","Microsoft-Windows-Winlogon","The winlogon notification subscriber <TermSrv> finished handling the notification event (5)."
"12-08-2026 12:16:45","811","Information","Microsoft-Windows-Winlogon","The winlogon notification subscriber <TermSrv> began handling the notification event (5)."
"12-08-2026 12:16:45","812","Information","Microsoft-Windows-Winlogon","The winlogon notification subscriber <Sens> finished handling the notification event (5)."
"12-08-2026 12:16:45","811","Information","Microsoft-Windows-Winlogon","The winlogon notification subscriber <Sens> began handling the notification event (5)."
"12-08-2026 12:05:06","812","Information","Microsoft-Windows-Winlogon","The winlogon notification subscriber <TermSrv> finished handling the notification event (4)."
"12-08-2026 12:05:06","811","Information","Microsoft-Windows-Winlogon","The winlogon notification subscriber <TermSrv> began handling the notification event (4)."
"12-08-2026 12:05:06","812","Information","Microsoft-Windows-Winlogon","The winlogon notification subscriber <Sens> finished handling the notification event (4)."
"12-08-2026 12:05:06","811","Information","Microsoft-Windows-Winlogon","The winlogon notification subscriber <Sens> began handling the notification event (4)."
"12-08-2026 11:49:57","812","Information","Microsoft-Windows-Winlogon","The winlogon notification subscriber <TermSrv> finished handling the notification event (5)."
"12-08-2026 11:49:57","811","Information","Microsoft-Windows-Winlogon","The winlogon notification subscriber <TermSrv> began handling the notification event (5)."
"12-08-2026 11:49:57","812","Information","Microsoft-Windows-Winlogon","The winlogon notification subscriber <Sens> finished handling the notification event (5)."
"12-08-2026 11:49:57","811","Information","Microsoft-Windows-Winlogon","The winlogon notification subscriber <Sens> began handling the notification event (5)."
"12-08-2026 11:31:19","812","Information","Microsoft-Windows-Winlogon","The winlogon notification subscriber <TermSrv> finished handling the notification event (4)."
"12-08-2026 11:31:19","811","Information","Microsoft-Windows-Winlogon","The winlogon notification subscriber <TermSrv> began handling the notification event (4)."
"12-08-2026 11:31:19","812","Information","Microsoft-Windows-Winlogon","The winlogon notification subscriber <Sens> finished handling the notification event (4)."
"12-08-2026 11:31:19","811","Information","Microsoft-Windows-Winlogon","The winlogon notification subscriber <Sens> began handling the notification event (4)."
"12-08-2026 11:26:26","812","Information","Microsoft-Windows-Winlogon","The winlogon notification subscriber <TermSrv> finished handling the notification event (5)."
"12-08-2026 11:26:26","811","Information","Microsoft-Windows-Winlogon","The winlogon notification subscriber <TermSrv> began handling the notification event (5)."
"12-08-2026 11:26:26","812","Information","Microsoft-Windows-Winlogon","The winlogon notification subscriber <Sens> finished handling the notification event (5)."
"12-08-2026 11:26:26","811","Information","Microsoft-Windows-Winlogon","The winlogon notification subscriber <Sens> began handling the notification event (5)."
"12-08-2026 11:25:53","812","Information","Microsoft-Windows-Winlogon","The winlogon notification subscriber <TermSrv> finished handling the notification event (4)."
"12-08-2026 11:25:53","811","Information","Microsoft-Windows-Winlogon","The winlogon notification subscriber <TermSrv> began handling the notification event (4)."
"12-08-2026 11:25:53","812","Information","Microsoft-Windows-Winlogon","The winlogon notification subscriber <Sens> finished handling the notification event (4)."
"12-08-2026 11:25:53","811","Information","Microsoft-Windows-Winlogon","The winlogon notification subscriber <Sens> began handling the notification event (4)."
"12-08-2026 11:25:40","812","Information","Microsoft-Windows-Winlogon","The winlogon notification subscriber <TermSrv> finished handling the notification event (5)."
"12-08-2026 11:25:40","811","Information","Microsoft-Windows-Winlogon","The winlogon notification subscriber <TermSrv> began handling the notification event (5)."
"12-08-2026 11:25:40","812","Information","Microsoft-Windows-Winlogon","The winlogon notification subscriber <Sens> finished handling the notification event (5)."
"12-08-2026 11:25:40","811","Information","Microsoft-Windows-Winlogon","The winlogon notification subscriber <Sens> began handling the notification event (5)."
"12-08-2026 10:44:06","812","Information","Microsoft-Windows-Winlogon","The winlogon notification subscriber <TermSrv> finished handling the notification event (4)."
"12-08-2026 10:44:06","811","Information","Microsoft-Windows-Winlogon","The winlogon notification subscriber <TermSrv> began handling the notification event (4)."
"12-08-2026 10:44:06","812","Information","Microsoft-Windows-Winlogon","The winlogon notification subscriber <Sens> finished handling the notification event (4)."
"12-08-2026 10:44:06","811","Information","Microsoft-Windows-Winlogon","The winlogon notification subscriber <Sens> began handling the notification event (4)."
"12-08-2026 10:12:55","812","Information","Microsoft-Windows-Winlogon","The winlogon notification subscriber <TermSrv> finished handling the notification event (5)."
"12-08-2026 10:12:55","811","Information","Microsoft-Windows-Winlogon","The winlogon notification subscriber <TermSrv> began handling the notification event (5)."
"12-08-2026 10:12:55","812","Information","Microsoft-Windows-Winlogon","The winlogon notification subscriber <Sens> finished handling the notification event (5)."
"12-08-2026 10:12:55","811","Information","Microsoft-Windows-Winlogon","The winlogon notification subscriber <Sens> began handling the notification event (5)."
"12-08-2026 10:03:35","812","Information","Microsoft-Windows-Winlogon","The winlogon notification subscriber <TermSrv> finished handling the notification event (4)."
"12-08-2026 10:03:35","811","Information","Microsoft-Windows-Winlogon","The winlogon notification subscriber <TermSrv> began handling the notification event (4)."
"12-08-2026 10:03:35","812","Information","Microsoft-Windows-Winlogon","The winlogon notification subscriber <Sens> finished handling the notification event (4)."
"12-08-2026 10:03:35","811","Information","Microsoft-Windows-Winlogon","The winlogon notification subscriber <Sens> began handling the notification event (4)."
"12-08-2026 10:03:24","812","Information","Microsoft-Windows-Winlogon","The winlogon notification subscriber <TermSrv> finished handling the notification event (5)."
"12-08-2026 10:03:24","811","Information","Microsoft-Windows-Winlogon","The winlogon notification subscriber <TermSrv> began handling the notification event (5)."
"12-08-2026 10:03:24","812","Information","Microsoft-Windows-Winlogon","The winlogon notification subscriber <Sens> finished handling the notification event (5)."
"12-08-2026 10:03:24","811","Information","Microsoft-Windows-Winlogon","The winlogon notification subscriber <Sens> began handling the notification event (5)."
"12-08-2026 09:53:13","812","Information","Microsoft-Windows-Winlogon","The winlogon notification subscriber <TermSrv> finished handling the notification event (4)."
"12-08-2026 09:53:13","811","Information","Microsoft-Windows-Winlogon","The winlogon notification subscriber <TermSrv> began handling the notification event (4)."
"12-08-2026 09:53:13","812","Information","Microsoft-Windows-Winlogon","The winlogon notification subscriber <Sens> finished handling the notification event (4)."
"12-08-2026 09:53:13","811","Information","Microsoft-Windows-Winlogon","The winlogon notification subscriber <Sens> began handling the notification event (4)."
"12-08-2026 08:55:33","812","Information","Microsoft-Windows-Winlogon","The winlogon notification subscriber <TermSrv> finished handling the notification event (5)."
"12-08-2026 08:55:33","811","Information","Microsoft-Windows-Winlogon","The winlogon notification subscriber <TermSrv> began handling the notification event (5)."
"12-08-2026 08:55:33","812","Information","Microsoft-Windows-Winlogon","The winlogon notification subscriber <Sens> finished handling the notification event (5)."
"12-08-2026 08:55:33","811","Information","Microsoft-Windows-Winlogon","The winlogon notification subscriber <Sens> began handling the notification event (5)."
"11-08-2026 19:04:22","812","Information","Microsoft-Windows-Winlogon","The winlogon notification subscriber <TermSrv> finished handling the notification event (4)."
"11-08-2026 19:04:22","811","Information","Microsoft-Windows-Winlogon","The winlogon notification subscriber <TermSrv> began handling the notification event (4)."
"11-08-2026 19:04:22","812","Information","Microsoft-Windows-Winlogon","The winlogon notification subscriber <Sens> finished handling the notification event (4)."
"11-08-2026 19:04:22","811","Information","Microsoft-Windows-Winlogon","The winlogon notification subscriber <Sens> began handling the notification event (4)."
"11-08-2026 19:02:18","812","Information","Microsoft-Windows-Winlogon","The winlogon notification subscriber <TermSrv> finished handling the notification event (5)."
"11-08-2026 19:02:18","811","Information","Microsoft-Windows-Winlogon","The winlogon notification subscriber <TermSrv> began handling the notification event (5)."
"11-08-2026 19:02:18","812","Information","Microsoft-Windows-Winlogon","The winlogon notification subscriber <Sens> finished handling the notification event (5)."
"11-08-2026 19:02:18","811","Information","Microsoft-Windows-Winlogon","The winlogon notification subscriber <Sens> began handling the notification event (5)."
"11-08-2026 17:34:00","812","Information","Microsoft-Windows-Winlogon","The winlogon notification subscriber <TermSrv> finished handling the notification event (4)."
"11-08-2026 17:34:00","811","Information","Microsoft-Windows-Winlogon","The winlogon notification subscriber <TermSrv> began handling the notification event (4)."
"11-08-2026 17:34:00","812","Information","Microsoft-Windows-Winlogon","The winlogon notification subscriber <Sens> finished handling the notification event (4)."
"11-08-2026 17:34:00","811","Information","Microsoft-Windows-Winlogon","The winlogon notification subscriber <Sens> began handling the notification event (4)."
"11-08-2026 16:57:33","812","Information","Microsoft-Windows-Winlogon","The winlogon notification subscriber <TermSrv> finished handling the notification event (5)."
"11-08-2026 16:57:33","811","Information","Microsoft-Windows-Winlogon","The winlogon notification subscriber <TermSrv> began handling the notification event (5)."
"11-08-2026 16:57:33","812","Information","Microsoft-Windows-Winlogon","The winlogon notification subscriber <Sens> finished handling the notification event (5)."
"11-08-2026 16:57:33","811","Information","Microsoft-Windows-Winlogon","The winlogon notification subscriber <Sens> began handling the notification event (5)."
"11-08-2026 16:36:12","812","Information","Microsoft-Windows-Winlogon","The winlogon notification subscriber <TermSrv> finished handling the notification event (4)."
"11-08-2026 16:36:12","811","Information","Microsoft-Windows-Winlogon","The winlogon notification subscriber <TermSrv> began handling the notification event (4)."
"11-08-2026 16:36:12","812","Information","Microsoft-Windows-Winlogon","The winlogon notification subscriber <Sens> finished handling the notification event (4)."
"11-08-2026 16:36:12","811","Information","Microsoft-Windows-Winlogon","The winlogon notification subscriber <Sens> began handling the notification event (4)."
"11-08-2026 16:33:32","812","Information","Microsoft-Windows-Winlogon","The winlogon notification subscriber <TermSrv> finished handling the notification event (5)."
"11-08-2026 16:33:32","811","Information","Microsoft-Windows-Winlogon","The winlogon notification subscriber <TermSrv> began handling the notification event (5)."
"11-08-2026 16:33:32","812","Information","Microsoft-Windows-Winlogon","The winlogon notification subscriber <Sens> finished handling the notification event (5)."
"11-08-2026 16:33:32","811","Information","Microsoft-Windows-Winlogon","The winlogon notification subscriber <Sens> began handling the notification event (5)."
"11-08-2026 16:28:24","812","Information","Microsoft-Windows-Winlogon","The winlogon notification subscriber <TermSrv> finished handling the notification event (4)."
"11-08-2026 16:28:24","811","Information","Microsoft-Windows-Winlogon","The winlogon notification subscriber <TermSrv> began handling the notification event (4)."
"11-08-2026 16:28:24","812","Information","Microsoft-Windows-Winlogon","The winlogon notification subscriber <Sens> finished handling the notification event (4)."
"11-08-2026 16:28:24","811","Information","Microsoft-Windows-Winlogon","The winlogon notification subscriber <Sens> began handling the notification event (4)."
"11-08-2026 14:15:13","812","Information","Microsoft-Windows-Winlogon","The winlogon notification subscriber <TermSrv> finished handling the notification event (5)."
"11-08-2026 14:15:13","811","Information","Microsoft-Windows-Winlogon","The winlogon notification subscriber <TermSrv> began handling the notification event (5)."
"11-08-2026 14:15:13","812","Information","Microsoft-Windows-Winlogon","The winlogon notification subscriber <Sens> finished handling the notification event (5)."
"11-08-2026 14:15:13","811","Information","Microsoft-Windows-Winlogon","The winlogon notification subscriber <Sens> began handling the notification event (5)."
"11-08-2026 13:55:23","812","Information","Microsoft-Windows-Winlogon","The winlogon notification subscriber <TermSrv> finished handling the notification event (4)."
"11-08-2026 13:55:23","811","Information","Microsoft-Windows-Winlogon","The winlogon notification subscriber <TermSrv> began handling the notification event (4)."
"11-08-2026 13:55:23","812","Information","Microsoft-Windows-Winlogon","The winlogon notification subscriber <Sens> finished handling the notification event (4)."
"11-08-2026 13:55:23","811","Information","Microsoft-Windows-Winlogon","The winlogon notification subscriber <Sens> began handling the notification event (4)."
"11-08-2026 13:55:01","812","Information","Microsoft-Windows-Winlogon","The winlogon notification subscriber <TermSrv> finished handling the notification event (5)."
"11-08-2026 13:55:01","811","Information","Microsoft-Windows-Winlogon","The winlogon notification subscriber <TermSrv> began handling the notification event (5)."
"11-08-2026 13:55:01","812","Information","Microsoft-Windows-Winlogon","The winlogon notification subscriber <Sens> finished handling the notification event (5)."
"11-08-2026 13:55:01","811","Information","Microsoft-Windows-Winlogon","The winlogon notification subscriber <Sens> began handling the notification event (5)."
"11-08-2026 13:11:53","812","Information","Microsoft-Windows-Winlogon","The winlogon notification subscriber <TermSrv> finished handling the notification event (4)."
"11-08-2026 13:11:53","811","Information","Microsoft-Windows-Winlogon","The winlogon notification subscriber <TermSrv> began handling the notification event (4)."
"11-08-2026 13:11:53","812","Information","Microsoft-Windows-Winlogon","The winlogon notification subscriber <Sens> finished handling the notification event (4)."
"11-08-2026 13:11:53","811","Information","Microsoft-Windows-Winlogon","The winlogon notification subscriber <Sens> began handling the notification event (4)."
"11-08-2026 12:07:13","812","Information","Microsoft-Windows-Winlogon","The winlogon notification subscriber <TermSrv> finished handling the notification event (14)."
"11-08-2026 12:07:13","811","Information","Microsoft-Windows-Winlogon","The winlogon notification subscriber <TermSrv> began handling the notification event (14)."
"11-08-2026 12:07:08","812","Information","Microsoft-Windows-Winlogon","The winlogon notification subscriber <TermSrv> finished handling the notification event (12)."
"11-08-2026 12:07:08","811","Information","Microsoft-Windows-Winlogon","The winlogon notification subscriber <TermSrv> began handling the notification event (12)."
"11-08-2026 12:07:08","812","Information","Microsoft-Windows-Winlogon","The winlogon notification subscriber <Sens> finished handling the notification event (12)."
"11-08-2026 12:07:08","811","Information","Microsoft-Windows-Winlogon","The winlogon notification subscriber <Sens> began handling the notification event (12)."
"11-08-2026 12:07:08","812","Information","Microsoft-Windows-Winlogon","The winlogon notification subscriber <GPClient> finished handling the notification event (12)."
"11-08-2026 12:07:08","811","Information","Microsoft-Windows-Winlogon","The winlogon notification subscriber <GPClient> began handling the notification event (12)."
"11-08-2026 12:07:08","812","Information","Microsoft-Windows-Winlogon","The winlogon notification subscriber <SessionEnv> finished handling the notification event (12)."
"11-08-2026 12:07:08","811","Information","Microsoft-Windows-Winlogon","The winlogon notification subscriber <SessionEnv> began handling the notification event (12)."
"11-08-2026 12:07:08","812","Information","Microsoft-Windows-Winlogon","The winlogon notification subscriber <Sens> finished handling the notification event (2)."
"11-08-2026 12:07:08","811","Information","Microsoft-Windows-Winlogon","The winlogon notification subscriber <Sens> began handling the notification event (2)."
"11-08-2026 12:07:08","812","Information","Microsoft-Windows-Winlogon","The winlogon notification subscriber <TermSrv> finished handling the notification event (2)."
"11-08-2026 12:07:08","811","Information","Microsoft-Windows-Winlogon","The winlogon notification subscriber <TermSrv> began handling the notification event (2)."
"11-08-2026 12:07:08","812","Information","Microsoft-Windows-Winlogon","The winlogon notification subscriber <GPClient> finished handling the notification event (2)."
"11-08-2026 12:07:08","811","Information","Microsoft-Windows-Winlogon","The winlogon notification subscriber <GPClient> began handling the notification event (2)."
"11-08-2026 12:07:08","812","Information","Microsoft-Windows-Winlogon","The winlogon notification subscriber <Profiles> finished handling the notification event (2)."
"11-08-2026 12:07:08","811","Information","Microsoft-Windows-Winlogon","The winlogon notification subscriber <Profiles> began handling the notification event (2)."
"11-08-2026 12:07:08","812","Information","Microsoft-Windows-Winlogon","The winlogon notification subscriber <SessionEnv> finished handling the notification event (2)."
"11-08-2026 12:07:08","811","Information","Microsoft-Windows-Winlogon","The winlogon notification subscriber <SessionEnv> began handling the notification event (2)."
"11-08-2026 12:07:08","2","Information","Microsoft-Windows-Winlogon","Authentication stopped. Result 0"
"11-08-2026 12:07:08","1","Information","Microsoft-Windows-Winlogon","Authentication started."
"11-08-2026 12:02:31","812","Information","Microsoft-Windows-Winlogon","The winlogon notification subscriber <TermSrv> finished handling the notification event (0)."
"11-08-2026 12:02:31","811","Information","Microsoft-Windows-Winlogon","The winlogon notification subscriber <TermSrv> began handling the notification event (0)."
"11-08-2026 12:02:31","812","Information","Microsoft-Windows-Winlogon","The winlogon notification subscriber <GPClient> finished handling the notification event (0)."
"11-08-2026 12:02:31","811","Information","Microsoft-Windows-Winlogon","The winlogon notification subscriber <GPClient> began handling the notification event (0)."
"11-08-2026 12:01:39","812","Information","Microsoft-Windows-Winlogon","The winlogon notification subscriber <TermSrv> finished handling the notification event (1)."
"11-08-2026 12:01:39","811","Information","Microsoft-Windows-Winlogon","The winlogon notification subscriber <TermSrv> began handling the notification event (1)."
"11-08-2026 12:01:39","812","Information","Microsoft-Windows-Winlogon","The winlogon notification subscriber <Dot3svc> finished handling the notification event (3)."
"11-08-2026 12:01:39","811","Information","Microsoft-Windows-Winlogon","The winlogon notification subscriber <Dot3svc> began handling the notification event (3)."
"11-08-2026 12:01:39","812","Information","Microsoft-Windows-Winlogon","The winlogon notification subscriber <Wlansvc> finished handling the notification event (3)."
"11-08-2026 12:01:39","811","Information","Microsoft-Windows-Winlogon","The winlogon notification subscriber <Wlansvc> began handling the notification event (3)."
"11-08-2026 12:01:39","812","Information","Microsoft-Windows-Winlogon","The winlogon notification subscriber <SessionEnv> finished handling the notification event (3)."
"11-08-2026 12:01:39","811","Information","Microsoft-Windows-Winlogon","The winlogon notification subscriber <SessionEnv> began handling the notification event (3)."
"11-08-2026 12:01:39","812","Information","Microsoft-Windows-Winlogon","The winlogon notification subscriber <Profiles> finished handling the notification event (3)."
"11-08-2026 12:01:39","811","Information","Microsoft-Windows-Winlogon","The winlogon notification subscriber <Profiles> began handling the notification event (3)."
"11-08-2026 12:01:38","812","Information","Microsoft-Windows-Winlogon","The winlogon notification subscriber <GPClient> finished handling the notification event (3)."
"11-08-2026 12:01:38","811","Information","Microsoft-Windows-Winlogon","The winlogon notification subscriber <GPClient> began handling the notification event (3)."
"11-08-2026 12:01:38","812","Information","Microsoft-Windows-Winlogon","The winlogon notification subscriber <TermSrv> finished handling the notification event (3)."
"11-08-2026 12:01:38","811","Information","Microsoft-Windows-Winlogon","The winlogon notification subscriber <TermSrv> began handling the notification event (3)."
"11-08-2026 12:01:38","812","Information","Microsoft-Windows-Winlogon","The winlogon notification subscriber <Sens> finished handling the notification event (3)."
"11-08-2026 12:01:38","811","Information","Microsoft-Windows-Winlogon","The winlogon notification subscriber <Sens> began handling the notification event (3)."
"11-08-2026 12:01:38","812","Information","Microsoft-Windows-Winlogon","The winlogon notification subscriber <TermSrv> finished handling the notification event (13)."
"11-08-2026 12:01:38","811","Information","Microsoft-Windows-Winlogon","The winlogon notification subscriber <TermSrv> began handling the notification event (13)."
"11-08-2026 12:01:38","812","Information","Microsoft-Windows-Winlogon","The winlogon notification subscriber <GPClient> finished handling the notification event (13)."
"11-08-2026 12:01:38","811","Information","Microsoft-Windows-Winlogon","The winlogon notification subscriber <GPClient> began handling the notification event (13)."
"11-08-2026 12:01:38","812","Information","Microsoft-Windows-Winlogon","The winlogon notification subscriber <GPClient> finished handling the notification event (13)."
"11-08-2026 12:01:38","811","Information","Microsoft-Windows-Winlogon","The winlogon notification subscriber <GPClient> began handling the notification event (13)."
"11-08-2026 11:43:11","812","Information","Microsoft-Windows-Winlogon","The winlogon notification subscriber <TermSrv> finished handling the notification event (5)."
"11-08-2026 11:43:11","811","Information","Microsoft-Windows-Winlogon","The winlogon notification subscriber <TermSrv> began handling the notification event (5)."
"11-08-2026 11:43:11","812","Information","Microsoft-Windows-Winlogon","The winlogon notification subscriber <Sens> finished handling the notification event (5)."
"11-08-2026 11:43:11","811","Information","Microsoft-Windows-Winlogon","The winlogon notification subscriber <Sens> began handling the notification event (5)."
"11-08-2026 11:27:10","812","Information","Microsoft-Windows-Winlogon","The winlogon notification subscriber <TermSrv> finished handling the notification event (4)."
"11-08-2026 11:27:10","811","Information","Microsoft-Windows-Winlogon","The winlogon notification subscriber <TermSrv> began handling the notification event (4)."
"11-08-2026 11:27:10","812","Information","Microsoft-Windows-Winlogon","The winlogon notification subscriber <Sens> finished handling the notification event (4)."
"11-08-2026 11:27:10","811","Information","Microsoft-Windows-Winlogon","The winlogon notification subscriber <Sens> began handling the notification event (4)."
"11-08-2026 11:07:00","812","Information","Microsoft-Windows-Winlogon","The winlogon notification subscriber <TermSrv> finished handling the notification event (5)."
"11-08-2026 11:07:00","811","Information","Microsoft-Windows-Winlogon","The winlogon notification subscriber <TermSrv> began handling the notification event (5)."
"11-08-2026 11:07:00","812","Information","Microsoft-Windows-Winlogon","The winlogon notification subscriber <Sens> finished handling the notification event (5)."
"11-08-2026 11:07:00","811","Information","Microsoft-Windows-Winlogon","The winlogon notification subscriber <Sens> began handling the notification event (5)."
"11-08-2026 11:02:03","812","Information","Microsoft-Windows-Winlogon","The winlogon notification subscriber <TermSrv> finished handling the notification event (4)."
"11-08-2026 11:02:03","811","Information","Microsoft-Windows-Winlogon","The winlogon notification subscriber <TermSrv> began handling the notification event (4)."
"11-08-2026 11:02:03","812","Information","Microsoft-Windows-Winlogon","The winlogon notification subscriber <Sens> finished handling the notification event (4)."
"11-08-2026 11:02:03","811","Information","Microsoft-Windows-Winlogon","The winlogon notification subscriber <Sens> began handling the notification event (4)."
"11-08-2026 11:01:34","812","Information","Microsoft-Windows-Winlogon","The winlogon notification subscriber <TermSrv> finished handling the notification event (5)."
"11-08-2026 11:01:34","811","Information","Microsoft-Windows-Winlogon","The winlogon notification subscriber <TermSrv> began handling the notification event (5)."
"11-08-2026 11:01:34","812","Information","Microsoft-Windows-Winlogon","The winlogon notification subscriber <Sens> finished handling the notification event (5)."
"11-08-2026 11:01:34","811","Information","Microsoft-Windows-Winlogon","The winlogon notification subscriber <Sens> began handling the notification event (5)."
"11-08-2026 10:40:17","812","Information","Microsoft-Windows-Winlogon","The winlogon notification subscriber <TermSrv> finished handling the notification event (4)."
"11-08-2026 10:40:17","811","Information","Microsoft-Windows-Winlogon","The winlogon notification subscriber <TermSrv> began handling the notification event (4)."
"11-08-2026 10:40:17","812","Information","Microsoft-Windows-Winlogon","The winlogon notification subscriber <Sens> finished handling the notification event (4)."
"11-08-2026 10:40:17","811","Information","Microsoft-Windows-Winlogon","The winlogon notification subscriber <Sens> began handling the notification event (4)."
"11-08-2026 09:32:32","812","Information","Microsoft-Windows-Winlogon","The winlogon notification subscriber <TermSrv> finished handling the notification event (5)."
"11-08-2026 09:32:32","811","Information","Microsoft-Windows-Winlogon","The winlogon notification subscriber <TermSrv> began handling the notification event (5)."
"11-08-2026 09:32:32","812","Information","Microsoft-Windows-Winlogon","The winlogon notification subscriber <Sens> finished handling the notification event (5)."
"11-08-2026 09:32:32","811","Information","Microsoft-Windows-Winlogon","The winlogon notification subscriber <Sens> began handling the notification event (5)."
"11-08-2026 09:11:22","812","Information","Microsoft-Windows-Winlogon","The winlogon notification subscriber <TermSrv> finished handling the notification event (4)."
"11-08-2026 09:11:22","811","Information","Microsoft-Windows-Winlogon","The winlogon notification subscriber <TermSrv> began handling the notification event (4)."
"11-08-2026 09:11:22","812","Information","Microsoft-Windows-Winlogon","The winlogon notification subscriber <Sens> finished handling the notification event (4)."
"11-08-2026 09:11:22","811","Information","Microsoft-Windows-Winlogon","The winlogon notification subscriber <Sens> began handling the notification event (4)."
"11-08-2026 09:10:54","812","Information","Microsoft-Windows-Winlogon","The winlogon notification subscriber <TermSrv> finished handling the notification event (5)."
"11-08-2026 09:10:54","811","Information","Microsoft-Windows-Winlogon","The winlogon notification subscriber <TermSrv> began handling the notification event (5)."
"11-08-2026 09:10:54","812","Information","Microsoft-Windows-Winlogon","The winlogon notification subscriber <Sens> finished handling the notification event (5)."
"11-08-2026 09:10:54","811","Information","Microsoft-Windows-Winlogon","The winlogon notification subscriber <Sens> began handling the notification event (5)."
"10-08-2026 18:50:32","812","Information","Microsoft-Windows-Winlogon","The winlogon notification subscriber <TermSrv> finished handling the notification event (4)."
"10-08-2026 18:50:32","811","Information","Microsoft-Windows-Winlogon","The winlogon notification subscriber <TermSrv> began handling the notification event (4)."
"10-08-2026 18:50:32","812","Information","Microsoft-Windows-Winlogon","The winlogon notification subscriber <Sens> finished handling the notification event (4)."
"10-08-2026 18:50:32","811","Information","Microsoft-Windows-Winlogon","The winlogon notification subscriber <Sens> began handling the notification event (4)."
"10-08-2026 18:40:19","812","Information","Microsoft-Windows-Winlogon","The winlogon notification subscriber <TermSrv> finished handling the notification event (5)."
"10-08-2026 18:40:19","811","Information","Microsoft-Windows-Winlogon","The winlogon notification subscriber <TermSrv> began handling the notification event (5)."
"10-08-2026 18:40:19","812","Information","Microsoft-Windows-Winlogon","The winlogon notification subscriber <Sens> finished handling the notification event (5)."
"10-08-2026 18:40:19","811","Information","Microsoft-Windows-Winlogon","The winlogon notification subscriber <Sens> began handling the notification event (5)."
"10-08-2026 17:16:22","812","Information","Microsoft-Windows-Winlogon","The winlogon notification subscriber <TermSrv> finished handling the notification event (4)."
"10-08-2026 17:16:22","811","Information","Microsoft-Windows-Winlogon","The winlogon notification subscriber <TermSrv> began handling the notification event (4)."
"10-08-2026 17:16:22","812","Information","Microsoft-Windows-Winlogon","The winlogon notification subscriber <Sens> finished handling the notification event (4)."
"10-08-2026 17:16:22","811","Information","Microsoft-Windows-Winlogon","The winlogon notification subscriber <Sens> began handling the notification event (4)."
"10-08-2026 17:14:40","812","Information","Microsoft-Windows-Winlogon","The winlogon notification subscriber <TermSrv> finished handling the notification event (5)."
"10-08-2026 17:14:40","811","Information","Microsoft-Windows-Winlogon","The winlogon notification subscriber <TermSrv> began handling the notification event (5)."
"10-08-2026 17:14:40","812","Information","Microsoft-Windows-Winlogon","The winlogon notification subscriber <Sens> finished handling the notification event (5)."
"10-08-2026 17:14:40","811","Information","Microsoft-Windows-Winlogon","The winlogon notification subscriber <Sens> began handling the notification event (5)."
"10-08-2026 17:02:45","812","Information","Microsoft-Windows-Winlogon","The winlogon notification subscriber <TermSrv> finished handling the notification event (4)."
"10-08-2026 17:02:45","811","Information","Microsoft-Windows-Winlogon","The winlogon notification subscriber <TermSrv> began handling the notification event (4)."
"10-08-2026 17:02:45","812","Information","Microsoft-Windows-Winlogon","The winlogon notification subscriber <Sens> finished handling the notification event (4)."
"10-08-2026 17:02:45","811","Information","Microsoft-Windows-Winlogon","The winlogon notification subscriber <Sens> began handling the notification event (4)."
"10-08-2026 15:26:09","812","Information","Microsoft-Windows-Winlogon","The winlogon notification subscriber <TermSrv> finished handling the notification event (5)."
"10-08-2026 15:26:09","811","Information","Microsoft-Windows-Winlogon","The winlogon notification subscriber <TermSrv> began handling the notification event (5)."
"10-08-2026 15:26:09","812","Information","Microsoft-Windows-Winlogon","The winlogon notification subscriber <Sens> finished handling the notification event (5)."
"10-08-2026 15:26:09","811","Information","Microsoft-Windows-Winlogon","The winlogon notification subscriber <Sens> began handling the notification event (5)."
"10-08-2026 15:03:05","812","Information","Microsoft-Windows-Winlogon","The winlogon notification subscriber <TermSrv> finished handling the notification event (4)."
"10-08-2026 15:03:05","811","Information","Microsoft-Windows-Winlogon","The winlogon notification subscriber <TermSrv> began handling the notification event (4)."
"10-08-2026 15:03:05","812","Information","Microsoft-Windows-Winlogon","The winlogon notification subscriber <Sens> finished handling the notification event (4)."
"10-08-2026 15:03:05","811","Information","Microsoft-Windows-Winlogon","The winlogon notification subscriber <Sens> began handling the notification event (4)."
"10-08-2026 14:43:00","812","Information","Microsoft-Windows-Winlogon","The winlogon notification subscriber <TermSrv> finished handling the notification event (5)."
"10-08-2026 14:43:00","811","Information","Microsoft-Windows-Winlogon","The winlogon notification subscriber <TermSrv> began handling the notification event (5)."
"10-08-2026 14:43:00","812","Information","Microsoft-Windows-Winlogon","The winlogon notification subscriber <Sens> finished handling the notification event (5)."
"10-08-2026 14:43:00","811","Information","Microsoft-Windows-Winlogon","The winlogon notification subscriber <Sens> began handling the notification event (5)."
"10-08-2026 14:34:36","812","Information","Microsoft-Windows-Winlogon","The winlogon notification subscriber <TermSrv> finished handling the notification event (4)."
"10-08-2026 14:34:36","811","Information","Microsoft-Windows-Winlogon","The winlogon notification subscriber <TermSrv> began handling the notification event (4)."
"10-08-2026 14:34:36","812","Information","Microsoft-Windows-Winlogon","The winlogon notification subscriber <Sens> finished handling the notification event (4)."
"10-08-2026 14:34:36","811","Information","Microsoft-Windows-Winlogon","The winlogon notification subscriber <Sens> began handling the notification event (4)."
"10-08-2026 13:25:16","812","Information","Microsoft-Windows-Winlogon","The winlogon notification subscriber <TermSrv> finished handling the notification event (5)."
"10-08-2026 13:25:16","811","Information","Microsoft-Windows-Winlogon","The winlogon notification subscriber <TermSrv> began handling the notification event (5)."
"10-08-2026 13:25:16","812","Information","Microsoft-Windows-Winlogon","The winlogon notification subscriber <Sens> finished handling the notification event (5)."
"10-08-2026 13:25:16","811","Information","Microsoft-Windows-Winlogon","The winlogon notification subscriber <Sens> began handling the notification event (5)."
"10-08-2026 13:13:01","812","Information","Microsoft-Windows-Winlogon","The winlogon notification subscriber <TermSrv> finished handling the notification event (4)."
"10-08-2026 13:13:01","811","Information","Microsoft-Windows-Winlogon","The winlogon notification subscriber <TermSrv> began handling the notification event (4)."
"10-08-2026 13:13:01","812","Information","Microsoft-Windows-Winlogon","The winlogon notification subscriber <Sens> finished handling the notification event (4)."
"10-08-2026 13:13:01","811","Information","Microsoft-Windows-Winlogon","The winlogon notification subscriber <Sens> began handling the notification event (4)."
"10-08-2026 12:37:10","812","Information","Microsoft-Windows-Winlogon","The winlogon notification subscriber <TermSrv> finished handling the notification event (5)."
"10-08-2026 12:37:10","811","Information","Microsoft-Windows-Winlogon","The winlogon notification subscriber <TermSrv> began handling the notification event (5)."
"10-08-2026 12:37:10","812","Information","Microsoft-Windows-Winlogon","The winlogon notification subscriber <Sens> finished handling the notification event (5)."
"10-08-2026 12:37:10","811","Information","Microsoft-Windows-Winlogon","The winlogon notification subscriber <Sens> began handling the notification event (5)."
"10-08-2026 12:34:38","812","Information","Microsoft-Windows-Winlogon","The winlogon notification subscriber <TermSrv> finished handling the notification event (4)."
"10-08-2026 12:34:38","811","Information","Microsoft-Windows-Winlogon","The winlogon notification subscriber <TermSrv> began handling the notification event (4)."
"10-08-2026 12:34:38","812","Information","Microsoft-Windows-Winlogon","The winlogon notification subscriber <Sens> finished handling the notification event (4)."
"10-08-2026 12:34:38","811","Information","Microsoft-Windows-Winlogon","The winlogon notification subscriber <Sens> began handling the notification event (4)."
"10-08-2026 11:54:48","812","Information","Microsoft-Windows-Winlogon","The winlogon notification subscriber <TermSrv> finished handling the notification event (5)."
"10-08-2026 11:54:48","811","Information","Microsoft-Windows-Winlogon","The winlogon notification subscriber <TermSrv> began handling the notification event (5)."
"10-08-2026 11:54:48","812","Information","Microsoft-Windows-Winlogon","The winlogon notification subscriber <Sens> finished handling the notification event (5)."
"10-08-2026 11:54:48","811","Information","Microsoft-Windows-Winlogon","The winlogon notification subscriber <Sens> began handling the notification event (5)."
"10-08-2026 11:54:44","812","Information","Microsoft-Windows-Winlogon","The winlogon notification subscriber <TermSrv> finished handling the notification event (4)."
"10-08-2026 11:54:44","811","Information","Microsoft-Windows-Winlogon","The winlogon notification subscriber <TermSrv> began handling the notification event (4)."
"10-08-2026 11:54:44","812","Information","Microsoft-Windows-Winlogon","The winlogon notification subscriber <Sens> finished handling the notification event (4)."
"10-08-2026 11:54:44","811","Information","Microsoft-Windows-Winlogon","The winlogon notification subscriber <Sens> began handling the notification event (4)."
"10-08-2026 11:39:43","812","Information","Microsoft-Windows-Winlogon","The winlogon notification subscriber <TermSrv> finished handling the notification event (5)."
"10-08-2026 11:39:43","811","Information","Microsoft-Windows-Winlogon","The winlogon notification subscriber <TermSrv> began handling the notification event (5)."
"10-08-2026 11:39:43","812","Information","Microsoft-Windows-Winlogon","The winlogon notification subscriber <Sens> finished handling the notification event (5)."
"10-08-2026 11:39:43","811","Information","Microsoft-Windows-Winlogon","The winlogon notification subscriber <Sens> began handling the notification event (5)."
"10-08-2026 11:36:30","812","Information","Microsoft-Windows-Winlogon","The winlogon notification subscriber <TermSrv> finished handling the notification event (4)."
"10-08-2026 11:36:30","811","Information","Microsoft-Windows-Winlogon","The winlogon notification subscriber <TermSrv> began handling the notification event (4)."
"10-08-2026 11:36:30","812","Information","Microsoft-Windows-Winlogon","The winlogon notification subscriber <Sens> finished handling the notification event (4)."
"10-08-2026 11:36:30","811","Information","Microsoft-Windows-Winlogon","The winlogon notification subscriber <Sens> began handling the notification event (4)."
"10-08-2026 11:18:53","812","Information","Microsoft-Windows-Winlogon","The winlogon notification subscriber <TermSrv> finished handling the notification event (5)."
"10-08-2026 11:18:53","811","Information","Microsoft-Windows-Winlogon","The winlogon notification subscriber <TermSrv> began handling the notification event (5)."
"10-08-2026 11:18:53","812","Information","Microsoft-Windows-Winlogon","The winlogon notification subscriber <Sens> finished handling the notification event (5)."
"10-08-2026 11:18:53","811","Information","Microsoft-Windows-Winlogon","The winlogon notification subscriber <Sens> began handling the notification event (5)."
"10-08-2026 11:03:31","812","Information","Microsoft-Windows-Winlogon","The winlogon notification subscriber <TermSrv> finished handling the notification event (4)."
"10-08-2026 11:03:31","811","Information","Microsoft-Windows-Winlogon","The winlogon notification subscriber <TermSrv> began handling the notification event (4)."
"10-08-2026 11:03:31","812","Information","Microsoft-Windows-Winlogon","The winlogon notification subscriber <Sens> finished handling the notification event (4)."
"10-08-2026 11:03:31","811","Information","Microsoft-Windows-Winlogon","The winlogon notification subscriber <Sens> began handling the notification event (4)."
"10-08-2026 10:44:18","812","Information","Microsoft-Windows-Winlogon","The winlogon notification subscriber <TermSrv> finished handling the notification event (5)."
"10-08-2026 10:44:18","811","Information","Microsoft-Windows-Winlogon","The winlogon notification subscriber <TermSrv> began handling the notification event (5)."
"10-08-2026 10:44:18","812","Information","Microsoft-Windows-Winlogon","The winlogon notification subscriber <Sens> finished handling the notification event (5)."
"10-08-2026 10:44:18","811","Information","Microsoft-Windows-Winlogon","The winlogon notification subscriber <Sens> began handling the notification event (5)."
"10-08-2026 10:37:52","812","Information","Microsoft-Windows-Winlogon","The winlogon notification subscriber <TermSrv> finished handling the notification event (4)."
"10-08-2026 10:37:52","811","Information","Microsoft-Windows-Winlogon","The winlogon notification subscriber <TermSrv> began handling the notification event (4)."
"10-08-2026 10:37:52","812","Information","Microsoft-Windows-Winlogon","The winlogon notification subscriber <Sens> finished handling the notification event (4)."
"10-08-2026 10:37:52","811","Information","Microsoft-Windows-Winlogon","The winlogon notification subscriber <Sens> began handling the notification event (4)."
"10-08-2026 10:22:39","812","Information","Microsoft-Windows-Winlogon","The winlogon notification subscriber <TermSrv> finished handling the notification event (5)."
"10-08-2026 10:22:39","811","Information","Microsoft-Windows-Winlogon","The winlogon notification subscriber <TermSrv> began handling the notification event (5)."
"10-08-2026 10:22:39","812","Information","Microsoft-Windows-Winlogon","The winlogon notification subscriber <Sens> finished handling the notification event (5)."
"10-08-2026 10:22:39","811","Information","Microsoft-Windows-Winlogon","The winlogon notification subscriber <Sens> began handling the notification event (5)."
"10-08-2026 10:20:57","812","Information","Microsoft-Windows-Winlogon","The winlogon notification subscriber <TermSrv> finished handling the notification event (4)."
"10-08-2026 10:20:57","811","Information","Microsoft-Windows-Winlogon","The winlogon notification subscriber <TermSrv> began handling the notification event (4)."
"10-08-2026 10:20:57","812","Information","Microsoft-Windows-Winlogon","The winlogon notification subscriber <Sens> finished handling the notification event (4)."
"10-08-2026 10:20:57","811","Information","Microsoft-Windows-Winlogon","The winlogon notification subscriber <Sens> began handling the notification event (4)."
"10-08-2026 09:41:34","812","Information","Microsoft-Windows-Winlogon","The winlogon notification subscriber <TermSrv> finished handling the notification event (14)."
"10-08-2026 09:41:34","811","Information","Microsoft-Windows-Winlogon","The winlogon notification subscriber <TermSrv> began handling the notification event (14)."
"10-08-2026 09:41:29","812","Information","Microsoft-Windows-Winlogon","The winlogon notification subscriber <TermSrv> finished handling the notification event (12)."
"10-08-2026 09:41:29","811","Information","Microsoft-Windows-Winlogon","The winlogon notification subscriber <TermSrv> began handling the notification event (12)."
"10-08-2026 09:41:29","812","Information","Microsoft-Windows-Winlogon","The winlogon notification subscriber <Sens> finished handling the notification event (12)."
"10-08-2026 09:41:29","811","Information","Microsoft-Windows-Winlogon","The winlogon notification subscriber <Sens> began handling the notification event (12)."
"10-08-2026 09:41:29","812","Information","Microsoft-Windows-Winlogon","The winlogon notification subscriber <GPClient> finished handling the notification event (12)."
"10-08-2026 09:41:29","811","Information","Microsoft-Windows-Winlogon","The winlogon notification subscriber <GPClient> began handling the notification event (12)."
"10-08-2026 09:41:29","812","Information","Microsoft-Windows-Winlogon","The winlogon notification subscriber <SessionEnv> finished handling the notification event (12)."
"10-08-2026 09:41:29","811","Information","Microsoft-Windows-Winlogon","The winlogon notification subscriber <SessionEnv> began handling the notification event (12)."
"10-08-2026 09:41:29","812","Information","Microsoft-Windows-Winlogon","The winlogon notification subscriber <Sens> finished handling the notification event (2)."
"10-08-2026 09:41:29","811","Information","Microsoft-Windows-Winlogon","The winlogon notification subscriber <Sens> began handling the notification event (2)."
"10-08-2026 09:41:29","812","Information","Microsoft-Windows-Winlogon","The winlogon notification subscriber <TermSrv> finished handling the notification event (2)."
"10-08-2026 09:41:29","811","Information","Microsoft-Windows-Winlogon","The winlogon notification subscriber <TermSrv> began handling the notification event (2)."
"10-08-2026 09:41:29","812","Information","Microsoft-Windows-Winlogon","The winlogon notification subscriber <GPClient> finished handling the notification event (2)."
"10-08-2026 09:41:29","811","Information","Microsoft-Windows-Winlogon","The winlogon notification subscriber <GPClient> began handling the notification event (2)."
"10-08-2026 09:41:29","812","Information","Microsoft-Windows-Winlogon","The winlogon notification subscriber <Profiles> finished handling the notification event (2)."
"10-08-2026 09:41:29","811","Information","Microsoft-Windows-Winlogon","The winlogon notification subscriber <Profiles> began handling the notification event (2)."
"10-08-2026 09:41:29","812","Information","Microsoft-Windows-Winlogon","The winlogon notification subscriber <SessionEnv> finished handling the notification event (2)."
"10-08-2026 09:41:29","811","Information","Microsoft-Windows-Winlogon","The winlogon notification subscriber <SessionEnv> began handling the notification event (2)."
"10-08-2026 09:41:29","2","Information","Microsoft-Windows-Winlogon","Authentication stopped. Result 0"
"10-08-2026 09:41:29","1","Information","Microsoft-Windows-Winlogon","Authentication started."
"10-08-2026 09:41:24","2","Information","Microsoft-Windows-Winlogon","Authentication stopped. Result 1326"
"10-08-2026 09:41:22","1","Information","Microsoft-Windows-Winlogon","Authentication started."
"10-08-2026 09:36:03","812","Information","Microsoft-Windows-Winlogon","The winlogon notification subscriber <TermSrv> finished handling the notification event (0)."
"10-08-2026 09:36:03","811","Information","Microsoft-Windows-Winlogon","The winlogon notification subscriber <TermSrv> began handling the notification event (0)."
"10-08-2026 09:36:03","812","Information","Microsoft-Windows-Winlogon","The winlogon notification subscriber <GPClient> finished handling the notification event (0)."
"10-08-2026 09:36:03","811","Information","Microsoft-Windows-Winlogon","The winlogon notification subscriber <GPClient> began handling the notification event (0)."
"07-08-2026 17:28:02","812","Information","Microsoft-Windows-Winlogon","The winlogon notification subscriber <TermSrv> finished handling the notification event (5)."
"07-08-2026 17:28:02","811","Information","Microsoft-Windows-Winlogon","The winlogon notification subscriber <TermSrv> began handling the notification event (5)."
"07-08-2026 17:28:02","812","Information","Microsoft-Windows-Winlogon","The winlogon notification subscriber <Sens> finished handling the notification event (5)."
"07-08-2026 17:28:02","811","Information","Microsoft-Windows-Winlogon","The winlogon notification subscriber <Sens> began handling the notification event (5)."
"07-08-2026 17:27:53","812","Information","Microsoft-Windows-Winlogon","The winlogon notification subscriber <TermSrv> finished handling the notification event (4)."
"07-08-2026 17:27:53","811","Information","Microsoft-Windows-Winlogon","The winlogon notification subscriber <TermSrv> began handling the notification event (4)."
"07-08-2026 17:27:53","812","Information","Microsoft-Windows-Winlogon","The winlogon notification subscriber <Sens> finished handling the notification event (4)."
"07-08-2026 17:27:53","811","Information","Microsoft-Windows-Winlogon","The winlogon notification subscriber <Sens> began handling the notification event (4)."
"07-08-2026 17:01:42","812","Information","Microsoft-Windows-Winlogon","The winlogon notification subscriber <TermSrv> finished handling the notification event (5)."
"07-08-2026 17:01:42","811","Information","Microsoft-Windows-Winlogon","The winlogon notification subscriber <TermSrv> began handling the notification event (5)."
"07-08-2026 17:01:42","812","Information","Microsoft-Windows-Winlogon","The winlogon notification subscriber <Sens> finished handling the notification event (5)."
"07-08-2026 17:01:42","811","Information","Microsoft-Windows-Winlogon","The winlogon notification subscriber <Sens> began handling the notification event (5)."
"07-08-2026 17:01:39","812","Information","Microsoft-Windows-Winlogon","The winlogon notification subscriber <TermSrv> finished handling the notification event (4)."
"07-08-2026 17:01:39","811","Information","Microsoft-Windows-Winlogon","The winlogon notification subscriber <TermSrv> began handling the notification event (4)."
"07-08-2026 17:01:39","812","Information","Microsoft-Windows-Winlogon","The winlogon notification subscriber <Sens> finished handling the notification event (4)."
"07-08-2026 17:01:39","811","Information","Microsoft-Windows-Winlogon","The winlogon notification subscriber <Sens> began handling the notification event (4)."
"07-08-2026 16:30:53","812","Information","Microsoft-Windows-Winlogon","The winlogon notification subscriber <TermSrv> finished handling the notification event (5)."
"07-08-2026 16:30:53","811","Information","Microsoft-Windows-Winlogon","The winlogon notification subscriber <TermSrv> began handling the notification event (5)."
"07-08-2026 16:30:53","812","Information","Microsoft-Windows-Winlogon","The winlogon notification subscriber <Sens> finished handling the notification event (5)."
"07-08-2026 16:30:53","811","Information","Microsoft-Windows-Winlogon","The winlogon notification subscriber <Sens> began handling the notification event (5)."
"07-08-2026 16:03:30","812","Information","Microsoft-Windows-Winlogon","The winlogon notification subscriber <TermSrv> finished handling the notification event (4)."
"07-08-2026 16:03:30","811","Information","Microsoft-Windows-Winlogon","The winlogon notification subscriber <TermSrv> began handling the notification event (4)."
"07-08-2026 16:03:30","812","Information","Microsoft-Windows-Winlogon","The winlogon notification subscriber <Sens> finished handling the notification event (4)."
"07-08-2026 16:03:30","811","Information","Microsoft-Windows-Winlogon","The winlogon notification subscriber <Sens> began handling the notification event (4)."
"07-08-2026 16:03:14","812","Information","Microsoft-Windows-Winlogon","The winlogon notification subscriber <TermSrv> finished handling the notification event (5)."
"07-08-2026 16:03:14","811","Information","Microsoft-Windows-Winlogon","The winlogon notification subscriber <TermSrv> began handling the notification event (5)."
"07-08-2026 16:03:14","812","Information","Microsoft-Windows-Winlogon","The winlogon notification subscriber <Sens> finished handling the notification event (5)."
"07-08-2026 16:03:14","811","Information","Microsoft-Windows-Winlogon","The winlogon notification subscriber <Sens> began handling the notification event (5)."
"07-08-2026 16:03:09","812","Information","Microsoft-Windows-Winlogon","The winlogon notification subscriber <TermSrv> finished handling the notification event (4)."
"07-08-2026 16:03:09","811","Information","Microsoft-Windows-Winlogon","The winlogon notification subscriber <TermSrv> began handling the notification event (4)."
"07-08-2026 16:03:09","812","Information","Microsoft-Windows-Winlogon","The winlogon notification subscriber <Sens> finished handling the notification event (4)."
"07-08-2026 16:03:09","811","Information","Microsoft-Windows-Winlogon","The winlogon notification subscriber <Sens> began handling the notification event (4)."
"07-08-2026 15:27:08","812","Information","Microsoft-Windows-Winlogon","The winlogon notification subscriber <TermSrv> finished handling the notification event (5)."
"07-08-2026 15:27:08","811","Information","Microsoft-Windows-Winlogon","The winlogon notification subscriber <TermSrv> began handling the notification event (5)."
"07-08-2026 15:27:08","812","Information","Microsoft-Windows-Winlogon","The winlogon notification subscriber <Sens> finished handling the notification event (5)."
"07-08-2026 15:27:08","811","Information","Microsoft-Windows-Winlogon","The winlogon notification subscriber <Sens> began handling the notification event (5)."
"07-08-2026 15:26:58","812","Information","Microsoft-Windows-Winlogon","The winlogon notification subscriber <TermSrv> finished handling the notification event (4)."
"07-08-2026 15:26:58","811","Information","Microsoft-Windows-Winlogon","The winlogon notification subscriber <TermSrv> began handling the notification event (4)."
"07-08-2026 15:26:58","812","Information","Microsoft-Windows-Winlogon","The winlogon notification subscriber <Sens> finished handling the notification event (4)."
"07-08-2026 15:26:58","811","Information","Microsoft-Windows-Winlogon","The winlogon notification subscriber <Sens> began handling the notification event (4)."
"07-08-2026 14:40:52","812","Information","Microsoft-Windows-Winlogon","The winlogon notification subscriber <TermSrv> finished handling the notification event (5)."
"07-08-2026 14:40:52","811","Information","Microsoft-Windows-Winlogon","The winlogon notification subscriber <TermSrv> began handling the notification event (5)."
"07-08-2026 14:40:52","812","Information","Microsoft-Windows-Winlogon","The winlogon notification subscriber <Sens> finished handling the notification event (5)."
"07-08-2026 14:40:52","811","Information","Microsoft-Windows-Winlogon","The winlogon notification subscriber <Sens> began handling the notification event (5)."
"07-08-2026 14:26:59","812","Information","Microsoft-Windows-Winlogon","The winlogon notification subscriber <TermSrv> finished handling the notification event (4)."
"07-08-2026 14:26:59","811","Information","Microsoft-Windows-Winlogon","The winlogon notification subscriber <TermSrv> began handling the notification event (4)."
"07-08-2026 14:26:59","812","Information","Microsoft-Windows-Winlogon","The winlogon notification subscriber <Sens> finished handling the notification event (4)."
"07-08-2026 14:26:59","811","Information","Microsoft-Windows-Winlogon","The winlogon notification subscriber <Sens> began handling the notification event (4)."
"07-08-2026 14:08:06","812","Information","Microsoft-Windows-Winlogon","The winlogon notification subscriber <TermSrv> finished handling the notification event (5)."
"07-08-2026 14:08:06","811","Information","Microsoft-Windows-Winlogon","The winlogon notification subscriber <TermSrv> began handling the notification event (5)."
"07-08-2026 14:08:06","812","Information","Microsoft-Windows-Winlogon","The winlogon notification subscriber <Sens> finished handling the notification event (5)."
"07-08-2026 14:08:06","811","Information","Microsoft-Windows-Winlogon","The winlogon notification subscriber <Sens> began handling the notification event (5)."
"07-08-2026 13:17:47","812","Information","Microsoft-Windows-Winlogon","The winlogon notification subscriber <TermSrv> finished handling the notification event (4)."
"07-08-2026 13:17:47","811","Information","Microsoft-Windows-Winlogon","The winlogon notification subscriber <TermSrv> began handling the notification event (4)."
"07-08-2026 13:17:47","812","Information","Microsoft-Windows-Winlogon","The winlogon notification subscriber <Sens> finished handling the notification event (4)."
"07-08-2026 13:17:47","811","Information","Microsoft-Windows-Winlogon","The winlogon notification subscriber <Sens> began handling the notification event (4)."
"07-08-2026 13:09:17","812","Information","Microsoft-Windows-Winlogon","The winlogon notification subscriber <TermSrv> finished handling the notification event (5)."
"07-08-2026 13:09:17","811","Information","Microsoft-Windows-Winlogon","The winlogon notification subscriber <TermSrv> began handling the notification event (5)."
"07-08-2026 13:09:17","812","Information","Microsoft-Windows-Winlogon","The winlogon notification subscriber <Sens> finished handling the notification event (5)."
"07-08-2026 13:09:17","811","Information","Microsoft-Windows-Winlogon","The winlogon notification subscriber <Sens> began handling the notification event (5)."
"07-08-2026 13:04:41","812","Information","Microsoft-Windows-Winlogon","The winlogon notification subscriber <TermSrv> finished handling the notification event (4)."
"07-08-2026 13:04:41","811","Information","Microsoft-Windows-Winlogon","The winlogon notification subscriber <TermSrv> began handling the notification event (4)."
"07-08-2026 13:04:41","812","Information","Microsoft-Windows-Winlogon","The winlogon notification subscriber <Sens> finished handling the notification event (4)."
"07-08-2026 13:04:41","811","Information","Microsoft-Windows-Winlogon","The winlogon notification subscriber <Sens> began handling the notification event (4)."
"07-08-2026 12:35:21","812","Information","Microsoft-Windows-Winlogon","The winlogon notification subscriber <TermSrv> finished handling the notification event (5)."
"07-08-2026 12:35:21","811","Information","Microsoft-Windows-Winlogon","The winlogon notification subscriber <TermSrv> began handling the notification event (5)."
"07-08-2026 12:35:21","812","Information","Microsoft-Windows-Winlogon","The winlogon notification subscriber <Sens> finished handling the notification event (5)."
"07-08-2026 12:35:21","811","Information","Microsoft-Windows-Winlogon","The winlogon notification subscriber <Sens> began handling the notification event (5)."
"07-08-2026 12:33:02","812","Information","Microsoft-Windows-Winlogon","The winlogon notification subscriber <TermSrv> finished handling the notification event (4)."
"07-08-2026 12:33:02","811","Information","Microsoft-Windows-Winlogon","The winlogon notification subscriber <TermSrv> began handling the notification event (4)."
"07-08-2026 12:33:02","812","Information","Microsoft-Windows-Winlogon","The winlogon notification subscriber <Sens> finished handling the notification event (4)."
"07-08-2026 12:33:02","811","Information","Microsoft-Windows-Winlogon","The winlogon notification subscriber <Sens> began handling the notification event (4)."
"07-08-2026 12:04:34","812","Information","Microsoft-Windows-Winlogon","The winlogon notification subscriber <TermSrv> finished handling the notification event (5)."
"07-08-2026 12:04:34","811","Information","Microsoft-Windows-Winlogon","The winlogon notification subscriber <TermSrv> began handling the notification event (5)."
"07-08-2026 12:04:34","812","Information","Microsoft-Windows-Winlogon","The winlogon notification subscriber <Sens> finished handling the notification event (5)."
"07-08-2026 12:04:34","811","Information","Microsoft-Windows-Winlogon","The winlogon notification subscriber <Sens> began handling the notification event (5)."
"07-08-2026 11:54:12","812","Information","Microsoft-Windows-Winlogon","The winlogon notification subscriber <TermSrv> finished handling the notification event (4)."
"07-08-2026 11:54:12","811","Information","Microsoft-Windows-Winlogon","The winlogon notification subscriber <TermSrv> began handling the notification event (4)."
"07-08-2026 11:54:12","812","Information","Microsoft-Windows-Winlogon","The winlogon notification subscriber <Sens> finished handling the notification event (4)."
"07-08-2026 11:54:12","811","Information","Microsoft-Windows-Winlogon","The winlogon notification subscriber <Sens> began handling the notification event (4)."
"07-08-2026 11:28:07","812","Information","Microsoft-Windows-Winlogon","The winlogon notification subscriber <TermSrv> finished handling the notification event (5)."
"07-08-2026 11:28:07","811","Information","Microsoft-Windows-Winlogon","The winlogon notification subscriber <TermSrv> began handling the notification event (5)."
"07-08-2026 11:28:07","812","Information","Microsoft-Windows-Winlogon","The winlogon notification subscriber <Sens> finished handling the notification event (5)."
"07-08-2026 11:28:07","811","Information","Microsoft-Windows-Winlogon","The winlogon notification subscriber <Sens> began handling the notification event (5)."
"07-08-2026 11:19:48","812","Information","Microsoft-Windows-Winlogon","The winlogon notification subscriber <TermSrv> finished handling the notification event (4)."
"07-08-2026 11:19:48","811","Information","Microsoft-Windows-Winlogon","The winlogon notification subscriber <TermSrv> began handling the notification event (4)."
"07-08-2026 11:19:48","812","Information","Microsoft-Windows-Winlogon","The winlogon notification subscriber <Sens> finished handling the notification event (4)."
"07-08-2026 11:19:48","811","Information","Microsoft-Windows-Winlogon","The winlogon notification subscriber <Sens> began handling the notification event (4)."
"07-08-2026 10:54:58","812","Information","Microsoft-Windows-Winlogon","The winlogon notification subscriber <TermSrv> finished handling the notification event (5)."
"07-08-2026 10:54:58","811","Information","Microsoft-Windows-Winlogon","The winlogon notification subscriber <TermSrv> began handling the notification event (5)."
"07-08-2026 10:54:58","812","Information","Microsoft-Windows-Winlogon","The winlogon notification subscriber <Sens> finished handling the notification event (5)."
"07-08-2026 10:54:58","811","Information","Microsoft-Windows-Winlogon","The winlogon notification subscriber <Sens> began handling the notification event (5)."
"07-08-2026 10:46:42","812","Information","Microsoft-Windows-Winlogon","The winlogon notification subscriber <TermSrv> finished handling the notification event (4)."
"07-08-2026 10:46:42","811","Information","Microsoft-Windows-Winlogon","The winlogon notification subscriber <TermSrv> began handling the notification event (4)."
"07-08-2026 10:46:42","812","Information","Microsoft-Windows-Winlogon","The winlogon notification subscriber <Sens> finished handling the notification event (4)."
"07-08-2026 10:46:42","811","Information","Microsoft-Windows-Winlogon","The winlogon notification subscriber <Sens> began handling the notification event (4)."
"07-08-2026 10:38:13","812","Information","Microsoft-Windows-Winlogon","The winlogon notification subscriber <TermSrv> finished handling the notification event (5)."
"07-08-2026 10:38:13","811","Information","Microsoft-Windows-Winlogon","The winlogon notification subscriber <TermSrv> began handling the notification event (5)."
"07-08-2026 10:38:13","812","Information","Microsoft-Windows-Winlogon","The winlogon notification subscriber <Sens> finished handling the notification event (5)."
"07-08-2026 10:38:13","811","Information","Microsoft-Windows-Winlogon","The winlogon notification subscriber <Sens> began handling the notification event (5)."
"07-08-2026 10:36:16","812","Information","Microsoft-Windows-Winlogon","The winlogon notification subscriber <TermSrv> finished handling the notification event (4)."
"07-08-2026 10:36:16","811","Information","Microsoft-Windows-Winlogon","The winlogon notification subscriber <TermSrv> began handling the notification event (4)."
"07-08-2026 10:36:16","812","Information","Microsoft-Windows-Winlogon","The winlogon notification subscriber <Sens> finished handling the notification event (4)."
"07-08-2026 10:36:16","811","Information","Microsoft-Windows-Winlogon","The winlogon notification subscriber <Sens> began handling the notification event (4)."
"07-08-2026 10:08:17","812","Information","Microsoft-Windows-Winlogon","The winlogon notification subscriber <TermSrv> finished handling the notification event (5)."
"07-08-2026 10:08:17","811","Information","Microsoft-Windows-Winlogon","The winlogon notification subscriber <TermSrv> began handling the notification event (5)."
"07-08-2026 10:08:17","812","Information","Microsoft-Windows-Winlogon","The winlogon notification subscriber <Sens> finished handling the notification event (5)."
"07-08-2026 10:08:17","811","Information","Microsoft-Windows-Winlogon","The winlogon notification subscriber <Sens> began handling the notification event (5)."
"07-08-2026 09:52:29","812","Information","Microsoft-Windows-Winlogon","The winlogon notification subscriber <TermSrv> finished handling the notification event (4)."
"07-08-2026 09:52:29","811","Information","Microsoft-Windows-Winlogon","The winlogon notification subscriber <TermSrv> began handling the notification event (4)."
"07-08-2026 09:52:29","812","Information","Microsoft-Windows-Winlogon","The winlogon notification subscriber <Sens> finished handling the notification event (4)."
"07-08-2026 09:52:29","811","Information","Microsoft-Windows-Winlogon","The winlogon notification subscriber <Sens> began handling the notification event (4)."
"07-08-2026 09:16:40","812","Information","Microsoft-Windows-Winlogon","The winlogon notification subscriber <TermSrv> finished handling the notification event (5)."
"07-08-2026 09:16:40","811","Information","Microsoft-Windows-Winlogon","The winlogon notification subscriber <TermSrv> began handling the notification event (5)."
"07-08-2026 09:16:40","812","Information","Microsoft-Windows-Winlogon","The winlogon notification subscriber <Sens> finished handling the notification event (5)."
"07-08-2026 09:16:40","811","Information","Microsoft-Windows-Winlogon","The winlogon notification subscriber <Sens> began handling the notification event (5)."
"06-08-2026 19:00:56","812","Information","Microsoft-Windows-Winlogon","The winlogon notification subscriber <TermSrv> finished handling the notification event (4)."
"06-08-2026 19:00:56","811","Information","Microsoft-Windows-Winlogon","The winlogon notification subscriber <TermSrv> began handling the notification event (4)."
"06-08-2026 19:00:56","812","Information","Microsoft-Windows-Winlogon","The winlogon notification subscriber <Sens> finished handling the notification event (4)."
"06-08-2026 19:00:56","811","Information","Microsoft-Windows-Winlogon","The winlogon notification subscriber <Sens> began handling the notification event (4)."
"06-08-2026 16:58:28","812","Information","Microsoft-Windows-Winlogon","The winlogon notification subscriber <TermSrv> finished handling the notification event (5)."
"06-08-2026 16:58:28","811","Information","Microsoft-Windows-Winlogon","The winlogon notification subscriber <TermSrv> began handling the notification event (5)."
"06-08-2026 16:58:28","812","Information","Microsoft-Windows-Winlogon","The winlogon notification subscriber <Sens> finished handling the notification event (5)."
"06-08-2026 16:58:28","811","Information","Microsoft-Windows-Winlogon","The winlogon notification subscriber <Sens> began handling the notification event (5)."
"06-08-2026 16:56:23","812","Information","Microsoft-Windows-Winlogon","The winlogon notification subscriber <TermSrv> finished handling the notification event (4)."
"06-08-2026 16:56:23","811","Information","Microsoft-Windows-Winlogon","The winlogon notification subscriber <TermSrv> began handling the notification event (4)."
"06-08-2026 16:56:23","812","Information","Microsoft-Windows-Winlogon","The winlogon notification subscriber <Sens> finished handling the notification event (4)."
"06-08-2026 16:56:23","811","Information","Microsoft-Windows-Winlogon","The winlogon notification subscriber <Sens> began handling the notification event (4)."
"06-08-2026 16:16:30","812","Information","Microsoft-Windows-Winlogon","The winlogon notification subscriber <TermSrv> finished handling the notification event (5)."
"06-08-2026 16:16:30","811","Information","Microsoft-Windows-Winlogon","The winlogon notification subscriber <TermSrv> began handling the notification event (5)."
"06-08-2026 16:16:30","812","Information","Microsoft-Windows-Winlogon","The winlogon notification subscriber <Sens> finished handling the notification event (5)."
"06-08-2026 16:16:30","811","Information","Microsoft-Windows-Winlogon","The winlogon notification subscriber <Sens> began handling the notification event (5)."
"06-08-2026 15:54:19","812","Information","Microsoft-Windows-Winlogon","The winlogon notification subscriber <TermSrv> finished handling the notification event (4)."
"06-08-2026 15:54:19","811","Information","Microsoft-Windows-Winlogon","The winlogon notification subscriber <TermSrv> began handling the notification event (4)."
"06-08-2026 15:54:19","812","Information","Microsoft-Windows-Winlogon","The winlogon notification subscriber <Sens> finished handling the notification event (4)."
"06-08-2026 15:54:19","811","Information","Microsoft-Windows-Winlogon","The winlogon notification subscriber <Sens> began handling the notification event (4)."
"06-08-2026 15:54:02","812","Information","Microsoft-Windows-Winlogon","The winlogon notification subscriber <TermSrv> finished handling the notification event (5)."
"06-08-2026 15:54:02","811","Information","Microsoft-Windows-Winlogon","The winlogon notification subscriber <TermSrv> began handling the notification event (5)."
"06-08-2026 15:54:02","812","Information","Microsoft-Windows-Winlogon","The winlogon notification subscriber <Sens> finished handling the notification event (5)."
"06-08-2026 15:54:02","811","Information","Microsoft-Windows-Winlogon","The winlogon notification subscriber <Sens> began handling the notification event (5)."
"06-08-2026 15:53:31","812","Information","Microsoft-Windows-Winlogon","The winlogon notification subscriber <TermSrv> finished handling the notification event (4)."
"06-08-2026 15:53:31","811","Information","Microsoft-Windows-Winlogon","The winlogon notification subscriber <TermSrv> began handling the notification event (4)."
"06-08-2026 15:53:31","812","Information","Microsoft-Windows-Winlogon","The winlogon notification subscriber <Sens> finished handling the notification event (4)."
"06-08-2026 15:53:31","811","Information","Microsoft-Windows-Winlogon","The winlogon notification subscriber <Sens> began handling the notification event (4)."
"06-08-2026 15:51:36","812","Information","Microsoft-Windows-Winlogon","The winlogon notification subscriber <TermSrv> finished handling the notification event (5)."
"06-08-2026 15:51:36","811","Information","Microsoft-Windows-Winlogon","The winlogon notification subscriber <TermSrv> began handling the notification event (5)."
"06-08-2026 15:51:36","812","Information","Microsoft-Windows-Winlogon","The winlogon notification subscriber <Sens> finished handling the notification event (5)."
"06-08-2026 15:51:36","811","Information","Microsoft-Windows-Winlogon","The winlogon notification subscriber <Sens> began handling the notification event (5)."
"06-08-2026 15:46:21","812","Information","Microsoft-Windows-Winlogon","The winlogon notification subscriber <TermSrv> finished handling the notification event (4)."
"06-08-2026 15:46:21","811","Information","Microsoft-Windows-Winlogon","The winlogon notification subscriber <TermSrv> began handling the notification event (4)."
"06-08-2026 15:46:21","812","Information","Microsoft-Windows-Winlogon","The winlogon notification subscriber <Sens> finished handling the notification event (4)."
"06-08-2026 15:46:21","811","Information","Microsoft-Windows-Winlogon","The winlogon notification subscriber <Sens> began handling the notification event (4)."
"06-08-2026 14:59:54","812","Information","Microsoft-Windows-Winlogon","The winlogon notification subscriber <TermSrv> finished handling the notification event (5)."
"06-08-2026 14:59:54","811","Information","Microsoft-Windows-Winlogon","The winlogon notification subscriber <TermSrv> began handling the notification event (5)."
"06-08-2026 14:59:54","812","Information","Microsoft-Windows-Winlogon","The winlogon notification subscriber <Sens> finished handling the notification event (5)."
"06-08-2026 14:59:54","811","Information","Microsoft-Windows-Winlogon","The winlogon notification subscriber <Sens> began handling the notification event (5)."
"06-08-2026 14:53:37","812","Information","Microsoft-Windows-Winlogon","The winlogon notification subscriber <TermSrv> finished handling the notification event (4)."
"06-08-2026 14:53:37","811","Information","Microsoft-Windows-Winlogon","The winlogon notification subscriber <TermSrv> began handling the notification event (4)."
"06-08-2026 14:53:37","812","Information","Microsoft-Windows-Winlogon","The winlogon notification subscriber <Sens> finished handling the notification event (4)."
"06-08-2026 14:53:37","811","Information","Microsoft-Windows-Winlogon","The winlogon notification subscriber <Sens> began handling the notification event (4)."
"06-08-2026 14:35:28","812","Information","Microsoft-Windows-Winlogon","The winlogon notification subscriber <TermSrv> finished handling the notification event (5)."
"06-08-2026 14:35:28","811","Information","Microsoft-Windows-Winlogon","The winlogon notification subscriber <TermSrv> began handling the notification event (5)."
"06-08-2026 14:35:28","812","Information","Microsoft-Windows-Winlogon","The winlogon notification subscriber <Sens> finished handling the notification event (5)."
"06-08-2026 14:35:28","811","Information","Microsoft-Windows-Winlogon","The winlogon notification subscriber <Sens> began handling the notification event (5)."
"06-08-2026 14:30:05","812","Information","Microsoft-Windows-Winlogon","The winlogon notification subscriber <TermSrv> finished handling the notification event (4)."
"06-08-2026 14:30:05","811","Information","Microsoft-Windows-Winlogon","The winlogon notification subscriber <TermSrv> began handling the notification event (4)."
"06-08-2026 14:30:05","812","Information","Microsoft-Windows-Winlogon","The winlogon notification subscriber <Sens> finished handling the notification event (4)."
"06-08-2026 14:30:05","811","Information","Microsoft-Windows-Winlogon","The winlogon notification subscriber <Sens> began handling the notification event (4)."
"06-08-2026 14:29:35","812","Information","Microsoft-Windows-Winlogon","The winlogon notification subscriber <TermSrv> finished handling the notification event (5)."
"06-08-2026 14:29:35","811","Information","Microsoft-Windows-Winlogon","The winlogon notification subscriber <TermSrv> began handling the notification event (5)."
"06-08-2026 14:29:35","812","Information","Microsoft-Windows-Winlogon","The winlogon notification subscriber <Sens> finished handling the notification event (5)."
"06-08-2026 14:29:35","811","Information","Microsoft-Windows-Winlogon","The winlogon notification subscriber <Sens> began handling the notification event (5)."
"06-08-2026 14:28:39","812","Information","Microsoft-Windows-Winlogon","The winlogon notification subscriber <TermSrv> finished handling the notification event (4)."
"06-08-2026 14:28:39","811","Information","Microsoft-Windows-Winlogon","The winlogon notification subscriber <TermSrv> began handling the notification event (4)."
"06-08-2026 14:28:39","812","Information","Microsoft-Windows-Winlogon","The winlogon notification subscriber <Sens> finished handling the notification event (4)."
"06-08-2026 14:28:39","811","Information","Microsoft-Windows-Winlogon","The winlogon notification subscriber <Sens> began handling the notification event (4)."
"06-08-2026 14:22:58","812","Information","Microsoft-Windows-Winlogon","The winlogon notification subscriber <TermSrv> finished handling the notification event (5)."
"06-08-2026 14:22:58","811","Information","Microsoft-Windows-Winlogon","The winlogon notification subscriber <TermSrv> began handling the notification event (5)."
"06-08-2026 14:22:58","812","Information","Microsoft-Windows-Winlogon","The winlogon notification subscriber <Sens> finished handling the notification event (5)."
"06-08-2026 14:22:58","811","Information","Microsoft-Windows-Winlogon","The winlogon notification subscriber <Sens> began handling the notification event (5)."
"06-08-2026 14:06:24","812","Information","Microsoft-Windows-Winlogon","The winlogon notification subscriber <TermSrv> finished handling the notification event (4)."
"06-08-2026 14:06:24","811","Information","Microsoft-Windows-Winlogon","The winlogon notification subscriber <TermSrv> began handling the notification event (4)."
"06-08-2026 14:06:24","812","Information","Microsoft-Windows-Winlogon","The winlogon notification subscriber <Sens> finished handling the notification event (4)."
"06-08-2026 14:06:24","811","Information","Microsoft-Windows-Winlogon","The winlogon notification subscriber <Sens> began handling the notification event (4)."
"06-08-2026 13:52:49","812","Information","Microsoft-Windows-Winlogon","The winlogon notification subscriber <TermSrv> finished handling the notification event (5)."
"06-08-2026 13:52:49","811","Information","Microsoft-Windows-Winlogon","The winlogon notification subscriber <TermSrv> began handling the notification event (5)."
"06-08-2026 13:52:49","812","Information","Microsoft-Windows-Winlogon","The winlogon notification subscriber <Sens> finished handling the notification event (5)."
"06-08-2026 13:52:49","811","Information","Microsoft-Windows-Winlogon","The winlogon notification subscriber <Sens> began handling the notification event (5)."
"06-08-2026 12:56:45","812","Information","Microsoft-Windows-Winlogon","The winlogon notification subscriber <TermSrv> finished handling the notification event (4)."
"06-08-2026 12:56:45","811","Information","Microsoft-Windows-Winlogon","The winlogon notification subscriber <TermSrv> began handling the notification event (4)."
"06-08-2026 12:56:45","812","Information","Microsoft-Windows-Winlogon","The winlogon notification subscriber <Sens> finished handling the notification event (4)."
"06-08-2026 12:56:45","811","Information","Microsoft-Windows-Winlogon","The winlogon notification subscriber <Sens> began handling the notification event (4)."
"06-08-2026 12:24:52","812","Information","Microsoft-Windows-Winlogon","The winlogon notification subscriber <TermSrv> finished handling the notification event (5)."
"06-08-2026 12:24:52","811","Information","Microsoft-Windows-Winlogon","The winlogon notification subscriber <TermSrv> began handling the notification event (5)."
"06-08-2026 12:24:52","812","Information","Microsoft-Windows-Winlogon","The winlogon notification subscriber <Sens> finished handling the notification event (5)."
"06-08-2026 12:24:52","811","Information","Microsoft-Windows-Winlogon","The winlogon notification subscriber <Sens> began handling the notification event (5)."
"06-08-2026 11:34:58","812","Information","Microsoft-Windows-Winlogon","The winlogon notification subscriber <TermSrv> finished handling the notification event (4)."
"06-08-2026 11:34:58","811","Information","Microsoft-Windows-Winlogon","The winlogon notification subscriber <TermSrv> began handling the notification event (4)."
"06-08-2026 11:34:58","812","Information","Microsoft-Windows-Winlogon","The winlogon notification subscriber <Sens> finished handling the notification event (4)."
"06-08-2026 11:34:58","811","Information","Microsoft-Windows-Winlogon","The winlogon notification subscriber <Sens> began handling the notification event (4)."
"06-08-2026 11:06:13","812","Information","Microsoft-Windows-Winlogon","The winlogon notification subscriber <TermSrv> finished handling the notification event (5)."
"06-08-2026 11:06:13","811","Information","Microsoft-Windows-Winlogon","The winlogon notification subscriber <TermSrv> began handling the notification event (5)."
"06-08-2026 11:06:13","812","Information","Microsoft-Windows-Winlogon","The winlogon notification subscriber <Sens> finished handling the notification event (5)."
"06-08-2026 11:06:13","811","Information","Microsoft-Windows-Winlogon","The winlogon notification subscriber <Sens> began handling the notification event (5)."
"06-08-2026 10:42:27","812","Information","Microsoft-Windows-Winlogon","The winlogon notification subscriber <TermSrv> finished handling the notification event (4)."
"06-08-2026 10:42:27","811","Information","Microsoft-Windows-Winlogon","The winlogon notification subscriber <TermSrv> began handling the notification event (4)."
"06-08-2026 10:42:27","812","Information","Microsoft-Windows-Winlogon","The winlogon notification subscriber <Sens> finished handling the notification event (4)."
"06-08-2026 10:42:27","811","Information","Microsoft-Windows-Winlogon","The winlogon notification subscriber <Sens> began handling the notification event (4)."
"06-08-2026 09:23:17","812","Information","Microsoft-Windows-Winlogon","The winlogon notification subscriber <TermSrv> finished handling the notification event (5)."
"06-08-2026 09:23:17","811","Information","Microsoft-Windows-Winlogon","The winlogon notification subscriber <TermSrv> began handling the notification event (5)."
"06-08-2026 09:23:17","812","Information","Microsoft-Windows-Winlogon","The winlogon notification subscriber <Sens> finished handling the notification event (5)."
"06-08-2026 09:23:17","811","Information","Microsoft-Windows-Winlogon","The winlogon notification subscriber <Sens> began handling the notification event (5)."
"06-08-2026 09:21:32","812","Information","Microsoft-Windows-Winlogon","The winlogon notification subscriber <TermSrv> finished handling the notification event (4)."
"06-08-2026 09:21:32","811","Information","Microsoft-Windows-Winlogon","The winlogon notification subscriber <TermSrv> began handling the notification event (4)."
"06-08-2026 09:21:32","812","Information","Microsoft-Windows-Winlogon","The winlogon notification subscriber <Sens> finished handling the notification event (4)."
"06-08-2026 09:21:32","811","Information","Microsoft-Windows-Winlogon","The winlogon notification subscriber <Sens> began handling the notification event (4)."
"06-08-2026 08:55:08","812","Information","Microsoft-Windows-Winlogon","The winlogon notification subscriber <TermSrv> finished handling the notification event (5)."
"06-08-2026 08:55:08","811","Information","Microsoft-Windows-Winlogon","The winlogon notification subscriber <TermSrv> began handling the notification event (5)."
"06-08-2026 08:55:08","812","Information","Microsoft-Windows-Winlogon","The winlogon notification subscriber <Sens> finished handling the notification event (5)."
"06-08-2026 08:55:08","811","Information","Microsoft-Windows-Winlogon","The winlogon notification subscriber <Sens> began handling the notification event (5)."
"05-08-2026 19:51:29","812","Information","Microsoft-Windows-Winlogon","The winlogon notification subscriber <TermSrv> finished handling the notification event (4)."
"05-08-2026 19:51:29","811","Information","Microsoft-Windows-Winlogon","The winlogon notification subscriber <TermSrv> began handling the notification event (4)."
"05-08-2026 19:51:29","812","Information","Microsoft-Windows-Winlogon","The winlogon notification subscriber <Sens> finished handling the notification event (4)."
"05-08-2026 19:51:29","811","Information","Microsoft-Windows-Winlogon","The winlogon notification subscriber <Sens> began handling the notification event (4)."
"05-08-2026 19:47:34","812","Information","Microsoft-Windows-Winlogon","The winlogon notification subscriber <TermSrv> finished handling the notification event (5)."
"05-08-2026 19:47:34","811","Information","Microsoft-Windows-Winlogon","The winlogon notification subscriber <TermSrv> began handling the notification event (5)."
"05-08-2026 19:47:34","812","Information","Microsoft-Windows-Winlogon","The winlogon notification subscriber <Sens> finished handling the notification event (5)."
"05-08-2026 19:47:34","811","Information","Microsoft-Windows-Winlogon","The winlogon notification subscriber <Sens> began handling the notification event (5)."
"05-08-2026 19:46:52","812","Information","Microsoft-Windows-Winlogon","The winlogon notification subscriber <TermSrv> finished handling the notification event (4)."
"05-08-2026 19:46:52","811","Information","Microsoft-Windows-Winlogon","The winlogon notification subscriber <TermSrv> began handling the notification event (4)."
"05-08-2026 19:46:52","812","Information","Microsoft-Windows-Winlogon","The winlogon notification subscriber <Sens> finished handling the notification event (4)."
"05-08-2026 19:46:52","811","Information","Microsoft-Windows-Winlogon","The winlogon notification subscriber <Sens> began handling the notification event (4)."
"05-08-2026 19:10:19","812","Information","Microsoft-Windows-Winlogon","The winlogon notification subscriber <TermSrv> finished handling the notification event (5)."
"05-08-2026 19:10:19","811","Information","Microsoft-Windows-Winlogon","The winlogon notification subscriber <TermSrv> began handling the notification event (5)."
"05-08-2026 19:10:19","812","Information","Microsoft-Windows-Winlogon","The winlogon notification subscriber <Sens> finished handling the notification event (5)."
"05-08-2026 19:10:19","811","Information","Microsoft-Windows-Winlogon","The winlogon notification subscriber <Sens> began handling the notification event (5)."
"05-08-2026 19:07:32","812","Information","Microsoft-Windows-Winlogon","The winlogon notification subscriber <TermSrv> finished handling the notification event (4)."
"05-08-2026 19:07:32","811","Information","Microsoft-Windows-Winlogon","The winlogon notification subscriber <TermSrv> began handling the notification event (4)."
"05-08-2026 19:07:32","812","Information","Microsoft-Windows-Winlogon","The winlogon notification subscriber <Sens> finished handling the notification event (4)."
"05-08-2026 19:07:32","811","Information","Microsoft-Windows-Winlogon","The winlogon notification subscriber <Sens> began handling the notification event (4)."
"05-08-2026 18:28:54","812","Information","Microsoft-Windows-Winlogon","The winlogon notification subscriber <TermSrv> finished handling the notification event (5)."
"05-08-2026 18:28:54","811","Information","Microsoft-Windows-Winlogon","The winlogon notification subscriber <TermSrv> began handling the notification event (5)."
"05-08-2026 18:28:54","812","Information","Microsoft-Windows-Winlogon","The winlogon notification subscriber <Sens> finished handling the notification event (5)."
"05-08-2026 18:28:54","811","Information","Microsoft-Windows-Winlogon","The winlogon notification subscriber <Sens> began handling the notification event (5)."
"05-08-2026 17:31:51","812","Information","Microsoft-Windows-Winlogon","The winlogon notification subscriber <TermSrv> finished handling the notification event (4)."
"05-08-2026 17:31:51","811","Information","Microsoft-Windows-Winlogon","The winlogon notification subscriber <TermSrv> began handling the notification event (4)."
"05-08-2026 17:31:51","812","Information","Microsoft-Windows-Winlogon","The winlogon notification subscriber <Sens> finished handling the notification event (4)."
"05-08-2026 17:31:51","811","Information","Microsoft-Windows-Winlogon","The winlogon notification subscriber <Sens> began handling the notification event (4)."
"05-08-2026 17:10:36","812","Information","Microsoft-Windows-Winlogon","The winlogon notification subscriber <TermSrv> finished handling the notification event (5)."
"05-08-2026 17:10:36","811","Information","Microsoft-Windows-Winlogon","The winlogon notification subscriber <TermSrv> began handling the notification event (5)."
"05-08-2026 17:10:36","812","Information","Microsoft-Windows-Winlogon","The winlogon notification subscriber <Sens> finished handling the notification event (5)."
"05-08-2026 17:10:36","811","Information","Microsoft-Windows-Winlogon","The winlogon notification subscriber <Sens> began handling the notification event (5)."
"05-08-2026 16:51:51","812","Information","Microsoft-Windows-Winlogon","The winlogon notification subscriber <TermSrv> finished handling the notification event (4)."
"05-08-2026 16:51:51","811","Information","Microsoft-Windows-Winlogon","The winlogon notification subscriber <TermSrv> began handling the notification event (4)."
"05-08-2026 16:51:51","812","Information","Microsoft-Windows-Winlogon","The winlogon notification subscriber <Sens> finished handling the notification event (4)."
"05-08-2026 16:51:51","811","Information","Microsoft-Windows-Winlogon","The winlogon notification subscriber <Sens> began handling the notification event (4)."
"05-08-2026 15:52:47","812","Information","Microsoft-Windows-Winlogon","The winlogon notification subscriber <TermSrv> finished handling the notification event (5)."
"05-08-2026 15:52:47","811","Information","Microsoft-Windows-Winlogon","The winlogon notification subscriber <TermSrv> began handling the notification event (5)."
"05-08-2026 15:52:47","812","Information","Microsoft-Windows-Winlogon","The winlogon notification subscriber <Sens> finished handling the notification event (5)."
"05-08-2026 15:52:47","811","Information","Microsoft-Windows-Winlogon","The winlogon notification subscriber <Sens> began handling the notification event (5)."
"05-08-2026 15:45:33","812","Information","Microsoft-Windows-Winlogon","The winlogon notification subscriber <TermSrv> finished handling the notification event (4)."
"05-08-2026 15:45:33","811","Information","Microsoft-Windows-Winlogon","The winlogon notification subscriber <TermSrv> began handling the notification event (4)."
"05-08-2026 15:45:33","812","Information","Microsoft-Windows-Winlogon","The winlogon notification subscriber <Sens> finished handling the notification event (4)."
"05-08-2026 15:45:33","811","Information","Microsoft-Windows-Winlogon","The winlogon notification subscriber <Sens> began handling the notification event (4)."
"05-08-2026 15:05:38","812","Information","Microsoft-Windows-Winlogon","The winlogon notification subscriber <TermSrv> finished handling the notification event (5)."
"05-08-2026 15:05:38","811","Information","Microsoft-Windows-Winlogon","The winlogon notification subscriber <TermSrv> began handling the notification event (5)."
"05-08-2026 15:05:38","812","Information","Microsoft-Windows-Winlogon","The winlogon notification subscriber <Sens> finished handling the notification event (5)."
"05-08-2026 15:05:38","811","Information","Microsoft-Windows-Winlogon","The winlogon notification subscriber <Sens> began handling the notification event (5)."
"05-08-2026 15:02:57","812","Information","Microsoft-Windows-Winlogon","The winlogon notification subscriber <TermSrv> finished handling the notification event (4)."
"05-08-2026 15:02:57","811","Information","Microsoft-Windows-Winlogon","The winlogon notification subscriber <TermSrv> began handling the notification event (4)."
"05-08-2026 15:02:57","812","Information","Microsoft-Windows-Winlogon","The winlogon notification subscriber <Sens> finished handling the notification event (4)."
"05-08-2026 15:02:57","811","Information","Microsoft-Windows-Winlogon","The winlogon notification subscriber <Sens> began handling the notification event (4)."
"05-08-2026 14:14:53","812","Information","Microsoft-Windows-Winlogon","The winlogon notification subscriber <TermSrv> finished handling the notification event (5)."
"05-08-2026 14:14:53","811","Information","Microsoft-Windows-Winlogon","The winlogon notification subscriber <TermSrv> began handling the notification event (5)."
"05-08-2026 14:14:53","812","Information","Microsoft-Windows-Winlogon","The winlogon notification subscriber <Sens> finished handling the notification event (5)."
"05-08-2026 14:14:53","811","Information","Microsoft-Windows-Winlogon","The winlogon notification subscriber <Sens> began handling the notification event (5)."
"05-08-2026 13:58:59","812","Information","Microsoft-Windows-Winlogon","The winlogon notification subscriber <TermSrv> finished handling the notification event (4)."
"05-08-2026 13:58:59","811","Information","Microsoft-Windows-Winlogon","The winlogon notification subscriber <TermSrv> began handling the notification event (4)."
"05-08-2026 13:58:59","812","Information","Microsoft-Windows-Winlogon","The winlogon notification subscriber <Sens> finished handling the notification event (4)."
"05-08-2026 13:58:59","811","Information","Microsoft-Windows-Winlogon","The winlogon notification subscriber <Sens> began handling the notification event (4)."
"05-08-2026 13:50:28","812","Information","Microsoft-Windows-Winlogon","The winlogon notification subscriber <TermSrv> finished handling the notification event (5)."
"05-08-2026 13:50:28","811","Information","Microsoft-Windows-Winlogon","The winlogon notification subscriber <TermSrv> began handling the notification event (5)."
"05-08-2026 13:50:28","812","Information","Microsoft-Windows-Winlogon","The winlogon notification subscriber <Sens> finished handling the notification event (5)."
"05-08-2026 13:50:28","811","Information","Microsoft-Windows-Winlogon","The winlogon notification subscriber <Sens> began handling the notification event (5)."
"05-08-2026 13:15:45","812","Information","Microsoft-Windows-Winlogon","The winlogon notification subscriber <TermSrv> finished handling the notification event (4)."
"05-08-2026 13:15:45","811","Information","Microsoft-Windows-Winlogon","The winlogon notification subscriber <TermSrv> began handling the notification event (4)."
"05-08-2026 13:15:45","812","Information","Microsoft-Windows-Winlogon","The winlogon notification subscriber <Sens> finished handling the notification event (4)."
"05-08-2026 13:15:45","811","Information","Microsoft-Windows-Winlogon","The winlogon notification subscriber <Sens> began handling the notification event (4)."
"05-08-2026 11:51:18","812","Information","Microsoft-Windows-Winlogon","The winlogon notification subscriber <TermSrv> finished handling the notification event (5)."
"05-08-2026 11:51:18","811","Information","Microsoft-Windows-Winlogon","The winlogon notification subscriber <TermSrv> began handling the notification event (5)."
"05-08-2026 11:51:18","812","Information","Microsoft-Windows-Winlogon","The winlogon notification subscriber <Sens> finished handling the notification event (5)."
"05-08-2026 11:51:18","811","Information","Microsoft-Windows-Winlogon","The winlogon notification subscriber <Sens> began handling the notification event (5)."
"05-08-2026 11:36:44","812","Information","Microsoft-Windows-Winlogon","The winlogon notification subscriber <TermSrv> finished handling the notification event (4)."
"05-08-2026 11:36:44","811","Information","Microsoft-Windows-Winlogon","The winlogon notification subscriber <TermSrv> began handling the notification event (4)."
"05-08-2026 11:36:44","812","Information","Microsoft-Windows-Winlogon","The winlogon notification subscriber <Sens> finished handling the notification event (4)."
"05-08-2026 11:36:44","811","Information","Microsoft-Windows-Winlogon","The winlogon notification subscriber <Sens> began handling the notification event (4)."
"05-08-2026 09:38:50","812","Information","Microsoft-Windows-Winlogon","The winlogon notification subscriber <TermSrv> finished handling the notification event (5)."
"05-08-2026 09:38:50","811","Information","Microsoft-Windows-Winlogon","The winlogon notification subscriber <TermSrv> began handling the notification event (5)."
"05-08-2026 09:38:50","812","Information","Microsoft-Windows-Winlogon","The winlogon notification subscriber <Sens> finished handling the notification event (5)."
"05-08-2026 09:38:50","811","Information","Microsoft-Windows-Winlogon","The winlogon notification subscriber <Sens> began handling the notification event (5)."
"04-08-2026 18:36:13","812","Information","Microsoft-Windows-Winlogon","The winlogon notification subscriber <TermSrv> finished handling the notification event (4)."
"04-08-2026 18:36:13","811","Information","Microsoft-Windows-Winlogon","The winlogon notification subscriber <TermSrv> began handling the notification event (4)."
"04-08-2026 18:36:13","812","Information","Microsoft-Windows-Winlogon","The winlogon notification subscriber <Sens> finished handling the notification event (4)."
"04-08-2026 18:36:13","811","Information","Microsoft-Windows-Winlogon","The winlogon notification subscriber <Sens> began handling the notification event (4)."
"04-08-2026 18:33:01","812","Information","Microsoft-Windows-Winlogon","The winlogon notification subscriber <TermSrv> finished handling the notification event (5)."
"04-08-2026 18:33:01","811","Information","Microsoft-Windows-Winlogon","The winlogon notification subscriber <TermSrv> began handling the notification event (5)."
"04-08-2026 18:33:01","812","Information","Microsoft-Windows-Winlogon","The winlogon notification subscriber <Sens> finished handling the notification event (5)."
"04-08-2026 18:33:01","811","Information","Microsoft-Windows-Winlogon","The winlogon notification subscriber <Sens> began handling the notification event (5)."
"04-08-2026 17:52:25","812","Information","Microsoft-Windows-Winlogon","The winlogon notification subscriber <TermSrv> finished handling the notification event (4)."
"04-08-2026 17:52:25","811","Information","Microsoft-Windows-Winlogon","The winlogon notification subscriber <TermSrv> began handling the notification event (4)."
"04-08-2026 17:52:25","812","Information","Microsoft-Windows-Winlogon","The winlogon notification subscriber <Sens> finished handling the notification event (4)."
"04-08-2026 17:52:25","811","Information","Microsoft-Windows-Winlogon","The winlogon notification subscriber <Sens> began handling the notification event (4)."
"04-08-2026 17:51:53","812","Information","Microsoft-Windows-Winlogon","The winlogon notification subscriber <TermSrv> finished handling the notification event (5)."
"04-08-2026 17:51:53","811","Information","Microsoft-Windows-Winlogon","The winlogon notification subscriber <TermSrv> began handling the notification event (5)."
"04-08-2026 17:51:53","812","Information","Microsoft-Windows-Winlogon","The winlogon notification subscriber <Sens> finished handling the notification event (5)."
"04-08-2026 17:51:53","811","Information","Microsoft-Windows-Winlogon","The winlogon notification subscriber <Sens> began handling the notification event (5)."
"04-08-2026 17:46:18","812","Information","Microsoft-Windows-Winlogon","The winlogon notification subscriber <TermSrv> finished handling the notification event (4)."
"04-08-2026 17:46:18","811","Information","Microsoft-Windows-Winlogon","The winlogon notification subscriber <TermSrv> began handling the notification event (4)."
"04-08-2026 17:46:18","812","Information","Microsoft-Windows-Winlogon","The winlogon notification subscriber <Sens> finished handling the notification event (4)."
"04-08-2026 17:46:18","811","Information","Microsoft-Windows-Winlogon","The winlogon notification subscriber <Sens> began handling the notification event (4)."
"04-08-2026 17:27:45","812","Information","Microsoft-Windows-Winlogon","The winlogon notification subscriber <TermSrv> finished handling the notification event (5)."
"04-08-2026 17:27:45","811","Information","Microsoft-Windows-Winlogon","The winlogon notification subscriber <TermSrv> began handling the notification event (5)."
"04-08-2026 17:27:45","812","Information","Microsoft-Windows-Winlogon","The winlogon notification subscriber <Sens> finished handling the notification event (5)."
"04-08-2026 17:27:45","811","Information","Microsoft-Windows-Winlogon","The winlogon notification subscriber <Sens> began handling the notification event (5)."
"04-08-2026 17:19:02","812","Information","Microsoft-Windows-Winlogon","The winlogon notification subscriber <TermSrv> finished handling the notification event (4)."
"04-08-2026 17:19:02","811","Information","Microsoft-Windows-Winlogon","The winlogon notification subscriber <TermSrv> began handling the notification event (4)."
"04-08-2026 17:19:02","812","Information","Microsoft-Windows-Winlogon","The winlogon notification subscriber <Sens> finished handling the notification event (4)."
"04-08-2026 17:19:02","811","Information","Microsoft-Windows-Winlogon","The winlogon notification subscriber <Sens> began handling the notification event (4)."
"04-08-2026 17:08:28","812","Information","Microsoft-Windows-Winlogon","The winlogon notification subscriber <TermSrv> finished handling the notification event (5)."
"04-08-2026 17:08:28","811","Information","Microsoft-Windows-Winlogon","The winlogon notification subscriber <TermSrv> began handling the notification event (5)."
"04-08-2026 17:08:28","812","Information","Microsoft-Windows-Winlogon","The winlogon notification subscriber <Sens> finished handling the notification event (5)."
"04-08-2026 17:08:28","811","Information","Microsoft-Windows-Winlogon","The winlogon notification subscriber <Sens> began handling the notification event (5)."
"04-08-2026 16:48:30","812","Information","Microsoft-Windows-Winlogon","The winlogon notification subscriber <TermSrv> finished handling the notification event (4)."
"04-08-2026 16:48:30","811","Information","Microsoft-Windows-Winlogon","The winlogon notification subscriber <TermSrv> began handling the notification event (4)."
"04-08-2026 16:48:30","812","Information","Microsoft-Windows-Winlogon","The winlogon notification subscriber <Sens> finished handling the notification event (4)."
"04-08-2026 16:48:30","811","Information","Microsoft-Windows-Winlogon","The winlogon notification subscriber <Sens> began handling the notification event (4)."
"04-08-2026 16:48:19","812","Information","Microsoft-Windows-Winlogon","The winlogon notification subscriber <TermSrv> finished handling the notification event (5)."
"04-08-2026 16:48:19","811","Information","Microsoft-Windows-Winlogon","The winlogon notification subscriber <TermSrv> began handling the notification event (5)."
"04-08-2026 16:48:19","812","Information","Microsoft-Windows-Winlogon","The winlogon notification subscriber <Sens> finished handling the notification event (5)."
"04-08-2026 16:48:19","811","Information","Microsoft-Windows-Winlogon","The winlogon notification subscriber <Sens> began handling the notification event (5)."
"04-08-2026 16:48:01","812","Information","Microsoft-Windows-Winlogon","The winlogon notification subscriber <TermSrv> finished handling the notification event (4)."
"04-08-2026 16:48:01","811","Information","Microsoft-Windows-Winlogon","The winlogon notification subscriber <TermSrv> began handling the notification event (4)."
"04-08-2026 16:48:01","812","Information","Microsoft-Windows-Winlogon","The winlogon notification subscriber <Sens> finished handling the notification event (4)."
"04-08-2026 16:48:01","811","Information","Microsoft-Windows-Winlogon","The winlogon notification subscriber <Sens> began handling the notification event (4)."
"04-08-2026 15:26:26","812","Information","Microsoft-Windows-Winlogon","The winlogon notification subscriber <TermSrv> finished handling the notification event (5)."
"04-08-2026 15:26:26","811","Information","Microsoft-Windows-Winlogon","The winlogon notification subscriber <TermSrv> began handling the notification event (5)."
"04-08-2026 15:26:26","812","Information","Microsoft-Windows-Winlogon","The winlogon notification subscriber <Sens> finished handling the notification event (5)."
"04-08-2026 15:26:26","811","Information","Microsoft-Windows-Winlogon","The winlogon notification subscriber <Sens> began handling the notification event (5)."
"04-08-2026 15:21:27","812","Information","Microsoft-Windows-Winlogon","The winlogon notification subscriber <TermSrv> finished handling the notification event (4)."
"04-08-2026 15:21:27","811","Information","Microsoft-Windows-Winlogon","The winlogon notification subscriber <TermSrv> began handling the notification event (4)."
"04-08-2026 15:21:27","812","Information","Microsoft-Windows-Winlogon","The winlogon notification subscriber <Sens> finished handling the notification event (4)."
"04-08-2026 15:21:27","811","Information","Microsoft-Windows-Winlogon","The winlogon notification subscriber <Sens> began handling the notification event (4)."
"04-08-2026 14:11:06","812","Information","Microsoft-Windows-Winlogon","The winlogon notification subscriber <TermSrv> finished handling the notification event (5)."
"04-08-2026 14:11:06","811","Information","Microsoft-Windows-Winlogon","The winlogon notification subscriber <TermSrv> began handling the notification event (5)."
"04-08-2026 14:11:06","812","Information","Microsoft-Windows-Winlogon","The winlogon notification subscriber <Sens> finished handling the notification event (5)."
"04-08-2026 14:11:06","811","Information","Microsoft-Windows-Winlogon","The winlogon notification subscriber <Sens> began handling the notification event (5)."
"04-08-2026 13:19:14","812","Information","Microsoft-Windows-Winlogon","The winlogon notification subscriber <TermSrv> finished handling the notification event (4)."
"04-08-2026 13:19:14","811","Information","Microsoft-Windows-Winlogon","The winlogon notification subscriber <TermSrv> began handling the notification event (4)."
"04-08-2026 13:19:14","812","Information","Microsoft-Windows-Winlogon","The winlogon notification subscriber <Sens> finished handling the notification event (4)."
"04-08-2026 13:19:14","811","Information","Microsoft-Windows-Winlogon","The winlogon notification subscriber <Sens> began handling the notification event (4)."
"04-08-2026 11:44:14","812","Information","Microsoft-Windows-Winlogon","The winlogon notification subscriber <TermSrv> finished handling the notification event (5)."
"04-08-2026 11:44:14","811","Information","Microsoft-Windows-Winlogon","The winlogon notification subscriber <TermSrv> began handling the notification event (5)."
"04-08-2026 11:44:14","812","Information","Microsoft-Windows-Winlogon","The winlogon notification subscriber <Sens> finished handling the notification event (5)."
"04-08-2026 11:44:14","811","Information","Microsoft-Windows-Winlogon","The winlogon notification subscriber <Sens> began handling the notification event (5)."
"04-08-2026 11:16:14","812","Information","Microsoft-Windows-Winlogon","The winlogon notification subscriber <TermSrv> finished handling the notification event (4)."
"04-08-2026 11:16:14","811","Information","Microsoft-Windows-Winlogon","The winlogon notification subscriber <TermSrv> began handling the notification event (4)."
"04-08-2026 11:16:14","812","Information","Microsoft-Windows-Winlogon","The winlogon notification subscriber <Sens> finished handling the notification event (4)."
"04-08-2026 11:16:14","811","Information","Microsoft-Windows-Winlogon","The winlogon notification subscriber <Sens> began handling the notification event (4)."
"04-08-2026 09:35:52","812","Information","Microsoft-Windows-Winlogon","The winlogon notification subscriber <TermSrv> finished handling the notification event (5)."
"04-08-2026 09:35:52","811","Information","Microsoft-Windows-Winlogon","The winlogon notification subscriber <TermSrv> began handling the notification event (5)."
"04-08-2026 09:35:52","812","Information","Microsoft-Windows-Winlogon","The winlogon notification subscriber <Sens> finished handling the notification event (5)."
"04-08-2026 09:35:52","811","Information","Microsoft-Windows-Winlogon","The winlogon notification subscriber <Sens> began handling the notification event (5)."
"03-08-2026 18:24:47","812","Information","Microsoft-Windows-Winlogon","The winlogon notification subscriber <TermSrv> finished handling the notification event (4)."
"03-08-2026 18:24:47","811","Information","Microsoft-Windows-Winlogon","The winlogon notification subscriber <TermSrv> began handling the notification event (4)."
"03-08-2026 18:24:47","812","Information","Microsoft-Windows-Winlogon","The winlogon notification subscriber <Sens> finished handling the notification event (4)."
"03-08-2026 18:24:47","811","Information","Microsoft-Windows-Winlogon","The winlogon notification subscriber <Sens> began handling the notification event (4)."
"03-08-2026 18:21:21","812","Information","Microsoft-Windows-Winlogon","The winlogon notification subscriber <TermSrv> finished handling the notification event (5)."
"03-08-2026 18:21:21","811","Information","Microsoft-Windows-Winlogon","The winlogon notification subscriber <TermSrv> began handling the notification event (5)."
"03-08-2026 18:21:21","812","Information","Microsoft-Windows-Winlogon","The winlogon notification subscriber <Sens> finished handling the notification event (5)."
"03-08-2026 18:21:21","811","Information","Microsoft-Windows-Winlogon","The winlogon notification subscriber <Sens> began handling the notification event (5)."
"03-08-2026 18:04:17","812","Information","Microsoft-Windows-Winlogon","The winlogon notification subscriber <TermSrv> finished handling the notification event (4)."
"03-08-2026 18:04:17","811","Information","Microsoft-Windows-Winlogon","The winlogon notification subscriber <TermSrv> began handling the notification event (4)."
"03-08-2026 18:04:17","812","Information","Microsoft-Windows-Winlogon","The winlogon notification subscriber <Sens> finished handling the notification event (4)."
"03-08-2026 18:04:17","811","Information","Microsoft-Windows-Winlogon","The winlogon notification subscriber <Sens> began handling the notification event (4)."
"03-08-2026 17:44:50","812","Information","Microsoft-Windows-Winlogon","The winlogon notification subscriber <TermSrv> finished handling the notification event (5)."
"03-08-2026 17:44:50","811","Information","Microsoft-Windows-Winlogon","The winlogon notification subscriber <TermSrv> began handling the notification event (5)."
"03-08-2026 17:44:50","812","Information","Microsoft-Windows-Winlogon","The winlogon notification subscriber <Sens> finished handling the notification event (5)."
"03-08-2026 17:44:50","811","Information","Microsoft-Windows-Winlogon","The winlogon notification subscriber <Sens> began handling the notification event (5)."
"03-08-2026 17:44:32","812","Information","Microsoft-Windows-Winlogon","The winlogon notification subscriber <TermSrv> finished handling the notification event (4)."
"03-08-2026 17:44:32","811","Information","Microsoft-Windows-Winlogon","The winlogon notification subscriber <TermSrv> began handling the notification event (4)."
"03-08-2026 17:44:32","812","Information","Microsoft-Windows-Winlogon","The winlogon notification subscriber <Sens> finished handling the notification event (4)."
"03-08-2026 17:44:32","811","Information","Microsoft-Windows-Winlogon","The winlogon notification subscriber <Sens> began handling the notification event (4)."
"03-08-2026 17:23:15","812","Information","Microsoft-Windows-Winlogon","The winlogon notification subscriber <TermSrv> finished handling the notification event (5)."
"03-08-2026 17:23:15","811","Information","Microsoft-Windows-Winlogon","The winlogon notification subscriber <TermSrv> began handling the notification event (5)."
"03-08-2026 17:23:15","812","Information","Microsoft-Windows-Winlogon","The winlogon notification subscriber <Sens> finished handling the notification event (5)."
"03-08-2026 17:23:15","811","Information","Microsoft-Windows-Winlogon","The winlogon notification subscriber <Sens> began handling the notification event (5)."
"03-08-2026 17:19:04","812","Information","Microsoft-Windows-Winlogon","The winlogon notification subscriber <TermSrv> finished handling the notification event (4)."
"03-08-2026 17:19:04","811","Information","Microsoft-Windows-Winlogon","The winlogon notification subscriber <TermSrv> began handling the notification event (4)."
"03-08-2026 17:19:04","812","Information","Microsoft-Windows-Winlogon","The winlogon notification subscriber <Sens> finished handling the notification event (4)."
"03-08-2026 17:19:04","811","Information","Microsoft-Windows-Winlogon","The winlogon notification subscriber <Sens> began handling the notification event (4)."
"03-08-2026 16:54:40","812","Information","Microsoft-Windows-Winlogon","The winlogon notification subscriber <TermSrv> finished handling the notification event (5)."
"03-08-2026 16:54:40","811","Information","Microsoft-Windows-Winlogon","The winlogon notification subscriber <TermSrv> began handling the notification event (5)."
"03-08-2026 16:54:40","812","Information","Microsoft-Windows-Winlogon","The winlogon notification subscriber <Sens> finished handling the notification event (5)."
"03-08-2026 16:54:40","811","Information","Microsoft-Windows-Winlogon","The winlogon notification subscriber <Sens> began handling the notification event (5)."
"03-08-2026 16:50:30","812","Information","Microsoft-Windows-Winlogon","The winlogon notification subscriber <TermSrv> finished handling the notification event (4)."
"03-08-2026 16:50:30","811","Information","Microsoft-Windows-Winlogon","The winlogon notification subscriber <TermSrv> began handling the notification event (4)."
"03-08-2026 16:50:30","812","Information","Microsoft-Windows-Winlogon","The winlogon notification subscriber <Sens> finished handling the notification event (4)."
"03-08-2026 16:50:30","811","Information","Microsoft-Windows-Winlogon","The winlogon notification subscriber <Sens> began handling the notification event (4)."
"03-08-2026 16:34:25","812","Information","Microsoft-Windows-Winlogon","The winlogon notification subscriber <TermSrv> finished handling the notification event (5)."
"03-08-2026 16:34:25","811","Information","Microsoft-Windows-Winlogon","The winlogon notification subscriber <TermSrv> began handling the notification event (5)."
"03-08-2026 16:34:25","812","Information","Microsoft-Windows-Winlogon","The winlogon notification subscriber <Sens> finished handling the notification event (5)."
"03-08-2026 16:34:25","811","Information","Microsoft-Windows-Winlogon","The winlogon notification subscriber <Sens> began handling the notification event (5)."
"03-08-2026 16:32:46","812","Information","Microsoft-Windows-Winlogon","The winlogon notification subscriber <TermSrv> finished handling the notification event (4)."
"03-08-2026 16:32:46","811","Information","Microsoft-Windows-Winlogon","The winlogon notification subscriber <TermSrv> began handling the notification event (4)."
"03-08-2026 16:32:46","812","Information","Microsoft-Windows-Winlogon","The winlogon notification subscriber <Sens> finished handling the notification event (4)."
"03-08-2026 16:32:46","811","Information","Microsoft-Windows-Winlogon","The winlogon notification subscriber <Sens> began handling the notification event (4)."
"03-08-2026 16:15:56","812","Information","Microsoft-Windows-Winlogon","The winlogon notification subscriber <TermSrv> finished handling the notification event (5)."
"03-08-2026 16:15:56","811","Information","Microsoft-Windows-Winlogon","The winlogon notification subscriber <TermSrv> began handling the notification event (5)."
"03-08-2026 16:15:56","812","Information","Microsoft-Windows-Winlogon","The winlogon notification subscriber <Sens> finished handling the notification event (5)."
"03-08-2026 16:15:56","811","Information","Microsoft-Windows-Winlogon","The winlogon notification subscriber <Sens> began handling the notification event (5)."
"03-08-2026 15:54:34","812","Information","Microsoft-Windows-Winlogon","The winlogon notification subscriber <TermSrv> finished handling the notification event (4)."
"03-08-2026 15:54:34","811","Information","Microsoft-Windows-Winlogon","The winlogon notification subscriber <TermSrv> began handling the notification event (4)."
"03-08-2026 15:54:34","812","Information","Microsoft-Windows-Winlogon","The winlogon notification subscriber <Sens> finished handling the notification event (4)."
"03-08-2026 15:54:34","811","Information","Microsoft-Windows-Winlogon","The winlogon notification subscriber <Sens> began handling the notification event (4)."
"03-08-2026 15:54:23","812","Information","Microsoft-Windows-Winlogon","The winlogon notification subscriber <TermSrv> finished handling the notification event (5)."
"03-08-2026 15:54:23","811","Information","Microsoft-Windows-Winlogon","The winlogon notification subscriber <TermSrv> began handling the notification event (5)."
"03-08-2026 15:54:23","812","Information","Microsoft-Windows-Winlogon","The winlogon notification subscriber <Sens> finished handling the notification event (5)."
"03-08-2026 15:54:23","811","Information","Microsoft-Windows-Winlogon","The winlogon notification subscriber <Sens> began handling the notification event (5)."
"03-08-2026 15:41:56","812","Information","Microsoft-Windows-Winlogon","The winlogon notification subscriber <TermSrv> finished handling the notification event (4)."
"03-08-2026 15:41:56","811","Information","Microsoft-Windows-Winlogon","The winlogon notification subscriber <TermSrv> began handling the notification event (4)."
"03-08-2026 15:41:56","812","Information","Microsoft-Windows-Winlogon","The winlogon notification subscriber <Sens> finished handling the notification event (4)."
"03-08-2026 15:41:56","811","Information","Microsoft-Windows-Winlogon","The winlogon notification subscriber <Sens> began handling the notification event (4)."
"03-08-2026 14:41:43","812","Information","Microsoft-Windows-Winlogon","The winlogon notification subscriber <TermSrv> finished handling the notification event (5)."
"03-08-2026 14:41:43","811","Information","Microsoft-Windows-Winlogon","The winlogon notification subscriber <TermSrv> began handling the notification event (5)."
"03-08-2026 14:41:43","812","Information","Microsoft-Windows-Winlogon","The winlogon notification subscriber <Sens> finished handling the notification event (5)."
"03-08-2026 14:41:43","811","Information","Microsoft-Windows-Winlogon","The winlogon notification subscriber <Sens> began handling the notification event (5)."
"03-08-2026 14:35:39","812","Information","Microsoft-Windows-Winlogon","The winlogon notification subscriber <TermSrv> finished handling the notification event (4)."
"03-08-2026 14:35:39","811","Information","Microsoft-Windows-Winlogon","The winlogon notification subscriber <TermSrv> began handling the notification event (4)."
"03-08-2026 14:35:39","812","Information","Microsoft-Windows-Winlogon","The winlogon notification subscriber <Sens> finished handling the notification event (4)."
"03-08-2026 14:35:39","811","Information","Microsoft-Windows-Winlogon","The winlogon notification subscriber <Sens> began handling the notification event (4)."
"03-08-2026 14:20:37","812","Information","Microsoft-Windows-Winlogon","The winlogon notification subscriber <TermSrv> finished handling the notification event (5)."
"03-08-2026 14:20:37","811","Information","Microsoft-Windows-Winlogon","The winlogon notification subscriber <TermSrv> began handling the notification event (5)."
"03-08-2026 14:20:37","812","Information","Microsoft-Windows-Winlogon","The winlogon notification subscriber <Sens> finished handling the notification event (5)."
"03-08-2026 14:20:37","811","Information","Microsoft-Windows-Winlogon","The winlogon notification subscriber <Sens> began handling the notification event (5)."
"03-08-2026 13:19:31","812","Information","Microsoft-Windows-Winlogon","The winlogon notification subscriber <TermSrv> finished handling the notification event (4)."
"03-08-2026 13:19:31","811","Information","Microsoft-Windows-Winlogon","The winlogon notification subscriber <TermSrv> began handling the notification event (4)."
"03-08-2026 13:19:31","812","Information","Microsoft-Windows-Winlogon","The winlogon notification subscriber <Sens> finished handling the notification event (4)."
"03-08-2026 13:19:31","811","Information","Microsoft-Windows-Winlogon","The winlogon notification subscriber <Sens> began handling the notification event (4)."
"03-08-2026 13:19:02","812","Information","Microsoft-Windows-Winlogon","The winlogon notification subscriber <TermSrv> finished handling the notification event (5)."
"03-08-2026 13:19:02","811","Information","Microsoft-Windows-Winlogon","The winlogon notification subscriber <TermSrv> began handling the notification event (5)."
"03-08-2026 13:19:02","812","Information","Microsoft-Windows-Winlogon","The winlogon notification subscriber <Sens> finished handling the notification event (5)."
"03-08-2026 13:19:02","811","Information","Microsoft-Windows-Winlogon","The winlogon notification subscriber <Sens> began handling the notification event (5)."
"03-08-2026 13:18:55","812","Information","Microsoft-Windows-Winlogon","The winlogon notification subscriber <TermSrv> finished handling the notification event (4)."
"03-08-2026 13:18:55","811","Information","Microsoft-Windows-Winlogon","The winlogon notification subscriber <TermSrv> began handling the notification event (4)."
"03-08-2026 13:18:55","812","Information","Microsoft-Windows-Winlogon","The winlogon notification subscriber <Sens> finished handling the notification event (4)."
"03-08-2026 13:18:55","811","Information","Microsoft-Windows-Winlogon","The winlogon notification subscriber <Sens> began handling the notification event (4)."
"03-08-2026 12:33:45","812","Information","Microsoft-Windows-Winlogon","The winlogon notification subscriber <TermSrv> finished handling the notification event (5)."
"03-08-2026 12:33:45","811","Information","Microsoft-Windows-Winlogon","The winlogon notification subscriber <TermSrv> began handling the notification event (5)."
"03-08-2026 12:33:45","812","Information","Microsoft-Windows-Winlogon","The winlogon notification subscriber <Sens> finished handling the notification event (5)."
"03-08-2026 12:33:45","811","Information","Microsoft-Windows-Winlogon","The winlogon notification subscriber <Sens> began handling the notification event (5)."
"03-08-2026 11:53:29","812","Information","Microsoft-Windows-Winlogon","The winlogon notification subscriber <TermSrv> finished handling the notification event (4)."
"03-08-2026 11:53:29","811","Information","Microsoft-Windows-Winlogon","The winlogon notification subscriber <TermSrv> began handling the notification event (4)."
"03-08-2026 11:53:29","812","Information","Microsoft-Windows-Winlogon","The winlogon notification subscriber <Sens> finished handling the notification event (4)."
"03-08-2026 11:53:29","811","Information","Microsoft-Windows-Winlogon","The winlogon notification subscriber <Sens> began handling the notification event (4)."
"03-08-2026 11:04:29","812","Information","Microsoft-Windows-Winlogon","The winlogon notification subscriber <TermSrv> finished handling the notification event (5)."
"03-08-2026 11:04:29","811","Information","Microsoft-Windows-Winlogon","The winlogon notification subscriber <TermSrv> began handling the notification event (5)."
"03-08-2026 11:04:29","812","Information","Microsoft-Windows-Winlogon","The winlogon notification subscriber <Sens> finished handling the notification event (5)."
"03-08-2026 11:04:29","811","Information","Microsoft-Windows-Winlogon","The winlogon notification subscriber <Sens> began handling the notification event (5)."
"03-08-2026 10:31:32","812","Information","Microsoft-Windows-Winlogon","The winlogon notification subscriber <TermSrv> finished handling the notification event (4)."
"03-08-2026 10:31:32","811","Information","Microsoft-Windows-Winlogon","The winlogon notification subscriber <TermSrv> began handling the notification event (4)."
"03-08-2026 10:31:32","812","Information","Microsoft-Windows-Winlogon","The winlogon notification subscriber <Sens> finished handling the notification event (4)."
"03-08-2026 10:31:32","811","Information","Microsoft-Windows-Winlogon","The winlogon notification subscriber <Sens> began handling the notification event (4)."
"03-08-2026 10:17:06","812","Information","Microsoft-Windows-Winlogon","The winlogon notification subscriber <TermSrv> finished handling the notification event (5)."
"03-08-2026 10:17:06","811","Information","Microsoft-Windows-Winlogon","The winlogon notification subscriber <TermSrv> began handling the notification event (5)."
"03-08-2026 10:17:06","812","Information","Microsoft-Windows-Winlogon","The winlogon notification subscriber <Sens> finished handling the notification event (5)."
"03-08-2026 10:17:06","811","Information","Microsoft-Windows-Winlogon","The winlogon notification subscriber <Sens> began handling the notification event (5)."
"03-08-2026 10:16:05","812","Information","Microsoft-Windows-Winlogon","The winlogon notification subscriber <TermSrv> finished handling the notification event (4)."
"03-08-2026 10:16:05","811","Information","Microsoft-Windows-Winlogon","The winlogon notification subscriber <TermSrv> began handling the notification event (4)."
"03-08-2026 10:16:05","812","Information","Microsoft-Windows-Winlogon","The winlogon notification subscriber <Sens> finished handling the notification event (4)."
"03-08-2026 10:16:05","811","Information","Microsoft-Windows-Winlogon","The winlogon notification subscriber <Sens> began handling the notification event (4)."
"03-08-2026 09:52:21","812","Information","Microsoft-Windows-Winlogon","The winlogon notification subscriber <TermSrv> finished handling the notification event (5)."
"03-08-2026 09:52:21","811","Information","Microsoft-Windows-Winlogon","The winlogon notification subscriber <TermSrv> began handling the notification event (5)."
"03-08-2026 09:52:21","812","Information","Microsoft-Windows-Winlogon","The winlogon notification subscriber <Sens> finished handling the notification event (5)."
"03-08-2026 09:52:21","811","Information","Microsoft-Windows-Winlogon","The winlogon notification subscriber <Sens> began handling the notification event (5)."
"03-08-2026 09:33:12","812","Information","Microsoft-Windows-Winlogon","The winlogon notification subscriber <TermSrv> finished handling the notification event (4)."
"03-08-2026 09:33:12","811","Information","Microsoft-Windows-Winlogon","The winlogon notification subscriber <TermSrv> began handling the notification event (4)."
"03-08-2026 09:33:12","812","Information","Microsoft-Windows-Winlogon","The winlogon notification subscriber <Sens> finished handling the notification event (4)."
"03-08-2026 09:33:12","811","Information","Microsoft-Windows-Winlogon","The winlogon notification subscriber <Sens> began handling the notification event (4)."
"03-08-2026 09:26:40","812","Information","Microsoft-Windows-Winlogon","The winlogon notification subscriber <TermSrv> finished handling the notification event (14)."
"03-08-2026 09:26:40","811","Information","Microsoft-Windows-Winlogon","The winlogon notification subscriber <TermSrv> began handling the notification event (14)."
"03-08-2026 09:26:19","812","Information","Microsoft-Windows-Winlogon","The winlogon notification subscriber <TermSrv> finished handling the notification event (12)."
"03-08-2026 09:26:19","811","Information","Microsoft-Windows-Winlogon","The winlogon notification subscriber <TermSrv> began handling the notification event (12)."
"03-08-2026 09:26:19","812","Information","Microsoft-Windows-Winlogon","The winlogon notification subscriber <Sens> finished handling the notification event (12)."
"03-08-2026 09:26:19","811","Information","Microsoft-Windows-Winlogon","The winlogon notification subscriber <Sens> began handling the notification event (12)."
"03-08-2026 09:26:19","812","Information","Microsoft-Windows-Winlogon","The winlogon notification subscriber <GPClient> finished handling the notification event (12)."
"03-08-2026 09:26:19","811","Information","Microsoft-Windows-Winlogon","The winlogon notification subscriber <GPClient> began handling the notification event (12)."
"03-08-2026 09:26:19","812","Information","Microsoft-Windows-Winlogon","The winlogon notification subscriber <SessionEnv> finished handling the notification event (12)."
"03-08-2026 09:26:19","811","Information","Microsoft-Windows-Winlogon","The winlogon notification subscriber <SessionEnv> began handling the notification event (12)."
"03-08-2026 09:26:19","812","Information","Microsoft-Windows-Winlogon","The winlogon notification subscriber <Sens> finished handling the notification event (2)."
"03-08-2026 09:26:19","811","Information","Microsoft-Windows-Winlogon","The winlogon notification subscriber <Sens> began handling the notification event (2)."
"03-08-2026 09:26:19","812","Information","Microsoft-Windows-Winlogon","The winlogon notification subscriber <TermSrv> finished handling the notification event (2)."
"03-08-2026 09:26:19","811","Information","Microsoft-Windows-Winlogon","The winlogon notification subscriber <TermSrv> began handling the notification event (2)."
"03-08-2026 09:26:19","812","Information","Microsoft-Windows-Winlogon","The winlogon notification subscriber <GPClient> finished handling the notification event (2)."
"03-08-2026 09:26:19","811","Information","Microsoft-Windows-Winlogon","The winlogon notification subscriber <GPClient> began handling the notification event (2)."
"03-08-2026 09:26:19","812","Information","Microsoft-Windows-Winlogon","The winlogon notification subscriber <Profiles> finished handling the notification event (2)."
"03-08-2026 09:26:19","811","Information","Microsoft-Windows-Winlogon","The winlogon notification subscriber <Profiles> began handling the notification event (2)."
"03-08-2026 09:26:19","812","Information","Microsoft-Windows-Winlogon","The winlogon notification subscriber <SessionEnv> finished handling the notification event (2)."
"03-08-2026 09:26:19","811","Information","Microsoft-Windows-Winlogon","The winlogon notification subscriber <SessionEnv> began handling the notification event (2)."
"03-08-2026 09:26:19","2","Information","Microsoft-Windows-Winlogon","Authentication stopped. Result 0"
"03-08-2026 09:26:19","1","Information","Microsoft-Windows-Winlogon","Authentication started."
"03-08-2026 09:26:04","812","Information","Microsoft-Windows-Winlogon","The winlogon notification subscriber <TermSrv> finished handling the notification event (0)."
"03-08-2026 09:26:04","811","Information","Microsoft-Windows-Winlogon","The winlogon notification subscriber <TermSrv> began handling the notification event (0)."
"03-08-2026 09:26:04","812","Information","Microsoft-Windows-Winlogon","The winlogon notification subscriber <GPClient> finished handling the notification event (0)."
"03-08-2026 09:26:04","811","Information","Microsoft-Windows-Winlogon","The winlogon notification subscriber <GPClient> began handling the notification event (0)."
"31-07-2026 18:35:43","812","Information","Microsoft-Windows-Winlogon","The winlogon notification subscriber <TermSrv> finished handling the notification event (1)."
"31-07-2026 18:35:43","811","Information","Microsoft-Windows-Winlogon","The winlogon notification subscriber <TermSrv> began handling the notification event (1)."
"31-07-2026 18:35:43","812","Information","Microsoft-Windows-Winlogon","The winlogon notification subscriber <Dot3svc> finished handling the notification event (3)."
"31-07-2026 18:35:43","811","Information","Microsoft-Windows-Winlogon","The winlogon notification subscriber <Dot3svc> began handling the notification event (3)."
"31-07-2026 18:35:43","812","Information","Microsoft-Windows-Winlogon","The winlogon notification subscriber <Wlansvc> finished handling the notification event (3)."
"31-07-2026 18:35:43","811","Information","Microsoft-Windows-Winlogon","The winlogon notification subscriber <Wlansvc> began handling the notification event (3)."
"31-07-2026 18:35:43","812","Information","Microsoft-Windows-Winlogon","The winlogon notification subscriber <SessionEnv> finished handling the notification event (3)."
"31-07-2026 18:35:43","811","Information","Microsoft-Windows-Winlogon","The winlogon notification subscriber <SessionEnv> began handling the notification event (3)."
"31-07-2026 18:35:43","812","Information","Microsoft-Windows-Winlogon","The winlogon notification subscriber <Profiles> finished handling the notification event (3)."
"31-07-2026 18:35:43","811","Information","Microsoft-Windows-Winlogon","The winlogon notification subscriber <Profiles> began handling the notification event (3)."
"31-07-2026 18:35:43","812","Information","Microsoft-Windows-Winlogon","The winlogon notification subscriber <GPClient> finished handling the notification event (3)."
"31-07-2026 18:35:43","811","Information","Microsoft-Windows-Winlogon","The winlogon notification subscriber <GPClient> began handling the notification event (3)."
"31-07-2026 18:35:43","812","Information","Microsoft-Windows-Winlogon","The winlogon notification subscriber <TermSrv> finished handling the notification event (3)."
"31-07-2026 18:35:43","811","Information","Microsoft-Windows-Winlogon","The winlogon notification subscriber <TermSrv> began handling the notification event (3)."
"31-07-2026 18:35:43","812","Information","Microsoft-Windows-Winlogon","The winlogon notification subscriber <Sens> finished handling the notification event (3)."
"31-07-2026 18:35:43","811","Information","Microsoft-Windows-Winlogon","The winlogon notification subscriber <Sens> began handling the notification event (3)."
"31-07-2026 18:35:42","812","Information","Microsoft-Windows-Winlogon","The winlogon notification subscriber <TermSrv> finished handling the notification event (13)."
"31-07-2026 18:35:42","811","Information","Microsoft-Windows-Winlogon","The winlogon notification subscriber <TermSrv> began handling the notification event (13)."
"31-07-2026 18:35:42","812","Information","Microsoft-Windows-Winlogon","The winlogon notification subscriber <GPClient> finished handling the notification event (13)."
"31-07-2026 18:35:42","811","Information","Microsoft-Windows-Winlogon","The winlogon notification subscriber <GPClient> began handling the notification event (13)."
"31-07-2026 18:35:42","812","Information","Microsoft-Windows-Winlogon","The winlogon notification subscriber <GPClient> finished handling the notification event (13)."
"31-07-2026 18:35:42","811","Information","Microsoft-Windows-Winlogon","The winlogon notification subscriber <GPClient> began handling the notification event (13)."
"31-07-2026 18:35:37","812","Information","Microsoft-Windows-Winlogon","The winlogon notification subscriber <TermSrv> finished handling the notification event (0)."
"31-07-2026 18:35:37","811","Information","Microsoft-Windows-Winlogon","The winlogon notification subscriber <TermSrv> began handling the notification event (0)."
"31-07-2026 18:35:37","812","Information","Microsoft-Windows-Winlogon","The winlogon notification subscriber <GPClient> finished handling the notification event (0)."
"31-07-2026 18:35:37","811","Information","Microsoft-Windows-Winlogon","The winlogon notification subscriber <GPClient> began handling the notification event (0)."
"31-07-2026 18:27:24","812","Information","Microsoft-Windows-Winlogon","The winlogon notification subscriber <TermSrv> finished handling the notification event (5)."
"31-07-2026 18:27:24","811","Information","Microsoft-Windows-Winlogon","The winlogon notification subscriber <TermSrv> began handling the notification event (5)."
"31-07-2026 18:27:24","812","Information","Microsoft-Windows-Winlogon","The winlogon notification subscriber <Sens> finished handling the notification event (5)."
"31-07-2026 18:27:24","811","Information","Microsoft-Windows-Winlogon","The winlogon notification subscriber <Sens> began handling the notification event (5)."
"31-07-2026 18:00:46","812","Information","Microsoft-Windows-Winlogon","The winlogon notification subscriber <TermSrv> finished handling the notification event (4)."
"31-07-2026 18:00:46","811","Information","Microsoft-Windows-Winlogon","The winlogon notification subscriber <TermSrv> began handling the notification event (4)."
"31-07-2026 18:00:46","812","Information","Microsoft-Windows-Winlogon","The winlogon notification subscriber <Sens> finished handling the notification event (4)."
"31-07-2026 18:00:46","811","Information","Microsoft-Windows-Winlogon","The winlogon notification subscriber <Sens> began handling the notification event (4)."
"31-07-2026 15:56:24","812","Information","Microsoft-Windows-Winlogon","The winlogon notification subscriber <TermSrv> finished handling the notification event (5)."
"31-07-2026 15:56:24","811","Information","Microsoft-Windows-Winlogon","The winlogon notification subscriber <TermSrv> began handling the notification event (5)."
"31-07-2026 15:56:24","812","Information","Microsoft-Windows-Winlogon","The winlogon notification subscriber <Sens> finished handling the notification event (5)."
"31-07-2026 15:56:24","811","Information","Microsoft-Windows-Winlogon","The winlogon notification subscriber <Sens> began handling the notification event (5)."
"31-07-2026 15:28:14","812","Information","Microsoft-Windows-Winlogon","The winlogon notification subscriber <TermSrv> finished handling the notification event (4)."
"31-07-2026 15:28:14","811","Information","Microsoft-Windows-Winlogon","The winlogon notification subscriber <TermSrv> began handling the notification event (4)."
"31-07-2026 15:28:14","812","Information","Microsoft-Windows-Winlogon","The winlogon notification subscriber <Sens> finished handling the notification event (4)."
"31-07-2026 15:28:14","811","Information","Microsoft-Windows-Winlogon","The winlogon notification subscriber <Sens> began handling the notification event (4)."
"31-07-2026 15:13:14","812","Information","Microsoft-Windows-Winlogon","The winlogon notification subscriber <TermSrv> finished handling the notification event (5)."
"31-07-2026 15:13:14","811","Information","Microsoft-Windows-Winlogon","The winlogon notification subscriber <TermSrv> began handling the notification event (5)."
"31-07-2026 15:13:14","812","Information","Microsoft-Windows-Winlogon","The winlogon notification subscriber <Sens> finished handling the notification event (5)."
"31-07-2026 15:13:14","811","Information","Microsoft-Windows-Winlogon","The winlogon notification subscriber <Sens> began handling the notification event (5)."
"31-07-2026 15:12:43","812","Information","Microsoft-Windows-Winlogon","The winlogon notification subscriber <TermSrv> finished handling the notification event (4)."
"31-07-2026 15:12:43","811","Information","Microsoft-Windows-Winlogon","The winlogon notification subscriber <TermSrv> began handling the notification event (4)."
"31-07-2026 15:12:43","812","Information","Microsoft-Windows-Winlogon","The winlogon notification subscriber <Sens> finished handling the notification event (4)."
"31-07-2026 15:12:43","811","Information","Microsoft-Windows-Winlogon","The winlogon notification subscriber <Sens> began handling the notification event (4)."
"31-07-2026 14:56:19","812","Information","Microsoft-Windows-Winlogon","The winlogon notification subscriber <TermSrv> finished handling the notification event (5)."
"31-07-2026 14:56:19","811","Information","Microsoft-Windows-Winlogon","The winlogon notification subscriber <TermSrv> began handling the notification event (5)."
"31-07-2026 14:56:19","812","Information","Microsoft-Windows-Winlogon","The winlogon notification subscriber <Sens> finished handling the notification event (5)."
"31-07-2026 14:56:19","811","Information","Microsoft-Windows-Winlogon","The winlogon notification subscriber <Sens> began handling the notification event (5)."
"31-07-2026 13:56:16","812","Information","Microsoft-Windows-Winlogon","The winlogon notification subscriber <TermSrv> finished handling the notification event (4)."
"31-07-2026 13:56:16","811","Information","Microsoft-Windows-Winlogon","The winlogon notification subscriber <TermSrv> began handling the notification event (4)."
"31-07-2026 13:56:16","812","Information","Microsoft-Windows-Winlogon","The winlogon notification subscriber <Sens> finished handling the notification event (4)."
"31-07-2026 13:56:16","811","Information","Microsoft-Windows-Winlogon","The winlogon notification subscriber <Sens> began handling the notification event (4)."
"31-07-2026 13:30:01","812","Information","Microsoft-Windows-Winlogon","The winlogon notification subscriber <TermSrv> finished handling the notification event (5)."
"31-07-2026 13:30:01","811","Information","Microsoft-Windows-Winlogon","The winlogon notification subscriber <TermSrv> began handling the notification event (5)."
"31-07-2026 13:30:01","812","Information","Microsoft-Windows-Winlogon","The winlogon notification subscriber <Sens> finished handling the notification event (5)."
"31-07-2026 13:30:01","811","Information","Microsoft-Windows-Winlogon","The winlogon notification subscriber <Sens> began handling the notification event (5)."
"31-07-2026 12:36:06","812","Information","Microsoft-Windows-Winlogon","The winlogon notification subscriber <TermSrv> finished handling the notification event (4)."
"31-07-2026 12:36:06","811","Information","Microsoft-Windows-Winlogon","The winlogon notification subscriber <TermSrv> began handling the notification event (4)."
"31-07-2026 12:36:06","812","Information","Microsoft-Windows-Winlogon","The winlogon notification subscriber <Sens> finished handling the notification event (4)."
"31-07-2026 12:36:06","811","Information","Microsoft-Windows-Winlogon","The winlogon notification subscriber <Sens> began handling the notification event (4)."
"31-07-2026 12:07:11","812","Information","Microsoft-Windows-Winlogon","The winlogon notification subscriber <TermSrv> finished handling the notification event (5)."
"31-07-2026 12:07:11","811","Information","Microsoft-Windows-Winlogon","The winlogon notification subscriber <TermSrv> began handling the notification event (5)."
"31-07-2026 12:07:11","812","Information","Microsoft-Windows-Winlogon","The winlogon notification subscriber <Sens> finished handling the notification event (5)."
"31-07-2026 12:07:11","811","Information","Microsoft-Windows-Winlogon","The winlogon notification subscriber <Sens> began handling the notification event (5)."
"31-07-2026 11:17:08","812","Information","Microsoft-Windows-Winlogon","The winlogon notification subscriber <TermSrv> finished handling the notification event (4)."
"31-07-2026 11:17:08","811","Information","Microsoft-Windows-Winlogon","The winlogon notification subscriber <TermSrv> began handling the notification event (4)."
"31-07-2026 11:17:08","812","Information","Microsoft-Windows-Winlogon","The winlogon notification subscriber <Sens> finished handling the notification event (4)."
"31-07-2026 11:17:08","811","Information","Microsoft-Windows-Winlogon","The winlogon notification subscriber <Sens> began handling the notification event (4)."
"31-07-2026 11:17:05","812","Information","Microsoft-Windows-Winlogon","The winlogon notification subscriber <TermSrv> finished handling the notification event (5)."
"31-07-2026 11:17:05","811","Information","Microsoft-Windows-Winlogon","The winlogon notification subscriber <TermSrv> began handling the notification event (5)."
"31-07-2026 11:17:05","812","Information","Microsoft-Windows-Winlogon","The winlogon notification subscriber <Sens> finished handling the notification event (5)."
"31-07-2026 11:17:05","811","Information","Microsoft-Windows-Winlogon","The winlogon notification subscriber <Sens> began handling the notification event (5)."
"31-07-2026 11:17:01","812","Information","Microsoft-Windows-Winlogon","The winlogon notification subscriber <TermSrv> finished handling the notification event (4)."
"31-07-2026 11:17:01","811","Information","Microsoft-Windows-Winlogon","The winlogon notification subscriber <TermSrv> began handling the notification event (4)."
"31-07-2026 11:17:01","812","Information","Microsoft-Windows-Winlogon","The winlogon notification subscriber <Sens> finished handling the notification event (4)."
"31-07-2026 11:17:01","811","Information","Microsoft-Windows-Winlogon","The winlogon notification subscriber <Sens> began handling the notification event (4)."
"31-07-2026 10:43:02","812","Information","Microsoft-Windows-Winlogon","The winlogon notification subscriber <TermSrv> finished handling the notification event (5)."
"31-07-2026 10:43:02","811","Information","Microsoft-Windows-Winlogon","The winlogon notification subscriber <TermSrv> began handling the notification event (5)."
"31-07-2026 10:43:02","812","Information","Microsoft-Windows-Winlogon","The winlogon notification subscriber <Sens> finished handling the notification event (5)."
"31-07-2026 10:43:02","811","Information","Microsoft-Windows-Winlogon","The winlogon notification subscriber <Sens> began handling the notification event (5)."
"31-07-2026 10:42:36","812","Information","Microsoft-Windows-Winlogon","The winlogon notification subscriber <TermSrv> finished handling the notification event (4)."
"31-07-2026 10:42:36","811","Information","Microsoft-Windows-Winlogon","The winlogon notification subscriber <TermSrv> began handling the notification event (4)."
"31-07-2026 10:42:36","812","Information","Microsoft-Windows-Winlogon","The winlogon notification subscriber <Sens> finished handling the notification event (4)."
"31-07-2026 10:42:36","811","Information","Microsoft-Windows-Winlogon","The winlogon notification subscriber <Sens> began handling the notification event (4)."
"31-07-2026 10:25:59","812","Information","Microsoft-Windows-Winlogon","The winlogon notification subscriber <TermSrv> finished handling the notification event (5)."
"31-07-2026 10:25:59","811","Information","Microsoft-Windows-Winlogon","The winlogon notification subscriber <TermSrv> began handling the notification event (5)."
"31-07-2026 10:25:59","812","Information","Microsoft-Windows-Winlogon","The winlogon notification subscriber <Sens> finished handling the notification event (5)."
"31-07-2026 10:25:59","811","Information","Microsoft-Windows-Winlogon","The winlogon notification subscriber <Sens> began handling the notification event (5)."
"31-07-2026 10:21:59","812","Information","Microsoft-Windows-Winlogon","The winlogon notification subscriber <TermSrv> finished handling the notification event (4)."
"31-07-2026 10:21:59","811","Information","Microsoft-Windows-Winlogon","The winlogon notification subscriber <TermSrv> began handling the notification event (4)."
"31-07-2026 10:21:59","812","Information","Microsoft-Windows-Winlogon","The winlogon notification subscriber <Sens> finished handling the notification event (4)."
"31-07-2026 10:21:59","811","Information","Microsoft-Windows-Winlogon","The winlogon notification subscriber <Sens> began handling the notification event (4)."
"31-07-2026 09:45:20","812","Information","Microsoft-Windows-Winlogon","The winlogon notification subscriber <TermSrv> finished handling the notification event (14)."
"31-07-2026 09:45:20","811","Information","Microsoft-Windows-Winlogon","The winlogon notification subscriber <TermSrv> began handling the notification event (14)."
"31-07-2026 09:45:09","812","Information","Microsoft-Windows-Winlogon","The winlogon notification subscriber <TermSrv> finished handling the notification event (12)."
"31-07-2026 09:45:09","811","Information","Microsoft-Windows-Winlogon","The winlogon notification subscriber <TermSrv> began handling the notification event (12)."
"31-07-2026 09:45:09","812","Information","Microsoft-Windows-Winlogon","The winlogon notification subscriber <Sens> finished handling the notification event (12)."
"31-07-2026 09:45:09","811","Information","Microsoft-Windows-Winlogon","The winlogon notification subscriber <Sens> began handling the notification event (12)."
"31-07-2026 09:45:09","812","Information","Microsoft-Windows-Winlogon","The winlogon notification subscriber <GPClient> finished handling the notification event (12)."
"31-07-2026 09:45:09","811","Information","Microsoft-Windows-Winlogon","The winlogon notification subscriber <GPClient> began handling the notification event (12)."
"31-07-2026 09:45:09","812","Information","Microsoft-Windows-Winlogon","The winlogon notification subscriber <SessionEnv> finished handling the notification event (12)."
"31-07-2026 09:45:09","811","Information","Microsoft-Windows-Winlogon","The winlogon notification subscriber <SessionEnv> began handling the notification event (12)."
"31-07-2026 09:45:09","812","Information","Microsoft-Windows-Winlogon","The winlogon notification subscriber <Sens> finished handling the notification event (2)."
"31-07-2026 09:45:09","811","Information","Microsoft-Windows-Winlogon","The winlogon notification subscriber <Sens> began handling the notification event (2)."
"31-07-2026 09:45:09","812","Information","Microsoft-Windows-Winlogon","The winlogon notification subscriber <TermSrv> finished handling the notification event (2)."
"31-07-2026 09:45:09","811","Information","Microsoft-Windows-Winlogon","The winlogon notification subscriber <TermSrv> began handling the notification event (2)."
"31-07-2026 09:45:09","812","Information","Microsoft-Windows-Winlogon","The winlogon notification subscriber <GPClient> finished handling the notification event (2)."
"31-07-2026 09:45:09","811","Information","Microsoft-Windows-Winlogon","The winlogon notification subscriber <GPClient> began handling the notification event (2)."
"31-07-2026 09:45:09","812","Information","Microsoft-Windows-Winlogon","The winlogon notification subscriber <Profiles> finished handling the notification event (2)."
"31-07-2026 09:45:09","811","Information","Microsoft-Windows-Winlogon","The winlogon notification subscriber <Profiles> began handling the notification event (2)."
"31-07-2026 09:45:09","812","Information","Microsoft-Windows-Winlogon","The winlogon notification subscriber <SessionEnv> finished handling the notification event (2)."
"31-07-2026 09:45:09","811","Information","Microsoft-Windows-Winlogon","The winlogon notification subscriber <SessionEnv> began handling the notification event (2)."
"31-07-2026 09:45:09","2","Information","Microsoft-Windows-Winlogon","Authentication stopped. Result 0"
"31-07-2026 09:45:09","1","Information","Microsoft-Windows-Winlogon","Authentication started."
"31-07-2026 09:45:01","2","Information","Microsoft-Windows-Winlogon","Authentication stopped. Result 1326"
"31-07-2026 09:45:00","1","Information","Microsoft-Windows-Winlogon","Authentication started."
"31-07-2026 09:44:23","812","Information","Microsoft-Windows-Winlogon","The winlogon notification subscriber <TermSrv> finished handling the notification event (0)."
"31-07-2026 09:44:23","811","Information","Microsoft-Windows-Winlogon","The winlogon notification subscriber <TermSrv> began handling the notification event (0)."
"31-07-2026 09:44:23","812","Information","Microsoft-Windows-Winlogon","The winlogon notification subscriber <GPClient> finished handling the notification event (0)."
"31-07-2026 09:44:23","811","Information","Microsoft-Windows-Winlogon","The winlogon notification subscriber <GPClient> began handling the notification event (0)."
"31-07-2026 09:43:17","812","Information","Microsoft-Windows-Winlogon","The winlogon notification subscriber <TermSrv> finished handling the notification event (1)."
"31-07-2026 09:43:17","811","Information","Microsoft-Windows-Winlogon","The winlogon notification subscriber <TermSrv> began handling the notification event (1)."
"31-07-2026 09:43:17","812","Information","Microsoft-Windows-Winlogon","The winlogon notification subscriber <Dot3svc> finished handling the notification event (3)."
"31-07-2026 09:43:17","811","Information","Microsoft-Windows-Winlogon","The winlogon notification subscriber <Dot3svc> began handling the notification event (3)."
"31-07-2026 09:43:17","812","Information","Microsoft-Windows-Winlogon","The winlogon notification subscriber <Wlansvc> finished handling the notification event (3)."
"31-07-2026 09:43:17","811","Information","Microsoft-Windows-Winlogon","The winlogon notification subscriber <Wlansvc> began handling the notification event (3)."
"31-07-2026 09:43:17","812","Information","Microsoft-Windows-Winlogon","The winlogon notification subscriber <SessionEnv> finished handling the notification event (3)."
"31-07-2026 09:43:16","811","Information","Microsoft-Windows-Winlogon","The winlogon notification subscriber <SessionEnv> began handling the notification event (3)."
"31-07-2026 09:43:16","812","Information","Microsoft-Windows-Winlogon","The winlogon notification subscriber <Profiles> finished handling the notification event (3)."
"31-07-2026 09:43:16","811","Information","Microsoft-Windows-Winlogon","The winlogon notification subscriber <Profiles> began handling the notification event (3)."
"31-07-2026 09:43:16","812","Information","Microsoft-Windows-Winlogon","The winlogon notification subscriber <GPClient> finished handling the notification event (3)."
"31-07-2026 09:43:16","811","Information","Microsoft-Windows-Winlogon","The winlogon notification subscriber <GPClient> began handling the notification event (3)."
"31-07-2026 09:43:16","812","Information","Microsoft-Windows-Winlogon","The winlogon notification subscriber <TermSrv> finished handling the notification event (3)."
"31-07-2026 09:43:16","811","Information","Microsoft-Windows-Winlogon","The winlogon notification subscriber <TermSrv> began handling the notification event (3)."
"31-07-2026 09:43:16","812","Information","Microsoft-Windows-Winlogon","The winlogon notification subscriber <Sens> finished handling the notification event (3)."
"31-07-2026 09:43:16","811","Information","Microsoft-Windows-Winlogon","The winlogon notification subscriber <Sens> began handling the notification event (3)."
"31-07-2026 09:43:15","812","Information","Microsoft-Windows-Winlogon","The winlogon notification subscriber <TermSrv> finished handling the notification event (13)."
"31-07-2026 09:43:15","811","Information","Microsoft-Windows-Winlogon","The winlogon notification subscriber <TermSrv> began handling the notification event (13)."
"31-07-2026 09:43:15","812","Information","Microsoft-Windows-Winlogon","The winlogon notification subscriber <GPClient> finished handling the notification event (13)."
"31-07-2026 09:43:15","811","Information","Microsoft-Windows-Winlogon","The winlogon notification subscriber <GPClient> began handling the notification event (13)."
"31-07-2026 09:43:15","812","Information","Microsoft-Windows-Winlogon","The winlogon notification subscriber <GPClient> finished handling the notification event (13)."
"31-07-2026 09:43:15","811","Information","Microsoft-Windows-Winlogon","The winlogon notification subscriber <GPClient> began handling the notification event (13)."
"31-07-2026 09:32:00","812","Information","Microsoft-Windows-Winlogon","The winlogon notification subscriber <TermSrv> finished handling the notification event (5)."
"31-07-2026 09:32:00","811","Information","Microsoft-Windows-Winlogon","The winlogon notification subscriber <TermSrv> began handling the notification event (5)."
"31-07-2026 09:32:00","812","Information","Microsoft-Windows-Winlogon","The winlogon notification subscriber <Sens> finished handling the notification event (5)."
"31-07-2026 09:32:00","811","Information","Microsoft-Windows-Winlogon","The winlogon notification subscriber <Sens> began handling the notification event (5)."
"30-07-2026 18:46:45","812","Information","Microsoft-Windows-Winlogon","The winlogon notification subscriber <TermSrv> finished handling the notification event (4)."
"30-07-2026 18:46:45","811","Information","Microsoft-Windows-Winlogon","The winlogon notification subscriber <TermSrv> began handling the notification event (4)."
"30-07-2026 18:46:45","812","Information","Microsoft-Windows-Winlogon","The winlogon notification subscriber <Sens> finished handling the notification event (4)."
"30-07-2026 18:46:45","811","Information","Microsoft-Windows-Winlogon","The winlogon notification subscriber <Sens> began handling the notification event (4)."
"30-07-2026 18:17:25","812","Information","Microsoft-Windows-Winlogon","The winlogon notification subscriber <TermSrv> finished handling the notification event (5)."
"30-07-2026 18:17:25","811","Information","Microsoft-Windows-Winlogon","The winlogon notification subscriber <TermSrv> began handling the notification event (5)."
"30-07-2026 18:17:25","812","Information","Microsoft-Windows-Winlogon","The winlogon notification subscriber <Sens> finished handling the notification event (5)."
"30-07-2026 18:17:25","811","Information","Microsoft-Windows-Winlogon","The winlogon notification subscriber <Sens> began handling the notification event (5)."
"30-07-2026 17:15:48","812","Information","Microsoft-Windows-Winlogon","The winlogon notification subscriber <TermSrv> finished handling the notification event (4)."
"30-07-2026 17:15:48","811","Information","Microsoft-Windows-Winlogon","The winlogon notification subscriber <TermSrv> began handling the notification event (4)."
"30-07-2026 17:15:48","812","Information","Microsoft-Windows-Winlogon","The winlogon notification subscriber <Sens> finished handling the notification event (4)."
"30-07-2026 17:15:48","811","Information","Microsoft-Windows-Winlogon","The winlogon notification subscriber <Sens> began handling the notification event (4)."
"30-07-2026 15:45:14","812","Information","Microsoft-Windows-Winlogon","The winlogon notification subscriber <TermSrv> finished handling the notification event (5)."
"30-07-2026 15:45:14","811","Information","Microsoft-Windows-Winlogon","The winlogon notification subscriber <TermSrv> began handling the notification event (5)."
"30-07-2026 15:45:14","812","Information","Microsoft-Windows-Winlogon","The winlogon notification subscriber <Sens> finished handling the notification event (5)."
"30-07-2026 15:45:14","811","Information","Microsoft-Windows-Winlogon","The winlogon notification subscriber <Sens> began handling the notification event (5)."
"30-07-2026 15:19:39","812","Information","Microsoft-Windows-Winlogon","The winlogon notification subscriber <TermSrv> finished handling the notification event (4)."
"30-07-2026 15:19:39","811","Information","Microsoft-Windows-Winlogon","The winlogon notification subscriber <TermSrv> began handling the notification event (4)."
"30-07-2026 15:19:39","812","Information","Microsoft-Windows-Winlogon","The winlogon notification subscriber <Sens> finished handling the notification event (4)."
"30-07-2026 15:19:39","811","Information","Microsoft-Windows-Winlogon","The winlogon notification subscriber <Sens> began handling the notification event (4)."
"30-07-2026 14:46:57","812","Information","Microsoft-Windows-Winlogon","The winlogon notification subscriber <TermSrv> finished handling the notification event (5)."
"30-07-2026 14:46:57","811","Information","Microsoft-Windows-Winlogon","The winlogon notification subscriber <TermSrv> began handling the notification event (5)."
"30-07-2026 14:46:57","812","Information","Microsoft-Windows-Winlogon","The winlogon notification subscriber <Sens> finished handling the notification event (5)."
"30-07-2026 14:46:57","811","Information","Microsoft-Windows-Winlogon","The winlogon notification subscriber <Sens> began handling the notification event (5)."
"30-07-2026 14:29:01","812","Information","Microsoft-Windows-Winlogon","The winlogon notification subscriber <TermSrv> finished handling the notification event (4)."
"30-07-2026 14:29:01","811","Information","Microsoft-Windows-Winlogon","The winlogon notification subscriber <TermSrv> began handling the notification event (4)."
"30-07-2026 14:29:01","812","Information","Microsoft-Windows-Winlogon","The winlogon notification subscriber <Sens> finished handling the notification event (4)."
"30-07-2026 14:29:01","811","Information","Microsoft-Windows-Winlogon","The winlogon notification subscriber <Sens> began handling the notification event (4)."
"30-07-2026 14:17:29","812","Information","Microsoft-Windows-Winlogon","The winlogon notification subscriber <TermSrv> finished handling the notification event (5)."
"30-07-2026 14:17:29","811","Information","Microsoft-Windows-Winlogon","The winlogon notification subscriber <TermSrv> began handling the notification event (5)."
"30-07-2026 14:17:29","812","Information","Microsoft-Windows-Winlogon","The winlogon notification subscriber <Sens> finished handling the notification event (5)."
"30-07-2026 14:17:29","811","Information","Microsoft-Windows-Winlogon","The winlogon notification subscriber <Sens> began handling the notification event (5)."
"30-07-2026 13:06:38","812","Information","Microsoft-Windows-Winlogon","The winlogon notification subscriber <TermSrv> finished handling the notification event (4)."
"30-07-2026 13:06:38","811","Information","Microsoft-Windows-Winlogon","The winlogon notification subscriber <TermSrv> began handling the notification event (4)."
"30-07-2026 13:06:38","812","Information","Microsoft-Windows-Winlogon","The winlogon notification subscriber <Sens> finished handling the notification event (4)."
"30-07-2026 13:06:38","811","Information","Microsoft-Windows-Winlogon","The winlogon notification subscriber <Sens> began handling the notification event (4)."
"30-07-2026 12:20:37","812","Information","Microsoft-Windows-Winlogon","The winlogon notification subscriber <TermSrv> finished handling the notification event (5)."
"30-07-2026 12:20:37","811","Information","Microsoft-Windows-Winlogon","The winlogon notification subscriber <TermSrv> began handling the notification event (5)."
"30-07-2026 12:20:37","812","Information","Microsoft-Windows-Winlogon","The winlogon notification subscriber <Sens> finished handling the notification event (5)."
"30-07-2026 12:20:37","811","Information","Microsoft-Windows-Winlogon","The winlogon notification subscriber <Sens> began handling the notification event (5)."
"30-07-2026 11:44:17","812","Information","Microsoft-Windows-Winlogon","The winlogon notification subscriber <TermSrv> finished handling the notification event (4)."
"30-07-2026 11:44:17","811","Information","Microsoft-Windows-Winlogon","The winlogon notification subscriber <TermSrv> began handling the notification event (4)."
"30-07-2026 11:44:17","812","Information","Microsoft-Windows-Winlogon","The winlogon notification subscriber <Sens> finished handling the notification event (4)."
"30-07-2026 11:44:17","811","Information","Microsoft-Windows-Winlogon","The winlogon notification subscriber <Sens> began handling the notification event (4)."
"30-07-2026 11:25:29","812","Information","Microsoft-Windows-Winlogon","The winlogon notification subscriber <TermSrv> finished handling the notification event (5)."
"30-07-2026 11:25:29","811","Information","Microsoft-Windows-Winlogon","The winlogon notification subscriber <TermSrv> began handling the notification event (5)."
"30-07-2026 11:25:29","812","Information","Microsoft-Windows-Winlogon","The winlogon notification subscriber <Sens> finished handling the notification event (5)."
"30-07-2026 11:25:29","811","Information","Microsoft-Windows-Winlogon","The winlogon notification subscriber <Sens> began handling the notification event (5)."
"30-07-2026 11:04:52","812","Information","Microsoft-Windows-Winlogon","The winlogon notification subscriber <TermSrv> finished handling the notification event (4)."
"30-07-2026 11:04:52","811","Information","Microsoft-Windows-Winlogon","The winlogon notification subscriber <TermSrv> began handling the notification event (4)."
"30-07-2026 11:04:52","812","Information","Microsoft-Windows-Winlogon","The winlogon notification subscriber <Sens> finished handling the notification event (4)."
"30-07-2026 11:04:52","811","Information","Microsoft-Windows-Winlogon","The winlogon notification subscriber <Sens> began handling the notification event (4)."
"30-07-2026 09:46:56","812","Information","Microsoft-Windows-Winlogon","The winlogon notification subscriber <TermSrv> finished handling the notification event (5)."
"30-07-2026 09:46:56","811","Information","Microsoft-Windows-Winlogon","The winlogon notification subscriber <TermSrv> began handling the notification event (5)."
"30-07-2026 09:46:56","812","Information","Microsoft-Windows-Winlogon","The winlogon notification subscriber <Sens> finished handling the notification event (5)."
"30-07-2026 09:46:56","811","Information","Microsoft-Windows-Winlogon","The winlogon notification subscriber <Sens> began handling the notification event (5)."
"30-07-2026 09:41:51","812","Information","Microsoft-Windows-Winlogon","The winlogon notification subscriber <TermSrv> finished handling the notification event (4)."
"30-07-2026 09:41:51","811","Information","Microsoft-Windows-Winlogon","The winlogon notification subscriber <TermSrv> began handling the notification event (4)."
"30-07-2026 09:41:51","812","Information","Microsoft-Windows-Winlogon","The winlogon notification subscriber <Sens> finished handling the notification event (4)."
"30-07-2026 09:41:51","811","Information","Microsoft-Windows-Winlogon","The winlogon notification subscriber <Sens> began handling the notification event (4)."
"30-07-2026 09:34:44","812","Information","Microsoft-Windows-Winlogon","The winlogon notification subscriber <TermSrv> finished handling the notification event (5)."
"30-07-2026 09:34:44","811","Information","Microsoft-Windows-Winlogon","The winlogon notification subscriber <TermSrv> began handling the notification event (5)."
"30-07-2026 09:34:44","812","Information","Microsoft-Windows-Winlogon","The winlogon notification subscriber <Sens> finished handling the notification event (5)."
"30-07-2026 09:34:44","811","Information","Microsoft-Windows-Winlogon","The winlogon notification subscriber <Sens> began handling the notification event (5)."
"29-07-2026 19:21:24","812","Information","Microsoft-Windows-Winlogon","The winlogon notification subscriber <TermSrv> finished handling the notification event (4)."
"29-07-2026 19:21:24","811","Information","Microsoft-Windows-Winlogon","The winlogon notification subscriber <TermSrv> began handling the notification event (4)."
"29-07-2026 19:21:24","812","Information","Microsoft-Windows-Winlogon","The winlogon notification subscriber <Sens> finished handling the notification event (4)."
"29-07-2026 19:21:24","811","Information","Microsoft-Windows-Winlogon","The winlogon notification subscriber <Sens> began handling the notification event (4)."
"29-07-2026 17:59:59","812","Information","Microsoft-Windows-Winlogon","The winlogon notification subscriber <TermSrv> finished handling the notification event (5)."
"29-07-2026 17:59:59","811","Information","Microsoft-Windows-Winlogon","The winlogon notification subscriber <TermSrv> began handling the notification event (5)."
"29-07-2026 17:59:59","812","Information","Microsoft-Windows-Winlogon","The winlogon notification subscriber <Sens> finished handling the notification event (5)."
"29-07-2026 17:59:59","811","Information","Microsoft-Windows-Winlogon","The winlogon notification subscriber <Sens> began handling the notification event (5)."
"29-07-2026 17:11:40","812","Information","Microsoft-Windows-Winlogon","The winlogon notification subscriber <TermSrv> finished handling the notification event (4)."
"29-07-2026 17:11:40","811","Information","Microsoft-Windows-Winlogon","The winlogon notification subscriber <TermSrv> began handling the notification event (4)."
"29-07-2026 17:11:40","812","Information","Microsoft-Windows-Winlogon","The winlogon notification subscriber <Sens> finished handling the notification event (4)."
"29-07-2026 17:11:40","811","Information","Microsoft-Windows-Winlogon","The winlogon notification subscriber <Sens> began handling the notification event (4)."
"29-07-2026 16:46:45","812","Information","Microsoft-Windows-Winlogon","The winlogon notification subscriber <TermSrv> finished handling the notification event (5)."
"29-07-2026 16:46:45","811","Information","Microsoft-Windows-Winlogon","The winlogon notification subscriber <TermSrv> began handling the notification event (5)."
"29-07-2026 16:46:45","812","Information","Microsoft-Windows-Winlogon","The winlogon notification subscriber <Sens> finished handling the notification event (5)."
"29-07-2026 16:46:45","811","Information","Microsoft-Windows-Winlogon","The winlogon notification subscriber <Sens> began handling the notification event (5)."
"29-07-2026 16:45:30","812","Information","Microsoft-Windows-Winlogon","The winlogon notification subscriber <TermSrv> finished handling the notification event (4)."
"29-07-2026 16:45:30","811","Information","Microsoft-Windows-Winlogon","The winlogon notification subscriber <TermSrv> began handling the notification event (4)."
"29-07-2026 16:45:30","812","Information","Microsoft-Windows-Winlogon","The winlogon notification subscriber <Sens> finished handling the notification event (4)."
"29-07-2026 16:45:30","811","Information","Microsoft-Windows-Winlogon","The winlogon notification subscriber <Sens> began handling the notification event (4)."
"29-07-2026 16:00:46","812","Information","Microsoft-Windows-Winlogon","The winlogon notification subscriber <TermSrv> finished handling the notification event (5)."
"29-07-2026 16:00:46","811","Information","Microsoft-Windows-Winlogon","The winlogon notification subscriber <TermSrv> began handling the notification event (5)."
"29-07-2026 16:00:46","812","Information","Microsoft-Windows-Winlogon","The winlogon notification subscriber <Sens> finished handling the notification event (5)."
"29-07-2026 16:00:46","811","Information","Microsoft-Windows-Winlogon","The winlogon notification subscriber <Sens> began handling the notification event (5)."
"29-07-2026 15:45:26","812","Information","Microsoft-Windows-Winlogon","The winlogon notification subscriber <TermSrv> finished handling the notification event (4)."
"29-07-2026 15:45:26","811","Information","Microsoft-Windows-Winlogon","The winlogon notification subscriber <TermSrv> began handling the notification event (4)."
"29-07-2026 15:45:26","812","Information","Microsoft-Windows-Winlogon","The winlogon notification subscriber <Sens> finished handling the notification event (4)."
"29-07-2026 15:45:26","811","Information","Microsoft-Windows-Winlogon","The winlogon notification subscriber <Sens> began handling the notification event (4)."
"29-07-2026 15:21:05","812","Information","Microsoft-Windows-Winlogon","The winlogon notification subscriber <TermSrv> finished handling the notification event (5)."
"29-07-2026 15:21:05","811","Information","Microsoft-Windows-Winlogon","The winlogon notification subscriber <TermSrv> began handling the notification event (5)."
"29-07-2026 15:21:05","812","Information","Microsoft-Windows-Winlogon","The winlogon notification subscriber <Sens> finished handling the notification event (5)."
"29-07-2026 15:21:05","811","Information","Microsoft-Windows-Winlogon","The winlogon notification subscriber <Sens> began handling the notification event (5)."
"29-07-2026 15:18:49","812","Information","Microsoft-Windows-Winlogon","The winlogon notification subscriber <TermSrv> finished handling the notification event (4)."
"29-07-2026 15:18:49","811","Information","Microsoft-Windows-Winlogon","The winlogon notification subscriber <TermSrv> began handling the notification event (4)."
"29-07-2026 15:18:49","812","Information","Microsoft-Windows-Winlogon","The winlogon notification subscriber <Sens> finished handling the notification event (4)."
"29-07-2026 15:18:49","811","Information","Microsoft-Windows-Winlogon","The winlogon notification subscriber <Sens> began handling the notification event (4)."
"29-07-2026 14:03:53","812","Information","Microsoft-Windows-Winlogon","The winlogon notification subscriber <TermSrv> finished handling the notification event (5)."
"29-07-2026 14:03:53","811","Information","Microsoft-Windows-Winlogon","The winlogon notification subscriber <TermSrv> began handling the notification event (5)."
"29-07-2026 14:03:53","812","Information","Microsoft-Windows-Winlogon","The winlogon notification subscriber <Sens> finished handling the notification event (5)."
"29-07-2026 14:03:53","811","Information","Microsoft-Windows-Winlogon","The winlogon notification subscriber <Sens> began handling the notification event (5)."
"29-07-2026 13:07:07","812","Information","Microsoft-Windows-Winlogon","The winlogon notification subscriber <TermSrv> finished handling the notification event (4)."
"29-07-2026 13:07:07","811","Information","Microsoft-Windows-Winlogon","The winlogon notification subscriber <TermSrv> began handling the notification event (4)."
"29-07-2026 13:07:07","812","Information","Microsoft-Windows-Winlogon","The winlogon notification subscriber <Sens> finished handling the notification event (4)."
"29-07-2026 13:07:07","811","Information","Microsoft-Windows-Winlogon","The winlogon notification subscriber <Sens> began handling the notification event (4)."
"29-07-2026 11:40:53","812","Information","Microsoft-Windows-Winlogon","The winlogon notification subscriber <TermSrv> finished handling the notification event (5)."
"29-07-2026 11:40:53","811","Information","Microsoft-Windows-Winlogon","The winlogon notification subscriber <TermSrv> began handling the notification event (5)."
"29-07-2026 11:40:53","812","Information","Microsoft-Windows-Winlogon","The winlogon notification subscriber <Sens> finished handling the notification event (5)."
"29-07-2026 11:40:53","811","Information","Microsoft-Windows-Winlogon","The winlogon notification subscriber <Sens> began handling the notification event (5)."
"29-07-2026 11:21:14","812","Information","Microsoft-Windows-Winlogon","The winlogon notification subscriber <TermSrv> finished handling the notification event (4)."
"29-07-2026 11:21:14","811","Information","Microsoft-Windows-Winlogon","The winlogon notification subscriber <TermSrv> began handling the notification event (4)."
"29-07-2026 11:21:14","812","Information","Microsoft-Windows-Winlogon","The winlogon notification subscriber <Sens> finished handling the notification event (4)."
"29-07-2026 11:21:14","811","Information","Microsoft-Windows-Winlogon","The winlogon notification subscriber <Sens> began handling the notification event (4)."
"29-07-2026 09:24:54","812","Information","Microsoft-Windows-Winlogon","The winlogon notification subscriber <TermSrv> finished handling the notification event (5)."
"29-07-2026 09:24:54","811","Information","Microsoft-Windows-Winlogon","The winlogon notification subscriber <TermSrv> began handling the notification event (5)."
"29-07-2026 09:24:54","812","Information","Microsoft-Windows-Winlogon","The winlogon notification subscriber <Sens> finished handling the notification event (5)."
"29-07-2026 09:24:54","811","Information","Microsoft-Windows-Winlogon","The winlogon notification subscriber <Sens> began handling the notification event (5)."
"28-07-2026 19:09:08","812","Information","Microsoft-Windows-Winlogon","The winlogon notification subscriber <TermSrv> finished handling the notification event (4)."
"28-07-2026 19:09:08","811","Information","Microsoft-Windows-Winlogon","The winlogon notification subscriber <TermSrv> began handling the notification event (4)."
"28-07-2026 19:09:08","812","Information","Microsoft-Windows-Winlogon","The winlogon notification subscriber <Sens> finished handling the notification event (4)."
"28-07-2026 19:09:08","811","Information","Microsoft-Windows-Winlogon","The winlogon notification subscriber <Sens> began handling the notification event (4)."
"28-07-2026 18:53:13","812","Information","Microsoft-Windows-Winlogon","The winlogon notification subscriber <TermSrv> finished handling the notification event (5)."
"28-07-2026 18:53:13","811","Information","Microsoft-Windows-Winlogon","The winlogon notification subscriber <TermSrv> began handling the notification event (5)."
"28-07-2026 18:53:13","812","Information","Microsoft-Windows-Winlogon","The winlogon notification subscriber <Sens> finished handling the notification event (5)."
"28-07-2026 18:53:13","811","Information","Microsoft-Windows-Winlogon","The winlogon notification subscriber <Sens> began handling the notification event (5)."
"28-07-2026 17:42:25","812","Information","Microsoft-Windows-Winlogon","The winlogon notification subscriber <TermSrv> finished handling the notification event (4)."
"28-07-2026 17:42:25","811","Information","Microsoft-Windows-Winlogon","The winlogon notification subscriber <TermSrv> began handling the notification event (4)."
"28-07-2026 17:42:25","812","Information","Microsoft-Windows-Winlogon","The winlogon notification subscriber <Sens> finished handling the notification event (4)."
"28-07-2026 17:42:25","811","Information","Microsoft-Windows-Winlogon","The winlogon notification subscriber <Sens> began handling the notification event (4)."
"28-07-2026 16:22:22","812","Information","Microsoft-Windows-Winlogon","The winlogon notification subscriber <TermSrv> finished handling the notification event (5)."
"28-07-2026 16:22:22","811","Information","Microsoft-Windows-Winlogon","The winlogon notification subscriber <TermSrv> began handling the notification event (5)."
"28-07-2026 16:22:22","812","Information","Microsoft-Windows-Winlogon","The winlogon notification subscriber <Sens> finished handling the notification event (5)."
"28-07-2026 16:22:22","811","Information","Microsoft-Windows-Winlogon","The winlogon notification subscriber <Sens> began handling the notification event (5)."
"28-07-2026 15:56:57","812","Information","Microsoft-Windows-Winlogon","The winlogon notification subscriber <TermSrv> finished handling the notification event (4)."
"28-07-2026 15:56:57","811","Information","Microsoft-Windows-Winlogon","The winlogon notification subscriber <TermSrv> began handling the notification event (4)."
"28-07-2026 15:56:57","812","Information","Microsoft-Windows-Winlogon","The winlogon notification subscriber <Sens> finished handling the notification event (4)."
"28-07-2026 15:56:57","811","Information","Microsoft-Windows-Winlogon","The winlogon notification subscriber <Sens> began handling the notification event (4)."
"28-07-2026 14:53:28","812","Information","Microsoft-Windows-Winlogon","The winlogon notification subscriber <TermSrv> finished handling the notification event (5)."
"28-07-2026 14:53:28","811","Information","Microsoft-Windows-Winlogon","The winlogon notification subscriber <TermSrv> began handling the notification event (5)."
"28-07-2026 14:53:28","812","Information","Microsoft-Windows-Winlogon","The winlogon notification subscriber <Sens> finished handling the notification event (5)."
"28-07-2026 14:53:28","811","Information","Microsoft-Windows-Winlogon","The winlogon notification subscriber <Sens> began handling the notification event (5)."
"28-07-2026 13:56:32","812","Information","Microsoft-Windows-Winlogon","The winlogon notification subscriber <TermSrv> finished handling the notification event (4)."
"28-07-2026 13:56:32","811","Information","Microsoft-Windows-Winlogon","The winlogon notification subscriber <TermSrv> began handling the notification event (4)."
"28-07-2026 13:56:32","812","Information","Microsoft-Windows-Winlogon","The winlogon notification subscriber <Sens> finished handling the notification event (4)."
"28-07-2026 13:56:32","811","Information","Microsoft-Windows-Winlogon","The winlogon notification subscriber <Sens> began handling the notification event (4)."
"28-07-2026 11:31:03","812","Information","Microsoft-Windows-Winlogon","The winlogon notification subscriber <TermSrv> finished handling the notification event (5)."
"28-07-2026 11:31:03","811","Information","Microsoft-Windows-Winlogon","The winlogon notification subscriber <TermSrv> began handling the notification event (5)."
"28-07-2026 11:31:03","812","Information","Microsoft-Windows-Winlogon","The winlogon notification subscriber <Sens> finished handling the notification event (5)."
"28-07-2026 11:31:03","811","Information","Microsoft-Windows-Winlogon","The winlogon notification subscriber <Sens> began handling the notification event (5)."
"28-07-2026 11:05:54","812","Information","Microsoft-Windows-Winlogon","The winlogon notification subscriber <TermSrv> finished handling the notification event (4)."
"28-07-2026 11:05:54","811","Information","Microsoft-Windows-Winlogon","The winlogon notification subscriber <TermSrv> began handling the notification event (4)."
"28-07-2026 11:05:54","812","Information","Microsoft-Windows-Winlogon","The winlogon notification subscriber <Sens> finished handling the notification event (4)."
"28-07-2026 11:05:54","811","Information","Microsoft-Windows-Winlogon","The winlogon notification subscriber <Sens> began handling the notification event (4)."
"28-07-2026 10:40:23","812","Information","Microsoft-Windows-Winlogon","The winlogon notification subscriber <TermSrv> finished handling the notification event (5)."
"28-07-2026 10:40:23","811","Information","Microsoft-Windows-Winlogon","The winlogon notification subscriber <TermSrv> began handling the notification event (5)."
"28-07-2026 10:40:23","812","Information","Microsoft-Windows-Winlogon","The winlogon notification subscriber <Sens> finished handling the notification event (5)."
"28-07-2026 10:40:23","811","Information","Microsoft-Windows-Winlogon","The winlogon notification subscriber <Sens> began handling the notification event (5)."
"28-07-2026 10:35:36","812","Information","Microsoft-Windows-Winlogon","The winlogon notification subscriber <TermSrv> finished handling the notification event (4)."
"28-07-2026 10:35:36","811","Information","Microsoft-Windows-Winlogon","The winlogon notification subscriber <TermSrv> began handling the notification event (4)."
"28-07-2026 10:35:36","812","Information","Microsoft-Windows-Winlogon","The winlogon notification subscriber <Sens> finished handling the notification event (4)."
"28-07-2026 10:35:36","811","Information","Microsoft-Windows-Winlogon","The winlogon notification subscriber <Sens> began handling the notification event (4)."
"28-07-2026 09:23:07","812","Information","Microsoft-Windows-Winlogon","The winlogon notification subscriber <TermSrv> finished handling the notification event (5)."
"28-07-2026 09:23:07","811","Information","Microsoft-Windows-Winlogon","The winlogon notification subscriber <TermSrv> began handling the notification event (5)."
"28-07-2026 09:23:07","812","Information","Microsoft-Windows-Winlogon","The winlogon notification subscriber <Sens> finished handling the notification event (5)."
"28-07-2026 09:23:07","811","Information","Microsoft-Windows-Winlogon","The winlogon notification subscriber <Sens> began handling the notification event (5)."
"27-07-2026 18:58:37","812","Information","Microsoft-Windows-Winlogon","The winlogon notification subscriber <TermSrv> finished handling the notification event (4)."
"27-07-2026 18:58:37","811","Information","Microsoft-Windows-Winlogon","The winlogon notification subscriber <TermSrv> began handling the notification event (4)."
"27-07-2026 18:58:37","812","Information","Microsoft-Windows-Winlogon","The winlogon notification subscriber <Sens> finished handling the notification event (4)."
"27-07-2026 18:58:37","811","Information","Microsoft-Windows-Winlogon","The winlogon notification subscriber <Sens> began handling the notification event (4)."
"27-07-2026 18:33:51","812","Information","Microsoft-Windows-Winlogon","The winlogon notification subscriber <TermSrv> finished handling the notification event (5)."
"27-07-2026 18:33:51","811","Information","Microsoft-Windows-Winlogon","The winlogon notification subscriber <TermSrv> began handling the notification event (5)."
"27-07-2026 18:33:51","812","Information","Microsoft-Windows-Winlogon","The winlogon notification subscriber <Sens> finished handling the notification event (5)."
"27-07-2026 18:33:51","811","Information","Microsoft-Windows-Winlogon","The winlogon notification subscriber <Sens> began handling the notification event (5)."
"27-07-2026 17:51:10","812","Information","Microsoft-Windows-Winlogon","The winlogon notification subscriber <TermSrv> finished handling the notification event (4)."
"27-07-2026 17:51:10","811","Information","Microsoft-Windows-Winlogon","The winlogon notification subscriber <TermSrv> began handling the notification event (4)."
"27-07-2026 17:51:10","812","Information","Microsoft-Windows-Winlogon","The winlogon notification subscriber <Sens> finished handling the notification event (4)."
"27-07-2026 17:51:10","811","Information","Microsoft-Windows-Winlogon","The winlogon notification subscriber <Sens> began handling the notification event (4)."
"27-07-2026 17:47:16","812","Information","Microsoft-Windows-Winlogon","The winlogon notification subscriber <TermSrv> finished handling the notification event (5)."
"27-07-2026 17:47:16","811","Information","Microsoft-Windows-Winlogon","The winlogon notification subscriber <TermSrv> began handling the notification event (5)."
"27-07-2026 17:47:16","812","Information","Microsoft-Windows-Winlogon","The winlogon notification subscriber <Sens> finished handling the notification event (5)."
"27-07-2026 17:47:16","811","Information","Microsoft-Windows-Winlogon","The winlogon notification subscriber <Sens> began handling the notification event (5)."
"27-07-2026 17:36:56","812","Information","Microsoft-Windows-Winlogon","The winlogon notification subscriber <TermSrv> finished handling the notification event (4)."
"27-07-2026 17:36:56","811","Information","Microsoft-Windows-Winlogon","The winlogon notification subscriber <TermSrv> began handling the notification event (4)."
"27-07-2026 17:36:56","812","Information","Microsoft-Windows-Winlogon","The winlogon notification subscriber <Sens> finished handling the notification event (4)."
"27-07-2026 17:36:56","811","Information","Microsoft-Windows-Winlogon","The winlogon notification subscriber <Sens> began handling the notification event (4)."
"27-07-2026 16:07:08","812","Information","Microsoft-Windows-Winlogon","The winlogon notification subscriber <TermSrv> finished handling the notification event (5)."
"27-07-2026 16:07:08","811","Information","Microsoft-Windows-Winlogon","The winlogon notification subscriber <TermSrv> began handling the notification event (5)."
"27-07-2026 16:07:08","812","Information","Microsoft-Windows-Winlogon","The winlogon notification subscriber <Sens> finished handling the notification event (5)."
"27-07-2026 16:07:08","811","Information","Microsoft-Windows-Winlogon","The winlogon notification subscriber <Sens> began handling the notification event (5)."
"27-07-2026 15:39:04","812","Information","Microsoft-Windows-Winlogon","The winlogon notification subscriber <TermSrv> finished handling the notification event (4)."
"27-07-2026 15:39:04","811","Information","Microsoft-Windows-Winlogon","The winlogon notification subscriber <TermSrv> began handling the notification event (4)."
"27-07-2026 15:39:04","812","Information","Microsoft-Windows-Winlogon","The winlogon notification subscriber <Sens> finished handling the notification event (4)."
"27-07-2026 15:39:04","811","Information","Microsoft-Windows-Winlogon","The winlogon notification subscriber <Sens> began handling the notification event (4)."
"27-07-2026 14:24:50","812","Information","Microsoft-Windows-Winlogon","The winlogon notification subscriber <TermSrv> finished handling the notification event (5)."
"27-07-2026 14:24:50","811","Information","Microsoft-Windows-Winlogon","The winlogon notification subscriber <TermSrv> began handling the notification event (5)."
"27-07-2026 14:24:50","812","Information","Microsoft-Windows-Winlogon","The winlogon notification subscriber <Sens> finished handling the notification event (5)."
"27-07-2026 14:24:50","811","Information","Microsoft-Windows-Winlogon","The winlogon notification subscriber <Sens> began handling the notification event (5)."
"27-07-2026 14:18:49","812","Information","Microsoft-Windows-Winlogon","The winlogon notification subscriber <TermSrv> finished handling the notification event (4)."
"27-07-2026 14:18:49","811","Information","Microsoft-Windows-Winlogon","The winlogon notification subscriber <TermSrv> began handling the notification event (4)."
"27-07-2026 14:18:49","812","Information","Microsoft-Windows-Winlogon","The winlogon notification subscriber <Sens> finished handling the notification event (4)."
"27-07-2026 14:18:49","811","Information","Microsoft-Windows-Winlogon","The winlogon notification subscriber <Sens> began handling the notification event (4)."
"27-07-2026 14:02:32","812","Information","Microsoft-Windows-Winlogon","The winlogon notification subscriber <TermSrv> finished handling the notification event (5)."
"27-07-2026 14:02:32","811","Information","Microsoft-Windows-Winlogon","The winlogon notification subscriber <TermSrv> began handling the notification event (5)."
"27-07-2026 14:02:32","812","Information","Microsoft-Windows-Winlogon","The winlogon notification subscriber <Sens> finished handling the notification event (5)."
"27-07-2026 14:02:32","811","Information","Microsoft-Windows-Winlogon","The winlogon notification subscriber <Sens> began handling the notification event (5)."
"27-07-2026 13:13:04","812","Information","Microsoft-Windows-Winlogon","The winlogon notification subscriber <TermSrv> finished handling the notification event (4)."
"27-07-2026 13:13:04","811","Information","Microsoft-Windows-Winlogon","The winlogon notification subscriber <TermSrv> began handling the notification event (4)."
"27-07-2026 13:13:04","812","Information","Microsoft-Windows-Winlogon","The winlogon notification subscriber <Sens> finished handling the notification event (4)."
"27-07-2026 13:13:04","811","Information","Microsoft-Windows-Winlogon","The winlogon notification subscriber <Sens> began handling the notification event (4)."
"27-07-2026 12:50:00","812","Information","Microsoft-Windows-Winlogon","The winlogon notification subscriber <TermSrv> finished handling the notification event (5)."
"27-07-2026 12:50:00","811","Information","Microsoft-Windows-Winlogon","The winlogon notification subscriber <TermSrv> began handling the notification event (5)."
"27-07-2026 12:50:00","812","Information","Microsoft-Windows-Winlogon","The winlogon notification subscriber <Sens> finished handling the notification event (5)."
"27-07-2026 12:50:00","811","Information","Microsoft-Windows-Winlogon","The winlogon notification subscriber <Sens> began handling the notification event (5)."
"27-07-2026 12:38:28","812","Information","Microsoft-Windows-Winlogon","The winlogon notification subscriber <TermSrv> finished handling the notification event (4)."
"27-07-2026 12:38:28","811","Information","Microsoft-Windows-Winlogon","The winlogon notification subscriber <TermSrv> began handling the notification event (4)."
"27-07-2026 12:38:28","812","Information","Microsoft-Windows-Winlogon","The winlogon notification subscriber <Sens> finished handling the notification event (4)."
"27-07-2026 12:38:28","811","Information","Microsoft-Windows-Winlogon","The winlogon notification subscriber <Sens> began handling the notification event (4)."
"27-07-2026 12:09:16","812","Information","Microsoft-Windows-Winlogon","The winlogon notification subscriber <TermSrv> finished handling the notification event (5)."
"27-07-2026 12:09:16","811","Information","Microsoft-Windows-Winlogon","The winlogon notification subscriber <TermSrv> began handling the notification event (5)."
"27-07-2026 12:09:16","812","Information","Microsoft-Windows-Winlogon","The winlogon notification subscriber <Sens> finished handling the notification event (5)."
"27-07-2026 12:09:16","811","Information","Microsoft-Windows-Winlogon","The winlogon notification subscriber <Sens> began handling the notification event (5)."
"27-07-2026 12:04:36","812","Information","Microsoft-Windows-Winlogon","The winlogon notification subscriber <TermSrv> finished handling the notification event (4)."
"27-07-2026 12:04:36","811","Information","Microsoft-Windows-Winlogon","The winlogon notification subscriber <TermSrv> began handling the notification event (4)."
"27-07-2026 12:04:36","812","Information","Microsoft-Windows-Winlogon","The winlogon notification subscriber <Sens> finished handling the notification event (4)."
"27-07-2026 12:04:36","811","Information","Microsoft-Windows-Winlogon","The winlogon notification subscriber <Sens> began handling the notification event (4)."
"27-07-2026 11:49:46","812","Information","Microsoft-Windows-Winlogon","The winlogon notification subscriber <TermSrv> finished handling the notification event (14)."
"27-07-2026 11:49:46","811","Information","Microsoft-Windows-Winlogon","The winlogon notification subscriber <TermSrv> began handling the notification event (14)."
"27-07-2026 11:49:36","812","Information","Microsoft-Windows-Winlogon","The winlogon notification subscriber <TermSrv> finished handling the notification event (12)."
"27-07-2026 11:49:36","811","Information","Microsoft-Windows-Winlogon","The winlogon notification subscriber <TermSrv> began handling the notification event (12)."
"27-07-2026 11:49:36","812","Information","Microsoft-Windows-Winlogon","The winlogon notification subscriber <Sens> finished handling the notification event (12)."
"27-07-2026 11:49:36","811","Information","Microsoft-Windows-Winlogon","The winlogon notification subscriber <Sens> began handling the notification event (12)."
"27-07-2026 11:49:36","812","Information","Microsoft-Windows-Winlogon","The winlogon notification subscriber <GPClient> finished handling the notification event (12)."
"27-07-2026 11:49:36","811","Information","Microsoft-Windows-Winlogon","The winlogon notification subscriber <GPClient> began handling the notification event (12)."
"27-07-2026 11:49:36","812","Information","Microsoft-Windows-Winlogon","The winlogon notification subscriber <SessionEnv> finished handling the notification event (12)."
"27-07-2026 11:49:36","811","Information","Microsoft-Windows-Winlogon","The winlogon notification subscriber <SessionEnv> began handling the notification event (12)."
"27-07-2026 11:49:35","812","Information","Microsoft-Windows-Winlogon","The winlogon notification subscriber <Sens> finished handling the notification event (2)."
"27-07-2026 11:49:35","811","Information","Microsoft-Windows-Winlogon","The winlogon notification subscriber <Sens> began handling the notification event (2)."
"27-07-2026 11:49:35","812","Information","Microsoft-Windows-Winlogon","The winlogon notification subscriber <TermSrv> finished handling the notification event (2)."
"27-07-2026 11:49:35","811","Information","Microsoft-Windows-Winlogon","The winlogon notification subscriber <TermSrv> began handling the notification event (2)."
"27-07-2026 11:49:35","812","Information","Microsoft-Windows-Winlogon","The winlogon notification subscriber <GPClient> finished handling the notification event (2)."
"27-07-2026 11:49:35","811","Information","Microsoft-Windows-Winlogon","The winlogon notification subscriber <GPClient> began handling the notification event (2)."
"27-07-2026 11:49:35","812","Information","Microsoft-Windows-Winlogon","The winlogon notification subscriber <Profiles> finished handling the notification event (2)."
"27-07-2026 11:49:35","811","Information","Microsoft-Windows-Winlogon","The winlogon notification subscriber <Profiles> began handling the notification event (2)."
"27-07-2026 11:49:35","812","Information","Microsoft-Windows-Winlogon","The winlogon notification subscriber <SessionEnv> finished handling the notification event (2)."
"27-07-2026 11:49:35","811","Information","Microsoft-Windows-Winlogon","The winlogon notification subscriber <SessionEnv> began handling the notification event (2)."
"27-07-2026 11:49:35","2","Information","Microsoft-Windows-Winlogon","Authentication stopped. Result 0"
"27-07-2026 11:49:35","1","Information","Microsoft-Windows-Winlogon","Authentication started."
"27-07-2026 11:49:17","812","Information","Microsoft-Windows-Winlogon","The winlogon notification subscriber <TermSrv> finished handling the notification event (0)."
"27-07-2026 11:49:17","811","Information","Microsoft-Windows-Winlogon","The winlogon notification subscriber <TermSrv> began handling the notification event (0)."
"27-07-2026 11:49:17","812","Information","Microsoft-Windows-Winlogon","The winlogon notification subscriber <GPClient> finished handling the notification event (0)."
"27-07-2026 11:49:17","811","Information","Microsoft-Windows-Winlogon","The winlogon notification subscriber <GPClient> began handling the notification event (0)."
"27-07-2026 11:48:06","812","Information","Microsoft-Windows-Winlogon","The winlogon notification subscriber <TermSrv> finished handling the notification event (1)."
"27-07-2026 11:48:06","811","Information","Microsoft-Windows-Winlogon","The winlogon notification subscriber <TermSrv> began handling the notification event (1)."
"27-07-2026 11:47:56","812","Information","Microsoft-Windows-Winlogon","The winlogon notification subscriber <Dot3svc> finished handling the notification event (3)."
"27-07-2026 11:47:56","811","Information","Microsoft-Windows-Winlogon","The winlogon notification subscriber <Dot3svc> began handling the notification event (3)."
"27-07-2026 11:47:56","812","Information","Microsoft-Windows-Winlogon","The winlogon notification subscriber <Wlansvc> finished handling the notification event (3)."
"27-07-2026 11:47:56","811","Information","Microsoft-Windows-Winlogon","The winlogon notification subscriber <Wlansvc> began handling the notification event (3)."
"27-07-2026 11:47:56","812","Information","Microsoft-Windows-Winlogon","The winlogon notification subscriber <SessionEnv> finished handling the notification event (3)."
"27-07-2026 11:47:55","811","Information","Microsoft-Windows-Winlogon","The winlogon notification subscriber <SessionEnv> began handling the notification event (3)."
"27-07-2026 11:47:55","812","Information","Microsoft-Windows-Winlogon","The winlogon notification subscriber <Profiles> finished handling the notification event (3)."
"27-07-2026 11:47:55","811","Information","Microsoft-Windows-Winlogon","The winlogon notification subscriber <Profiles> began handling the notification event (3)."
"27-07-2026 11:47:55","812","Information","Microsoft-Windows-Winlogon","The winlogon notification subscriber <GPClient> finished handling the notification event (3)."
"27-07-2026 11:47:55","811","Information","Microsoft-Windows-Winlogon","The winlogon notification subscriber <GPClient> began handling the notification event (3)."
"27-07-2026 11:47:55","812","Information","Microsoft-Windows-Winlogon","The winlogon notification subscriber <TermSrv> finished handling the notification event (3)."
"27-07-2026 11:47:55","811","Information","Microsoft-Windows-Winlogon","The winlogon notification subscriber <TermSrv> began handling the notification event (3)."
"27-07-2026 11:47:55","812","Information","Microsoft-Windows-Winlogon","The winlogon notification subscriber <Sens> finished handling the notification event (3)."
"27-07-2026 11:47:55","811","Information","Microsoft-Windows-Winlogon","The winlogon notification subscriber <Sens> began handling the notification event (3)."
"27-07-2026 11:47:55","812","Information","Microsoft-Windows-Winlogon","The winlogon notification subscriber <TermSrv> finished handling the notification event (13)."
"27-07-2026 11:47:55","811","Information","Microsoft-Windows-Winlogon","The winlogon notification subscriber <TermSrv> began handling the notification event (13)."
"27-07-2026 11:47:55","812","Information","Microsoft-Windows-Winlogon","The winlogon notification subscriber <GPClient> finished handling the notification event (13)."
"27-07-2026 11:47:55","811","Information","Microsoft-Windows-Winlogon","The winlogon notification subscriber <GPClient> began handling the notification event (13)."
"27-07-2026 11:47:55","812","Information","Microsoft-Windows-Winlogon","The winlogon notification subscriber <GPClient> finished handling the notification event (13)."
"27-07-2026 11:47:55","811","Information","Microsoft-Windows-Winlogon","The winlogon notification subscriber <GPClient> began handling the notification event (13)."
"27-07-2026 11:29:03","812","Information","Microsoft-Windows-Winlogon","The winlogon notification subscriber <TermSrv> finished handling the notification event (5)."
"27-07-2026 11:29:03","811","Information","Microsoft-Windows-Winlogon","The winlogon notification subscriber <TermSrv> began handling the notification event (5)."
"27-07-2026 11:29:03","812","Information","Microsoft-Windows-Winlogon","The winlogon notification subscriber <Sens> finished handling the notification event (5)."
"27-07-2026 11:29:03","811","Information","Microsoft-Windows-Winlogon","The winlogon notification subscriber <Sens> began handling the notification event (5)."
"27-07-2026 11:23:40","812","Information","Microsoft-Windows-Winlogon","The winlogon notification subscriber <TermSrv> finished handling the notification event (4)."
"27-07-2026 11:23:40","811","Information","Microsoft-Windows-Winlogon","The winlogon notification subscriber <TermSrv> began handling the notification event (4)."
"27-07-2026 11:23:40","812","Information","Microsoft-Windows-Winlogon","The winlogon notification subscriber <Sens> finished handling the notification event (4)."
"27-07-2026 11:23:40","811","Information","Microsoft-Windows-Winlogon","The winlogon notification subscriber <Sens> began handling the notification event (4)."
"27-07-2026 11:08:35","812","Information","Microsoft-Windows-Winlogon","The winlogon notification subscriber <TermSrv> finished handling the notification event (5)."
"27-07-2026 11:08:35","811","Information","Microsoft-Windows-Winlogon","The winlogon notification subscriber <TermSrv> began handling the notification event (5)."
"27-07-2026 11:08:35","812","Information","Microsoft-Windows-Winlogon","The winlogon notification subscriber <Sens> finished handling the notification event (5)."
"27-07-2026 11:08:35","811","Information","Microsoft-Windows-Winlogon","The winlogon notification subscriber <Sens> began handling the notification event (5)."
"27-07-2026 11:08:19","812","Information","Microsoft-Windows-Winlogon","The winlogon notification subscriber <TermSrv> finished handling the notification event (4)."
"27-07-2026 11:08:19","811","Information","Microsoft-Windows-Winlogon","The winlogon notification subscriber <TermSrv> began handling the notification event (4)."
"27-07-2026 11:08:19","812","Information","Microsoft-Windows-Winlogon","The winlogon notification subscriber <Sens> finished handling the notification event (4)."
"27-07-2026 11:08:19","811","Information","Microsoft-Windows-Winlogon","The winlogon notification subscriber <Sens> began handling the notification event (4)."
"27-07-2026 10:33:35","812","Information","Microsoft-Windows-Winlogon","The winlogon notification subscriber <TermSrv> finished handling the notification event (5)."
"27-07-2026 10:33:35","811","Information","Microsoft-Windows-Winlogon","The winlogon notification subscriber <TermSrv> began handling the notification event (5)."
"27-07-2026 10:33:35","812","Information","Microsoft-Windows-Winlogon","The winlogon notification subscriber <Sens> finished handling the notification event (5)."
"27-07-2026 10:33:35","811","Information","Microsoft-Windows-Winlogon","The winlogon notification subscriber <Sens> began handling the notification event (5)."
"27-07-2026 10:02:17","812","Information","Microsoft-Windows-Winlogon","The winlogon notification subscriber <TermSrv> finished handling the notification event (4)."
"27-07-2026 10:02:17","811","Information","Microsoft-Windows-Winlogon","The winlogon notification subscriber <TermSrv> began handling the notification event (4)."
"27-07-2026 10:02:17","812","Information","Microsoft-Windows-Winlogon","The winlogon notification subscriber <Sens> finished handling the notification event (4)."
"27-07-2026 10:02:17","811","Information","Microsoft-Windows-Winlogon","The winlogon notification subscriber <Sens> began handling the notification event (4)."
"27-07-2026 09:44:42","812","Information","Microsoft-Windows-Winlogon","The winlogon notification subscriber <TermSrv> finished handling the notification event (14)."
"27-07-2026 09:44:42","811","Information","Microsoft-Windows-Winlogon","The winlogon notification subscriber <TermSrv> began handling the notification event (14)."
"27-07-2026 09:44:18","812","Information","Microsoft-Windows-Winlogon","The winlogon notification subscriber <TermSrv> finished handling the notification event (12)."
"27-07-2026 09:44:18","811","Information","Microsoft-Windows-Winlogon","The winlogon notification subscriber <TermSrv> began handling the notification event (12)."
"27-07-2026 09:44:18","812","Information","Microsoft-Windows-Winlogon","The winlogon notification subscriber <Sens> finished handling the notification event (12)."
"27-07-2026 09:44:18","811","Information","Microsoft-Windows-Winlogon","The winlogon notification subscriber <Sens> began handling the notification event (12)."
"27-07-2026 09:44:18","812","Information","Microsoft-Windows-Winlogon","The winlogon notification subscriber <GPClient> finished handling the notification event (12)."
"27-07-2026 09:44:18","811","Information","Microsoft-Windows-Winlogon","The winlogon notification subscriber <GPClient> began handling the notification event (12)."
"27-07-2026 09:44:18","812","Information","Microsoft-Windows-Winlogon","The winlogon notification subscriber <SessionEnv> finished handling the notification event (12)."
"27-07-2026 09:44:18","811","Information","Microsoft-Windows-Winlogon","The winlogon notification subscriber <SessionEnv> began handling the notification event (12)."
"27-07-2026 09:44:18","812","Information","Microsoft-Windows-Winlogon","The winlogon notification subscriber <Sens> finished handling the notification event (2)."
"27-07-2026 09:44:18","811","Information","Microsoft-Windows-Winlogon","The winlogon notification subscriber <Sens> began handling the notification event (2)."
"27-07-2026 09:44:18","812","Information","Microsoft-Windows-Winlogon","The winlogon notification subscriber <TermSrv> finished handling the notification event (2)."
"27-07-2026 09:44:18","811","Information","Microsoft-Windows-Winlogon","The winlogon notification subscriber <TermSrv> began handling the notification event (2)."
"27-07-2026 09:44:18","812","Information","Microsoft-Windows-Winlogon","The winlogon notification subscriber <GPClient> finished handling the notification event (2)."
"27-07-2026 09:44:18","811","Information","Microsoft-Windows-Winlogon","The winlogon notification subscriber <GPClient> began handling the notification event (2)."
"27-07-2026 09:44:18","812","Information","Microsoft-Windows-Winlogon","The winlogon notification subscriber <Profiles> finished handling the notification event (2)."
"27-07-2026 09:44:18","811","Information","Microsoft-Windows-Winlogon","The winlogon notification subscriber <Profiles> began handling the notification event (2)."
"27-07-2026 09:44:18","812","Information","Microsoft-Windows-Winlogon","The winlogon notification subscriber <SessionEnv> finished handling the notification event (2)."
"27-07-2026 09:44:18","811","Information","Microsoft-Windows-Winlogon","The winlogon notification subscriber <SessionEnv> began handling the notification event (2)."
"27-07-2026 09:44:18","2","Information","Microsoft-Windows-Winlogon","Authentication stopped. Result 0"
"27-07-2026 09:44:18","1","Information","Microsoft-Windows-Winlogon","Authentication started."
"27-07-2026 09:37:27","812","Information","Microsoft-Windows-Winlogon","The winlogon notification subscriber <TermSrv> finished handling the notification event (0)."
"27-07-2026 09:37:27","811","Information","Microsoft-Windows-Winlogon","The winlogon notification subscriber <TermSrv> began handling the notification event (0)."
"27-07-2026 09:37:27","812","Information","Microsoft-Windows-Winlogon","The winlogon notification subscriber <GPClient> finished handling the notification event (0)."
"27-07-2026 09:37:27","811","Information","Microsoft-Windows-Winlogon","The winlogon notification subscriber <GPClient> began handling the notification event (0)."
"27-07-2026 09:37:27","812","Information","Microsoft-Windows-Winlogon","The winlogon notification subscriber <TrustedInstaller> finished handling the notification event (0)."
"27-07-2026 09:37:19","811","Information","Microsoft-Windows-Winlogon","The winlogon notification subscriber <TrustedInstaller> began handling the notification event (0)."
"27-07-2026 09:37:19","812","Information","Microsoft-Windows-Winlogon","The winlogon notification subscriber <TrustedInstaller> finished handling the notification event (0)."
"27-07-2026 09:37:18","811","Information","Microsoft-Windows-Winlogon","The winlogon notification subscriber <TrustedInstaller> began handling the notification event (0)."
"27-07-2026 09:37:18","812","Information","Microsoft-Windows-Winlogon","The winlogon notification subscriber <TrustedInstaller> finished handling the notification event (0)."
"27-07-2026 09:37:17","811","Information","Microsoft-Windows-Winlogon","The winlogon notification subscriber <TrustedInstaller> began handling the notification event (0)."
"27-07-2026 09:37:17","812","Information","Microsoft-Windows-Winlogon","The winlogon notification subscriber <TrustedInstaller> finished handling the notification event (0)."
"27-07-2026 09:37:16","811","Information","Microsoft-Windows-Winlogon","The winlogon notification subscriber <TrustedInstaller> began handling the notification event (0)."
"27-07-2026 09:37:16","812","Information","Microsoft-Windows-Winlogon","The winlogon notification subscriber <TrustedInstaller> finished handling the notification event (0)."
"27-07-2026 09:37:15","811","Information","Microsoft-Windows-Winlogon","The winlogon notification subscriber <TrustedInstaller> began handling the notification event (0)."
"27-07-2026 09:37:15","812","Information","Microsoft-Windows-Winlogon","The winlogon notification subscriber <TrustedInstaller> finished handling the notification event (0)."
"27-07-2026 09:37:14","811","Information","Microsoft-Windows-Winlogon","The winlogon notification subscriber <TrustedInstaller> began handling the notification event (0)."
"27-07-2026 09:37:14","812","Information","Microsoft-Windows-Winlogon","The winlogon notification subscriber <TrustedInstaller> finished handling the notification event (0)."
"27-07-2026 09:37:13","811","Information","Microsoft-Windows-Winlogon","The winlogon notification subscriber <TrustedInstaller> began handling the notification event (0)."
"27-07-2026 09:37:13","812","Information","Microsoft-Windows-Winlogon","The winlogon notification subscriber <TrustedInstaller> finished handling the notification event (0)."
"27-07-2026 09:37:12","811","Information","Microsoft-Windows-Winlogon","The winlogon notification subscriber <TrustedInstaller> began handling the notification event (0)."
"27-07-2026 09:37:11","812","Information","Microsoft-Windows-Winlogon","The winlogon notification subscriber <TrustedInstaller> finished handling the notification event (0)."
"27-07-2026 09:37:10","811","Information","Microsoft-Windows-Winlogon","The winlogon notification subscriber <TrustedInstaller> began handling the notification event (0)."
"27-07-2026 09:35:50","812","Information","Microsoft-Windows-Winlogon","The winlogon notification subscriber <TermSrv> finished handling the notification event (1)."
"27-07-2026 09:35:50","811","Information","Microsoft-Windows-Winlogon","The winlogon notification subscriber <TermSrv> began handling the notification event (1)."
"27-07-2026 09:35:49","812","Information","Microsoft-Windows-Winlogon","The winlogon notification subscriber <TrustedInstaller> finished handling the notification event (0)."
"27-07-2026 09:35:13","811","Information","Microsoft-Windows-Winlogon","The winlogon notification subscriber <TrustedInstaller> began handling the notification event (0)."
"27-07-2026 09:35:13","812","Information","Microsoft-Windows-Winlogon","The winlogon notification subscriber <TrustedInstaller> finished handling the notification event (0)."
"27-07-2026 09:35:10","811","Information","Microsoft-Windows-Winlogon","The winlogon notification subscriber <TrustedInstaller> began handling the notification event (0)."
"27-07-2026 09:35:10","812","Information","Microsoft-Windows-Winlogon","The winlogon notification subscriber <TrustedInstaller> finished handling the notification event (0)."
"27-07-2026 09:34:59","811","Information","Microsoft-Windows-Winlogon","The winlogon notification subscriber <TrustedInstaller> began handling the notification event (0)."
"27-07-2026 09:34:59","812","Information","Microsoft-Windows-Winlogon","The winlogon notification subscriber <TrustedInstaller> finished handling the notification event (0)."
"27-07-2026 09:34:58","811","Information","Microsoft-Windows-Winlogon","The winlogon notification subscriber <TrustedInstaller> began handling the notification event (0)."
"27-07-2026 09:34:58","812","Information","Microsoft-Windows-Winlogon","The winlogon notification subscriber <TrustedInstaller> finished handling the notification event (0)."
"27-07-2026 09:34:57","811","Information","Microsoft-Windows-Winlogon","The winlogon notification subscriber <TrustedInstaller> began handling the notification event (0)."
"27-07-2026 09:34:57","812","Information","Microsoft-Windows-Winlogon","The winlogon notification subscriber <TrustedInstaller> finished handling the notification event (0)."
"27-07-2026 09:34:56","811","Information","Microsoft-Windows-Winlogon","The winlogon notification subscriber <TrustedInstaller> began handling the notification event (0)."
"27-07-2026 09:34:56","812","Information","Microsoft-Windows-Winlogon","The winlogon notification subscriber <TrustedInstaller> finished handling the notification event (0)."
"27-07-2026 09:34:52","811","Information","Microsoft-Windows-Winlogon","The winlogon notification subscriber <TrustedInstaller> began handling the notification event (0)."
"27-07-2026 09:34:52","812","Information","Microsoft-Windows-Winlogon","The winlogon notification subscriber <TrustedInstaller> finished handling the notification event (0)."
"27-07-2026 09:34:51","811","Information","Microsoft-Windows-Winlogon","The winlogon notification subscriber <TrustedInstaller> began handling the notification event (0)."
"27-07-2026 09:34:51","812","Information","Microsoft-Windows-Winlogon","The winlogon notification subscriber <TrustedInstaller> finished handling the notification event (0)."
"27-07-2026 09:34:47","811","Information","Microsoft-Windows-Winlogon","The winlogon notification subscriber <TrustedInstaller> began handling the notification event (0)."
"27-07-2026 09:34:47","812","Information","Microsoft-Windows-Winlogon","The winlogon notification subscriber <TrustedInstaller> finished handling the notification event (0)."
"27-07-2026 09:34:46","811","Information","Microsoft-Windows-Winlogon","The winlogon notification subscriber <TrustedInstaller> began handling the notification event (0)."
"27-07-2026 09:34:46","812","Information","Microsoft-Windows-Winlogon","The winlogon notification subscriber <TrustedInstaller> finished handling the notification event (0)."
"27-07-2026 09:34:45","811","Information","Microsoft-Windows-Winlogon","The winlogon notification subscriber <TrustedInstaller> began handling the notification event (0)."
"27-07-2026 09:34:45","812","Information","Microsoft-Windows-Winlogon","The winlogon notification subscriber <TrustedInstaller> finished handling the notification event (0)."
"27-07-2026 09:34:44","811","Information","Microsoft-Windows-Winlogon","The winlogon notification subscriber <TrustedInstaller> began handling the notification event (0)."
"27-07-2026 09:34:44","812","Information","Microsoft-Windows-Winlogon","The winlogon notification subscriber <TrustedInstaller> finished handling the notification event (0)."
"27-07-2026 09:34:43","811","Information","Microsoft-Windows-Winlogon","The winlogon notification subscriber <TrustedInstaller> began handling the notification event (0)."
"27-07-2026 09:34:43","812","Information","Microsoft-Windows-Winlogon","The winlogon notification subscriber <TrustedInstaller> finished handling the notification event (0)."
"27-07-2026 09:34:42","811","Information","Microsoft-Windows-Winlogon","The winlogon notification subscriber <TrustedInstaller> began handling the notification event (0)."
"27-07-2026 09:34:42","812","Information","Microsoft-Windows-Winlogon","The winlogon notification subscriber <TrustedInstaller> finished handling the notification event (0)."
"27-07-2026 09:34:41","811","Information","Microsoft-Windows-Winlogon","The winlogon notification subscriber <TrustedInstaller> began handling the notification event (0)."
"27-07-2026 09:34:41","812","Information","Microsoft-Windows-Winlogon","The winlogon notification subscriber <TrustedInstaller> finished handling the notification event (0)."
"27-07-2026 09:34:40","811","Information","Microsoft-Windows-Winlogon","The winlogon notification subscriber <TrustedInstaller> began handling the notification event (0)."
"27-07-2026 09:34:40","812","Information","Microsoft-Windows-Winlogon","The winlogon notification subscriber <TrustedInstaller> finished handling the notification event (0)."
"27-07-2026 09:34:39","811","Information","Microsoft-Windows-Winlogon","The winlogon notification subscriber <TrustedInstaller> began handling the notification event (0)."
"27-07-2026 09:34:39","812","Information","Microsoft-Windows-Winlogon","The winlogon notification subscriber <TrustedInstaller> finished handling the notification event (0)."
"27-07-2026 09:34:38","811","Information","Microsoft-Windows-Winlogon","The winlogon notification subscriber <TrustedInstaller> began handling the notification event (0)."
"27-07-2026 09:34:38","812","Information","Microsoft-Windows-Winlogon","The winlogon notification subscriber <TrustedInstaller> finished handling the notification event (0)."
"27-07-2026 09:34:37","811","Information","Microsoft-Windows-Winlogon","The winlogon notification subscriber <TrustedInstaller> began handling the notification event (0)."
"27-07-2026 09:30:08","812","Information","Microsoft-Windows-Winlogon","The winlogon notification subscriber <TermSrv> finished handling the notification event (1)."
"27-07-2026 09:30:08","811","Information","Microsoft-Windows-Winlogon","The winlogon notification subscriber <TermSrv> began handling the notification event (1)."
"27-07-2026 09:30:08","812","Information","Microsoft-Windows-Winlogon","The winlogon notification subscriber <Dot3svc> finished handling the notification event (3)."
"27-07-2026 09:30:08","811","Information","Microsoft-Windows-Winlogon","The winlogon notification subscriber <Dot3svc> began handling the notification event (3)."
"27-07-2026 09:30:08","812","Information","Microsoft-Windows-Winlogon","The winlogon notification subscriber <Wlansvc> finished handling the notification event (3)."
"27-07-2026 09:30:08","811","Information","Microsoft-Windows-Winlogon","The winlogon notification subscriber <Wlansvc> began handling the notification event (3)."
"27-07-2026 09:30:08","812","Information","Microsoft-Windows-Winlogon","The winlogon notification subscriber <SessionEnv> finished handling the notification event (3)."
"27-07-2026 09:30:07","811","Information","Microsoft-Windows-Winlogon","The winlogon notification subscriber <SessionEnv> began handling the notification event (3)."
"27-07-2026 09:30:07","812","Information","Microsoft-Windows-Winlogon","The winlogon notification subscriber <Profiles> finished handling the notification event (3)."
"27-07-2026 09:30:07","811","Information","Microsoft-Windows-Winlogon","The winlogon notification subscriber <Profiles> began handling the notification event (3)."
"27-07-2026 09:30:07","812","Information","Microsoft-Windows-Winlogon","The winlogon notification subscriber <GPClient> finished handling the notification event (3)."
"27-07-2026 09:30:07","811","Information","Microsoft-Windows-Winlogon","The winlogon notification subscriber <GPClient> began handling the notification event (3)."
"27-07-2026 09:30:07","812","Information","Microsoft-Windows-Winlogon","The winlogon notification subscriber <TermSrv> finished handling the notification event (3)."
"27-07-2026 09:30:07","811","Information","Microsoft-Windows-Winlogon","The winlogon notification subscriber <TermSrv> began handling the notification event (3)."
"27-07-2026 09:30:07","812","Information","Microsoft-Windows-Winlogon","The winlogon notification subscriber <Sens> finished handling the notification event (3)."
"27-07-2026 09:30:07","811","Information","Microsoft-Windows-Winlogon","The winlogon notification subscriber <Sens> began handling the notification event (3)."
"27-07-2026 09:30:07","812","Information","Microsoft-Windows-Winlogon","The winlogon notification subscriber <TermSrv> finished handling the notification event (13)."
"27-07-2026 09:30:07","811","Information","Microsoft-Windows-Winlogon","The winlogon notification subscriber <TermSrv> began handling the notification event (13)."
"27-07-2026 09:30:07","812","Information","Microsoft-Windows-Winlogon","The winlogon notification subscriber <GPClient> finished handling the notification event (13)."
"27-07-2026 09:30:07","811","Information","Microsoft-Windows-Winlogon","The winlogon notification subscriber <GPClient> began handling the notification event (13)."
"27-07-2026 09:30:07","812","Information","Microsoft-Windows-Winlogon","The winlogon notification subscriber <GPClient> finished handling the notification event (13)."
"27-07-2026 09:30:07","811","Information","Microsoft-Windows-Winlogon","The winlogon notification subscriber <GPClient> began handling the notification event (13)."
"27-07-2026 09:15:13","812","Information","Microsoft-Windows-Winlogon","The winlogon notification subscriber <TermSrv> finished handling the notification event (4)."
"27-07-2026 09:15:13","811","Information","Microsoft-Windows-Winlogon","The winlogon notification subscriber <TermSrv> began handling the notification event (4)."
"27-07-2026 09:15:13","812","Information","Microsoft-Windows-Winlogon","The winlogon notification subscriber <Sens> finished handling the notification event (4)."
"27-07-2026 09:15:13","811","Information","Microsoft-Windows-Winlogon","The winlogon notification subscriber <Sens> began handling the notification event (4)."
"27-07-2026 09:14:42","812","Information","Microsoft-Windows-Winlogon","The winlogon notification subscriber <TermSrv> finished handling the notification event (5)."
"27-07-2026 09:14:42","811","Information","Microsoft-Windows-Winlogon","The winlogon notification subscriber <TermSrv> began handling the notification event (5)."
"27-07-2026 09:14:42","812","Information","Microsoft-Windows-Winlogon","The winlogon notification subscriber <Sens> finished handling the notification event (5)."
"27-07-2026 09:14:42","811","Information","Microsoft-Windows-Winlogon","The winlogon notification subscriber <Sens> began handling the notification event (5)."
"24-07-2026 18:30:10","812","Information","Microsoft-Windows-Winlogon","The winlogon notification subscriber <TermSrv> finished handling the notification event (4)."
"24-07-2026 18:30:10","811","Information","Microsoft-Windows-Winlogon","The winlogon notification subscriber <TermSrv> began handling the notification event (4)."
"24-07-2026 18:30:10","812","Information","Microsoft-Windows-Winlogon","The winlogon notification subscriber <Sens> finished handling the notification event (4)."
"24-07-2026 18:30:10","811","Information","Microsoft-Windows-Winlogon","The winlogon notification subscriber <Sens> began handling the notification event (4)."
"24-07-2026 17:07:10","812","Information","Microsoft-Windows-Winlogon","The winlogon notification subscriber <TermSrv> finished handling the notification event (5)."
"24-07-2026 17:07:10","811","Information","Microsoft-Windows-Winlogon","The winlogon notification subscriber <TermSrv> began handling the notification event (5)."
"24-07-2026 17:07:10","812","Information","Microsoft-Windows-Winlogon","The winlogon notification subscriber <Sens> finished handling the notification event (5)."
"24-07-2026 17:07:10","811","Information","Microsoft-Windows-Winlogon","The winlogon notification subscriber <Sens> began handling the notification event (5)."
"24-07-2026 16:54:48","812","Information","Microsoft-Windows-Winlogon","The winlogon notification subscriber <TermSrv> finished handling the notification event (4)."
"24-07-2026 16:54:48","811","Information","Microsoft-Windows-Winlogon","The winlogon notification subscriber <TermSrv> began handling the notification event (4)."
"24-07-2026 16:54:48","812","Information","Microsoft-Windows-Winlogon","The winlogon notification subscriber <Sens> finished handling the notification event (4)."
"24-07-2026 16:54:48","811","Information","Microsoft-Windows-Winlogon","The winlogon notification subscriber <Sens> began handling the notification event (4)."
"24-07-2026 16:07:19","812","Information","Microsoft-Windows-Winlogon","The winlogon notification subscriber <TermSrv> finished handling the notification event (5)."
"24-07-2026 16:07:19","811","Information","Microsoft-Windows-Winlogon","The winlogon notification subscriber <TermSrv> began handling the notification event (5)."
"24-07-2026 16:07:19","812","Information","Microsoft-Windows-Winlogon","The winlogon notification subscriber <Sens> finished handling the notification event (5)."
"24-07-2026 16:07:19","811","Information","Microsoft-Windows-Winlogon","The winlogon notification subscriber <Sens> began handling the notification event (5)."
"24-07-2026 16:02:44","812","Information","Microsoft-Windows-Winlogon","The winlogon notification subscriber <TermSrv> finished handling the notification event (4)."
"24-07-2026 16:02:44","811","Information","Microsoft-Windows-Winlogon","The winlogon notification subscriber <TermSrv> began handling the notification event (4)."
"24-07-2026 16:02:44","812","Information","Microsoft-Windows-Winlogon","The winlogon notification subscriber <Sens> finished handling the notification event (4)."
"24-07-2026 16:02:44","811","Information","Microsoft-Windows-Winlogon","The winlogon notification subscriber <Sens> began handling the notification event (4)."
"24-07-2026 15:48:57","812","Information","Microsoft-Windows-Winlogon","The winlogon notification subscriber <TermSrv> finished handling the notification event (5)."
"24-07-2026 15:48:57","811","Information","Microsoft-Windows-Winlogon","The winlogon notification subscriber <TermSrv> began handling the notification event (5)."
"24-07-2026 15:48:57","812","Information","Microsoft-Windows-Winlogon","The winlogon notification subscriber <Sens> finished handling the notification event (5)."
"24-07-2026 15:48:57","811","Information","Microsoft-Windows-Winlogon","The winlogon notification subscriber <Sens> began handling the notification event (5)."
"24-07-2026 15:30:09","812","Information","Microsoft-Windows-Winlogon","The winlogon notification subscriber <TermSrv> finished handling the notification event (4)."
"24-07-2026 15:30:09","811","Information","Microsoft-Windows-Winlogon","The winlogon notification subscriber <TermSrv> began handling the notification event (4)."
"24-07-2026 15:30:09","812","Information","Microsoft-Windows-Winlogon","The winlogon notification subscriber <Sens> finished handling the notification event (4)."
"24-07-2026 15:30:09","811","Information","Microsoft-Windows-Winlogon","The winlogon notification subscriber <Sens> began handling the notification event (4)."
"24-07-2026 15:27:32","812","Information","Microsoft-Windows-Winlogon","The winlogon notification subscriber <TermSrv> finished handling the notification event (5)."
"24-07-2026 15:27:32","811","Information","Microsoft-Windows-Winlogon","The winlogon notification subscriber <TermSrv> began handling the notification event (5)."
"24-07-2026 15:27:32","812","Information","Microsoft-Windows-Winlogon","The winlogon notification subscriber <Sens> finished handling the notification event (5)."
"24-07-2026 15:27:32","811","Information","Microsoft-Windows-Winlogon","The winlogon notification subscriber <Sens> began handling the notification event (5)."
"24-07-2026 15:17:43","812","Information","Microsoft-Windows-Winlogon","The winlogon notification subscriber <TermSrv> finished handling the notification event (4)."
"24-07-2026 15:17:43","811","Information","Microsoft-Windows-Winlogon","The winlogon notification subscriber <TermSrv> began handling the notification event (4)."
"24-07-2026 15:17:43","812","Information","Microsoft-Windows-Winlogon","The winlogon notification subscriber <Sens> finished handling the notification event (4)."
"24-07-2026 15:17:43","811","Information","Microsoft-Windows-Winlogon","The winlogon notification subscriber <Sens> began handling the notification event (4)."
"24-07-2026 14:26:37","812","Information","Microsoft-Windows-Winlogon","The winlogon notification subscriber <TermSrv> finished handling the notification event (5)."
"24-07-2026 14:26:37","811","Information","Microsoft-Windows-Winlogon","The winlogon notification subscriber <TermSrv> began handling the notification event (5)."
"24-07-2026 14:26:37","812","Information","Microsoft-Windows-Winlogon","The winlogon notification subscriber <Sens> finished handling the notification event (5)."
"24-07-2026 14:26:37","811","Information","Microsoft-Windows-Winlogon","The winlogon notification subscriber <Sens> began handling the notification event (5)."
"24-07-2026 13:54:52","812","Information","Microsoft-Windows-Winlogon","The winlogon notification subscriber <TermSrv> finished handling the notification event (4)."
"24-07-2026 13:54:52","811","Information","Microsoft-Windows-Winlogon","The winlogon notification subscriber <TermSrv> began handling the notification event (4)."
"24-07-2026 13:54:52","812","Information","Microsoft-Windows-Winlogon","The winlogon notification subscriber <Sens> finished handling the notification event (4)."
"24-07-2026 13:54:52","811","Information","Microsoft-Windows-Winlogon","The winlogon notification subscriber <Sens> began handling the notification event (4)."
"24-07-2026 13:54:42","812","Information","Microsoft-Windows-Winlogon","The winlogon notification subscriber <TermSrv> finished handling the notification event (5)."
"24-07-2026 13:54:42","811","Information","Microsoft-Windows-Winlogon","The winlogon notification subscriber <TermSrv> began handling the notification event (5)."
"24-07-2026 13:54:42","812","Information","Microsoft-Windows-Winlogon","The winlogon notification subscriber <Sens> finished handling the notification event (5)."
"24-07-2026 13:54:42","811","Information","Microsoft-Windows-Winlogon","The winlogon notification subscriber <Sens> began handling the notification event (5)."
"24-07-2026 13:21:44","812","Information","Microsoft-Windows-Winlogon","The winlogon notification subscriber <TermSrv> finished handling the notification event (4)."
"24-07-2026 13:21:44","811","Information","Microsoft-Windows-Winlogon","The winlogon notification subscriber <TermSrv> began handling the notification event (4)."
"24-07-2026 13:21:44","812","Information","Microsoft-Windows-Winlogon","The winlogon notification subscriber <Sens> finished handling the notification event (4)."
"24-07-2026 13:21:44","811","Information","Microsoft-Windows-Winlogon","The winlogon notification subscriber <Sens> began handling the notification event (4)."
"24-07-2026 12:52:32","812","Information","Microsoft-Windows-Winlogon","The winlogon notification subscriber <TermSrv> finished handling the notification event (5)."
"24-07-2026 12:52:32","811","Information","Microsoft-Windows-Winlogon","The winlogon notification subscriber <TermSrv> began handling the notification event (5)."
"24-07-2026 12:52:32","812","Information","Microsoft-Windows-Winlogon","The winlogon notification subscriber <Sens> finished handling the notification event (5)."
"24-07-2026 12:52:32","811","Information","Microsoft-Windows-Winlogon","The winlogon notification subscriber <Sens> began handling the notification event (5)."
"24-07-2026 12:46:22","812","Information","Microsoft-Windows-Winlogon","The winlogon notification subscriber <TermSrv> finished handling the notification event (4)."
"24-07-2026 12:46:22","811","Information","Microsoft-Windows-Winlogon","The winlogon notification subscriber <TermSrv> began handling the notification event (4)."
"24-07-2026 12:46:22","812","Information","Microsoft-Windows-Winlogon","The winlogon notification subscriber <Sens> finished handling the notification event (4)."
"24-07-2026 12:46:22","811","Information","Microsoft-Windows-Winlogon","The winlogon notification subscriber <Sens> began handling the notification event (4)."
"24-07-2026 12:44:28","812","Information","Microsoft-Windows-Winlogon","The winlogon notification subscriber <TermSrv> finished handling the notification event (5)."
"24-07-2026 12:44:28","811","Information","Microsoft-Windows-Winlogon","The winlogon notification subscriber <TermSrv> began handling the notification event (5)."
"24-07-2026 12:44:28","812","Information","Microsoft-Windows-Winlogon","The winlogon notification subscriber <Sens> finished handling the notification event (5)."
"24-07-2026 12:44:28","811","Information","Microsoft-Windows-Winlogon","The winlogon notification subscriber <Sens> began handling the notification event (5)."
"24-07-2026 12:42:49","812","Information","Microsoft-Windows-Winlogon","The winlogon notification subscriber <TermSrv> finished handling the notification event (4)."
"24-07-2026 12:42:49","811","Information","Microsoft-Windows-Winlogon","The winlogon notification subscriber <TermSrv> began handling the notification event (4)."
"24-07-2026 12:42:49","812","Information","Microsoft-Windows-Winlogon","The winlogon notification subscriber <Sens> finished handling the notification event (4)."
"24-07-2026 12:42:49","811","Information","Microsoft-Windows-Winlogon","The winlogon notification subscriber <Sens> began handling the notification event (4)."
"24-07-2026 12:19:24","812","Information","Microsoft-Windows-Winlogon","The winlogon notification subscriber <TermSrv> finished handling the notification event (5)."
"24-07-2026 12:19:24","811","Information","Microsoft-Windows-Winlogon","The winlogon notification subscriber <TermSrv> began handling the notification event (5)."
"24-07-2026 12:19:24","812","Information","Microsoft-Windows-Winlogon","The winlogon notification subscriber <Sens> finished handling the notification event (5)."
"24-07-2026 12:19:24","811","Information","Microsoft-Windows-Winlogon","The winlogon notification subscriber <Sens> began handling the notification event (5)."
"24-07-2026 12:17:10","812","Information","Microsoft-Windows-Winlogon","The winlogon notification subscriber <TermSrv> finished handling the notification event (4)."
"24-07-2026 12:17:10","811","Information","Microsoft-Windows-Winlogon","The winlogon notification subscriber <TermSrv> began handling the notification event (4)."
"24-07-2026 12:17:10","812","Information","Microsoft-Windows-Winlogon","The winlogon notification subscriber <Sens> finished handling the notification event (4)."
"24-07-2026 12:17:10","811","Information","Microsoft-Windows-Winlogon","The winlogon notification subscriber <Sens> began handling the notification event (4)."
"24-07-2026 10:51:54","812","Information","Microsoft-Windows-Winlogon","The winlogon notification subscriber <TermSrv> finished handling the notification event (5)."
"24-07-2026 10:51:54","811","Information","Microsoft-Windows-Winlogon","The winlogon notification subscriber <TermSrv> began handling the notification event (5)."
"24-07-2026 10:51:54","812","Information","Microsoft-Windows-Winlogon","The winlogon notification subscriber <Sens> finished handling the notification event (5)."
"24-07-2026 10:51:54","811","Information","Microsoft-Windows-Winlogon","The winlogon notification subscriber <Sens> began handling the notification event (5)."
"24-07-2026 10:16:58","812","Information","Microsoft-Windows-Winlogon","The winlogon notification subscriber <TermSrv> finished handling the notification event (4)."
"24-07-2026 10:16:58","811","Information","Microsoft-Windows-Winlogon","The winlogon notification subscriber <TermSrv> began handling the notification event (4)."
"24-07-2026 10:16:58","812","Information","Microsoft-Windows-Winlogon","The winlogon notification subscriber <Sens> finished handling the notification event (4)."
"24-07-2026 10:16:58","811","Information","Microsoft-Windows-Winlogon","The winlogon notification subscriber <Sens> began handling the notification event (4)."
"24-07-2026 09:30:15","812","Information","Microsoft-Windows-Winlogon","The winlogon notification subscriber <TermSrv> finished handling the notification event (5)."
"24-07-2026 09:30:15","811","Information","Microsoft-Windows-Winlogon","The winlogon notification subscriber <TermSrv> began handling the notification event (5)."
"24-07-2026 09:30:15","812","Information","Microsoft-Windows-Winlogon","The winlogon notification subscriber <Sens> finished handling the notification event (5)."
"24-07-2026 09:30:15","811","Information","Microsoft-Windows-Winlogon","The winlogon notification subscriber <Sens> began handling the notification event (5)."
"23-07-2026 19:19:32","812","Information","Microsoft-Windows-Winlogon","The winlogon notification subscriber <TermSrv> finished handling the notification event (4)."
"23-07-2026 19:19:31","811","Information","Microsoft-Windows-Winlogon","The winlogon notification subscriber <TermSrv> began handling the notification event (4)."
"23-07-2026 19:19:31","812","Information","Microsoft-Windows-Winlogon","The winlogon notification subscriber <Sens> finished handling the notification event (4)."
"23-07-2026 19:19:31","811","Information","Microsoft-Windows-Winlogon","The winlogon notification subscriber <Sens> began handling the notification event (4)."
"23-07-2026 18:19:44","812","Information","Microsoft-Windows-Winlogon","The winlogon notification subscriber <TermSrv> finished handling the notification event (5)."
"23-07-2026 18:19:44","811","Information","Microsoft-Windows-Winlogon","The winlogon notification subscriber <TermSrv> began handling the notification event (5)."
"23-07-2026 18:19:44","812","Information","Microsoft-Windows-Winlogon","The winlogon notification subscriber <Sens> finished handling the notification event (5)."
"23-07-2026 18:19:44","811","Information","Microsoft-Windows-Winlogon","The winlogon notification subscriber <Sens> began handling the notification event (5)."
"23-07-2026 13:20:47","812","Information","Microsoft-Windows-Winlogon","The winlogon notification subscriber <TermSrv> finished handling the notification event (4)."
"23-07-2026 13:20:46","811","Information","Microsoft-Windows-Winlogon","The winlogon notification subscriber <TermSrv> began handling the notification event (4)."
"23-07-2026 13:20:46","812","Information","Microsoft-Windows-Winlogon","The winlogon notification subscriber <Sens> finished handling the notification event (4)."
"23-07-2026 13:20:46","811","Information","Microsoft-Windows-Winlogon","The winlogon notification subscriber <Sens> began handling the notification event (4)."
"23-07-2026 12:38:15","812","Information","Microsoft-Windows-Winlogon","The winlogon notification subscriber <TermSrv> finished handling the notification event (5)."
"23-07-2026 12:38:15","811","Information","Microsoft-Windows-Winlogon","The winlogon notification subscriber <TermSrv> began handling the notification event (5)."
"23-07-2026 12:38:15","812","Information","Microsoft-Windows-Winlogon","The winlogon notification subscriber <Sens> finished handling the notification event (5)."
"23-07-2026 12:38:15","811","Information","Microsoft-Windows-Winlogon","The winlogon notification subscriber <Sens> began handling the notification event (5)."
"23-07-2026 12:32:35","812","Information","Microsoft-Windows-Winlogon","The winlogon notification subscriber <TermSrv> finished handling the notification event (4)."
"23-07-2026 12:32:35","811","Information","Microsoft-Windows-Winlogon","The winlogon notification subscriber <TermSrv> began handling the notification event (4)."
"23-07-2026 12:32:35","812","Information","Microsoft-Windows-Winlogon","The winlogon notification subscriber <Sens> finished handling the notification event (4)."
"23-07-2026 12:32:35","811","Information","Microsoft-Windows-Winlogon","The winlogon notification subscriber <Sens> began handling the notification event (4)."
"23-07-2026 12:03:46","812","Information","Microsoft-Windows-Winlogon","The winlogon notification subscriber <TermSrv> finished handling the notification event (5)."
"23-07-2026 12:03:46","811","Information","Microsoft-Windows-Winlogon","The winlogon notification subscriber <TermSrv> began handling the notification event (5)."
"23-07-2026 12:03:46","812","Information","Microsoft-Windows-Winlogon","The winlogon notification subscriber <Sens> finished handling the notification event (5)."
"23-07-2026 12:03:46","811","Information","Microsoft-Windows-Winlogon","The winlogon notification subscriber <Sens> began handling the notification event (5)."
"23-07-2026 12:00:36","812","Information","Microsoft-Windows-Winlogon","The winlogon notification subscriber <TermSrv> finished handling the notification event (4)."
"23-07-2026 12:00:36","811","Information","Microsoft-Windows-Winlogon","The winlogon notification subscriber <TermSrv> began handling the notification event (4)."
"23-07-2026 12:00:36","812","Information","Microsoft-Windows-Winlogon","The winlogon notification subscriber <Sens> finished handling the notification event (4)."
"23-07-2026 12:00:36","811","Information","Microsoft-Windows-Winlogon","The winlogon notification subscriber <Sens> began handling the notification event (4)."
"23-07-2026 11:45:32","812","Information","Microsoft-Windows-Winlogon","The winlogon notification subscriber <TermSrv> finished handling the notification event (5)."
"23-07-2026 11:45:32","811","Information","Microsoft-Windows-Winlogon","The winlogon notification subscriber <TermSrv> began handling the notification event (5)."
"23-07-2026 11:45:32","812","Information","Microsoft-Windows-Winlogon","The winlogon notification subscriber <Sens> finished handling the notification event (5)."
"23-07-2026 11:45:32","811","Information","Microsoft-Windows-Winlogon","The winlogon notification subscriber <Sens> began handling the notification event (5)."
"23-07-2026 11:27:53","812","Information","Microsoft-Windows-Winlogon","The winlogon notification subscriber <TermSrv> finished handling the notification event (4)."
"23-07-2026 11:27:53","811","Information","Microsoft-Windows-Winlogon","The winlogon notification subscriber <TermSrv> began handling the notification event (4)."
