"TimeCreated","Id","LevelDisplayName","ProviderName","Message"
"19-08-2026 10:18:01","1","Information","Microsoft-Windows-Servicing","Initiating changes for package KB5120710. Current state is Staged. Target state is Installed. Client id: UpdateAgentLCU."
"19-08-2026 10:17:57","2","Information","Microsoft-Windows-Servicing","Package KB5120710 was successfully changed to the Staged state."
"19-08-2026 10:17:34","1","Information","Microsoft-Windows-Servicing","Initiating changes for package KB5120710. Current state is Absent. Target state is Staged. Client id: UpdateAgentLCU."
"19-08-2026 10:17:27","2","Information","Microsoft-Windows-Servicing","Package KB5120994 was successfully changed to the Installed state."
"19-08-2026 10:17:15","1","Information","Microsoft-Windows-Servicing","Initiating changes for package KB5120994. Current state is Staged. Target state is Installed. Client id: UpdateAgentLCU."
"19-08-2026 10:17:09","2","Information","Microsoft-Windows-Servicing","Package KB5123304 was successfully changed to the Installed state."
"19-08-2026 10:16:59","1","Information","Microsoft-Windows-Servicing","Initiating changes for package KB5123304. Current state is Staged. Target state is Installed. Client id: UpdateAgentLCU."
"19-08-2026 10:16:57","2","Information","Microsoft-Windows-Servicing","Package KB5120994 was successfully changed to the Staged state."
"19-08-2026 10:16:44","1","Information","Microsoft-Windows-Servicing","Initiating changes for package KB5120994. Current state is Absent. Target state is Staged. Client id: UpdateAgentLCU."
"19-08-2026 10:16:43","2","Information","Microsoft-Windows-Servicing","Package KB5123304 was successfully changed to the Staged state."
"19-08-2026 10:16:35","1","Information","Microsoft-Windows-Servicing","Initiating changes for package KB5123304. Current state is Absent. Target state is Staged. Client id: UpdateAgentLCU."
"03-08-2026 09:46:42","2","Information","Microsoft-Windows-Servicing","Package KB777778 was successfully changed to the Absent state."
"03-08-2026 09:46:42","1","Information","Microsoft-Windows-Servicing","Initiating changes for package KB777778. Current state is Superseded. Target state is Absent. Client id: CbsTask."
"03-08-2026 09:46:42","2","Information","Microsoft-Windows-Servicing","Package KB777778 was successfully changed to the Absent state."
"03-08-2026 09:46:42","1","Information","Microsoft-Windows-Servicing","Initiating changes for package KB777778. Current state is Superseded. Target state is Absent. Client id: CbsTask."
"03-08-2026 09:46:42","2","Information","Microsoft-Windows-Servicing","Package KB777778 was successfully changed to the Absent state."
"03-08-2026 09:46:42","1","Information","Microsoft-Windows-Servicing","Initiating changes for package KB777778. Current state is Superseded. Target state is Absent. Client id: CbsTask."
"03-08-2026 09:46:42","2","Information","Microsoft-Windows-Servicing","Package Microsoft-Windows-WinOcr-FOD-en-US was successfully changed to the Absent state."
"03-08-2026 09:46:42","1","Information","Microsoft-Windows-Servicing","Initiating changes for package Microsoft-Windows-WinOcr-FOD-en-US. Current state is Superseded. Target state is Absent. Client id: CbsTask."
"03-08-2026 09:46:42","2","Information","Microsoft-Windows-Servicing","Package KB777778 was successfully changed to the Absent state."
"03-08-2026 09:46:42","1","Information","Microsoft-Windows-Servicing","Initiating changes for package KB777778. Current state is Superseded. Target state is Absent. Client id: CbsTask."
"03-08-2026 09:46:42","2","Information","Microsoft-Windows-Servicing","Package KB777778 was successfully changed to the Absent state."
"03-08-2026 09:46:42","1","Information","Microsoft-Windows-Servicing","Initiating changes for package KB777778. Current state is Superseded. Target state is Absent. Client id: CbsTask."
"03-08-2026 09:46:41","2","Information","Microsoft-Windows-Servicing","Package KB777778 was successfully changed to the Absent state."
"03-08-2026 09:46:41","1","Information","Microsoft-Windows-Servicing","Initiating changes for package KB777778. Current state is Superseded. Target state is Absent. Client id: CbsTask."
"03-08-2026 09:46:41","2","Information","Microsoft-Windows-Servicing","Package KB777778 was successfully changed to the Absent state."
"03-08-2026 09:46:41","1","Information","Microsoft-Windows-Servicing","Initiating changes for package KB777778. Current state is Superseded. Target state is Absent. Client id: CbsTask."
"03-08-2026 09:46:41","2","Information","Microsoft-Windows-Servicing","Package KB777778 was successfully changed to the Absent state."
"03-08-2026 09:46:41","1","Information","Microsoft-Windows-Servicing","Initiating changes for package KB777778. Current state is Superseded. Target state is Absent. Client id: CbsTask."
"03-08-2026 09:46:41","2","Information","Microsoft-Windows-Servicing","Package KB777778 was successfully changed to the Absent state."
"03-08-2026 09:46:41","1","Information","Microsoft-Windows-Servicing","Initiating changes for package KB777778. Current state is Superseded. Target state is Absent. Client id: CbsTask."
"03-08-2026 09:46:41","2","Information","Microsoft-Windows-Servicing","Package KB777778 was successfully changed to the Absent state."
"03-08-2026 09:46:41","1","Information","Microsoft-Windows-Servicing","Initiating changes for package KB777778. Current state is Superseded. Target state is Absent. Client id: CbsTask."
"03-08-2026 09:46:41","2","Information","Microsoft-Windows-Servicing","Package KB777778 was successfully changed to the Absent state."
"03-08-2026 09:46:41","1","Information","Microsoft-Windows-Servicing","Initiating changes for package KB777778. Current state is Superseded. Target state is Absent. Client id: CbsTask."
"03-08-2026 09:46:41","2","Information","Microsoft-Windows-Servicing","Package KB777778 was successfully changed to the Absent state."
"03-08-2026 09:46:41","1","Information","Microsoft-Windows-Servicing","Initiating changes for package KB777778. Current state is Superseded. Target state is Absent. Client id: CbsTask."
"03-08-2026 09:46:41","2","Information","Microsoft-Windows-Servicing","Package KB777778 was successfully changed to the Absent state."
"03-08-2026 09:46:40","1","Information","Microsoft-Windows-Servicing","Initiating changes for package KB777778. Current state is Superseded. Target state is Absent. Client id: CbsTask."
"03-08-2026 09:46:40","2","Information","Microsoft-Windows-Servicing","Package KB777778 was successfully changed to the Absent state."
"03-08-2026 09:46:40","1","Information","Microsoft-Windows-Servicing","Initiating changes for package KB777778. Current state is Superseded. Target state is Absent. Client id: CbsTask."
"03-08-2026 09:46:40","2","Information","Microsoft-Windows-Servicing","Package KB777778 was successfully changed to the Absent state."
"03-08-2026 09:46:40","1","Information","Microsoft-Windows-Servicing","Initiating changes for package KB777778. Current state is Superseded. Target state is Absent. Client id: CbsTask."
"03-08-2026 09:46:40","2","Information","Microsoft-Windows-Servicing","Package KB777778 was successfully changed to the Absent state."
"03-08-2026 09:46:40","1","Information","Microsoft-Windows-Servicing","Initiating changes for package KB777778. Current state is Superseded. Target state is Absent. Client id: CbsTask."
"03-08-2026 09:46:40","2","Information","Microsoft-Windows-Servicing","Package KB777778 was successfully changed to the Absent state."
"03-08-2026 09:46:40","1","Information","Microsoft-Windows-Servicing","Initiating changes for package KB777778. Current state is Superseded. Target state is Absent. Client id: CbsTask."
"03-08-2026 09:46:40","2","Information","Microsoft-Windows-Servicing","Package KB777778 was successfully changed to the Absent state."
"03-08-2026 09:46:40","1","Information","Microsoft-Windows-Servicing","Initiating changes for package KB777778. Current state is Superseded. Target state is Absent. Client id: CbsTask."
"03-08-2026 09:46:40","2","Information","Microsoft-Windows-Servicing","Package KB777778 was successfully changed to the Absent state."
"03-08-2026 09:46:40","1","Information","Microsoft-Windows-Servicing","Initiating changes for package KB777778. Current state is Superseded. Target state is Absent. Client id: CbsTask."
"03-08-2026 09:46:39","2","Information","Microsoft-Windows-Servicing","Package KB777778 was successfully changed to the Absent state."
"03-08-2026 09:46:39","1","Information","Microsoft-Windows-Servicing","Initiating changes for package KB777778. Current state is Superseded. Target state is Absent. Client id: CbsTask."
"03-08-2026 09:46:39","2","Information","Microsoft-Windows-Servicing","Package KB777778 was successfully changed to the Absent state."
"03-08-2026 09:46:39","1","Information","Microsoft-Windows-Servicing","Initiating changes for package KB777778. Current state is Superseded. Target state is Absent. Client id: CbsTask."
"03-08-2026 09:46:39","2","Information","Microsoft-Windows-Servicing","Package KB777778 was successfully changed to the Absent state."
"03-08-2026 09:46:39","1","Information","Microsoft-Windows-Servicing","Initiating changes for package KB777778. Current state is Superseded. Target state is Absent. Client id: CbsTask."
"03-08-2026 09:46:39","2","Information","Microsoft-Windows-Servicing","Package KB777778 was successfully changed to the Absent state."
"03-08-2026 09:46:39","1","Information","Microsoft-Windows-Servicing","Initiating changes for package KB777778. Current state is Superseded. Target state is Absent. Client id: CbsTask."
"03-08-2026 09:46:39","2","Information","Microsoft-Windows-Servicing","Package KB777778 was successfully changed to the Absent state."
"03-08-2026 09:46:39","1","Information","Microsoft-Windows-Servicing","Initiating changes for package KB777778. Current state is Superseded. Target state is Absent. Client id: CbsTask."
"03-08-2026 09:46:39","2","Information","Microsoft-Windows-Servicing","Package KB777778 was successfully changed to the Absent state."
"03-08-2026 09:46:39","1","Information","Microsoft-Windows-Servicing","Initiating changes for package KB777778. Current state is Superseded. Target state is Absent. Client id: CbsTask."
"03-08-2026 09:46:39","2","Information","Microsoft-Windows-Servicing","Package KB777778 was successfully changed to the Absent state."
"03-08-2026 09:46:39","1","Information","Microsoft-Windows-Servicing","Initiating changes for package KB777778. Current state is Superseded. Target state is Absent. Client id: CbsTask."
"03-08-2026 09:46:38","2","Information","Microsoft-Windows-Servicing","Package KB777778 was successfully changed to the Absent state."
"03-08-2026 09:46:38","1","Information","Microsoft-Windows-Servicing","Initiating changes for package KB777778. Current state is Superseded. Target state is Absent. Client id: CbsTask."
"03-08-2026 09:46:38","2","Information","Microsoft-Windows-Servicing","Package KB777778 was successfully changed to the Absent state."
"03-08-2026 09:46:38","1","Information","Microsoft-Windows-Servicing","Initiating changes for package KB777778. Current state is Superseded. Target state is Absent. Client id: CbsTask."
"03-08-2026 09:46:38","2","Information","Microsoft-Windows-Servicing","Package KB777778 was successfully changed to the Absent state."
"03-08-2026 09:46:38","1","Information","Microsoft-Windows-Servicing","Initiating changes for package KB777778. Current state is Superseded. Target state is Absent. Client id: CbsTask."
"03-08-2026 09:46:38","2","Information","Microsoft-Windows-Servicing","Package KB777778 was successfully changed to the Absent state."
"03-08-2026 09:46:38","1","Information","Microsoft-Windows-Servicing","Initiating changes for package KB777778. Current state is Superseded. Target state is Absent. Client id: CbsTask."
"03-08-2026 09:46:38","2","Information","Microsoft-Windows-Servicing","Package KB777778 was successfully changed to the Absent state."
"03-08-2026 09:46:38","1","Information","Microsoft-Windows-Servicing","Initiating changes for package KB777778. Current state is Superseded. Target state is Absent. Client id: CbsTask."
"03-08-2026 09:46:38","2","Information","Microsoft-Windows-Servicing","Package KB777778 was successfully changed to the Absent state."
"03-08-2026 09:46:38","1","Information","Microsoft-Windows-Servicing","Initiating changes for package KB777778. Current state is Superseded. Target state is Absent. Client id: CbsTask."
"03-08-2026 09:46:38","2","Information","Microsoft-Windows-Servicing","Package Microsoft-Windows-VBSCRIPT-FoD-en-US was successfully changed to the Absent state."
"03-08-2026 09:46:38","1","Information","Microsoft-Windows-Servicing","Initiating changes for package Microsoft-Windows-VBSCRIPT-FoD-en-US. Current state is Superseded. Target state is Absent. Client id: CbsTask."
"03-08-2026 09:46:38","2","Information","Microsoft-Windows-Servicing","Package KB777778 was successfully changed to the Absent state."
"03-08-2026 09:46:38","1","Information","Microsoft-Windows-Servicing","Initiating changes for package KB777778. Current state is Superseded. Target state is Absent. Client id: CbsTask."
"03-08-2026 09:46:38","2","Information","Microsoft-Windows-Servicing","Package Microsoft-Windows-TFTP-Client-FOD-en-US was successfully changed to the Absent state."
"03-08-2026 09:46:38","1","Information","Microsoft-Windows-Servicing","Initiating changes for package Microsoft-Windows-TFTP-Client-FOD-en-US. Current state is Superseded. Target state is Absent. Client id: CbsTask."
"03-08-2026 09:46:38","2","Information","Microsoft-Windows-Servicing","Package KB777778 was successfully changed to the Absent state."
"03-08-2026 09:46:37","1","Information","Microsoft-Windows-Servicing","Initiating changes for package KB777778. Current state is Superseded. Target state is Absent. Client id: CbsTask."
"03-08-2026 09:46:37","2","Information","Microsoft-Windows-Servicing","Package Microsoft-Windows-TerminalServices-AppServer-Client-FOD-en-US was successfully changed to the Absent state."
"03-08-2026 09:46:37","1","Information","Microsoft-Windows-Servicing","Initiating changes for package Microsoft-Windows-TerminalServices-AppServer-Client-FOD-en-US. Current state is Superseded. Target state is Absent. Client id: CbsTask."
"03-08-2026 09:46:37","2","Information","Microsoft-Windows-Servicing","Package KB777778 was successfully changed to the Absent state."
"03-08-2026 09:46:37","1","Information","Microsoft-Windows-Servicing","Initiating changes for package KB777778. Current state is Superseded. Target state is Absent. Client id: CbsTask."
"03-08-2026 09:46:37","2","Information","Microsoft-Windows-Servicing","Package Microsoft-Windows-TerminalServices-AppServer-Client-FOD-en-US was successfully changed to the Absent state."
"03-08-2026 09:46:37","1","Information","Microsoft-Windows-Servicing","Initiating changes for package Microsoft-Windows-TerminalServices-AppServer-Client-FOD-en-US. Current state is Superseded. Target state is Absent. Client id: CbsTask."
"03-08-2026 09:46:37","2","Information","Microsoft-Windows-Servicing","Package KB777778 was successfully changed to the Absent state."
"03-08-2026 09:46:37","1","Information","Microsoft-Windows-Servicing","Initiating changes for package KB777778. Current state is Superseded. Target state is Absent. Client id: CbsTask."
"03-08-2026 09:46:37","2","Information","Microsoft-Windows-Servicing","Package Microsoft-Windows-Telnet-Client-FOD-en-US was successfully changed to the Absent state."
"03-08-2026 09:46:37","1","Information","Microsoft-Windows-Servicing","Initiating changes for package Microsoft-Windows-Telnet-Client-FOD-en-US. Current state is Superseded. Target state is Absent. Client id: CbsTask."
"03-08-2026 09:46:37","2","Information","Microsoft-Windows-Servicing","Package KB777778 was successfully changed to the Absent state."
"03-08-2026 09:46:37","1","Information","Microsoft-Windows-Servicing","Initiating changes for package KB777778. Current state is Superseded. Target state is Absent. Client id: CbsTask."
"03-08-2026 09:46:37","2","Information","Microsoft-Windows-Servicing","Package KB777778 was successfully changed to the Absent state."
"03-08-2026 09:46:37","1","Information","Microsoft-Windows-Servicing","Initiating changes for package KB777778. Current state is Superseded. Target state is Absent. Client id: CbsTask."
"03-08-2026 09:46:37","2","Information","Microsoft-Windows-Servicing","Package KB777778 was successfully changed to the Absent state."
"03-08-2026 09:46:37","1","Information","Microsoft-Windows-Servicing","Initiating changes for package KB777778. Current state is Superseded. Target state is Absent. Client id: CbsTask."
"03-08-2026 09:46:37","2","Information","Microsoft-Windows-Servicing","Package Microsoft-Windows-StepsRecorder-en-US was successfully changed to the Absent state."
"03-08-2026 09:46:36","1","Information","Microsoft-Windows-Servicing","Initiating changes for package Microsoft-Windows-StepsRecorder-en-US. Current state is Superseded. Target state is Absent. Client id: CbsTask."
"03-08-2026 09:46:36","2","Information","Microsoft-Windows-Servicing","Package Microsoft-Windows-StepsRecorder-en-GB was successfully changed to the Absent state."
"03-08-2026 09:46:36","1","Information","Microsoft-Windows-Servicing","Initiating changes for package Microsoft-Windows-StepsRecorder-en-GB. Current state is Superseded. Target state is Absent. Client id: CbsTask."
"03-08-2026 09:46:36","2","Information","Microsoft-Windows-Servicing","Package KB777778 was successfully changed to the Absent state."
"03-08-2026 09:46:36","1","Information","Microsoft-Windows-Servicing","Initiating changes for package KB777778. Current state is Superseded. Target state is Absent. Client id: CbsTask."
"03-08-2026 09:46:36","2","Information","Microsoft-Windows-Servicing","Package KB777778 was successfully changed to the Absent state."
"03-08-2026 09:46:36","1","Information","Microsoft-Windows-Servicing","Initiating changes for package KB777778. Current state is Superseded. Target state is Absent. Client id: CbsTask."
"03-08-2026 09:46:36","2","Information","Microsoft-Windows-Servicing","Package KB777778 was successfully changed to the Absent state."
"03-08-2026 09:46:36","1","Information","Microsoft-Windows-Servicing","Initiating changes for package KB777778. Current state is Superseded. Target state is Absent. Client id: CbsTask."
"03-08-2026 09:46:36","2","Information","Microsoft-Windows-Servicing","Package KB777778 was successfully changed to the Absent state."
"03-08-2026 09:46:36","1","Information","Microsoft-Windows-Servicing","Initiating changes for package KB777778. Current state is Superseded. Target state is Absent. Client id: CbsTask."
"03-08-2026 09:46:36","2","Information","Microsoft-Windows-Servicing","Package Microsoft-Windows-ServerManager-Tools-FoD-en-US was successfully changed to the Absent state."
"03-08-2026 09:46:36","1","Information","Microsoft-Windows-Servicing","Initiating changes for package Microsoft-Windows-ServerManager-Tools-FoD-en-US. Current state is Superseded. Target state is Absent. Client id: CbsTask."
"03-08-2026 09:46:36","2","Information","Microsoft-Windows-Servicing","Package Microsoft-Windows-ServerManager-Tools-FoD-en-GB was successfully changed to the Absent state."
"03-08-2026 09:46:36","1","Information","Microsoft-Windows-Servicing","Initiating changes for package Microsoft-Windows-ServerManager-Tools-FoD-en-GB. Current state is Superseded. Target state is Absent. Client id: CbsTask."
"03-08-2026 09:46:36","2","Information","Microsoft-Windows-Servicing","Package KB777778 was successfully changed to the Absent state."
"03-08-2026 09:46:35","1","Information","Microsoft-Windows-Servicing","Initiating changes for package KB777778. Current state is Superseded. Target state is Absent. Client id: CbsTask."
"03-08-2026 09:46:35","2","Information","Microsoft-Windows-Servicing","Package Microsoft-Windows-SenseClient-FoD-en-US was successfully changed to the Absent state."
"03-08-2026 09:46:35","1","Information","Microsoft-Windows-Servicing","Initiating changes for package Microsoft-Windows-SenseClient-FoD-en-US. Current state is Superseded. Target state is Absent. Client id: CbsTask."
"03-08-2026 09:46:35","2","Information","Microsoft-Windows-Servicing","Package KB777778 was successfully changed to the Absent state."
"03-08-2026 09:46:35","1","Information","Microsoft-Windows-Servicing","Initiating changes for package KB777778. Current state is Superseded. Target state is Absent. Client id: CbsTask."
"03-08-2026 09:46:35","2","Information","Microsoft-Windows-Servicing","Package Microsoft-Windows-ProjFS-OptionalFeature-FOD-en-US was successfully changed to the Absent state."
"03-08-2026 09:46:35","1","Information","Microsoft-Windows-Servicing","Initiating changes for package Microsoft-Windows-ProjFS-OptionalFeature-FOD-en-US. Current state is Superseded. Target state is Absent. Client id: CbsTask."
"03-08-2026 09:46:35","2","Information","Microsoft-Windows-Servicing","Package KB777778 was successfully changed to the Absent state."
"03-08-2026 09:46:35","1","Information","Microsoft-Windows-Servicing","Initiating changes for package KB777778. Current state is Superseded. Target state is Absent. Client id: CbsTask."
"03-08-2026 09:46:35","2","Information","Microsoft-Windows-Servicing","Package Microsoft-Windows-Printing-PMCPPC-FoD-en-US was successfully changed to the Absent state."
"03-08-2026 09:46:35","1","Information","Microsoft-Windows-Servicing","Initiating changes for package Microsoft-Windows-Printing-PMCPPC-FoD-en-US. Current state is Superseded. Target state is Absent. Client id: CbsTask."
"03-08-2026 09:46:35","2","Information","Microsoft-Windows-Servicing","Package Microsoft-Windows-Printing-PMCPPC-FoD-en-GB was successfully changed to the Absent state."
"03-08-2026 09:46:35","1","Information","Microsoft-Windows-Servicing","Initiating changes for package Microsoft-Windows-Printing-PMCPPC-FoD-en-GB. Current state is Superseded. Target state is Absent. Client id: CbsTask."
"03-08-2026 09:46:35","2","Information","Microsoft-Windows-Servicing","Package KB777778 was successfully changed to the Absent state."
"03-08-2026 09:46:34","1","Information","Microsoft-Windows-Servicing","Initiating changes for package KB777778. Current state is Superseded. Target state is Absent. Client id: CbsTask."
"03-08-2026 09:46:34","2","Information","Microsoft-Windows-Servicing","Package KB777778 was successfully changed to the Absent state."
"03-08-2026 09:46:34","1","Information","Microsoft-Windows-Servicing","Initiating changes for package KB777778. Current state is Superseded. Target state is Absent. Client id: CbsTask."
"03-08-2026 09:46:34","2","Information","Microsoft-Windows-Servicing","Package Microsoft-Windows-PowerShell-ISE-FOD-en-US was successfully changed to the Absent state."
"03-08-2026 09:46:34","1","Information","Microsoft-Windows-Servicing","Initiating changes for package Microsoft-Windows-PowerShell-ISE-FOD-en-US. Current state is Superseded. Target state is Absent. Client id: CbsTask."
"03-08-2026 09:46:34","2","Information","Microsoft-Windows-Servicing","Package Microsoft-Windows-PowerShell-ISE-FOD-en-GB was successfully changed to the Absent state."
"03-08-2026 09:46:34","1","Information","Microsoft-Windows-Servicing","Initiating changes for package Microsoft-Windows-PowerShell-ISE-FOD-en-GB. Current state is Superseded. Target state is Absent. Client id: CbsTask."
"03-08-2026 09:46:34","2","Information","Microsoft-Windows-Servicing","Package KB777778 was successfully changed to the Absent state."
"03-08-2026 09:46:34","1","Information","Microsoft-Windows-Servicing","Initiating changes for package KB777778. Current state is Superseded. Target state is Absent. Client id: CbsTask."
"03-08-2026 09:46:34","2","Information","Microsoft-Windows-Servicing","Package KB777778 was successfully changed to the Absent state."
"03-08-2026 09:46:34","1","Information","Microsoft-Windows-Servicing","Initiating changes for package KB777778. Current state is Superseded. Target state is Absent. Client id: CbsTask."
"03-08-2026 09:46:34","2","Information","Microsoft-Windows-Servicing","Package Microsoft-Windows-Notepad-System-FoD-en-US was successfully changed to the Absent state."
"03-08-2026 09:46:34","1","Information","Microsoft-Windows-Servicing","Initiating changes for package Microsoft-Windows-Notepad-System-FoD-en-US. Current state is Superseded. Target state is Absent. Client id: CbsTask."
"03-08-2026 09:46:34","2","Information","Microsoft-Windows-Servicing","Package Microsoft-Windows-Notepad-System-FoD-en-GB was successfully changed to the Absent state."
"03-08-2026 09:46:34","1","Information","Microsoft-Windows-Servicing","Initiating changes for package Microsoft-Windows-Notepad-System-FoD-en-GB. Current state is Superseded. Target state is Absent. Client id: CbsTask."
"03-08-2026 09:46:33","2","Information","Microsoft-Windows-Servicing","Package KB777778 was successfully changed to the Absent state."
"03-08-2026 09:46:33","1","Information","Microsoft-Windows-Servicing","Initiating changes for package KB777778. Current state is Superseded. Target state is Absent. Client id: CbsTask."
"03-08-2026 09:46:33","2","Information","Microsoft-Windows-Servicing","Package KB777778 was successfully changed to the Absent state."
"03-08-2026 09:46:32","1","Information","Microsoft-Windows-Servicing","Initiating changes for package KB777778. Current state is Superseded. Target state is Absent. Client id: CbsTask."
"03-08-2026 09:46:32","2","Information","Microsoft-Windows-Servicing","Package Microsoft-Windows-MediaPlayer-en-US was successfully changed to the Absent state."
"03-08-2026 09:46:32","1","Information","Microsoft-Windows-Servicing","Initiating changes for package Microsoft-Windows-MediaPlayer-en-US. Current state is Superseded. Target state is Absent. Client id: CbsTask."
"03-08-2026 09:46:32","2","Information","Microsoft-Windows-Servicing","Package Microsoft-Windows-MediaPlayer-en-GB was successfully changed to the Absent state."
"03-08-2026 09:46:32","1","Information","Microsoft-Windows-Servicing","Initiating changes for package Microsoft-Windows-MediaPlayer-en-GB. Current state is Superseded. Target state is Absent. Client id: CbsTask."
"03-08-2026 09:46:32","2","Information","Microsoft-Windows-Servicing","Package KB777778 was successfully changed to the Absent state."
"03-08-2026 09:46:32","1","Information","Microsoft-Windows-Servicing","Initiating changes for package KB777778. Current state is Superseded. Target state is Absent. Client id: CbsTask."
"03-08-2026 09:46:32","2","Information","Microsoft-Windows-Servicing","Package KB777778 was successfully changed to the Absent state."
"03-08-2026 09:46:32","1","Information","Microsoft-Windows-Servicing","Initiating changes for package KB777778. Current state is Superseded. Target state is Absent. Client id: CbsTask."
"03-08-2026 09:46:32","2","Information","Microsoft-Windows-Servicing","Package KB777778 was successfully changed to the Absent state."
"03-08-2026 09:46:32","1","Information","Microsoft-Windows-Servicing","Initiating changes for package KB777778. Current state is Superseded. Target state is Absent. Client id: CbsTask."
"03-08-2026 09:46:32","2","Information","Microsoft-Windows-Servicing","Package KB777778 was successfully changed to the Absent state."
"03-08-2026 09:46:32","1","Information","Microsoft-Windows-Servicing","Initiating changes for package KB777778. Current state is Superseded. Target state is Absent. Client id: CbsTask."
"03-08-2026 09:46:32","2","Information","Microsoft-Windows-Servicing","Package KB777778 was successfully changed to the Absent state."
"03-08-2026 09:46:32","1","Information","Microsoft-Windows-Servicing","Initiating changes for package KB777778. Current state is Superseded. Target state is Absent. Client id: CbsTask."
"03-08-2026 09:46:32","2","Information","Microsoft-Windows-Servicing","Package KB777778 was successfully changed to the Absent state."
"03-08-2026 09:46:32","1","Information","Microsoft-Windows-Servicing","Initiating changes for package KB777778. Current state is Superseded. Target state is Absent. Client id: CbsTask."
"03-08-2026 09:46:32","2","Information","Microsoft-Windows-Servicing","Package KB777778 was successfully changed to the Absent state."
"03-08-2026 09:46:31","1","Information","Microsoft-Windows-Servicing","Initiating changes for package KB777778. Current state is Superseded. Target state is Absent. Client id: CbsTask."
"03-08-2026 09:46:31","2","Information","Microsoft-Windows-Servicing","Package KB777778 was successfully changed to the Absent state."
"03-08-2026 09:46:31","1","Information","Microsoft-Windows-Servicing","Initiating changes for package KB777778. Current state is Superseded. Target state is Absent. Client id: CbsTask."
"03-08-2026 09:46:31","2","Information","Microsoft-Windows-Servicing","Package KB777778 was successfully changed to the Absent state."
"03-08-2026 09:46:31","1","Information","Microsoft-Windows-Servicing","Initiating changes for package KB777778. Current state is Superseded. Target state is Absent. Client id: CbsTask."
"03-08-2026 09:46:31","2","Information","Microsoft-Windows-Servicing","Package KB777778 was successfully changed to the Absent state."
"03-08-2026 09:46:31","1","Information","Microsoft-Windows-Servicing","Initiating changes for package KB777778. Current state is Superseded. Target state is Absent. Client id: CbsTask."
"03-08-2026 09:46:31","2","Information","Microsoft-Windows-Servicing","Package KB777778 was successfully changed to the Absent state."
"03-08-2026 09:46:31","1","Information","Microsoft-Windows-Servicing","Initiating changes for package KB777778. Current state is Superseded. Target state is Absent. Client id: CbsTask."
"03-08-2026 09:46:31","2","Information","Microsoft-Windows-Servicing","Package Microsoft-Windows-InternetExplorer-Optional-en-US was successfully changed to the Absent state."
"03-08-2026 09:46:31","1","Information","Microsoft-Windows-Servicing","Initiating changes for package Microsoft-Windows-InternetExplorer-Optional-en-US. Current state is Superseded. Target state is Absent. Client id: CbsTask."
"03-08-2026 09:46:31","2","Information","Microsoft-Windows-Servicing","Package KB777778 was successfully changed to the Absent state."
"03-08-2026 09:46:31","1","Information","Microsoft-Windows-Servicing","Initiating changes for package KB777778. Current state is Superseded. Target state is Absent. Client id: CbsTask."
"03-08-2026 09:46:31","2","Information","Microsoft-Windows-Servicing","Package KB777778 was successfully changed to the Absent state."
"03-08-2026 09:46:31","1","Information","Microsoft-Windows-Servicing","Initiating changes for package KB777778. Current state is Superseded. Target state is Absent. Client id: CbsTask."
"03-08-2026 09:46:31","2","Information","Microsoft-Windows-Servicing","Package KB777778 was successfully changed to the Absent state."
"03-08-2026 09:46:31","1","Information","Microsoft-Windows-Servicing","Initiating changes for package KB777778. Current state is Superseded. Target state is Absent. Client id: CbsTask."
"03-08-2026 09:46:31","2","Information","Microsoft-Windows-Servicing","Package KB777778 was successfully changed to the Absent state."
"03-08-2026 09:46:30","1","Information","Microsoft-Windows-Servicing","Initiating changes for package KB777778. Current state is Superseded. Target state is Absent. Client id: CbsTask."
"03-08-2026 09:46:30","2","Information","Microsoft-Windows-Servicing","Package KB777778 was successfully changed to the Absent state."
"03-08-2026 09:46:30","1","Information","Microsoft-Windows-Servicing","Initiating changes for package KB777778. Current state is Superseded. Target state is Absent. Client id: CbsTask."
"03-08-2026 09:46:30","2","Information","Microsoft-Windows-Servicing","Package KB777778 was successfully changed to the Absent state."
"03-08-2026 09:46:30","1","Information","Microsoft-Windows-Servicing","Initiating changes for package KB777778. Current state is Superseded. Target state is Absent. Client id: CbsTask."
"03-08-2026 09:46:30","2","Information","Microsoft-Windows-Servicing","Package KB777778 was successfully changed to the Absent state."
"03-08-2026 09:46:30","1","Information","Microsoft-Windows-Servicing","Initiating changes for package KB777778. Current state is Superseded. Target state is Absent. Client id: CbsTask."
"03-08-2026 09:46:30","2","Information","Microsoft-Windows-Servicing","Package KB777778 was successfully changed to the Absent state."
"03-08-2026 09:46:30","1","Information","Microsoft-Windows-Servicing","Initiating changes for package KB777778. Current state is Superseded. Target state is Absent. Client id: CbsTask."
"03-08-2026 09:46:30","2","Information","Microsoft-Windows-Servicing","Package KB777778 was successfully changed to the Absent state."
"03-08-2026 09:46:30","1","Information","Microsoft-Windows-Servicing","Initiating changes for package KB777778. Current state is Superseded. Target state is Absent. Client id: CbsTask."
"03-08-2026 09:46:30","2","Information","Microsoft-Windows-Servicing","Package Language Pack was successfully changed to the Absent state."
"03-08-2026 09:46:22","1","Information","Microsoft-Windows-Servicing","Initiating changes for package Language Pack. Current state is Superseded. Target state is Absent. Client id: CbsTask."
"03-08-2026 09:46:20","2","Information","Microsoft-Windows-Servicing","Package KB777778 was successfully changed to the Staged state."
"03-08-2026 09:46:20","2","Information","Microsoft-Windows-Servicing","Package Microsoft-Windows-TerminalServices-AppServer-Client-FOD-en-US was successfully changed to the Staged state."
"03-08-2026 09:46:20","2","Information","Microsoft-Windows-Servicing","Package KB777778 was successfully changed to the Staged state."
"03-08-2026 09:46:20","2","Information","Microsoft-Windows-Servicing","Package Microsoft-Windows-TerminalServices-AppServer-Client-FOD-en-US was successfully changed to the Staged state."
"03-08-2026 09:46:20","2","Information","Microsoft-Windows-Servicing","Package KB777778 was successfully changed to the Staged state."
"03-08-2026 09:46:20","2","Information","Microsoft-Windows-Servicing","Package Microsoft-Windows-SenseClient-FoD-en-US was successfully changed to the Staged state."
"03-08-2026 09:46:20","2","Information","Microsoft-Windows-Servicing","Package KB777778 was successfully changed to the Staged state."
"03-08-2026 09:46:20","2","Information","Microsoft-Windows-Servicing","Package KB777778 was successfully changed to the Staged state."
"03-08-2026 09:46:20","2","Information","Microsoft-Windows-Servicing","Package KB777778 was successfully changed to the Staged state."
"03-08-2026 09:46:20","2","Information","Microsoft-Windows-Servicing","Package KB777778 was successfully changed to the Staged state."
"03-08-2026 09:46:20","2","Information","Microsoft-Windows-Servicing","Package Microsoft-Windows-WinOcr-FOD-en-US was successfully changed to the Staged state."
"03-08-2026 09:46:20","2","Information","Microsoft-Windows-Servicing","Package KB777778 was successfully changed to the Staged state."
"03-08-2026 09:46:20","2","Information","Microsoft-Windows-Servicing","Package KB777778 was successfully changed to the Staged state."
"03-08-2026 09:46:20","2","Information","Microsoft-Windows-Servicing","Package KB777778 was successfully changed to the Staged state."
"03-08-2026 09:46:20","2","Information","Microsoft-Windows-Servicing","Package KB777778 was successfully changed to the Staged state."
"03-08-2026 09:46:20","2","Information","Microsoft-Windows-Servicing","Package KB777778 was successfully changed to the Staged state."
"03-08-2026 09:46:20","2","Information","Microsoft-Windows-Servicing","Package KB777778 was successfully changed to the Staged state."
"03-08-2026 09:46:20","2","Information","Microsoft-Windows-Servicing","Package KB777778 was successfully changed to the Staged state."
"03-08-2026 09:46:20","2","Information","Microsoft-Windows-Servicing","Package KB777778 was successfully changed to the Staged state."
"03-08-2026 09:46:20","2","Information","Microsoft-Windows-Servicing","Package KB777778 was successfully changed to the Staged state."
"03-08-2026 09:46:20","2","Information","Microsoft-Windows-Servicing","Package KB777778 was successfully changed to the Staged state."
"03-08-2026 09:46:20","2","Information","Microsoft-Windows-Servicing","Package KB777778 was successfully changed to the Staged state."
"03-08-2026 09:46:20","2","Information","Microsoft-Windows-Servicing","Package KB777778 was successfully changed to the Staged state."
"03-08-2026 09:46:20","2","Information","Microsoft-Windows-Servicing","Package KB777778 was successfully changed to the Staged state."
"03-08-2026 09:46:20","2","Information","Microsoft-Windows-Servicing","Package KB777778 was successfully changed to the Staged state."
"03-08-2026 09:46:20","2","Information","Microsoft-Windows-Servicing","Package KB777778 was successfully changed to the Staged state."
"03-08-2026 09:46:20","2","Information","Microsoft-Windows-Servicing","Package KB777778 was successfully changed to the Staged state."
"03-08-2026 09:46:20","2","Information","Microsoft-Windows-Servicing","Package KB777778 was successfully changed to the Staged state."
"03-08-2026 09:46:20","2","Information","Microsoft-Windows-Servicing","Package KB777778 was successfully changed to the Staged state."
"03-08-2026 09:46:20","2","Information","Microsoft-Windows-Servicing","Package KB777778 was successfully changed to the Staged state."
"03-08-2026 09:46:20","2","Information","Microsoft-Windows-Servicing","Package KB777778 was successfully changed to the Staged state."
"03-08-2026 09:46:20","2","Information","Microsoft-Windows-Servicing","Package KB777778 was successfully changed to the Staged state."
"03-08-2026 09:46:20","2","Information","Microsoft-Windows-Servicing","Package KB777778 was successfully changed to the Staged state."
"03-08-2026 09:46:20","2","Information","Microsoft-Windows-Servicing","Package KB777778 was successfully changed to the Staged state."
"03-08-2026 09:46:20","2","Information","Microsoft-Windows-Servicing","Package KB777778 was successfully changed to the Staged state."
"03-08-2026 09:46:20","2","Information","Microsoft-Windows-Servicing","Package KB777778 was successfully changed to the Staged state."
"03-08-2026 09:46:20","2","Information","Microsoft-Windows-Servicing","Package KB777778 was successfully changed to the Staged state."
"03-08-2026 09:46:20","2","Information","Microsoft-Windows-Servicing","Package KB777778 was successfully changed to the Staged state."
"03-08-2026 09:46:20","2","Information","Microsoft-Windows-Servicing","Package KB777778 was successfully changed to the Staged state."
"03-08-2026 09:46:20","2","Information","Microsoft-Windows-Servicing","Package KB777778 was successfully changed to the Staged state."
"03-08-2026 09:46:20","2","Information","Microsoft-Windows-Servicing","Package Microsoft-Windows-VBSCRIPT-FoD-en-US was successfully changed to the Staged state."
"03-08-2026 09:46:20","2","Information","Microsoft-Windows-Servicing","Package KB777778 was successfully changed to the Staged state."
"03-08-2026 09:46:20","2","Information","Microsoft-Windows-Servicing","Package Microsoft-Windows-TFTP-Client-FOD-en-US was successfully changed to the Staged state."
"03-08-2026 09:46:20","2","Information","Microsoft-Windows-Servicing","Package KB777778 was successfully changed to the Staged state."
"03-08-2026 09:46:20","2","Information","Microsoft-Windows-Servicing","Package Microsoft-Windows-Telnet-Client-FOD-en-US was successfully changed to the Staged state."
"03-08-2026 09:46:20","2","Information","Microsoft-Windows-Servicing","Package KB777778 was successfully changed to the Staged state."
"03-08-2026 09:46:20","2","Information","Microsoft-Windows-Servicing","Package KB777778 was successfully changed to the Staged state."
"03-08-2026 09:46:20","2","Information","Microsoft-Windows-Servicing","Package KB777778 was successfully changed to the Staged state."
"03-08-2026 09:46:20","2","Information","Microsoft-Windows-Servicing","Package Microsoft-Windows-StepsRecorder-en-US was successfully changed to the Staged state."
"03-08-2026 09:46:20","2","Information","Microsoft-Windows-Servicing","Package Microsoft-Windows-StepsRecorder-en-GB was successfully changed to the Staged state."
"03-08-2026 09:46:20","2","Information","Microsoft-Windows-Servicing","Package KB777778 was successfully changed to the Staged state."
"03-08-2026 09:46:20","2","Information","Microsoft-Windows-Servicing","Package KB777778 was successfully changed to the Staged state."
"03-08-2026 09:46:20","2","Information","Microsoft-Windows-Servicing","Package KB777778 was successfully changed to the Staged state."
"03-08-2026 09:46:20","2","Information","Microsoft-Windows-Servicing","Package KB777778 was successfully changed to the Staged state."
"03-08-2026 09:46:20","2","Information","Microsoft-Windows-Servicing","Package Microsoft-Windows-ServerManager-Tools-FoD-en-US was successfully changed to the Staged state."
"03-08-2026 09:46:20","2","Information","Microsoft-Windows-Servicing","Package Microsoft-Windows-ServerManager-Tools-FoD-en-GB was successfully changed to the Staged state."
"03-08-2026 09:46:20","2","Information","Microsoft-Windows-Servicing","Package KB777778 was successfully changed to the Staged state."
"03-08-2026 09:46:20","2","Information","Microsoft-Windows-Servicing","Package Microsoft-Windows-ProjFS-OptionalFeature-FOD-en-US was successfully changed to the Staged state."
"03-08-2026 09:46:20","2","Information","Microsoft-Windows-Servicing","Package KB777778 was successfully changed to the Staged state."
"03-08-2026 09:46:20","2","Information","Microsoft-Windows-Servicing","Package Microsoft-Windows-Printing-PMCPPC-FoD-en-US was successfully changed to the Staged state."
"03-08-2026 09:46:20","2","Information","Microsoft-Windows-Servicing","Package Microsoft-Windows-Printing-PMCPPC-FoD-en-GB was successfully changed to the Staged state."
"03-08-2026 09:46:20","2","Information","Microsoft-Windows-Servicing","Package KB777778 was successfully changed to the Staged state."
"03-08-2026 09:46:20","2","Information","Microsoft-Windows-Servicing","Package KB777778 was successfully changed to the Staged state."
"03-08-2026 09:46:20","2","Information","Microsoft-Windows-Servicing","Package Microsoft-Windows-PowerShell-ISE-FOD-en-US was successfully changed to the Staged state."
"03-08-2026 09:46:20","2","Information","Microsoft-Windows-Servicing","Package Microsoft-Windows-PowerShell-ISE-FOD-en-GB was successfully changed to the Staged state."
"03-08-2026 09:46:20","2","Information","Microsoft-Windows-Servicing","Package KB777778 was successfully changed to the Staged state."
"03-08-2026 09:46:20","2","Information","Microsoft-Windows-Servicing","Package KB777778 was successfully changed to the Staged state."
"03-08-2026 09:46:20","2","Information","Microsoft-Windows-Servicing","Package Microsoft-Windows-Notepad-System-FoD-en-US was successfully changed to the Staged state."
"03-08-2026 09:46:20","2","Information","Microsoft-Windows-Servicing","Package Microsoft-Windows-Notepad-System-FoD-en-GB was successfully changed to the Staged state."
"03-08-2026 09:46:20","2","Information","Microsoft-Windows-Servicing","Package KB777778 was successfully changed to the Staged state."
"03-08-2026 09:46:20","2","Information","Microsoft-Windows-Servicing","Package KB777778 was successfully changed to the Staged state."
"03-08-2026 09:46:20","2","Information","Microsoft-Windows-Servicing","Package Microsoft-Windows-MediaPlayer-en-US was successfully changed to the Staged state."
"03-08-2026 09:46:20","2","Information","Microsoft-Windows-Servicing","Package Microsoft-Windows-MediaPlayer-en-GB was successfully changed to the Staged state."
"03-08-2026 09:46:20","2","Information","Microsoft-Windows-Servicing","Package Microsoft-Windows-Licenses-Professional-Package was successfully changed to the Staged state."
"03-08-2026 09:46:20","2","Information","Microsoft-Windows-Servicing","Package Microsoft-Windows-Licenses-Professional-Package was successfully changed to the Staged state."
"03-08-2026 09:46:20","2","Information","Microsoft-Windows-Servicing","Package KB777778 was successfully changed to the Staged state."
"03-08-2026 09:46:20","2","Information","Microsoft-Windows-Servicing","Package KB777778 was successfully changed to the Staged state."
"03-08-2026 09:46:20","2","Information","Microsoft-Windows-Servicing","Package KB777778 was successfully changed to the Staged state."
"03-08-2026 09:46:20","2","Information","Microsoft-Windows-Servicing","Package KB777778 was successfully changed to the Staged state."
"03-08-2026 09:46:20","2","Information","Microsoft-Windows-Servicing","Package KB777778 was successfully changed to the Staged state."
"03-08-2026 09:46:20","2","Information","Microsoft-Windows-Servicing","Package KB777778 was successfully changed to the Staged state."
"03-08-2026 09:46:20","2","Information","Microsoft-Windows-Servicing","Package KB777778 was successfully changed to the Staged state."
"03-08-2026 09:46:20","2","Information","Microsoft-Windows-Servicing","Package KB777778 was successfully changed to the Staged state."
"03-08-2026 09:46:20","2","Information","Microsoft-Windows-Servicing","Package KB777778 was successfully changed to the Staged state."
"03-08-2026 09:46:20","2","Information","Microsoft-Windows-Servicing","Package KB777778 was successfully changed to the Staged state."
"03-08-2026 09:46:20","2","Information","Microsoft-Windows-Servicing","Package KB777778 was successfully changed to the Staged state."
"03-08-2026 09:46:20","2","Information","Microsoft-Windows-Servicing","Package Microsoft-Windows-InternetExplorer-Optional-en-US was successfully changed to the Staged state."
"03-08-2026 09:46:20","2","Information","Microsoft-Windows-Servicing","Package KB777778 was successfully changed to the Staged state."
"03-08-2026 09:46:20","2","Information","Microsoft-Windows-Servicing","Package KB777778 was successfully changed to the Staged state."
"03-08-2026 09:46:20","2","Information","Microsoft-Windows-Servicing","Package KB777778 was successfully changed to the Staged state."
"03-08-2026 09:46:20","2","Information","Microsoft-Windows-Servicing","Package KB777778 was successfully changed to the Staged state."
"03-08-2026 09:46:20","2","Information","Microsoft-Windows-Servicing","Package KB777778 was successfully changed to the Staged state."
"03-08-2026 09:46:20","2","Information","Microsoft-Windows-Servicing","Package KB777778 was successfully changed to the Staged state."
"03-08-2026 09:46:20","2","Information","Microsoft-Windows-Servicing","Package KB777778 was successfully changed to the Staged state."
"03-08-2026 09:46:20","2","Information","Microsoft-Windows-Servicing","Package KB777778 was successfully changed to the Staged state."
"03-08-2026 09:46:20","2","Information","Microsoft-Windows-Servicing","Package KB777778 was successfully changed to the Staged state."
"03-08-2026 09:46:20","2","Information","Microsoft-Windows-Servicing","Package Language Pack was successfully changed to the Staged state."
"03-08-2026 09:46:20","2","Information","Microsoft-Windows-Servicing","Package Language Pack was successfully changed to the Staged state."
"03-08-2026 09:46:20","2","Information","Microsoft-Windows-Servicing","Package KB777778 was successfully changed to the Staged state."
"03-08-2026 09:46:20","2","Information","Microsoft-Windows-Servicing","Package KB777778 was successfully changed to the Staged state."
"03-08-2026 09:46:20","2","Information","Microsoft-Windows-Servicing","Package Microsoft-Windows-ActiveDirectory-DS-LDS-Tools-FoD-en-US was successfully changed to the Staged state."
"03-08-2026 09:46:20","2","Information","Microsoft-Windows-Servicing","Package Microsoft-Windows-ActiveDirectory-DS-LDS-Tools-FoD-en-GB was successfully changed to the Staged state."
"03-08-2026 09:46:20","2","Information","Microsoft-Windows-Servicing","Package KB777778 was successfully changed to the Staged state."
"03-08-2026 09:46:20","2","Information","Microsoft-Windows-Servicing","Package KB777778 was successfully changed to the Staged state."
"03-08-2026 09:46:20","2","Information","Microsoft-Windows-Servicing","Package Windows Professional Edition was successfully changed to the Staged state."
"03-08-2026 09:46:20","2","Information","Microsoft-Windows-Servicing","Package KB5043080 was successfully changed to the Staged state."
"03-08-2026 09:46:02","1","Information","Microsoft-Windows-Servicing","Initiating changes for package KB777778. Current state is Staged. Target state is Staged. Client id: CbsTask."
"03-08-2026 09:46:02","1","Information","Microsoft-Windows-Servicing","Initiating changes for package Microsoft-Windows-TerminalServices-AppServer-Client-FOD-en-US. Current state is Staged. Target state is Staged. Client id: CbsTask."
"03-08-2026 09:46:02","1","Information","Microsoft-Windows-Servicing","Initiating changes for package KB777778. Current state is Staged. Target state is Staged. Client id: CbsTask."
"03-08-2026 09:46:02","1","Information","Microsoft-Windows-Servicing","Initiating changes for package Microsoft-Windows-TerminalServices-AppServer-Client-FOD-en-US. Current state is Staged. Target state is Staged. Client id: CbsTask."
"03-08-2026 09:46:02","1","Information","Microsoft-Windows-Servicing","Initiating changes for package KB777778. Current state is Staged. Target state is Staged. Client id: CbsTask."
"03-08-2026 09:46:02","1","Information","Microsoft-Windows-Servicing","Initiating changes for package Microsoft-Windows-SenseClient-FoD-en-US. Current state is Staged. Target state is Staged. Client id: CbsTask."
"03-08-2026 09:46:02","1","Information","Microsoft-Windows-Servicing","Initiating changes for package KB777778. Current state is Staged. Target state is Staged. Client id: CbsTask."
"03-08-2026 09:46:02","1","Information","Microsoft-Windows-Servicing","Initiating changes for package KB777778. Current state is Staged. Target state is Staged. Client id: CbsTask."
"03-08-2026 09:46:02","1","Information","Microsoft-Windows-Servicing","Initiating changes for package KB777778. Current state is Staged. Target state is Staged. Client id: CbsTask."
"03-08-2026 09:46:02","1","Information","Microsoft-Windows-Servicing","Initiating changes for package KB777778. Current state is Staged. Target state is Staged. Client id: CbsTask."
"03-08-2026 09:46:02","1","Information","Microsoft-Windows-Servicing","Initiating changes for package Microsoft-Windows-WinOcr-FOD-en-US. Current state is Staged. Target state is Staged. Client id: CbsTask."
"03-08-2026 09:46:02","1","Information","Microsoft-Windows-Servicing","Initiating changes for package KB777778. Current state is Staged. Target state is Staged. Client id: CbsTask."
"03-08-2026 09:46:02","1","Information","Microsoft-Windows-Servicing","Initiating changes for package KB777778. Current state is Staged. Target state is Staged. Client id: CbsTask."
"03-08-2026 09:46:02","1","Information","Microsoft-Windows-Servicing","Initiating changes for package KB777778. Current state is Staged. Target state is Staged. Client id: CbsTask."
"03-08-2026 09:46:02","1","Information","Microsoft-Windows-Servicing","Initiating changes for package KB777778. Current state is Staged. Target state is Staged. Client id: CbsTask."
"03-08-2026 09:46:02","1","Information","Microsoft-Windows-Servicing","Initiating changes for package KB777778. Current state is Staged. Target state is Staged. Client id: CbsTask."
"03-08-2026 09:46:02","1","Information","Microsoft-Windows-Servicing","Initiating changes for package KB777778. Current state is Staged. Target state is Staged. Client id: CbsTask."
"03-08-2026 09:46:02","1","Information","Microsoft-Windows-Servicing","Initiating changes for package KB777778. Current state is Staged. Target state is Staged. Client id: CbsTask."
"03-08-2026 09:46:02","1","Information","Microsoft-Windows-Servicing","Initiating changes for package KB777778. Current state is Staged. Target state is Staged. Client id: CbsTask."
"03-08-2026 09:46:02","1","Information","Microsoft-Windows-Servicing","Initiating changes for package KB777778. Current state is Staged. Target state is Staged. Client id: CbsTask."
"03-08-2026 09:46:02","1","Information","Microsoft-Windows-Servicing","Initiating changes for package KB777778. Current state is Staged. Target state is Staged. Client id: CbsTask."
"03-08-2026 09:46:02","1","Information","Microsoft-Windows-Servicing","Initiating changes for package KB777778. Current state is Staged. Target state is Staged. Client id: CbsTask."
"03-08-2026 09:46:02","1","Information","Microsoft-Windows-Servicing","Initiating changes for package KB777778. Current state is Staged. Target state is Staged. Client id: CbsTask."
"03-08-2026 09:46:02","1","Information","Microsoft-Windows-Servicing","Initiating changes for package KB777778. Current state is Staged. Target state is Staged. Client id: CbsTask."
"03-08-2026 09:46:02","1","Information","Microsoft-Windows-Servicing","Initiating changes for package KB777778. Current state is Staged. Target state is Staged. Client id: CbsTask."
"03-08-2026 09:46:02","1","Information","Microsoft-Windows-Servicing","Initiating changes for package KB777778. Current state is Staged. Target state is Staged. Client id: CbsTask."
"03-08-2026 09:46:02","1","Information","Microsoft-Windows-Servicing","Initiating changes for package KB777778. Current state is Staged. Target state is Staged. Client id: CbsTask."
"03-08-2026 09:46:02","1","Information","Microsoft-Windows-Servicing","Initiating changes for package KB777778. Current state is Staged. Target state is Staged. Client id: CbsTask."
"03-08-2026 09:46:02","1","Information","Microsoft-Windows-Servicing","Initiating changes for package KB777778. Current state is Staged. Target state is Staged. Client id: CbsTask."
"03-08-2026 09:46:02","1","Information","Microsoft-Windows-Servicing","Initiating changes for package KB777778. Current state is Staged. Target state is Staged. Client id: CbsTask."
"03-08-2026 09:46:02","1","Information","Microsoft-Windows-Servicing","Initiating changes for package KB777778. Current state is Staged. Target state is Staged. Client id: CbsTask."
"03-08-2026 09:46:02","1","Information","Microsoft-Windows-Servicing","Initiating changes for package KB777778. Current state is Staged. Target state is Staged. Client id: CbsTask."
"03-08-2026 09:46:02","1","Information","Microsoft-Windows-Servicing","Initiating changes for package KB777778. Current state is Staged. Target state is Staged. Client id: CbsTask."
"03-08-2026 09:46:02","1","Information","Microsoft-Windows-Servicing","Initiating changes for package KB777778. Current state is Staged. Target state is Staged. Client id: CbsTask."
"03-08-2026 09:46:02","1","Information","Microsoft-Windows-Servicing","Initiating changes for package KB777778. Current state is Staged. Target state is Staged. Client id: CbsTask."
"03-08-2026 09:46:02","1","Information","Microsoft-Windows-Servicing","Initiating changes for package KB777778. Current state is Staged. Target state is Staged. Client id: CbsTask."
"03-08-2026 09:46:02","1","Information","Microsoft-Windows-Servicing","Initiating changes for package KB777778. Current state is Staged. Target state is Staged. Client id: CbsTask."
"03-08-2026 09:46:02","1","Information","Microsoft-Windows-Servicing","Initiating changes for package KB777778. Current state is Staged. Target state is Staged. Client id: CbsTask."
"03-08-2026 09:46:02","1","Information","Microsoft-Windows-Servicing","Initiating changes for package KB777778. Current state is Staged. Target state is Staged. Client id: CbsTask."
"03-08-2026 09:46:02","1","Information","Microsoft-Windows-Servicing","Initiating changes for package KB777778. Current state is Staged. Target state is Staged. Client id: CbsTask."
"03-08-2026 09:46:02","1","Information","Microsoft-Windows-Servicing","Initiating changes for package Microsoft-Windows-VBSCRIPT-FoD-en-US. Current state is Staged. Target state is Staged. Client id: CbsTask."
"03-08-2026 09:46:02","1","Information","Microsoft-Windows-Servicing","Initiating changes for package KB777778. Current state is Staged. Target state is Staged. Client id: CbsTask."
"03-08-2026 09:46:02","1","Information","Microsoft-Windows-Servicing","Initiating changes for package Microsoft-Windows-TFTP-Client-FOD-en-US. Current state is Staged. Target state is Staged. Client id: CbsTask."
"03-08-2026 09:46:02","1","Information","Microsoft-Windows-Servicing","Initiating changes for package KB777778. Current state is Staged. Target state is Staged. Client id: CbsTask."
"03-08-2026 09:46:02","1","Information","Microsoft-Windows-Servicing","Initiating changes for package Microsoft-Windows-Telnet-Client-FOD-en-US. Current state is Staged. Target state is Staged. Client id: CbsTask."
"03-08-2026 09:46:02","1","Information","Microsoft-Windows-Servicing","Initiating changes for package KB777778. Current state is Staged. Target state is Staged. Client id: CbsTask."
"03-08-2026 09:46:02","1","Information","Microsoft-Windows-Servicing","Initiating changes for package KB777778. Current state is Staged. Target state is Staged. Client id: CbsTask."
"03-08-2026 09:46:02","1","Information","Microsoft-Windows-Servicing","Initiating changes for package KB777778. Current state is Staged. Target state is Staged. Client id: CbsTask."
"03-08-2026 09:46:02","1","Information","Microsoft-Windows-Servicing","Initiating changes for package Microsoft-Windows-StepsRecorder-en-US. Current state is Staged. Target state is Staged. Client id: CbsTask."
"03-08-2026 09:46:02","1","Information","Microsoft-Windows-Servicing","Initiating changes for package Microsoft-Windows-StepsRecorder-en-GB. Current state is Staged. Target state is Staged. Client id: CbsTask."
"03-08-2026 09:46:02","1","Information","Microsoft-Windows-Servicing","Initiating changes for package KB777778. Current state is Staged. Target state is Staged. Client id: CbsTask."
"03-08-2026 09:46:02","1","Information","Microsoft-Windows-Servicing","Initiating changes for package KB777778. Current state is Staged. Target state is Staged. Client id: CbsTask."
"03-08-2026 09:46:02","1","Information","Microsoft-Windows-Servicing","Initiating changes for package KB777778. Current state is Staged. Target state is Staged. Client id: CbsTask."
"03-08-2026 09:46:02","1","Information","Microsoft-Windows-Servicing","Initiating changes for package KB777778. Current state is Staged. Target state is Staged. Client id: CbsTask."
"03-08-2026 09:46:02","1","Information","Microsoft-Windows-Servicing","Initiating changes for package Microsoft-Windows-ServerManager-Tools-FoD-en-US. Current state is Staged. Target state is Staged. Client id: CbsTask."
"03-08-2026 09:46:02","1","Information","Microsoft-Windows-Servicing","Initiating changes for package Microsoft-Windows-ServerManager-Tools-FoD-en-GB. Current state is Staged. Target state is Staged. Client id: CbsTask."
"03-08-2026 09:46:02","1","Information","Microsoft-Windows-Servicing","Initiating changes for package KB777778. Current state is Staged. Target state is Staged. Client id: CbsTask."
"03-08-2026 09:46:02","1","Information","Microsoft-Windows-Servicing","Initiating changes for package Microsoft-Windows-ProjFS-OptionalFeature-FOD-en-US. Current state is Staged. Target state is Staged. Client id: CbsTask."
"03-08-2026 09:46:02","1","Information","Microsoft-Windows-Servicing","Initiating changes for package KB777778. Current state is Staged. Target state is Staged. Client id: CbsTask."
"03-08-2026 09:46:02","1","Information","Microsoft-Windows-Servicing","Initiating changes for package Microsoft-Windows-Printing-PMCPPC-FoD-en-US. Current state is Staged. Target state is Staged. Client id: CbsTask."
"03-08-2026 09:46:02","1","Information","Microsoft-Windows-Servicing","Initiating changes for package Microsoft-Windows-Printing-PMCPPC-FoD-en-GB. Current state is Staged. Target state is Staged. Client id: CbsTask."
"03-08-2026 09:46:02","1","Information","Microsoft-Windows-Servicing","Initiating changes for package KB777778. Current state is Staged. Target state is Staged. Client id: CbsTask."
"03-08-2026 09:46:02","1","Information","Microsoft-Windows-Servicing","Initiating changes for package KB777778. Current state is Staged. Target state is Staged. Client id: CbsTask."
"03-08-2026 09:46:02","1","Information","Microsoft-Windows-Servicing","Initiating changes for package Microsoft-Windows-PowerShell-ISE-FOD-en-US. Current state is Staged. Target state is Staged. Client id: CbsTask."
"03-08-2026 09:46:02","1","Information","Microsoft-Windows-Servicing","Initiating changes for package Microsoft-Windows-PowerShell-ISE-FOD-en-GB. Current state is Staged. Target state is Staged. Client id: CbsTask."
"03-08-2026 09:46:02","1","Information","Microsoft-Windows-Servicing","Initiating changes for package KB777778. Current state is Staged. Target state is Staged. Client id: CbsTask."
"03-08-2026 09:46:02","1","Information","Microsoft-Windows-Servicing","Initiating changes for package KB777778. Current state is Staged. Target state is Staged. Client id: CbsTask."
"03-08-2026 09:46:02","1","Information","Microsoft-Windows-Servicing","Initiating changes for package Microsoft-Windows-Notepad-System-FoD-en-US. Current state is Staged. Target state is Staged. Client id: CbsTask."
"03-08-2026 09:46:02","1","Information","Microsoft-Windows-Servicing","Initiating changes for package Microsoft-Windows-Notepad-System-FoD-en-GB. Current state is Staged. Target state is Staged. Client id: CbsTask."
"03-08-2026 09:46:02","1","Information","Microsoft-Windows-Servicing","Initiating changes for package KB777778. Current state is Staged. Target state is Staged. Client id: CbsTask."
"03-08-2026 09:46:02","1","Information","Microsoft-Windows-Servicing","Initiating changes for package KB777778. Current state is Staged. Target state is Staged. Client id: CbsTask."
"03-08-2026 09:46:02","1","Information","Microsoft-Windows-Servicing","Initiating changes for package Microsoft-Windows-MediaPlayer-en-US. Current state is Staged. Target state is Staged. Client id: CbsTask."
"03-08-2026 09:46:02","1","Information","Microsoft-Windows-Servicing","Initiating changes for package Microsoft-Windows-MediaPlayer-en-GB. Current state is Staged. Target state is Staged. Client id: CbsTask."
"03-08-2026 09:46:02","1","Information","Microsoft-Windows-Servicing","Initiating changes for package Microsoft-Windows-Licenses-Professional-Package. Current state is Staged. Target state is Staged. Client id: CbsTask."
"03-08-2026 09:46:02","1","Information","Microsoft-Windows-Servicing","Initiating changes for package Microsoft-Windows-Licenses-Professional-Package. Current state is Staged. Target state is Staged. Client id: CbsTask."
"03-08-2026 09:46:02","1","Information","Microsoft-Windows-Servicing","Initiating changes for package KB777778. Current state is Staged. Target state is Staged. Client id: CbsTask."
"03-08-2026 09:46:02","1","Information","Microsoft-Windows-Servicing","Initiating changes for package KB777778. Current state is Staged. Target state is Staged. Client id: CbsTask."
"03-08-2026 09:46:02","1","Information","Microsoft-Windows-Servicing","Initiating changes for package KB777778. Current state is Staged. Target state is Staged. Client id: CbsTask."
"03-08-2026 09:46:02","1","Information","Microsoft-Windows-Servicing","Initiating changes for package KB777778. Current state is Staged. Target state is Staged. Client id: CbsTask."
"03-08-2026 09:46:02","1","Information","Microsoft-Windows-Servicing","Initiating changes for package KB777778. Current state is Staged. Target state is Staged. Client id: CbsTask."
"03-08-2026 09:46:02","1","Information","Microsoft-Windows-Servicing","Initiating changes for package KB777778. Current state is Staged. Target state is Staged. Client id: CbsTask."
"03-08-2026 09:46:02","1","Information","Microsoft-Windows-Servicing","Initiating changes for package KB777778. Current state is Staged. Target state is Staged. Client id: CbsTask."
"03-08-2026 09:46:02","1","Information","Microsoft-Windows-Servicing","Initiating changes for package KB777778. Current state is Staged. Target state is Staged. Client id: CbsTask."
"03-08-2026 09:46:02","1","Information","Microsoft-Windows-Servicing","Initiating changes for package KB777778. Current state is Staged. Target state is Staged. Client id: CbsTask."
"03-08-2026 09:46:02","1","Information","Microsoft-Windows-Servicing","Initiating changes for package KB777778. Current state is Staged. Target state is Staged. Client id: CbsTask."
"03-08-2026 09:46:02","1","Information","Microsoft-Windows-Servicing","Initiating changes for package KB777778. Current state is Staged. Target state is Staged. Client id: CbsTask."
"03-08-2026 09:46:02","1","Information","Microsoft-Windows-Servicing","Initiating changes for package Microsoft-Windows-InternetExplorer-Optional-en-US. Current state is Staged. Target state is Staged. Client id: CbsTask."
"03-08-2026 09:46:02","1","Information","Microsoft-Windows-Servicing","Initiating changes for package KB777778. Current state is Staged. Target state is Staged. Client id: CbsTask."
"03-08-2026 09:46:02","1","Information","Microsoft-Windows-Servicing","Initiating changes for package KB777778. Current state is Staged. Target state is Staged. Client id: CbsTask."
"03-08-2026 09:46:02","1","Information","Microsoft-Windows-Servicing","Initiating changes for package KB777778. Current state is Staged. Target state is Staged. Client id: CbsTask."
"03-08-2026 09:46:02","1","Information","Microsoft-Windows-Servicing","Initiating changes for package KB777778. Current state is Staged. Target state is Staged. Client id: CbsTask."
"03-08-2026 09:46:02","1","Information","Microsoft-Windows-Servicing","Initiating changes for package KB777778. Current state is Staged. Target state is Staged. Client id: CbsTask."
"03-08-2026 09:46:02","1","Information","Microsoft-Windows-Servicing","Initiating changes for package KB777778. Current state is Staged. Target state is Staged. Client id: CbsTask."
"03-08-2026 09:46:02","1","Information","Microsoft-Windows-Servicing","Initiating changes for package KB777778. Current state is Staged. Target state is Staged. Client id: CbsTask."
"03-08-2026 09:46:02","1","Information","Microsoft-Windows-Servicing","Initiating changes for package KB777778. Current state is Staged. Target state is Staged. Client id: CbsTask."
"03-08-2026 09:46:02","1","Information","Microsoft-Windows-Servicing","Initiating changes for package KB777778. Current state is Staged. Target state is Staged. Client id: CbsTask."
"03-08-2026 09:46:02","1","Information","Microsoft-Windows-Servicing","Initiating changes for package Language Pack. Current state is Staged. Target state is Staged. Client id: CbsTask."
"03-08-2026 09:46:02","1","Information","Microsoft-Windows-Servicing","Initiating changes for package Language Pack. Current state is Staged. Target state is Staged. Client id: CbsTask."
"03-08-2026 09:46:02","1","Information","Microsoft-Windows-Servicing","Initiating changes for package KB777778. Current state is Staged. Target state is Staged. Client id: CbsTask."
"03-08-2026 09:46:02","1","Information","Microsoft-Windows-Servicing","Initiating changes for package KB777778. Current state is Staged. Target state is Staged. Client id: CbsTask."
"03-08-2026 09:46:02","1","Information","Microsoft-Windows-Servicing","Initiating changes for package Microsoft-Windows-ActiveDirectory-DS-LDS-Tools-FoD-en-US. Current state is Staged. Target state is Staged. Client id: CbsTask."
"03-08-2026 09:46:02","1","Information","Microsoft-Windows-Servicing","Initiating changes for package Microsoft-Windows-ActiveDirectory-DS-LDS-Tools-FoD-en-GB. Current state is Staged. Target state is Staged. Client id: CbsTask."
"03-08-2026 09:46:02","1","Information","Microsoft-Windows-Servicing","Initiating changes for package KB777778. Current state is Staged. Target state is Staged. Client id: CbsTask."
"03-08-2026 09:46:02","1","Information","Microsoft-Windows-Servicing","Initiating changes for package KB777778. Current state is Staged. Target state is Staged. Client id: CbsTask."
"03-08-2026 09:46:02","1","Information","Microsoft-Windows-Servicing","Initiating changes for package Windows Professional Edition. Current state is Staged. Target state is Staged. Client id: CbsTask."
"03-08-2026 09:46:02","1","Information","Microsoft-Windows-Servicing","Initiating changes for package KB5043080. Current state is Staged. Target state is Staged. Client id: CbsTask."
"03-08-2026 09:45:56","2","Information","Microsoft-Windows-Servicing","Package KB777778 was successfully changed to the Staged state."
"03-08-2026 09:45:56","2","Information","Microsoft-Windows-Servicing","Package Microsoft-Windows-TerminalServices-AppServer-Client-FOD-en-US was successfully changed to the Staged state."
"03-08-2026 09:45:56","2","Information","Microsoft-Windows-Servicing","Package KB777778 was successfully changed to the Staged state."
"03-08-2026 09:45:56","2","Information","Microsoft-Windows-Servicing","Package Microsoft-Windows-TerminalServices-AppServer-Client-FOD-en-US was successfully changed to the Staged state."
"03-08-2026 09:45:56","2","Information","Microsoft-Windows-Servicing","Package KB777778 was successfully changed to the Staged state."
"03-08-2026 09:45:56","2","Information","Microsoft-Windows-Servicing","Package Microsoft-Windows-SenseClient-FoD-en-US was successfully changed to the Staged state."
"03-08-2026 09:45:56","2","Information","Microsoft-Windows-Servicing","Package KB777778 was successfully changed to the Staged state."
"03-08-2026 09:45:56","2","Information","Microsoft-Windows-Servicing","Package KB777778 was successfully changed to the Staged state."
"03-08-2026 09:45:56","2","Information","Microsoft-Windows-Servicing","Package KB777778 was successfully changed to the Staged state."
"03-08-2026 09:45:56","2","Information","Microsoft-Windows-Servicing","Package KB777778 was successfully changed to the Staged state."
"03-08-2026 09:45:56","2","Information","Microsoft-Windows-Servicing","Package Microsoft-Windows-WinOcr-FOD-en-US was successfully changed to the Staged state."
"03-08-2026 09:45:56","2","Information","Microsoft-Windows-Servicing","Package KB777778 was successfully changed to the Staged state."
"03-08-2026 09:45:56","2","Information","Microsoft-Windows-Servicing","Package KB777778 was successfully changed to the Staged state."
"03-08-2026 09:45:56","2","Information","Microsoft-Windows-Servicing","Package KB777778 was successfully changed to the Staged state."
"03-08-2026 09:45:56","2","Information","Microsoft-Windows-Servicing","Package KB777778 was successfully changed to the Staged state."
"03-08-2026 09:45:56","2","Information","Microsoft-Windows-Servicing","Package KB777778 was successfully changed to the Staged state."
"03-08-2026 09:45:56","2","Information","Microsoft-Windows-Servicing","Package KB777778 was successfully changed to the Staged state."
"03-08-2026 09:45:56","2","Information","Microsoft-Windows-Servicing","Package KB777778 was successfully changed to the Staged state."
"03-08-2026 09:45:56","2","Information","Microsoft-Windows-Servicing","Package KB777778 was successfully changed to the Staged state."
"03-08-2026 09:45:56","2","Information","Microsoft-Windows-Servicing","Package KB777778 was successfully changed to the Staged state."
"03-08-2026 09:45:56","2","Information","Microsoft-Windows-Servicing","Package KB777778 was successfully changed to the Staged state."
"03-08-2026 09:45:56","2","Information","Microsoft-Windows-Servicing","Package KB777778 was successfully changed to the Staged state."
"03-08-2026 09:45:56","2","Information","Microsoft-Windows-Servicing","Package KB777778 was successfully changed to the Staged state."
"03-08-2026 09:45:56","2","Information","Microsoft-Windows-Servicing","Package KB777778 was successfully changed to the Staged state."
"03-08-2026 09:45:56","2","Information","Microsoft-Windows-Servicing","Package KB777778 was successfully changed to the Staged state."
"03-08-2026 09:45:56","2","Information","Microsoft-Windows-Servicing","Package KB777778 was successfully changed to the Staged state."
"03-08-2026 09:45:56","2","Information","Microsoft-Windows-Servicing","Package KB777778 was successfully changed to the Staged state."
"03-08-2026 09:45:56","2","Information","Microsoft-Windows-Servicing","Package KB777778 was successfully changed to the Staged state."
"03-08-2026 09:45:56","2","Information","Microsoft-Windows-Servicing","Package KB777778 was successfully changed to the Staged state."
"03-08-2026 09:45:56","2","Information","Microsoft-Windows-Servicing","Package KB777778 was successfully changed to the Staged state."
"03-08-2026 09:45:56","2","Information","Microsoft-Windows-Servicing","Package KB777778 was successfully changed to the Staged state."
"03-08-2026 09:45:56","2","Information","Microsoft-Windows-Servicing","Package KB777778 was successfully changed to the Staged state."
"03-08-2026 09:45:56","2","Information","Microsoft-Windows-Servicing","Package KB777778 was successfully changed to the Staged state."
"03-08-2026 09:45:56","2","Information","Microsoft-Windows-Servicing","Package KB777778 was successfully changed to the Staged state."
"03-08-2026 09:45:56","2","Information","Microsoft-Windows-Servicing","Package KB777778 was successfully changed to the Staged state."
"03-08-2026 09:45:56","2","Information","Microsoft-Windows-Servicing","Package KB777778 was successfully changed to the Staged state."
"03-08-2026 09:45:56","2","Information","Microsoft-Windows-Servicing","Package KB777778 was successfully changed to the Staged state."
"03-08-2026 09:45:56","2","Information","Microsoft-Windows-Servicing","Package KB777778 was successfully changed to the Staged state."
"03-08-2026 09:45:56","2","Information","Microsoft-Windows-Servicing","Package KB777778 was successfully changed to the Staged state."
"03-08-2026 09:45:56","2","Information","Microsoft-Windows-Servicing","Package KB777778 was successfully changed to the Staged state."
"03-08-2026 09:45:56","2","Information","Microsoft-Windows-Servicing","Package Microsoft-Windows-VBSCRIPT-FoD-en-US was successfully changed to the Staged state."
"03-08-2026 09:45:56","2","Information","Microsoft-Windows-Servicing","Package KB777778 was successfully changed to the Staged state."
"03-08-2026 09:45:56","2","Information","Microsoft-Windows-Servicing","Package Microsoft-Windows-TFTP-Client-FOD-en-US was successfully changed to the Staged state."
"03-08-2026 09:45:56","2","Information","Microsoft-Windows-Servicing","Package KB777778 was successfully changed to the Staged state."
"03-08-2026 09:45:56","2","Information","Microsoft-Windows-Servicing","Package Microsoft-Windows-Telnet-Client-FOD-en-US was successfully changed to the Staged state."
"03-08-2026 09:45:56","2","Information","Microsoft-Windows-Servicing","Package KB777778 was successfully changed to the Staged state."
"03-08-2026 09:45:56","2","Information","Microsoft-Windows-Servicing","Package KB777778 was successfully changed to the Staged state."
"03-08-2026 09:45:56","2","Information","Microsoft-Windows-Servicing","Package KB777778 was successfully changed to the Staged state."
"03-08-2026 09:45:56","2","Information","Microsoft-Windows-Servicing","Package Microsoft-Windows-StepsRecorder-en-US was successfully changed to the Staged state."
"03-08-2026 09:45:56","2","Information","Microsoft-Windows-Servicing","Package Microsoft-Windows-StepsRecorder-en-GB was successfully changed to the Staged state."
"03-08-2026 09:45:56","2","Information","Microsoft-Windows-Servicing","Package KB777778 was successfully changed to the Staged state."
"03-08-2026 09:45:56","2","Information","Microsoft-Windows-Servicing","Package KB777778 was successfully changed to the Staged state."
"03-08-2026 09:45:56","2","Information","Microsoft-Windows-Servicing","Package KB777778 was successfully changed to the Staged state."
"03-08-2026 09:45:56","2","Information","Microsoft-Windows-Servicing","Package KB777778 was successfully changed to the Staged state."
"03-08-2026 09:45:56","2","Information","Microsoft-Windows-Servicing","Package Microsoft-Windows-ServerManager-Tools-FoD-en-US was successfully changed to the Staged state."
"03-08-2026 09:45:56","2","Information","Microsoft-Windows-Servicing","Package Microsoft-Windows-ServerManager-Tools-FoD-en-GB was successfully changed to the Staged state."
"03-08-2026 09:45:56","2","Information","Microsoft-Windows-Servicing","Package KB777778 was successfully changed to the Staged state."
"03-08-2026 09:45:56","2","Information","Microsoft-Windows-Servicing","Package Microsoft-Windows-ProjFS-OptionalFeature-FOD-en-US was successfully changed to the Staged state."
"03-08-2026 09:45:56","2","Information","Microsoft-Windows-Servicing","Package KB777778 was successfully changed to the Staged state."
"03-08-2026 09:45:56","2","Information","Microsoft-Windows-Servicing","Package Microsoft-Windows-Printing-PMCPPC-FoD-en-US was successfully changed to the Staged state."
"03-08-2026 09:45:56","2","Information","Microsoft-Windows-Servicing","Package Microsoft-Windows-Printing-PMCPPC-FoD-en-GB was successfully changed to the Staged state."
"03-08-2026 09:45:56","2","Information","Microsoft-Windows-Servicing","Package KB777778 was successfully changed to the Staged state."
"03-08-2026 09:45:56","2","Information","Microsoft-Windows-Servicing","Package KB777778 was successfully changed to the Staged state."
"03-08-2026 09:45:56","2","Information","Microsoft-Windows-Servicing","Package Microsoft-Windows-PowerShell-ISE-FOD-en-US was successfully changed to the Staged state."
"03-08-2026 09:45:56","2","Information","Microsoft-Windows-Servicing","Package Microsoft-Windows-PowerShell-ISE-FOD-en-GB was successfully changed to the Staged state."
"03-08-2026 09:45:56","2","Information","Microsoft-Windows-Servicing","Package KB777778 was successfully changed to the Staged state."
"03-08-2026 09:45:56","2","Information","Microsoft-Windows-Servicing","Package KB777778 was successfully changed to the Staged state."
"03-08-2026 09:45:56","2","Information","Microsoft-Windows-Servicing","Package Microsoft-Windows-Notepad-System-FoD-en-US was successfully changed to the Staged state."
"03-08-2026 09:45:56","2","Information","Microsoft-Windows-Servicing","Package Microsoft-Windows-Notepad-System-FoD-en-GB was successfully changed to the Staged state."
"03-08-2026 09:45:56","2","Information","Microsoft-Windows-Servicing","Package KB777778 was successfully changed to the Staged state."
"03-08-2026 09:45:56","2","Information","Microsoft-Windows-Servicing","Package KB777778 was successfully changed to the Staged state."
"03-08-2026 09:45:56","2","Information","Microsoft-Windows-Servicing","Package Microsoft-Windows-MediaPlayer-en-US was successfully changed to the Staged state."
"03-08-2026 09:45:56","2","Information","Microsoft-Windows-Servicing","Package Microsoft-Windows-MediaPlayer-en-GB was successfully changed to the Staged state."
"03-08-2026 09:45:56","2","Information","Microsoft-Windows-Servicing","Package Microsoft-Windows-Licenses-Professional-Package was successfully changed to the Staged state."
"03-08-2026 09:45:56","2","Information","Microsoft-Windows-Servicing","Package Microsoft-Windows-Licenses-Professional-Package was successfully changed to the Staged state."
"03-08-2026 09:45:56","2","Information","Microsoft-Windows-Servicing","Package KB777778 was successfully changed to the Staged state."
"03-08-2026 09:45:56","2","Information","Microsoft-Windows-Servicing","Package KB777778 was successfully changed to the Staged state."
"03-08-2026 09:45:56","2","Information","Microsoft-Windows-Servicing","Package KB777778 was successfully changed to the Staged state."
"03-08-2026 09:45:56","2","Information","Microsoft-Windows-Servicing","Package KB777778 was successfully changed to the Staged state."
"03-08-2026 09:45:56","2","Information","Microsoft-Windows-Servicing","Package KB777778 was successfully changed to the Staged state."
"03-08-2026 09:45:56","2","Information","Microsoft-Windows-Servicing","Package KB777778 was successfully changed to the Staged state."
"03-08-2026 09:45:56","2","Information","Microsoft-Windows-Servicing","Package KB777778 was successfully changed to the Staged state."
"03-08-2026 09:45:56","2","Information","Microsoft-Windows-Servicing","Package KB777778 was successfully changed to the Staged state."
"03-08-2026 09:45:56","2","Information","Microsoft-Windows-Servicing","Package KB777778 was successfully changed to the Staged state."
"03-08-2026 09:45:56","2","Information","Microsoft-Windows-Servicing","Package KB777778 was successfully changed to the Staged state."
"03-08-2026 09:45:56","2","Information","Microsoft-Windows-Servicing","Package KB777778 was successfully changed to the Staged state."
"03-08-2026 09:45:56","2","Information","Microsoft-Windows-Servicing","Package Microsoft-Windows-InternetExplorer-Optional-en-US was successfully changed to the Staged state."
"03-08-2026 09:45:56","2","Information","Microsoft-Windows-Servicing","Package KB777778 was successfully changed to the Staged state."
"03-08-2026 09:45:56","2","Information","Microsoft-Windows-Servicing","Package KB777778 was successfully changed to the Staged state."
"03-08-2026 09:45:56","2","Information","Microsoft-Windows-Servicing","Package KB777778 was successfully changed to the Staged state."
"03-08-2026 09:45:56","2","Information","Microsoft-Windows-Servicing","Package KB777778 was successfully changed to the Staged state."
"03-08-2026 09:45:56","2","Information","Microsoft-Windows-Servicing","Package KB777778 was successfully changed to the Staged state."
"03-08-2026 09:45:56","2","Information","Microsoft-Windows-Servicing","Package KB777778 was successfully changed to the Staged state."
"03-08-2026 09:45:56","2","Information","Microsoft-Windows-Servicing","Package KB777778 was successfully changed to the Staged state."
"03-08-2026 09:45:56","2","Information","Microsoft-Windows-Servicing","Package KB777778 was successfully changed to the Staged state."
"03-08-2026 09:45:56","2","Information","Microsoft-Windows-Servicing","Package KB777778 was successfully changed to the Staged state."
"03-08-2026 09:45:56","2","Information","Microsoft-Windows-Servicing","Package Language Pack was successfully changed to the Staged state."
"03-08-2026 09:45:56","2","Information","Microsoft-Windows-Servicing","Package Language Pack was successfully changed to the Staged state."
"03-08-2026 09:45:56","2","Information","Microsoft-Windows-Servicing","Package KB777778 was successfully changed to the Staged state."
"03-08-2026 09:45:56","2","Information","Microsoft-Windows-Servicing","Package KB777778 was successfully changed to the Staged state."
"03-08-2026 09:45:56","2","Information","Microsoft-Windows-Servicing","Package Microsoft-Windows-ActiveDirectory-DS-LDS-Tools-FoD-en-US was successfully changed to the Staged state."
"03-08-2026 09:45:56","2","Information","Microsoft-Windows-Servicing","Package Microsoft-Windows-ActiveDirectory-DS-LDS-Tools-FoD-en-GB was successfully changed to the Staged state."
"03-08-2026 09:45:56","2","Information","Microsoft-Windows-Servicing","Package KB777778 was successfully changed to the Staged state."
"03-08-2026 09:45:56","2","Information","Microsoft-Windows-Servicing","Package KB777778 was successfully changed to the Staged state."
"03-08-2026 09:45:56","2","Information","Microsoft-Windows-Servicing","Package Windows Professional Edition was successfully changed to the Staged state."
"03-08-2026 09:45:56","2","Information","Microsoft-Windows-Servicing","Package KB5043080 was successfully changed to the Staged state."
"03-08-2026 09:45:36","1","Information","Microsoft-Windows-Servicing","Initiating changes for package KB777778. Current state is Staged. Target state is Staged. Client id: CbsTask."
"03-08-2026 09:45:36","1","Information","Microsoft-Windows-Servicing","Initiating changes for package Microsoft-Windows-TerminalServices-AppServer-Client-FOD-en-US. Current state is Staged. Target state is Staged. Client id: CbsTask."
"03-08-2026 09:45:36","1","Information","Microsoft-Windows-Servicing","Initiating changes for package KB777778. Current state is Staged. Target state is Staged. Client id: CbsTask."
"03-08-2026 09:45:36","1","Information","Microsoft-Windows-Servicing","Initiating changes for package Microsoft-Windows-TerminalServices-AppServer-Client-FOD-en-US. Current state is Staged. Target state is Staged. Client id: CbsTask."
"03-08-2026 09:45:36","1","Information","Microsoft-Windows-Servicing","Initiating changes for package KB777778. Current state is Staged. Target state is Staged. Client id: CbsTask."
"03-08-2026 09:45:36","1","Information","Microsoft-Windows-Servicing","Initiating changes for package Microsoft-Windows-SenseClient-FoD-en-US. Current state is Staged. Target state is Staged. Client id: CbsTask."
"03-08-2026 09:45:36","1","Information","Microsoft-Windows-Servicing","Initiating changes for package KB777778. Current state is Staged. Target state is Staged. Client id: CbsTask."
"03-08-2026 09:45:36","1","Information","Microsoft-Windows-Servicing","Initiating changes for package KB777778. Current state is Staged. Target state is Staged. Client id: CbsTask."
"03-08-2026 09:45:36","1","Information","Microsoft-Windows-Servicing","Initiating changes for package KB777778. Current state is Staged. Target state is Staged. Client id: CbsTask."
"03-08-2026 09:45:36","1","Information","Microsoft-Windows-Servicing","Initiating changes for package KB777778. Current state is Staged. Target state is Staged. Client id: CbsTask."
"03-08-2026 09:45:36","1","Information","Microsoft-Windows-Servicing","Initiating changes for package Microsoft-Windows-WinOcr-FOD-en-US. Current state is Staged. Target state is Staged. Client id: CbsTask."
"03-08-2026 09:45:36","1","Information","Microsoft-Windows-Servicing","Initiating changes for package KB777778. Current state is Staged. Target state is Staged. Client id: CbsTask."
"03-08-2026 09:45:36","1","Information","Microsoft-Windows-Servicing","Initiating changes for package KB777778. Current state is Staged. Target state is Staged. Client id: CbsTask."
"03-08-2026 09:45:36","1","Information","Microsoft-Windows-Servicing","Initiating changes for package KB777778. Current state is Staged. Target state is Staged. Client id: CbsTask."
"03-08-2026 09:45:36","1","Information","Microsoft-Windows-Servicing","Initiating changes for package KB777778. Current state is Staged. Target state is Staged. Client id: CbsTask."
"03-08-2026 09:45:36","1","Information","Microsoft-Windows-Servicing","Initiating changes for package KB777778. Current state is Staged. Target state is Staged. Client id: CbsTask."
"03-08-2026 09:45:36","1","Information","Microsoft-Windows-Servicing","Initiating changes for package KB777778. Current state is Staged. Target state is Staged. Client id: CbsTask."
"03-08-2026 09:45:36","1","Information","Microsoft-Windows-Servicing","Initiating changes for package KB777778. Current state is Staged. Target state is Staged. Client id: CbsTask."
"03-08-2026 09:45:36","1","Information","Microsoft-Windows-Servicing","Initiating changes for package KB777778. Current state is Staged. Target state is Staged. Client id: CbsTask."
"03-08-2026 09:45:36","1","Information","Microsoft-Windows-Servicing","Initiating changes for package KB777778. Current state is Staged. Target state is Staged. Client id: CbsTask."
"03-08-2026 09:45:36","1","Information","Microsoft-Windows-Servicing","Initiating changes for package KB777778. Current state is Staged. Target state is Staged. Client id: CbsTask."
"03-08-2026 09:45:36","1","Information","Microsoft-Windows-Servicing","Initiating changes for package KB777778. Current state is Staged. Target state is Staged. Client id: CbsTask."
"03-08-2026 09:45:36","1","Information","Microsoft-Windows-Servicing","Initiating changes for package KB777778. Current state is Staged. Target state is Staged. Client id: CbsTask."
"03-08-2026 09:45:36","1","Information","Microsoft-Windows-Servicing","Initiating changes for package KB777778. Current state is Staged. Target state is Staged. Client id: CbsTask."
"03-08-2026 09:45:36","1","Information","Microsoft-Windows-Servicing","Initiating changes for package KB777778. Current state is Staged. Target state is Staged. Client id: CbsTask."
"03-08-2026 09:45:36","1","Information","Microsoft-Windows-Servicing","Initiating changes for package KB777778. Current state is Staged. Target state is Staged. Client id: CbsTask."
"03-08-2026 09:45:36","1","Information","Microsoft-Windows-Servicing","Initiating changes for package KB777778. Current state is Staged. Target state is Staged. Client id: CbsTask."
"03-08-2026 09:45:36","1","Information","Microsoft-Windows-Servicing","Initiating changes for package KB777778. Current state is Staged. Target state is Staged. Client id: CbsTask."
"03-08-2026 09:45:36","1","Information","Microsoft-Windows-Servicing","Initiating changes for package KB777778. Current state is Staged. Target state is Staged. Client id: CbsTask."
"03-08-2026 09:45:36","1","Information","Microsoft-Windows-Servicing","Initiating changes for package KB777778. Current state is Staged. Target state is Staged. Client id: CbsTask."
"03-08-2026 09:45:36","1","Information","Microsoft-Windows-Servicing","Initiating changes for package KB777778. Current state is Staged. Target state is Staged. Client id: CbsTask."
"03-08-2026 09:45:36","1","Information","Microsoft-Windows-Servicing","Initiating changes for package KB777778. Current state is Staged. Target state is Staged. Client id: CbsTask."
"03-08-2026 09:45:36","1","Information","Microsoft-Windows-Servicing","Initiating changes for package KB777778. Current state is Staged. Target state is Staged. Client id: CbsTask."
"03-08-2026 09:45:36","1","Information","Microsoft-Windows-Servicing","Initiating changes for package KB777778. Current state is Staged. Target state is Staged. Client id: CbsTask."
"03-08-2026 09:45:36","1","Information","Microsoft-Windows-Servicing","Initiating changes for package KB777778. Current state is Staged. Target state is Staged. Client id: CbsTask."
"03-08-2026 09:45:36","1","Information","Microsoft-Windows-Servicing","Initiating changes for package KB777778. Current state is Staged. Target state is Staged. Client id: CbsTask."
"03-08-2026 09:45:36","1","Information","Microsoft-Windows-Servicing","Initiating changes for package KB777778. Current state is Staged. Target state is Staged. Client id: CbsTask."
"03-08-2026 09:45:36","1","Information","Microsoft-Windows-Servicing","Initiating changes for package KB777778. Current state is Staged. Target state is Staged. Client id: CbsTask."
"03-08-2026 09:45:36","1","Information","Microsoft-Windows-Servicing","Initiating changes for package KB777778. Current state is Staged. Target state is Staged. Client id: CbsTask."
"03-08-2026 09:45:36","1","Information","Microsoft-Windows-Servicing","Initiating changes for package KB777778. Current state is Staged. Target state is Staged. Client id: CbsTask."
"03-08-2026 09:45:36","1","Information","Microsoft-Windows-Servicing","Initiating changes for package Microsoft-Windows-VBSCRIPT-FoD-en-US. Current state is Staged. Target state is Staged. Client id: CbsTask."
"03-08-2026 09:45:36","1","Information","Microsoft-Windows-Servicing","Initiating changes for package KB777778. Current state is Staged. Target state is Staged. Client id: CbsTask."
"03-08-2026 09:45:36","1","Information","Microsoft-Windows-Servicing","Initiating changes for package Microsoft-Windows-TFTP-Client-FOD-en-US. Current state is Staged. Target state is Staged. Client id: CbsTask."
"03-08-2026 09:45:36","1","Information","Microsoft-Windows-Servicing","Initiating changes for package KB777778. Current state is Staged. Target state is Staged. Client id: CbsTask."
"03-08-2026 09:45:36","1","Information","Microsoft-Windows-Servicing","Initiating changes for package Microsoft-Windows-Telnet-Client-FOD-en-US. Current state is Staged. Target state is Staged. Client id: CbsTask."
"03-08-2026 09:45:36","1","Information","Microsoft-Windows-Servicing","Initiating changes for package KB777778. Current state is Staged. Target state is Staged. Client id: CbsTask."
"03-08-2026 09:45:36","1","Information","Microsoft-Windows-Servicing","Initiating changes for package KB777778. Current state is Staged. Target state is Staged. Client id: CbsTask."
"03-08-2026 09:45:36","1","Information","Microsoft-Windows-Servicing","Initiating changes for package KB777778. Current state is Staged. Target state is Staged. Client id: CbsTask."
"03-08-2026 09:45:36","1","Information","Microsoft-Windows-Servicing","Initiating changes for package Microsoft-Windows-StepsRecorder-en-US. Current state is Staged. Target state is Staged. Client id: CbsTask."
"03-08-2026 09:45:36","1","Information","Microsoft-Windows-Servicing","Initiating changes for package Microsoft-Windows-StepsRecorder-en-GB. Current state is Staged. Target state is Staged. Client id: CbsTask."
"03-08-2026 09:45:36","1","Information","Microsoft-Windows-Servicing","Initiating changes for package KB777778. Current state is Staged. Target state is Staged. Client id: CbsTask."
"03-08-2026 09:45:36","1","Information","Microsoft-Windows-Servicing","Initiating changes for package KB777778. Current state is Staged. Target state is Staged. Client id: CbsTask."
"03-08-2026 09:45:36","1","Information","Microsoft-Windows-Servicing","Initiating changes for package KB777778. Current state is Staged. Target state is Staged. Client id: CbsTask."
"03-08-2026 09:45:36","1","Information","Microsoft-Windows-Servicing","Initiating changes for package KB777778. Current state is Staged. Target state is Staged. Client id: CbsTask."
"03-08-2026 09:45:36","1","Information","Microsoft-Windows-Servicing","Initiating changes for package Microsoft-Windows-ServerManager-Tools-FoD-en-US. Current state is Staged. Target state is Staged. Client id: CbsTask."
"03-08-2026 09:45:36","1","Information","Microsoft-Windows-Servicing","Initiating changes for package Microsoft-Windows-ServerManager-Tools-FoD-en-GB. Current state is Staged. Target state is Staged. Client id: CbsTask."
"03-08-2026 09:45:36","1","Information","Microsoft-Windows-Servicing","Initiating changes for package KB777778. Current state is Staged. Target state is Staged. Client id: CbsTask."
"03-08-2026 09:45:36","1","Information","Microsoft-Windows-Servicing","Initiating changes for package Microsoft-Windows-ProjFS-OptionalFeature-FOD-en-US. Current state is Staged. Target state is Staged. Client id: CbsTask."
"03-08-2026 09:45:36","1","Information","Microsoft-Windows-Servicing","Initiating changes for package KB777778. Current state is Staged. Target state is Staged. Client id: CbsTask."
"03-08-2026 09:45:36","1","Information","Microsoft-Windows-Servicing","Initiating changes for package Microsoft-Windows-Printing-PMCPPC-FoD-en-US. Current state is Staged. Target state is Staged. Client id: CbsTask."
"03-08-2026 09:45:36","1","Information","Microsoft-Windows-Servicing","Initiating changes for package Microsoft-Windows-Printing-PMCPPC-FoD-en-GB. Current state is Staged. Target state is Staged. Client id: CbsTask."
"03-08-2026 09:45:36","1","Information","Microsoft-Windows-Servicing","Initiating changes for package KB777778. Current state is Staged. Target state is Staged. Client id: CbsTask."
"03-08-2026 09:45:36","1","Information","Microsoft-Windows-Servicing","Initiating changes for package KB777778. Current state is Staged. Target state is Staged. Client id: CbsTask."
"03-08-2026 09:45:36","1","Information","Microsoft-Windows-Servicing","Initiating changes for package Microsoft-Windows-PowerShell-ISE-FOD-en-US. Current state is Staged. Target state is Staged. Client id: CbsTask."
"03-08-2026 09:45:36","1","Information","Microsoft-Windows-Servicing","Initiating changes for package Microsoft-Windows-PowerShell-ISE-FOD-en-GB. Current state is Staged. Target state is Staged. Client id: CbsTask."
"03-08-2026 09:45:36","1","Information","Microsoft-Windows-Servicing","Initiating changes for package KB777778. Current state is Staged. Target state is Staged. Client id: CbsTask."
"03-08-2026 09:45:36","1","Information","Microsoft-Windows-Servicing","Initiating changes for package KB777778. Current state is Staged. Target state is Staged. Client id: CbsTask."
"03-08-2026 09:45:36","1","Information","Microsoft-Windows-Servicing","Initiating changes for package Microsoft-Windows-Notepad-System-FoD-en-US. Current state is Staged. Target state is Staged. Client id: CbsTask."
"03-08-2026 09:45:36","1","Information","Microsoft-Windows-Servicing","Initiating changes for package Microsoft-Windows-Notepad-System-FoD-en-GB. Current state is Staged. Target state is Staged. Client id: CbsTask."
"03-08-2026 09:45:36","1","Information","Microsoft-Windows-Servicing","Initiating changes for package KB777778. Current state is Staged. Target state is Staged. Client id: CbsTask."
"03-08-2026 09:45:36","1","Information","Microsoft-Windows-Servicing","Initiating changes for package KB777778. Current state is Staged. Target state is Staged. Client id: CbsTask."
"03-08-2026 09:45:36","1","Information","Microsoft-Windows-Servicing","Initiating changes for package Microsoft-Windows-MediaPlayer-en-US. Current state is Staged. Target state is Staged. Client id: CbsTask."
"03-08-2026 09:45:36","1","Information","Microsoft-Windows-Servicing","Initiating changes for package Microsoft-Windows-MediaPlayer-en-GB. Current state is Staged. Target state is Staged. Client id: CbsTask."
"03-08-2026 09:45:36","1","Information","Microsoft-Windows-Servicing","Initiating changes for package Microsoft-Windows-Licenses-Professional-Package. Current state is Staged. Target state is Staged. Client id: CbsTask."
"03-08-2026 09:45:36","1","Information","Microsoft-Windows-Servicing","Initiating changes for package Microsoft-Windows-Licenses-Professional-Package. Current state is Staged. Target state is Staged. Client id: CbsTask."
"03-08-2026 09:45:36","1","Information","Microsoft-Windows-Servicing","Initiating changes for package KB777778. Current state is Staged. Target state is Staged. Client id: CbsTask."
"03-08-2026 09:45:36","1","Information","Microsoft-Windows-Servicing","Initiating changes for package KB777778. Current state is Staged. Target state is Staged. Client id: CbsTask."
"03-08-2026 09:45:36","1","Information","Microsoft-Windows-Servicing","Initiating changes for package KB777778. Current state is Staged. Target state is Staged. Client id: CbsTask."
"03-08-2026 09:45:36","1","Information","Microsoft-Windows-Servicing","Initiating changes for package KB777778. Current state is Staged. Target state is Staged. Client id: CbsTask."
"03-08-2026 09:45:36","1","Information","Microsoft-Windows-Servicing","Initiating changes for package KB777778. Current state is Staged. Target state is Staged. Client id: CbsTask."
"03-08-2026 09:45:36","1","Information","Microsoft-Windows-Servicing","Initiating changes for package KB777778. Current state is Staged. Target state is Staged. Client id: CbsTask."
"03-08-2026 09:45:36","1","Information","Microsoft-Windows-Servicing","Initiating changes for package KB777778. Current state is Staged. Target state is Staged. Client id: CbsTask."
"03-08-2026 09:45:36","1","Information","Microsoft-Windows-Servicing","Initiating changes for package KB777778. Current state is Staged. Target state is Staged. Client id: CbsTask."
"03-08-2026 09:45:36","1","Information","Microsoft-Windows-Servicing","Initiating changes for package KB777778. Current state is Staged. Target state is Staged. Client id: CbsTask."
"03-08-2026 09:45:36","1","Information","Microsoft-Windows-Servicing","Initiating changes for package KB777778. Current state is Staged. Target state is Staged. Client id: CbsTask."
"03-08-2026 09:45:36","1","Information","Microsoft-Windows-Servicing","Initiating changes for package KB777778. Current state is Staged. Target state is Staged. Client id: CbsTask."
"03-08-2026 09:45:36","1","Information","Microsoft-Windows-Servicing","Initiating changes for package Microsoft-Windows-InternetExplorer-Optional-en-US. Current state is Staged. Target state is Staged. Client id: CbsTask."
"03-08-2026 09:45:36","1","Information","Microsoft-Windows-Servicing","Initiating changes for package KB777778. Current state is Staged. Target state is Staged. Client id: CbsTask."
"03-08-2026 09:45:36","1","Information","Microsoft-Windows-Servicing","Initiating changes for package KB777778. Current state is Staged. Target state is Staged. Client id: CbsTask."
"03-08-2026 09:45:36","1","Information","Microsoft-Windows-Servicing","Initiating changes for package KB777778. Current state is Staged. Target state is Staged. Client id: CbsTask."
"03-08-2026 09:45:36","1","Information","Microsoft-Windows-Servicing","Initiating changes for package KB777778. Current state is Staged. Target state is Staged. Client id: CbsTask."
"03-08-2026 09:45:36","1","Information","Microsoft-Windows-Servicing","Initiating changes for package KB777778. Current state is Staged. Target state is Staged. Client id: CbsTask."
"03-08-2026 09:45:36","1","Information","Microsoft-Windows-Servicing","Initiating changes for package KB777778. Current state is Staged. Target state is Staged. Client id: CbsTask."
"03-08-2026 09:45:36","1","Information","Microsoft-Windows-Servicing","Initiating changes for package KB777778. Current state is Staged. Target state is Staged. Client id: CbsTask."
"03-08-2026 09:45:36","1","Information","Microsoft-Windows-Servicing","Initiating changes for package KB777778. Current state is Staged. Target state is Staged. Client id: CbsTask."
"03-08-2026 09:45:36","1","Information","Microsoft-Windows-Servicing","Initiating changes for package KB777778. Current state is Staged. Target state is Staged. Client id: CbsTask."
"03-08-2026 09:45:36","1","Information","Microsoft-Windows-Servicing","Initiating changes for package Language Pack. Current state is Staged. Target state is Staged. Client id: CbsTask."
"03-08-2026 09:45:36","1","Information","Microsoft-Windows-Servicing","Initiating changes for package Language Pack. Current state is Staged. Target state is Staged. Client id: CbsTask."
"03-08-2026 09:45:36","1","Information","Microsoft-Windows-Servicing","Initiating changes for package KB777778. Current state is Staged. Target state is Staged. Client id: CbsTask."
"03-08-2026 09:45:36","1","Information","Microsoft-Windows-Servicing","Initiating changes for package KB777778. Current state is Staged. Target state is Staged. Client id: CbsTask."
"03-08-2026 09:45:36","1","Information","Microsoft-Windows-Servicing","Initiating changes for package Microsoft-Windows-ActiveDirectory-DS-LDS-Tools-FoD-en-US. Current state is Staged. Target state is Staged. Client id: CbsTask."
"03-08-2026 09:45:36","1","Information","Microsoft-Windows-Servicing","Initiating changes for package Microsoft-Windows-ActiveDirectory-DS-LDS-Tools-FoD-en-GB. Current state is Staged. Target state is Staged. Client id: CbsTask."
"03-08-2026 09:45:36","1","Information","Microsoft-Windows-Servicing","Initiating changes for package KB777778. Current state is Staged. Target state is Staged. Client id: CbsTask."
"03-08-2026 09:45:36","1","Information","Microsoft-Windows-Servicing","Initiating changes for package KB777778. Current state is Staged. Target state is Staged. Client id: CbsTask."
"03-08-2026 09:45:36","1","Information","Microsoft-Windows-Servicing","Initiating changes for package Windows Professional Edition. Current state is Staged. Target state is Staged. Client id: CbsTask."
"03-08-2026 09:45:36","1","Information","Microsoft-Windows-Servicing","Initiating changes for package KB5043080. Current state is Staged. Target state is Staged. Client id: CbsTask."
"03-08-2026 09:45:29","2","Information","Microsoft-Windows-Servicing","Package KB777778 was successfully changed to the Staged state."
"03-08-2026 09:45:29","2","Information","Microsoft-Windows-Servicing","Package Microsoft-Windows-TerminalServices-AppServer-Client-FOD-en-US was successfully changed to the Staged state."
"03-08-2026 09:45:29","2","Information","Microsoft-Windows-Servicing","Package KB777778 was successfully changed to the Staged state."
"03-08-2026 09:45:29","2","Information","Microsoft-Windows-Servicing","Package Microsoft-Windows-TerminalServices-AppServer-Client-FOD-en-US was successfully changed to the Staged state."
"03-08-2026 09:45:29","2","Information","Microsoft-Windows-Servicing","Package KB777778 was successfully changed to the Staged state."
"03-08-2026 09:45:29","2","Information","Microsoft-Windows-Servicing","Package Microsoft-Windows-SenseClient-FoD-en-US was successfully changed to the Staged state."
"03-08-2026 09:45:29","2","Information","Microsoft-Windows-Servicing","Package KB777778 was successfully changed to the Staged state."
"03-08-2026 09:45:29","2","Information","Microsoft-Windows-Servicing","Package KB777778 was successfully changed to the Staged state."
"03-08-2026 09:45:29","2","Information","Microsoft-Windows-Servicing","Package KB777778 was successfully changed to the Staged state."
"03-08-2026 09:45:29","2","Information","Microsoft-Windows-Servicing","Package KB777778 was successfully changed to the Staged state."
"03-08-2026 09:45:29","2","Information","Microsoft-Windows-Servicing","Package Microsoft-Windows-WinOcr-FOD-en-US was successfully changed to the Staged state."
"03-08-2026 09:45:29","2","Information","Microsoft-Windows-Servicing","Package KB777778 was successfully changed to the Staged state."
"03-08-2026 09:45:29","2","Information","Microsoft-Windows-Servicing","Package KB777778 was successfully changed to the Staged state."
"03-08-2026 09:45:29","2","Information","Microsoft-Windows-Servicing","Package KB777778 was successfully changed to the Staged state."
"03-08-2026 09:45:29","2","Information","Microsoft-Windows-Servicing","Package KB777778 was successfully changed to the Staged state."
"03-08-2026 09:45:29","2","Information","Microsoft-Windows-Servicing","Package KB777778 was successfully changed to the Staged state."
"03-08-2026 09:45:29","2","Information","Microsoft-Windows-Servicing","Package KB777778 was successfully changed to the Staged state."
"03-08-2026 09:45:29","2","Information","Microsoft-Windows-Servicing","Package KB777778 was successfully changed to the Staged state."
"03-08-2026 09:45:29","2","Information","Microsoft-Windows-Servicing","Package KB777778 was successfully changed to the Staged state."
"03-08-2026 09:45:29","2","Information","Microsoft-Windows-Servicing","Package KB777778 was successfully changed to the Staged state."
"03-08-2026 09:45:29","2","Information","Microsoft-Windows-Servicing","Package KB777778 was successfully changed to the Staged state."
"03-08-2026 09:45:29","2","Information","Microsoft-Windows-Servicing","Package KB777778 was successfully changed to the Staged state."
"03-08-2026 09:45:29","2","Information","Microsoft-Windows-Servicing","Package KB777778 was successfully changed to the Staged state."
"03-08-2026 09:45:29","2","Information","Microsoft-Windows-Servicing","Package KB777778 was successfully changed to the Staged state."
"03-08-2026 09:45:29","2","Information","Microsoft-Windows-Servicing","Package KB777778 was successfully changed to the Staged state."
"03-08-2026 09:45:29","2","Information","Microsoft-Windows-Servicing","Package KB777778 was successfully changed to the Staged state."
"03-08-2026 09:45:29","2","Information","Microsoft-Windows-Servicing","Package KB777778 was successfully changed to the Staged state."
"03-08-2026 09:45:29","2","Information","Microsoft-Windows-Servicing","Package KB777778 was successfully changed to the Staged state."
"03-08-2026 09:45:29","2","Information","Microsoft-Windows-Servicing","Package KB777778 was successfully changed to the Staged state."
"03-08-2026 09:45:29","2","Information","Microsoft-Windows-Servicing","Package KB777778 was successfully changed to the Staged state."
"03-08-2026 09:45:29","2","Information","Microsoft-Windows-Servicing","Package KB777778 was successfully changed to the Staged state."
"03-08-2026 09:45:29","2","Information","Microsoft-Windows-Servicing","Package KB777778 was successfully changed to the Staged state."
"03-08-2026 09:45:29","2","Information","Microsoft-Windows-Servicing","Package KB777778 was successfully changed to the Staged state."
"03-08-2026 09:45:29","2","Information","Microsoft-Windows-Servicing","Package KB777778 was successfully changed to the Staged state."
"03-08-2026 09:45:29","2","Information","Microsoft-Windows-Servicing","Package KB777778 was successfully changed to the Staged state."
"03-08-2026 09:45:29","2","Information","Microsoft-Windows-Servicing","Package KB777778 was successfully changed to the Staged state."
"03-08-2026 09:45:29","2","Information","Microsoft-Windows-Servicing","Package KB777778 was successfully changed to the Staged state."
"03-08-2026 09:45:29","2","Information","Microsoft-Windows-Servicing","Package KB777778 was successfully changed to the Staged state."
"03-08-2026 09:45:29","2","Information","Microsoft-Windows-Servicing","Package KB777778 was successfully changed to the Staged state."
"03-08-2026 09:45:29","2","Information","Microsoft-Windows-Servicing","Package KB777778 was successfully changed to the Staged state."
"03-08-2026 09:45:29","2","Information","Microsoft-Windows-Servicing","Package Microsoft-Windows-VBSCRIPT-FoD-en-US was successfully changed to the Staged state."
"03-08-2026 09:45:29","2","Information","Microsoft-Windows-Servicing","Package KB777778 was successfully changed to the Staged state."
"03-08-2026 09:45:29","2","Information","Microsoft-Windows-Servicing","Package Microsoft-Windows-TFTP-Client-FOD-en-US was successfully changed to the Staged state."
"03-08-2026 09:45:29","2","Information","Microsoft-Windows-Servicing","Package KB777778 was successfully changed to the Staged state."
"03-08-2026 09:45:29","2","Information","Microsoft-Windows-Servicing","Package Microsoft-Windows-Telnet-Client-FOD-en-US was successfully changed to the Staged state."
"03-08-2026 09:45:29","2","Information","Microsoft-Windows-Servicing","Package KB777778 was successfully changed to the Staged state."
"03-08-2026 09:45:29","2","Information","Microsoft-Windows-Servicing","Package KB777778 was successfully changed to the Staged state."
"03-08-2026 09:45:29","2","Information","Microsoft-Windows-Servicing","Package KB777778 was successfully changed to the Staged state."
"03-08-2026 09:45:29","2","Information","Microsoft-Windows-Servicing","Package Microsoft-Windows-StepsRecorder-en-US was successfully changed to the Staged state."
"03-08-2026 09:45:29","2","Information","Microsoft-Windows-Servicing","Package Microsoft-Windows-StepsRecorder-en-GB was successfully changed to the Staged state."
"03-08-2026 09:45:29","2","Information","Microsoft-Windows-Servicing","Package KB777778 was successfully changed to the Staged state."
"03-08-2026 09:45:29","2","Information","Microsoft-Windows-Servicing","Package KB777778 was successfully changed to the Staged state."
"03-08-2026 09:45:29","2","Information","Microsoft-Windows-Servicing","Package KB777778 was successfully changed to the Staged state."
"03-08-2026 09:45:29","2","Information","Microsoft-Windows-Servicing","Package KB777778 was successfully changed to the Staged state."
"03-08-2026 09:45:29","2","Information","Microsoft-Windows-Servicing","Package Microsoft-Windows-ServerManager-Tools-FoD-en-US was successfully changed to the Staged state."
"03-08-2026 09:45:29","2","Information","Microsoft-Windows-Servicing","Package Microsoft-Windows-ServerManager-Tools-FoD-en-GB was successfully changed to the Staged state."
"03-08-2026 09:45:29","2","Information","Microsoft-Windows-Servicing","Package KB777778 was successfully changed to the Staged state."
"03-08-2026 09:45:29","2","Information","Microsoft-Windows-Servicing","Package Microsoft-Windows-ProjFS-OptionalFeature-FOD-en-US was successfully changed to the Staged state."
"03-08-2026 09:45:29","2","Information","Microsoft-Windows-Servicing","Package KB777778 was successfully changed to the Staged state."
"03-08-2026 09:45:29","2","Information","Microsoft-Windows-Servicing","Package Microsoft-Windows-Printing-PMCPPC-FoD-en-US was successfully changed to the Staged state."
"03-08-2026 09:45:29","2","Information","Microsoft-Windows-Servicing","Package Microsoft-Windows-Printing-PMCPPC-FoD-en-GB was successfully changed to the Staged state."
"03-08-2026 09:45:29","2","Information","Microsoft-Windows-Servicing","Package KB777778 was successfully changed to the Staged state."
"03-08-2026 09:45:29","2","Information","Microsoft-Windows-Servicing","Package KB777778 was successfully changed to the Staged state."
"03-08-2026 09:45:29","2","Information","Microsoft-Windows-Servicing","Package Microsoft-Windows-PowerShell-ISE-FOD-en-US was successfully changed to the Staged state."
"03-08-2026 09:45:29","2","Information","Microsoft-Windows-Servicing","Package Microsoft-Windows-PowerShell-ISE-FOD-en-GB was successfully changed to the Staged state."
"03-08-2026 09:45:29","2","Information","Microsoft-Windows-Servicing","Package KB777778 was successfully changed to the Staged state."
"03-08-2026 09:45:29","2","Information","Microsoft-Windows-Servicing","Package KB777778 was successfully changed to the Staged state."
"03-08-2026 09:45:29","2","Information","Microsoft-Windows-Servicing","Package Microsoft-Windows-Notepad-System-FoD-en-US was successfully changed to the Staged state."
"03-08-2026 09:45:29","2","Information","Microsoft-Windows-Servicing","Package Microsoft-Windows-Notepad-System-FoD-en-GB was successfully changed to the Staged state."
"03-08-2026 09:45:29","2","Information","Microsoft-Windows-Servicing","Package KB777778 was successfully changed to the Staged state."
"03-08-2026 09:45:29","2","Information","Microsoft-Windows-Servicing","Package KB777778 was successfully changed to the Staged state."
"03-08-2026 09:45:29","2","Information","Microsoft-Windows-Servicing","Package Microsoft-Windows-MediaPlayer-en-US was successfully changed to the Staged state."
"03-08-2026 09:45:29","2","Information","Microsoft-Windows-Servicing","Package Microsoft-Windows-MediaPlayer-en-GB was successfully changed to the Staged state."
"03-08-2026 09:45:29","2","Information","Microsoft-Windows-Servicing","Package Microsoft-Windows-Licenses-Professional-Package was successfully changed to the Staged state."
"03-08-2026 09:45:29","2","Information","Microsoft-Windows-Servicing","Package Microsoft-Windows-Licenses-Professional-Package was successfully changed to the Staged state."
"03-08-2026 09:45:29","2","Information","Microsoft-Windows-Servicing","Package KB777778 was successfully changed to the Staged state."
"03-08-2026 09:45:29","2","Information","Microsoft-Windows-Servicing","Package KB777778 was successfully changed to the Staged state."
"03-08-2026 09:45:29","2","Information","Microsoft-Windows-Servicing","Package KB777778 was successfully changed to the Staged state."
"03-08-2026 09:45:29","2","Information","Microsoft-Windows-Servicing","Package KB777778 was successfully changed to the Staged state."
"03-08-2026 09:45:29","2","Information","Microsoft-Windows-Servicing","Package KB777778 was successfully changed to the Staged state."
"03-08-2026 09:45:29","2","Information","Microsoft-Windows-Servicing","Package KB777778 was successfully changed to the Staged state."
"03-08-2026 09:45:29","2","Information","Microsoft-Windows-Servicing","Package KB777778 was successfully changed to the Staged state."
"03-08-2026 09:45:29","2","Information","Microsoft-Windows-Servicing","Package KB777778 was successfully changed to the Staged state."
"03-08-2026 09:45:29","2","Information","Microsoft-Windows-Servicing","Package KB777778 was successfully changed to the Staged state."
"03-08-2026 09:45:29","2","Information","Microsoft-Windows-Servicing","Package KB777778 was successfully changed to the Staged state."
"03-08-2026 09:45:29","2","Information","Microsoft-Windows-Servicing","Package KB777778 was successfully changed to the Staged state."
"03-08-2026 09:45:29","2","Information","Microsoft-Windows-Servicing","Package Microsoft-Windows-InternetExplorer-Optional-en-US was successfully changed to the Staged state."
"03-08-2026 09:45:29","2","Information","Microsoft-Windows-Servicing","Package KB777778 was successfully changed to the Staged state."
"03-08-2026 09:45:29","2","Information","Microsoft-Windows-Servicing","Package KB777778 was successfully changed to the Staged state."
"03-08-2026 09:45:29","2","Information","Microsoft-Windows-Servicing","Package KB777778 was successfully changed to the Staged state."
"03-08-2026 09:45:29","2","Information","Microsoft-Windows-Servicing","Package KB777778 was successfully changed to the Staged state."
"03-08-2026 09:45:29","2","Information","Microsoft-Windows-Servicing","Package KB777778 was successfully changed to the Staged state."
"03-08-2026 09:45:29","2","Information","Microsoft-Windows-Servicing","Package KB777778 was successfully changed to the Staged state."
"03-08-2026 09:45:29","2","Information","Microsoft-Windows-Servicing","Package KB777778 was successfully changed to the Staged state."
"03-08-2026 09:45:29","2","Information","Microsoft-Windows-Servicing","Package KB777778 was successfully changed to the Staged state."
"03-08-2026 09:45:29","2","Information","Microsoft-Windows-Servicing","Package KB777778 was successfully changed to the Staged state."
"03-08-2026 09:45:29","2","Information","Microsoft-Windows-Servicing","Package Language Pack was successfully changed to the Staged state."
"03-08-2026 09:45:29","2","Information","Microsoft-Windows-Servicing","Package Language Pack was successfully changed to the Staged state."
"03-08-2026 09:45:29","2","Information","Microsoft-Windows-Servicing","Package KB777778 was successfully changed to the Staged state."
"03-08-2026 09:45:29","2","Information","Microsoft-Windows-Servicing","Package KB777778 was successfully changed to the Staged state."
"03-08-2026 09:45:29","2","Information","Microsoft-Windows-Servicing","Package Microsoft-Windows-ActiveDirectory-DS-LDS-Tools-FoD-en-US was successfully changed to the Staged state."
"03-08-2026 09:45:29","2","Information","Microsoft-Windows-Servicing","Package Microsoft-Windows-ActiveDirectory-DS-LDS-Tools-FoD-en-GB was successfully changed to the Staged state."
"03-08-2026 09:45:29","2","Information","Microsoft-Windows-Servicing","Package KB777778 was successfully changed to the Staged state."
"03-08-2026 09:45:29","2","Information","Microsoft-Windows-Servicing","Package KB777778 was successfully changed to the Staged state."
"03-08-2026 09:45:29","2","Information","Microsoft-Windows-Servicing","Package Windows Professional Edition was successfully changed to the Staged state."
"03-08-2026 09:45:29","2","Information","Microsoft-Windows-Servicing","Package KB5043080 was successfully changed to the Staged state."
"03-08-2026 09:45:09","1","Information","Microsoft-Windows-Servicing","Initiating changes for package KB777778. Current state is Staged. Target state is Staged. Client id: CbsTask."
"03-08-2026 09:45:09","1","Information","Microsoft-Windows-Servicing","Initiating changes for package Microsoft-Windows-TerminalServices-AppServer-Client-FOD-en-US. Current state is Staged. Target state is Staged. Client id: CbsTask."
"03-08-2026 09:45:09","1","Information","Microsoft-Windows-Servicing","Initiating changes for package KB777778. Current state is Staged. Target state is Staged. Client id: CbsTask."
"03-08-2026 09:45:09","1","Information","Microsoft-Windows-Servicing","Initiating changes for package Microsoft-Windows-TerminalServices-AppServer-Client-FOD-en-US. Current state is Staged. Target state is Staged. Client id: CbsTask."
"03-08-2026 09:45:09","1","Information","Microsoft-Windows-Servicing","Initiating changes for package KB777778. Current state is Staged. Target state is Staged. Client id: CbsTask."
"03-08-2026 09:45:09","1","Information","Microsoft-Windows-Servicing","Initiating changes for package Microsoft-Windows-SenseClient-FoD-en-US. Current state is Staged. Target state is Staged. Client id: CbsTask."
"03-08-2026 09:45:09","1","Information","Microsoft-Windows-Servicing","Initiating changes for package KB777778. Current state is Staged. Target state is Staged. Client id: CbsTask."
"03-08-2026 09:45:09","1","Information","Microsoft-Windows-Servicing","Initiating changes for package KB777778. Current state is Staged. Target state is Staged. Client id: CbsTask."
"03-08-2026 09:45:09","1","Information","Microsoft-Windows-Servicing","Initiating changes for package KB777778. Current state is Staged. Target state is Staged. Client id: CbsTask."
"03-08-2026 09:45:09","1","Information","Microsoft-Windows-Servicing","Initiating changes for package KB777778. Current state is Staged. Target state is Staged. Client id: CbsTask."
"03-08-2026 09:45:09","1","Information","Microsoft-Windows-Servicing","Initiating changes for package Microsoft-Windows-WinOcr-FOD-en-US. Current state is Staged. Target state is Staged. Client id: CbsTask."
"03-08-2026 09:45:09","1","Information","Microsoft-Windows-Servicing","Initiating changes for package KB777778. Current state is Staged. Target state is Staged. Client id: CbsTask."
"03-08-2026 09:45:09","1","Information","Microsoft-Windows-Servicing","Initiating changes for package KB777778. Current state is Staged. Target state is Staged. Client id: CbsTask."
"03-08-2026 09:45:09","1","Information","Microsoft-Windows-Servicing","Initiating changes for package KB777778. Current state is Staged. Target state is Staged. Client id: CbsTask."
"03-08-2026 09:45:09","1","Information","Microsoft-Windows-Servicing","Initiating changes for package KB777778. Current state is Staged. Target state is Staged. Client id: CbsTask."
"03-08-2026 09:45:09","1","Information","Microsoft-Windows-Servicing","Initiating changes for package KB777778. Current state is Staged. Target state is Staged. Client id: CbsTask."
"03-08-2026 09:45:09","1","Information","Microsoft-Windows-Servicing","Initiating changes for package KB777778. Current state is Staged. Target state is Staged. Client id: CbsTask."
"03-08-2026 09:45:09","1","Information","Microsoft-Windows-Servicing","Initiating changes for package KB777778. Current state is Staged. Target state is Staged. Client id: CbsTask."
"03-08-2026 09:45:09","1","Information","Microsoft-Windows-Servicing","Initiating changes for package KB777778. Current state is Staged. Target state is Staged. Client id: CbsTask."
"03-08-2026 09:45:09","1","Information","Microsoft-Windows-Servicing","Initiating changes for package KB777778. Current state is Staged. Target state is Staged. Client id: CbsTask."
"03-08-2026 09:45:09","1","Information","Microsoft-Windows-Servicing","Initiating changes for package KB777778. Current state is Staged. Target state is Staged. Client id: CbsTask."
"03-08-2026 09:45:09","1","Information","Microsoft-Windows-Servicing","Initiating changes for package KB777778. Current state is Staged. Target state is Staged. Client id: CbsTask."
"03-08-2026 09:45:09","1","Information","Microsoft-Windows-Servicing","Initiating changes for package KB777778. Current state is Staged. Target state is Staged. Client id: CbsTask."
"03-08-2026 09:45:09","1","Information","Microsoft-Windows-Servicing","Initiating changes for package KB777778. Current state is Staged. Target state is Staged. Client id: CbsTask."
"03-08-2026 09:45:09","1","Information","Microsoft-Windows-Servicing","Initiating changes for package KB777778. Current state is Staged. Target state is Staged. Client id: CbsTask."
"03-08-2026 09:45:09","1","Information","Microsoft-Windows-Servicing","Initiating changes for package KB777778. Current state is Staged. Target state is Staged. Client id: CbsTask."
"03-08-2026 09:45:09","1","Information","Microsoft-Windows-Servicing","Initiating changes for package KB777778. Current state is Staged. Target state is Staged. Client id: CbsTask."
"03-08-2026 09:45:09","1","Information","Microsoft-Windows-Servicing","Initiating changes for package KB777778. Current state is Staged. Target state is Staged. Client id: CbsTask."
"03-08-2026 09:45:09","1","Information","Microsoft-Windows-Servicing","Initiating changes for package KB777778. Current state is Staged. Target state is Staged. Client id: CbsTask."
"03-08-2026 09:45:09","1","Information","Microsoft-Windows-Servicing","Initiating changes for package KB777778. Current state is Staged. Target state is Staged. Client id: CbsTask."
"03-08-2026 09:45:09","1","Information","Microsoft-Windows-Servicing","Initiating changes for package KB777778. Current state is Staged. Target state is Staged. Client id: CbsTask."
"03-08-2026 09:45:09","1","Information","Microsoft-Windows-Servicing","Initiating changes for package KB777778. Current state is Staged. Target state is Staged. Client id: CbsTask."
"03-08-2026 09:45:09","1","Information","Microsoft-Windows-Servicing","Initiating changes for package KB777778. Current state is Staged. Target state is Staged. Client id: CbsTask."
"03-08-2026 09:45:09","1","Information","Microsoft-Windows-Servicing","Initiating changes for package KB777778. Current state is Staged. Target state is Staged. Client id: CbsTask."
"03-08-2026 09:45:09","1","Information","Microsoft-Windows-Servicing","Initiating changes for package KB777778. Current state is Staged. Target state is Staged. Client id: CbsTask."
"03-08-2026 09:45:09","1","Information","Microsoft-Windows-Servicing","Initiating changes for package KB777778. Current state is Staged. Target state is Staged. Client id: CbsTask."
"03-08-2026 09:45:09","1","Information","Microsoft-Windows-Servicing","Initiating changes for package KB777778. Current state is Staged. Target state is Staged. Client id: CbsTask."
"03-08-2026 09:45:09","1","Information","Microsoft-Windows-Servicing","Initiating changes for package KB777778. Current state is Staged. Target state is Staged. Client id: CbsTask."
"03-08-2026 09:45:09","1","Information","Microsoft-Windows-Servicing","Initiating changes for package KB777778. Current state is Staged. Target state is Staged. Client id: CbsTask."
"03-08-2026 09:45:09","1","Information","Microsoft-Windows-Servicing","Initiating changes for package KB777778. Current state is Staged. Target state is Staged. Client id: CbsTask."
"03-08-2026 09:45:09","1","Information","Microsoft-Windows-Servicing","Initiating changes for package Microsoft-Windows-VBSCRIPT-FoD-en-US. Current state is Staged. Target state is Staged. Client id: CbsTask."
"03-08-2026 09:45:09","1","Information","Microsoft-Windows-Servicing","Initiating changes for package KB777778. Current state is Staged. Target state is Staged. Client id: CbsTask."
"03-08-2026 09:45:09","1","Information","Microsoft-Windows-Servicing","Initiating changes for package Microsoft-Windows-TFTP-Client-FOD-en-US. Current state is Staged. Target state is Staged. Client id: CbsTask."
"03-08-2026 09:45:09","1","Information","Microsoft-Windows-Servicing","Initiating changes for package KB777778. Current state is Staged. Target state is Staged. Client id: CbsTask."
"03-08-2026 09:45:09","1","Information","Microsoft-Windows-Servicing","Initiating changes for package Microsoft-Windows-Telnet-Client-FOD-en-US. Current state is Staged. Target state is Staged. Client id: CbsTask."
"03-08-2026 09:45:09","1","Information","Microsoft-Windows-Servicing","Initiating changes for package KB777778. Current state is Staged. Target state is Staged. Client id: CbsTask."
"03-08-2026 09:45:09","1","Information","Microsoft-Windows-Servicing","Initiating changes for package KB777778. Current state is Staged. Target state is Staged. Client id: CbsTask."
"03-08-2026 09:45:09","1","Information","Microsoft-Windows-Servicing","Initiating changes for package KB777778. Current state is Staged. Target state is Staged. Client id: CbsTask."
"03-08-2026 09:45:09","1","Information","Microsoft-Windows-Servicing","Initiating changes for package Microsoft-Windows-StepsRecorder-en-US. Current state is Staged. Target state is Staged. Client id: CbsTask."
"03-08-2026 09:45:09","1","Information","Microsoft-Windows-Servicing","Initiating changes for package Microsoft-Windows-StepsRecorder-en-GB. Current state is Staged. Target state is Staged. Client id: CbsTask."
"03-08-2026 09:45:09","1","Information","Microsoft-Windows-Servicing","Initiating changes for package KB777778. Current state is Staged. Target state is Staged. Client id: CbsTask."
"03-08-2026 09:45:09","1","Information","Microsoft-Windows-Servicing","Initiating changes for package KB777778. Current state is Staged. Target state is Staged. Client id: CbsTask."
"03-08-2026 09:45:09","1","Information","Microsoft-Windows-Servicing","Initiating changes for package KB777778. Current state is Staged. Target state is Staged. Client id: CbsTask."
"03-08-2026 09:45:09","1","Information","Microsoft-Windows-Servicing","Initiating changes for package KB777778. Current state is Staged. Target state is Staged. Client id: CbsTask."
"03-08-2026 09:45:09","1","Information","Microsoft-Windows-Servicing","Initiating changes for package Microsoft-Windows-ServerManager-Tools-FoD-en-US. Current state is Staged. Target state is Staged. Client id: CbsTask."
"03-08-2026 09:45:09","1","Information","Microsoft-Windows-Servicing","Initiating changes for package Microsoft-Windows-ServerManager-Tools-FoD-en-GB. Current state is Staged. Target state is Staged. Client id: CbsTask."
"03-08-2026 09:45:09","1","Information","Microsoft-Windows-Servicing","Initiating changes for package KB777778. Current state is Staged. Target state is Staged. Client id: CbsTask."
"03-08-2026 09:45:09","1","Information","Microsoft-Windows-Servicing","Initiating changes for package Microsoft-Windows-ProjFS-OptionalFeature-FOD-en-US. Current state is Staged. Target state is Staged. Client id: CbsTask."
"03-08-2026 09:45:09","1","Information","Microsoft-Windows-Servicing","Initiating changes for package KB777778. Current state is Staged. Target state is Staged. Client id: CbsTask."
"03-08-2026 09:45:09","1","Information","Microsoft-Windows-Servicing","Initiating changes for package Microsoft-Windows-Printing-PMCPPC-FoD-en-US. Current state is Staged. Target state is Staged. Client id: CbsTask."
"03-08-2026 09:45:09","1","Information","Microsoft-Windows-Servicing","Initiating changes for package Microsoft-Windows-Printing-PMCPPC-FoD-en-GB. Current state is Staged. Target state is Staged. Client id: CbsTask."
"03-08-2026 09:45:09","1","Information","Microsoft-Windows-Servicing","Initiating changes for package KB777778. Current state is Staged. Target state is Staged. Client id: CbsTask."
"03-08-2026 09:45:09","1","Information","Microsoft-Windows-Servicing","Initiating changes for package KB777778. Current state is Staged. Target state is Staged. Client id: CbsTask."
"03-08-2026 09:45:09","1","Information","Microsoft-Windows-Servicing","Initiating changes for package Microsoft-Windows-PowerShell-ISE-FOD-en-US. Current state is Staged. Target state is Staged. Client id: CbsTask."
"03-08-2026 09:45:09","1","Information","Microsoft-Windows-Servicing","Initiating changes for package Microsoft-Windows-PowerShell-ISE-FOD-en-GB. Current state is Staged. Target state is Staged. Client id: CbsTask."
"03-08-2026 09:45:09","1","Information","Microsoft-Windows-Servicing","Initiating changes for package KB777778. Current state is Staged. Target state is Staged. Client id: CbsTask."
"03-08-2026 09:45:09","1","Information","Microsoft-Windows-Servicing","Initiating changes for package KB777778. Current state is Staged. Target state is Staged. Client id: CbsTask."
"03-08-2026 09:45:09","1","Information","Microsoft-Windows-Servicing","Initiating changes for package Microsoft-Windows-Notepad-System-FoD-en-US. Current state is Staged. Target state is Staged. Client id: CbsTask."
"03-08-2026 09:45:09","1","Information","Microsoft-Windows-Servicing","Initiating changes for package Microsoft-Windows-Notepad-System-FoD-en-GB. Current state is Staged. Target state is Staged. Client id: CbsTask."
"03-08-2026 09:45:09","1","Information","Microsoft-Windows-Servicing","Initiating changes for package KB777778. Current state is Staged. Target state is Staged. Client id: CbsTask."
"03-08-2026 09:45:09","1","Information","Microsoft-Windows-Servicing","Initiating changes for package KB777778. Current state is Staged. Target state is Staged. Client id: CbsTask."
"03-08-2026 09:45:09","1","Information","Microsoft-Windows-Servicing","Initiating changes for package Microsoft-Windows-MediaPlayer-en-US. Current state is Staged. Target state is Staged. Client id: CbsTask."
"03-08-2026 09:45:09","1","Information","Microsoft-Windows-Servicing","Initiating changes for package Microsoft-Windows-MediaPlayer-en-GB. Current state is Staged. Target state is Staged. Client id: CbsTask."
"03-08-2026 09:45:09","1","Information","Microsoft-Windows-Servicing","Initiating changes for package Microsoft-Windows-Licenses-Professional-Package. Current state is Staged. Target state is Staged. Client id: CbsTask."
"03-08-2026 09:45:09","1","Information","Microsoft-Windows-Servicing","Initiating changes for package Microsoft-Windows-Licenses-Professional-Package. Current state is Staged. Target state is Staged. Client id: CbsTask."
"03-08-2026 09:45:09","1","Information","Microsoft-Windows-Servicing","Initiating changes for package KB777778. Current state is Staged. Target state is Staged. Client id: CbsTask."
"03-08-2026 09:45:09","1","Information","Microsoft-Windows-Servicing","Initiating changes for package KB777778. Current state is Staged. Target state is Staged. Client id: CbsTask."
"03-08-2026 09:45:09","1","Information","Microsoft-Windows-Servicing","Initiating changes for package KB777778. Current state is Staged. Target state is Staged. Client id: CbsTask."
"03-08-2026 09:45:09","1","Information","Microsoft-Windows-Servicing","Initiating changes for package KB777778. Current state is Staged. Target state is Staged. Client id: CbsTask."
"03-08-2026 09:45:09","1","Information","Microsoft-Windows-Servicing","Initiating changes for package KB777778. Current state is Staged. Target state is Staged. Client id: CbsTask."
"03-08-2026 09:45:09","1","Information","Microsoft-Windows-Servicing","Initiating changes for package KB777778. Current state is Staged. Target state is Staged. Client id: CbsTask."
"03-08-2026 09:45:09","1","Information","Microsoft-Windows-Servicing","Initiating changes for package KB777778. Current state is Staged. Target state is Staged. Client id: CbsTask."
"03-08-2026 09:45:09","1","Information","Microsoft-Windows-Servicing","Initiating changes for package KB777778. Current state is Staged. Target state is Staged. Client id: CbsTask."
"03-08-2026 09:45:09","1","Information","Microsoft-Windows-Servicing","Initiating changes for package KB777778. Current state is Staged. Target state is Staged. Client id: CbsTask."
"03-08-2026 09:45:09","1","Information","Microsoft-Windows-Servicing","Initiating changes for package KB777778. Current state is Staged. Target state is Staged. Client id: CbsTask."
"03-08-2026 09:45:09","1","Information","Microsoft-Windows-Servicing","Initiating changes for package KB777778. Current state is Staged. Target state is Staged. Client id: CbsTask."
"03-08-2026 09:45:09","1","Information","Microsoft-Windows-Servicing","Initiating changes for package Microsoft-Windows-InternetExplorer-Optional-en-US. Current state is Staged. Target state is Staged. Client id: CbsTask."
"03-08-2026 09:45:09","1","Information","Microsoft-Windows-Servicing","Initiating changes for package KB777778. Current state is Staged. Target state is Staged. Client id: CbsTask."
"03-08-2026 09:45:09","1","Information","Microsoft-Windows-Servicing","Initiating changes for package KB777778. Current state is Staged. Target state is Staged. Client id: CbsTask."
"03-08-2026 09:45:09","1","Information","Microsoft-Windows-Servicing","Initiating changes for package KB777778. Current state is Staged. Target state is Staged. Client id: CbsTask."
"03-08-2026 09:45:09","1","Information","Microsoft-Windows-Servicing","Initiating changes for package KB777778. Current state is Staged. Target state is Staged. Client id: CbsTask."
"03-08-2026 09:45:09","1","Information","Microsoft-Windows-Servicing","Initiating changes for package KB777778. Current state is Staged. Target state is Staged. Client id: CbsTask."
"03-08-2026 09:45:09","1","Information","Microsoft-Windows-Servicing","Initiating changes for package KB777778. Current state is Staged. Target state is Staged. Client id: CbsTask."
"03-08-2026 09:45:09","1","Information","Microsoft-Windows-Servicing","Initiating changes for package KB777778. Current state is Staged. Target state is Staged. Client id: CbsTask."
"03-08-2026 09:45:09","1","Information","Microsoft-Windows-Servicing","Initiating changes for package KB777778. Current state is Staged. Target state is Staged. Client id: CbsTask."
"03-08-2026 09:45:09","1","Information","Microsoft-Windows-Servicing","Initiating changes for package KB777778. Current state is Staged. Target state is Staged. Client id: CbsTask."
"03-08-2026 09:45:09","1","Information","Microsoft-Windows-Servicing","Initiating changes for package Language Pack. Current state is Staged. Target state is Staged. Client id: CbsTask."
"03-08-2026 09:45:09","1","Information","Microsoft-Windows-Servicing","Initiating changes for package Language Pack. Current state is Staged. Target state is Staged. Client id: CbsTask."
"03-08-2026 09:45:09","1","Information","Microsoft-Windows-Servicing","Initiating changes for package KB777778. Current state is Staged. Target state is Staged. Client id: CbsTask."
"03-08-2026 09:45:09","1","Information","Microsoft-Windows-Servicing","Initiating changes for package KB777778. Current state is Staged. Target state is Staged. Client id: CbsTask."
"03-08-2026 09:45:09","1","Information","Microsoft-Windows-Servicing","Initiating changes for package Microsoft-Windows-ActiveDirectory-DS-LDS-Tools-FoD-en-US. Current state is Staged. Target state is Staged. Client id: CbsTask."
"03-08-2026 09:45:09","1","Information","Microsoft-Windows-Servicing","Initiating changes for package Microsoft-Windows-ActiveDirectory-DS-LDS-Tools-FoD-en-GB. Current state is Staged. Target state is Staged. Client id: CbsTask."
"03-08-2026 09:45:09","1","Information","Microsoft-Windows-Servicing","Initiating changes for package KB777778. Current state is Staged. Target state is Staged. Client id: CbsTask."
"03-08-2026 09:45:09","1","Information","Microsoft-Windows-Servicing","Initiating changes for package KB777778. Current state is Staged. Target state is Staged. Client id: CbsTask."
"03-08-2026 09:45:09","1","Information","Microsoft-Windows-Servicing","Initiating changes for package Windows Professional Edition. Current state is Staged. Target state is Staged. Client id: CbsTask."
"03-08-2026 09:45:09","1","Information","Microsoft-Windows-Servicing","Initiating changes for package KB5043080. Current state is Staged. Target state is Staged. Client id: CbsTask."
"03-08-2026 09:45:02","2","Information","Microsoft-Windows-Servicing","Package Language Pack was successfully changed to the Absent state."
"03-08-2026 09:44:45","1","Information","Microsoft-Windows-Servicing","Initiating changes for package Language Pack. Current state is Superseded. Target state is Absent. Client id: CbsTask."
"03-08-2026 09:44:45","2","Information","Microsoft-Windows-Servicing","Package KB777778 was successfully changed to the Absent state."
"03-08-2026 09:44:45","1","Information","Microsoft-Windows-Servicing","Initiating changes for package KB777778. Current state is Superseded. Target state is Absent. Client id: CbsTask."
"03-08-2026 09:44:45","2","Information","Microsoft-Windows-Servicing","Package KB777778 was successfully changed to the Absent state."
"03-08-2026 09:44:44","1","Information","Microsoft-Windows-Servicing","Initiating changes for package KB777778. Current state is Superseded. Target state is Absent. Client id: CbsTask."
"03-08-2026 09:44:44","2","Information","Microsoft-Windows-Servicing","Package Microsoft-Windows-ActiveDirectory-DS-LDS-Tools-FoD-en-US was successfully changed to the Absent state."
"03-08-2026 09:44:44","1","Information","Microsoft-Windows-Servicing","Initiating changes for package Microsoft-Windows-ActiveDirectory-DS-LDS-Tools-FoD-en-US. Current state is Superseded. Target state is Absent. Client id: CbsTask."
"03-08-2026 09:44:44","2","Information","Microsoft-Windows-Servicing","Package Microsoft-Windows-ActiveDirectory-DS-LDS-Tools-FoD-en-GB was successfully changed to the Absent state."
"03-08-2026 09:44:43","1","Information","Microsoft-Windows-Servicing","Initiating changes for package Microsoft-Windows-ActiveDirectory-DS-LDS-Tools-FoD-en-GB. Current state is Superseded. Target state is Absent. Client id: CbsTask."
"03-08-2026 09:44:43","2","Information","Microsoft-Windows-Servicing","Package KB777778 was successfully changed to the Absent state."
"03-08-2026 09:44:42","1","Information","Microsoft-Windows-Servicing","Initiating changes for package KB777778. Current state is Superseded. Target state is Absent. Client id: CbsTask."
"03-08-2026 09:44:42","2","Information","Microsoft-Windows-Servicing","Package KB777778 was successfully changed to the Absent state."
"03-08-2026 09:44:42","1","Information","Microsoft-Windows-Servicing","Initiating changes for package KB777778. Current state is Superseded. Target state is Absent. Client id: CbsTask."
"03-08-2026 09:44:42","2","Information","Microsoft-Windows-Servicing","Package KB777778 was successfully changed to the Absent state."
"03-08-2026 09:44:39","1","Information","Microsoft-Windows-Servicing","Initiating changes for package KB777778. Current state is Superseded. Target state is Absent. Client id: CbsTask."
"03-08-2026 09:44:35","2","Information","Microsoft-Windows-Servicing","Package KB777778 was successfully changed to the Staged state."
"03-08-2026 09:44:35","2","Information","Microsoft-Windows-Servicing","Package Microsoft-Windows-TerminalServices-AppServer-Client-FOD-en-US was successfully changed to the Staged state."
"03-08-2026 09:44:35","2","Information","Microsoft-Windows-Servicing","Package KB777778 was successfully changed to the Staged state."
"03-08-2026 09:44:35","2","Information","Microsoft-Windows-Servicing","Package Microsoft-Windows-TerminalServices-AppServer-Client-FOD-en-US was successfully changed to the Staged state."
"03-08-2026 09:44:35","2","Information","Microsoft-Windows-Servicing","Package KB777778 was successfully changed to the Staged state."
"03-08-2026 09:44:35","2","Information","Microsoft-Windows-Servicing","Package Microsoft-Windows-SenseClient-FoD-en-US was successfully changed to the Staged state."
"03-08-2026 09:44:35","2","Information","Microsoft-Windows-Servicing","Package KB777778 was successfully changed to the Staged state."
"03-08-2026 09:44:35","2","Information","Microsoft-Windows-Servicing","Package KB777778 was successfully changed to the Staged state."
"03-08-2026 09:44:35","2","Information","Microsoft-Windows-Servicing","Package KB777778 was successfully changed to the Staged state."
"03-08-2026 09:44:35","2","Information","Microsoft-Windows-Servicing","Package KB777778 was successfully changed to the Staged state."
"03-08-2026 09:44:35","2","Information","Microsoft-Windows-Servicing","Package Microsoft-Windows-WinOcr-FOD-en-US was successfully changed to the Staged state."
"03-08-2026 09:44:35","2","Information","Microsoft-Windows-Servicing","Package KB777778 was successfully changed to the Staged state."
"03-08-2026 09:44:35","2","Information","Microsoft-Windows-Servicing","Package KB777778 was successfully changed to the Staged state."
"03-08-2026 09:44:35","2","Information","Microsoft-Windows-Servicing","Package KB777778 was successfully changed to the Staged state."
"03-08-2026 09:44:35","2","Information","Microsoft-Windows-Servicing","Package KB777778 was successfully changed to the Staged state."
"03-08-2026 09:44:35","2","Information","Microsoft-Windows-Servicing","Package KB777778 was successfully changed to the Staged state."
"03-08-2026 09:44:35","2","Information","Microsoft-Windows-Servicing","Package KB777778 was successfully changed to the Staged state."
"03-08-2026 09:44:35","2","Information","Microsoft-Windows-Servicing","Package KB777778 was successfully changed to the Staged state."
"03-08-2026 09:44:35","2","Information","Microsoft-Windows-Servicing","Package KB777778 was successfully changed to the Staged state."
"03-08-2026 09:44:35","2","Information","Microsoft-Windows-Servicing","Package KB777778 was successfully changed to the Staged state."
"03-08-2026 09:44:35","2","Information","Microsoft-Windows-Servicing","Package KB777778 was successfully changed to the Staged state."
"03-08-2026 09:44:35","2","Information","Microsoft-Windows-Servicing","Package KB777778 was successfully changed to the Staged state."
"03-08-2026 09:44:35","2","Information","Microsoft-Windows-Servicing","Package KB777778 was successfully changed to the Staged state."
"03-08-2026 09:44:35","2","Information","Microsoft-Windows-Servicing","Package KB777778 was successfully changed to the Staged state."
"03-08-2026 09:44:35","2","Information","Microsoft-Windows-Servicing","Package KB777778 was successfully changed to the Staged state."
"03-08-2026 09:44:35","2","Information","Microsoft-Windows-Servicing","Package KB777778 was successfully changed to the Staged state."
"03-08-2026 09:44:35","2","Information","Microsoft-Windows-Servicing","Package KB777778 was successfully changed to the Staged state."
"03-08-2026 09:44:35","2","Information","Microsoft-Windows-Servicing","Package KB777778 was successfully changed to the Staged state."
"03-08-2026 09:44:35","2","Information","Microsoft-Windows-Servicing","Package KB777778 was successfully changed to the Staged state."
"03-08-2026 09:44:35","2","Information","Microsoft-Windows-Servicing","Package KB777778 was successfully changed to the Staged state."
"03-08-2026 09:44:35","2","Information","Microsoft-Windows-Servicing","Package KB777778 was successfully changed to the Staged state."
"03-08-2026 09:44:35","2","Information","Microsoft-Windows-Servicing","Package KB777778 was successfully changed to the Staged state."
"03-08-2026 09:44:35","2","Information","Microsoft-Windows-Servicing","Package KB777778 was successfully changed to the Staged state."
"03-08-2026 09:44:35","2","Information","Microsoft-Windows-Servicing","Package KB777778 was successfully changed to the Staged state."
"03-08-2026 09:44:35","2","Information","Microsoft-Windows-Servicing","Package KB777778 was successfully changed to the Staged state."
"03-08-2026 09:44:35","2","Information","Microsoft-Windows-Servicing","Package KB777778 was successfully changed to the Staged state."
"03-08-2026 09:44:35","2","Information","Microsoft-Windows-Servicing","Package KB777778 was successfully changed to the Staged state."
"03-08-2026 09:44:35","2","Information","Microsoft-Windows-Servicing","Package KB777778 was successfully changed to the Staged state."
"03-08-2026 09:44:35","2","Information","Microsoft-Windows-Servicing","Package KB777778 was successfully changed to the Staged state."
"03-08-2026 09:44:35","2","Information","Microsoft-Windows-Servicing","Package KB777778 was successfully changed to the Staged state."
"03-08-2026 09:44:35","2","Information","Microsoft-Windows-Servicing","Package Microsoft-Windows-VBSCRIPT-FoD-en-US was successfully changed to the Staged state."
"03-08-2026 09:44:35","2","Information","Microsoft-Windows-Servicing","Package KB777778 was successfully changed to the Staged state."
"03-08-2026 09:44:35","2","Information","Microsoft-Windows-Servicing","Package Microsoft-Windows-TFTP-Client-FOD-en-US was successfully changed to the Staged state."
"03-08-2026 09:44:35","2","Information","Microsoft-Windows-Servicing","Package KB777778 was successfully changed to the Staged state."
"03-08-2026 09:44:35","2","Information","Microsoft-Windows-Servicing","Package Microsoft-Windows-Telnet-Client-FOD-en-US was successfully changed to the Staged state."
"03-08-2026 09:44:35","2","Information","Microsoft-Windows-Servicing","Package KB777778 was successfully changed to the Staged state."
"03-08-2026 09:44:35","2","Information","Microsoft-Windows-Servicing","Package KB777778 was successfully changed to the Staged state."
"03-08-2026 09:44:35","2","Information","Microsoft-Windows-Servicing","Package KB777778 was successfully changed to the Staged state."
"03-08-2026 09:44:35","2","Information","Microsoft-Windows-Servicing","Package Microsoft-Windows-StepsRecorder-en-US was successfully changed to the Staged state."
"03-08-2026 09:44:35","2","Information","Microsoft-Windows-Servicing","Package Microsoft-Windows-StepsRecorder-en-GB was successfully changed to the Staged state."
"03-08-2026 09:44:35","2","Information","Microsoft-Windows-Servicing","Package KB777778 was successfully changed to the Staged state."
"03-08-2026 09:44:35","2","Information","Microsoft-Windows-Servicing","Package KB777778 was successfully changed to the Staged state."
"03-08-2026 09:44:35","2","Information","Microsoft-Windows-Servicing","Package KB777778 was successfully changed to the Staged state."
"03-08-2026 09:44:35","2","Information","Microsoft-Windows-Servicing","Package KB777778 was successfully changed to the Staged state."
"03-08-2026 09:44:35","2","Information","Microsoft-Windows-Servicing","Package Microsoft-Windows-ServerManager-Tools-FoD-en-US was successfully changed to the Staged state."
"03-08-2026 09:44:35","2","Information","Microsoft-Windows-Servicing","Package Microsoft-Windows-ServerManager-Tools-FoD-en-GB was successfully changed to the Staged state."
"03-08-2026 09:44:35","2","Information","Microsoft-Windows-Servicing","Package KB777778 was successfully changed to the Staged state."
"03-08-2026 09:44:35","2","Information","Microsoft-Windows-Servicing","Package Microsoft-Windows-ProjFS-OptionalFeature-FOD-en-US was successfully changed to the Staged state."
"03-08-2026 09:44:35","2","Information","Microsoft-Windows-Servicing","Package KB777778 was successfully changed to the Staged state."
"03-08-2026 09:44:35","2","Information","Microsoft-Windows-Servicing","Package Microsoft-Windows-Printing-PMCPPC-FoD-en-US was successfully changed to the Staged state."
"03-08-2026 09:44:35","2","Information","Microsoft-Windows-Servicing","Package Microsoft-Windows-Printing-PMCPPC-FoD-en-GB was successfully changed to the Staged state."
"03-08-2026 09:44:35","2","Information","Microsoft-Windows-Servicing","Package KB777778 was successfully changed to the Staged state."
"03-08-2026 09:44:35","2","Information","Microsoft-Windows-Servicing","Package KB777778 was successfully changed to the Staged state."
"03-08-2026 09:44:35","2","Information","Microsoft-Windows-Servicing","Package Microsoft-Windows-PowerShell-ISE-FOD-en-US was successfully changed to the Staged state."
"03-08-2026 09:44:35","2","Information","Microsoft-Windows-Servicing","Package Microsoft-Windows-PowerShell-ISE-FOD-en-GB was successfully changed to the Staged state."
"03-08-2026 09:44:35","2","Information","Microsoft-Windows-Servicing","Package KB777778 was successfully changed to the Staged state."
"03-08-2026 09:44:35","2","Information","Microsoft-Windows-Servicing","Package KB777778 was successfully changed to the Staged state."
"03-08-2026 09:44:35","2","Information","Microsoft-Windows-Servicing","Package Microsoft-Windows-Notepad-System-FoD-en-US was successfully changed to the Staged state."
"03-08-2026 09:44:35","2","Information","Microsoft-Windows-Servicing","Package Microsoft-Windows-Notepad-System-FoD-en-GB was successfully changed to the Staged state."
"03-08-2026 09:44:35","2","Information","Microsoft-Windows-Servicing","Package KB777778 was successfully changed to the Staged state."
"03-08-2026 09:44:35","2","Information","Microsoft-Windows-Servicing","Package KB777778 was successfully changed to the Staged state."
"03-08-2026 09:44:35","2","Information","Microsoft-Windows-Servicing","Package Microsoft-Windows-MediaPlayer-en-US was successfully changed to the Staged state."
"03-08-2026 09:44:35","2","Information","Microsoft-Windows-Servicing","Package Microsoft-Windows-MediaPlayer-en-GB was successfully changed to the Staged state."
"03-08-2026 09:44:35","2","Information","Microsoft-Windows-Servicing","Package Microsoft-Windows-Licenses-Professional-Package was successfully changed to the Staged state."
"03-08-2026 09:44:35","2","Information","Microsoft-Windows-Servicing","Package Microsoft-Windows-Licenses-Professional-Package was successfully changed to the Staged state."
"03-08-2026 09:44:35","2","Information","Microsoft-Windows-Servicing","Package KB777778 was successfully changed to the Staged state."
"03-08-2026 09:44:35","2","Information","Microsoft-Windows-Servicing","Package KB777778 was successfully changed to the Staged state."
"03-08-2026 09:44:35","2","Information","Microsoft-Windows-Servicing","Package KB777778 was successfully changed to the Staged state."
"03-08-2026 09:44:35","2","Information","Microsoft-Windows-Servicing","Package KB777778 was successfully changed to the Staged state."
"03-08-2026 09:44:35","2","Information","Microsoft-Windows-Servicing","Package KB777778 was successfully changed to the Staged state."
"03-08-2026 09:44:35","2","Information","Microsoft-Windows-Servicing","Package KB777778 was successfully changed to the Staged state."
"03-08-2026 09:44:35","2","Information","Microsoft-Windows-Servicing","Package KB777778 was successfully changed to the Staged state."
"03-08-2026 09:44:35","2","Information","Microsoft-Windows-Servicing","Package KB777778 was successfully changed to the Staged state."
"03-08-2026 09:44:35","2","Information","Microsoft-Windows-Servicing","Package KB777778 was successfully changed to the Staged state."
"03-08-2026 09:44:35","2","Information","Microsoft-Windows-Servicing","Package KB777778 was successfully changed to the Staged state."
"03-08-2026 09:44:35","2","Information","Microsoft-Windows-Servicing","Package KB777778 was successfully changed to the Staged state."
"03-08-2026 09:44:35","2","Information","Microsoft-Windows-Servicing","Package Microsoft-Windows-InternetExplorer-Optional-en-US was successfully changed to the Staged state."
"03-08-2026 09:44:35","2","Information","Microsoft-Windows-Servicing","Package KB777778 was successfully changed to the Staged state."
"03-08-2026 09:44:35","2","Information","Microsoft-Windows-Servicing","Package KB777778 was successfully changed to the Staged state."
"03-08-2026 09:44:35","2","Information","Microsoft-Windows-Servicing","Package KB777778 was successfully changed to the Staged state."
"03-08-2026 09:44:35","2","Information","Microsoft-Windows-Servicing","Package KB777778 was successfully changed to the Staged state."
"03-08-2026 09:44:35","2","Information","Microsoft-Windows-Servicing","Package KB777778 was successfully changed to the Staged state."
"03-08-2026 09:44:35","2","Information","Microsoft-Windows-Servicing","Package KB777778 was successfully changed to the Staged state."
"03-08-2026 09:44:35","2","Information","Microsoft-Windows-Servicing","Package KB777778 was successfully changed to the Staged state."
"03-08-2026 09:44:35","2","Information","Microsoft-Windows-Servicing","Package KB777778 was successfully changed to the Staged state."
"03-08-2026 09:44:35","2","Information","Microsoft-Windows-Servicing","Package KB777778 was successfully changed to the Staged state."
"03-08-2026 09:44:35","2","Information","Microsoft-Windows-Servicing","Package Language Pack was successfully changed to the Staged state."
"03-08-2026 09:44:35","2","Information","Microsoft-Windows-Servicing","Package Language Pack was successfully changed to the Staged state."
"03-08-2026 09:44:35","2","Information","Microsoft-Windows-Servicing","Package KB777778 was successfully changed to the Staged state."
"03-08-2026 09:44:35","2","Information","Microsoft-Windows-Servicing","Package KB777778 was successfully changed to the Staged state."
"03-08-2026 09:44:35","2","Information","Microsoft-Windows-Servicing","Package Microsoft-Windows-ActiveDirectory-DS-LDS-Tools-FoD-en-US was successfully changed to the Staged state."
"03-08-2026 09:44:35","2","Information","Microsoft-Windows-Servicing","Package Microsoft-Windows-ActiveDirectory-DS-LDS-Tools-FoD-en-GB was successfully changed to the Staged state."
"03-08-2026 09:44:35","2","Information","Microsoft-Windows-Servicing","Package KB777778 was successfully changed to the Staged state."
"03-08-2026 09:44:35","2","Information","Microsoft-Windows-Servicing","Package KB777778 was successfully changed to the Staged state."
"03-08-2026 09:44:35","2","Information","Microsoft-Windows-Servicing","Package Windows Professional Edition was successfully changed to the Staged state."
"03-08-2026 09:44:35","2","Information","Microsoft-Windows-Servicing","Package KB5043080 was successfully changed to the Staged state."
"03-08-2026 09:44:15","1","Information","Microsoft-Windows-Servicing","Initiating changes for package KB777778. Current state is Staged. Target state is Staged. Client id: CbsTask."
"03-08-2026 09:44:15","1","Information","Microsoft-Windows-Servicing","Initiating changes for package Microsoft-Windows-TerminalServices-AppServer-Client-FOD-en-US. Current state is Staged. Target state is Staged. Client id: CbsTask."
"03-08-2026 09:44:15","1","Information","Microsoft-Windows-Servicing","Initiating changes for package KB777778. Current state is Staged. Target state is Staged. Client id: CbsTask."
"03-08-2026 09:44:15","1","Information","Microsoft-Windows-Servicing","Initiating changes for package Microsoft-Windows-TerminalServices-AppServer-Client-FOD-en-US. Current state is Staged. Target state is Staged. Client id: CbsTask."
"03-08-2026 09:44:15","1","Information","Microsoft-Windows-Servicing","Initiating changes for package KB777778. Current state is Staged. Target state is Staged. Client id: CbsTask."
"03-08-2026 09:44:15","1","Information","Microsoft-Windows-Servicing","Initiating changes for package Microsoft-Windows-SenseClient-FoD-en-US. Current state is Staged. Target state is Staged. Client id: CbsTask."
"03-08-2026 09:44:15","1","Information","Microsoft-Windows-Servicing","Initiating changes for package KB777778. Current state is Staged. Target state is Staged. Client id: CbsTask."
"03-08-2026 09:44:15","1","Information","Microsoft-Windows-Servicing","Initiating changes for package KB777778. Current state is Staged. Target state is Staged. Client id: CbsTask."
"03-08-2026 09:44:15","1","Information","Microsoft-Windows-Servicing","Initiating changes for package KB777778. Current state is Staged. Target state is Staged. Client id: CbsTask."
"03-08-2026 09:44:15","1","Information","Microsoft-Windows-Servicing","Initiating changes for package KB777778. Current state is Staged. Target state is Staged. Client id: CbsTask."
"03-08-2026 09:44:15","1","Information","Microsoft-Windows-Servicing","Initiating changes for package Microsoft-Windows-WinOcr-FOD-en-US. Current state is Staged. Target state is Staged. Client id: CbsTask."
"03-08-2026 09:44:15","1","Information","Microsoft-Windows-Servicing","Initiating changes for package KB777778. Current state is Staged. Target state is Staged. Client id: CbsTask."
"03-08-2026 09:44:15","1","Information","Microsoft-Windows-Servicing","Initiating changes for package KB777778. Current state is Staged. Target state is Staged. Client id: CbsTask."
"03-08-2026 09:44:15","1","Information","Microsoft-Windows-Servicing","Initiating changes for package KB777778. Current state is Staged. Target state is Staged. Client id: CbsTask."
"03-08-2026 09:44:15","1","Information","Microsoft-Windows-Servicing","Initiating changes for package KB777778. Current state is Staged. Target state is Staged. Client id: CbsTask."
"03-08-2026 09:44:15","1","Information","Microsoft-Windows-Servicing","Initiating changes for package KB777778. Current state is Staged. Target state is Staged. Client id: CbsTask."
"03-08-2026 09:44:15","1","Information","Microsoft-Windows-Servicing","Initiating changes for package KB777778. Current state is Staged. Target state is Staged. Client id: CbsTask."
"03-08-2026 09:44:15","1","Information","Microsoft-Windows-Servicing","Initiating changes for package KB777778. Current state is Staged. Target state is Staged. Client id: CbsTask."
"03-08-2026 09:44:15","1","Information","Microsoft-Windows-Servicing","Initiating changes for package KB777778. Current state is Staged. Target state is Staged. Client id: CbsTask."
"03-08-2026 09:44:15","1","Information","Microsoft-Windows-Servicing","Initiating changes for package KB777778. Current state is Staged. Target state is Staged. Client id: CbsTask."
"03-08-2026 09:44:15","1","Information","Microsoft-Windows-Servicing","Initiating changes for package KB777778. Current state is Staged. Target state is Staged. Client id: CbsTask."
"03-08-2026 09:44:15","1","Information","Microsoft-Windows-Servicing","Initiating changes for package KB777778. Current state is Staged. Target state is Staged. Client id: CbsTask."
"03-08-2026 09:44:15","1","Information","Microsoft-Windows-Servicing","Initiating changes for package KB777778. Current state is Staged. Target state is Staged. Client id: CbsTask."
"03-08-2026 09:44:15","1","Information","Microsoft-Windows-Servicing","Initiating changes for package KB777778. Current state is Staged. Target state is Staged. Client id: CbsTask."
"03-08-2026 09:44:15","1","Information","Microsoft-Windows-Servicing","Initiating changes for package KB777778. Current state is Staged. Target state is Staged. Client id: CbsTask."
"03-08-2026 09:44:15","1","Information","Microsoft-Windows-Servicing","Initiating changes for package KB777778. Current state is Staged. Target state is Staged. Client id: CbsTask."
"03-08-2026 09:44:15","1","Information","Microsoft-Windows-Servicing","Initiating changes for package KB777778. Current state is Staged. Target state is Staged. Client id: CbsTask."
"03-08-2026 09:44:15","1","Information","Microsoft-Windows-Servicing","Initiating changes for package KB777778. Current state is Staged. Target state is Staged. Client id: CbsTask."
"03-08-2026 09:44:15","1","Information","Microsoft-Windows-Servicing","Initiating changes for package KB777778. Current state is Staged. Target state is Staged. Client id: CbsTask."
"03-08-2026 09:44:15","1","Information","Microsoft-Windows-Servicing","Initiating changes for package KB777778. Current state is Staged. Target state is Staged. Client id: CbsTask."
"03-08-2026 09:44:15","1","Information","Microsoft-Windows-Servicing","Initiating changes for package KB777778. Current state is Staged. Target state is Staged. Client id: CbsTask."
"03-08-2026 09:44:15","1","Information","Microsoft-Windows-Servicing","Initiating changes for package KB777778. Current state is Staged. Target state is Staged. Client id: CbsTask."
"03-08-2026 09:44:15","1","Information","Microsoft-Windows-Servicing","Initiating changes for package KB777778. Current state is Staged. Target state is Staged. Client id: CbsTask."
"03-08-2026 09:44:15","1","Information","Microsoft-Windows-Servicing","Initiating changes for package KB777778. Current state is Staged. Target state is Staged. Client id: CbsTask."
"03-08-2026 09:44:15","1","Information","Microsoft-Windows-Servicing","Initiating changes for package KB777778. Current state is Staged. Target state is Staged. Client id: CbsTask."
"03-08-2026 09:44:15","1","Information","Microsoft-Windows-Servicing","Initiating changes for package KB777778. Current state is Staged. Target state is Staged. Client id: CbsTask."
"03-08-2026 09:44:15","1","Information","Microsoft-Windows-Servicing","Initiating changes for package KB777778. Current state is Staged. Target state is Staged. Client id: CbsTask."
"03-08-2026 09:44:15","1","Information","Microsoft-Windows-Servicing","Initiating changes for package KB777778. Current state is Staged. Target state is Staged. Client id: CbsTask."
"03-08-2026 09:44:15","1","Information","Microsoft-Windows-Servicing","Initiating changes for package KB777778. Current state is Staged. Target state is Staged. Client id: CbsTask."
"03-08-2026 09:44:15","1","Information","Microsoft-Windows-Servicing","Initiating changes for package KB777778. Current state is Staged. Target state is Staged. Client id: CbsTask."
"03-08-2026 09:44:15","1","Information","Microsoft-Windows-Servicing","Initiating changes for package Microsoft-Windows-VBSCRIPT-FoD-en-US. Current state is Staged. Target state is Staged. Client id: CbsTask."
"03-08-2026 09:44:15","1","Information","Microsoft-Windows-Servicing","Initiating changes for package KB777778. Current state is Staged. Target state is Staged. Client id: CbsTask."
"03-08-2026 09:44:15","1","Information","Microsoft-Windows-Servicing","Initiating changes for package Microsoft-Windows-TFTP-Client-FOD-en-US. Current state is Staged. Target state is Staged. Client id: CbsTask."
"03-08-2026 09:44:15","1","Information","Microsoft-Windows-Servicing","Initiating changes for package KB777778. Current state is Staged. Target state is Staged. Client id: CbsTask."
"03-08-2026 09:44:15","1","Information","Microsoft-Windows-Servicing","Initiating changes for package Microsoft-Windows-Telnet-Client-FOD-en-US. Current state is Staged. Target state is Staged. Client id: CbsTask."
"03-08-2026 09:44:15","1","Information","Microsoft-Windows-Servicing","Initiating changes for package KB777778. Current state is Staged. Target state is Staged. Client id: CbsTask."
"03-08-2026 09:44:15","1","Information","Microsoft-Windows-Servicing","Initiating changes for package KB777778. Current state is Staged. Target state is Staged. Client id: CbsTask."
"03-08-2026 09:44:15","1","Information","Microsoft-Windows-Servicing","Initiating changes for package KB777778. Current state is Staged. Target state is Staged. Client id: CbsTask."
"03-08-2026 09:44:15","1","Information","Microsoft-Windows-Servicing","Initiating changes for package Microsoft-Windows-StepsRecorder-en-US. Current state is Staged. Target state is Staged. Client id: CbsTask."
"03-08-2026 09:44:15","1","Information","Microsoft-Windows-Servicing","Initiating changes for package Microsoft-Windows-StepsRecorder-en-GB. Current state is Staged. Target state is Staged. Client id: CbsTask."
"03-08-2026 09:44:15","1","Information","Microsoft-Windows-Servicing","Initiating changes for package KB777778. Current state is Staged. Target state is Staged. Client id: CbsTask."
"03-08-2026 09:44:15","1","Information","Microsoft-Windows-Servicing","Initiating changes for package KB777778. Current state is Staged. Target state is Staged. Client id: CbsTask."
"03-08-2026 09:44:15","1","Information","Microsoft-Windows-Servicing","Initiating changes for package KB777778. Current state is Staged. Target state is Staged. Client id: CbsTask."
"03-08-2026 09:44:15","1","Information","Microsoft-Windows-Servicing","Initiating changes for package KB777778. Current state is Staged. Target state is Staged. Client id: CbsTask."
"03-08-2026 09:44:15","1","Information","Microsoft-Windows-Servicing","Initiating changes for package Microsoft-Windows-ServerManager-Tools-FoD-en-US. Current state is Staged. Target state is Staged. Client id: CbsTask."
"03-08-2026 09:44:15","1","Information","Microsoft-Windows-Servicing","Initiating changes for package Microsoft-Windows-ServerManager-Tools-FoD-en-GB. Current state is Staged. Target state is Staged. Client id: CbsTask."
"03-08-2026 09:44:15","1","Information","Microsoft-Windows-Servicing","Initiating changes for package KB777778. Current state is Staged. Target state is Staged. Client id: CbsTask."
"03-08-2026 09:44:15","1","Information","Microsoft-Windows-Servicing","Initiating changes for package Microsoft-Windows-ProjFS-OptionalFeature-FOD-en-US. Current state is Staged. Target state is Staged. Client id: CbsTask."
"03-08-2026 09:44:15","1","Information","Microsoft-Windows-Servicing","Initiating changes for package KB777778. Current state is Staged. Target state is Staged. Client id: CbsTask."
"03-08-2026 09:44:15","1","Information","Microsoft-Windows-Servicing","Initiating changes for package Microsoft-Windows-Printing-PMCPPC-FoD-en-US. Current state is Staged. Target state is Staged. Client id: CbsTask."
"03-08-2026 09:44:15","1","Information","Microsoft-Windows-Servicing","Initiating changes for package Microsoft-Windows-Printing-PMCPPC-FoD-en-GB. Current state is Staged. Target state is Staged. Client id: CbsTask."
"03-08-2026 09:44:15","1","Information","Microsoft-Windows-Servicing","Initiating changes for package KB777778. Current state is Staged. Target state is Staged. Client id: CbsTask."
"03-08-2026 09:44:15","1","Information","Microsoft-Windows-Servicing","Initiating changes for package KB777778. Current state is Staged. Target state is Staged. Client id: CbsTask."
"03-08-2026 09:44:15","1","Information","Microsoft-Windows-Servicing","Initiating changes for package Microsoft-Windows-PowerShell-ISE-FOD-en-US. Current state is Staged. Target state is Staged. Client id: CbsTask."
"03-08-2026 09:44:15","1","Information","Microsoft-Windows-Servicing","Initiating changes for package Microsoft-Windows-PowerShell-ISE-FOD-en-GB. Current state is Staged. Target state is Staged. Client id: CbsTask."
"03-08-2026 09:44:15","1","Information","Microsoft-Windows-Servicing","Initiating changes for package KB777778. Current state is Staged. Target state is Staged. Client id: CbsTask."
"03-08-2026 09:44:15","1","Information","Microsoft-Windows-Servicing","Initiating changes for package KB777778. Current state is Staged. Target state is Staged. Client id: CbsTask."
"03-08-2026 09:44:15","1","Information","Microsoft-Windows-Servicing","Initiating changes for package Microsoft-Windows-Notepad-System-FoD-en-US. Current state is Staged. Target state is Staged. Client id: CbsTask."
"03-08-2026 09:44:15","1","Information","Microsoft-Windows-Servicing","Initiating changes for package Microsoft-Windows-Notepad-System-FoD-en-GB. Current state is Staged. Target state is Staged. Client id: CbsTask."
"03-08-2026 09:44:15","1","Information","Microsoft-Windows-Servicing","Initiating changes for package KB777778. Current state is Staged. Target state is Staged. Client id: CbsTask."
"03-08-2026 09:44:15","1","Information","Microsoft-Windows-Servicing","Initiating changes for package KB777778. Current state is Staged. Target state is Staged. Client id: CbsTask."
"03-08-2026 09:44:15","1","Information","Microsoft-Windows-Servicing","Initiating changes for package Microsoft-Windows-MediaPlayer-en-US. Current state is Staged. Target state is Staged. Client id: CbsTask."
"03-08-2026 09:44:15","1","Information","Microsoft-Windows-Servicing","Initiating changes for package Microsoft-Windows-MediaPlayer-en-GB. Current state is Staged. Target state is Staged. Client id: CbsTask."
"03-08-2026 09:44:15","1","Information","Microsoft-Windows-Servicing","Initiating changes for package Microsoft-Windows-Licenses-Professional-Package. Current state is Staged. Target state is Staged. Client id: CbsTask."
"03-08-2026 09:44:15","1","Information","Microsoft-Windows-Servicing","Initiating changes for package Microsoft-Windows-Licenses-Professional-Package. Current state is Staged. Target state is Staged. Client id: CbsTask."
"03-08-2026 09:44:15","1","Information","Microsoft-Windows-Servicing","Initiating changes for package KB777778. Current state is Staged. Target state is Staged. Client id: CbsTask."
"03-08-2026 09:44:15","1","Information","Microsoft-Windows-Servicing","Initiating changes for package KB777778. Current state is Staged. Target state is Staged. Client id: CbsTask."
"03-08-2026 09:44:15","1","Information","Microsoft-Windows-Servicing","Initiating changes for package KB777778. Current state is Staged. Target state is Staged. Client id: CbsTask."
"03-08-2026 09:44:15","1","Information","Microsoft-Windows-Servicing","Initiating changes for package KB777778. Current state is Staged. Target state is Staged. Client id: CbsTask."
"03-08-2026 09:44:15","1","Information","Microsoft-Windows-Servicing","Initiating changes for package KB777778. Current state is Staged. Target state is Staged. Client id: CbsTask."
"03-08-2026 09:44:15","1","Information","Microsoft-Windows-Servicing","Initiating changes for package KB777778. Current state is Staged. Target state is Staged. Client id: CbsTask."
"03-08-2026 09:44:15","1","Information","Microsoft-Windows-Servicing","Initiating changes for package KB777778. Current state is Staged. Target state is Staged. Client id: CbsTask."
"03-08-2026 09:44:15","1","Information","Microsoft-Windows-Servicing","Initiating changes for package KB777778. Current state is Staged. Target state is Staged. Client id: CbsTask."
"03-08-2026 09:44:15","1","Information","Microsoft-Windows-Servicing","Initiating changes for package KB777778. Current state is Staged. Target state is Staged. Client id: CbsTask."
"03-08-2026 09:44:15","1","Information","Microsoft-Windows-Servicing","Initiating changes for package KB777778. Current state is Staged. Target state is Staged. Client id: CbsTask."
"03-08-2026 09:44:15","1","Information","Microsoft-Windows-Servicing","Initiating changes for package KB777778. Current state is Staged. Target state is Staged. Client id: CbsTask."
"03-08-2026 09:44:15","1","Information","Microsoft-Windows-Servicing","Initiating changes for package Microsoft-Windows-InternetExplorer-Optional-en-US. Current state is Staged. Target state is Staged. Client id: CbsTask."
"03-08-2026 09:44:15","1","Information","Microsoft-Windows-Servicing","Initiating changes for package KB777778. Current state is Staged. Target state is Staged. Client id: CbsTask."
"03-08-2026 09:44:15","1","Information","Microsoft-Windows-Servicing","Initiating changes for package KB777778. Current state is Staged. Target state is Staged. Client id: CbsTask."
"03-08-2026 09:44:15","1","Information","Microsoft-Windows-Servicing","Initiating changes for package KB777778. Current state is Staged. Target state is Staged. Client id: CbsTask."
"03-08-2026 09:44:15","1","Information","Microsoft-Windows-Servicing","Initiating changes for package KB777778. Current state is Staged. Target state is Staged. Client id: CbsTask."
"03-08-2026 09:44:15","1","Information","Microsoft-Windows-Servicing","Initiating changes for package KB777778. Current state is Staged. Target state is Staged. Client id: CbsTask."
"03-08-2026 09:44:15","1","Information","Microsoft-Windows-Servicing","Initiating changes for package KB777778. Current state is Staged. Target state is Staged. Client id: CbsTask."
"03-08-2026 09:44:15","1","Information","Microsoft-Windows-Servicing","Initiating changes for package KB777778. Current state is Staged. Target state is Staged. Client id: CbsTask."
"03-08-2026 09:44:15","1","Information","Microsoft-Windows-Servicing","Initiating changes for package KB777778. Current state is Staged. Target state is Staged. Client id: CbsTask."
"03-08-2026 09:44:15","1","Information","Microsoft-Windows-Servicing","Initiating changes for package KB777778. Current state is Staged. Target state is Staged. Client id: CbsTask."
"03-08-2026 09:44:15","1","Information","Microsoft-Windows-Servicing","Initiating changes for package Language Pack. Current state is Staged. Target state is Staged. Client id: CbsTask."
"03-08-2026 09:44:15","1","Information","Microsoft-Windows-Servicing","Initiating changes for package Language Pack. Current state is Staged. Target state is Staged. Client id: CbsTask."
"03-08-2026 09:44:15","1","Information","Microsoft-Windows-Servicing","Initiating changes for package KB777778. Current state is Staged. Target state is Staged. Client id: CbsTask."
"03-08-2026 09:44:15","1","Information","Microsoft-Windows-Servicing","Initiating changes for package KB777778. Current state is Staged. Target state is Staged. Client id: CbsTask."
"03-08-2026 09:44:15","1","Information","Microsoft-Windows-Servicing","Initiating changes for package Microsoft-Windows-ActiveDirectory-DS-LDS-Tools-FoD-en-US. Current state is Staged. Target state is Staged. Client id: CbsTask."
"03-08-2026 09:44:15","1","Information","Microsoft-Windows-Servicing","Initiating changes for package Microsoft-Windows-ActiveDirectory-DS-LDS-Tools-FoD-en-GB. Current state is Staged. Target state is Staged. Client id: CbsTask."
"03-08-2026 09:44:15","1","Information","Microsoft-Windows-Servicing","Initiating changes for package KB777778. Current state is Staged. Target state is Staged. Client id: CbsTask."
"03-08-2026 09:44:15","1","Information","Microsoft-Windows-Servicing","Initiating changes for package KB777778. Current state is Staged. Target state is Staged. Client id: CbsTask."
"03-08-2026 09:44:15","1","Information","Microsoft-Windows-Servicing","Initiating changes for package Windows Professional Edition. Current state is Staged. Target state is Staged. Client id: CbsTask."
"03-08-2026 09:44:15","1","Information","Microsoft-Windows-Servicing","Initiating changes for package KB5043080. Current state is Staged. Target state is Staged. Client id: CbsTask."
"03-08-2026 09:44:07","2","Information","Microsoft-Windows-Servicing","Package KB777778 was successfully changed to the Staged state."
"03-08-2026 09:44:07","2","Information","Microsoft-Windows-Servicing","Package Microsoft-Windows-TerminalServices-AppServer-Client-FOD-en-US was successfully changed to the Staged state."
"03-08-2026 09:44:07","2","Information","Microsoft-Windows-Servicing","Package KB777778 was successfully changed to the Staged state."
"03-08-2026 09:44:07","2","Information","Microsoft-Windows-Servicing","Package Microsoft-Windows-TerminalServices-AppServer-Client-FOD-en-US was successfully changed to the Staged state."
"03-08-2026 09:44:07","2","Information","Microsoft-Windows-Servicing","Package KB777778 was successfully changed to the Staged state."
"03-08-2026 09:44:07","2","Information","Microsoft-Windows-Servicing","Package Microsoft-Windows-SenseClient-FoD-en-US was successfully changed to the Staged state."
"03-08-2026 09:44:07","2","Information","Microsoft-Windows-Servicing","Package KB777778 was successfully changed to the Staged state."
"03-08-2026 09:44:07","2","Information","Microsoft-Windows-Servicing","Package KB777778 was successfully changed to the Staged state."
"03-08-2026 09:44:07","2","Information","Microsoft-Windows-Servicing","Package KB777778 was successfully changed to the Staged state."
"03-08-2026 09:44:07","2","Information","Microsoft-Windows-Servicing","Package KB777778 was successfully changed to the Staged state."
"03-08-2026 09:44:07","2","Information","Microsoft-Windows-Servicing","Package Microsoft-Windows-WinOcr-FOD-en-US was successfully changed to the Staged state."
"03-08-2026 09:44:07","2","Information","Microsoft-Windows-Servicing","Package KB777778 was successfully changed to the Staged state."
"03-08-2026 09:44:07","2","Information","Microsoft-Windows-Servicing","Package KB777778 was successfully changed to the Staged state."
"03-08-2026 09:44:07","2","Information","Microsoft-Windows-Servicing","Package KB777778 was successfully changed to the Staged state."
"03-08-2026 09:44:07","2","Information","Microsoft-Windows-Servicing","Package KB777778 was successfully changed to the Staged state."
"03-08-2026 09:44:07","2","Information","Microsoft-Windows-Servicing","Package KB777778 was successfully changed to the Staged state."
"03-08-2026 09:44:07","2","Information","Microsoft-Windows-Servicing","Package KB777778 was successfully changed to the Staged state."
"03-08-2026 09:44:07","2","Information","Microsoft-Windows-Servicing","Package KB777778 was successfully changed to the Staged state."
"03-08-2026 09:44:07","2","Information","Microsoft-Windows-Servicing","Package KB777778 was successfully changed to the Staged state."
"03-08-2026 09:44:07","2","Information","Microsoft-Windows-Servicing","Package KB777778 was successfully changed to the Staged state."
"03-08-2026 09:44:07","2","Information","Microsoft-Windows-Servicing","Package KB777778 was successfully changed to the Staged state."
"03-08-2026 09:44:07","2","Information","Microsoft-Windows-Servicing","Package KB777778 was successfully changed to the Staged state."
"03-08-2026 09:44:07","2","Information","Microsoft-Windows-Servicing","Package KB777778 was successfully changed to the Staged state."
"03-08-2026 09:44:07","2","Information","Microsoft-Windows-Servicing","Package KB777778 was successfully changed to the Staged state."
"03-08-2026 09:44:07","2","Information","Microsoft-Windows-Servicing","Package KB777778 was successfully changed to the Staged state."
"03-08-2026 09:44:07","2","Information","Microsoft-Windows-Servicing","Package KB777778 was successfully changed to the Staged state."
"03-08-2026 09:44:07","2","Information","Microsoft-Windows-Servicing","Package KB777778 was successfully changed to the Staged state."
"03-08-2026 09:44:07","2","Information","Microsoft-Windows-Servicing","Package KB777778 was successfully changed to the Staged state."
"03-08-2026 09:44:07","2","Information","Microsoft-Windows-Servicing","Package KB777778 was successfully changed to the Staged state."
"03-08-2026 09:44:07","2","Information","Microsoft-Windows-Servicing","Package KB777778 was successfully changed to the Staged state."
"03-08-2026 09:44:07","2","Information","Microsoft-Windows-Servicing","Package KB777778 was successfully changed to the Staged state."
"03-08-2026 09:44:07","2","Information","Microsoft-Windows-Servicing","Package KB777778 was successfully changed to the Staged state."
"03-08-2026 09:44:07","2","Information","Microsoft-Windows-Servicing","Package KB777778 was successfully changed to the Staged state."
"03-08-2026 09:44:07","2","Information","Microsoft-Windows-Servicing","Package KB777778 was successfully changed to the Staged state."
"03-08-2026 09:44:07","2","Information","Microsoft-Windows-Servicing","Package KB777778 was successfully changed to the Staged state."
"03-08-2026 09:44:07","2","Information","Microsoft-Windows-Servicing","Package KB777778 was successfully changed to the Staged state."
"03-08-2026 09:44:07","2","Information","Microsoft-Windows-Servicing","Package KB777778 was successfully changed to the Staged state."
"03-08-2026 09:44:07","2","Information","Microsoft-Windows-Servicing","Package KB777778 was successfully changed to the Staged state."
"03-08-2026 09:44:07","2","Information","Microsoft-Windows-Servicing","Package KB777778 was successfully changed to the Staged state."
"03-08-2026 09:44:07","2","Information","Microsoft-Windows-Servicing","Package KB777778 was successfully changed to the Staged state."
"03-08-2026 09:44:07","2","Information","Microsoft-Windows-Servicing","Package Microsoft-Windows-VBSCRIPT-FoD-en-US was successfully changed to the Staged state."
"03-08-2026 09:44:07","2","Information","Microsoft-Windows-Servicing","Package KB777778 was successfully changed to the Staged state."
"03-08-2026 09:44:07","2","Information","Microsoft-Windows-Servicing","Package Microsoft-Windows-TFTP-Client-FOD-en-US was successfully changed to the Staged state."
"03-08-2026 09:44:07","2","Information","Microsoft-Windows-Servicing","Package KB777778 was successfully changed to the Staged state."
"03-08-2026 09:44:07","2","Information","Microsoft-Windows-Servicing","Package Microsoft-Windows-Telnet-Client-FOD-en-US was successfully changed to the Staged state."
"03-08-2026 09:44:07","2","Information","Microsoft-Windows-Servicing","Package KB777778 was successfully changed to the Staged state."
"03-08-2026 09:44:07","2","Information","Microsoft-Windows-Servicing","Package KB777778 was successfully changed to the Staged state."
"03-08-2026 09:44:07","2","Information","Microsoft-Windows-Servicing","Package KB777778 was successfully changed to the Staged state."
"03-08-2026 09:44:07","2","Information","Microsoft-Windows-Servicing","Package Microsoft-Windows-StepsRecorder-en-US was successfully changed to the Staged state."
"03-08-2026 09:44:07","2","Information","Microsoft-Windows-Servicing","Package Microsoft-Windows-StepsRecorder-en-GB was successfully changed to the Staged state."
"03-08-2026 09:44:07","2","Information","Microsoft-Windows-Servicing","Package KB777778 was successfully changed to the Staged state."
"03-08-2026 09:44:07","2","Information","Microsoft-Windows-Servicing","Package KB777778 was successfully changed to the Staged state."
"03-08-2026 09:44:07","2","Information","Microsoft-Windows-Servicing","Package KB777778 was successfully changed to the Staged state."
"03-08-2026 09:44:07","2","Information","Microsoft-Windows-Servicing","Package KB777778 was successfully changed to the Staged state."
"03-08-2026 09:44:07","2","Information","Microsoft-Windows-Servicing","Package Microsoft-Windows-ServerManager-Tools-FoD-en-US was successfully changed to the Staged state."
"03-08-2026 09:44:07","2","Information","Microsoft-Windows-Servicing","Package Microsoft-Windows-ServerManager-Tools-FoD-en-GB was successfully changed to the Staged state."
"03-08-2026 09:44:07","2","Information","Microsoft-Windows-Servicing","Package KB777778 was successfully changed to the Staged state."
"03-08-2026 09:44:07","2","Information","Microsoft-Windows-Servicing","Package Microsoft-Windows-ProjFS-OptionalFeature-FOD-en-US was successfully changed to the Staged state."
"03-08-2026 09:44:07","2","Information","Microsoft-Windows-Servicing","Package KB777778 was successfully changed to the Staged state."
"03-08-2026 09:44:07","2","Information","Microsoft-Windows-Servicing","Package Microsoft-Windows-Printing-PMCPPC-FoD-en-US was successfully changed to the Staged state."
"03-08-2026 09:44:07","2","Information","Microsoft-Windows-Servicing","Package Microsoft-Windows-Printing-PMCPPC-FoD-en-GB was successfully changed to the Staged state."
"03-08-2026 09:44:07","2","Information","Microsoft-Windows-Servicing","Package KB777778 was successfully changed to the Staged state."
"03-08-2026 09:44:07","2","Information","Microsoft-Windows-Servicing","Package KB777778 was successfully changed to the Staged state."
"03-08-2026 09:44:07","2","Information","Microsoft-Windows-Servicing","Package Microsoft-Windows-PowerShell-ISE-FOD-en-US was successfully changed to the Staged state."
"03-08-2026 09:44:07","2","Information","Microsoft-Windows-Servicing","Package Microsoft-Windows-PowerShell-ISE-FOD-en-GB was successfully changed to the Staged state."
"03-08-2026 09:44:07","2","Information","Microsoft-Windows-Servicing","Package KB777778 was successfully changed to the Staged state."
"03-08-2026 09:44:07","2","Information","Microsoft-Windows-Servicing","Package KB777778 was successfully changed to the Staged state."
"03-08-2026 09:44:07","2","Information","Microsoft-Windows-Servicing","Package Microsoft-Windows-Notepad-System-FoD-en-US was successfully changed to the Staged state."
"03-08-2026 09:44:07","2","Information","Microsoft-Windows-Servicing","Package Microsoft-Windows-Notepad-System-FoD-en-GB was successfully changed to the Staged state."
"03-08-2026 09:44:07","2","Information","Microsoft-Windows-Servicing","Package KB777778 was successfully changed to the Staged state."
"03-08-2026 09:44:07","2","Information","Microsoft-Windows-Servicing","Package KB777778 was successfully changed to the Staged state."
"03-08-2026 09:44:07","2","Information","Microsoft-Windows-Servicing","Package Microsoft-Windows-MediaPlayer-en-US was successfully changed to the Staged state."
"03-08-2026 09:44:07","2","Information","Microsoft-Windows-Servicing","Package Microsoft-Windows-MediaPlayer-en-GB was successfully changed to the Staged state."
"03-08-2026 09:44:07","2","Information","Microsoft-Windows-Servicing","Package Microsoft-Windows-Licenses-Professional-Package was successfully changed to the Staged state."
"03-08-2026 09:44:07","2","Information","Microsoft-Windows-Servicing","Package Microsoft-Windows-Licenses-Professional-Package was successfully changed to the Staged state."
"03-08-2026 09:44:07","2","Information","Microsoft-Windows-Servicing","Package KB777778 was successfully changed to the Staged state."
"03-08-2026 09:44:07","2","Information","Microsoft-Windows-Servicing","Package KB777778 was successfully changed to the Staged state."
"03-08-2026 09:44:07","2","Information","Microsoft-Windows-Servicing","Package KB777778 was successfully changed to the Staged state."
"03-08-2026 09:44:07","2","Information","Microsoft-Windows-Servicing","Package KB777778 was successfully changed to the Staged state."
"03-08-2026 09:44:07","2","Information","Microsoft-Windows-Servicing","Package KB777778 was successfully changed to the Staged state."
"03-08-2026 09:44:07","2","Information","Microsoft-Windows-Servicing","Package KB777778 was successfully changed to the Staged state."
"03-08-2026 09:44:07","2","Information","Microsoft-Windows-Servicing","Package KB777778 was successfully changed to the Staged state."
"03-08-2026 09:44:07","2","Information","Microsoft-Windows-Servicing","Package KB777778 was successfully changed to the Staged state."
"03-08-2026 09:44:07","2","Information","Microsoft-Windows-Servicing","Package KB777778 was successfully changed to the Staged state."
"03-08-2026 09:44:07","2","Information","Microsoft-Windows-Servicing","Package KB777778 was successfully changed to the Staged state."
"03-08-2026 09:44:07","2","Information","Microsoft-Windows-Servicing","Package KB777778 was successfully changed to the Staged state."
"03-08-2026 09:44:07","2","Information","Microsoft-Windows-Servicing","Package Microsoft-Windows-InternetExplorer-Optional-en-US was successfully changed to the Staged state."
"03-08-2026 09:44:07","2","Information","Microsoft-Windows-Servicing","Package KB777778 was successfully changed to the Staged state."
"03-08-2026 09:44:07","2","Information","Microsoft-Windows-Servicing","Package KB777778 was successfully changed to the Staged state."
"03-08-2026 09:44:07","2","Information","Microsoft-Windows-Servicing","Package KB777778 was successfully changed to the Staged state."
"03-08-2026 09:44:07","2","Information","Microsoft-Windows-Servicing","Package KB777778 was successfully changed to the Staged state."
"03-08-2026 09:44:07","2","Information","Microsoft-Windows-Servicing","Package KB777778 was successfully changed to the Staged state."
"03-08-2026 09:44:07","2","Information","Microsoft-Windows-Servicing","Package KB777778 was successfully changed to the Staged state."
"03-08-2026 09:44:07","2","Information","Microsoft-Windows-Servicing","Package KB777778 was successfully changed to the Staged state."
"03-08-2026 09:44:07","2","Information","Microsoft-Windows-Servicing","Package KB777778 was successfully changed to the Staged state."
"03-08-2026 09:44:07","2","Information","Microsoft-Windows-Servicing","Package KB777778 was successfully changed to the Staged state."
"03-08-2026 09:44:07","2","Information","Microsoft-Windows-Servicing","Package Language Pack was successfully changed to the Staged state."
"03-08-2026 09:44:07","2","Information","Microsoft-Windows-Servicing","Package Language Pack was successfully changed to the Staged state."
"03-08-2026 09:44:07","2","Information","Microsoft-Windows-Servicing","Package KB777778 was successfully changed to the Staged state."
"03-08-2026 09:44:07","2","Information","Microsoft-Windows-Servicing","Package KB777778 was successfully changed to the Staged state."
"03-08-2026 09:44:07","2","Information","Microsoft-Windows-Servicing","Package Microsoft-Windows-ActiveDirectory-DS-LDS-Tools-FoD-en-US was successfully changed to the Staged state."
"03-08-2026 09:44:07","2","Information","Microsoft-Windows-Servicing","Package Microsoft-Windows-ActiveDirectory-DS-LDS-Tools-FoD-en-GB was successfully changed to the Staged state."
"03-08-2026 09:44:07","2","Information","Microsoft-Windows-Servicing","Package KB777778 was successfully changed to the Staged state."
"03-08-2026 09:44:07","2","Information","Microsoft-Windows-Servicing","Package KB777778 was successfully changed to the Staged state."
"03-08-2026 09:44:07","2","Information","Microsoft-Windows-Servicing","Package Windows Professional Edition was successfully changed to the Staged state."
"03-08-2026 09:44:07","2","Information","Microsoft-Windows-Servicing","Package KB5043080 was successfully changed to the Staged state."
"03-08-2026 09:43:49","1","Information","Microsoft-Windows-Servicing","Initiating changes for package KB777778. Current state is Staged. Target state is Staged. Client id: CbsTask."
"03-08-2026 09:43:49","1","Information","Microsoft-Windows-Servicing","Initiating changes for package Microsoft-Windows-TerminalServices-AppServer-Client-FOD-en-US. Current state is Staged. Target state is Staged. Client id: CbsTask."
"03-08-2026 09:43:49","1","Information","Microsoft-Windows-Servicing","Initiating changes for package KB777778. Current state is Staged. Target state is Staged. Client id: CbsTask."
"03-08-2026 09:43:49","1","Information","Microsoft-Windows-Servicing","Initiating changes for package Microsoft-Windows-TerminalServices-AppServer-Client-FOD-en-US. Current state is Staged. Target state is Staged. Client id: CbsTask."
"03-08-2026 09:43:49","1","Information","Microsoft-Windows-Servicing","Initiating changes for package KB777778. Current state is Staged. Target state is Staged. Client id: CbsTask."
"03-08-2026 09:43:49","1","Information","Microsoft-Windows-Servicing","Initiating changes for package Microsoft-Windows-SenseClient-FoD-en-US. Current state is Staged. Target state is Staged. Client id: CbsTask."
"03-08-2026 09:43:49","1","Information","Microsoft-Windows-Servicing","Initiating changes for package KB777778. Current state is Staged. Target state is Staged. Client id: CbsTask."
"03-08-2026 09:43:49","1","Information","Microsoft-Windows-Servicing","Initiating changes for package KB777778. Current state is Staged. Target state is Staged. Client id: CbsTask."
"03-08-2026 09:43:49","1","Information","Microsoft-Windows-Servicing","Initiating changes for package KB777778. Current state is Staged. Target state is Staged. Client id: CbsTask."
"03-08-2026 09:43:49","1","Information","Microsoft-Windows-Servicing","Initiating changes for package KB777778. Current state is Staged. Target state is Staged. Client id: CbsTask."
"03-08-2026 09:43:49","1","Information","Microsoft-Windows-Servicing","Initiating changes for package Microsoft-Windows-WinOcr-FOD-en-US. Current state is Staged. Target state is Staged. Client id: CbsTask."
"03-08-2026 09:43:49","1","Information","Microsoft-Windows-Servicing","Initiating changes for package KB777778. Current state is Staged. Target state is Staged. Client id: CbsTask."
"03-08-2026 09:43:49","1","Information","Microsoft-Windows-Servicing","Initiating changes for package KB777778. Current state is Staged. Target state is Staged. Client id: CbsTask."
"03-08-2026 09:43:49","1","Information","Microsoft-Windows-Servicing","Initiating changes for package KB777778. Current state is Staged. Target state is Staged. Client id: CbsTask."
"03-08-2026 09:43:49","1","Information","Microsoft-Windows-Servicing","Initiating changes for package KB777778. Current state is Staged. Target state is Staged. Client id: CbsTask."
"03-08-2026 09:43:49","1","Information","Microsoft-Windows-Servicing","Initiating changes for package KB777778. Current state is Staged. Target state is Staged. Client id: CbsTask."
"03-08-2026 09:43:49","1","Information","Microsoft-Windows-Servicing","Initiating changes for package KB777778. Current state is Staged. Target state is Staged. Client id: CbsTask."
"03-08-2026 09:43:49","1","Information","Microsoft-Windows-Servicing","Initiating changes for package KB777778. Current state is Staged. Target state is Staged. Client id: CbsTask."
"03-08-2026 09:43:49","1","Information","Microsoft-Windows-Servicing","Initiating changes for package KB777778. Current state is Staged. Target state is Staged. Client id: CbsTask."
"03-08-2026 09:43:49","1","Information","Microsoft-Windows-Servicing","Initiating changes for package KB777778. Current state is Staged. Target state is Staged. Client id: CbsTask."
"03-08-2026 09:43:49","1","Information","Microsoft-Windows-Servicing","Initiating changes for package KB777778. Current state is Staged. Target state is Staged. Client id: CbsTask."
"03-08-2026 09:43:49","1","Information","Microsoft-Windows-Servicing","Initiating changes for package KB777778. Current state is Staged. Target state is Staged. Client id: CbsTask."
"03-08-2026 09:43:49","1","Information","Microsoft-Windows-Servicing","Initiating changes for package KB777778. Current state is Staged. Target state is Staged. Client id: CbsTask."
"03-08-2026 09:43:49","1","Information","Microsoft-Windows-Servicing","Initiating changes for package KB777778. Current state is Staged. Target state is Staged. Client id: CbsTask."
"03-08-2026 09:43:49","1","Information","Microsoft-Windows-Servicing","Initiating changes for package KB777778. Current state is Staged. Target state is Staged. Client id: CbsTask."
"03-08-2026 09:43:49","1","Information","Microsoft-Windows-Servicing","Initiating changes for package KB777778. Current state is Staged. Target state is Staged. Client id: CbsTask."
"03-08-2026 09:43:49","1","Information","Microsoft-Windows-Servicing","Initiating changes for package KB777778. Current state is Staged. Target state is Staged. Client id: CbsTask."
"03-08-2026 09:43:49","1","Information","Microsoft-Windows-Servicing","Initiating changes for package KB777778. Current state is Staged. Target state is Staged. Client id: CbsTask."
"03-08-2026 09:43:49","1","Information","Microsoft-Windows-Servicing","Initiating changes for package KB777778. Current state is Staged. Target state is Staged. Client id: CbsTask."
"03-08-2026 09:43:49","1","Information","Microsoft-Windows-Servicing","Initiating changes for package KB777778. Current state is Staged. Target state is Staged. Client id: CbsTask."
"03-08-2026 09:43:49","1","Information","Microsoft-Windows-Servicing","Initiating changes for package KB777778. Current state is Staged. Target state is Staged. Client id: CbsTask."
"03-08-2026 09:43:49","1","Information","Microsoft-Windows-Servicing","Initiating changes for package KB777778. Current state is Staged. Target state is Staged. Client id: CbsTask."
"03-08-2026 09:43:49","1","Information","Microsoft-Windows-Servicing","Initiating changes for package KB777778. Current state is Staged. Target state is Staged. Client id: CbsTask."
"03-08-2026 09:43:49","1","Information","Microsoft-Windows-Servicing","Initiating changes for package KB777778. Current state is Staged. Target state is Staged. Client id: CbsTask."
"03-08-2026 09:43:49","1","Information","Microsoft-Windows-Servicing","Initiating changes for package KB777778. Current state is Staged. Target state is Staged. Client id: CbsTask."
"03-08-2026 09:43:49","1","Information","Microsoft-Windows-Servicing","Initiating changes for package KB777778. Current state is Staged. Target state is Staged. Client id: CbsTask."
"03-08-2026 09:43:49","1","Information","Microsoft-Windows-Servicing","Initiating changes for package KB777778. Current state is Staged. Target state is Staged. Client id: CbsTask."
"03-08-2026 09:43:49","1","Information","Microsoft-Windows-Servicing","Initiating changes for package KB777778. Current state is Staged. Target state is Staged. Client id: CbsTask."
"03-08-2026 09:43:49","1","Information","Microsoft-Windows-Servicing","Initiating changes for package KB777778. Current state is Staged. Target state is Staged. Client id: CbsTask."
"03-08-2026 09:43:49","1","Information","Microsoft-Windows-Servicing","Initiating changes for package KB777778. Current state is Staged. Target state is Staged. Client id: CbsTask."
"03-08-2026 09:43:49","1","Information","Microsoft-Windows-Servicing","Initiating changes for package Microsoft-Windows-VBSCRIPT-FoD-en-US. Current state is Staged. Target state is Staged. Client id: CbsTask."
"03-08-2026 09:43:49","1","Information","Microsoft-Windows-Servicing","Initiating changes for package KB777778. Current state is Staged. Target state is Staged. Client id: CbsTask."
"03-08-2026 09:43:49","1","Information","Microsoft-Windows-Servicing","Initiating changes for package Microsoft-Windows-TFTP-Client-FOD-en-US. Current state is Staged. Target state is Staged. Client id: CbsTask."
"03-08-2026 09:43:49","1","Information","Microsoft-Windows-Servicing","Initiating changes for package KB777778. Current state is Staged. Target state is Staged. Client id: CbsTask."
"03-08-2026 09:43:49","1","Information","Microsoft-Windows-Servicing","Initiating changes for package Microsoft-Windows-Telnet-Client-FOD-en-US. Current state is Staged. Target state is Staged. Client id: CbsTask."
"03-08-2026 09:43:49","1","Information","Microsoft-Windows-Servicing","Initiating changes for package KB777778. Current state is Staged. Target state is Staged. Client id: CbsTask."
"03-08-2026 09:43:49","1","Information","Microsoft-Windows-Servicing","Initiating changes for package KB777778. Current state is Staged. Target state is Staged. Client id: CbsTask."
"03-08-2026 09:43:49","1","Information","Microsoft-Windows-Servicing","Initiating changes for package KB777778. Current state is Staged. Target state is Staged. Client id: CbsTask."
"03-08-2026 09:43:49","1","Information","Microsoft-Windows-Servicing","Initiating changes for package Microsoft-Windows-StepsRecorder-en-US. Current state is Staged. Target state is Staged. Client id: CbsTask."
"03-08-2026 09:43:49","1","Information","Microsoft-Windows-Servicing","Initiating changes for package Microsoft-Windows-StepsRecorder-en-GB. Current state is Staged. Target state is Staged. Client id: CbsTask."
"03-08-2026 09:43:49","1","Information","Microsoft-Windows-Servicing","Initiating changes for package KB777778. Current state is Staged. Target state is Staged. Client id: CbsTask."
"03-08-2026 09:43:49","1","Information","Microsoft-Windows-Servicing","Initiating changes for package KB777778. Current state is Staged. Target state is Staged. Client id: CbsTask."
"03-08-2026 09:43:49","1","Information","Microsoft-Windows-Servicing","Initiating changes for package KB777778. Current state is Staged. Target state is Staged. Client id: CbsTask."
"03-08-2026 09:43:49","1","Information","Microsoft-Windows-Servicing","Initiating changes for package KB777778. Current state is Staged. Target state is Staged. Client id: CbsTask."
"03-08-2026 09:43:49","1","Information","Microsoft-Windows-Servicing","Initiating changes for package Microsoft-Windows-ServerManager-Tools-FoD-en-US. Current state is Staged. Target state is Staged. Client id: CbsTask."
"03-08-2026 09:43:49","1","Information","Microsoft-Windows-Servicing","Initiating changes for package Microsoft-Windows-ServerManager-Tools-FoD-en-GB. Current state is Staged. Target state is Staged. Client id: CbsTask."
"03-08-2026 09:43:49","1","Information","Microsoft-Windows-Servicing","Initiating changes for package KB777778. Current state is Staged. Target state is Staged. Client id: CbsTask."
"03-08-2026 09:43:49","1","Information","Microsoft-Windows-Servicing","Initiating changes for package Microsoft-Windows-ProjFS-OptionalFeature-FOD-en-US. Current state is Staged. Target state is Staged. Client id: CbsTask."
"03-08-2026 09:43:49","1","Information","Microsoft-Windows-Servicing","Initiating changes for package KB777778. Current state is Staged. Target state is Staged. Client id: CbsTask."
"03-08-2026 09:43:49","1","Information","Microsoft-Windows-Servicing","Initiating changes for package Microsoft-Windows-Printing-PMCPPC-FoD-en-US. Current state is Staged. Target state is Staged. Client id: CbsTask."
"03-08-2026 09:43:49","1","Information","Microsoft-Windows-Servicing","Initiating changes for package Microsoft-Windows-Printing-PMCPPC-FoD-en-GB. Current state is Staged. Target state is Staged. Client id: CbsTask."
"03-08-2026 09:43:49","1","Information","Microsoft-Windows-Servicing","Initiating changes for package KB777778. Current state is Staged. Target state is Staged. Client id: CbsTask."
"03-08-2026 09:43:49","1","Information","Microsoft-Windows-Servicing","Initiating changes for package KB777778. Current state is Staged. Target state is Staged. Client id: CbsTask."
"03-08-2026 09:43:49","1","Information","Microsoft-Windows-Servicing","Initiating changes for package Microsoft-Windows-PowerShell-ISE-FOD-en-US. Current state is Staged. Target state is Staged. Client id: CbsTask."
"03-08-2026 09:43:49","1","Information","Microsoft-Windows-Servicing","Initiating changes for package Microsoft-Windows-PowerShell-ISE-FOD-en-GB. Current state is Staged. Target state is Staged. Client id: CbsTask."
"03-08-2026 09:43:49","1","Information","Microsoft-Windows-Servicing","Initiating changes for package KB777778. Current state is Staged. Target state is Staged. Client id: CbsTask."
"03-08-2026 09:43:49","1","Information","Microsoft-Windows-Servicing","Initiating changes for package KB777778. Current state is Staged. Target state is Staged. Client id: CbsTask."
"03-08-2026 09:43:49","1","Information","Microsoft-Windows-Servicing","Initiating changes for package Microsoft-Windows-Notepad-System-FoD-en-US. Current state is Staged. Target state is Staged. Client id: CbsTask."
"03-08-2026 09:43:49","1","Information","Microsoft-Windows-Servicing","Initiating changes for package Microsoft-Windows-Notepad-System-FoD-en-GB. Current state is Staged. Target state is Staged. Client id: CbsTask."
"03-08-2026 09:43:49","1","Information","Microsoft-Windows-Servicing","Initiating changes for package KB777778. Current state is Staged. Target state is Staged. Client id: CbsTask."
"03-08-2026 09:43:49","1","Information","Microsoft-Windows-Servicing","Initiating changes for package KB777778. Current state is Staged. Target state is Staged. Client id: CbsTask."
"03-08-2026 09:43:49","1","Information","Microsoft-Windows-Servicing","Initiating changes for package Microsoft-Windows-MediaPlayer-en-US. Current state is Staged. Target state is Staged. Client id: CbsTask."
"03-08-2026 09:43:49","1","Information","Microsoft-Windows-Servicing","Initiating changes for package Microsoft-Windows-MediaPlayer-en-GB. Current state is Staged. Target state is Staged. Client id: CbsTask."
"03-08-2026 09:43:49","1","Information","Microsoft-Windows-Servicing","Initiating changes for package Microsoft-Windows-Licenses-Professional-Package. Current state is Staged. Target state is Staged. Client id: CbsTask."
"03-08-2026 09:43:49","1","Information","Microsoft-Windows-Servicing","Initiating changes for package Microsoft-Windows-Licenses-Professional-Package. Current state is Staged. Target state is Staged. Client id: CbsTask."
"03-08-2026 09:43:49","1","Information","Microsoft-Windows-Servicing","Initiating changes for package KB777778. Current state is Staged. Target state is Staged. Client id: CbsTask."
"03-08-2026 09:43:49","1","Information","Microsoft-Windows-Servicing","Initiating changes for package KB777778. Current state is Staged. Target state is Staged. Client id: CbsTask."
"03-08-2026 09:43:49","1","Information","Microsoft-Windows-Servicing","Initiating changes for package KB777778. Current state is Staged. Target state is Staged. Client id: CbsTask."
"03-08-2026 09:43:49","1","Information","Microsoft-Windows-Servicing","Initiating changes for package KB777778. Current state is Staged. Target state is Staged. Client id: CbsTask."
"03-08-2026 09:43:49","1","Information","Microsoft-Windows-Servicing","Initiating changes for package KB777778. Current state is Staged. Target state is Staged. Client id: CbsTask."
"03-08-2026 09:43:49","1","Information","Microsoft-Windows-Servicing","Initiating changes for package KB777778. Current state is Staged. Target state is Staged. Client id: CbsTask."
"03-08-2026 09:43:49","1","Information","Microsoft-Windows-Servicing","Initiating changes for package KB777778. Current state is Staged. Target state is Staged. Client id: CbsTask."
"03-08-2026 09:43:49","1","Information","Microsoft-Windows-Servicing","Initiating changes for package KB777778. Current state is Staged. Target state is Staged. Client id: CbsTask."
"03-08-2026 09:43:49","1","Information","Microsoft-Windows-Servicing","Initiating changes for package KB777778. Current state is Staged. Target state is Staged. Client id: CbsTask."
"03-08-2026 09:43:49","1","Information","Microsoft-Windows-Servicing","Initiating changes for package KB777778. Current state is Staged. Target state is Staged. Client id: CbsTask."
"03-08-2026 09:43:49","1","Information","Microsoft-Windows-Servicing","Initiating changes for package KB777778. Current state is Staged. Target state is Staged. Client id: CbsTask."
"03-08-2026 09:43:49","1","Information","Microsoft-Windows-Servicing","Initiating changes for package Microsoft-Windows-InternetExplorer-Optional-en-US. Current state is Staged. Target state is Staged. Client id: CbsTask."
"03-08-2026 09:43:49","1","Information","Microsoft-Windows-Servicing","Initiating changes for package KB777778. Current state is Staged. Target state is Staged. Client id: CbsTask."
"03-08-2026 09:43:49","1","Information","Microsoft-Windows-Servicing","Initiating changes for package KB777778. Current state is Staged. Target state is Staged. Client id: CbsTask."
"03-08-2026 09:43:49","1","Information","Microsoft-Windows-Servicing","Initiating changes for package KB777778. Current state is Staged. Target state is Staged. Client id: CbsTask."
"03-08-2026 09:43:49","1","Information","Microsoft-Windows-Servicing","Initiating changes for package KB777778. Current state is Staged. Target state is Staged. Client id: CbsTask."
"03-08-2026 09:43:49","1","Information","Microsoft-Windows-Servicing","Initiating changes for package KB777778. Current state is Staged. Target state is Staged. Client id: CbsTask."
"03-08-2026 09:43:49","1","Information","Microsoft-Windows-Servicing","Initiating changes for package KB777778. Current state is Staged. Target state is Staged. Client id: CbsTask."
"03-08-2026 09:43:49","1","Information","Microsoft-Windows-Servicing","Initiating changes for package KB777778. Current state is Staged. Target state is Staged. Client id: CbsTask."
"03-08-2026 09:43:49","1","Information","Microsoft-Windows-Servicing","Initiating changes for package KB777778. Current state is Staged. Target state is Staged. Client id: CbsTask."
"03-08-2026 09:43:49","1","Information","Microsoft-Windows-Servicing","Initiating changes for package KB777778. Current state is Staged. Target state is Staged. Client id: CbsTask."
"03-08-2026 09:43:49","1","Information","Microsoft-Windows-Servicing","Initiating changes for package Language Pack. Current state is Staged. Target state is Staged. Client id: CbsTask."
"03-08-2026 09:43:49","1","Information","Microsoft-Windows-Servicing","Initiating changes for package Language Pack. Current state is Staged. Target state is Staged. Client id: CbsTask."
"03-08-2026 09:43:49","1","Information","Microsoft-Windows-Servicing","Initiating changes for package KB777778. Current state is Staged. Target state is Staged. Client id: CbsTask."
"03-08-2026 09:43:49","1","Information","Microsoft-Windows-Servicing","Initiating changes for package KB777778. Current state is Staged. Target state is Staged. Client id: CbsTask."
"03-08-2026 09:43:49","1","Information","Microsoft-Windows-Servicing","Initiating changes for package Microsoft-Windows-ActiveDirectory-DS-LDS-Tools-FoD-en-US. Current state is Staged. Target state is Staged. Client id: CbsTask."
"03-08-2026 09:43:49","1","Information","Microsoft-Windows-Servicing","Initiating changes for package Microsoft-Windows-ActiveDirectory-DS-LDS-Tools-FoD-en-GB. Current state is Staged. Target state is Staged. Client id: CbsTask."
"03-08-2026 09:43:49","1","Information","Microsoft-Windows-Servicing","Initiating changes for package KB777778. Current state is Staged. Target state is Staged. Client id: CbsTask."
"03-08-2026 09:43:49","1","Information","Microsoft-Windows-Servicing","Initiating changes for package KB777778. Current state is Staged. Target state is Staged. Client id: CbsTask."
"03-08-2026 09:43:49","1","Information","Microsoft-Windows-Servicing","Initiating changes for package Windows Professional Edition. Current state is Staged. Target state is Staged. Client id: CbsTask."
"03-08-2026 09:43:49","1","Information","Microsoft-Windows-Servicing","Initiating changes for package KB5043080. Current state is Staged. Target state is Staged. Client id: CbsTask."
"03-08-2026 09:43:42","2","Information","Microsoft-Windows-Servicing","Package KB777778 was successfully changed to the Staged state."
"03-08-2026 09:43:42","2","Information","Microsoft-Windows-Servicing","Package Microsoft-Windows-TerminalServices-AppServer-Client-FOD-en-US was successfully changed to the Staged state."
"03-08-2026 09:43:42","2","Information","Microsoft-Windows-Servicing","Package KB777778 was successfully changed to the Staged state."
"03-08-2026 09:43:42","2","Information","Microsoft-Windows-Servicing","Package Microsoft-Windows-TerminalServices-AppServer-Client-FOD-en-US was successfully changed to the Staged state."
"03-08-2026 09:43:42","2","Information","Microsoft-Windows-Servicing","Package KB777778 was successfully changed to the Staged state."
"03-08-2026 09:43:42","2","Information","Microsoft-Windows-Servicing","Package Microsoft-Windows-SenseClient-FoD-en-US was successfully changed to the Staged state."
"03-08-2026 09:43:42","2","Information","Microsoft-Windows-Servicing","Package KB777778 was successfully changed to the Staged state."
"03-08-2026 09:43:42","2","Information","Microsoft-Windows-Servicing","Package KB777778 was successfully changed to the Staged state."
"03-08-2026 09:43:42","2","Information","Microsoft-Windows-Servicing","Package KB777778 was successfully changed to the Staged state."
"03-08-2026 09:43:42","2","Information","Microsoft-Windows-Servicing","Package KB777778 was successfully changed to the Staged state."
"03-08-2026 09:43:42","2","Information","Microsoft-Windows-Servicing","Package Microsoft-Windows-WinOcr-FOD-en-US was successfully changed to the Staged state."
"03-08-2026 09:43:42","2","Information","Microsoft-Windows-Servicing","Package KB777778 was successfully changed to the Staged state."
"03-08-2026 09:43:42","2","Information","Microsoft-Windows-Servicing","Package KB777778 was successfully changed to the Staged state."
"03-08-2026 09:43:42","2","Information","Microsoft-Windows-Servicing","Package KB777778 was successfully changed to the Staged state."
"03-08-2026 09:43:42","2","Information","Microsoft-Windows-Servicing","Package KB777778 was successfully changed to the Staged state."
"03-08-2026 09:43:42","2","Information","Microsoft-Windows-Servicing","Package KB777778 was successfully changed to the Staged state."
"03-08-2026 09:43:42","2","Information","Microsoft-Windows-Servicing","Package KB777778 was successfully changed to the Staged state."
"03-08-2026 09:43:42","2","Information","Microsoft-Windows-Servicing","Package KB777778 was successfully changed to the Staged state."
"03-08-2026 09:43:42","2","Information","Microsoft-Windows-Servicing","Package KB777778 was successfully changed to the Staged state."
"03-08-2026 09:43:42","2","Information","Microsoft-Windows-Servicing","Package KB777778 was successfully changed to the Staged state."
"03-08-2026 09:43:42","2","Information","Microsoft-Windows-Servicing","Package KB777778 was successfully changed to the Staged state."
"03-08-2026 09:43:42","2","Information","Microsoft-Windows-Servicing","Package KB777778 was successfully changed to the Staged state."
"03-08-2026 09:43:42","2","Information","Microsoft-Windows-Servicing","Package KB777778 was successfully changed to the Staged state."
"03-08-2026 09:43:42","2","Information","Microsoft-Windows-Servicing","Package KB777778 was successfully changed to the Staged state."
"03-08-2026 09:43:42","2","Information","Microsoft-Windows-Servicing","Package KB777778 was successfully changed to the Staged state."
"03-08-2026 09:43:42","2","Information","Microsoft-Windows-Servicing","Package KB777778 was successfully changed to the Staged state."
"03-08-2026 09:43:42","2","Information","Microsoft-Windows-Servicing","Package KB777778 was successfully changed to the Staged state."
"03-08-2026 09:43:42","2","Information","Microsoft-Windows-Servicing","Package KB777778 was successfully changed to the Staged state."
"03-08-2026 09:43:42","2","Information","Microsoft-Windows-Servicing","Package KB777778 was successfully changed to the Staged state."
"03-08-2026 09:43:42","2","Information","Microsoft-Windows-Servicing","Package KB777778 was successfully changed to the Staged state."
"03-08-2026 09:43:42","2","Information","Microsoft-Windows-Servicing","Package KB777778 was successfully changed to the Staged state."
"03-08-2026 09:43:42","2","Information","Microsoft-Windows-Servicing","Package KB777778 was successfully changed to the Staged state."
"03-08-2026 09:43:42","2","Information","Microsoft-Windows-Servicing","Package KB777778 was successfully changed to the Staged state."
"03-08-2026 09:43:42","2","Information","Microsoft-Windows-Servicing","Package KB777778 was successfully changed to the Staged state."
"03-08-2026 09:43:42","2","Information","Microsoft-Windows-Servicing","Package KB777778 was successfully changed to the Staged state."
"03-08-2026 09:43:42","2","Information","Microsoft-Windows-Servicing","Package KB777778 was successfully changed to the Staged state."
"03-08-2026 09:43:42","2","Information","Microsoft-Windows-Servicing","Package KB777778 was successfully changed to the Staged state."
"03-08-2026 09:43:42","2","Information","Microsoft-Windows-Servicing","Package KB777778 was successfully changed to the Staged state."
"03-08-2026 09:43:42","2","Information","Microsoft-Windows-Servicing","Package KB777778 was successfully changed to the Staged state."
"03-08-2026 09:43:42","2","Information","Microsoft-Windows-Servicing","Package KB777778 was successfully changed to the Staged state."
"03-08-2026 09:43:42","2","Information","Microsoft-Windows-Servicing","Package Microsoft-Windows-VBSCRIPT-FoD-en-US was successfully changed to the Staged state."
"03-08-2026 09:43:42","2","Information","Microsoft-Windows-Servicing","Package KB777778 was successfully changed to the Staged state."
"03-08-2026 09:43:42","2","Information","Microsoft-Windows-Servicing","Package Microsoft-Windows-TFTP-Client-FOD-en-US was successfully changed to the Staged state."
"03-08-2026 09:43:42","2","Information","Microsoft-Windows-Servicing","Package KB777778 was successfully changed to the Staged state."
"03-08-2026 09:43:42","2","Information","Microsoft-Windows-Servicing","Package Microsoft-Windows-Telnet-Client-FOD-en-US was successfully changed to the Staged state."
"03-08-2026 09:43:42","2","Information","Microsoft-Windows-Servicing","Package KB777778 was successfully changed to the Staged state."
"03-08-2026 09:43:42","2","Information","Microsoft-Windows-Servicing","Package KB777778 was successfully changed to the Staged state."
"03-08-2026 09:43:42","2","Information","Microsoft-Windows-Servicing","Package KB777778 was successfully changed to the Staged state."
"03-08-2026 09:43:42","2","Information","Microsoft-Windows-Servicing","Package Microsoft-Windows-StepsRecorder-en-US was successfully changed to the Staged state."
"03-08-2026 09:43:42","2","Information","Microsoft-Windows-Servicing","Package Microsoft-Windows-StepsRecorder-en-GB was successfully changed to the Staged state."
"03-08-2026 09:43:42","2","Information","Microsoft-Windows-Servicing","Package KB777778 was successfully changed to the Staged state."
"03-08-2026 09:43:42","2","Information","Microsoft-Windows-Servicing","Package KB777778 was successfully changed to the Staged state."
"03-08-2026 09:43:42","2","Information","Microsoft-Windows-Servicing","Package KB777778 was successfully changed to the Staged state."
"03-08-2026 09:43:42","2","Information","Microsoft-Windows-Servicing","Package KB777778 was successfully changed to the Staged state."
"03-08-2026 09:43:42","2","Information","Microsoft-Windows-Servicing","Package Microsoft-Windows-ServerManager-Tools-FoD-en-US was successfully changed to the Staged state."
"03-08-2026 09:43:42","2","Information","Microsoft-Windows-Servicing","Package Microsoft-Windows-ServerManager-Tools-FoD-en-GB was successfully changed to the Staged state."
"03-08-2026 09:43:42","2","Information","Microsoft-Windows-Servicing","Package KB777778 was successfully changed to the Staged state."
"03-08-2026 09:43:42","2","Information","Microsoft-Windows-Servicing","Package Microsoft-Windows-ProjFS-OptionalFeature-FOD-en-US was successfully changed to the Staged state."
"03-08-2026 09:43:42","2","Information","Microsoft-Windows-Servicing","Package KB777778 was successfully changed to the Staged state."
"03-08-2026 09:43:42","2","Information","Microsoft-Windows-Servicing","Package Microsoft-Windows-Printing-PMCPPC-FoD-en-US was successfully changed to the Staged state."
"03-08-2026 09:43:42","2","Information","Microsoft-Windows-Servicing","Package Microsoft-Windows-Printing-PMCPPC-FoD-en-GB was successfully changed to the Staged state."
"03-08-2026 09:43:42","2","Information","Microsoft-Windows-Servicing","Package KB777778 was successfully changed to the Staged state."
"03-08-2026 09:43:42","2","Information","Microsoft-Windows-Servicing","Package KB777778 was successfully changed to the Staged state."
"03-08-2026 09:43:42","2","Information","Microsoft-Windows-Servicing","Package Microsoft-Windows-PowerShell-ISE-FOD-en-US was successfully changed to the Staged state."
"03-08-2026 09:43:42","2","Information","Microsoft-Windows-Servicing","Package Microsoft-Windows-PowerShell-ISE-FOD-en-GB was successfully changed to the Staged state."
"03-08-2026 09:43:42","2","Information","Microsoft-Windows-Servicing","Package KB777778 was successfully changed to the Staged state."
"03-08-2026 09:43:42","2","Information","Microsoft-Windows-Servicing","Package KB777778 was successfully changed to the Staged state."
"03-08-2026 09:43:42","2","Information","Microsoft-Windows-Servicing","Package Microsoft-Windows-Notepad-System-FoD-en-US was successfully changed to the Staged state."
"03-08-2026 09:43:42","2","Information","Microsoft-Windows-Servicing","Package Microsoft-Windows-Notepad-System-FoD-en-GB was successfully changed to the Staged state."
"03-08-2026 09:43:42","2","Information","Microsoft-Windows-Servicing","Package KB777778 was successfully changed to the Staged state."
"03-08-2026 09:43:42","2","Information","Microsoft-Windows-Servicing","Package KB777778 was successfully changed to the Staged state."
"03-08-2026 09:43:42","2","Information","Microsoft-Windows-Servicing","Package Microsoft-Windows-MediaPlayer-en-US was successfully changed to the Staged state."
"03-08-2026 09:43:42","2","Information","Microsoft-Windows-Servicing","Package Microsoft-Windows-MediaPlayer-en-GB was successfully changed to the Staged state."
"03-08-2026 09:43:42","2","Information","Microsoft-Windows-Servicing","Package Microsoft-Windows-Licenses-Professional-Package was successfully changed to the Staged state."
"03-08-2026 09:43:42","2","Information","Microsoft-Windows-Servicing","Package Microsoft-Windows-Licenses-Professional-Package was successfully changed to the Staged state."
"03-08-2026 09:43:42","2","Information","Microsoft-Windows-Servicing","Package KB777778 was successfully changed to the Staged state."
"03-08-2026 09:43:42","2","Information","Microsoft-Windows-Servicing","Package KB777778 was successfully changed to the Staged state."
"03-08-2026 09:43:42","2","Information","Microsoft-Windows-Servicing","Package KB777778 was successfully changed to the Staged state."
"03-08-2026 09:43:42","2","Information","Microsoft-Windows-Servicing","Package KB777778 was successfully changed to the Staged state."
"03-08-2026 09:43:42","2","Information","Microsoft-Windows-Servicing","Package KB777778 was successfully changed to the Staged state."
"03-08-2026 09:43:42","2","Information","Microsoft-Windows-Servicing","Package KB777778 was successfully changed to the Staged state."
"03-08-2026 09:43:42","2","Information","Microsoft-Windows-Servicing","Package KB777778 was successfully changed to the Staged state."
"03-08-2026 09:43:42","2","Information","Microsoft-Windows-Servicing","Package KB777778 was successfully changed to the Staged state."
"03-08-2026 09:43:42","2","Information","Microsoft-Windows-Servicing","Package KB777778 was successfully changed to the Staged state."
"03-08-2026 09:43:42","2","Information","Microsoft-Windows-Servicing","Package KB777778 was successfully changed to the Staged state."
"03-08-2026 09:43:42","2","Information","Microsoft-Windows-Servicing","Package KB777778 was successfully changed to the Staged state."
"03-08-2026 09:43:42","2","Information","Microsoft-Windows-Servicing","Package Microsoft-Windows-InternetExplorer-Optional-en-US was successfully changed to the Staged state."
"03-08-2026 09:43:42","2","Information","Microsoft-Windows-Servicing","Package KB777778 was successfully changed to the Staged state."
"03-08-2026 09:43:42","2","Information","Microsoft-Windows-Servicing","Package KB777778 was successfully changed to the Staged state."
"03-08-2026 09:43:42","2","Information","Microsoft-Windows-Servicing","Package KB777778 was successfully changed to the Staged state."
"03-08-2026 09:43:42","2","Information","Microsoft-Windows-Servicing","Package KB777778 was successfully changed to the Staged state."
"03-08-2026 09:43:42","2","Information","Microsoft-Windows-Servicing","Package KB777778 was successfully changed to the Staged state."
"03-08-2026 09:43:42","2","Information","Microsoft-Windows-Servicing","Package KB777778 was successfully changed to the Staged state."
"03-08-2026 09:43:42","2","Information","Microsoft-Windows-Servicing","Package KB777778 was successfully changed to the Staged state."
"03-08-2026 09:43:42","2","Information","Microsoft-Windows-Servicing","Package KB777778 was successfully changed to the Staged state."
"03-08-2026 09:43:42","2","Information","Microsoft-Windows-Servicing","Package KB777778 was successfully changed to the Staged state."
"03-08-2026 09:43:42","2","Information","Microsoft-Windows-Servicing","Package Language Pack was successfully changed to the Staged state."
"03-08-2026 09:43:42","2","Information","Microsoft-Windows-Servicing","Package Language Pack was successfully changed to the Staged state."
"03-08-2026 09:43:42","2","Information","Microsoft-Windows-Servicing","Package KB777778 was successfully changed to the Staged state."
"03-08-2026 09:43:42","2","Information","Microsoft-Windows-Servicing","Package KB777778 was successfully changed to the Staged state."
"03-08-2026 09:43:42","2","Information","Microsoft-Windows-Servicing","Package Microsoft-Windows-ActiveDirectory-DS-LDS-Tools-FoD-en-US was successfully changed to the Staged state."
"03-08-2026 09:43:42","2","Information","Microsoft-Windows-Servicing","Package Microsoft-Windows-ActiveDirectory-DS-LDS-Tools-FoD-en-GB was successfully changed to the Staged state."
"03-08-2026 09:43:42","2","Information","Microsoft-Windows-Servicing","Package KB777778 was successfully changed to the Staged state."
"03-08-2026 09:43:42","2","Information","Microsoft-Windows-Servicing","Package KB777778 was successfully changed to the Staged state."
"03-08-2026 09:43:42","2","Information","Microsoft-Windows-Servicing","Package Windows Professional Edition was successfully changed to the Staged state."
"03-08-2026 09:43:42","2","Information","Microsoft-Windows-Servicing","Package KB5043080 was successfully changed to the Staged state."
"03-08-2026 09:43:23","1","Information","Microsoft-Windows-Servicing","Initiating changes for package KB777778. Current state is Staged. Target state is Staged. Client id: CbsTask."
"03-08-2026 09:43:23","1","Information","Microsoft-Windows-Servicing","Initiating changes for package Microsoft-Windows-TerminalServices-AppServer-Client-FOD-en-US. Current state is Staged. Target state is Staged. Client id: CbsTask."
"03-08-2026 09:43:23","1","Information","Microsoft-Windows-Servicing","Initiating changes for package KB777778. Current state is Staged. Target state is Staged. Client id: CbsTask."
"03-08-2026 09:43:23","1","Information","Microsoft-Windows-Servicing","Initiating changes for package Microsoft-Windows-TerminalServices-AppServer-Client-FOD-en-US. Current state is Staged. Target state is Staged. Client id: CbsTask."
"03-08-2026 09:43:23","1","Information","Microsoft-Windows-Servicing","Initiating changes for package KB777778. Current state is Staged. Target state is Staged. Client id: CbsTask."
"03-08-2026 09:43:23","1","Information","Microsoft-Windows-Servicing","Initiating changes for package Microsoft-Windows-SenseClient-FoD-en-US. Current state is Staged. Target state is Staged. Client id: CbsTask."
"03-08-2026 09:43:23","1","Information","Microsoft-Windows-Servicing","Initiating changes for package KB777778. Current state is Staged. Target state is Staged. Client id: CbsTask."
"03-08-2026 09:43:23","1","Information","Microsoft-Windows-Servicing","Initiating changes for package KB777778. Current state is Staged. Target state is Staged. Client id: CbsTask."
"03-08-2026 09:43:23","1","Information","Microsoft-Windows-Servicing","Initiating changes for package KB777778. Current state is Staged. Target state is Staged. Client id: CbsTask."
"03-08-2026 09:43:23","1","Information","Microsoft-Windows-Servicing","Initiating changes for package KB777778. Current state is Staged. Target state is Staged. Client id: CbsTask."
"03-08-2026 09:43:23","1","Information","Microsoft-Windows-Servicing","Initiating changes for package Microsoft-Windows-WinOcr-FOD-en-US. Current state is Staged. Target state is Staged. Client id: CbsTask."
"03-08-2026 09:43:23","1","Information","Microsoft-Windows-Servicing","Initiating changes for package KB777778. Current state is Staged. Target state is Staged. Client id: CbsTask."
"03-08-2026 09:43:23","1","Information","Microsoft-Windows-Servicing","Initiating changes for package KB777778. Current state is Staged. Target state is Staged. Client id: CbsTask."
"03-08-2026 09:43:23","1","Information","Microsoft-Windows-Servicing","Initiating changes for package KB777778. Current state is Staged. Target state is Staged. Client id: CbsTask."
"03-08-2026 09:43:23","1","Information","Microsoft-Windows-Servicing","Initiating changes for package KB777778. Current state is Staged. Target state is Staged. Client id: CbsTask."
"03-08-2026 09:43:23","1","Information","Microsoft-Windows-Servicing","Initiating changes for package KB777778. Current state is Staged. Target state is Staged. Client id: CbsTask."
"03-08-2026 09:43:23","1","Information","Microsoft-Windows-Servicing","Initiating changes for package KB777778. Current state is Staged. Target state is Staged. Client id: CbsTask."
"03-08-2026 09:43:23","1","Information","Microsoft-Windows-Servicing","Initiating changes for package KB777778. Current state is Staged. Target state is Staged. Client id: CbsTask."
"03-08-2026 09:43:23","1","Information","Microsoft-Windows-Servicing","Initiating changes for package KB777778. Current state is Staged. Target state is Staged. Client id: CbsTask."
"03-08-2026 09:43:23","1","Information","Microsoft-Windows-Servicing","Initiating changes for package KB777778. Current state is Staged. Target state is Staged. Client id: CbsTask."
"03-08-2026 09:43:23","1","Information","Microsoft-Windows-Servicing","Initiating changes for package KB777778. Current state is Staged. Target state is Staged. Client id: CbsTask."
"03-08-2026 09:43:23","1","Information","Microsoft-Windows-Servicing","Initiating changes for package KB777778. Current state is Staged. Target state is Staged. Client id: CbsTask."
"03-08-2026 09:43:23","1","Information","Microsoft-Windows-Servicing","Initiating changes for package KB777778. Current state is Staged. Target state is Staged. Client id: CbsTask."
"03-08-2026 09:43:23","1","Information","Microsoft-Windows-Servicing","Initiating changes for package KB777778. Current state is Staged. Target state is Staged. Client id: CbsTask."
"03-08-2026 09:43:23","1","Information","Microsoft-Windows-Servicing","Initiating changes for package KB777778. Current state is Staged. Target state is Staged. Client id: CbsTask."
"03-08-2026 09:43:23","1","Information","Microsoft-Windows-Servicing","Initiating changes for package KB777778. Current state is Staged. Target state is Staged. Client id: CbsTask."
"03-08-2026 09:43:23","1","Information","Microsoft-Windows-Servicing","Initiating changes for package KB777778. Current state is Staged. Target state is Staged. Client id: CbsTask."
"03-08-2026 09:43:23","1","Information","Microsoft-Windows-Servicing","Initiating changes for package KB777778. Current state is Staged. Target state is Staged. Client id: CbsTask."
"03-08-2026 09:43:23","1","Information","Microsoft-Windows-Servicing","Initiating changes for package KB777778. Current state is Staged. Target state is Staged. Client id: CbsTask."
"03-08-2026 09:43:23","1","Information","Microsoft-Windows-Servicing","Initiating changes for package KB777778. Current state is Staged. Target state is Staged. Client id: CbsTask."
"03-08-2026 09:43:23","1","Information","Microsoft-Windows-Servicing","Initiating changes for package KB777778. Current state is Staged. Target state is Staged. Client id: CbsTask."
"03-08-2026 09:43:23","1","Information","Microsoft-Windows-Servicing","Initiating changes for package KB777778. Current state is Staged. Target state is Staged. Client id: CbsTask."
"03-08-2026 09:43:23","1","Information","Microsoft-Windows-Servicing","Initiating changes for package KB777778. Current state is Staged. Target state is Staged. Client id: CbsTask."
"03-08-2026 09:43:23","1","Information","Microsoft-Windows-Servicing","Initiating changes for package KB777778. Current state is Staged. Target state is Staged. Client id: CbsTask."
"03-08-2026 09:43:23","1","Information","Microsoft-Windows-Servicing","Initiating changes for package KB777778. Current state is Staged. Target state is Staged. Client id: CbsTask."
"03-08-2026 09:43:23","1","Information","Microsoft-Windows-Servicing","Initiating changes for package KB777778. Current state is Staged. Target state is Staged. Client id: CbsTask."
"03-08-2026 09:43:23","1","Information","Microsoft-Windows-Servicing","Initiating changes for package KB777778. Current state is Staged. Target state is Staged. Client id: CbsTask."
"03-08-2026 09:43:23","1","Information","Microsoft-Windows-Servicing","Initiating changes for package KB777778. Current state is Staged. Target state is Staged. Client id: CbsTask."
"03-08-2026 09:43:23","1","Information","Microsoft-Windows-Servicing","Initiating changes for package KB777778. Current state is Staged. Target state is Staged. Client id: CbsTask."
"03-08-2026 09:43:23","1","Information","Microsoft-Windows-Servicing","Initiating changes for package KB777778. Current state is Staged. Target state is Staged. Client id: CbsTask."
"03-08-2026 09:43:23","1","Information","Microsoft-Windows-Servicing","Initiating changes for package Microsoft-Windows-VBSCRIPT-FoD-en-US. Current state is Staged. Target state is Staged. Client id: CbsTask."
"03-08-2026 09:43:23","1","Information","Microsoft-Windows-Servicing","Initiating changes for package KB777778. Current state is Staged. Target state is Staged. Client id: CbsTask."
"03-08-2026 09:43:23","1","Information","Microsoft-Windows-Servicing","Initiating changes for package Microsoft-Windows-TFTP-Client-FOD-en-US. Current state is Staged. Target state is Staged. Client id: CbsTask."
"03-08-2026 09:43:23","1","Information","Microsoft-Windows-Servicing","Initiating changes for package KB777778. Current state is Staged. Target state is Staged. Client id: CbsTask."
"03-08-2026 09:43:23","1","Information","Microsoft-Windows-Servicing","Initiating changes for package Microsoft-Windows-Telnet-Client-FOD-en-US. Current state is Staged. Target state is Staged. Client id: CbsTask."
"03-08-2026 09:43:23","1","Information","Microsoft-Windows-Servicing","Initiating changes for package KB777778. Current state is Staged. Target state is Staged. Client id: CbsTask."
"03-08-2026 09:43:23","1","Information","Microsoft-Windows-Servicing","Initiating changes for package KB777778. Current state is Staged. Target state is Staged. Client id: CbsTask."
"03-08-2026 09:43:23","1","Information","Microsoft-Windows-Servicing","Initiating changes for package KB777778. Current state is Staged. Target state is Staged. Client id: CbsTask."
"03-08-2026 09:43:23","1","Information","Microsoft-Windows-Servicing","Initiating changes for package Microsoft-Windows-StepsRecorder-en-US. Current state is Staged. Target state is Staged. Client id: CbsTask."
"03-08-2026 09:43:23","1","Information","Microsoft-Windows-Servicing","Initiating changes for package Microsoft-Windows-StepsRecorder-en-GB. Current state is Staged. Target state is Staged. Client id: CbsTask."
"03-08-2026 09:43:23","1","Information","Microsoft-Windows-Servicing","Initiating changes for package KB777778. Current state is Staged. Target state is Staged. Client id: CbsTask."
"03-08-2026 09:43:23","1","Information","Microsoft-Windows-Servicing","Initiating changes for package KB777778. Current state is Staged. Target state is Staged. Client id: CbsTask."
"03-08-2026 09:43:23","1","Information","Microsoft-Windows-Servicing","Initiating changes for package KB777778. Current state is Staged. Target state is Staged. Client id: CbsTask."
"03-08-2026 09:43:23","1","Information","Microsoft-Windows-Servicing","Initiating changes for package KB777778. Current state is Staged. Target state is Staged. Client id: CbsTask."
"03-08-2026 09:43:23","1","Information","Microsoft-Windows-Servicing","Initiating changes for package Microsoft-Windows-ServerManager-Tools-FoD-en-US. Current state is Staged. Target state is Staged. Client id: CbsTask."
"03-08-2026 09:43:23","1","Information","Microsoft-Windows-Servicing","Initiating changes for package Microsoft-Windows-ServerManager-Tools-FoD-en-GB. Current state is Staged. Target state is Staged. Client id: CbsTask."
"03-08-2026 09:43:23","1","Information","Microsoft-Windows-Servicing","Initiating changes for package KB777778. Current state is Staged. Target state is Staged. Client id: CbsTask."
"03-08-2026 09:43:23","1","Information","Microsoft-Windows-Servicing","Initiating changes for package Microsoft-Windows-ProjFS-OptionalFeature-FOD-en-US. Current state is Staged. Target state is Staged. Client id: CbsTask."
"03-08-2026 09:43:23","1","Information","Microsoft-Windows-Servicing","Initiating changes for package KB777778. Current state is Staged. Target state is Staged. Client id: CbsTask."
"03-08-2026 09:43:23","1","Information","Microsoft-Windows-Servicing","Initiating changes for package Microsoft-Windows-Printing-PMCPPC-FoD-en-US. Current state is Staged. Target state is Staged. Client id: CbsTask."
"03-08-2026 09:43:23","1","Information","Microsoft-Windows-Servicing","Initiating changes for package Microsoft-Windows-Printing-PMCPPC-FoD-en-GB. Current state is Staged. Target state is Staged. Client id: CbsTask."
"03-08-2026 09:43:23","1","Information","Microsoft-Windows-Servicing","Initiating changes for package KB777778. Current state is Staged. Target state is Staged. Client id: CbsTask."
"03-08-2026 09:43:23","1","Information","Microsoft-Windows-Servicing","Initiating changes for package KB777778. Current state is Staged. Target state is Staged. Client id: CbsTask."
"03-08-2026 09:43:23","1","Information","Microsoft-Windows-Servicing","Initiating changes for package Microsoft-Windows-PowerShell-ISE-FOD-en-US. Current state is Staged. Target state is Staged. Client id: CbsTask."
"03-08-2026 09:43:23","1","Information","Microsoft-Windows-Servicing","Initiating changes for package Microsoft-Windows-PowerShell-ISE-FOD-en-GB. Current state is Staged. Target state is Staged. Client id: CbsTask."
"03-08-2026 09:43:23","1","Information","Microsoft-Windows-Servicing","Initiating changes for package KB777778. Current state is Staged. Target state is Staged. Client id: CbsTask."
"03-08-2026 09:43:23","1","Information","Microsoft-Windows-Servicing","Initiating changes for package KB777778. Current state is Staged. Target state is Staged. Client id: CbsTask."
"03-08-2026 09:43:23","1","Information","Microsoft-Windows-Servicing","Initiating changes for package Microsoft-Windows-Notepad-System-FoD-en-US. Current state is Staged. Target state is Staged. Client id: CbsTask."
"03-08-2026 09:43:23","1","Information","Microsoft-Windows-Servicing","Initiating changes for package Microsoft-Windows-Notepad-System-FoD-en-GB. Current state is Staged. Target state is Staged. Client id: CbsTask."
"03-08-2026 09:43:23","1","Information","Microsoft-Windows-Servicing","Initiating changes for package KB777778. Current state is Staged. Target state is Staged. Client id: CbsTask."
"03-08-2026 09:43:23","1","Information","Microsoft-Windows-Servicing","Initiating changes for package KB777778. Current state is Staged. Target state is Staged. Client id: CbsTask."
"03-08-2026 09:43:23","1","Information","Microsoft-Windows-Servicing","Initiating changes for package Microsoft-Windows-MediaPlayer-en-US. Current state is Staged. Target state is Staged. Client id: CbsTask."
"03-08-2026 09:43:23","1","Information","Microsoft-Windows-Servicing","Initiating changes for package Microsoft-Windows-MediaPlayer-en-GB. Current state is Staged. Target state is Staged. Client id: CbsTask."
"03-08-2026 09:43:23","1","Information","Microsoft-Windows-Servicing","Initiating changes for package Microsoft-Windows-Licenses-Professional-Package. Current state is Staged. Target state is Staged. Client id: CbsTask."
"03-08-2026 09:43:23","1","Information","Microsoft-Windows-Servicing","Initiating changes for package Microsoft-Windows-Licenses-Professional-Package. Current state is Staged. Target state is Staged. Client id: CbsTask."
"03-08-2026 09:43:23","1","Information","Microsoft-Windows-Servicing","Initiating changes for package KB777778. Current state is Staged. Target state is Staged. Client id: CbsTask."
"03-08-2026 09:43:23","1","Information","Microsoft-Windows-Servicing","Initiating changes for package KB777778. Current state is Staged. Target state is Staged. Client id: CbsTask."
"03-08-2026 09:43:23","1","Information","Microsoft-Windows-Servicing","Initiating changes for package KB777778. Current state is Staged. Target state is Staged. Client id: CbsTask."
"03-08-2026 09:43:23","1","Information","Microsoft-Windows-Servicing","Initiating changes for package KB777778. Current state is Staged. Target state is Staged. Client id: CbsTask."
"03-08-2026 09:43:23","1","Information","Microsoft-Windows-Servicing","Initiating changes for package KB777778. Current state is Staged. Target state is Staged. Client id: CbsTask."
"03-08-2026 09:43:23","1","Information","Microsoft-Windows-Servicing","Initiating changes for package KB777778. Current state is Staged. Target state is Staged. Client id: CbsTask."
"03-08-2026 09:43:23","1","Information","Microsoft-Windows-Servicing","Initiating changes for package KB777778. Current state is Staged. Target state is Staged. Client id: CbsTask."
"03-08-2026 09:43:23","1","Information","Microsoft-Windows-Servicing","Initiating changes for package KB777778. Current state is Staged. Target state is Staged. Client id: CbsTask."
"03-08-2026 09:43:23","1","Information","Microsoft-Windows-Servicing","Initiating changes for package KB777778. Current state is Staged. Target state is Staged. Client id: CbsTask."
"03-08-2026 09:43:23","1","Information","Microsoft-Windows-Servicing","Initiating changes for package KB777778. Current state is Staged. Target state is Staged. Client id: CbsTask."
"03-08-2026 09:43:23","1","Information","Microsoft-Windows-Servicing","Initiating changes for package KB777778. Current state is Staged. Target state is Staged. Client id: CbsTask."
"03-08-2026 09:43:23","1","Information","Microsoft-Windows-Servicing","Initiating changes for package Microsoft-Windows-InternetExplorer-Optional-en-US. Current state is Staged. Target state is Staged. Client id: CbsTask."
"03-08-2026 09:43:23","1","Information","Microsoft-Windows-Servicing","Initiating changes for package KB777778. Current state is Staged. Target state is Staged. Client id: CbsTask."
"03-08-2026 09:43:23","1","Information","Microsoft-Windows-Servicing","Initiating changes for package KB777778. Current state is Staged. Target state is Staged. Client id: CbsTask."
"03-08-2026 09:43:23","1","Information","Microsoft-Windows-Servicing","Initiating changes for package KB777778. Current state is Staged. Target state is Staged. Client id: CbsTask."
"03-08-2026 09:43:23","1","Information","Microsoft-Windows-Servicing","Initiating changes for package KB777778. Current state is Staged. Target state is Staged. Client id: CbsTask."
"03-08-2026 09:43:23","1","Information","Microsoft-Windows-Servicing","Initiating changes for package KB777778. Current state is Staged. Target state is Staged. Client id: CbsTask."
"03-08-2026 09:43:23","1","Information","Microsoft-Windows-Servicing","Initiating changes for package KB777778. Current state is Staged. Target state is Staged. Client id: CbsTask."
"03-08-2026 09:43:23","1","Information","Microsoft-Windows-Servicing","Initiating changes for package KB777778. Current state is Staged. Target state is Staged. Client id: CbsTask."
"03-08-2026 09:43:23","1","Information","Microsoft-Windows-Servicing","Initiating changes for package KB777778. Current state is Staged. Target state is Staged. Client id: CbsTask."
"03-08-2026 09:43:23","1","Information","Microsoft-Windows-Servicing","Initiating changes for package KB777778. Current state is Staged. Target state is Staged. Client id: CbsTask."
"03-08-2026 09:43:23","1","Information","Microsoft-Windows-Servicing","Initiating changes for package Language Pack. Current state is Staged. Target state is Staged. Client id: CbsTask."
"03-08-2026 09:43:23","1","Information","Microsoft-Windows-Servicing","Initiating changes for package Language Pack. Current state is Staged. Target state is Staged. Client id: CbsTask."
"03-08-2026 09:43:23","1","Information","Microsoft-Windows-Servicing","Initiating changes for package KB777778. Current state is Staged. Target state is Staged. Client id: CbsTask."
"03-08-2026 09:43:23","1","Information","Microsoft-Windows-Servicing","Initiating changes for package KB777778. Current state is Staged. Target state is Staged. Client id: CbsTask."
"03-08-2026 09:43:23","1","Information","Microsoft-Windows-Servicing","Initiating changes for package Microsoft-Windows-ActiveDirectory-DS-LDS-Tools-FoD-en-US. Current state is Staged. Target state is Staged. Client id: CbsTask."
"03-08-2026 09:43:23","1","Information","Microsoft-Windows-Servicing","Initiating changes for package Microsoft-Windows-ActiveDirectory-DS-LDS-Tools-FoD-en-GB. Current state is Staged. Target state is Staged. Client id: CbsTask."
"03-08-2026 09:43:23","1","Information","Microsoft-Windows-Servicing","Initiating changes for package KB777778. Current state is Staged. Target state is Staged. Client id: CbsTask."
"03-08-2026 09:43:23","1","Information","Microsoft-Windows-Servicing","Initiating changes for package KB777778. Current state is Staged. Target state is Staged. Client id: CbsTask."
"03-08-2026 09:43:23","1","Information","Microsoft-Windows-Servicing","Initiating changes for package Windows Professional Edition. Current state is Staged. Target state is Staged. Client id: CbsTask."
"03-08-2026 09:43:23","1","Information","Microsoft-Windows-Servicing","Initiating changes for package KB5043080. Current state is Staged. Target state is Staged. Client id: CbsTask."
"03-08-2026 09:43:18","2","Information","Microsoft-Windows-Servicing","Package KB777778 was successfully changed to the Staged state."
"03-08-2026 09:43:18","2","Information","Microsoft-Windows-Servicing","Package Microsoft-Windows-TerminalServices-AppServer-Client-FOD-en-US was successfully changed to the Staged state."
"03-08-2026 09:43:18","2","Information","Microsoft-Windows-Servicing","Package KB777778 was successfully changed to the Staged state."
"03-08-2026 09:43:18","2","Information","Microsoft-Windows-Servicing","Package Microsoft-Windows-TerminalServices-AppServer-Client-FOD-en-US was successfully changed to the Staged state."
"03-08-2026 09:43:18","2","Information","Microsoft-Windows-Servicing","Package KB777778 was successfully changed to the Staged state."
"03-08-2026 09:43:18","2","Information","Microsoft-Windows-Servicing","Package Microsoft-Windows-SenseClient-FoD-en-US was successfully changed to the Staged state."
"03-08-2026 09:43:18","2","Information","Microsoft-Windows-Servicing","Package KB777778 was successfully changed to the Staged state."
"03-08-2026 09:43:18","2","Information","Microsoft-Windows-Servicing","Package KB777778 was successfully changed to the Staged state."
"03-08-2026 09:43:18","2","Information","Microsoft-Windows-Servicing","Package KB777778 was successfully changed to the Staged state."
"03-08-2026 09:43:18","2","Information","Microsoft-Windows-Servicing","Package KB777778 was successfully changed to the Staged state."
"03-08-2026 09:43:18","2","Information","Microsoft-Windows-Servicing","Package Microsoft-Windows-WinOcr-FOD-en-US was successfully changed to the Staged state."
"03-08-2026 09:43:18","2","Information","Microsoft-Windows-Servicing","Package KB777778 was successfully changed to the Staged state."
"03-08-2026 09:43:18","2","Information","Microsoft-Windows-Servicing","Package KB777778 was successfully changed to the Staged state."
"03-08-2026 09:43:18","2","Information","Microsoft-Windows-Servicing","Package KB777778 was successfully changed to the Staged state."
"03-08-2026 09:43:18","2","Information","Microsoft-Windows-Servicing","Package KB777778 was successfully changed to the Staged state."
"03-08-2026 09:43:18","2","Information","Microsoft-Windows-Servicing","Package KB777778 was successfully changed to the Staged state."
"03-08-2026 09:43:18","2","Information","Microsoft-Windows-Servicing","Package KB777778 was successfully changed to the Staged state."
"03-08-2026 09:43:18","2","Information","Microsoft-Windows-Servicing","Package KB777778 was successfully changed to the Staged state."
"03-08-2026 09:43:18","2","Information","Microsoft-Windows-Servicing","Package KB777778 was successfully changed to the Staged state."
"03-08-2026 09:43:18","2","Information","Microsoft-Windows-Servicing","Package KB777778 was successfully changed to the Staged state."
"03-08-2026 09:43:18","2","Information","Microsoft-Windows-Servicing","Package KB777778 was successfully changed to the Staged state."
"03-08-2026 09:43:18","2","Information","Microsoft-Windows-Servicing","Package KB777778 was successfully changed to the Staged state."
"03-08-2026 09:43:18","2","Information","Microsoft-Windows-Servicing","Package KB777778 was successfully changed to the Staged state."
"03-08-2026 09:43:18","2","Information","Microsoft-Windows-Servicing","Package KB777778 was successfully changed to the Staged state."
"03-08-2026 09:43:18","2","Information","Microsoft-Windows-Servicing","Package KB777778 was successfully changed to the Staged state."
"03-08-2026 09:43:18","2","Information","Microsoft-Windows-Servicing","Package KB777778 was successfully changed to the Staged state."
"03-08-2026 09:43:18","2","Information","Microsoft-Windows-Servicing","Package KB777778 was successfully changed to the Staged state."
"03-08-2026 09:43:18","2","Information","Microsoft-Windows-Servicing","Package KB777778 was successfully changed to the Staged state."
"03-08-2026 09:43:18","2","Information","Microsoft-Windows-Servicing","Package KB777778 was successfully changed to the Staged state."
"03-08-2026 09:43:18","2","Information","Microsoft-Windows-Servicing","Package KB777778 was successfully changed to the Staged state."
"03-08-2026 09:43:18","2","Information","Microsoft-Windows-Servicing","Package KB777778 was successfully changed to the Staged state."
"03-08-2026 09:43:18","2","Information","Microsoft-Windows-Servicing","Package KB777778 was successfully changed to the Staged state."
"03-08-2026 09:43:18","2","Information","Microsoft-Windows-Servicing","Package KB777778 was successfully changed to the Staged state."
"03-08-2026 09:43:18","2","Information","Microsoft-Windows-Servicing","Package KB777778 was successfully changed to the Staged state."
"03-08-2026 09:43:18","2","Information","Microsoft-Windows-Servicing","Package KB777778 was successfully changed to the Staged state."
"03-08-2026 09:43:18","2","Information","Microsoft-Windows-Servicing","Package KB777778 was successfully changed to the Staged state."
"03-08-2026 09:43:18","2","Information","Microsoft-Windows-Servicing","Package KB777778 was successfully changed to the Staged state."
"03-08-2026 09:43:18","2","Information","Microsoft-Windows-Servicing","Package KB777778 was successfully changed to the Staged state."
"03-08-2026 09:43:18","2","Information","Microsoft-Windows-Servicing","Package KB777778 was successfully changed to the Staged state."
"03-08-2026 09:43:18","2","Information","Microsoft-Windows-Servicing","Package KB777778 was successfully changed to the Staged state."
"03-08-2026 09:43:18","2","Information","Microsoft-Windows-Servicing","Package Microsoft-Windows-VBSCRIPT-FoD-en-US was successfully changed to the Staged state."
"03-08-2026 09:43:18","2","Information","Microsoft-Windows-Servicing","Package KB777778 was successfully changed to the Staged state."
"03-08-2026 09:43:18","2","Information","Microsoft-Windows-Servicing","Package Microsoft-Windows-TFTP-Client-FOD-en-US was successfully changed to the Staged state."
"03-08-2026 09:43:18","2","Information","Microsoft-Windows-Servicing","Package KB777778 was successfully changed to the Staged state."
"03-08-2026 09:43:18","2","Information","Microsoft-Windows-Servicing","Package Microsoft-Windows-Telnet-Client-FOD-en-US was successfully changed to the Staged state."
"03-08-2026 09:43:18","2","Information","Microsoft-Windows-Servicing","Package KB777778 was successfully changed to the Staged state."
"03-08-2026 09:43:18","2","Information","Microsoft-Windows-Servicing","Package KB777778 was successfully changed to the Staged state."
"03-08-2026 09:43:18","2","Information","Microsoft-Windows-Servicing","Package KB777778 was successfully changed to the Staged state."
"03-08-2026 09:43:18","2","Information","Microsoft-Windows-Servicing","Package Microsoft-Windows-StepsRecorder-en-US was successfully changed to the Staged state."
"03-08-2026 09:43:18","2","Information","Microsoft-Windows-Servicing","Package Microsoft-Windows-StepsRecorder-en-GB was successfully changed to the Staged state."
"03-08-2026 09:43:18","2","Information","Microsoft-Windows-Servicing","Package KB777778 was successfully changed to the Staged state."
"03-08-2026 09:43:18","2","Information","Microsoft-Windows-Servicing","Package KB777778 was successfully changed to the Staged state."
"03-08-2026 09:43:18","2","Information","Microsoft-Windows-Servicing","Package KB777778 was successfully changed to the Staged state."
"03-08-2026 09:43:18","2","Information","Microsoft-Windows-Servicing","Package KB777778 was successfully changed to the Staged state."
"03-08-2026 09:43:18","2","Information","Microsoft-Windows-Servicing","Package Microsoft-Windows-ServerManager-Tools-FoD-en-US was successfully changed to the Staged state."
"03-08-2026 09:43:18","2","Information","Microsoft-Windows-Servicing","Package Microsoft-Windows-ServerManager-Tools-FoD-en-GB was successfully changed to the Staged state."
"03-08-2026 09:43:18","2","Information","Microsoft-Windows-Servicing","Package KB777778 was successfully changed to the Staged state."
"03-08-2026 09:43:18","2","Information","Microsoft-Windows-Servicing","Package Microsoft-Windows-ProjFS-OptionalFeature-FOD-en-US was successfully changed to the Staged state."
"03-08-2026 09:43:18","2","Information","Microsoft-Windows-Servicing","Package KB777778 was successfully changed to the Staged state."
"03-08-2026 09:43:18","2","Information","Microsoft-Windows-Servicing","Package Microsoft-Windows-Printing-PMCPPC-FoD-en-US was successfully changed to the Staged state."
"03-08-2026 09:43:18","2","Information","Microsoft-Windows-Servicing","Package Microsoft-Windows-Printing-PMCPPC-FoD-en-GB was successfully changed to the Staged state."
"03-08-2026 09:43:18","2","Information","Microsoft-Windows-Servicing","Package KB777778 was successfully changed to the Staged state."
"03-08-2026 09:43:18","2","Information","Microsoft-Windows-Servicing","Package KB777778 was successfully changed to the Staged state."
"03-08-2026 09:43:18","2","Information","Microsoft-Windows-Servicing","Package Microsoft-Windows-PowerShell-ISE-FOD-en-US was successfully changed to the Staged state."
"03-08-2026 09:43:18","2","Information","Microsoft-Windows-Servicing","Package Microsoft-Windows-PowerShell-ISE-FOD-en-GB was successfully changed to the Staged state."
"03-08-2026 09:43:18","2","Information","Microsoft-Windows-Servicing","Package KB777778 was successfully changed to the Staged state."
"03-08-2026 09:43:18","2","Information","Microsoft-Windows-Servicing","Package KB777778 was successfully changed to the Staged state."
"03-08-2026 09:43:18","2","Information","Microsoft-Windows-Servicing","Package Microsoft-Windows-Notepad-System-FoD-en-US was successfully changed to the Staged state."
"03-08-2026 09:43:18","2","Information","Microsoft-Windows-Servicing","Package Microsoft-Windows-Notepad-System-FoD-en-GB was successfully changed to the Staged state."
"03-08-2026 09:43:18","2","Information","Microsoft-Windows-Servicing","Package KB777778 was successfully changed to the Staged state."
"03-08-2026 09:43:18","2","Information","Microsoft-Windows-Servicing","Package KB777778 was successfully changed to the Staged state."
"03-08-2026 09:43:18","2","Information","Microsoft-Windows-Servicing","Package Microsoft-Windows-MediaPlayer-en-US was successfully changed to the Staged state."
"03-08-2026 09:43:18","2","Information","Microsoft-Windows-Servicing","Package Microsoft-Windows-MediaPlayer-en-GB was successfully changed to the Staged state."
"03-08-2026 09:43:18","2","Information","Microsoft-Windows-Servicing","Package Microsoft-Windows-Licenses-Professional-Package was successfully changed to the Staged state."
"03-08-2026 09:43:18","2","Information","Microsoft-Windows-Servicing","Package Microsoft-Windows-Licenses-Professional-Package was successfully changed to the Staged state."
"03-08-2026 09:43:18","2","Information","Microsoft-Windows-Servicing","Package KB777778 was successfully changed to the Staged state."
"03-08-2026 09:43:18","2","Information","Microsoft-Windows-Servicing","Package KB777778 was successfully changed to the Staged state."
"03-08-2026 09:43:18","2","Information","Microsoft-Windows-Servicing","Package KB777778 was successfully changed to the Staged state."
"03-08-2026 09:43:18","2","Information","Microsoft-Windows-Servicing","Package KB777778 was successfully changed to the Staged state."
"03-08-2026 09:43:18","2","Information","Microsoft-Windows-Servicing","Package KB777778 was successfully changed to the Staged state."
"03-08-2026 09:43:18","2","Information","Microsoft-Windows-Servicing","Package KB777778 was successfully changed to the Staged state."
"03-08-2026 09:43:18","2","Information","Microsoft-Windows-Servicing","Package KB777778 was successfully changed to the Staged state."
"03-08-2026 09:43:18","2","Information","Microsoft-Windows-Servicing","Package KB777778 was successfully changed to the Staged state."
"03-08-2026 09:43:18","2","Information","Microsoft-Windows-Servicing","Package KB777778 was successfully changed to the Staged state."
"03-08-2026 09:43:18","2","Information","Microsoft-Windows-Servicing","Package KB777778 was successfully changed to the Staged state."
"03-08-2026 09:43:18","2","Information","Microsoft-Windows-Servicing","Package KB777778 was successfully changed to the Staged state."
"03-08-2026 09:43:18","2","Information","Microsoft-Windows-Servicing","Package Microsoft-Windows-InternetExplorer-Optional-en-US was successfully changed to the Staged state."
"03-08-2026 09:43:18","2","Information","Microsoft-Windows-Servicing","Package KB777778 was successfully changed to the Staged state."
"03-08-2026 09:43:18","2","Information","Microsoft-Windows-Servicing","Package KB777778 was successfully changed to the Staged state."
"03-08-2026 09:43:18","2","Information","Microsoft-Windows-Servicing","Package KB777778 was successfully changed to the Staged state."
"03-08-2026 09:43:18","2","Information","Microsoft-Windows-Servicing","Package KB777778 was successfully changed to the Staged state."
"03-08-2026 09:43:18","2","Information","Microsoft-Windows-Servicing","Package KB777778 was successfully changed to the Staged state."
"03-08-2026 09:43:18","2","Information","Microsoft-Windows-Servicing","Package KB777778 was successfully changed to the Staged state."
"03-08-2026 09:43:18","2","Information","Microsoft-Windows-Servicing","Package KB777778 was successfully changed to the Staged state."
"03-08-2026 09:43:18","2","Information","Microsoft-Windows-Servicing","Package KB777778 was successfully changed to the Staged state."
"03-08-2026 09:43:18","2","Information","Microsoft-Windows-Servicing","Package KB777778 was successfully changed to the Staged state."
"03-08-2026 09:43:18","2","Information","Microsoft-Windows-Servicing","Package Language Pack was successfully changed to the Staged state."
"03-08-2026 09:43:18","2","Information","Microsoft-Windows-Servicing","Package Language Pack was successfully changed to the Staged state."
"03-08-2026 09:43:18","2","Information","Microsoft-Windows-Servicing","Package KB777778 was successfully changed to the Staged state."
"03-08-2026 09:43:18","2","Information","Microsoft-Windows-Servicing","Package KB777778 was successfully changed to the Staged state."
"03-08-2026 09:43:18","2","Information","Microsoft-Windows-Servicing","Package Microsoft-Windows-ActiveDirectory-DS-LDS-Tools-FoD-en-US was successfully changed to the Staged state."
"03-08-2026 09:43:18","2","Information","Microsoft-Windows-Servicing","Package Microsoft-Windows-ActiveDirectory-DS-LDS-Tools-FoD-en-GB was successfully changed to the Staged state."
"03-08-2026 09:43:18","2","Information","Microsoft-Windows-Servicing","Package KB777778 was successfully changed to the Staged state."
"03-08-2026 09:43:18","2","Information","Microsoft-Windows-Servicing","Package KB777778 was successfully changed to the Staged state."
"03-08-2026 09:43:18","2","Information","Microsoft-Windows-Servicing","Package Windows Professional Edition was successfully changed to the Staged state."
"03-08-2026 09:43:18","2","Information","Microsoft-Windows-Servicing","Package KB5043080 was successfully changed to the Staged state."
"03-08-2026 09:42:57","1","Information","Microsoft-Windows-Servicing","Initiating changes for package KB777778. Current state is Staged. Target state is Staged. Client id: CbsTask."
"03-08-2026 09:42:57","1","Information","Microsoft-Windows-Servicing","Initiating changes for package Microsoft-Windows-TerminalServices-AppServer-Client-FOD-en-US. Current state is Staged. Target state is Staged. Client id: CbsTask."
"03-08-2026 09:42:57","1","Information","Microsoft-Windows-Servicing","Initiating changes for package KB777778. Current state is Staged. Target state is Staged. Client id: CbsTask."
"03-08-2026 09:42:57","1","Information","Microsoft-Windows-Servicing","Initiating changes for package Microsoft-Windows-TerminalServices-AppServer-Client-FOD-en-US. Current state is Staged. Target state is Staged. Client id: CbsTask."
"03-08-2026 09:42:57","1","Information","Microsoft-Windows-Servicing","Initiating changes for package KB777778. Current state is Staged. Target state is Staged. Client id: CbsTask."
"03-08-2026 09:42:57","1","Information","Microsoft-Windows-Servicing","Initiating changes for package Microsoft-Windows-SenseClient-FoD-en-US. Current state is Staged. Target state is Staged. Client id: CbsTask."
"03-08-2026 09:42:57","1","Information","Microsoft-Windows-Servicing","Initiating changes for package KB777778. Current state is Staged. Target state is Staged. Client id: CbsTask."
"03-08-2026 09:42:57","1","Information","Microsoft-Windows-Servicing","Initiating changes for package KB777778. Current state is Staged. Target state is Staged. Client id: CbsTask."
"03-08-2026 09:42:57","1","Information","Microsoft-Windows-Servicing","Initiating changes for package KB777778. Current state is Staged. Target state is Staged. Client id: CbsTask."
"03-08-2026 09:42:57","1","Information","Microsoft-Windows-Servicing","Initiating changes for package KB777778. Current state is Staged. Target state is Staged. Client id: CbsTask."
"03-08-2026 09:42:57","1","Information","Microsoft-Windows-Servicing","Initiating changes for package Microsoft-Windows-WinOcr-FOD-en-US. Current state is Staged. Target state is Staged. Client id: CbsTask."
"03-08-2026 09:42:57","1","Information","Microsoft-Windows-Servicing","Initiating changes for package KB777778. Current state is Staged. Target state is Staged. Client id: CbsTask."
"03-08-2026 09:42:57","1","Information","Microsoft-Windows-Servicing","Initiating changes for package KB777778. Current state is Staged. Target state is Staged. Client id: CbsTask."
"03-08-2026 09:42:57","1","Information","Microsoft-Windows-Servicing","Initiating changes for package KB777778. Current state is Staged. Target state is Staged. Client id: CbsTask."
"03-08-2026 09:42:57","1","Information","Microsoft-Windows-Servicing","Initiating changes for package KB777778. Current state is Staged. Target state is Staged. Client id: CbsTask."
"03-08-2026 09:42:57","1","Information","Microsoft-Windows-Servicing","Initiating changes for package KB777778. Current state is Staged. Target state is Staged. Client id: CbsTask."
"03-08-2026 09:42:57","1","Information","Microsoft-Windows-Servicing","Initiating changes for package KB777778. Current state is Staged. Target state is Staged. Client id: CbsTask."
"03-08-2026 09:42:57","1","Information","Microsoft-Windows-Servicing","Initiating changes for package KB777778. Current state is Staged. Target state is Staged. Client id: CbsTask."
"03-08-2026 09:42:57","1","Information","Microsoft-Windows-Servicing","Initiating changes for package KB777778. Current state is Staged. Target state is Staged. Client id: CbsTask."
"03-08-2026 09:42:57","1","Information","Microsoft-Windows-Servicing","Initiating changes for package KB777778. Current state is Staged. Target state is Staged. Client id: CbsTask."
"03-08-2026 09:42:57","1","Information","Microsoft-Windows-Servicing","Initiating changes for package KB777778. Current state is Staged. Target state is Staged. Client id: CbsTask."
"03-08-2026 09:42:57","1","Information","Microsoft-Windows-Servicing","Initiating changes for package KB777778. Current state is Staged. Target state is Staged. Client id: CbsTask."
"03-08-2026 09:42:57","1","Information","Microsoft-Windows-Servicing","Initiating changes for package KB777778. Current state is Staged. Target state is Staged. Client id: CbsTask."
"03-08-2026 09:42:57","1","Information","Microsoft-Windows-Servicing","Initiating changes for package KB777778. Current state is Staged. Target state is Staged. Client id: CbsTask."
"03-08-2026 09:42:57","1","Information","Microsoft-Windows-Servicing","Initiating changes for package KB777778. Current state is Staged. Target state is Staged. Client id: CbsTask."
"03-08-2026 09:42:57","1","Information","Microsoft-Windows-Servicing","Initiating changes for package KB777778. Current state is Staged. Target state is Staged. Client id: CbsTask."
"03-08-2026 09:42:57","1","Information","Microsoft-Windows-Servicing","Initiating changes for package KB777778. Current state is Staged. Target state is Staged. Client id: CbsTask."
"03-08-2026 09:42:57","1","Information","Microsoft-Windows-Servicing","Initiating changes for package KB777778. Current state is Staged. Target state is Staged. Client id: CbsTask."
"03-08-2026 09:42:57","1","Information","Microsoft-Windows-Servicing","Initiating changes for package KB777778. Current state is Staged. Target state is Staged. Client id: CbsTask."
"03-08-2026 09:42:57","1","Information","Microsoft-Windows-Servicing","Initiating changes for package KB777778. Current state is Staged. Target state is Staged. Client id: CbsTask."
"03-08-2026 09:42:57","1","Information","Microsoft-Windows-Servicing","Initiating changes for package KB777778. Current state is Staged. Target state is Staged. Client id: CbsTask."
"03-08-2026 09:42:57","1","Information","Microsoft-Windows-Servicing","Initiating changes for package KB777778. Current state is Staged. Target state is Staged. Client id: CbsTask."
"03-08-2026 09:42:57","1","Information","Microsoft-Windows-Servicing","Initiating changes for package KB777778. Current state is Staged. Target state is Staged. Client id: CbsTask."
"03-08-2026 09:42:57","1","Information","Microsoft-Windows-Servicing","Initiating changes for package KB777778. Current state is Staged. Target state is Staged. Client id: CbsTask."
"03-08-2026 09:42:57","1","Information","Microsoft-Windows-Servicing","Initiating changes for package KB777778. Current state is Staged. Target state is Staged. Client id: CbsTask."
"03-08-2026 09:42:57","1","Information","Microsoft-Windows-Servicing","Initiating changes for package KB777778. Current state is Staged. Target state is Staged. Client id: CbsTask."
"03-08-2026 09:42:57","1","Information","Microsoft-Windows-Servicing","Initiating changes for package KB777778. Current state is Staged. Target state is Staged. Client id: CbsTask."
"03-08-2026 09:42:57","1","Information","Microsoft-Windows-Servicing","Initiating changes for package KB777778. Current state is Staged. Target state is Staged. Client id: CbsTask."
"03-08-2026 09:42:57","1","Information","Microsoft-Windows-Servicing","Initiating changes for package KB777778. Current state is Staged. Target state is Staged. Client id: CbsTask."
"03-08-2026 09:42:57","1","Information","Microsoft-Windows-Servicing","Initiating changes for package KB777778. Current state is Staged. Target state is Staged. Client id: CbsTask."
"03-08-2026 09:42:57","1","Information","Microsoft-Windows-Servicing","Initiating changes for package Microsoft-Windows-VBSCRIPT-FoD-en-US. Current state is Staged. Target state is Staged. Client id: CbsTask."
"03-08-2026 09:42:57","1","Information","Microsoft-Windows-Servicing","Initiating changes for package KB777778. Current state is Staged. Target state is Staged. Client id: CbsTask."
"03-08-2026 09:42:57","1","Information","Microsoft-Windows-Servicing","Initiating changes for package Microsoft-Windows-TFTP-Client-FOD-en-US. Current state is Staged. Target state is Staged. Client id: CbsTask."
"03-08-2026 09:42:57","1","Information","Microsoft-Windows-Servicing","Initiating changes for package KB777778. Current state is Staged. Target state is Staged. Client id: CbsTask."
"03-08-2026 09:42:57","1","Information","Microsoft-Windows-Servicing","Initiating changes for package Microsoft-Windows-Telnet-Client-FOD-en-US. Current state is Staged. Target state is Staged. Client id: CbsTask."
"03-08-2026 09:42:57","1","Information","Microsoft-Windows-Servicing","Initiating changes for package KB777778. Current state is Staged. Target state is Staged. Client id: CbsTask."
"03-08-2026 09:42:57","1","Information","Microsoft-Windows-Servicing","Initiating changes for package KB777778. Current state is Staged. Target state is Staged. Client id: CbsTask."
"03-08-2026 09:42:57","1","Information","Microsoft-Windows-Servicing","Initiating changes for package KB777778. Current state is Staged. Target state is Staged. Client id: CbsTask."
"03-08-2026 09:42:57","1","Information","Microsoft-Windows-Servicing","Initiating changes for package Microsoft-Windows-StepsRecorder-en-US. Current state is Staged. Target state is Staged. Client id: CbsTask."
"03-08-2026 09:42:57","1","Information","Microsoft-Windows-Servicing","Initiating changes for package Microsoft-Windows-StepsRecorder-en-GB. Current state is Staged. Target state is Staged. Client id: CbsTask."
"03-08-2026 09:42:57","1","Information","Microsoft-Windows-Servicing","Initiating changes for package KB777778. Current state is Staged. Target state is Staged. Client id: CbsTask."
"03-08-2026 09:42:57","1","Information","Microsoft-Windows-Servicing","Initiating changes for package KB777778. Current state is Staged. Target state is Staged. Client id: CbsTask."
"03-08-2026 09:42:57","1","Information","Microsoft-Windows-Servicing","Initiating changes for package KB777778. Current state is Staged. Target state is Staged. Client id: CbsTask."
"03-08-2026 09:42:57","1","Information","Microsoft-Windows-Servicing","Initiating changes for package KB777778. Current state is Staged. Target state is Staged. Client id: CbsTask."
"03-08-2026 09:42:57","1","Information","Microsoft-Windows-Servicing","Initiating changes for package Microsoft-Windows-ServerManager-Tools-FoD-en-US. Current state is Staged. Target state is Staged. Client id: CbsTask."
"03-08-2026 09:42:57","1","Information","Microsoft-Windows-Servicing","Initiating changes for package Microsoft-Windows-ServerManager-Tools-FoD-en-GB. Current state is Staged. Target state is Staged. Client id: CbsTask."
"03-08-2026 09:42:57","1","Information","Microsoft-Windows-Servicing","Initiating changes for package KB777778. Current state is Staged. Target state is Staged. Client id: CbsTask."
"03-08-2026 09:42:57","1","Information","Microsoft-Windows-Servicing","Initiating changes for package Microsoft-Windows-ProjFS-OptionalFeature-FOD-en-US. Current state is Staged. Target state is Staged. Client id: CbsTask."
"03-08-2026 09:42:57","1","Information","Microsoft-Windows-Servicing","Initiating changes for package KB777778. Current state is Staged. Target state is Staged. Client id: CbsTask."
"03-08-2026 09:42:57","1","Information","Microsoft-Windows-Servicing","Initiating changes for package Microsoft-Windows-Printing-PMCPPC-FoD-en-US. Current state is Staged. Target state is Staged. Client id: CbsTask."
"03-08-2026 09:42:57","1","Information","Microsoft-Windows-Servicing","Initiating changes for package Microsoft-Windows-Printing-PMCPPC-FoD-en-GB. Current state is Staged. Target state is Staged. Client id: CbsTask."
"03-08-2026 09:42:57","1","Information","Microsoft-Windows-Servicing","Initiating changes for package KB777778. Current state is Staged. Target state is Staged. Client id: CbsTask."
"03-08-2026 09:42:57","1","Information","Microsoft-Windows-Servicing","Initiating changes for package KB777778. Current state is Staged. Target state is Staged. Client id: CbsTask."
"03-08-2026 09:42:57","1","Information","Microsoft-Windows-Servicing","Initiating changes for package Microsoft-Windows-PowerShell-ISE-FOD-en-US. Current state is Staged. Target state is Staged. Client id: CbsTask."
"03-08-2026 09:42:57","1","Information","Microsoft-Windows-Servicing","Initiating changes for package Microsoft-Windows-PowerShell-ISE-FOD-en-GB. Current state is Staged. Target state is Staged. Client id: CbsTask."
"03-08-2026 09:42:57","1","Information","Microsoft-Windows-Servicing","Initiating changes for package KB777778. Current state is Staged. Target state is Staged. Client id: CbsTask."
"03-08-2026 09:42:57","1","Information","Microsoft-Windows-Servicing","Initiating changes for package KB777778. Current state is Staged. Target state is Staged. Client id: CbsTask."
"03-08-2026 09:42:57","1","Information","Microsoft-Windows-Servicing","Initiating changes for package Microsoft-Windows-Notepad-System-FoD-en-US. Current state is Staged. Target state is Staged. Client id: CbsTask."
"03-08-2026 09:42:57","1","Information","Microsoft-Windows-Servicing","Initiating changes for package Microsoft-Windows-Notepad-System-FoD-en-GB. Current state is Staged. Target state is Staged. Client id: CbsTask."
"03-08-2026 09:42:57","1","Information","Microsoft-Windows-Servicing","Initiating changes for package KB777778. Current state is Staged. Target state is Staged. Client id: CbsTask."
"03-08-2026 09:42:57","1","Information","Microsoft-Windows-Servicing","Initiating changes for package KB777778. Current state is Staged. Target state is Staged. Client id: CbsTask."
"03-08-2026 09:42:57","1","Information","Microsoft-Windows-Servicing","Initiating changes for package Microsoft-Windows-MediaPlayer-en-US. Current state is Staged. Target state is Staged. Client id: CbsTask."
"03-08-2026 09:42:57","1","Information","Microsoft-Windows-Servicing","Initiating changes for package Microsoft-Windows-MediaPlayer-en-GB. Current state is Staged. Target state is Staged. Client id: CbsTask."
"03-08-2026 09:42:57","1","Information","Microsoft-Windows-Servicing","Initiating changes for package Microsoft-Windows-Licenses-Professional-Package. Current state is Staged. Target state is Staged. Client id: CbsTask."
"03-08-2026 09:42:57","1","Information","Microsoft-Windows-Servicing","Initiating changes for package Microsoft-Windows-Licenses-Professional-Package. Current state is Staged. Target state is Staged. Client id: CbsTask."
"03-08-2026 09:42:57","1","Information","Microsoft-Windows-Servicing","Initiating changes for package KB777778. Current state is Staged. Target state is Staged. Client id: CbsTask."
"03-08-2026 09:42:57","1","Information","Microsoft-Windows-Servicing","Initiating changes for package KB777778. Current state is Staged. Target state is Staged. Client id: CbsTask."
"03-08-2026 09:42:57","1","Information","Microsoft-Windows-Servicing","Initiating changes for package KB777778. Current state is Staged. Target state is Staged. Client id: CbsTask."
"03-08-2026 09:42:57","1","Information","Microsoft-Windows-Servicing","Initiating changes for package KB777778. Current state is Staged. Target state is Staged. Client id: CbsTask."
"03-08-2026 09:42:57","1","Information","Microsoft-Windows-Servicing","Initiating changes for package KB777778. Current state is Staged. Target state is Staged. Client id: CbsTask."
"03-08-2026 09:42:57","1","Information","Microsoft-Windows-Servicing","Initiating changes for package KB777778. Current state is Staged. Target state is Staged. Client id: CbsTask."
"03-08-2026 09:42:57","1","Information","Microsoft-Windows-Servicing","Initiating changes for package KB777778. Current state is Staged. Target state is Staged. Client id: CbsTask."
"03-08-2026 09:42:57","1","Information","Microsoft-Windows-Servicing","Initiating changes for package KB777778. Current state is Staged. Target state is Staged. Client id: CbsTask."
"03-08-2026 09:42:57","1","Information","Microsoft-Windows-Servicing","Initiating changes for package KB777778. Current state is Staged. Target state is Staged. Client id: CbsTask."
"03-08-2026 09:42:57","1","Information","Microsoft-Windows-Servicing","Initiating changes for package KB777778. Current state is Staged. Target state is Staged. Client id: CbsTask."
"03-08-2026 09:42:57","1","Information","Microsoft-Windows-Servicing","Initiating changes for package KB777778. Current state is Staged. Target state is Staged. Client id: CbsTask."
"03-08-2026 09:42:57","1","Information","Microsoft-Windows-Servicing","Initiating changes for package Microsoft-Windows-InternetExplorer-Optional-en-US. Current state is Staged. Target state is Staged. Client id: CbsTask."
"03-08-2026 09:42:56","1","Information","Microsoft-Windows-Servicing","Initiating changes for package KB777778. Current state is Staged. Target state is Staged. Client id: CbsTask."
"03-08-2026 09:42:56","1","Information","Microsoft-Windows-Servicing","Initiating changes for package KB777778. Current state is Staged. Target state is Staged. Client id: CbsTask."
"03-08-2026 09:42:56","1","Information","Microsoft-Windows-Servicing","Initiating changes for package KB777778. Current state is Staged. Target state is Staged. Client id: CbsTask."
"03-08-2026 09:42:56","1","Information","Microsoft-Windows-Servicing","Initiating changes for package KB777778. Current state is Staged. Target state is Staged. Client id: CbsTask."
"03-08-2026 09:42:56","1","Information","Microsoft-Windows-Servicing","Initiating changes for package KB777778. Current state is Staged. Target state is Staged. Client id: CbsTask."
"03-08-2026 09:42:56","1","Information","Microsoft-Windows-Servicing","Initiating changes for package KB777778. Current state is Staged. Target state is Staged. Client id: CbsTask."
"03-08-2026 09:42:56","1","Information","Microsoft-Windows-Servicing","Initiating changes for package KB777778. Current state is Staged. Target state is Staged. Client id: CbsTask."
"03-08-2026 09:42:56","1","Information","Microsoft-Windows-Servicing","Initiating changes for package KB777778. Current state is Staged. Target state is Staged. Client id: CbsTask."
"03-08-2026 09:42:56","1","Information","Microsoft-Windows-Servicing","Initiating changes for package KB777778. Current state is Staged. Target state is Staged. Client id: CbsTask."
"03-08-2026 09:42:56","1","Information","Microsoft-Windows-Servicing","Initiating changes for package Language Pack. Current state is Staged. Target state is Staged. Client id: CbsTask."
"03-08-2026 09:42:56","1","Information","Microsoft-Windows-Servicing","Initiating changes for package Language Pack. Current state is Staged. Target state is Staged. Client id: CbsTask."
"03-08-2026 09:42:56","1","Information","Microsoft-Windows-Servicing","Initiating changes for package KB777778. Current state is Staged. Target state is Staged. Client id: CbsTask."
"03-08-2026 09:42:56","1","Information","Microsoft-Windows-Servicing","Initiating changes for package KB777778. Current state is Staged. Target state is Staged. Client id: CbsTask."
"03-08-2026 09:42:56","1","Information","Microsoft-Windows-Servicing","Initiating changes for package Microsoft-Windows-ActiveDirectory-DS-LDS-Tools-FoD-en-US. Current state is Staged. Target state is Staged. Client id: CbsTask."
"03-08-2026 09:42:56","1","Information","Microsoft-Windows-Servicing","Initiating changes for package Microsoft-Windows-ActiveDirectory-DS-LDS-Tools-FoD-en-GB. Current state is Staged. Target state is Staged. Client id: CbsTask."
"03-08-2026 09:42:56","1","Information","Microsoft-Windows-Servicing","Initiating changes for package KB777778. Current state is Staged. Target state is Staged. Client id: CbsTask."
"03-08-2026 09:42:56","1","Information","Microsoft-Windows-Servicing","Initiating changes for package KB777778. Current state is Staged. Target state is Staged. Client id: CbsTask."
"03-08-2026 09:42:56","1","Information","Microsoft-Windows-Servicing","Initiating changes for package Windows Professional Edition. Current state is Staged. Target state is Staged. Client id: CbsTask."
"03-08-2026 09:42:56","1","Information","Microsoft-Windows-Servicing","Initiating changes for package KB5043080. Current state is Staged. Target state is Staged. Client id: CbsTask."
"03-08-2026 09:42:48","2","Information","Microsoft-Windows-Servicing","Package KB5083769 was successfully changed to the Absent state."
"03-08-2026 09:41:01","1","Information","Microsoft-Windows-Servicing","Initiating changes for package KB5083769. Current state is Superseded. Target state is Absent. Client id: CbsTask."
"03-08-2026 09:40:58","2","Information","Microsoft-Windows-Servicing","Package KB777778 was successfully changed to the Staged state."
"03-08-2026 09:40:58","2","Information","Microsoft-Windows-Servicing","Package Microsoft-Windows-TerminalServices-AppServer-Client-FOD-en-US was successfully changed to the Staged state."
"03-08-2026 09:40:58","2","Information","Microsoft-Windows-Servicing","Package KB777778 was successfully changed to the Staged state."
"03-08-2026 09:40:58","2","Information","Microsoft-Windows-Servicing","Package Microsoft-Windows-TerminalServices-AppServer-Client-FOD-en-US was successfully changed to the Staged state."
"03-08-2026 09:40:58","2","Information","Microsoft-Windows-Servicing","Package KB777778 was successfully changed to the Staged state."
"03-08-2026 09:40:58","2","Information","Microsoft-Windows-Servicing","Package Microsoft-Windows-SenseClient-FoD-en-US was successfully changed to the Staged state."
"03-08-2026 09:40:58","2","Information","Microsoft-Windows-Servicing","Package KB777778 was successfully changed to the Staged state."
"03-08-2026 09:40:58","2","Information","Microsoft-Windows-Servicing","Package KB777778 was successfully changed to the Staged state."
"03-08-2026 09:40:58","2","Information","Microsoft-Windows-Servicing","Package KB777778 was successfully changed to the Staged state."
"03-08-2026 09:40:58","2","Information","Microsoft-Windows-Servicing","Package KB777778 was successfully changed to the Staged state."
"03-08-2026 09:40:58","2","Information","Microsoft-Windows-Servicing","Package Microsoft-Windows-WinOcr-FOD-en-US was successfully changed to the Staged state."
"03-08-2026 09:40:58","2","Information","Microsoft-Windows-Servicing","Package KB777778 was successfully changed to the Staged state."
"03-08-2026 09:40:58","2","Information","Microsoft-Windows-Servicing","Package KB777778 was successfully changed to the Staged state."
"03-08-2026 09:40:58","2","Information","Microsoft-Windows-Servicing","Package KB777778 was successfully changed to the Staged state."
"03-08-2026 09:40:58","2","Information","Microsoft-Windows-Servicing","Package KB777778 was successfully changed to the Staged state."
"03-08-2026 09:40:58","2","Information","Microsoft-Windows-Servicing","Package KB777778 was successfully changed to the Staged state."
"03-08-2026 09:40:58","2","Information","Microsoft-Windows-Servicing","Package KB777778 was successfully changed to the Staged state."
"03-08-2026 09:40:58","2","Information","Microsoft-Windows-Servicing","Package KB777778 was successfully changed to the Staged state."
"03-08-2026 09:40:58","2","Information","Microsoft-Windows-Servicing","Package KB777778 was successfully changed to the Staged state."
"03-08-2026 09:40:58","2","Information","Microsoft-Windows-Servicing","Package KB777778 was successfully changed to the Staged state."
"03-08-2026 09:40:58","2","Information","Microsoft-Windows-Servicing","Package KB777778 was successfully changed to the Staged state."
"03-08-2026 09:40:58","2","Information","Microsoft-Windows-Servicing","Package KB777778 was successfully changed to the Staged state."
"03-08-2026 09:40:58","2","Information","Microsoft-Windows-Servicing","Package KB777778 was successfully changed to the Staged state."
"03-08-2026 09:40:58","2","Information","Microsoft-Windows-Servicing","Package KB777778 was successfully changed to the Staged state."
"03-08-2026 09:40:58","2","Information","Microsoft-Windows-Servicing","Package KB777778 was successfully changed to the Staged state."
"03-08-2026 09:40:58","2","Information","Microsoft-Windows-Servicing","Package KB777778 was successfully changed to the Staged state."
"03-08-2026 09:40:58","2","Information","Microsoft-Windows-Servicing","Package KB777778 was successfully changed to the Staged state."
"03-08-2026 09:40:58","2","Information","Microsoft-Windows-Servicing","Package KB777778 was successfully changed to the Staged state."
"03-08-2026 09:40:58","2","Information","Microsoft-Windows-Servicing","Package KB777778 was successfully changed to the Staged state."
"03-08-2026 09:40:58","2","Information","Microsoft-Windows-Servicing","Package KB777778 was successfully changed to the Staged state."
"03-08-2026 09:40:58","2","Information","Microsoft-Windows-Servicing","Package KB777778 was successfully changed to the Staged state."
"03-08-2026 09:40:58","2","Information","Microsoft-Windows-Servicing","Package KB777778 was successfully changed to the Staged state."
"03-08-2026 09:40:58","2","Information","Microsoft-Windows-Servicing","Package KB777778 was successfully changed to the Staged state."
"03-08-2026 09:40:58","2","Information","Microsoft-Windows-Servicing","Package KB777778 was successfully changed to the Staged state."
"03-08-2026 09:40:58","2","Information","Microsoft-Windows-Servicing","Package KB777778 was successfully changed to the Staged state."
"03-08-2026 09:40:58","2","Information","Microsoft-Windows-Servicing","Package KB777778 was successfully changed to the Staged state."
"03-08-2026 09:40:58","2","Information","Microsoft-Windows-Servicing","Package KB777778 was successfully changed to the Staged state."
"03-08-2026 09:40:58","2","Information","Microsoft-Windows-Servicing","Package KB777778 was successfully changed to the Staged state."
"03-08-2026 09:40:58","2","Information","Microsoft-Windows-Servicing","Package KB777778 was successfully changed to the Staged state."
"03-08-2026 09:40:58","2","Information","Microsoft-Windows-Servicing","Package KB777778 was successfully changed to the Staged state."
"03-08-2026 09:40:58","2","Information","Microsoft-Windows-Servicing","Package Microsoft-Windows-VBSCRIPT-FoD-en-US was successfully changed to the Staged state."
"03-08-2026 09:40:58","2","Information","Microsoft-Windows-Servicing","Package KB777778 was successfully changed to the Staged state."
"03-08-2026 09:40:58","2","Information","Microsoft-Windows-Servicing","Package Microsoft-Windows-TFTP-Client-FOD-en-US was successfully changed to the Staged state."
"03-08-2026 09:40:58","2","Information","Microsoft-Windows-Servicing","Package KB777778 was successfully changed to the Staged state."
"03-08-2026 09:40:58","2","Information","Microsoft-Windows-Servicing","Package Microsoft-Windows-Telnet-Client-FOD-en-US was successfully changed to the Staged state."
"03-08-2026 09:40:58","2","Information","Microsoft-Windows-Servicing","Package KB777778 was successfully changed to the Staged state."
"03-08-2026 09:40:58","2","Information","Microsoft-Windows-Servicing","Package KB777778 was successfully changed to the Staged state."
"03-08-2026 09:40:58","2","Information","Microsoft-Windows-Servicing","Package KB777778 was successfully changed to the Staged state."
"03-08-2026 09:40:58","2","Information","Microsoft-Windows-Servicing","Package Microsoft-Windows-StepsRecorder-en-US was successfully changed to the Staged state."
"03-08-2026 09:40:58","2","Information","Microsoft-Windows-Servicing","Package Microsoft-Windows-StepsRecorder-en-GB was successfully changed to the Staged state."
"03-08-2026 09:40:58","2","Information","Microsoft-Windows-Servicing","Package KB777778 was successfully changed to the Staged state."
"03-08-2026 09:40:58","2","Information","Microsoft-Windows-Servicing","Package KB777778 was successfully changed to the Staged state."
"03-08-2026 09:40:58","2","Information","Microsoft-Windows-Servicing","Package KB777778 was successfully changed to the Staged state."
"03-08-2026 09:40:58","2","Information","Microsoft-Windows-Servicing","Package KB777778 was successfully changed to the Staged state."
"03-08-2026 09:40:58","2","Information","Microsoft-Windows-Servicing","Package Microsoft-Windows-ServerManager-Tools-FoD-en-US was successfully changed to the Staged state."
"03-08-2026 09:40:58","2","Information","Microsoft-Windows-Servicing","Package Microsoft-Windows-ServerManager-Tools-FoD-en-GB was successfully changed to the Staged state."
"03-08-2026 09:40:58","2","Information","Microsoft-Windows-Servicing","Package KB777778 was successfully changed to the Staged state."
"03-08-2026 09:40:58","2","Information","Microsoft-Windows-Servicing","Package Microsoft-Windows-ProjFS-OptionalFeature-FOD-en-US was successfully changed to the Staged state."
"03-08-2026 09:40:58","2","Information","Microsoft-Windows-Servicing","Package KB777778 was successfully changed to the Staged state."
"03-08-2026 09:40:58","2","Information","Microsoft-Windows-Servicing","Package Microsoft-Windows-Printing-PMCPPC-FoD-en-US was successfully changed to the Staged state."
"03-08-2026 09:40:58","2","Information","Microsoft-Windows-Servicing","Package Microsoft-Windows-Printing-PMCPPC-FoD-en-GB was successfully changed to the Staged state."
"03-08-2026 09:40:58","2","Information","Microsoft-Windows-Servicing","Package KB777778 was successfully changed to the Staged state."
"03-08-2026 09:40:58","2","Information","Microsoft-Windows-Servicing","Package KB777778 was successfully changed to the Staged state."
"03-08-2026 09:40:58","2","Information","Microsoft-Windows-Servicing","Package Microsoft-Windows-PowerShell-ISE-FOD-en-US was successfully changed to the Staged state."
"03-08-2026 09:40:58","2","Information","Microsoft-Windows-Servicing","Package Microsoft-Windows-PowerShell-ISE-FOD-en-GB was successfully changed to the Staged state."
"03-08-2026 09:40:58","2","Information","Microsoft-Windows-Servicing","Package KB777778 was successfully changed to the Staged state."
"03-08-2026 09:40:58","2","Information","Microsoft-Windows-Servicing","Package KB777778 was successfully changed to the Staged state."
"03-08-2026 09:40:58","2","Information","Microsoft-Windows-Servicing","Package Microsoft-Windows-Notepad-System-FoD-en-US was successfully changed to the Staged state."
"03-08-2026 09:40:58","2","Information","Microsoft-Windows-Servicing","Package Microsoft-Windows-Notepad-System-FoD-en-GB was successfully changed to the Staged state."
"03-08-2026 09:40:58","2","Information","Microsoft-Windows-Servicing","Package KB777778 was successfully changed to the Staged state."
"03-08-2026 09:40:58","2","Information","Microsoft-Windows-Servicing","Package KB777778 was successfully changed to the Staged state."
"03-08-2026 09:40:58","2","Information","Microsoft-Windows-Servicing","Package Microsoft-Windows-MediaPlayer-en-US was successfully changed to the Staged state."
"03-08-2026 09:40:58","2","Information","Microsoft-Windows-Servicing","Package Microsoft-Windows-MediaPlayer-en-GB was successfully changed to the Staged state."
"03-08-2026 09:40:58","2","Information","Microsoft-Windows-Servicing","Package Microsoft-Windows-Licenses-Professional-Package was successfully changed to the Staged state."
"03-08-2026 09:40:58","2","Information","Microsoft-Windows-Servicing","Package Microsoft-Windows-Licenses-Professional-Package was successfully changed to the Staged state."
"03-08-2026 09:40:58","2","Information","Microsoft-Windows-Servicing","Package KB777778 was successfully changed to the Staged state."
"03-08-2026 09:40:58","2","Information","Microsoft-Windows-Servicing","Package KB777778 was successfully changed to the Staged state."
"03-08-2026 09:40:58","2","Information","Microsoft-Windows-Servicing","Package KB777778 was successfully changed to the Staged state."
"03-08-2026 09:40:58","2","Information","Microsoft-Windows-Servicing","Package KB777778 was successfully changed to the Staged state."
"03-08-2026 09:40:58","2","Information","Microsoft-Windows-Servicing","Package KB777778 was successfully changed to the Staged state."
"03-08-2026 09:40:58","2","Information","Microsoft-Windows-Servicing","Package KB777778 was successfully changed to the Staged state."
"03-08-2026 09:40:58","2","Information","Microsoft-Windows-Servicing","Package KB777778 was successfully changed to the Staged state."
"03-08-2026 09:40:58","2","Information","Microsoft-Windows-Servicing","Package KB777778 was successfully changed to the Staged state."
"03-08-2026 09:40:58","2","Information","Microsoft-Windows-Servicing","Package KB777778 was successfully changed to the Staged state."
"03-08-2026 09:40:58","2","Information","Microsoft-Windows-Servicing","Package KB777778 was successfully changed to the Staged state."
"03-08-2026 09:40:58","2","Information","Microsoft-Windows-Servicing","Package KB777778 was successfully changed to the Staged state."
"03-08-2026 09:40:58","2","Information","Microsoft-Windows-Servicing","Package Microsoft-Windows-InternetExplorer-Optional-en-US was successfully changed to the Staged state."
"03-08-2026 09:40:58","2","Information","Microsoft-Windows-Servicing","Package KB777778 was successfully changed to the Staged state."
"03-08-2026 09:40:58","2","Information","Microsoft-Windows-Servicing","Package KB777778 was successfully changed to the Staged state."
"03-08-2026 09:40:58","2","Information","Microsoft-Windows-Servicing","Package KB777778 was successfully changed to the Staged state."
"03-08-2026 09:40:58","2","Information","Microsoft-Windows-Servicing","Package KB777778 was successfully changed to the Staged state."
"03-08-2026 09:40:58","2","Information","Microsoft-Windows-Servicing","Package KB777778 was successfully changed to the Staged state."
"03-08-2026 09:40:58","2","Information","Microsoft-Windows-Servicing","Package KB777778 was successfully changed to the Staged state."
"03-08-2026 09:40:58","2","Information","Microsoft-Windows-Servicing","Package KB777778 was successfully changed to the Staged state."
"03-08-2026 09:40:58","2","Information","Microsoft-Windows-Servicing","Package KB777778 was successfully changed to the Staged state."
"03-08-2026 09:40:58","2","Information","Microsoft-Windows-Servicing","Package KB777778 was successfully changed to the Staged state."
"03-08-2026 09:40:58","2","Information","Microsoft-Windows-Servicing","Package Language Pack was successfully changed to the Staged state."
"03-08-2026 09:40:58","2","Information","Microsoft-Windows-Servicing","Package Language Pack was successfully changed to the Staged state."
"03-08-2026 09:40:58","2","Information","Microsoft-Windows-Servicing","Package KB777778 was successfully changed to the Staged state."
"03-08-2026 09:40:58","2","Information","Microsoft-Windows-Servicing","Package KB777778 was successfully changed to the Staged state."
"03-08-2026 09:40:58","2","Information","Microsoft-Windows-Servicing","Package Microsoft-Windows-ActiveDirectory-DS-LDS-Tools-FoD-en-US was successfully changed to the Staged state."
"03-08-2026 09:40:58","2","Information","Microsoft-Windows-Servicing","Package Microsoft-Windows-ActiveDirectory-DS-LDS-Tools-FoD-en-GB was successfully changed to the Staged state."
"03-08-2026 09:40:58","2","Information","Microsoft-Windows-Servicing","Package KB777778 was successfully changed to the Staged state."
"03-08-2026 09:40:58","2","Information","Microsoft-Windows-Servicing","Package KB777778 was successfully changed to the Staged state."
"03-08-2026 09:40:58","2","Information","Microsoft-Windows-Servicing","Package Windows Professional Edition was successfully changed to the Staged state."
"03-08-2026 09:40:58","2","Information","Microsoft-Windows-Servicing","Package KB5043080 was successfully changed to the Staged state."
"03-08-2026 09:40:39","1","Information","Microsoft-Windows-Servicing","Initiating changes for package KB777778. Current state is Staged. Target state is Staged. Client id: CbsTask."
"03-08-2026 09:40:39","1","Information","Microsoft-Windows-Servicing","Initiating changes for package Microsoft-Windows-TerminalServices-AppServer-Client-FOD-en-US. Current state is Staged. Target state is Staged. Client id: CbsTask."
"03-08-2026 09:40:39","1","Information","Microsoft-Windows-Servicing","Initiating changes for package KB777778. Current state is Staged. Target state is Staged. Client id: CbsTask."
"03-08-2026 09:40:39","1","Information","Microsoft-Windows-Servicing","Initiating changes for package Microsoft-Windows-TerminalServices-AppServer-Client-FOD-en-US. Current state is Staged. Target state is Staged. Client id: CbsTask."
"03-08-2026 09:40:39","1","Information","Microsoft-Windows-Servicing","Initiating changes for package KB777778. Current state is Staged. Target state is Staged. Client id: CbsTask."
"03-08-2026 09:40:39","1","Information","Microsoft-Windows-Servicing","Initiating changes for package Microsoft-Windows-SenseClient-FoD-en-US. Current state is Staged. Target state is Staged. Client id: CbsTask."
"03-08-2026 09:40:39","1","Information","Microsoft-Windows-Servicing","Initiating changes for package KB777778. Current state is Staged. Target state is Staged. Client id: CbsTask."
"03-08-2026 09:40:39","1","Information","Microsoft-Windows-Servicing","Initiating changes for package KB777778. Current state is Staged. Target state is Staged. Client id: CbsTask."
"03-08-2026 09:40:39","1","Information","Microsoft-Windows-Servicing","Initiating changes for package KB777778. Current state is Staged. Target state is Staged. Client id: CbsTask."
"03-08-2026 09:40:39","1","Information","Microsoft-Windows-Servicing","Initiating changes for package KB777778. Current state is Staged. Target state is Staged. Client id: CbsTask."
"03-08-2026 09:40:39","1","Information","Microsoft-Windows-Servicing","Initiating changes for package Microsoft-Windows-WinOcr-FOD-en-US. Current state is Staged. Target state is Staged. Client id: CbsTask."
"03-08-2026 09:40:39","1","Information","Microsoft-Windows-Servicing","Initiating changes for package KB777778. Current state is Staged. Target state is Staged. Client id: CbsTask."
"03-08-2026 09:40:39","1","Information","Microsoft-Windows-Servicing","Initiating changes for package KB777778. Current state is Staged. Target state is Staged. Client id: CbsTask."
"03-08-2026 09:40:39","1","Information","Microsoft-Windows-Servicing","Initiating changes for package KB777778. Current state is Staged. Target state is Staged. Client id: CbsTask."
"03-08-2026 09:40:39","1","Information","Microsoft-Windows-Servicing","Initiating changes for package KB777778. Current state is Staged. Target state is Staged. Client id: CbsTask."
"03-08-2026 09:40:39","1","Information","Microsoft-Windows-Servicing","Initiating changes for package KB777778. Current state is Staged. Target state is Staged. Client id: CbsTask."
"03-08-2026 09:40:39","1","Information","Microsoft-Windows-Servicing","Initiating changes for package KB777778. Current state is Staged. Target state is Staged. Client id: CbsTask."
"03-08-2026 09:40:39","1","Information","Microsoft-Windows-Servicing","Initiating changes for package KB777778. Current state is Staged. Target state is Staged. Client id: CbsTask."
"03-08-2026 09:40:39","1","Information","Microsoft-Windows-Servicing","Initiating changes for package KB777778. Current state is Staged. Target state is Staged. Client id: CbsTask."
"03-08-2026 09:40:39","1","Information","Microsoft-Windows-Servicing","Initiating changes for package KB777778. Current state is Staged. Target state is Staged. Client id: CbsTask."
"03-08-2026 09:40:39","1","Information","Microsoft-Windows-Servicing","Initiating changes for package KB777778. Current state is Staged. Target state is Staged. Client id: CbsTask."
"03-08-2026 09:40:39","1","Information","Microsoft-Windows-Servicing","Initiating changes for package KB777778. Current state is Staged. Target state is Staged. Client id: CbsTask."
"03-08-2026 09:40:39","1","Information","Microsoft-Windows-Servicing","Initiating changes for package KB777778. Current state is Staged. Target state is Staged. Client id: CbsTask."
"03-08-2026 09:40:39","1","Information","Microsoft-Windows-Servicing","Initiating changes for package KB777778. Current state is Staged. Target state is Staged. Client id: CbsTask."
"03-08-2026 09:40:39","1","Information","Microsoft-Windows-Servicing","Initiating changes for package KB777778. Current state is Staged. Target state is Staged. Client id: CbsTask."
"03-08-2026 09:40:39","1","Information","Microsoft-Windows-Servicing","Initiating changes for package KB777778. Current state is Staged. Target state is Staged. Client id: CbsTask."
"03-08-2026 09:40:39","1","Information","Microsoft-Windows-Servicing","Initiating changes for package KB777778. Current state is Staged. Target state is Staged. Client id: CbsTask."
"03-08-2026 09:40:39","1","Information","Microsoft-Windows-Servicing","Initiating changes for package KB777778. Current state is Staged. Target state is Staged. Client id: CbsTask."
"03-08-2026 09:40:39","1","Information","Microsoft-Windows-Servicing","Initiating changes for package KB777778. Current state is Staged. Target state is Staged. Client id: CbsTask."
"03-08-2026 09:40:39","1","Information","Microsoft-Windows-Servicing","Initiating changes for package KB777778. Current state is Staged. Target state is Staged. Client id: CbsTask."
"03-08-2026 09:40:39","1","Information","Microsoft-Windows-Servicing","Initiating changes for package KB777778. Current state is Staged. Target state is Staged. Client id: CbsTask."
"03-08-2026 09:40:39","1","Information","Microsoft-Windows-Servicing","Initiating changes for package KB777778. Current state is Staged. Target state is Staged. Client id: CbsTask."
"03-08-2026 09:40:39","1","Information","Microsoft-Windows-Servicing","Initiating changes for package KB777778. Current state is Staged. Target state is Staged. Client id: CbsTask."
"03-08-2026 09:40:39","1","Information","Microsoft-Windows-Servicing","Initiating changes for package KB777778. Current state is Staged. Target state is Staged. Client id: CbsTask."
"03-08-2026 09:40:39","1","Information","Microsoft-Windows-Servicing","Initiating changes for package KB777778. Current state is Staged. Target state is Staged. Client id: CbsTask."
"03-08-2026 09:40:39","1","Information","Microsoft-Windows-Servicing","Initiating changes for package KB777778. Current state is Staged. Target state is Staged. Client id: CbsTask."
"03-08-2026 09:40:39","1","Information","Microsoft-Windows-Servicing","Initiating changes for package KB777778. Current state is Staged. Target state is Staged. Client id: CbsTask."
"03-08-2026 09:40:39","1","Information","Microsoft-Windows-Servicing","Initiating changes for package KB777778. Current state is Staged. Target state is Staged. Client id: CbsTask."
"03-08-2026 09:40:39","1","Information","Microsoft-Windows-Servicing","Initiating changes for package KB777778. Current state is Staged. Target state is Staged. Client id: CbsTask."
"03-08-2026 09:40:39","1","Information","Microsoft-Windows-Servicing","Initiating changes for package KB777778. Current state is Staged. Target state is Staged. Client id: CbsTask."
"03-08-2026 09:40:39","1","Information","Microsoft-Windows-Servicing","Initiating changes for package Microsoft-Windows-VBSCRIPT-FoD-en-US. Current state is Staged. Target state is Staged. Client id: CbsTask."
"03-08-2026 09:40:39","1","Information","Microsoft-Windows-Servicing","Initiating changes for package KB777778. Current state is Staged. Target state is Staged. Client id: CbsTask."
"03-08-2026 09:40:39","1","Information","Microsoft-Windows-Servicing","Initiating changes for package Microsoft-Windows-TFTP-Client-FOD-en-US. Current state is Staged. Target state is Staged. Client id: CbsTask."
"03-08-2026 09:40:39","1","Information","Microsoft-Windows-Servicing","Initiating changes for package KB777778. Current state is Staged. Target state is Staged. Client id: CbsTask."
"03-08-2026 09:40:39","1","Information","Microsoft-Windows-Servicing","Initiating changes for package Microsoft-Windows-Telnet-Client-FOD-en-US. Current state is Staged. Target state is Staged. Client id: CbsTask."
"03-08-2026 09:40:39","1","Information","Microsoft-Windows-Servicing","Initiating changes for package KB777778. Current state is Staged. Target state is Staged. Client id: CbsTask."
"03-08-2026 09:40:39","1","Information","Microsoft-Windows-Servicing","Initiating changes for package KB777778. Current state is Staged. Target state is Staged. Client id: CbsTask."
"03-08-2026 09:40:39","1","Information","Microsoft-Windows-Servicing","Initiating changes for package KB777778. Current state is Staged. Target state is Staged. Client id: CbsTask."
"03-08-2026 09:40:39","1","Information","Microsoft-Windows-Servicing","Initiating changes for package Microsoft-Windows-StepsRecorder-en-US. Current state is Staged. Target state is Staged. Client id: CbsTask."
"03-08-2026 09:40:39","1","Information","Microsoft-Windows-Servicing","Initiating changes for package Microsoft-Windows-StepsRecorder-en-GB. Current state is Staged. Target state is Staged. Client id: CbsTask."
"03-08-2026 09:40:39","1","Information","Microsoft-Windows-Servicing","Initiating changes for package KB777778. Current state is Staged. Target state is Staged. Client id: CbsTask."
"03-08-2026 09:40:39","1","Information","Microsoft-Windows-Servicing","Initiating changes for package KB777778. Current state is Staged. Target state is Staged. Client id: CbsTask."
"03-08-2026 09:40:39","1","Information","Microsoft-Windows-Servicing","Initiating changes for package KB777778. Current state is Staged. Target state is Staged. Client id: CbsTask."
"03-08-2026 09:40:39","1","Information","Microsoft-Windows-Servicing","Initiating changes for package KB777778. Current state is Staged. Target state is Staged. Client id: CbsTask."
"03-08-2026 09:40:39","1","Information","Microsoft-Windows-Servicing","Initiating changes for package Microsoft-Windows-ServerManager-Tools-FoD-en-US. Current state is Staged. Target state is Staged. Client id: CbsTask."
"03-08-2026 09:40:39","1","Information","Microsoft-Windows-Servicing","Initiating changes for package Microsoft-Windows-ServerManager-Tools-FoD-en-GB. Current state is Staged. Target state is Staged. Client id: CbsTask."
"03-08-2026 09:40:39","1","Information","Microsoft-Windows-Servicing","Initiating changes for package KB777778. Current state is Staged. Target state is Staged. Client id: CbsTask."
"03-08-2026 09:40:39","1","Information","Microsoft-Windows-Servicing","Initiating changes for package Microsoft-Windows-ProjFS-OptionalFeature-FOD-en-US. Current state is Staged. Target state is Staged. Client id: CbsTask."
"03-08-2026 09:40:39","1","Information","Microsoft-Windows-Servicing","Initiating changes for package KB777778. Current state is Staged. Target state is Staged. Client id: CbsTask."
"03-08-2026 09:40:39","1","Information","Microsoft-Windows-Servicing","Initiating changes for package Microsoft-Windows-Printing-PMCPPC-FoD-en-US. Current state is Staged. Target state is Staged. Client id: CbsTask."
"03-08-2026 09:40:39","1","Information","Microsoft-Windows-Servicing","Initiating changes for package Microsoft-Windows-Printing-PMCPPC-FoD-en-GB. Current state is Staged. Target state is Staged. Client id: CbsTask."
"03-08-2026 09:40:39","1","Information","Microsoft-Windows-Servicing","Initiating changes for package KB777778. Current state is Staged. Target state is Staged. Client id: CbsTask."
"03-08-2026 09:40:39","1","Information","Microsoft-Windows-Servicing","Initiating changes for package KB777778. Current state is Staged. Target state is Staged. Client id: CbsTask."
"03-08-2026 09:40:39","1","Information","Microsoft-Windows-Servicing","Initiating changes for package Microsoft-Windows-PowerShell-ISE-FOD-en-US. Current state is Staged. Target state is Staged. Client id: CbsTask."
"03-08-2026 09:40:39","1","Information","Microsoft-Windows-Servicing","Initiating changes for package Microsoft-Windows-PowerShell-ISE-FOD-en-GB. Current state is Staged. Target state is Staged. Client id: CbsTask."
"03-08-2026 09:40:39","1","Information","Microsoft-Windows-Servicing","Initiating changes for package KB777778. Current state is Staged. Target state is Staged. Client id: CbsTask."
"03-08-2026 09:40:39","1","Information","Microsoft-Windows-Servicing","Initiating changes for package KB777778. Current state is Staged. Target state is Staged. Client id: CbsTask."
"03-08-2026 09:40:39","1","Information","Microsoft-Windows-Servicing","Initiating changes for package Microsoft-Windows-Notepad-System-FoD-en-US. Current state is Staged. Target state is Staged. Client id: CbsTask."
"03-08-2026 09:40:39","1","Information","Microsoft-Windows-Servicing","Initiating changes for package Microsoft-Windows-Notepad-System-FoD-en-GB. Current state is Staged. Target state is Staged. Client id: CbsTask."
"03-08-2026 09:40:39","1","Information","Microsoft-Windows-Servicing","Initiating changes for package KB777778. Current state is Staged. Target state is Staged. Client id: CbsTask."
"03-08-2026 09:40:39","1","Information","Microsoft-Windows-Servicing","Initiating changes for package KB777778. Current state is Staged. Target state is Staged. Client id: CbsTask."
"03-08-2026 09:40:39","1","Information","Microsoft-Windows-Servicing","Initiating changes for package Microsoft-Windows-MediaPlayer-en-US. Current state is Staged. Target state is Staged. Client id: CbsTask."
"03-08-2026 09:40:39","1","Information","Microsoft-Windows-Servicing","Initiating changes for package Microsoft-Windows-MediaPlayer-en-GB. Current state is Staged. Target state is Staged. Client id: CbsTask."
"03-08-2026 09:40:39","1","Information","Microsoft-Windows-Servicing","Initiating changes for package Microsoft-Windows-Licenses-Professional-Package. Current state is Staged. Target state is Staged. Client id: CbsTask."
"03-08-2026 09:40:39","1","Information","Microsoft-Windows-Servicing","Initiating changes for package Microsoft-Windows-Licenses-Professional-Package. Current state is Staged. Target state is Staged. Client id: CbsTask."
"03-08-2026 09:40:39","1","Information","Microsoft-Windows-Servicing","Initiating changes for package KB777778. Current state is Staged. Target state is Staged. Client id: CbsTask."
"03-08-2026 09:40:39","1","Information","Microsoft-Windows-Servicing","Initiating changes for package KB777778. Current state is Staged. Target state is Staged. Client id: CbsTask."
"03-08-2026 09:40:39","1","Information","Microsoft-Windows-Servicing","Initiating changes for package KB777778. Current state is Staged. Target state is Staged. Client id: CbsTask."
"03-08-2026 09:40:39","1","Information","Microsoft-Windows-Servicing","Initiating changes for package KB777778. Current state is Staged. Target state is Staged. Client id: CbsTask."
"03-08-2026 09:40:39","1","Information","Microsoft-Windows-Servicing","Initiating changes for package KB777778. Current state is Staged. Target state is Staged. Client id: CbsTask."
"03-08-2026 09:40:39","1","Information","Microsoft-Windows-Servicing","Initiating changes for package KB777778. Current state is Staged. Target state is Staged. Client id: CbsTask."
"03-08-2026 09:40:39","1","Information","Microsoft-Windows-Servicing","Initiating changes for package KB777778. Current state is Staged. Target state is Staged. Client id: CbsTask."
"03-08-2026 09:40:39","1","Information","Microsoft-Windows-Servicing","Initiating changes for package KB777778. Current state is Staged. Target state is Staged. Client id: CbsTask."
"03-08-2026 09:40:39","1","Information","Microsoft-Windows-Servicing","Initiating changes for package KB777778. Current state is Staged. Target state is Staged. Client id: CbsTask."
"03-08-2026 09:40:39","1","Information","Microsoft-Windows-Servicing","Initiating changes for package KB777778. Current state is Staged. Target state is Staged. Client id: CbsTask."
"03-08-2026 09:40:39","1","Information","Microsoft-Windows-Servicing","Initiating changes for package KB777778. Current state is Staged. Target state is Staged. Client id: CbsTask."
"03-08-2026 09:40:39","1","Information","Microsoft-Windows-Servicing","Initiating changes for package Microsoft-Windows-InternetExplorer-Optional-en-US. Current state is Staged. Target state is Staged. Client id: CbsTask."
"03-08-2026 09:40:39","1","Information","Microsoft-Windows-Servicing","Initiating changes for package KB777778. Current state is Staged. Target state is Staged. Client id: CbsTask."
"03-08-2026 09:40:39","1","Information","Microsoft-Windows-Servicing","Initiating changes for package KB777778. Current state is Staged. Target state is Staged. Client id: CbsTask."
"03-08-2026 09:40:39","1","Information","Microsoft-Windows-Servicing","Initiating changes for package KB777778. Current state is Staged. Target state is Staged. Client id: CbsTask."
"03-08-2026 09:40:39","1","Information","Microsoft-Windows-Servicing","Initiating changes for package KB777778. Current state is Staged. Target state is Staged. Client id: CbsTask."
"03-08-2026 09:40:39","1","Information","Microsoft-Windows-Servicing","Initiating changes for package KB777778. Current state is Staged. Target state is Staged. Client id: CbsTask."
"03-08-2026 09:40:39","1","Information","Microsoft-Windows-Servicing","Initiating changes for package KB777778. Current state is Staged. Target state is Staged. Client id: CbsTask."
"03-08-2026 09:40:39","1","Information","Microsoft-Windows-Servicing","Initiating changes for package KB777778. Current state is Staged. Target state is Staged. Client id: CbsTask."
"03-08-2026 09:40:39","1","Information","Microsoft-Windows-Servicing","Initiating changes for package KB777778. Current state is Staged. Target state is Staged. Client id: CbsTask."
"03-08-2026 09:40:39","1","Information","Microsoft-Windows-Servicing","Initiating changes for package KB777778. Current state is Staged. Target state is Staged. Client id: CbsTask."
"03-08-2026 09:40:39","1","Information","Microsoft-Windows-Servicing","Initiating changes for package Language Pack. Current state is Staged. Target state is Staged. Client id: CbsTask."
"03-08-2026 09:40:39","1","Information","Microsoft-Windows-Servicing","Initiating changes for package Language Pack. Current state is Staged. Target state is Staged. Client id: CbsTask."
"03-08-2026 09:40:39","1","Information","Microsoft-Windows-Servicing","Initiating changes for package KB777778. Current state is Staged. Target state is Staged. Client id: CbsTask."
"03-08-2026 09:40:39","1","Information","Microsoft-Windows-Servicing","Initiating changes for package KB777778. Current state is Staged. Target state is Staged. Client id: CbsTask."
"03-08-2026 09:40:39","1","Information","Microsoft-Windows-Servicing","Initiating changes for package Microsoft-Windows-ActiveDirectory-DS-LDS-Tools-FoD-en-US. Current state is Staged. Target state is Staged. Client id: CbsTask."
"03-08-2026 09:40:39","1","Information","Microsoft-Windows-Servicing","Initiating changes for package Microsoft-Windows-ActiveDirectory-DS-LDS-Tools-FoD-en-GB. Current state is Staged. Target state is Staged. Client id: CbsTask."
"03-08-2026 09:40:39","1","Information","Microsoft-Windows-Servicing","Initiating changes for package KB777778. Current state is Staged. Target state is Staged. Client id: CbsTask."
"03-08-2026 09:40:39","1","Information","Microsoft-Windows-Servicing","Initiating changes for package KB777778. Current state is Staged. Target state is Staged. Client id: CbsTask."
"03-08-2026 09:40:39","1","Information","Microsoft-Windows-Servicing","Initiating changes for package Windows Professional Edition. Current state is Staged. Target state is Staged. Client id: CbsTask."
"03-08-2026 09:40:39","1","Information","Microsoft-Windows-Servicing","Initiating changes for package KB5043080. Current state is Staged. Target state is Staged. Client id: CbsTask."
"03-08-2026 09:40:39","2","Information","Microsoft-Windows-Servicing","Package KB5094135 was successfully changed to the Absent state."
"03-08-2026 09:40:23","1","Information","Microsoft-Windows-Servicing","Initiating changes for package KB5094135. Current state is Installed. Target state is Absent. Client id: CbsTask."
"28-07-2026 09:42:18","2","Information","Microsoft-Windows-Servicing","Package KB5121768 was successfully changed to the Installed state."
"28-07-2026 09:42:13","1","Information","Microsoft-Windows-Servicing","Initiating changes for package KB5121768. Current state is Staged. Target state is Installed. Client id: UpdateAgentLCU."
"28-07-2026 09:42:11","2","Information","Microsoft-Windows-Servicing","Package KB5121768 was successfully changed to the Staged state."
"28-07-2026 09:42:04","1","Information","Microsoft-Windows-Servicing","Initiating changes for package KB5121768. Current state is Absent. Target state is Staged. Client id: UpdateAgentLCU."
"27-07-2026 09:37:17","2","Information","Microsoft-Windows-Servicing","Package Microsoft-Windows-FodMetadataServicing-Desktop-Metadata was successfully changed to the Installed state."
"27-07-2026 09:37:17","2","Information","Microsoft-Windows-Servicing","Package KB5101650 was successfully changed to the Installed state."
"27-07-2026 09:37:17","2","Information","Microsoft-Windows-Servicing","Package KB5101001 was successfully changed to the Installed state."
"27-07-2026 09:31:35","4","Information","Microsoft-Windows-Servicing","A reboot is necessary before package KB5101001 can be changed to the Installed state."
"22-07-2026 11:36:50","4","Information","Microsoft-Windows-Servicing","A reboot is necessary before package Microsoft-Windows-FodMetadataServicing-Desktop-Metadata can be changed to the Installed state."
"22-07-2026 11:36:50","4","Information","Microsoft-Windows-Servicing","A reboot is necessary before package KB5101650 can be changed to the Installed state."
"22-07-2026 11:26:17","1","Information","Microsoft-Windows-Servicing","Initiating changes for package Microsoft-Windows-FodMetadataServicing-Desktop-Metadata. Current state is Staged. Target state is Installed. Client id: UpdateAgentLCU."
"22-07-2026 11:26:17","1","Information","Microsoft-Windows-Servicing","Initiating changes for package KB5101650. Current state is Staged. Target state is Installed. Client id: UpdateAgentLCU."
"22-07-2026 11:25:34","2","Information","Microsoft-Windows-Servicing","Package KB5101650 was successfully changed to the Staged state."
"22-07-2026 11:19:51","1","Information","Microsoft-Windows-Servicing","Initiating changes for package KB5101650. Current state is Absent. Target state is Staged. Client id: UpdateAgentLCU."
"22-07-2026 11:19:29","2","Information","Microsoft-Windows-Servicing","Package KB5120102 was successfully changed to the Installed state."
"22-07-2026 11:19:22","1","Information","Microsoft-Windows-Servicing","Initiating changes for package KB5120102. Current state is Staged. Target state is Installed. Client id: UpdateAgentLCU."
"22-07-2026 11:08:14","1","Information","Microsoft-Windows-Servicing","Initiating changes for package KB5101001. Current state is Staged. Target state is Installed. Client id: UpdateAgentLCU."
"22-07-2026 11:08:09","2","Information","Microsoft-Windows-Servicing","Package KB5101001 was successfully changed to the Staged state."
"22-07-2026 11:07:44","1","Information","Microsoft-Windows-Servicing","Initiating changes for package KB5101001. Current state is Absent. Target state is Staged. Client id: UpdateAgentLCU."
"22-07-2026 10:55:46","2","Information","Microsoft-Windows-Servicing","Package KB5120102 was successfully changed to the Staged state."
"22-07-2026 10:55:38","1","Information","Microsoft-Windows-Servicing","Initiating changes for package KB5120102. Current state is Absent. Target state is Staged. Client id: UpdateAgentLCU."
"23-06-2026 09:33:11","2","Information","Microsoft-Windows-Servicing","Package KB777778 was successfully changed to the Staged state."
"23-06-2026 09:33:11","2","Information","Microsoft-Windows-Servicing","Package Microsoft-Windows-TerminalServices-AppServer-Client-FOD-en-US was successfully changed to the Staged state."
"23-06-2026 09:33:11","2","Information","Microsoft-Windows-Servicing","Package KB777778 was successfully changed to the Staged state."
"23-06-2026 09:33:11","2","Information","Microsoft-Windows-Servicing","Package Microsoft-Windows-TerminalServices-AppServer-Client-FOD-en-US was successfully changed to the Staged state."
"23-06-2026 09:33:11","2","Information","Microsoft-Windows-Servicing","Package KB777778 was successfully changed to the Staged state."
"23-06-2026 09:33:11","2","Information","Microsoft-Windows-Servicing","Package Microsoft-Windows-SenseClient-FoD-en-US was successfully changed to the Staged state."
"23-06-2026 09:33:11","2","Information","Microsoft-Windows-Servicing","Package KB777778 was successfully changed to the Staged state."
"23-06-2026 09:33:11","2","Information","Microsoft-Windows-Servicing","Package KB777778 was successfully changed to the Staged state."
"23-06-2026 09:33:11","2","Information","Microsoft-Windows-Servicing","Package KB777778 was successfully changed to the Staged state."
"23-06-2026 09:33:11","2","Information","Microsoft-Windows-Servicing","Package KB777778 was successfully changed to the Staged state."
"23-06-2026 09:33:11","2","Information","Microsoft-Windows-Servicing","Package Microsoft-Windows-WinOcr-FOD-en-US was successfully changed to the Staged state."
"23-06-2026 09:33:11","2","Information","Microsoft-Windows-Servicing","Package KB777778 was successfully changed to the Staged state."
"23-06-2026 09:33:11","2","Information","Microsoft-Windows-Servicing","Package KB777778 was successfully changed to the Staged state."
"23-06-2026 09:33:11","2","Information","Microsoft-Windows-Servicing","Package KB777778 was successfully changed to the Staged state."
"23-06-2026 09:33:11","2","Information","Microsoft-Windows-Servicing","Package KB777778 was successfully changed to the Staged state."
"23-06-2026 09:33:11","2","Information","Microsoft-Windows-Servicing","Package KB777778 was successfully changed to the Staged state."
"23-06-2026 09:33:11","2","Information","Microsoft-Windows-Servicing","Package KB777778 was successfully changed to the Staged state."
"23-06-2026 09:33:11","2","Information","Microsoft-Windows-Servicing","Package KB777778 was successfully changed to the Staged state."
"23-06-2026 09:33:11","2","Information","Microsoft-Windows-Servicing","Package KB777778 was successfully changed to the Staged state."
"23-06-2026 09:33:11","2","Information","Microsoft-Windows-Servicing","Package KB777778 was successfully changed to the Staged state."
"23-06-2026 09:33:11","2","Information","Microsoft-Windows-Servicing","Package KB777778 was successfully changed to the Staged state."
"23-06-2026 09:33:11","2","Information","Microsoft-Windows-Servicing","Package KB777778 was successfully changed to the Staged state."
"23-06-2026 09:33:11","2","Information","Microsoft-Windows-Servicing","Package KB777778 was successfully changed to the Staged state."
"23-06-2026 09:33:11","2","Information","Microsoft-Windows-Servicing","Package KB777778 was successfully changed to the Staged state."
"23-06-2026 09:33:11","2","Information","Microsoft-Windows-Servicing","Package KB777778 was successfully changed to the Staged state."
"23-06-2026 09:33:11","2","Information","Microsoft-Windows-Servicing","Package KB777778 was successfully changed to the Staged state."
"23-06-2026 09:33:11","2","Information","Microsoft-Windows-Servicing","Package KB777778 was successfully changed to the Staged state."
"23-06-2026 09:33:11","2","Information","Microsoft-Windows-Servicing","Package KB777778 was successfully changed to the Staged state."
"23-06-2026 09:33:11","2","Information","Microsoft-Windows-Servicing","Package KB777778 was successfully changed to the Staged state."
"23-06-2026 09:33:11","2","Information","Microsoft-Windows-Servicing","Package KB777778 was successfully changed to the Staged state."
"23-06-2026 09:33:11","2","Information","Microsoft-Windows-Servicing","Package KB777778 was successfully changed to the Staged state."
"23-06-2026 09:33:11","2","Information","Microsoft-Windows-Servicing","Package KB777778 was successfully changed to the Staged state."
"23-06-2026 09:33:11","2","Information","Microsoft-Windows-Servicing","Package KB777778 was successfully changed to the Staged state."
"23-06-2026 09:33:11","2","Information","Microsoft-Windows-Servicing","Package KB777778 was successfully changed to the Staged state."
"23-06-2026 09:33:11","2","Information","Microsoft-Windows-Servicing","Package KB777778 was successfully changed to the Staged state."
"23-06-2026 09:33:11","2","Information","Microsoft-Windows-Servicing","Package KB777778 was successfully changed to the Staged state."
"23-06-2026 09:33:11","2","Information","Microsoft-Windows-Servicing","Package KB777778 was successfully changed to the Staged state."
"23-06-2026 09:33:11","2","Information","Microsoft-Windows-Servicing","Package KB777778 was successfully changed to the Staged state."
"23-06-2026 09:33:11","2","Information","Microsoft-Windows-Servicing","Package KB777778 was successfully changed to the Staged state."
"23-06-2026 09:33:11","2","Information","Microsoft-Windows-Servicing","Package KB777778 was successfully changed to the Staged state."
"23-06-2026 09:33:11","2","Information","Microsoft-Windows-Servicing","Package Microsoft-Windows-VBSCRIPT-FoD-en-US was successfully changed to the Staged state."
"23-06-2026 09:33:11","2","Information","Microsoft-Windows-Servicing","Package KB777778 was successfully changed to the Staged state."
"23-06-2026 09:33:11","2","Information","Microsoft-Windows-Servicing","Package Microsoft-Windows-TFTP-Client-FOD-en-US was successfully changed to the Staged state."
"23-06-2026 09:33:11","2","Information","Microsoft-Windows-Servicing","Package KB777778 was successfully changed to the Staged state."
"23-06-2026 09:33:11","2","Information","Microsoft-Windows-Servicing","Package Microsoft-Windows-Telnet-Client-FOD-en-US was successfully changed to the Staged state."
"23-06-2026 09:33:11","2","Information","Microsoft-Windows-Servicing","Package KB777778 was successfully changed to the Staged state."
"23-06-2026 09:33:11","2","Information","Microsoft-Windows-Servicing","Package KB777778 was successfully changed to the Staged state."
"23-06-2026 09:33:11","2","Information","Microsoft-Windows-Servicing","Package KB777778 was successfully changed to the Staged state."
"23-06-2026 09:33:11","2","Information","Microsoft-Windows-Servicing","Package Microsoft-Windows-StepsRecorder-en-US was successfully changed to the Staged state."
"23-06-2026 09:33:11","2","Information","Microsoft-Windows-Servicing","Package Microsoft-Windows-StepsRecorder-en-GB was successfully changed to the Staged state."
"23-06-2026 09:33:11","2","Information","Microsoft-Windows-Servicing","Package KB777778 was successfully changed to the Staged state."
"23-06-2026 09:33:11","2","Information","Microsoft-Windows-Servicing","Package KB777778 was successfully changed to the Staged state."
"23-06-2026 09:33:11","2","Information","Microsoft-Windows-Servicing","Package KB777778 was successfully changed to the Staged state."
"23-06-2026 09:33:11","2","Information","Microsoft-Windows-Servicing","Package KB777778 was successfully changed to the Staged state."
"23-06-2026 09:33:11","2","Information","Microsoft-Windows-Servicing","Package Microsoft-Windows-ServerManager-Tools-FoD-en-US was successfully changed to the Staged state."
"23-06-2026 09:33:11","2","Information","Microsoft-Windows-Servicing","Package Microsoft-Windows-ServerManager-Tools-FoD-en-GB was successfully changed to the Staged state."
"23-06-2026 09:33:11","2","Information","Microsoft-Windows-Servicing","Package KB777778 was successfully changed to the Staged state."
"23-06-2026 09:33:11","2","Information","Microsoft-Windows-Servicing","Package Microsoft-Windows-ProjFS-OptionalFeature-FOD-en-US was successfully changed to the Staged state."
"23-06-2026 09:33:11","2","Information","Microsoft-Windows-Servicing","Package KB777778 was successfully changed to the Staged state."
"23-06-2026 09:33:11","2","Information","Microsoft-Windows-Servicing","Package Microsoft-Windows-Printing-PMCPPC-FoD-en-US was successfully changed to the Staged state."
"23-06-2026 09:33:11","2","Information","Microsoft-Windows-Servicing","Package Microsoft-Windows-Printing-PMCPPC-FoD-en-GB was successfully changed to the Staged state."
"23-06-2026 09:33:11","2","Information","Microsoft-Windows-Servicing","Package KB777778 was successfully changed to the Staged state."
"23-06-2026 09:33:11","2","Information","Microsoft-Windows-Servicing","Package KB777778 was successfully changed to the Staged state."
"23-06-2026 09:33:11","2","Information","Microsoft-Windows-Servicing","Package Microsoft-Windows-PowerShell-ISE-FOD-en-US was successfully changed to the Staged state."
